content_hash,source_dataset,component,normalized_label,relative_image_path,role,split_seed
00047e1946fdc5314c0f076ce0db75c7cbb8bfcc8496ee2cb89a3deffa2c3eac,saberzl/SID_Set,sid_set_candidate_1500,real,images/real/00047e1946fdc5314c0f076ce0db75c7cbb8bfcc8496ee2cb89a3deffa2c3eac.jpg,unassigned,42
00294dcb68a832c07c7fede8179e6f9caa0e209ef1622436be2502c9dfdfaa2a,ComplexDataLab/OpenFake,openfake_pilot_600,fake,images/fake/00294dcb68a832c07c7fede8179e6f9caa0e209ef1622436be2502c9dfdfaa2a.png,gold_development,42
003570fe1e8b8a4003c7515dc194c19e098aeb40f510062b3f8e327f80de49d9,saberzl/SID_Set,sid_set_candidate_1500,real,images/real/003570fe1e8b8a4003c7515dc194c19e098aeb40f510062b3f8e327f80de49d9.jpg,unassigned,42
0044cb3e58cacc4afc961798a33f77b3e83bc5b43787ea5a66f97b7095241392,saberzl/SID_Set,sid_set_candidate_1500,fake,images/fake/0044cb3e58cacc4afc961798a33f77b3e83bc5b43787ea5a66f97b7095241392.png,gold_test,42
006889a0c3aaec918b4588904790820ec39e1b97c6e08c6b6a803ecae1d8b6e6,ComplexDataLab/OpenFake,openfake_pilot_600,fake,images/fake/006889a0c3aaec918b4588904790820ec39e1b97c6e08c6b6a803ecae1d8b6e6.png,unassigned,42
006ecef50f937cf692c61c13c25549171f5a6ac3a816f78501353d653cca06da,ComplexDataLab/OpenFake,openfake_additional_900,real,images/real/006ecef50f937cf692c61c13c25549171f5a6ac3a816f78501353d653cca06da.jpg,unassigned,42
006ee61f66b7d52d7c5e51f48e5824f2a032cf318f31e3a470dee6743999f343,saberzl/SID_Set,sid_set_candidate_1500,fake,images/fake/006ee61f66b7d52d7c5e51f48e5824f2a032cf318f31e3a470dee6743999f343.png,unassigned,42
008594762f20ec8efb62efe09d5cf0dee237e5c2b2e32f60c50c06d911d58f3e,ComplexDataLab/OpenFake,openfake_pilot_600,real,images/real/008594762f20ec8efb62efe09d5cf0dee237e5c2b2e32f60c50c06d911d58f3e.jpg,gold_development,42
008829b6c2c12cba65ef788d6276ccef739f2c79c3834da0013a42fb56e91fcf,ComplexDataLab/OpenFake,openfake_additional_900,fake,images/fake/008829b6c2c12cba65ef788d6276ccef739f2c79c3834da0013a42fb56e91fcf.png,unassigned,42
008e9242bfda315bcb702c4d4a41800ca85196d3ca59807b8df12e740487aa25,saberzl/SID_Set,sid_set_candidate_1500,real,images/real/008e9242bfda315bcb702c4d4a41800ca85196d3ca59807b8df12e740487aa25.jpg,unassigned,42
00b54f4ce2d09f74c2267beb67e77c62fe187aab74972e3ebe2d504fa6c39763,ComplexDataLab/OpenFake,openfake_additional_900,fake,images/fake/00b54f4ce2d09f74c2267beb67e77c62fe187aab74972e3ebe2d504fa6c39763.png,unassigned,42
00c0435d508a73bbeda582d06bf261b98b6913a56226e7cf29da67737ddd5e20,ComplexDataLab/OpenFake,openfake_additional_900,fake,images/fake/00c0435d508a73bbeda582d06bf261b98b6913a56226e7cf29da67737ddd5e20.webp,unassigned,42
00cbc8d789e764ecea4da45bebbcfa52b372608d710ae1de382996d40f9a8dc7,ComplexDataLab/OpenFake,openfake_additional_900,fake,images/fake/00cbc8d789e764ecea4da45bebbcfa52b372608d710ae1de382996d40f9a8dc7.png,unassigned,42
00d27e1144cf447161a29ef6ea692337fd0a78ee4d1204bf4adc322b044e854b,saberzl/SID_Set,sid_set_candidate_1500,fake,images/fake/00d27e1144cf447161a29ef6ea692337fd0a78ee4d1204bf4adc322b044e854b.png,unassigned,42
00d551ef32ea946c29602bb6de3293a4653624b19fa1e84f67408f10d8430132,ComplexDataLab/OpenFake,openfake_pilot_600,fake,images/fake/00d551ef32ea946c29602bb6de3293a4653624b19fa1e84f67408f10d8430132.png,gold_development,42
00dbdda9142f5479d8506dd10cfc3ea4956f31937f39aa824c657ee300b65c55,saberzl/SID_Set,sid_set_candidate_1500,real,images/real/00dbdda9142f5479d8506dd10cfc3ea4956f31937f39aa824c657ee300b65c55.jpg,gold_test,42
00dce87d8dc797286f65edb6be61a2c53108e35134b76defb3c2ade3b95c1954,saberzl/SID_Set,sid_set_candidate_1500,fake,images/fake/00dce87d8dc797286f65edb6be61a2c53108e35134b76defb3c2ade3b95c1954.png,unassigned,42
00e8c18aaa33268122441ad7eb1a2980d9f94dd065c5be4fe79ed4fb6646ad00,ComplexDataLab/OpenFake,openfake_additional_900,real,images/real/00e8c18aaa33268122441ad7eb1a2980d9f94dd065c5be4fe79ed4fb6646ad00.jpg,unassigned,42
00ed0e1aa34982512b2dca7faa66cf61508259ccdeb8dbdcf1aa3df6dd9ee1e7,saberzl/SID_Set,sid_set_candidate_1500,real,images/real/00ed0e1aa34982512b2dca7faa66cf61508259ccdeb8dbdcf1aa3df6dd9ee1e7.jpg,unassigned,42
011a68a2b099883d03cdb2c19dc38a007c65bffe3aeba1fd0d026e4f8d85d933,ComplexDataLab/OpenFake,openfake_additional_900,fake,images/fake/011a68a2b099883d03cdb2c19dc38a007c65bffe3aeba1fd0d026e4f8d85d933.png,unassigned,42
0126a08492ae133193d23d77abf6c6fc5e8ec10e44c8cfebce7e6ac0e4e243d8,saberzl/SID_Set,sid_set_candidate_1500,real,images/real/0126a08492ae133193d23d77abf6c6fc5e8ec10e44c8cfebce7e6ac0e4e243d8.jpg,unassigned,42
0127d0b8bcd59b2f90c60f188d68d0299c9d4832df77c4853c0229464648e369,ComplexDataLab/OpenFake,openfake_additional_900,fake,images/fake/0127d0b8bcd59b2f90c60f188d68d0299c9d4832df77c4853c0229464648e369.png,unassigned,42
013e1faf5cc3ef7e66f895bdbda552b9867075cdd46b50d711eefbd7903513a7,saberzl/SID_Set,sid_set_candidate_1500,real,images/real/013e1faf5cc3ef7e66f895bdbda552b9867075cdd46b50d711eefbd7903513a7.jpg,unassigned,42
01455bc620d7137df3afdbd586bfa68fee8cc931b2511a7fda21a6a98ab4158b,ComplexDataLab/OpenFake,openfake_additional_900,fake,images/fake/01455bc620d7137df3afdbd586bfa68fee8cc931b2511a7fda21a6a98ab4158b.png,unassigned,42
014d02224457fd79efab38f7f55b35f63b2b64d679a455cec9e5c7ccf62cdda5,ComplexDataLab/OpenFake,openfake_additional_900,fake,images/fake/014d02224457fd79efab38f7f55b35f63b2b64d679a455cec9e5c7ccf62cdda5.png,unassigned,42
018f0dc1e0ebdb5eb8adf57f8b90001a5b03131e7585ee8378d32efbbe5a06be,ComplexDataLab/OpenFake,openfake_additional_900,real,images/real/018f0dc1e0ebdb5eb8adf57f8b90001a5b03131e7585ee8378d32efbbe5a06be.jpg,unassigned,42
01901d6963a13165939e31ef73248313565145033418a9613082e0063cceea4d,ComplexDataLab/OpenFake,openfake_additional_900,real,images/real/01901d6963a13165939e31ef73248313565145033418a9613082e0063cceea4d.jpg,unassigned,42
0197454677d4f66eb0b0159da171d0c8da9e7d63511805503199d5eb0e30b461,saberzl/SID_Set,sid_set_candidate_1500,fake,images/fake/0197454677d4f66eb0b0159da171d0c8da9e7d63511805503199d5eb0e30b461.png,unassigned,42
01b18ee7f96da180a85c3205e39912b4360d5c11982bbcdf053e167e309238ed,ComplexDataLab/OpenFake,openfake_additional_900,real,images/real/01b18ee7f96da180a85c3205e39912b4360d5c11982bbcdf053e167e309238ed.jpg,unassigned,42
01b2f2d2e32a785f8e6fc48dbc9862b785f6a6947a58677d3d504368cd9b6214,ComplexDataLab/OpenFake,openfake_pilot_600,real,images/real/01b2f2d2e32a785f8e6fc48dbc9862b785f6a6947a58677d3d504368cd9b6214.jpg,unassigned,42
01c2dc25de4fd1137d5eba4c85cd924388783d41a356f5ba7652aaafb537132c,saberzl/SID_Set,sid_set_candidate_1500,real,images/real/01c2dc25de4fd1137d5eba4c85cd924388783d41a356f5ba7652aaafb537132c.jpg,unassigned,42
01cbc35952e0819a0ce45a7747eb183974f7cb99a314ebc0e37dcae10d503791,ComplexDataLab/OpenFake,openfake_additional_900,fake,images/fake/01cbc35952e0819a0ce45a7747eb183974f7cb99a314ebc0e37dcae10d503791.png,unassigned,42
024ddf004bacbdf8b2e80b053fb78c91d82a329d75d1b3aa4557edc8f832b4a5,saberzl/SID_Set,sid_set_candidate_1500,fake,images/fake/024ddf004bacbdf8b2e80b053fb78c91d82a329d75d1b3aa4557edc8f832b4a5.png,unassigned,42
02704b70f3943efbc63a29c11e2fb5caf68808d596e36035aea48e139919a2cc,ComplexDataLab/OpenFake,openfake_pilot_600,real,images/real/02704b70f3943efbc63a29c11e2fb5caf68808d596e36035aea48e139919a2cc.jpg,gold_test,42
02748a7ea7f4b4c86e6af44b003fe6e3f019a88377fa69a53a9b8be93f443daf,saberzl/SID_Set,sid_set_candidate_1500,real,images/real/02748a7ea7f4b4c86e6af44b003fe6e3f019a88377fa69a53a9b8be93f443daf.jpg,unassigned,42
028383a2bc29d233f5f1264b66ec16e43fd861654d9ee5978ea8e462b4b43f79,ComplexDataLab/OpenFake,openfake_pilot_600,fake,images/fake/028383a2bc29d233f5f1264b66ec16e43fd861654d9ee5978ea8e462b4b43f79.png,unassigned,42
02aba247c6abe5b9a067c041a4e0a65cf166b375e2c4cbc44677b288ffbf8446,ComplexDataLab/OpenFake,openfake_additional_900,fake,images/fake/02aba247c6abe5b9a067c041a4e0a65cf166b375e2c4cbc44677b288ffbf8446.png,unassigned,42
02b4ff836d7f3edf0e68eaaa2a045baec77cbb402246f9baff14194db49fdde7,ComplexDataLab/OpenFake,openfake_additional_900,real,images/real/02b4ff836d7f3edf0e68eaaa2a045baec77cbb402246f9baff14194db49fdde7.jpg,unassigned,42
02fc55f36e68646fcb41c0234e3cad56c7b3768529c45ea9242d05597f789ae6,saberzl/SID_Set,sid_set_candidate_1500,real,images/real/02fc55f36e68646fcb41c0234e3cad56c7b3768529c45ea9242d05597f789ae6.jpg,unassigned,42
0311be484909f522adfc3fdac322ee07e23840fdc82e5717e068999b1e4105ee,saberzl/SID_Set,sid_set_candidate_1500,real,images/real/0311be484909f522adfc3fdac322ee07e23840fdc82e5717e068999b1e4105ee.jpg,unassigned,42
03183ad87f31c3c99a1bec9f37c98e76d7f6dac9d4851eda5d0a4b4605425d75,ComplexDataLab/OpenFake,openfake_additional_900,real,images/real/03183ad87f31c3c99a1bec9f37c98e76d7f6dac9d4851eda5d0a4b4605425d75.jpg,unassigned,42
034210a00259d977911df2af667420db2d3c1bfffac5db8089823d9508b1ef36,ComplexDataLab/OpenFake,openfake_pilot_600,fake,images/fake/034210a00259d977911df2af667420db2d3c1bfffac5db8089823d9508b1ef36.png,unassigned,42
034a3d4070847840505a010c78888746d367be6658457fc770780c5d5f9e0681,ComplexDataLab/OpenFake,openfake_additional_900,real,images/real/034a3d4070847840505a010c78888746d367be6658457fc770780c5d5f9e0681.jpg,unassigned,42
035ecfeb940c4d35c80b3cc0ccb914d0ac42a26bcc7c582e59257a3f8b5c9a95,ComplexDataLab/OpenFake,openfake_additional_900,fake,images/fake/035ecfeb940c4d35c80b3cc0ccb914d0ac42a26bcc7c582e59257a3f8b5c9a95.png,unassigned,42
035f9833425f119a6bddb448298b8395c00724ced8cf09a3aad4de4e7454889b,saberzl/SID_Set,sid_set_candidate_1500,fake,images/fake/035f9833425f119a6bddb448298b8395c00724ced8cf09a3aad4de4e7454889b.png,unassigned,42
0361ed7b660649ee51ab09b026ea1c998052a686aaded4df7c422cee79b04553,saberzl/SID_Set,sid_set_candidate_1500,fake,images/fake/0361ed7b660649ee51ab09b026ea1c998052a686aaded4df7c422cee79b04553.png,unassigned,42
03688c9b1bb495e0696e35b7d00c15a7999b4af4f590f31724741fd56d18523c,saberzl/SID_Set,sid_set_candidate_1500,real,images/real/03688c9b1bb495e0696e35b7d00c15a7999b4af4f590f31724741fd56d18523c.jpg,gold_test,42
036a64d63acc24a1133f7471e935115ddea0ee63cfd1fadc38c90b2e3fd66066,saberzl/SID_Set,sid_set_candidate_1500,fake,images/fake/036a64d63acc24a1133f7471e935115ddea0ee63cfd1fadc38c90b2e3fd66066.png,unassigned,42
039d62e7d5a6902bc0ec8e8921cd76d941e08a52b3aff0862ed5267f85dc0078,ComplexDataLab/OpenFake,openfake_pilot_600,real,images/real/039d62e7d5a6902bc0ec8e8921cd76d941e08a52b3aff0862ed5267f85dc0078.jpg,unassigned,42
03bd8c2585b6244c18dae7d992578ac52bcf5c7c31d9cfde18a1d1002670ed96,ComplexDataLab/OpenFake,openfake_pilot_600,real,images/real/03bd8c2585b6244c18dae7d992578ac52bcf5c7c31d9cfde18a1d1002670ed96.jpg,gold_development,42
03de9c707a42412e78c18e974e7a5ee2fc8d7b6e6bc9abbdcb9c9b23f60ecd0a,ComplexDataLab/OpenFake,openfake_pilot_600,real,images/real/03de9c707a42412e78c18e974e7a5ee2fc8d7b6e6bc9abbdcb9c9b23f60ecd0a.jpg,gold_development,42
03f2e19c06f403e8089f8e58647535b20445590e46225ea4113e463d86a378cb,ComplexDataLab/OpenFake,openfake_additional_900,real,images/real/03f2e19c06f403e8089f8e58647535b20445590e46225ea4113e463d86a378cb.png,unassigned,42
04123341d61ed5d2f72ae9d09735f9656e36f2f7cea293c80e6301b0f63a6c73,ComplexDataLab/OpenFake,openfake_additional_900,real,images/real/04123341d61ed5d2f72ae9d09735f9656e36f2f7cea293c80e6301b0f63a6c73.jpg,unassigned,42
04362431d32533d243b45dd970bc15714782f46ae568a68d7f3b277f3f82295c,ComplexDataLab/OpenFake,openfake_additional_900,real,images/real/04362431d32533d243b45dd970bc15714782f46ae568a68d7f3b277f3f82295c.jpg,unassigned,42
04549a213aeabe11d22655e26efc478344b26eda1d1b56395c034f2177e8c90d,ComplexDataLab/OpenFake,openfake_additional_900,real,images/real/04549a213aeabe11d22655e26efc478344b26eda1d1b56395c034f2177e8c90d.jpg,unassigned,42
045fc1c8fe52d12262dde8c3933400944984610a76683bd538f5839a14309555,ComplexDataLab/OpenFake,openfake_pilot_600,fake,images/fake/045fc1c8fe52d12262dde8c3933400944984610a76683bd538f5839a14309555.png,unassigned,42
049f552fbf0304181dac378d61d169813d6620951555583c9985f97196b452dc,saberzl/SID_Set,sid_set_candidate_1500,real,images/real/049f552fbf0304181dac378d61d169813d6620951555583c9985f97196b452dc.jpg,unassigned,42
04c75b94436b1ca0d3bf31ed1205e6e5e4667c1843ddf6eea37d7c950e82522b,ComplexDataLab/OpenFake,openfake_additional_900,fake,images/fake/04c75b94436b1ca0d3bf31ed1205e6e5e4667c1843ddf6eea37d7c950e82522b.png,unassigned,42
04ca52d8dc4cdf229af48394be5a3fee6ac0c6fe8a3e290df815e91be8de2814,saberzl/SID_Set,sid_set_candidate_1500,fake,images/fake/04ca52d8dc4cdf229af48394be5a3fee6ac0c6fe8a3e290df815e91be8de2814.png,unassigned,42
04debdcbbe8057f832fa8ecbbad024136957f8e33d7e6c59ffe3de804ea0248d,saberzl/SID_Set,sid_set_candidate_1500,real,images/real/04debdcbbe8057f832fa8ecbbad024136957f8e33d7e6c59ffe3de804ea0248d.jpg,unassigned,42
0547f3652efbefa56db7f9c8369f298a99d35178873d98b91d56f43f377c01f3,saberzl/SID_Set,sid_set_candidate_1500,fake,images/fake/0547f3652efbefa56db7f9c8369f298a99d35178873d98b91d56f43f377c01f3.png,unassigned,42
056e94ca3802b167d68c51ef79a45b9d8156d3d3749d75c11a2478714015bab9,saberzl/SID_Set,sid_set_candidate_1500,real,images/real/056e94ca3802b167d68c51ef79a45b9d8156d3d3749d75c11a2478714015bab9.jpg,unassigned,42
05780961af3b73b946fdec53aa3c06bf8b4f3b6bbfc5307c8d25699a5795540a,ComplexDataLab/OpenFake,openfake_additional_900,real,images/real/05780961af3b73b946fdec53aa3c06bf8b4f3b6bbfc5307c8d25699a5795540a.jpg,unassigned,42
057bc1cf0313880845d41a94b4aaea46eab804d506dc0949243ca7b202f4beb4,saberzl/SID_Set,sid_set_candidate_1500,real,images/real/057bc1cf0313880845d41a94b4aaea46eab804d506dc0949243ca7b202f4beb4.jpg,unassigned,42
057c13994e7f19c269f01122c2bb14b6f9f14a2c73ec3fbc4441602211a6567f,saberzl/SID_Set,sid_set_candidate_1500,fake,images/fake/057c13994e7f19c269f01122c2bb14b6f9f14a2c73ec3fbc4441602211a6567f.png,unassigned,42
05821ee51ef95d0a7de9d81a147b95ad2f0bb57f7608320a6e34e3565e13157e,ComplexDataLab/OpenFake,openfake_pilot_600,fake,images/fake/05821ee51ef95d0a7de9d81a147b95ad2f0bb57f7608320a6e34e3565e13157e.png,unassigned,42
059f1908e3048aa449d2bdc10469257ba9693e83f595c53229504a0b789bcfa2,saberzl/SID_Set,sid_set_candidate_1500,real,images/real/059f1908e3048aa449d2bdc10469257ba9693e83f595c53229504a0b789bcfa2.jpg,unassigned,42
059f20ee54e5b9d805951a67add94bdf8b53e3ed53fbe378bed7d4bc6fe63e7e,saberzl/SID_Set,sid_set_candidate_1500,real,images/real/059f20ee54e5b9d805951a67add94bdf8b53e3ed53fbe378bed7d4bc6fe63e7e.jpg,unassigned,42
05ac0359d577325e72e93d1f7de77d76d58aec86402d792f8274648287ef037a,ComplexDataLab/OpenFake,openfake_additional_900,fake,images/fake/05ac0359d577325e72e93d1f7de77d76d58aec86402d792f8274648287ef037a.png,unassigned,42
05c22cb53a298bde3b21ec354fe68620810f437ec2d2a670b26109d085824f2c,ComplexDataLab/OpenFake,openfake_additional_900,fake,images/fake/05c22cb53a298bde3b21ec354fe68620810f437ec2d2a670b26109d085824f2c.jpg,unassigned,42
05f2adc828fc440129f78235e85f2af99aa3c003f2f9fc43e5d8ab47c97d8f8e,saberzl/SID_Set,sid_set_candidate_1500,real,images/real/05f2adc828fc440129f78235e85f2af99aa3c003f2f9fc43e5d8ab47c97d8f8e.jpg,unassigned,42
05f91619bc57703b921503b38c585515445fc6c9c41e9cad81774510dc6e146c,saberzl/SID_Set,sid_set_candidate_1500,fake,images/fake/05f91619bc57703b921503b38c585515445fc6c9c41e9cad81774510dc6e146c.png,unassigned,42
06166c8f82123b51c26e8ff512f6479e255aabfcb6d4dc5ae13e239ed2ee1797,ComplexDataLab/OpenFake,openfake_additional_900,fake,images/fake/06166c8f82123b51c26e8ff512f6479e255aabfcb6d4dc5ae13e239ed2ee1797.png,unassigned,42
06176f2683aa0d9c35613ee9972b0eab974a0524b1b0c994f3235c91dc41a491,saberzl/SID_Set,sid_set_candidate_1500,real,images/real/06176f2683aa0d9c35613ee9972b0eab974a0524b1b0c994f3235c91dc41a491.jpg,unassigned,42
061a8efa3d02f3d7905ddafa05f6c5d2a793da27013c6940471335e286b5f7f8,ComplexDataLab/OpenFake,openfake_additional_900,real,images/real/061a8efa3d02f3d7905ddafa05f6c5d2a793da27013c6940471335e286b5f7f8.jpg,unassigned,42
068a372b0f7788ee141bc6b9c829f77f4b84b1d5b6e4f29bc628e209d00b5a4c,ComplexDataLab/OpenFake,openfake_additional_900,fake,images/fake/068a372b0f7788ee141bc6b9c829f77f4b84b1d5b6e4f29bc628e209d00b5a4c.png,unassigned,42
06aa2da0efe158b8d57cf232a3f3935b2b52f77c91b9c42dbebc0769e7907cb2,saberzl/SID_Set,sid_set_candidate_1500,real,images/real/06aa2da0efe158b8d57cf232a3f3935b2b52f77c91b9c42dbebc0769e7907cb2.jpg,unassigned,42
06c4c335da658b9af994506ce9fd7a709257689add1885ebacf0598e2505fdbe,saberzl/SID_Set,sid_set_candidate_1500,real,images/real/06c4c335da658b9af994506ce9fd7a709257689add1885ebacf0598e2505fdbe.jpg,unassigned,42
06d9af988efd8d6d3ff49e4b253efa2f87950c83d1b77aa1c383311700baaa81,ComplexDataLab/OpenFake,openfake_additional_900,real,images/real/06d9af988efd8d6d3ff49e4b253efa2f87950c83d1b77aa1c383311700baaa81.jpg,unassigned,42
06e0c0d0a0607c6f63e7b6c769905f01b4822f070478dffc96f1b50af5273953,saberzl/SID_Set,sid_set_candidate_1500,real,images/real/06e0c0d0a0607c6f63e7b6c769905f01b4822f070478dffc96f1b50af5273953.jpg,unassigned,42
06eadc1118dbb9cddf991d8bfcbcd73cc8e7bd39947fcaf2247f20a7007b3089,saberzl/SID_Set,sid_set_candidate_1500,real,images/real/06eadc1118dbb9cddf991d8bfcbcd73cc8e7bd39947fcaf2247f20a7007b3089.jpg,unassigned,42
06f59e64b74183b17391f8a003bb15c36754ea65a80fcd031a9ab321a80f62d5,saberzl/SID_Set,sid_set_candidate_1500,fake,images/fake/06f59e64b74183b17391f8a003bb15c36754ea65a80fcd031a9ab321a80f62d5.png,unassigned,42
06f827bf1da25a8736f1c07da9723ebcd1f1d6023efb7f4cbe14950c78fe58b2,saberzl/SID_Set,sid_set_candidate_1500,fake,images/fake/06f827bf1da25a8736f1c07da9723ebcd1f1d6023efb7f4cbe14950c78fe58b2.png,unassigned,42
071197fcfb6f8615b2e6ff492501ffb71dbd113825c51d24ab95144c5f59a779,saberzl/SID_Set,sid_set_candidate_1500,fake,images/fake/071197fcfb6f8615b2e6ff492501ffb71dbd113825c51d24ab95144c5f59a779.png,unassigned,42
0733874ff23a178f8df2b3fc91ce2b851726008d29456debb199e183a1be25e2,saberzl/SID_Set,sid_set_candidate_1500,fake,images/fake/0733874ff23a178f8df2b3fc91ce2b851726008d29456debb199e183a1be25e2.png,unassigned,42
07384e302abb3ab518e316c601457622bb1a67460d1fdaca3c5362d347979dd8,ComplexDataLab/OpenFake,openfake_additional_900,fake,images/fake/07384e302abb3ab518e316c601457622bb1a67460d1fdaca3c5362d347979dd8.png,unassigned,42
073f71bf5482489e2176597cebfac8f16a6d4aed40be299ab4dd4af44d7f3d49,ComplexDataLab/OpenFake,openfake_additional_900,fake,images/fake/073f71bf5482489e2176597cebfac8f16a6d4aed40be299ab4dd4af44d7f3d49.jpg,unassigned,42
073f80938d867d05ff759088df4f97ec3821b4e1bc24e9f3703ff8838568f789,ComplexDataLab/OpenFake,openfake_pilot_600,fake,images/fake/073f80938d867d05ff759088df4f97ec3821b4e1bc24e9f3703ff8838568f789.png,gold_development,42
0748fc18a4e203a812acb3f10f27cb6ba055a6682879a0ef0272abe059a7f679,saberzl/SID_Set,sid_set_candidate_1500,real,images/real/0748fc18a4e203a812acb3f10f27cb6ba055a6682879a0ef0272abe059a7f679.jpg,unassigned,42
075f59a5226c597a9d67cbd2482a6ab8f87b39fd4b50cf6b850dd9e12e078492,ComplexDataLab/OpenFake,openfake_pilot_600,fake,images/fake/075f59a5226c597a9d67cbd2482a6ab8f87b39fd4b50cf6b850dd9e12e078492.png,unassigned,42
079197288a30e54f5f3e4c826e5d9d9b66dd27ce31bedc9021c2878182d3764a,saberzl/SID_Set,sid_set_candidate_1500,fake,images/fake/079197288a30e54f5f3e4c826e5d9d9b66dd27ce31bedc9021c2878182d3764a.png,unassigned,42
07add180346a24f4614278d296955acc22d15cc19d955de48e6f66da2aa69807,ComplexDataLab/OpenFake,openfake_additional_900,real,images/real/07add180346a24f4614278d296955acc22d15cc19d955de48e6f66da2aa69807.jpg,unassigned,42
07d4b1e531c83a33816dda5fb4c631c5f27d80bde8970fd35fba8d72ae7074d8,ComplexDataLab/OpenFake,openfake_pilot_600,real,images/real/07d4b1e531c83a33816dda5fb4c631c5f27d80bde8970fd35fba8d72ae7074d8.jpg,gold_development,42
07ec524c7fed0ab92f5428ac038f1aeeb0ce29c36aea40288cd3a22bea49b1f1,ComplexDataLab/OpenFake,openfake_pilot_600,real,images/real/07ec524c7fed0ab92f5428ac038f1aeeb0ce29c36aea40288cd3a22bea49b1f1.jpg,unassigned,42
07efa4c46f65faf58d2697e6664af72241dafa8dcae0149ce2060e36a853a8bc,saberzl/SID_Set,sid_set_candidate_1500,fake,images/fake/07efa4c46f65faf58d2697e6664af72241dafa8dcae0149ce2060e36a853a8bc.png,unassigned,42
07f53fa0054823b9d25479fbd8feecc1c8af9ce0daf9f635239686eab0654cbf,saberzl/SID_Set,sid_set_candidate_1500,real,images/real/07f53fa0054823b9d25479fbd8feecc1c8af9ce0daf9f635239686eab0654cbf.jpg,unassigned,42
07f79d4f9cb185b5f2589aeb02f3868288e8a4202cad3dd378236a59d1dfa571,ComplexDataLab/OpenFake,openfake_additional_900,fake,images/fake/07f79d4f9cb185b5f2589aeb02f3868288e8a4202cad3dd378236a59d1dfa571.png,unassigned,42
082c20baf5166a9e86e9a17dd582148bd232ace5186d4a226cd45092b5195df4,ComplexDataLab/OpenFake,openfake_additional_900,real,images/real/082c20baf5166a9e86e9a17dd582148bd232ace5186d4a226cd45092b5195df4.jpg,unassigned,42
083fea3cfd189f8bb1973fe5866f6fd8c43becec181d20b8c045ea9468482bfd,ComplexDataLab/OpenFake,openfake_additional_900,fake,images/fake/083fea3cfd189f8bb1973fe5866f6fd8c43becec181d20b8c045ea9468482bfd.jpg,unassigned,42
08438c5fa8410f6bd4bee37721db733715605990536b017200a387a263e79608,ComplexDataLab/OpenFake,openfake_additional_900,real,images/real/08438c5fa8410f6bd4bee37721db733715605990536b017200a387a263e79608.jpg,unassigned,42
084a08a6996a0abefc7917c4489bae34db649a00a64fc9224778d0e7d58bd323,saberzl/SID_Set,sid_set_candidate_1500,fake,images/fake/084a08a6996a0abefc7917c4489bae34db649a00a64fc9224778d0e7d58bd323.png,gold_test,42
084f83d82c3f81e3b139a52ac082ef0ea939a667f5eeca08a1121adfe9db0122,saberzl/SID_Set,sid_set_candidate_1500,real,images/real/084f83d82c3f81e3b139a52ac082ef0ea939a667f5eeca08a1121adfe9db0122.jpg,unassigned,42
08766ef5b802dfa20790de8b86ad7b40866be06649644d14c7428b6598ab53b0,saberzl/SID_Set,sid_set_candidate_1500,fake,images/fake/08766ef5b802dfa20790de8b86ad7b40866be06649644d14c7428b6598ab53b0.png,unassigned,42
088a1ed9ccad7f7fcf9bb2d253961d1c0cb2fb9a745338732d74548008b20a82,saberzl/SID_Set,sid_set_candidate_1500,fake,images/fake/088a1ed9ccad7f7fcf9bb2d253961d1c0cb2fb9a745338732d74548008b20a82.png,unassigned,42
0893ece1927df58e4306632d0589c0fc02a4ac890c992ad0c0853db2692f3351,ComplexDataLab/OpenFake,openfake_pilot_600,fake,images/fake/0893ece1927df58e4306632d0589c0fc02a4ac890c992ad0c0853db2692f3351.png,unassigned,42
08a13c2efd3f79c9de49bd372c652a1c463d00afc132f38141a4dd25c6a96330,ComplexDataLab/OpenFake,openfake_pilot_600,real,images/real/08a13c2efd3f79c9de49bd372c652a1c463d00afc132f38141a4dd25c6a96330.jpg,unassigned,42
08ac98b0ffa43c5e3d8088abb10f13fcdbe243e075182db3e732cfbd1a231867,saberzl/SID_Set,sid_set_candidate_1500,fake,images/fake/08ac98b0ffa43c5e3d8088abb10f13fcdbe243e075182db3e732cfbd1a231867.png,unassigned,42
08d5d4ced4a5c0d73f46f7645e6e59ffe5749b60562abdf8f0fa5111c7494820,ComplexDataLab/OpenFake,openfake_additional_900,real,images/real/08d5d4ced4a5c0d73f46f7645e6e59ffe5749b60562abdf8f0fa5111c7494820.jpg,unassigned,42
08d7b830c58ce1635497fec67c9b61ce43d4ae80129ad6d9f1db6230a4212036,saberzl/SID_Set,sid_set_candidate_1500,real,images/real/08d7b830c58ce1635497fec67c9b61ce43d4ae80129ad6d9f1db6230a4212036.jpg,unassigned,42
08d8bd1005a12d89f20435d181be248f7fecb411d5c9c07657503196a6fde8bf,saberzl/SID_Set,sid_set_candidate_1500,real,images/real/08d8bd1005a12d89f20435d181be248f7fecb411d5c9c07657503196a6fde8bf.jpg,unassigned,42
08d92bb66db7be10f0ccd12ce83a71c1daf2b6e52fec460fb696da4b797a7129,saberzl/SID_Set,sid_set_candidate_1500,fake,images/fake/08d92bb66db7be10f0ccd12ce83a71c1daf2b6e52fec460fb696da4b797a7129.png,unassigned,42
08febd1fa1537337e19f40ca6c33b36303d2545b82a9ce984455dff5b7cabb64,ComplexDataLab/OpenFake,openfake_additional_900,fake,images/fake/08febd1fa1537337e19f40ca6c33b36303d2545b82a9ce984455dff5b7cabb64.png,unassigned,42
090662f8b52e07277b0305eddda377861f8cbe16eccdff9a83389ba6c0e7476b,saberzl/SID_Set,sid_set_candidate_1500,real,images/real/090662f8b52e07277b0305eddda377861f8cbe16eccdff9a83389ba6c0e7476b.jpg,unassigned,42
0923403762c05f603699cdca135168113c04c6cea735a719b7d0e945ee1f11dd,saberzl/SID_Set,sid_set_candidate_1500,fake,images/fake/0923403762c05f603699cdca135168113c04c6cea735a719b7d0e945ee1f11dd.png,unassigned,42
092b5fc5bb75fba66281476a87d4b820d7015a8b6a40d4c204bf53c58f0d8c3f,ComplexDataLab/OpenFake,openfake_additional_900,real,images/real/092b5fc5bb75fba66281476a87d4b820d7015a8b6a40d4c204bf53c58f0d8c3f.jpg,unassigned,42
092c39d03b1b2f66a170ae3986f836d0212d55d092f3b7314757b4fd39eabe93,ComplexDataLab/OpenFake,openfake_additional_900,real,images/real/092c39d03b1b2f66a170ae3986f836d0212d55d092f3b7314757b4fd39eabe93.jpg,gold_test,42
094dc682ff1a59e3ef3d2f1ed6ae13ccb66bd15e7c840f7f41132bff4511dd96,saberzl/SID_Set,sid_set_candidate_1500,real,images/real/094dc682ff1a59e3ef3d2f1ed6ae13ccb66bd15e7c840f7f41132bff4511dd96.jpg,unassigned,42
097db96da5fdf9ac982d53e86e135f7353040781242b5bbdfd762091e6db94b8,ComplexDataLab/OpenFake,openfake_pilot_600,fake,images/fake/097db96da5fdf9ac982d53e86e135f7353040781242b5bbdfd762091e6db94b8.png,unassigned,42
0991e2b7a7e8f1d0427e94549399a89d30366e0a330563d3af2209a98f16b139,saberzl/SID_Set,sid_set_candidate_1500,fake,images/fake/0991e2b7a7e8f1d0427e94549399a89d30366e0a330563d3af2209a98f16b139.png,unassigned,42
09c0b683f563d2f4a8d8849a1673460ed3567c673fd4c162165e27a1eea6ee23,ComplexDataLab/OpenFake,openfake_pilot_600,real,images/real/09c0b683f563d2f4a8d8849a1673460ed3567c673fd4c162165e27a1eea6ee23.jpg,unassigned,42
09d835575205087ba11f9da84e287ae26fc972bf7d6157fb456b3018eb33f352,ComplexDataLab/OpenFake,openfake_additional_900,fake,images/fake/09d835575205087ba11f9da84e287ae26fc972bf7d6157fb456b3018eb33f352.png,unassigned,42
09e3886b0ee63c011e6337b1860de517aab556f850dffe0414131a2b6af85530,saberzl/SID_Set,sid_set_candidate_1500,real,images/real/09e3886b0ee63c011e6337b1860de517aab556f850dffe0414131a2b6af85530.jpg,unassigned,42
09edefc315adb41845acea6f52d5c62c48d55f34a12ba3ba1c45a4156ee9a583,saberzl/SID_Set,sid_set_candidate_1500,fake,images/fake/09edefc315adb41845acea6f52d5c62c48d55f34a12ba3ba1c45a4156ee9a583.png,unassigned,42
09f85f76fd7d319a69fc078f7b19181edbda37cadf52ea8c56bdc687d13df2fc,ComplexDataLab/OpenFake,openfake_additional_900,real,images/real/09f85f76fd7d319a69fc078f7b19181edbda37cadf52ea8c56bdc687d13df2fc.jpg,gold_test,42
09ff3ff85336f4c9115892d584f22e3796c0d76642c599f0e1b963401a61640b,saberzl/SID_Set,sid_set_candidate_1500,fake,images/fake/09ff3ff85336f4c9115892d584f22e3796c0d76642c599f0e1b963401a61640b.png,unassigned,42
0a1924792c95a4b35cdef6b40e26f6c921d32b094a2b598d4417a0c144c9ec9a,ComplexDataLab/OpenFake,openfake_pilot_600,real,images/real/0a1924792c95a4b35cdef6b40e26f6c921d32b094a2b598d4417a0c144c9ec9a.jpg,unassigned,42
0a45e187cfe351c118e6f7d66d89dd041c4a6ee299f0e2c506643a3364af6e29,ComplexDataLab/OpenFake,openfake_additional_900,real,images/real/0a45e187cfe351c118e6f7d66d89dd041c4a6ee299f0e2c506643a3364af6e29.jpg,unassigned,42
0a47622916b3e67d3dce0287707b50a62c54e04b79209fc2cbfd0ba37ab16496,saberzl/SID_Set,sid_set_candidate_1500,fake,images/fake/0a47622916b3e67d3dce0287707b50a62c54e04b79209fc2cbfd0ba37ab16496.png,unassigned,42
0a5caf705c917b16bce5179defd3c724cd520f0b9d8e2fa53f6f52473f67393d,saberzl/SID_Set,sid_set_candidate_1500,real,images/real/0a5caf705c917b16bce5179defd3c724cd520f0b9d8e2fa53f6f52473f67393d.jpg,unassigned,42
0a7e89a52c053f6051f6d8d3264528a762d2731f51a94345796cd42b49d54dc6,ComplexDataLab/OpenFake,openfake_pilot_600,fake,images/fake/0a7e89a52c053f6051f6d8d3264528a762d2731f51a94345796cd42b49d54dc6.png,gold_development,42
0a8d2c0982c673b69ee45e6f516e19fc970d480a7d5d23a140da784774ed5da5,ComplexDataLab/OpenFake,openfake_additional_900,real,images/real/0a8d2c0982c673b69ee45e6f516e19fc970d480a7d5d23a140da784774ed5da5.jpg,gold_test,42
0a921a02ab9e79abccf4ef3e39c2107a511106d0cc0f71137c4f102cee776a1d,ComplexDataLab/OpenFake,openfake_pilot_600,fake,images/fake/0a921a02ab9e79abccf4ef3e39c2107a511106d0cc0f71137c4f102cee776a1d.png,unassigned,42
0a98527f49c1d40989de6eb1c8bcdb9b28e291a0f769e7b56f8e254670da7a4c,saberzl/SID_Set,sid_set_candidate_1500,fake,images/fake/0a98527f49c1d40989de6eb1c8bcdb9b28e291a0f769e7b56f8e254670da7a4c.png,unassigned,42
0a9f0ea61af3d8d498b9efcfd75471d262e4c792e254b6092d57fb4f61ed0d2a,ComplexDataLab/OpenFake,openfake_pilot_600,real,images/real/0a9f0ea61af3d8d498b9efcfd75471d262e4c792e254b6092d57fb4f61ed0d2a.jpg,unassigned,42
0aa4377c2d3cb7c2ac974e3652d6e10b505f5db14aa0684dc5b770a4cb02b8f2,ComplexDataLab/OpenFake,openfake_pilot_600,real,images/real/0aa4377c2d3cb7c2ac974e3652d6e10b505f5db14aa0684dc5b770a4cb02b8f2.jpg,gold_test,42
0ab51af85e3d83179b0caf8a5354710e281bac2418f0679e648924cd3e40e541,ComplexDataLab/OpenFake,openfake_additional_900,fake,images/fake/0ab51af85e3d83179b0caf8a5354710e281bac2418f0679e648924cd3e40e541.png,unassigned,42
0b11c6ad97dc14bcc8b6fafa215a586d4d883f4f5a2cdcab3c633b18bf601be0,saberzl/SID_Set,sid_set_candidate_1500,real,images/real/0b11c6ad97dc14bcc8b6fafa215a586d4d883f4f5a2cdcab3c633b18bf601be0.jpg,unassigned,42
0b30022e1685b4b0a910d3afc248d572ab5b939a9544cd0ec879808a2be8ad3e,saberzl/SID_Set,sid_set_candidate_1500,fake,images/fake/0b30022e1685b4b0a910d3afc248d572ab5b939a9544cd0ec879808a2be8ad3e.png,unassigned,42
0b5a67b5437e537fe8dcff1fbd94b148b9f858815c4e0c993f95d3b8dc7a8734,ComplexDataLab/OpenFake,openfake_pilot_600,real,images/real/0b5a67b5437e537fe8dcff1fbd94b148b9f858815c4e0c993f95d3b8dc7a8734.jpg,unassigned,42
0b68ce702d9e3b9f25b515a29bc352cf543d3a7273d3bf5777ea580b390f852b,ComplexDataLab/OpenFake,openfake_additional_900,fake,images/fake/0b68ce702d9e3b9f25b515a29bc352cf543d3a7273d3bf5777ea580b390f852b.jpg,gold_test,42
0b70504b4786fc7ec65c05711e8438375d5cccc6c21c352ed613e4b521b735fe,ComplexDataLab/OpenFake,openfake_pilot_600,fake,images/fake/0b70504b4786fc7ec65c05711e8438375d5cccc6c21c352ed613e4b521b735fe.png,unassigned,42
0b760c4b24ae68818da9c0fb756ce5ebc7a8845d65b8966b86e16b5d43e37324,saberzl/SID_Set,sid_set_candidate_1500,real,images/real/0b760c4b24ae68818da9c0fb756ce5ebc7a8845d65b8966b86e16b5d43e37324.jpg,unassigned,42
0ba2184058d074e9a40c6a61244a31d52928ab8a1bc7a48300e416465ace31d3,saberzl/SID_Set,sid_set_candidate_1500,real,images/real/0ba2184058d074e9a40c6a61244a31d52928ab8a1bc7a48300e416465ace31d3.jpg,unassigned,42
0ba4c6c79d3f13652ec83631b721007e44a3b50802543715e77bf6f5bdc36236,ComplexDataLab/OpenFake,openfake_pilot_600,fake,images/fake/0ba4c6c79d3f13652ec83631b721007e44a3b50802543715e77bf6f5bdc36236.png,unassigned,42
0bacb3b70b4c94da9c0e62827e200dbe1a58e095787ce4a3bd82db25e1c32b33,saberzl/SID_Set,sid_set_candidate_1500,real,images/real/0bacb3b70b4c94da9c0e62827e200dbe1a58e095787ce4a3bd82db25e1c32b33.jpg,unassigned,42
0bcdf69572b1e02a6980cc98d22e6e65cff5bd5cce447e74a29c0931e7aa6901,ComplexDataLab/OpenFake,openfake_pilot_600,fake,images/fake/0bcdf69572b1e02a6980cc98d22e6e65cff5bd5cce447e74a29c0931e7aa6901.webp,gold_development,42
0bdc8e5c1a8e4d85066ac01f33176b267cfe36880c32d62d978323fe980dbbec,saberzl/SID_Set,sid_set_candidate_1500,real,images/real/0bdc8e5c1a8e4d85066ac01f33176b267cfe36880c32d62d978323fe980dbbec.jpg,unassigned,42
0be0c4bfc0aec81122347ee5410a4e81278df49dab0482bcfa5b7f8ebb1f183a,ComplexDataLab/OpenFake,openfake_additional_900,fake,images/fake/0be0c4bfc0aec81122347ee5410a4e81278df49dab0482bcfa5b7f8ebb1f183a.png,unassigned,42
0bee6e4656f51b542067dd525f7046062a7892e819acc0976e585f605c9f4022,saberzl/SID_Set,sid_set_candidate_1500,fake,images/fake/0bee6e4656f51b542067dd525f7046062a7892e819acc0976e585f605c9f4022.png,unassigned,42
0c4c604f58c95b076b31e39a6bdcb83013b17653cce427dd2dc44cab6bc0405c,saberzl/SID_Set,sid_set_candidate_1500,fake,images/fake/0c4c604f58c95b076b31e39a6bdcb83013b17653cce427dd2dc44cab6bc0405c.png,unassigned,42
0c978775b84a96bee8f055cb58184925dd6a9c6c7a41a02c0b47b39aa6b6859b,ComplexDataLab/OpenFake,openfake_pilot_600,fake,images/fake/0c978775b84a96bee8f055cb58184925dd6a9c6c7a41a02c0b47b39aa6b6859b.png,unassigned,42
0ca65a1aea6af0bcf0d94b5d7ce9678fc1caa911312577a312369a2484d5e204,saberzl/SID_Set,sid_set_candidate_1500,fake,images/fake/0ca65a1aea6af0bcf0d94b5d7ce9678fc1caa911312577a312369a2484d5e204.png,unassigned,42
0cadc0beee15e121b201ecf2546be4a052442ee4bcc778f5b3246875c0ddd691,saberzl/SID_Set,sid_set_candidate_1500,fake,images/fake/0cadc0beee15e121b201ecf2546be4a052442ee4bcc778f5b3246875c0ddd691.png,unassigned,42
0cb63a7b76b66aa12abe158d2cb405a39a6eaf1710d3b2f95725f50cafcc9887,saberzl/SID_Set,sid_set_candidate_1500,fake,images/fake/0cb63a7b76b66aa12abe158d2cb405a39a6eaf1710d3b2f95725f50cafcc9887.png,unassigned,42
0cc747e95710a543f2fb2ec0ee0603aadd290997e1b7e2e9fe2717f66bb4b826,ComplexDataLab/OpenFake,openfake_pilot_600,fake,images/fake/0cc747e95710a543f2fb2ec0ee0603aadd290997e1b7e2e9fe2717f66bb4b826.jpg,unassigned,42
0cd779e6c854ed392df6e5f3c3ab59c34f640edf454a39fd05e3d1b27b8f1a2d,saberzl/SID_Set,sid_set_candidate_1500,real,images/real/0cd779e6c854ed392df6e5f3c3ab59c34f640edf454a39fd05e3d1b27b8f1a2d.jpg,unassigned,42
0cdf02fcdb30f365901c108129e0338005cb983cef55f6a5af92a425cf67e0d1,ComplexDataLab/OpenFake,openfake_additional_900,real,images/real/0cdf02fcdb30f365901c108129e0338005cb983cef55f6a5af92a425cf67e0d1.jpg,unassigned,42
0d08011952fc4997aa7c122abe86307dcd86342e40c6fc7590b79c340addb8f7,ComplexDataLab/OpenFake,openfake_additional_900,fake,images/fake/0d08011952fc4997aa7c122abe86307dcd86342e40c6fc7590b79c340addb8f7.png,unassigned,42
0d0cccd8caecc615dce3e00333517ac208cf9ab9ac6a86328d69574029856fb4,saberzl/SID_Set,sid_set_candidate_1500,fake,images/fake/0d0cccd8caecc615dce3e00333517ac208cf9ab9ac6a86328d69574029856fb4.png,unassigned,42
0d3a6c1adf273fd526f05973b18e6ba54ca8f627beb115c24a258a216186ed64,saberzl/SID_Set,sid_set_candidate_1500,real,images/real/0d3a6c1adf273fd526f05973b18e6ba54ca8f627beb115c24a258a216186ed64.jpg,unassigned,42
0d591bb0d2aaa5d268f2c2db8f6bfde4b60bbba857f06b712844eb84adc2ff29,saberzl/SID_Set,sid_set_candidate_1500,fake,images/fake/0d591bb0d2aaa5d268f2c2db8f6bfde4b60bbba857f06b712844eb84adc2ff29.png,unassigned,42
0d6910967163e37fb6263f3e96f8a381a6f4e8e6e2846f348bb54bd7057972eb,ComplexDataLab/OpenFake,openfake_additional_900,fake,images/fake/0d6910967163e37fb6263f3e96f8a381a6f4e8e6e2846f348bb54bd7057972eb.png,unassigned,42
0d693c025b7f296cfed5e1f67d9589b3add34bc8d6c3a0ea29b946051f71c604,saberzl/SID_Set,sid_set_candidate_1500,real,images/real/0d693c025b7f296cfed5e1f67d9589b3add34bc8d6c3a0ea29b946051f71c604.jpg,unassigned,42
0d83baf45e27609072fd220aeb8d7306bfe14b0b7d18e5b1c3c3da96f7babc4a,saberzl/SID_Set,sid_set_candidate_1500,fake,images/fake/0d83baf45e27609072fd220aeb8d7306bfe14b0b7d18e5b1c3c3da96f7babc4a.png,unassigned,42
0d8a92c8f05d8bb03966bdd7565e66b05adf6426016b791d07b7258d865ae12f,saberzl/SID_Set,sid_set_candidate_1500,real,images/real/0d8a92c8f05d8bb03966bdd7565e66b05adf6426016b791d07b7258d865ae12f.jpg,unassigned,42
0d9bbc77ced3ff94e43a4cd5e4fa220582c6093d2b5efd6216b9a9f1ca8c1dce,saberzl/SID_Set,sid_set_candidate_1500,fake,images/fake/0d9bbc77ced3ff94e43a4cd5e4fa220582c6093d2b5efd6216b9a9f1ca8c1dce.png,unassigned,42
0da3e68c40100bf728a288a402033d1c2d6163478b0130a0940c922f89ba3ca2,ComplexDataLab/OpenFake,openfake_additional_900,real,images/real/0da3e68c40100bf728a288a402033d1c2d6163478b0130a0940c922f89ba3ca2.jpg,unassigned,42
0dcddd10a258c4ac46deeedb24c0264f414c0139e5d09e610035200a8d9f1c62,saberzl/SID_Set,sid_set_candidate_1500,fake,images/fake/0dcddd10a258c4ac46deeedb24c0264f414c0139e5d09e610035200a8d9f1c62.png,unassigned,42
0dcf474ea85097b91a069757505632b7ee4966270d31bbc8ac93ab48ef4d736f,saberzl/SID_Set,sid_set_candidate_1500,fake,images/fake/0dcf474ea85097b91a069757505632b7ee4966270d31bbc8ac93ab48ef4d736f.png,unassigned,42
0de8454c0539f8fbefe8c4a9e785afa495bcfc4febc9ff0ec70dde106b560dcc,ComplexDataLab/OpenFake,openfake_additional_900,real,images/real/0de8454c0539f8fbefe8c4a9e785afa495bcfc4febc9ff0ec70dde106b560dcc.jpg,unassigned,42
0df0afd8f3f0a8925e407b43235ed7d3de91067312037552b643250792fafe68,ComplexDataLab/OpenFake,openfake_additional_900,real,images/real/0df0afd8f3f0a8925e407b43235ed7d3de91067312037552b643250792fafe68.jpg,unassigned,42
0e21762a574ace5cf464e444f14cd242f9420cee1c52e21a2bebf28b5a41a6fe,saberzl/SID_Set,sid_set_candidate_1500,real,images/real/0e21762a574ace5cf464e444f14cd242f9420cee1c52e21a2bebf28b5a41a6fe.jpg,unassigned,42
0e5ba798bf9da944aaa7d06a54b36814bec1223c41aa60e1716d5c1f4f148ed7,saberzl/SID_Set,sid_set_candidate_1500,fake,images/fake/0e5ba798bf9da944aaa7d06a54b36814bec1223c41aa60e1716d5c1f4f148ed7.png,unassigned,42
0e7e22e427067f08efadab663e1a4f1c1513567d13e7558bc360b55e0048c79d,saberzl/SID_Set,sid_set_candidate_1500,fake,images/fake/0e7e22e427067f08efadab663e1a4f1c1513567d13e7558bc360b55e0048c79d.png,unassigned,42
0ecfdb59577c52e88f1a070e4c8f34d70d6e32cc1e18bc78b852fb97cbd88d5e,saberzl/SID_Set,sid_set_candidate_1500,fake,images/fake/0ecfdb59577c52e88f1a070e4c8f34d70d6e32cc1e18bc78b852fb97cbd88d5e.png,unassigned,42
0ed79f03a51ba7907738302c54ca5150e2a50e7a112109f93940acf1c02d6ef3,saberzl/SID_Set,sid_set_candidate_1500,fake,images/fake/0ed79f03a51ba7907738302c54ca5150e2a50e7a112109f93940acf1c02d6ef3.png,unassigned,42
0efd41d40e015f37a3f04b7556435a99d5da9ffe9f937cd93c9394d668ffb489,saberzl/SID_Set,sid_set_candidate_1500,real,images/real/0efd41d40e015f37a3f04b7556435a99d5da9ffe9f937cd93c9394d668ffb489.jpg,unassigned,42
0f018974851f30413002341d1152f90a3b58a9e2995b266ba8839d88a3f432fb,ComplexDataLab/OpenFake,openfake_pilot_600,real,images/real/0f018974851f30413002341d1152f90a3b58a9e2995b266ba8839d88a3f432fb.jpg,unassigned,42
0f11399166b1a88eaa58cfcd4de278882c639cd76420054a989e10427d981281,saberzl/SID_Set,sid_set_candidate_1500,fake,images/fake/0f11399166b1a88eaa58cfcd4de278882c639cd76420054a989e10427d981281.png,unassigned,42
0f137c20e0ceabcab2698736c751ac2bbc377b4e5722c91a10110dc473ab44e8,saberzl/SID_Set,sid_set_candidate_1500,real,images/real/0f137c20e0ceabcab2698736c751ac2bbc377b4e5722c91a10110dc473ab44e8.jpg,unassigned,42
0f22327997bf074e0fab52cf717f57a279f0aeb8cbd283b7fb3473f870b48919,saberzl/SID_Set,sid_set_candidate_1500,real,images/real/0f22327997bf074e0fab52cf717f57a279f0aeb8cbd283b7fb3473f870b48919.jpg,unassigned,42
0f6d3a2db252e38772e399e4805c703d539fe0fede5294ef40726f6c5ad6396d,saberzl/SID_Set,sid_set_candidate_1500,real,images/real/0f6d3a2db252e38772e399e4805c703d539fe0fede5294ef40726f6c5ad6396d.jpg,unassigned,42
0f7607fe131545bfb03648d634dbd73e1183a73ee4448a1697ba983f48ff9bb2,saberzl/SID_Set,sid_set_candidate_1500,fake,images/fake/0f7607fe131545bfb03648d634dbd73e1183a73ee4448a1697ba983f48ff9bb2.png,unassigned,42
0f76c848074696be4e3813cd4e7a2845d0d559e93cf4ca72891e025f5f62297a,saberzl/SID_Set,sid_set_candidate_1500,real,images/real/0f76c848074696be4e3813cd4e7a2845d0d559e93cf4ca72891e025f5f62297a.jpg,unassigned,42
0f7cd12f3a4ab6cc2e390c42f1d4ccfff83175d743abaf07ee1fff592d770edc,saberzl/SID_Set,sid_set_candidate_1500,fake,images/fake/0f7cd12f3a4ab6cc2e390c42f1d4ccfff83175d743abaf07ee1fff592d770edc.png,unassigned,42
0f8c1477947cd78327ef1a7db3a4412a77e3e2d70cb88485a5c5c46b0d6503a0,saberzl/SID_Set,sid_set_candidate_1500,fake,images/fake/0f8c1477947cd78327ef1a7db3a4412a77e3e2d70cb88485a5c5c46b0d6503a0.png,unassigned,42
0fb61b47bb729eade4e8abf180b3df4502b603884787dfa452960621f59315c2,ComplexDataLab/OpenFake,openfake_pilot_600,real,images/real/0fb61b47bb729eade4e8abf180b3df4502b603884787dfa452960621f59315c2.jpg,unassigned,42
0fb6b36b89ab83f004de9cb59ddcb3e59eb7d21b4e2a615b3aa773bd571a5c6c,ComplexDataLab/OpenFake,openfake_pilot_600,fake,images/fake/0fb6b36b89ab83f004de9cb59ddcb3e59eb7d21b4e2a615b3aa773bd571a5c6c.png,unassigned,42
0feb07e2dea28e13b01b612c17f72cbc5afd27ae360cde119cb7afc9d1b377bf,saberzl/SID_Set,sid_set_candidate_1500,real,images/real/0feb07e2dea28e13b01b612c17f72cbc5afd27ae360cde119cb7afc9d1b377bf.jpg,gold_test,42
0ff224bcab39341351bfa4b6f87a281302687892ab7a9958e783ee116a27adae,saberzl/SID_Set,sid_set_candidate_1500,fake,images/fake/0ff224bcab39341351bfa4b6f87a281302687892ab7a9958e783ee116a27adae.png,unassigned,42
100b14dfeed83c07ecdc767d6b8f6f36fc28aab8f57575c6628ebabd47749476,ComplexDataLab/OpenFake,openfake_additional_900,fake,images/fake/100b14dfeed83c07ecdc767d6b8f6f36fc28aab8f57575c6628ebabd47749476.jpg,unassigned,42
100c0389ea0e51c9d0d1e951c7b0e2495b5ed707ae65f135b96ef518d3f352c3,ComplexDataLab/OpenFake,openfake_pilot_600,fake,images/fake/100c0389ea0e51c9d0d1e951c7b0e2495b5ed707ae65f135b96ef518d3f352c3.png,unassigned,42
10116d50fcf173f3533d2061e6b9e16bce2f9d6c51bdf2ea9223285a6f5635cb,ComplexDataLab/OpenFake,openfake_pilot_600,fake,images/fake/10116d50fcf173f3533d2061e6b9e16bce2f9d6c51bdf2ea9223285a6f5635cb.png,unassigned,42
10245f45f0c67fe23a1a6899d4a990a81c403cca3059034b189ff9ba8dafda97,ComplexDataLab/OpenFake,openfake_pilot_600,fake,images/fake/10245f45f0c67fe23a1a6899d4a990a81c403cca3059034b189ff9ba8dafda97.png,unassigned,42
103cbc081474f94f336384ed673d9f8f180bf0560ce17d66bdcf3c8adda6e603,ComplexDataLab/OpenFake,openfake_additional_900,real,images/real/103cbc081474f94f336384ed673d9f8f180bf0560ce17d66bdcf3c8adda6e603.jpg,unassigned,42
104ae6ad23b9f79a6495f0336612cd717f72ee56bc44c8fdff29f7afdfd6078d,saberzl/SID_Set,sid_set_candidate_1500,fake,images/fake/104ae6ad23b9f79a6495f0336612cd717f72ee56bc44c8fdff29f7afdfd6078d.png,unassigned,42
1066e29317832e8599746a8a39be02cc203d261d6297fcaec01f23e1901a93a8,saberzl/SID_Set,sid_set_candidate_1500,real,images/real/1066e29317832e8599746a8a39be02cc203d261d6297fcaec01f23e1901a93a8.jpg,unassigned,42
1068740c2434fd2c116d51b4400aadfe8cb05488e930d853b322335126840b0e,saberzl/SID_Set,sid_set_candidate_1500,real,images/real/1068740c2434fd2c116d51b4400aadfe8cb05488e930d853b322335126840b0e.jpg,unassigned,42
1071dc3db6ef183a84eaac9b3b5c9c3a0345407fcba6eebbd842ba61454c18de,saberzl/SID_Set,sid_set_candidate_1500,real,images/real/1071dc3db6ef183a84eaac9b3b5c9c3a0345407fcba6eebbd842ba61454c18de.jpg,unassigned,42
1082dddf746a2d027ea3078dc7df7cf9a11defd7eb62befe09281753a15fde5a,saberzl/SID_Set,sid_set_candidate_1500,real,images/real/1082dddf746a2d027ea3078dc7df7cf9a11defd7eb62befe09281753a15fde5a.jpg,unassigned,42
10a7ba62f71f602ced28d43eeebe2d0a6016152dec45e94dc72a6e4fc3744eef,ComplexDataLab/OpenFake,openfake_additional_900,fake,images/fake/10a7ba62f71f602ced28d43eeebe2d0a6016152dec45e94dc72a6e4fc3744eef.png,unassigned,42
10ac7025422973063c8eed522ae68340439b472a9b6e0698c99c95d1a3a0c3ad,ComplexDataLab/OpenFake,openfake_additional_900,fake,images/fake/10ac7025422973063c8eed522ae68340439b472a9b6e0698c99c95d1a3a0c3ad.png,gold_test,42
10ac94092ec949920512cd6b2973037a9afea6931372e523d3620c8c327c522c,ComplexDataLab/OpenFake,openfake_pilot_600,real,images/real/10ac94092ec949920512cd6b2973037a9afea6931372e523d3620c8c327c522c.jpg,unassigned,42
10d4d90e36b53365e558c0b6c3d4ace87b3683dd4d1bccccf3080c258ea4d05e,saberzl/SID_Set,sid_set_candidate_1500,fake,images/fake/10d4d90e36b53365e558c0b6c3d4ace87b3683dd4d1bccccf3080c258ea4d05e.png,unassigned,42
112eeef057d8e1656db29f809fa57dd4d995212a75bb59f3fcf8ac264694f48d,saberzl/SID_Set,sid_set_candidate_1500,real,images/real/112eeef057d8e1656db29f809fa57dd4d995212a75bb59f3fcf8ac264694f48d.jpg,unassigned,42
113526d056e358968ba7809871910a5c3b3848924f6c32e21bce8cf891f68d9b,ComplexDataLab/OpenFake,openfake_pilot_600,fake,images/fake/113526d056e358968ba7809871910a5c3b3848924f6c32e21bce8cf891f68d9b.png,gold_development,42
113f27d4356cd495539c60114392995c5861672caf833736732baf79eff07606,saberzl/SID_Set,sid_set_candidate_1500,fake,images/fake/113f27d4356cd495539c60114392995c5861672caf833736732baf79eff07606.png,unassigned,42
114a152b5e9804ff8d6c4024ca73b0119f8a608125f46b2595f6040eeb7c17ec,ComplexDataLab/OpenFake,openfake_pilot_600,fake,images/fake/114a152b5e9804ff8d6c4024ca73b0119f8a608125f46b2595f6040eeb7c17ec.png,gold_development,42
1156eb664038d0722d0a959420fb3beef10a9934b9b3b919e498ece8cf904b56,saberzl/SID_Set,sid_set_candidate_1500,fake,images/fake/1156eb664038d0722d0a959420fb3beef10a9934b9b3b919e498ece8cf904b56.png,unassigned,42
117e42fa351f1cf0d260521fbce2307db7093cb73b497ed9364c71e9222ade3b,ComplexDataLab/OpenFake,openfake_additional_900,real,images/real/117e42fa351f1cf0d260521fbce2307db7093cb73b497ed9364c71e9222ade3b.jpg,unassigned,42
119e4fa9a3e0b436ac150ae11c3c00edb522a73b1b790fadb9869be8f5b9b16c,ComplexDataLab/OpenFake,openfake_pilot_600,real,images/real/119e4fa9a3e0b436ac150ae11c3c00edb522a73b1b790fadb9869be8f5b9b16c.jpg,gold_development,42
11b08a7dd2584d038ca67e4f32280cfa980e32c8a825c235cdd0a702ba97aab3,saberzl/SID_Set,sid_set_candidate_1500,real,images/real/11b08a7dd2584d038ca67e4f32280cfa980e32c8a825c235cdd0a702ba97aab3.jpg,unassigned,42
11b521351ea60dde3a25c6c01f01652bfd5dc90fddd38d09ef96e697301325bc,saberzl/SID_Set,sid_set_candidate_1500,fake,images/fake/11b521351ea60dde3a25c6c01f01652bfd5dc90fddd38d09ef96e697301325bc.png,unassigned,42
11c877264069f47e075d85f7c9c1e47722c4d69603176f65873ed8529748a687,saberzl/SID_Set,sid_set_candidate_1500,real,images/real/11c877264069f47e075d85f7c9c1e47722c4d69603176f65873ed8529748a687.jpg,unassigned,42
11d65232580ed1aead1f0c2e1812e30d3d00ecd7c0dde17ca31c5eefc10e5ad9,ComplexDataLab/OpenFake,openfake_pilot_600,fake,images/fake/11d65232580ed1aead1f0c2e1812e30d3d00ecd7c0dde17ca31c5eefc10e5ad9.png,unassigned,42
11d6de7dbb1bb88fc642caf4abd239e2cd53d345bc8f2a577a5d8f53f0ede5da,saberzl/SID_Set,sid_set_candidate_1500,real,images/real/11d6de7dbb1bb88fc642caf4abd239e2cd53d345bc8f2a577a5d8f53f0ede5da.jpg,unassigned,42
11dd036ce726b33269e6eec682429c9702bdc72905d63dfb75f6075fd5b383ba,ComplexDataLab/OpenFake,openfake_additional_900,real,images/real/11dd036ce726b33269e6eec682429c9702bdc72905d63dfb75f6075fd5b383ba.jpg,unassigned,42
11ddde3d0fe35d97f80c0421f63f84548d42eac7f94cfbfbe41454ed3e0b3ad0,saberzl/SID_Set,sid_set_candidate_1500,real,images/real/11ddde3d0fe35d97f80c0421f63f84548d42eac7f94cfbfbe41454ed3e0b3ad0.jpg,unassigned,42
11ee9475a0c8354f7cd314dee30deac37f98116703c50aff475bf2998791ea1e,saberzl/SID_Set,sid_set_candidate_1500,real,images/real/11ee9475a0c8354f7cd314dee30deac37f98116703c50aff475bf2998791ea1e.jpg,unassigned,42
121b6ed30186ced7a3f0e66d77b68696c710a069c60cf894274d17c574426878,saberzl/SID_Set,sid_set_candidate_1500,real,images/real/121b6ed30186ced7a3f0e66d77b68696c710a069c60cf894274d17c574426878.jpg,unassigned,42
12409b2e442d88dedb40d0e16659e55bd624969679af1faf7f43aa857c5ee137,ComplexDataLab/OpenFake,openfake_additional_900,real,images/real/12409b2e442d88dedb40d0e16659e55bd624969679af1faf7f43aa857c5ee137.jpg,gold_test,42
12565dc391bab4e2bb6b21b5969d5da2ff6e767546940c4101bc9b95b59ea9d2,ComplexDataLab/OpenFake,openfake_pilot_600,fake,images/fake/12565dc391bab4e2bb6b21b5969d5da2ff6e767546940c4101bc9b95b59ea9d2.png,gold_development,42
12668c58ce03cf73396bea3bad88b554c34a59f75df848ac985d9dd208d22c1f,saberzl/SID_Set,sid_set_candidate_1500,fake,images/fake/12668c58ce03cf73396bea3bad88b554c34a59f75df848ac985d9dd208d22c1f.png,unassigned,42
127bf963d076b8d6815abcdb4c602309cf207abf868458998a683c98848783d5,ComplexDataLab/OpenFake,openfake_additional_900,fake,images/fake/127bf963d076b8d6815abcdb4c602309cf207abf868458998a683c98848783d5.png,unassigned,42
128bd40a51f84fd5c425d1bc64f40c2db9a763849ab1f880582b850aaa7656eb,ComplexDataLab/OpenFake,openfake_additional_900,fake,images/fake/128bd40a51f84fd5c425d1bc64f40c2db9a763849ab1f880582b850aaa7656eb.png,unassigned,42
12a5647b54390aff48b01de6168feed00e8a262615959e9850af5c7ed355e823,saberzl/SID_Set,sid_set_candidate_1500,real,images/real/12a5647b54390aff48b01de6168feed00e8a262615959e9850af5c7ed355e823.jpg,unassigned,42
12b92077c88af2ed078ac9f2ce37d2273e78f7882ebe7a6ccae4191bd07af11c,ComplexDataLab/OpenFake,openfake_pilot_600,fake,images/fake/12b92077c88af2ed078ac9f2ce37d2273e78f7882ebe7a6ccae4191bd07af11c.png,unassigned,42
12bd4b31dd75102e4a975fb4e0d3c7709590f8d614c4b2f8b96e68014490fbbe,ComplexDataLab/OpenFake,openfake_additional_900,real,images/real/12bd4b31dd75102e4a975fb4e0d3c7709590f8d614c4b2f8b96e68014490fbbe.jpg,unassigned,42
12fc667c04d3c86d98d6d92ab221efa15d1aa8d3c094306e73e4f39006c13db2,saberzl/SID_Set,sid_set_candidate_1500,real,images/real/12fc667c04d3c86d98d6d92ab221efa15d1aa8d3c094306e73e4f39006c13db2.jpg,unassigned,42
131b0390999bd8e399ae533c5c7a0478a519c644fcd4243bbef419644c9e7f7d,saberzl/SID_Set,sid_set_candidate_1500,real,images/real/131b0390999bd8e399ae533c5c7a0478a519c644fcd4243bbef419644c9e7f7d.jpg,unassigned,42
1324d914068a8a125d4fb4b7e6ff1796383aaa7f050af4d5a93d2e0edd90427b,ComplexDataLab/OpenFake,openfake_additional_900,real,images/real/1324d914068a8a125d4fb4b7e6ff1796383aaa7f050af4d5a93d2e0edd90427b.jpg,unassigned,42
13513957a1004f275ffe7fad4229b4887ec082f30454027b0a6de7a9a088248d,saberzl/SID_Set,sid_set_candidate_1500,fake,images/fake/13513957a1004f275ffe7fad4229b4887ec082f30454027b0a6de7a9a088248d.png,unassigned,42
13661344349b2a039123ef0e22a9afba63de0c3192f2a4e57a23107fb546c9c4,ComplexDataLab/OpenFake,openfake_additional_900,real,images/real/13661344349b2a039123ef0e22a9afba63de0c3192f2a4e57a23107fb546c9c4.jpg,unassigned,42
13684f8e594bc8abe6e107b11d53ff57abaf97b31f0ba317b475fb06a20f648e,saberzl/SID_Set,sid_set_candidate_1500,fake,images/fake/13684f8e594bc8abe6e107b11d53ff57abaf97b31f0ba317b475fb06a20f648e.png,unassigned,42
13748c372ba00e7b8b3d79cfa1c311245c9324575e171f4b658ab352bd4507ad,ComplexDataLab/OpenFake,openfake_pilot_600,real,images/real/13748c372ba00e7b8b3d79cfa1c311245c9324575e171f4b658ab352bd4507ad.jpg,unassigned,42
137f912e1d209ec96e1090b59233c0f56c03e1dca77428c41734f74575505993,saberzl/SID_Set,sid_set_candidate_1500,real,images/real/137f912e1d209ec96e1090b59233c0f56c03e1dca77428c41734f74575505993.jpg,unassigned,42
13838bf0a4678bec86d689e821a3083c187b3f6bba6dad62435b035d6860e7d5,saberzl/SID_Set,sid_set_candidate_1500,real,images/real/13838bf0a4678bec86d689e821a3083c187b3f6bba6dad62435b035d6860e7d5.jpg,unassigned,42
13944cfca8eeab3197cb8b8033e3d4db7a937d2448b0302e591572abe4b1f760,ComplexDataLab/OpenFake,openfake_additional_900,fake,images/fake/13944cfca8eeab3197cb8b8033e3d4db7a937d2448b0302e591572abe4b1f760.png,unassigned,42
13a61a92645231ea51ecd11e4fa1ee305bbf5ae44a865c59b6a2ac95eab7a72b,ComplexDataLab/OpenFake,openfake_pilot_600,real,images/real/13a61a92645231ea51ecd11e4fa1ee305bbf5ae44a865c59b6a2ac95eab7a72b.jpg,unassigned,42
13b3ef4a125d6e68d27ceeb425ad84b5f596db1e4a84212bd55d1fcf87196c39,saberzl/SID_Set,sid_set_candidate_1500,real,images/real/13b3ef4a125d6e68d27ceeb425ad84b5f596db1e4a84212bd55d1fcf87196c39.jpg,gold_test,42
13b7f2b97efa0967297328c662b99d1efcd7de62623b45e21a62a0cce802ff14,ComplexDataLab/OpenFake,openfake_pilot_600,fake,images/fake/13b7f2b97efa0967297328c662b99d1efcd7de62623b45e21a62a0cce802ff14.png,gold_development,42
13c45a75dad1960b9f9fc7a54a7b443e924b6e5851715d8f4e92325b7709e477,saberzl/SID_Set,sid_set_candidate_1500,fake,images/fake/13c45a75dad1960b9f9fc7a54a7b443e924b6e5851715d8f4e92325b7709e477.png,gold_test,42
13c46897e41a98079999097ab568f660237999ae6283ac983e40c6fecc413c41,ComplexDataLab/OpenFake,openfake_additional_900,fake,images/fake/13c46897e41a98079999097ab568f660237999ae6283ac983e40c6fecc413c41.png,unassigned,42
13dd32f87ee26c1d81a03932949b00989b8b8b69d7e252296bb00365f5fef744,ComplexDataLab/OpenFake,openfake_additional_900,fake,images/fake/13dd32f87ee26c1d81a03932949b00989b8b8b69d7e252296bb00365f5fef744.jpg,unassigned,42
13eaf3f006a205859c056a62b1fbad814fc90a268bfd4129b442feffc38a4cec,ComplexDataLab/OpenFake,openfake_additional_900,real,images/real/13eaf3f006a205859c056a62b1fbad814fc90a268bfd4129b442feffc38a4cec.jpg,unassigned,42
1411c0137ba1fc4943def3d81790421ebbd488dc5fa5d10a90e3c20f6056d223,ComplexDataLab/OpenFake,openfake_pilot_600,fake,images/fake/1411c0137ba1fc4943def3d81790421ebbd488dc5fa5d10a90e3c20f6056d223.png,gold_development,42
14253a5bf9a0a88715e4f1863eaa4131e7360b298cf389b70cacaea09fcb7802,saberzl/SID_Set,sid_set_candidate_1500,real,images/real/14253a5bf9a0a88715e4f1863eaa4131e7360b298cf389b70cacaea09fcb7802.jpg,unassigned,42
142e8fb5f0322d19f3444206e4b8e9650ea6e8bd5beb0b3637617851e4bb6aeb,saberzl/SID_Set,sid_set_candidate_1500,real,images/real/142e8fb5f0322d19f3444206e4b8e9650ea6e8bd5beb0b3637617851e4bb6aeb.jpg,unassigned,42
143d2239be8b27502ad928aa162a8a365bf620671e1fd748153dba217be7fc72,saberzl/SID_Set,sid_set_candidate_1500,fake,images/fake/143d2239be8b27502ad928aa162a8a365bf620671e1fd748153dba217be7fc72.png,unassigned,42
147327919fa874188f4f7b377cbdeeb302973919e81913d7f875744bb9712f40,saberzl/SID_Set,sid_set_candidate_1500,fake,images/fake/147327919fa874188f4f7b377cbdeeb302973919e81913d7f875744bb9712f40.png,unassigned,42
14892f90843f64d05043a1fd060f02b14d8c22ada2a02d7bb12592c0015f5889,ComplexDataLab/OpenFake,openfake_additional_900,real,images/real/14892f90843f64d05043a1fd060f02b14d8c22ada2a02d7bb12592c0015f5889.jpg,unassigned,42
14a5dcec9e8bad994bf0de1540d26701337911842c94bdece8bd261aee51b25e,saberzl/SID_Set,sid_set_candidate_1500,fake,images/fake/14a5dcec9e8bad994bf0de1540d26701337911842c94bdece8bd261aee51b25e.png,unassigned,42
14a664d7344658742b8d8c5a5190fa1abc61986cc90e7b186f163fad4011dfcc,saberzl/SID_Set,sid_set_candidate_1500,fake,images/fake/14a664d7344658742b8d8c5a5190fa1abc61986cc90e7b186f163fad4011dfcc.png,unassigned,42
14aba19fca4ea1aae0d9fdd78da761b7bf6f2704ed20656235b4d24fc712bef2,ComplexDataLab/OpenFake,openfake_additional_900,real,images/real/14aba19fca4ea1aae0d9fdd78da761b7bf6f2704ed20656235b4d24fc712bef2.jpg,unassigned,42
14ac295e296b350bef7a22796d6dd6f962353f3b44b3239c331161d62100970c,saberzl/SID_Set,sid_set_candidate_1500,real,images/real/14ac295e296b350bef7a22796d6dd6f962353f3b44b3239c331161d62100970c.jpg,unassigned,42
14acc8c0d89e4492d79d2b43068916e924ed4f629248e6ac2913528168425830,ComplexDataLab/OpenFake,openfake_additional_900,real,images/real/14acc8c0d89e4492d79d2b43068916e924ed4f629248e6ac2913528168425830.jpg,unassigned,42
14af9e54158482add59a9ffff650c12b2e9bcf3c1da10f48c31606a89df76360,saberzl/SID_Set,sid_set_candidate_1500,fake,images/fake/14af9e54158482add59a9ffff650c12b2e9bcf3c1da10f48c31606a89df76360.png,unassigned,42
14bcd2ea8e468de15eb7ca9d16a3370caa8bb467f659b4043df2fcc1350f5628,saberzl/SID_Set,sid_set_candidate_1500,real,images/real/14bcd2ea8e468de15eb7ca9d16a3370caa8bb467f659b4043df2fcc1350f5628.jpg,unassigned,42
14c284b8e48774b91bcf9b744be94afbe4f187956fe77f13fa99357b3eee663a,ComplexDataLab/OpenFake,openfake_additional_900,fake,images/fake/14c284b8e48774b91bcf9b744be94afbe4f187956fe77f13fa99357b3eee663a.png,unassigned,42
14ccd22b4ff7a5370c5ac3f7bd8dad047c581e344bbd21f524df37ba4d077356,saberzl/SID_Set,sid_set_candidate_1500,real,images/real/14ccd22b4ff7a5370c5ac3f7bd8dad047c581e344bbd21f524df37ba4d077356.jpg,unassigned,42
14f513fd84768fdc790b42c5ae5b665f2e2d4f96e33c469ca987b0d5a150ae11,saberzl/SID_Set,sid_set_candidate_1500,real,images/real/14f513fd84768fdc790b42c5ae5b665f2e2d4f96e33c469ca987b0d5a150ae11.jpg,unassigned,42
153ccd12c2ba1852d9b908a7595ceab2880fc0a5cc5bee099be1a2bd17523f78,saberzl/SID_Set,sid_set_candidate_1500,real,images/real/153ccd12c2ba1852d9b908a7595ceab2880fc0a5cc5bee099be1a2bd17523f78.jpg,unassigned,42
15423dea4c2bd3c293712d2c6dcfc57e09f2de90f285f7fff1a8da7000fbac48,saberzl/SID_Set,sid_set_candidate_1500,fake,images/fake/15423dea4c2bd3c293712d2c6dcfc57e09f2de90f285f7fff1a8da7000fbac48.png,unassigned,42
15530980a71e3bca66d0c6931eec1eb7cf82ad82bf182418eaaa2df450bb081a,saberzl/SID_Set,sid_set_candidate_1500,fake,images/fake/15530980a71e3bca66d0c6931eec1eb7cf82ad82bf182418eaaa2df450bb081a.png,unassigned,42
1564245bbd0aa7132fa0391258283c258e918d85f04ecb93564a3b29de3261ce,ComplexDataLab/OpenFake,openfake_additional_900,real,images/real/1564245bbd0aa7132fa0391258283c258e918d85f04ecb93564a3b29de3261ce.jpg,unassigned,42
1564c851846d5432623a866f7b3a5e24de764de4df025e4bfc903c331041ed38,ComplexDataLab/OpenFake,openfake_pilot_600,fake,images/fake/1564c851846d5432623a866f7b3a5e24de764de4df025e4bfc903c331041ed38.png,unassigned,42
158f234e6953e5ceaa104536689f08922a74c65b05cfadd2ab4a7812b1fb084e,saberzl/SID_Set,sid_set_candidate_1500,fake,images/fake/158f234e6953e5ceaa104536689f08922a74c65b05cfadd2ab4a7812b1fb084e.png,unassigned,42
159a60c15f074e98ab005b1028adbc2084536fe577df51646c0509ad936704ab,ComplexDataLab/OpenFake,openfake_additional_900,fake,images/fake/159a60c15f074e98ab005b1028adbc2084536fe577df51646c0509ad936704ab.png,unassigned,42
15ae8374438d5cc4db199621967bb1de849004e3e9b332e829a1596aed8ef51b,saberzl/SID_Set,sid_set_candidate_1500,real,images/real/15ae8374438d5cc4db199621967bb1de849004e3e9b332e829a1596aed8ef51b.jpg,unassigned,42
15b431796ac2e3b42ebc85d1ca86adf2e2fb8980406ac16d2ff3b4e50e1fc45a,ComplexDataLab/OpenFake,openfake_additional_900,fake,images/fake/15b431796ac2e3b42ebc85d1ca86adf2e2fb8980406ac16d2ff3b4e50e1fc45a.png,gold_test,42
15c16b71820b59b3be5972d4036535f5305f306f25e69992eb3bba3840bf21e4,ComplexDataLab/OpenFake,openfake_additional_900,fake,images/fake/15c16b71820b59b3be5972d4036535f5305f306f25e69992eb3bba3840bf21e4.png,unassigned,42
15dddb8318d3d198e496fe3c8723d5d71a4c475c8e31094ffe788b851ed9aa1d,ComplexDataLab/OpenFake,openfake_additional_900,fake,images/fake/15dddb8318d3d198e496fe3c8723d5d71a4c475c8e31094ffe788b851ed9aa1d.png,unassigned,42
16085a68c11ec7e38156aeaf0c08eb5ba0e70a21ef0d8c5b6c8ba7743fa7c50e,saberzl/SID_Set,sid_set_candidate_1500,fake,images/fake/16085a68c11ec7e38156aeaf0c08eb5ba0e70a21ef0d8c5b6c8ba7743fa7c50e.png,unassigned,42
160bc0bc57af8938379209b31d1ff76de80728422008d028098e7ce111465bc4,ComplexDataLab/OpenFake,openfake_additional_900,fake,images/fake/160bc0bc57af8938379209b31d1ff76de80728422008d028098e7ce111465bc4.png,unassigned,42
161f0a7501ffd5d637fa5d4137dbe3b8f530c90666b2d8ee43147c11473c3b83,saberzl/SID_Set,sid_set_candidate_1500,real,images/real/161f0a7501ffd5d637fa5d4137dbe3b8f530c90666b2d8ee43147c11473c3b83.jpg,unassigned,42
1649eac954d5a54d6419a76ce460b565d1afe9b052b78663aecadb88a4038f6d,saberzl/SID_Set,sid_set_candidate_1500,real,images/real/1649eac954d5a54d6419a76ce460b565d1afe9b052b78663aecadb88a4038f6d.jpg,unassigned,42
1666626ba244b301d5b10c187b3c9d3cad15a640fa3b91381b12e5756f95552e,ComplexDataLab/OpenFake,openfake_additional_900,real,images/real/1666626ba244b301d5b10c187b3c9d3cad15a640fa3b91381b12e5756f95552e.jpg,unassigned,42
16727ce08b6b97a921746eac9667136d2dd8be9fd485facf59e20cd6c7342eb2,saberzl/SID_Set,sid_set_candidate_1500,fake,images/fake/16727ce08b6b97a921746eac9667136d2dd8be9fd485facf59e20cd6c7342eb2.png,unassigned,42
1676bd5789897743587c9d3bca259c029a8760958b17e4e201840a8baf1af383,saberzl/SID_Set,sid_set_candidate_1500,real,images/real/1676bd5789897743587c9d3bca259c029a8760958b17e4e201840a8baf1af383.jpg,unassigned,42
1679aa420705cac2a1bfea454041aacf32a615d1b8f68129d88b8c576f6f1db2,ComplexDataLab/OpenFake,openfake_additional_900,real,images/real/1679aa420705cac2a1bfea454041aacf32a615d1b8f68129d88b8c576f6f1db2.jpg,unassigned,42
167fc1a77539275649a700c0aa6567cd3b9649224808e7caf9c52f760f549d7e,ComplexDataLab/OpenFake,openfake_additional_900,real,images/real/167fc1a77539275649a700c0aa6567cd3b9649224808e7caf9c52f760f549d7e.jpg,unassigned,42
16802b554c8dcdc6b6d9193b6276a390a13fe1f76cbe44d6f7c4e3886ab9f811,ComplexDataLab/OpenFake,openfake_pilot_600,fake,images/fake/16802b554c8dcdc6b6d9193b6276a390a13fe1f76cbe44d6f7c4e3886ab9f811.png,unassigned,42
168676527b9659af3e21dfa26d798a0ae26054c0b00ce38bce57c2e5e2605212,ComplexDataLab/OpenFake,openfake_pilot_600,real,images/real/168676527b9659af3e21dfa26d798a0ae26054c0b00ce38bce57c2e5e2605212.jpg,unassigned,42
16a2e8eae24a2a885aa33739b75543fed13358427ee3e023f7d3559f443a407c,saberzl/SID_Set,sid_set_candidate_1500,fake,images/fake/16a2e8eae24a2a885aa33739b75543fed13358427ee3e023f7d3559f443a407c.png,gold_test,42
16aec872399be4e1ded155736a2104117e2663c55237b7d8afcc74e55fba5601,ComplexDataLab/OpenFake,openfake_pilot_600,real,images/real/16aec872399be4e1ded155736a2104117e2663c55237b7d8afcc74e55fba5601.jpg,unassigned,42
16afbb9890ffb91a0e7dd9ef2e10080040d48f9c401f76862d00a96192afa737,ComplexDataLab/OpenFake,openfake_pilot_600,real,images/real/16afbb9890ffb91a0e7dd9ef2e10080040d48f9c401f76862d00a96192afa737.jpg,unassigned,42
16c14f1512289686074b3c869540122c654ed5b851f31b72dbb7dc6f861b78a6,saberzl/SID_Set,sid_set_candidate_1500,real,images/real/16c14f1512289686074b3c869540122c654ed5b851f31b72dbb7dc6f861b78a6.jpg,unassigned,42
16c1b979972f6b2d2846de0545138c9051fdcce463834dc2d9e9c074efbdeb29,ComplexDataLab/OpenFake,openfake_pilot_600,real,images/real/16c1b979972f6b2d2846de0545138c9051fdcce463834dc2d9e9c074efbdeb29.jpg,gold_development,42
16e7311f7012b391c869efe97d40aa3333eeadd2f9261580f9c90b724c38f204,saberzl/SID_Set,sid_set_candidate_1500,real,images/real/16e7311f7012b391c869efe97d40aa3333eeadd2f9261580f9c90b724c38f204.jpg,unassigned,42
175a0f865cdd2708d7d76342d9c750c303c811cee85de38e7e086a572959a796,saberzl/SID_Set,sid_set_candidate_1500,real,images/real/175a0f865cdd2708d7d76342d9c750c303c811cee85de38e7e086a572959a796.jpg,unassigned,42
1760bc29f8e686101c530e292b18fb3234d79abd3d4d70266d340dbd50625587,saberzl/SID_Set,sid_set_candidate_1500,real,images/real/1760bc29f8e686101c530e292b18fb3234d79abd3d4d70266d340dbd50625587.jpg,unassigned,42
1771183626e16132371803c9122ea394f6647fb06f41e5268589dbe51fd1b596,ComplexDataLab/OpenFake,openfake_additional_900,fake,images/fake/1771183626e16132371803c9122ea394f6647fb06f41e5268589dbe51fd1b596.png,unassigned,42
17b16327b31e710e33099d5bbdf9b064a4a89740b4b52914cf275d148020f7e2,ComplexDataLab/OpenFake,openfake_pilot_600,fake,images/fake/17b16327b31e710e33099d5bbdf9b064a4a89740b4b52914cf275d148020f7e2.png,unassigned,42
17b63058c685059cf8d116acde86a5177525309bd1b5208b68208ea6aef1e233,ComplexDataLab/OpenFake,openfake_pilot_600,real,images/real/17b63058c685059cf8d116acde86a5177525309bd1b5208b68208ea6aef1e233.jpg,unassigned,42
18022edd727ee0b98773997ea3b6d52c73b962904322e40ab0d3311bc51c1e3c,saberzl/SID_Set,sid_set_candidate_1500,real,images/real/18022edd727ee0b98773997ea3b6d52c73b962904322e40ab0d3311bc51c1e3c.jpg,unassigned,42
181d2b2f7f37ae187edd6e854efa4f0d2ac64645d0bed1a59882969aa4f07f12,saberzl/SID_Set,sid_set_candidate_1500,real,images/real/181d2b2f7f37ae187edd6e854efa4f0d2ac64645d0bed1a59882969aa4f07f12.jpg,unassigned,42
18481af923c1eb46606764eefe32ab02e679036b66ffe1827c876ad040795a7b,ComplexDataLab/OpenFake,openfake_additional_900,fake,images/fake/18481af923c1eb46606764eefe32ab02e679036b66ffe1827c876ad040795a7b.png,unassigned,42
184f67107497daa6867c73a94a993f170ebfd998c6eb894224b60eaa43ff23d3,saberzl/SID_Set,sid_set_candidate_1500,fake,images/fake/184f67107497daa6867c73a94a993f170ebfd998c6eb894224b60eaa43ff23d3.png,unassigned,42
18712211c1127285b224807fe7b06db51315ee990936fe20d52cf17934c56ef3,saberzl/SID_Set,sid_set_candidate_1500,fake,images/fake/18712211c1127285b224807fe7b06db51315ee990936fe20d52cf17934c56ef3.png,unassigned,42
187508b0cba09aa5189880f37d155cf36dede087dda427f738197fbd2fd684c9,saberzl/SID_Set,sid_set_candidate_1500,fake,images/fake/187508b0cba09aa5189880f37d155cf36dede087dda427f738197fbd2fd684c9.png,unassigned,42
18751ab204d7dc3c37bc1c5e23b749cc6b3c5c3eb014f1165a85421f1396070e,ComplexDataLab/OpenFake,openfake_additional_900,real,images/real/18751ab204d7dc3c37bc1c5e23b749cc6b3c5c3eb014f1165a85421f1396070e.jpg,unassigned,42
1885de671383273149c2a1c998c85c6a5ccf488cf9a65175f9457ac1d6721d98,ComplexDataLab/OpenFake,openfake_pilot_600,fake,images/fake/1885de671383273149c2a1c998c85c6a5ccf488cf9a65175f9457ac1d6721d98.png,unassigned,42
188c83865facb67a88d24438eaba30e3ab8baf95c03612715d363ee87eb0bed0,ComplexDataLab/OpenFake,openfake_pilot_600,fake,images/fake/188c83865facb67a88d24438eaba30e3ab8baf95c03612715d363ee87eb0bed0.jpg,gold_development,42
18a86c9bef8206bf37e3d41dd3d5df8fa34e06b299db11eaabf7cd2c004ddaa7,ComplexDataLab/OpenFake,openfake_pilot_600,fake,images/fake/18a86c9bef8206bf37e3d41dd3d5df8fa34e06b299db11eaabf7cd2c004ddaa7.jpg,unassigned,42
18bce8b97cd36ee7286152fe7db043ec0138ef174361203b2ed4f83350f299c9,ComplexDataLab/OpenFake,openfake_additional_900,real,images/real/18bce8b97cd36ee7286152fe7db043ec0138ef174361203b2ed4f83350f299c9.jpg,unassigned,42
18cfb8b96af1cdc6c0a14f5034f65a2a05d906f88adab74d0952ddef8871bce6,ComplexDataLab/OpenFake,openfake_pilot_600,fake,images/fake/18cfb8b96af1cdc6c0a14f5034f65a2a05d906f88adab74d0952ddef8871bce6.png,gold_development,42
18daf12aa2da356f48f91d94987db33d702523bcb6906b640d6a2e2bdf86b463,ComplexDataLab/OpenFake,openfake_pilot_600,real,images/real/18daf12aa2da356f48f91d94987db33d702523bcb6906b640d6a2e2bdf86b463.jpg,unassigned,42
18ed85d1de33fd0780782337a9a228e54f0b191a7bf340a75cc8d390486674e5,saberzl/SID_Set,sid_set_candidate_1500,fake,images/fake/18ed85d1de33fd0780782337a9a228e54f0b191a7bf340a75cc8d390486674e5.png,unassigned,42
190e79c0a80f24d370bdc91d5b0ccc8ba26374e7029f86cef65fc3441ad1c466,saberzl/SID_Set,sid_set_candidate_1500,real,images/real/190e79c0a80f24d370bdc91d5b0ccc8ba26374e7029f86cef65fc3441ad1c466.jpg,unassigned,42
191a8ba65ff5fae2d68837eb60590b97ddcc5b701c30c8ff7ca9b770e2f13ce8,saberzl/SID_Set,sid_set_candidate_1500,fake,images/fake/191a8ba65ff5fae2d68837eb60590b97ddcc5b701c30c8ff7ca9b770e2f13ce8.png,unassigned,42
193a50148cdb4cb8b7e1d9e078f60e1913a69787b44221e4ae72be23ccefeca3,ComplexDataLab/OpenFake,openfake_additional_900,fake,images/fake/193a50148cdb4cb8b7e1d9e078f60e1913a69787b44221e4ae72be23ccefeca3.png,gold_test,42
19457c75e39c935c052e5dde70fa274c78a556c58547f9869871594bc9101387,saberzl/SID_Set,sid_set_candidate_1500,fake,images/fake/19457c75e39c935c052e5dde70fa274c78a556c58547f9869871594bc9101387.png,unassigned,42
199f58174190b1b299ed7abf5613193a38b35d4aec135069d8699f491b4debf3,saberzl/SID_Set,sid_set_candidate_1500,real,images/real/199f58174190b1b299ed7abf5613193a38b35d4aec135069d8699f491b4debf3.jpg,unassigned,42
19acabba6a6c886cf0bf07d27a22c770163b240d9a989c9649f17762d228503a,saberzl/SID_Set,sid_set_candidate_1500,real,images/real/19acabba6a6c886cf0bf07d27a22c770163b240d9a989c9649f17762d228503a.jpg,unassigned,42
19bf4afe49e7813c5bd76f6f61a7dd04c26c71f9da59ad3a58f80ee7dd3be5c0,saberzl/SID_Set,sid_set_candidate_1500,fake,images/fake/19bf4afe49e7813c5bd76f6f61a7dd04c26c71f9da59ad3a58f80ee7dd3be5c0.png,unassigned,42
19c530d2a60c0687844cc650389c43eaab499d15c6457ba593704a77a73a7007,ComplexDataLab/OpenFake,openfake_pilot_600,fake,images/fake/19c530d2a60c0687844cc650389c43eaab499d15c6457ba593704a77a73a7007.png,unassigned,42
19c7f0bd5184a3e640b2bedec797ab6499ce7ffb93a2ebae088769536f25defc,saberzl/SID_Set,sid_set_candidate_1500,real,images/real/19c7f0bd5184a3e640b2bedec797ab6499ce7ffb93a2ebae088769536f25defc.jpg,unassigned,42
19d9bd9b277b6425a04c31d3b9f7d993e62f9dd21766def9ccbaaa907bb217f0,saberzl/SID_Set,sid_set_candidate_1500,real,images/real/19d9bd9b277b6425a04c31d3b9f7d993e62f9dd21766def9ccbaaa907bb217f0.jpg,unassigned,42
19f73e2621e310f4b83b9c81d451c5aaeb67a63b5cca858cdc435262e9beafb1,saberzl/SID_Set,sid_set_candidate_1500,real,images/real/19f73e2621e310f4b83b9c81d451c5aaeb67a63b5cca858cdc435262e9beafb1.jpg,unassigned,42
19ff678e93f0e73e3253d9b50be407d464033e0f4171ef01db8fcc5ba58159af,ComplexDataLab/OpenFake,openfake_pilot_600,real,images/real/19ff678e93f0e73e3253d9b50be407d464033e0f4171ef01db8fcc5ba58159af.jpg,unassigned,42
1a0f5cdf7ab03bd0a52e189ce65385a1763cd2669eae67037a9c4c1f9928621c,saberzl/SID_Set,sid_set_candidate_1500,fake,images/fake/1a0f5cdf7ab03bd0a52e189ce65385a1763cd2669eae67037a9c4c1f9928621c.png,unassigned,42
1a10e13de0f7ba5709ede61ba4eae47b5f9837118f98f838e63d7277d9375e0d,ComplexDataLab/OpenFake,openfake_pilot_600,real,images/real/1a10e13de0f7ba5709ede61ba4eae47b5f9837118f98f838e63d7277d9375e0d.jpg,unassigned,42
1a320a3d7d11e9e95f1faa9864c68518ab3829a7ce2f2649b68a1f41e0912dc7,saberzl/SID_Set,sid_set_candidate_1500,real,images/real/1a320a3d7d11e9e95f1faa9864c68518ab3829a7ce2f2649b68a1f41e0912dc7.jpg,unassigned,42
1a74e5d0f4829aa0b8a6f24d5edfb4432b6f10cda3599c59c908f4c9057b721b,ComplexDataLab/OpenFake,openfake_pilot_600,real,images/real/1a74e5d0f4829aa0b8a6f24d5edfb4432b6f10cda3599c59c908f4c9057b721b.jpg,unassigned,42
1a81b6718f52d4787777fdd0cc65ffd0f61a5311ea5bd20c73217381c5bc0c2e,ComplexDataLab/OpenFake,openfake_pilot_600,fake,images/fake/1a81b6718f52d4787777fdd0cc65ffd0f61a5311ea5bd20c73217381c5bc0c2e.png,unassigned,42
1a8d02901738183f57a59a686fb847bcb003d46de5fd2fbf10ce889898f0d9b0,saberzl/SID_Set,sid_set_candidate_1500,real,images/real/1a8d02901738183f57a59a686fb847bcb003d46de5fd2fbf10ce889898f0d9b0.jpg,unassigned,42
1a9cac0c6837348afd7edc12beca89ece7ba9e6bc1d5849d3ae6bd62f9becf32,ComplexDataLab/OpenFake,openfake_pilot_600,fake,images/fake/1a9cac0c6837348afd7edc12beca89ece7ba9e6bc1d5849d3ae6bd62f9becf32.jpg,unassigned,42
1abd06f1eb5a9190036995b314cb6eabc033b699e7c46b561b890862d2bccd5f,saberzl/SID_Set,sid_set_candidate_1500,real,images/real/1abd06f1eb5a9190036995b314cb6eabc033b699e7c46b561b890862d2bccd5f.jpg,unassigned,42
1ae5bd41b7fae39eeeb67c0a5b47d298e4bb5d13d84446edad8b9ad6a2ceadc4,saberzl/SID_Set,sid_set_candidate_1500,real,images/real/1ae5bd41b7fae39eeeb67c0a5b47d298e4bb5d13d84446edad8b9ad6a2ceadc4.jpg,unassigned,42
1ae5f72c089dc309dbe0dc7157984efe19146c593839cf84dc434b6610a50ad9,ComplexDataLab/OpenFake,openfake_additional_900,real,images/real/1ae5f72c089dc309dbe0dc7157984efe19146c593839cf84dc434b6610a50ad9.jpg,unassigned,42
1aef516961e150465470a1132a4921b721dc9ba6c6b2fcfc2b376e62ad13499a,saberzl/SID_Set,sid_set_candidate_1500,fake,images/fake/1aef516961e150465470a1132a4921b721dc9ba6c6b2fcfc2b376e62ad13499a.png,unassigned,42
1af942d8ab3e7d2518b12df29992ddf4cf3f2571489c3dbdbdf79f4a6efb3691,ComplexDataLab/OpenFake,openfake_additional_900,real,images/real/1af942d8ab3e7d2518b12df29992ddf4cf3f2571489c3dbdbdf79f4a6efb3691.jpg,unassigned,42
1afe45d7505bc1fa8fe138c246670aa6839106b61cd4e5c991e74485cdb38dac,saberzl/SID_Set,sid_set_candidate_1500,real,images/real/1afe45d7505bc1fa8fe138c246670aa6839106b61cd4e5c991e74485cdb38dac.jpg,gold_test,42
1b0678c2c6877415d743de26b22c56407fdc7801e12c774805a9fc941304787d,saberzl/SID_Set,sid_set_candidate_1500,real,images/real/1b0678c2c6877415d743de26b22c56407fdc7801e12c774805a9fc941304787d.jpg,unassigned,42
1b47519770b8200c2add395998b54dbb594bab454e6cd1af4fe1863243eb874a,saberzl/SID_Set,sid_set_candidate_1500,real,images/real/1b47519770b8200c2add395998b54dbb594bab454e6cd1af4fe1863243eb874a.jpg,unassigned,42
1b762c6d799935302d4075ef31c5e63f6bc4fb594d726f07e7b39c77dac8024d,saberzl/SID_Set,sid_set_candidate_1500,fake,images/fake/1b762c6d799935302d4075ef31c5e63f6bc4fb594d726f07e7b39c77dac8024d.png,gold_test,42
1b93918831c1bc80d2028ba2075cb32c50618be10daf2fcdaa4b305a48dcd0d8,ComplexDataLab/OpenFake,openfake_additional_900,fake,images/fake/1b93918831c1bc80d2028ba2075cb32c50618be10daf2fcdaa4b305a48dcd0d8.png,gold_test,42
1b9848f4050f057ec149a26537531451100dbc5cc9a7a55367da05ec4c5bde26,ComplexDataLab/OpenFake,openfake_additional_900,fake,images/fake/1b9848f4050f057ec149a26537531451100dbc5cc9a7a55367da05ec4c5bde26.jpg,unassigned,42
1b9a156cda93a270a42c338aa7c29c2e8c20efa07a6fd4e2c3740dab83d5db10,saberzl/SID_Set,sid_set_candidate_1500,real,images/real/1b9a156cda93a270a42c338aa7c29c2e8c20efa07a6fd4e2c3740dab83d5db10.jpg,unassigned,42
1ba6feb03afdb7ba7a2daed115e162f9a6c1f0422c20200d46fef00693ce27f8,ComplexDataLab/OpenFake,openfake_additional_900,fake,images/fake/1ba6feb03afdb7ba7a2daed115e162f9a6c1f0422c20200d46fef00693ce27f8.png,gold_test,42
1bac358d8c506545f2bd3e16e402036ff24bb3ae17fd1f469e0a0c8e0e77db11,saberzl/SID_Set,sid_set_candidate_1500,real,images/real/1bac358d8c506545f2bd3e16e402036ff24bb3ae17fd1f469e0a0c8e0e77db11.jpg,unassigned,42
1bb1589ed6e97df41ca7fc2d12f2b4d4d2b7d96ee5105d40271407bfe8741c91,saberzl/SID_Set,sid_set_candidate_1500,fake,images/fake/1bb1589ed6e97df41ca7fc2d12f2b4d4d2b7d96ee5105d40271407bfe8741c91.png,unassigned,42
1bb9ab4aa45423831f71250ee8721029a432fa78fd0e52d1fa985cbe3b7556f1,saberzl/SID_Set,sid_set_candidate_1500,real,images/real/1bb9ab4aa45423831f71250ee8721029a432fa78fd0e52d1fa985cbe3b7556f1.jpg,unassigned,42
1bcfce7cd8f0175b51ffe4ceae69da445a1484d04c9e8637c83a4506ca4fa2dd,ComplexDataLab/OpenFake,openfake_pilot_600,fake,images/fake/1bcfce7cd8f0175b51ffe4ceae69da445a1484d04c9e8637c83a4506ca4fa2dd.webp,unassigned,42
1bd1d4f16b72cd3d16cbe1fedf769d4e1b859333ba5f4c8836688928a8e3d865,ComplexDataLab/OpenFake,openfake_pilot_600,fake,images/fake/1bd1d4f16b72cd3d16cbe1fedf769d4e1b859333ba5f4c8836688928a8e3d865.png,unassigned,42
1be0ff7dd61bb40e9e21b15aeaa62d509f3b4d50e75e4471c9ffa4c96c308900,saberzl/SID_Set,sid_set_candidate_1500,fake,images/fake/1be0ff7dd61bb40e9e21b15aeaa62d509f3b4d50e75e4471c9ffa4c96c308900.png,unassigned,42
1be2620cb340f2889a3779bd7091ed8c4e42131982d9a2b5534ad7a9aa7070ba,saberzl/SID_Set,sid_set_candidate_1500,fake,images/fake/1be2620cb340f2889a3779bd7091ed8c4e42131982d9a2b5534ad7a9aa7070ba.png,unassigned,42
1be5e2d9927b3e26d7a9e783e3f14f70b721508011d9d4bb86de940c6a31001a,ComplexDataLab/OpenFake,openfake_pilot_600,real,images/real/1be5e2d9927b3e26d7a9e783e3f14f70b721508011d9d4bb86de940c6a31001a.jpg,unassigned,42
1bfa76f151ce782e2d59b37f2ceb3f07aad397bd581f3a1d058ac9a104d62ad4,ComplexDataLab/OpenFake,openfake_pilot_600,fake,images/fake/1bfa76f151ce782e2d59b37f2ceb3f07aad397bd581f3a1d058ac9a104d62ad4.png,unassigned,42
1c23cb2695a784a2117fc8945dce614349ef2254ab19eef78d19e67b28c77597,ComplexDataLab/OpenFake,openfake_additional_900,fake,images/fake/1c23cb2695a784a2117fc8945dce614349ef2254ab19eef78d19e67b28c77597.png,unassigned,42
1c282873f278b2b62b5503e56e36d0db96614c2f21f00f74b9cb27a3dd4b28be,saberzl/SID_Set,sid_set_candidate_1500,fake,images/fake/1c282873f278b2b62b5503e56e36d0db96614c2f21f00f74b9cb27a3dd4b28be.png,unassigned,42
1c2b8f1d874d78e86dec0ef527ab337b3cef94333f7ab22470384b99399dc225,ComplexDataLab/OpenFake,openfake_additional_900,real,images/real/1c2b8f1d874d78e86dec0ef527ab337b3cef94333f7ab22470384b99399dc225.jpg,unassigned,42
1c2bd7d8820532f8959f4e311a7a12dd1089a81c3e2a61f58fcd798574422470,saberzl/SID_Set,sid_set_candidate_1500,fake,images/fake/1c2bd7d8820532f8959f4e311a7a12dd1089a81c3e2a61f58fcd798574422470.png,unassigned,42
1c332d5e8e126675bb473827e28520c1898f73a756a3df5d6cde9cfbd5787f6b,ComplexDataLab/OpenFake,openfake_additional_900,fake,images/fake/1c332d5e8e126675bb473827e28520c1898f73a756a3df5d6cde9cfbd5787f6b.png,unassigned,42
1c50b57532684c5d499e618c370e14fc9f63dc652e39268006865b34cffe7ce6,saberzl/SID_Set,sid_set_candidate_1500,real,images/real/1c50b57532684c5d499e618c370e14fc9f63dc652e39268006865b34cffe7ce6.jpg,unassigned,42
1c511eea248274819445d7738f5743951966fa609de309a52140e5b1857bbc1f,ComplexDataLab/OpenFake,openfake_additional_900,real,images/real/1c511eea248274819445d7738f5743951966fa609de309a52140e5b1857bbc1f.jpg,unassigned,42
1c6780a5229c865b623de88042515ee79e69e78d48023d9a74f589c469cf689e,ComplexDataLab/OpenFake,openfake_pilot_600,fake,images/fake/1c6780a5229c865b623de88042515ee79e69e78d48023d9a74f589c469cf689e.png,unassigned,42
1c67d2e4b8d8502d8e3abd78b6637eba1b877d3e0badaed576f459fa873f1e90,ComplexDataLab/OpenFake,openfake_pilot_600,fake,images/fake/1c67d2e4b8d8502d8e3abd78b6637eba1b877d3e0badaed576f459fa873f1e90.png,unassigned,42
1c7b3647bde78519d9252f668fabca747174238c881e148610097de71061d235,saberzl/SID_Set,sid_set_candidate_1500,real,images/real/1c7b3647bde78519d9252f668fabca747174238c881e148610097de71061d235.jpg,unassigned,42
1c9f16e1d6d8cb404e2ab836ca927743e31c31f9dda8de0d408a028de3b92932,ComplexDataLab/OpenFake,openfake_pilot_600,fake,images/fake/1c9f16e1d6d8cb404e2ab836ca927743e31c31f9dda8de0d408a028de3b92932.png,gold_development,42
1cd1dce733142672cd5255977a560ba779661f369b8f08b8e4f642a778f9f08a,ComplexDataLab/OpenFake,openfake_additional_900,real,images/real/1cd1dce733142672cd5255977a560ba779661f369b8f08b8e4f642a778f9f08a.jpg,unassigned,42
1ceebdbd8f8880e6fd354366bf72a797ed8b489b293345fb865514a68151d8aa,saberzl/SID_Set,sid_set_candidate_1500,real,images/real/1ceebdbd8f8880e6fd354366bf72a797ed8b489b293345fb865514a68151d8aa.jpg,unassigned,42
1d1b8a2442b551b32b91780328a4bc24366531bc064a1869f58c4f86900c753e,saberzl/SID_Set,sid_set_candidate_1500,real,images/real/1d1b8a2442b551b32b91780328a4bc24366531bc064a1869f58c4f86900c753e.jpg,unassigned,42
1d2089073ff8e0d4151ed1f374d5b3dd45ba6d918843f2d779effa23aa0e217f,saberzl/SID_Set,sid_set_candidate_1500,real,images/real/1d2089073ff8e0d4151ed1f374d5b3dd45ba6d918843f2d779effa23aa0e217f.jpg,unassigned,42
1d223ba5c28ea1ff99c242bb1ff9ffb57707d9e2dca2516a819de97301b8c904,ComplexDataLab/OpenFake,openfake_additional_900,fake,images/fake/1d223ba5c28ea1ff99c242bb1ff9ffb57707d9e2dca2516a819de97301b8c904.png,gold_test,42
1d5a25e27f0cfee2f925f703e34e2d41463b1bc819660fdfeff09233e9f063cb,ComplexDataLab/OpenFake,openfake_additional_900,fake,images/fake/1d5a25e27f0cfee2f925f703e34e2d41463b1bc819660fdfeff09233e9f063cb.webp,unassigned,42
1d6e81a577421daad58703ef03ba3c8b9ff1d3d3d314336c0a13573ed0e17e07,saberzl/SID_Set,sid_set_candidate_1500,real,images/real/1d6e81a577421daad58703ef03ba3c8b9ff1d3d3d314336c0a13573ed0e17e07.jpg,unassigned,42
1d81ec86b6a05e7dfbbf2409bc7978e1f3176df178958ffc83cf2469e112dadc,saberzl/SID_Set,sid_set_candidate_1500,real,images/real/1d81ec86b6a05e7dfbbf2409bc7978e1f3176df178958ffc83cf2469e112dadc.jpg,unassigned,42
1dbb0316c9fdf94ae2b48543f4005940e52d5ad7dd8664a02c2294f1c5fd064a,ComplexDataLab/OpenFake,openfake_additional_900,fake,images/fake/1dbb0316c9fdf94ae2b48543f4005940e52d5ad7dd8664a02c2294f1c5fd064a.png,unassigned,42
1ddc677fcc78f68516a3331923ddfb017eaa07842db6921aecfb0845eaacdaf5,ComplexDataLab/OpenFake,openfake_additional_900,fake,images/fake/1ddc677fcc78f68516a3331923ddfb017eaa07842db6921aecfb0845eaacdaf5.png,unassigned,42
1de70679b5e3a7615f252eb15b5b32c95b78e3acb9f1c487cb43c3cff56e8a3f,saberzl/SID_Set,sid_set_candidate_1500,fake,images/fake/1de70679b5e3a7615f252eb15b5b32c95b78e3acb9f1c487cb43c3cff56e8a3f.png,unassigned,42
1e0fdd36b56edf7d7e76996eca0f833cb0259dfeb8490637db97f6ebee28b050,saberzl/SID_Set,sid_set_candidate_1500,fake,images/fake/1e0fdd36b56edf7d7e76996eca0f833cb0259dfeb8490637db97f6ebee28b050.png,gold_test,42
1e1815c3cf036b9a54d15506ee3edc36e925a2ed3a5afe65a0e63cc76c5b6956,ComplexDataLab/OpenFake,openfake_additional_900,real,images/real/1e1815c3cf036b9a54d15506ee3edc36e925a2ed3a5afe65a0e63cc76c5b6956.jpg,unassigned,42
1e42e2aef08ddfe7d7325a55ac54fda825b3e5ba5131ec6d7e3edfb09bb70bcb,saberzl/SID_Set,sid_set_candidate_1500,real,images/real/1e42e2aef08ddfe7d7325a55ac54fda825b3e5ba5131ec6d7e3edfb09bb70bcb.jpg,unassigned,42
1e5425fe731c255b04fae5cb0dfc5e8434f6186545852d234d033670d3c449f9,saberzl/SID_Set,sid_set_candidate_1500,real,images/real/1e5425fe731c255b04fae5cb0dfc5e8434f6186545852d234d033670d3c449f9.jpg,unassigned,42
1e86aea4d75400d0ca1e174e2358bd0c239d76ffab6f356a64909ce0f17aeb17,ComplexDataLab/OpenFake,openfake_pilot_600,real,images/real/1e86aea4d75400d0ca1e174e2358bd0c239d76ffab6f356a64909ce0f17aeb17.jpg,unassigned,42
1e91a5f1bf287a719f8cc7d3ca3c5d16554bb29d805404517528c12ec810b819,ComplexDataLab/OpenFake,openfake_pilot_600,fake,images/fake/1e91a5f1bf287a719f8cc7d3ca3c5d16554bb29d805404517528c12ec810b819.png,unassigned,42
1ec60f4a00f16de352c4f1c64ad24f08abe579befc4f069b0734d924cda31113,saberzl/SID_Set,sid_set_candidate_1500,real,images/real/1ec60f4a00f16de352c4f1c64ad24f08abe579befc4f069b0734d924cda31113.jpg,unassigned,42
1f138752111917dfb17d14f425105459ff243d47b4db1c8750e86b16c1ab75c4,saberzl/SID_Set,sid_set_candidate_1500,real,images/real/1f138752111917dfb17d14f425105459ff243d47b4db1c8750e86b16c1ab75c4.jpg,unassigned,42
1f61805373af202b8f3a8bbb2b0dc65d9e686a36969feb72d8681ab9af86b406,ComplexDataLab/OpenFake,openfake_additional_900,real,images/real/1f61805373af202b8f3a8bbb2b0dc65d9e686a36969feb72d8681ab9af86b406.jpg,unassigned,42
1f61b2c9c066e8171d2a5173011654033789b4bb071a0e851f0c3b46e9292bd8,ComplexDataLab/OpenFake,openfake_additional_900,fake,images/fake/1f61b2c9c066e8171d2a5173011654033789b4bb071a0e851f0c3b46e9292bd8.jpg,unassigned,42
1f63843ff6f2f8dbe07fbf2d65fed8c884e1bdab06904ce31b33132ac47b3275,ComplexDataLab/OpenFake,openfake_pilot_600,real,images/real/1f63843ff6f2f8dbe07fbf2d65fed8c884e1bdab06904ce31b33132ac47b3275.jpg,unassigned,42
1f6d787b0f4beab62e61c1386d9e4121d3485bc557181bf5027c89521c0bdbf0,ComplexDataLab/OpenFake,openfake_additional_900,real,images/real/1f6d787b0f4beab62e61c1386d9e4121d3485bc557181bf5027c89521c0bdbf0.jpg,unassigned,42
1f71f5110b4e5aa7e41750c81827dfff8d9e20977411b72089994f23ef606a05,ComplexDataLab/OpenFake,openfake_additional_900,real,images/real/1f71f5110b4e5aa7e41750c81827dfff8d9e20977411b72089994f23ef606a05.jpg,unassigned,42
1f96e0577e81ac6c855d00d6398136a507552cdeb4ad8cfbeb5b478fad80d62b,saberzl/SID_Set,sid_set_candidate_1500,fake,images/fake/1f96e0577e81ac6c855d00d6398136a507552cdeb4ad8cfbeb5b478fad80d62b.png,unassigned,42
1fa0b95c4493c98b5e5d68ae4bb42660d4388152a4948c40edc6189817d00a1f,ComplexDataLab/OpenFake,openfake_additional_900,real,images/real/1fa0b95c4493c98b5e5d68ae4bb42660d4388152a4948c40edc6189817d00a1f.jpg,gold_test,42
1fb6cab0fbcc6d47276a70ab57244452848733f6e2159bef8fffe04cf67720a4,saberzl/SID_Set,sid_set_candidate_1500,fake,images/fake/1fb6cab0fbcc6d47276a70ab57244452848733f6e2159bef8fffe04cf67720a4.png,unassigned,42
1fbcc329ce2eca0a15ef45780971a900562688229df75884d1b35f598b44f36a,saberzl/SID_Set,sid_set_candidate_1500,fake,images/fake/1fbcc329ce2eca0a15ef45780971a900562688229df75884d1b35f598b44f36a.png,unassigned,42
1fc9da9c6849fe1d80a2981815b897aeb8bc106286466266d28e01acc2aea7fc,ComplexDataLab/OpenFake,openfake_additional_900,fake,images/fake/1fc9da9c6849fe1d80a2981815b897aeb8bc106286466266d28e01acc2aea7fc.png,unassigned,42
1ffbe318c71601c7e01c45b979b6d63eba2822c1168ddc599ad0cf24be1e116e,saberzl/SID_Set,sid_set_candidate_1500,real,images/real/1ffbe318c71601c7e01c45b979b6d63eba2822c1168ddc599ad0cf24be1e116e.jpg,unassigned,42
200a7a0052861e463d5f05ca2d582ce0304724531b964d437aeb3b11082f3c01,saberzl/SID_Set,sid_set_candidate_1500,fake,images/fake/200a7a0052861e463d5f05ca2d582ce0304724531b964d437aeb3b11082f3c01.png,unassigned,42
201a3944a15f8277dc3252c87ea60a35d2c5dadf9bdf7cf6dba4829303b4d6c3,saberzl/SID_Set,sid_set_candidate_1500,fake,images/fake/201a3944a15f8277dc3252c87ea60a35d2c5dadf9bdf7cf6dba4829303b4d6c3.png,unassigned,42
202051299b3c85a969c850232af06ff65ca1815c05dd12f92b11bded9346cdeb,ComplexDataLab/OpenFake,openfake_additional_900,fake,images/fake/202051299b3c85a969c850232af06ff65ca1815c05dd12f92b11bded9346cdeb.jpg,unassigned,42
2029415654491971b94d758e2f960e967e049c95a9a42de6e8659b7ac6383fe3,ComplexDataLab/OpenFake,openfake_pilot_600,fake,images/fake/2029415654491971b94d758e2f960e967e049c95a9a42de6e8659b7ac6383fe3.png,gold_development,42
20417e1c26d98dbe985a4ab739e60dfb1330e340f3632d4b082f05e5d1bdc41d,saberzl/SID_Set,sid_set_candidate_1500,fake,images/fake/20417e1c26d98dbe985a4ab739e60dfb1330e340f3632d4b082f05e5d1bdc41d.png,unassigned,42
204e2917f387ef3b3953f2993ad6e95a032eed89f66f267e2b209e3734446ace,ComplexDataLab/OpenFake,openfake_additional_900,fake,images/fake/204e2917f387ef3b3953f2993ad6e95a032eed89f66f267e2b209e3734446ace.png,unassigned,42
205618b191a6359f037868281a1d2080a198b0d6ca4c09d8db52c86d2dda4f5d,saberzl/SID_Set,sid_set_candidate_1500,fake,images/fake/205618b191a6359f037868281a1d2080a198b0d6ca4c09d8db52c86d2dda4f5d.png,unassigned,42
206836d644b1161367c6085da37bf09881d3427c0f34e4d8857116e18cb453a1,saberzl/SID_Set,sid_set_candidate_1500,fake,images/fake/206836d644b1161367c6085da37bf09881d3427c0f34e4d8857116e18cb453a1.png,unassigned,42
2098e4c6f7f12cb9e27b62261770bb72ec17872bab7dbe9b21d636111db64581,saberzl/SID_Set,sid_set_candidate_1500,fake,images/fake/2098e4c6f7f12cb9e27b62261770bb72ec17872bab7dbe9b21d636111db64581.png,unassigned,42
20bc7fd943d66a5a881da71b0ab73149c472279c30bc5f0b23a4138a063ec57d,ComplexDataLab/OpenFake,openfake_additional_900,real,images/real/20bc7fd943d66a5a881da71b0ab73149c472279c30bc5f0b23a4138a063ec57d.jpg,unassigned,42
20bd466274c688abc8452f933269fa86ea7188256c2a3ff6e2edac11f965ffa2,saberzl/SID_Set,sid_set_candidate_1500,real,images/real/20bd466274c688abc8452f933269fa86ea7188256c2a3ff6e2edac11f965ffa2.jpg,unassigned,42
20cf6b08c79a9bb48af20a7420430001d1f9fcb8709449be4c4b42d0e1d8e112,saberzl/SID_Set,sid_set_candidate_1500,fake,images/fake/20cf6b08c79a9bb48af20a7420430001d1f9fcb8709449be4c4b42d0e1d8e112.png,unassigned,42
20e030659e9887f1546479f72bcc243850b2286dee1c0047e270897dd9e2bffc,saberzl/SID_Set,sid_set_candidate_1500,real,images/real/20e030659e9887f1546479f72bcc243850b2286dee1c0047e270897dd9e2bffc.jpg,gold_test,42
20eb12a89eaf1a8af0ac282c3dd6e89d1517fe082b608b3f3f333cdb279ab30f,saberzl/SID_Set,sid_set_candidate_1500,real,images/real/20eb12a89eaf1a8af0ac282c3dd6e89d1517fe082b608b3f3f333cdb279ab30f.jpg,unassigned,42
20f40fc72b78a4fbcf36e9f31394da7a739e50d418754d37a81e616f20d3acb6,ComplexDataLab/OpenFake,openfake_pilot_600,real,images/real/20f40fc72b78a4fbcf36e9f31394da7a739e50d418754d37a81e616f20d3acb6.jpg,unassigned,42
20fbee41667b5ee765ed2c62353a0885f4004570a92b191b60f7e249e3fe7343,saberzl/SID_Set,sid_set_candidate_1500,real,images/real/20fbee41667b5ee765ed2c62353a0885f4004570a92b191b60f7e249e3fe7343.jpg,gold_test,42
210ab0f8fc6859fd37a4ebe1b0b9520505345730486821eedf5a4cb981c16da1,ComplexDataLab/OpenFake,openfake_pilot_600,fake,images/fake/210ab0f8fc6859fd37a4ebe1b0b9520505345730486821eedf5a4cb981c16da1.webp,unassigned,42
210ad771646e8be549b79ee1fe5eccb64e24eabb8c53edfbf15292d52efb2c5c,saberzl/SID_Set,sid_set_candidate_1500,real,images/real/210ad771646e8be549b79ee1fe5eccb64e24eabb8c53edfbf15292d52efb2c5c.jpg,unassigned,42
21256fcf694121235a2860ed04b87a197017608ffa80d67757445478345a7fac,saberzl/SID_Set,sid_set_candidate_1500,real,images/real/21256fcf694121235a2860ed04b87a197017608ffa80d67757445478345a7fac.jpg,unassigned,42
21512ca0a045cfa4732e70e5376b4584e1f48a97910055b7d741fe5b7623f1cf,saberzl/SID_Set,sid_set_candidate_1500,fake,images/fake/21512ca0a045cfa4732e70e5376b4584e1f48a97910055b7d741fe5b7623f1cf.png,unassigned,42
215fc319b724f92612b408c7c975f3148125687f75c1bd5cdfcb52cde613cab0,saberzl/SID_Set,sid_set_candidate_1500,real,images/real/215fc319b724f92612b408c7c975f3148125687f75c1bd5cdfcb52cde613cab0.jpg,gold_test,42
216bcaf01f6a299af7afbfbee58ddd6605f07021873572a39cf69f66e956cb9c,ComplexDataLab/OpenFake,openfake_additional_900,fake,images/fake/216bcaf01f6a299af7afbfbee58ddd6605f07021873572a39cf69f66e956cb9c.webp,unassigned,42
21773b1538f82236655b407b03afb13c87ec27c054f703e4656333aaeb67bc82,ComplexDataLab/OpenFake,openfake_pilot_600,real,images/real/21773b1538f82236655b407b03afb13c87ec27c054f703e4656333aaeb67bc82.jpg,unassigned,42
21aee744ba7ffaa3ac5a4d4f8a1c7d4b50fd19b45ffe0d0f15b527bc96f4209b,ComplexDataLab/OpenFake,openfake_additional_900,real,images/real/21aee744ba7ffaa3ac5a4d4f8a1c7d4b50fd19b45ffe0d0f15b527bc96f4209b.jpg,unassigned,42
21c59e3c8f2c33ff5b59b584dae4a18ab0c37c9fc1ba3149cfd0f59f18580dc7,ComplexDataLab/OpenFake,openfake_additional_900,fake,images/fake/21c59e3c8f2c33ff5b59b584dae4a18ab0c37c9fc1ba3149cfd0f59f18580dc7.png,unassigned,42
21ccf6fafb3f31f0231951aa7f44c3bd205c2b918b1b562b6dd289ff9389b8d6,saberzl/SID_Set,sid_set_candidate_1500,real,images/real/21ccf6fafb3f31f0231951aa7f44c3bd205c2b918b1b562b6dd289ff9389b8d6.jpg,unassigned,42
21ea124c36f8366371fb905bd1cd4db4d9b96d3309003dab60772f6341d4392c,ComplexDataLab/OpenFake,openfake_pilot_600,fake,images/fake/21ea124c36f8366371fb905bd1cd4db4d9b96d3309003dab60772f6341d4392c.png,unassigned,42
21fb82c8bef1d4e3c77ba14e05a1d3d5e5b0c1bf68c622220f89622f01d8ad42,saberzl/SID_Set,sid_set_candidate_1500,fake,images/fake/21fb82c8bef1d4e3c77ba14e05a1d3d5e5b0c1bf68c622220f89622f01d8ad42.png,unassigned,42
2293bde9faae7810bcf4b395b8e30863f46930d3f8238ac986c58a52544976eb,ComplexDataLab/OpenFake,openfake_pilot_600,real,images/real/2293bde9faae7810bcf4b395b8e30863f46930d3f8238ac986c58a52544976eb.jpg,gold_development,42
229582526b538909b538ba4557d0b511190c736ce906b6b3e01e300434bb3465,saberzl/SID_Set,sid_set_candidate_1500,fake,images/fake/229582526b538909b538ba4557d0b511190c736ce906b6b3e01e300434bb3465.png,unassigned,42
22961a692926514942625475c0cda89138bcf16ae26d6c28cf1b0e4c17c9cc5f,saberzl/SID_Set,sid_set_candidate_1500,fake,images/fake/22961a692926514942625475c0cda89138bcf16ae26d6c28cf1b0e4c17c9cc5f.png,unassigned,42
22b239a0faf06fbd49ed094507986d70fd095a2dfdb6fb1ed7af39ad56e402f4,ComplexDataLab/OpenFake,openfake_additional_900,real,images/real/22b239a0faf06fbd49ed094507986d70fd095a2dfdb6fb1ed7af39ad56e402f4.jpg,unassigned,42
22b32bafa7d23ac7ee065a75540bc3d8939c4ec413972be927c90a6d9eda6b40,ComplexDataLab/OpenFake,openfake_pilot_600,fake,images/fake/22b32bafa7d23ac7ee065a75540bc3d8939c4ec413972be927c90a6d9eda6b40.png,unassigned,42
22b65e60c4f72e2154b8ed8816a1b979f87e36ce680d57dde8f550cade10efb3,saberzl/SID_Set,sid_set_candidate_1500,fake,images/fake/22b65e60c4f72e2154b8ed8816a1b979f87e36ce680d57dde8f550cade10efb3.png,unassigned,42
22c62153792403ad5d7223c93ee68daa44da0bb2c7f5bbad9d6dc92212293a2e,saberzl/SID_Set,sid_set_candidate_1500,real,images/real/22c62153792403ad5d7223c93ee68daa44da0bb2c7f5bbad9d6dc92212293a2e.jpg,unassigned,42
22f57b1146d5f400d4f3f16eebbf7913e518620e318f53cc409eec675603dda4,ComplexDataLab/OpenFake,openfake_additional_900,fake,images/fake/22f57b1146d5f400d4f3f16eebbf7913e518620e318f53cc409eec675603dda4.webp,unassigned,42
2310020a213b01bf1670b613b67cdf54d9e078a63f232a388bb13df0d4522ee5,ComplexDataLab/OpenFake,openfake_pilot_600,fake,images/fake/2310020a213b01bf1670b613b67cdf54d9e078a63f232a388bb13df0d4522ee5.png,gold_development,42
231b2eb5907718354a23a4ffe402eea77fd5ddb9b3954bb3e1acb887db9fb1e7,saberzl/SID_Set,sid_set_candidate_1500,real,images/real/231b2eb5907718354a23a4ffe402eea77fd5ddb9b3954bb3e1acb887db9fb1e7.jpg,unassigned,42
23367e4b857d9d06a0326726543152a6109eb116b92f6b338ca9118bbf079759,saberzl/SID_Set,sid_set_candidate_1500,fake,images/fake/23367e4b857d9d06a0326726543152a6109eb116b92f6b338ca9118bbf079759.png,unassigned,42
234591f69ed573280e146297f67a0ca4e9684628c61c615f18d590e48411ead1,saberzl/SID_Set,sid_set_candidate_1500,real,images/real/234591f69ed573280e146297f67a0ca4e9684628c61c615f18d590e48411ead1.jpg,unassigned,42
235d9f65a8c97509cac0377ad675b47300331e576b4880821385f46069ad8af7,saberzl/SID_Set,sid_set_candidate_1500,real,images/real/235d9f65a8c97509cac0377ad675b47300331e576b4880821385f46069ad8af7.jpg,unassigned,42
238dc01f477361205f1b78148e651bdfffc9cea68a859313f1a3a9308041c57e,ComplexDataLab/OpenFake,openfake_additional_900,real,images/real/238dc01f477361205f1b78148e651bdfffc9cea68a859313f1a3a9308041c57e.jpg,unassigned,42
23e0f9c0fe7eac99d6b4ac0b15cacc3f4b41de3c447e01175c3c5c416196018d,saberzl/SID_Set,sid_set_candidate_1500,real,images/real/23e0f9c0fe7eac99d6b4ac0b15cacc3f4b41de3c447e01175c3c5c416196018d.jpg,unassigned,42
23e1d612da5e19bee8be3587968610da0428ba51b733e9886ac22512336f7c71,ComplexDataLab/OpenFake,openfake_pilot_600,real,images/real/23e1d612da5e19bee8be3587968610da0428ba51b733e9886ac22512336f7c71.jpg,unassigned,42
23f7cc8d9bfb67ea3beae2d0af0b36f22aaac3f26a9700949eeff698de5014fe,saberzl/SID_Set,sid_set_candidate_1500,fake,images/fake/23f7cc8d9bfb67ea3beae2d0af0b36f22aaac3f26a9700949eeff698de5014fe.png,unassigned,42
2432540bf787360e4d81b58b71bf29c5c24dfa6a866bbba40e44ab7bb9df3fea,ComplexDataLab/OpenFake,openfake_additional_900,fake,images/fake/2432540bf787360e4d81b58b71bf29c5c24dfa6a866bbba40e44ab7bb9df3fea.png,unassigned,42
2432f6e46cb39daab2bed6d38a310b02606bab3d8c56a2d08e30a901e9cb5fc2,ComplexDataLab/OpenFake,openfake_additional_900,real,images/real/2432f6e46cb39daab2bed6d38a310b02606bab3d8c56a2d08e30a901e9cb5fc2.jpg,unassigned,42
244b8bd1f5f9f9df069430a5d0b2253d5f3fb2bb8141e1aabcbc51d1ed99551a,ComplexDataLab/OpenFake,openfake_additional_900,real,images/real/244b8bd1f5f9f9df069430a5d0b2253d5f3fb2bb8141e1aabcbc51d1ed99551a.jpg,gold_test,42
244fa1c119c5f1ce6c620608b80d69fa37d770ac565d804261d32e5baade078f,ComplexDataLab/OpenFake,openfake_pilot_600,fake,images/fake/244fa1c119c5f1ce6c620608b80d69fa37d770ac565d804261d32e5baade078f.png,unassigned,42
245405dca9ff5ec91ce902a813c082c9eb32fc09f6b4e9f2e70f5834ab8c662c,saberzl/SID_Set,sid_set_candidate_1500,fake,images/fake/245405dca9ff5ec91ce902a813c082c9eb32fc09f6b4e9f2e70f5834ab8c662c.png,unassigned,42
2456243d6713c8b1a36d9e1cbb885666729fa92cb657129aa7f5dcd084b2f5dc,saberzl/SID_Set,sid_set_candidate_1500,real,images/real/2456243d6713c8b1a36d9e1cbb885666729fa92cb657129aa7f5dcd084b2f5dc.jpg,unassigned,42
2457330713fd03ba2d0c72c7c5cf58c050a4202d08e558879a50b903af5e34a0,saberzl/SID_Set,sid_set_candidate_1500,fake,images/fake/2457330713fd03ba2d0c72c7c5cf58c050a4202d08e558879a50b903af5e34a0.png,unassigned,42
245c6dbf7b290c17f7dff7707696369cfc7c789495d04c7ced51e038a728455d,ComplexDataLab/OpenFake,openfake_pilot_600,real,images/real/245c6dbf7b290c17f7dff7707696369cfc7c789495d04c7ced51e038a728455d.jpg,unassigned,42
24698cfc6224279dd379faacb358e313d713b54903239cc66ca5c7baaf848e42,saberzl/SID_Set,sid_set_candidate_1500,real,images/real/24698cfc6224279dd379faacb358e313d713b54903239cc66ca5c7baaf848e42.jpg,unassigned,42
248f69db77d07800d75d4814c27f97d502961597cd3f22d67a7eb1a61deb4a28,saberzl/SID_Set,sid_set_candidate_1500,real,images/real/248f69db77d07800d75d4814c27f97d502961597cd3f22d67a7eb1a61deb4a28.jpg,unassigned,42
249bc76070d4b6dac7fe2d9cd4f9022791155cf53f40ac77a1f1a46824f25d0e,ComplexDataLab/OpenFake,openfake_additional_900,real,images/real/249bc76070d4b6dac7fe2d9cd4f9022791155cf53f40ac77a1f1a46824f25d0e.jpg,unassigned,42
249ced550c605549f65fb91397e111932c4a91930484391541ce23e84d24b95c,saberzl/SID_Set,sid_set_candidate_1500,real,images/real/249ced550c605549f65fb91397e111932c4a91930484391541ce23e84d24b95c.jpg,unassigned,42
24a696fb1a873bec98ee896ee42c155138585ae05fca68727e207fe9f4ace5d7,ComplexDataLab/OpenFake,openfake_pilot_600,fake,images/fake/24a696fb1a873bec98ee896ee42c155138585ae05fca68727e207fe9f4ace5d7.png,gold_development,42
24b723f3555be4d0e4a65141ebfc7ffc990649e739d77443490d7dcffa29c9e5,ComplexDataLab/OpenFake,openfake_additional_900,fake,images/fake/24b723f3555be4d0e4a65141ebfc7ffc990649e739d77443490d7dcffa29c9e5.png,unassigned,42
24c4c671e918f7c19c59fa17dac7809a009b16b52d067a00052474c8226306aa,saberzl/SID_Set,sid_set_candidate_1500,fake,images/fake/24c4c671e918f7c19c59fa17dac7809a009b16b52d067a00052474c8226306aa.png,unassigned,42
24d498d3de2afbd47c2589fdcf13036be6856aeac0cc7ca6d395f9d6cf07d56a,saberzl/SID_Set,sid_set_candidate_1500,real,images/real/24d498d3de2afbd47c2589fdcf13036be6856aeac0cc7ca6d395f9d6cf07d56a.jpg,unassigned,42
250c950db0e8dd1b3fdfae71328a90eb435dc794eead422a361c1b3f3f8e1a6b,saberzl/SID_Set,sid_set_candidate_1500,fake,images/fake/250c950db0e8dd1b3fdfae71328a90eb435dc794eead422a361c1b3f3f8e1a6b.png,gold_test,42
250fcc22ee1d042f99f665147675bfa5f5dc534d0634a87caf1300165f39e7c7,saberzl/SID_Set,sid_set_candidate_1500,fake,images/fake/250fcc22ee1d042f99f665147675bfa5f5dc534d0634a87caf1300165f39e7c7.png,unassigned,42
25132420b6932c0a4cfd259d844dbcca97fd730286082f42486ebb93b5eeb8d7,ComplexDataLab/OpenFake,openfake_pilot_600,real,images/real/25132420b6932c0a4cfd259d844dbcca97fd730286082f42486ebb93b5eeb8d7.jpg,unassigned,42
2554b23bdf6bc5559f93bf1f6db54732700c6bbdabe57c77b283804122b213f4,ComplexDataLab/OpenFake,openfake_pilot_600,real,images/real/2554b23bdf6bc5559f93bf1f6db54732700c6bbdabe57c77b283804122b213f4.jpg,gold_development,42
258a4fff7d57375204900017cb13fc6f61e4a297958d1c00f29a75e508b16283,ComplexDataLab/OpenFake,openfake_pilot_600,fake,images/fake/258a4fff7d57375204900017cb13fc6f61e4a297958d1c00f29a75e508b16283.png,unassigned,42
2594de6c9f6625725e5f45286bf191b0c986ab7be1ee6bdedfd926333a0e5499,saberzl/SID_Set,sid_set_candidate_1500,fake,images/fake/2594de6c9f6625725e5f45286bf191b0c986ab7be1ee6bdedfd926333a0e5499.png,unassigned,42
259b62241565cbddbedef0871964e97143e41b4a1621eabb59f1ff8af137fd40,saberzl/SID_Set,sid_set_candidate_1500,fake,images/fake/259b62241565cbddbedef0871964e97143e41b4a1621eabb59f1ff8af137fd40.png,unassigned,42
25a0f88d3511166b8649c9a7adaa251823ab583caa866f54a5d127668321f823,saberzl/SID_Set,sid_set_candidate_1500,fake,images/fake/25a0f88d3511166b8649c9a7adaa251823ab583caa866f54a5d127668321f823.png,unassigned,42
25a391bc2db5bf67c2da56c8dff03dea99a8770533c4bd0917c97eb299a39196,ComplexDataLab/OpenFake,openfake_pilot_600,real,images/real/25a391bc2db5bf67c2da56c8dff03dea99a8770533c4bd0917c97eb299a39196.jpg,unassigned,42
25e41aa51dc6e739cf4e77ef570612af965e1a7c89de8b27a333a65ac05b1326,ComplexDataLab/OpenFake,openfake_pilot_600,fake,images/fake/25e41aa51dc6e739cf4e77ef570612af965e1a7c89de8b27a333a65ac05b1326.webp,gold_development,42
25f6ca5da1c27d4b83b2f225eed83fa221a80ad802611b382dbb28aa180232cd,ComplexDataLab/OpenFake,openfake_additional_900,real,images/real/25f6ca5da1c27d4b83b2f225eed83fa221a80ad802611b382dbb28aa180232cd.jpg,gold_test,42
2615f941b64aa628d24d16cdb7d1da7a2f9975815d49d3f8969eb4fc672b75d9,ComplexDataLab/OpenFake,openfake_additional_900,real,images/real/2615f941b64aa628d24d16cdb7d1da7a2f9975815d49d3f8969eb4fc672b75d9.jpg,gold_test,42
2616ae726257175cbc4aee0907a4a767fe09f6d053a48083a30d22315b722736,saberzl/SID_Set,sid_set_candidate_1500,real,images/real/2616ae726257175cbc4aee0907a4a767fe09f6d053a48083a30d22315b722736.jpg,unassigned,42
2634b7e1237bbf3efe74fcf5616823166f3925d25e6f0993128a38fad8478fc8,ComplexDataLab/OpenFake,openfake_pilot_600,fake,images/fake/2634b7e1237bbf3efe74fcf5616823166f3925d25e6f0993128a38fad8478fc8.png,unassigned,42
26554ec623d577e9f032586e09f08cd4b2fdcb872c8bffb65eaa0d6e0dba4a29,saberzl/SID_Set,sid_set_candidate_1500,real,images/real/26554ec623d577e9f032586e09f08cd4b2fdcb872c8bffb65eaa0d6e0dba4a29.jpg,unassigned,42
26a57244bce0d8d73e339fb823acfc14134ed844ef1ea28d18826105599261ca,saberzl/SID_Set,sid_set_candidate_1500,real,images/real/26a57244bce0d8d73e339fb823acfc14134ed844ef1ea28d18826105599261ca.jpg,unassigned,42
26d1386fe0f18bd55800603f8bc81c87b95c42438ab94de90088248282620a30,saberzl/SID_Set,sid_set_candidate_1500,real,images/real/26d1386fe0f18bd55800603f8bc81c87b95c42438ab94de90088248282620a30.jpg,unassigned,42
26d332cdb2027871c60be2fed4e8345e0a34fc2c48ac3cc2a093161f906ddf68,saberzl/SID_Set,sid_set_candidate_1500,real,images/real/26d332cdb2027871c60be2fed4e8345e0a34fc2c48ac3cc2a093161f906ddf68.jpg,unassigned,42
2700a6ba8ca8737fca61bae67a3c5dd3faa9e33dd9e67b117bb7e5d5f6fcfa70,saberzl/SID_Set,sid_set_candidate_1500,real,images/real/2700a6ba8ca8737fca61bae67a3c5dd3faa9e33dd9e67b117bb7e5d5f6fcfa70.jpg,unassigned,42
270c5de8b1642e10e28105974382134caa9c631f7dce25554f24023dea8d8e6e,saberzl/SID_Set,sid_set_candidate_1500,real,images/real/270c5de8b1642e10e28105974382134caa9c631f7dce25554f24023dea8d8e6e.jpg,unassigned,42
27181a257121302906ac0825fc5d0e30cd3dab312953c70192c3ebe202a31e68,ComplexDataLab/OpenFake,openfake_additional_900,fake,images/fake/27181a257121302906ac0825fc5d0e30cd3dab312953c70192c3ebe202a31e68.png,unassigned,42
273990b3d2312cbca678fc53171979ca5a1b19948f05d1647e9136091731c7d4,ComplexDataLab/OpenFake,openfake_additional_900,fake,images/fake/273990b3d2312cbca678fc53171979ca5a1b19948f05d1647e9136091731c7d4.png,unassigned,42
275d599c78b270ae7a59a921d94febffe3a86d55455897e09cb33a3e1346e8b7,saberzl/SID_Set,sid_set_candidate_1500,real,images/real/275d599c78b270ae7a59a921d94febffe3a86d55455897e09cb33a3e1346e8b7.jpg,unassigned,42
27676cf12a8579e86c2903278ca9895b83138016d5de96f94183b0b0dd736a5f,ComplexDataLab/OpenFake,openfake_pilot_600,real,images/real/27676cf12a8579e86c2903278ca9895b83138016d5de96f94183b0b0dd736a5f.jpg,unassigned,42
276ffb73a65cb42cf4b58833a7009a4d1bd8138a8c2e89da3b32de767a9a8305,ComplexDataLab/OpenFake,openfake_pilot_600,fake,images/fake/276ffb73a65cb42cf4b58833a7009a4d1bd8138a8c2e89da3b32de767a9a8305.png,gold_test,42
2791a0894d6747cabd0d8814312e2917c77679e14b4232e4d2654061a935f919,ComplexDataLab/OpenFake,openfake_additional_900,real,images/real/2791a0894d6747cabd0d8814312e2917c77679e14b4232e4d2654061a935f919.jpg,unassigned,42
27959c275c42cb9bef4bb287672e84e13c39ac9bbe2e8cc2990133948315944a,ComplexDataLab/OpenFake,openfake_additional_900,real,images/real/27959c275c42cb9bef4bb287672e84e13c39ac9bbe2e8cc2990133948315944a.jpg,unassigned,42
27a8837396877f6e6c79abe739a969bbbed572cbab48a8ad372f4b3bec846b6e,ComplexDataLab/OpenFake,openfake_pilot_600,fake,images/fake/27a8837396877f6e6c79abe739a969bbbed572cbab48a8ad372f4b3bec846b6e.png,unassigned,42
27a886a9c1db43eb8f36f42ac30d2024be1a476db0fc3e61cd4ecc06e36655fe,saberzl/SID_Set,sid_set_candidate_1500,real,images/real/27a886a9c1db43eb8f36f42ac30d2024be1a476db0fc3e61cd4ecc06e36655fe.jpg,unassigned,42
27a8b2d173e69b062fed5ae9c96b8a439ec767cb7258a89255108a380acdd3ff,ComplexDataLab/OpenFake,openfake_additional_900,real,images/real/27a8b2d173e69b062fed5ae9c96b8a439ec767cb7258a89255108a380acdd3ff.jpg,gold_test,42
27af497e36089218690a7ca84aab644962e880ebbc055e4a34462d2493e6091d,saberzl/SID_Set,sid_set_candidate_1500,fake,images/fake/27af497e36089218690a7ca84aab644962e880ebbc055e4a34462d2493e6091d.png,unassigned,42
27bd2140e36ee16d66e0b0ee2aad1636b95331545b1f7484d50f278775a32719,saberzl/SID_Set,sid_set_candidate_1500,real,images/real/27bd2140e36ee16d66e0b0ee2aad1636b95331545b1f7484d50f278775a32719.jpg,unassigned,42
27c0c0973196a2d3c89f636e7b6068a17bd860804c862891d36284660d5d33b1,ComplexDataLab/OpenFake,openfake_additional_900,real,images/real/27c0c0973196a2d3c89f636e7b6068a17bd860804c862891d36284660d5d33b1.jpg,unassigned,42
27c52dbcb62b80b4210302a82419645352ee1e05b2d57dc9f1f0ceeeec9c3140,saberzl/SID_Set,sid_set_candidate_1500,fake,images/fake/27c52dbcb62b80b4210302a82419645352ee1e05b2d57dc9f1f0ceeeec9c3140.png,gold_test,42
27dd2e18e8f1b1581c6fe5442368cec27738923f12cb891af27acda9d5d95d51,saberzl/SID_Set,sid_set_candidate_1500,fake,images/fake/27dd2e18e8f1b1581c6fe5442368cec27738923f12cb891af27acda9d5d95d51.png,unassigned,42
27f6a88a65545ffb99a694d639ce6f5f1a582803a771d843303f34c15d8a3683,saberzl/SID_Set,sid_set_candidate_1500,real,images/real/27f6a88a65545ffb99a694d639ce6f5f1a582803a771d843303f34c15d8a3683.jpg,unassigned,42
280c4f3c4b87f5c3ee9f8ecd8dcc11a17532719b311837d3c58cb06cf56ec39f,ComplexDataLab/OpenFake,openfake_additional_900,real,images/real/280c4f3c4b87f5c3ee9f8ecd8dcc11a17532719b311837d3c58cb06cf56ec39f.jpg,unassigned,42
2812f3d602031ec9e018f1a2118d18f7549a23cac91c8208ff3b6016459f2d03,ComplexDataLab/OpenFake,openfake_additional_900,real,images/real/2812f3d602031ec9e018f1a2118d18f7549a23cac91c8208ff3b6016459f2d03.jpg,unassigned,42
2816527ad32ea3f88de8645e232cb93ee3476ce82f3f3355729869cabde1a9f0,saberzl/SID_Set,sid_set_candidate_1500,fake,images/fake/2816527ad32ea3f88de8645e232cb93ee3476ce82f3f3355729869cabde1a9f0.png,unassigned,42
28172b58d4923811c06a6836137cda8fdfb2025b7c13c06aea21398b988ab900,saberzl/SID_Set,sid_set_candidate_1500,fake,images/fake/28172b58d4923811c06a6836137cda8fdfb2025b7c13c06aea21398b988ab900.png,unassigned,42
281a4ff1e2fef3e13002c26c1821f6462729cef1ffdc184ce6538da338d82c0e,ComplexDataLab/OpenFake,openfake_pilot_600,real,images/real/281a4ff1e2fef3e13002c26c1821f6462729cef1ffdc184ce6538da338d82c0e.jpg,unassigned,42
281e02921d20ad0f013239909818ebb00da14d01a382fab61a7b4f10227aab5b,saberzl/SID_Set,sid_set_candidate_1500,real,images/real/281e02921d20ad0f013239909818ebb00da14d01a382fab61a7b4f10227aab5b.jpg,unassigned,42
2823a509f7661ac9f4141e8e2a0a14219094c3b8acb571b1e1148fe48b6a26a2,ComplexDataLab/OpenFake,openfake_pilot_600,real,images/real/2823a509f7661ac9f4141e8e2a0a14219094c3b8acb571b1e1148fe48b6a26a2.jpg,gold_test,42
289c3d2d731715a1afee54caeee6606ed2c97477fde31b85a3be275139ebcdc4,ComplexDataLab/OpenFake,openfake_additional_900,real,images/real/289c3d2d731715a1afee54caeee6606ed2c97477fde31b85a3be275139ebcdc4.jpg,unassigned,42
28a686a50704ad0a58dd97a398bab0331751aad4a817904b7c7aaedd2dcd6d43,ComplexDataLab/OpenFake,openfake_additional_900,real,images/real/28a686a50704ad0a58dd97a398bab0331751aad4a817904b7c7aaedd2dcd6d43.png,unassigned,42
28bf8d1c263f3e03ab9bd6f04909e4f18626d546b9380196e3fec945db71a959,ComplexDataLab/OpenFake,openfake_additional_900,real,images/real/28bf8d1c263f3e03ab9bd6f04909e4f18626d546b9380196e3fec945db71a959.jpg,unassigned,42
28cadb11b39940bceee2169f86611add06bed6126976518c32f40be142d8d695,ComplexDataLab/OpenFake,openfake_additional_900,fake,images/fake/28cadb11b39940bceee2169f86611add06bed6126976518c32f40be142d8d695.png,unassigned,42
28d7ce5200fff94bb0609a5486b19029014d00d9ced09de467c8b50b4f33a783,ComplexDataLab/OpenFake,openfake_pilot_600,fake,images/fake/28d7ce5200fff94bb0609a5486b19029014d00d9ced09de467c8b50b4f33a783.png,unassigned,42
28e860fdcc4bdcd090b8760c9adb072c0ed63bb86d522cad1ab4be0e73af4e1b,saberzl/SID_Set,sid_set_candidate_1500,fake,images/fake/28e860fdcc4bdcd090b8760c9adb072c0ed63bb86d522cad1ab4be0e73af4e1b.png,unassigned,42
28ec76e6fa2c84fb0c832b480be2a9a08de0e43d2889d40e8359299da7e06535,saberzl/SID_Set,sid_set_candidate_1500,real,images/real/28ec76e6fa2c84fb0c832b480be2a9a08de0e43d2889d40e8359299da7e06535.jpg,gold_test,42
28f5b2776caf577799ef4726f9498923bad0096613007a1f06011495c528617e,saberzl/SID_Set,sid_set_candidate_1500,fake,images/fake/28f5b2776caf577799ef4726f9498923bad0096613007a1f06011495c528617e.png,unassigned,42
28fa0466753ac97f41c7ae89a4e634aa2b63c6f5964a5c77d221cbf2277f4c8f,ComplexDataLab/OpenFake,openfake_additional_900,fake,images/fake/28fa0466753ac97f41c7ae89a4e634aa2b63c6f5964a5c77d221cbf2277f4c8f.webp,unassigned,42
28fc59b4391c8122a172865fc538818bb35aa55831a7ade2ef0b490659dcdb75,saberzl/SID_Set,sid_set_candidate_1500,real,images/real/28fc59b4391c8122a172865fc538818bb35aa55831a7ade2ef0b490659dcdb75.jpg,gold_test,42
2900b6e799ecbab10ef1acbc88c6fdfa3f136118d16c22e816b7466b8fb012a9,saberzl/SID_Set,sid_set_candidate_1500,real,images/real/2900b6e799ecbab10ef1acbc88c6fdfa3f136118d16c22e816b7466b8fb012a9.jpg,unassigned,42
2901813455299c13e3f026e5a451a8d452b6827e7086cc6d5d7988e5a1e48086,saberzl/SID_Set,sid_set_candidate_1500,real,images/real/2901813455299c13e3f026e5a451a8d452b6827e7086cc6d5d7988e5a1e48086.jpg,unassigned,42
29119e77fb69cb309364e9e95d120c8790d67e12da74b4b268564e4304ba0199,saberzl/SID_Set,sid_set_candidate_1500,real,images/real/29119e77fb69cb309364e9e95d120c8790d67e12da74b4b268564e4304ba0199.jpg,unassigned,42
291efda2aceaef3a36bf43909fec69613470fd40c2cdf09a6ab7684abe85e417,ComplexDataLab/OpenFake,openfake_additional_900,fake,images/fake/291efda2aceaef3a36bf43909fec69613470fd40c2cdf09a6ab7684abe85e417.png,unassigned,42
292126a83a0b2418b772d4883d6f469e86e0dd1688dda27dfda6fe2785b5a35d,saberzl/SID_Set,sid_set_candidate_1500,fake,images/fake/292126a83a0b2418b772d4883d6f469e86e0dd1688dda27dfda6fe2785b5a35d.png,unassigned,42
293860d0ddb530ae997fb95809ecf5c8c7d877e361073c65151a398e975eb541,saberzl/SID_Set,sid_set_candidate_1500,fake,images/fake/293860d0ddb530ae997fb95809ecf5c8c7d877e361073c65151a398e975eb541.png,unassigned,42
2943a0b308a45d7150970bef160a0c67bf3768bf50ecb552e76ca85dd2716003,ComplexDataLab/OpenFake,openfake_additional_900,real,images/real/2943a0b308a45d7150970bef160a0c67bf3768bf50ecb552e76ca85dd2716003.jpg,unassigned,42
2947b67f7d93e8aafd3f99119d193d7af0042231e2c2246f1669297fd339c4a0,saberzl/SID_Set,sid_set_candidate_1500,fake,images/fake/2947b67f7d93e8aafd3f99119d193d7af0042231e2c2246f1669297fd339c4a0.png,unassigned,42
29680b6392c2fe73c93b893367d55d0cdc9b6690b49086f115f9d1915d62b914,ComplexDataLab/OpenFake,openfake_pilot_600,real,images/real/29680b6392c2fe73c93b893367d55d0cdc9b6690b49086f115f9d1915d62b914.jpg,unassigned,42
29681f1da9acdd16b0b32b6cfeecc3d85eddfb25563cdccaf141304e4265bf36,ComplexDataLab/OpenFake,openfake_additional_900,fake,images/fake/29681f1da9acdd16b0b32b6cfeecc3d85eddfb25563cdccaf141304e4265bf36.png,unassigned,42
29773d60470655d4b32829ad4bb82577d9a9079c65a372d7a7eb927097648c69,saberzl/SID_Set,sid_set_candidate_1500,fake,images/fake/29773d60470655d4b32829ad4bb82577d9a9079c65a372d7a7eb927097648c69.png,unassigned,42
29797f9829711b497c7836f9e3a87599dc76c68664bd14905af5ed3dfb020587,saberzl/SID_Set,sid_set_candidate_1500,fake,images/fake/29797f9829711b497c7836f9e3a87599dc76c68664bd14905af5ed3dfb020587.png,unassigned,42
29823ad44950f641734a3f71168772f44c87820fdd7738d93cb925b128390947,saberzl/SID_Set,sid_set_candidate_1500,real,images/real/29823ad44950f641734a3f71168772f44c87820fdd7738d93cb925b128390947.jpg,gold_test,42
299e2de57f8371be987ea096817cd12342d020bb1bcc3c8d33d512133cd47d3f,ComplexDataLab/OpenFake,openfake_additional_900,fake,images/fake/299e2de57f8371be987ea096817cd12342d020bb1bcc3c8d33d512133cd47d3f.jpg,unassigned,42
299f3eee2127a6d5950cfeae126b9eb577848a570ecb4558a6376ef643c2847d,saberzl/SID_Set,sid_set_candidate_1500,fake,images/fake/299f3eee2127a6d5950cfeae126b9eb577848a570ecb4558a6376ef643c2847d.png,unassigned,42
29abcb93f31db5b6977e4cb6f5ce7bf3b92e56ba2dbbcec125b019f1370d3a3a,saberzl/SID_Set,sid_set_candidate_1500,fake,images/fake/29abcb93f31db5b6977e4cb6f5ce7bf3b92e56ba2dbbcec125b019f1370d3a3a.png,unassigned,42
29ba495ee9db933e84d3a5bb5aa1fc07cda00e1502bb6622175ac5d7b1226d2e,saberzl/SID_Set,sid_set_candidate_1500,real,images/real/29ba495ee9db933e84d3a5bb5aa1fc07cda00e1502bb6622175ac5d7b1226d2e.jpg,unassigned,42
29da04d067627b33b857698231fee7b2297b3a915f3e10c717c343ed403eddc1,saberzl/SID_Set,sid_set_candidate_1500,fake,images/fake/29da04d067627b33b857698231fee7b2297b3a915f3e10c717c343ed403eddc1.png,unassigned,42
2a0e686e53313dceb6234e6122ae9c81b27b54b473105674802669bc6250e0df,saberzl/SID_Set,sid_set_candidate_1500,fake,images/fake/2a0e686e53313dceb6234e6122ae9c81b27b54b473105674802669bc6250e0df.png,gold_test,42
2a1ea8ce014057b6977a8b6bea9efcb4c26e81da93d5910c90a3095fd0b22c3e,saberzl/SID_Set,sid_set_candidate_1500,real,images/real/2a1ea8ce014057b6977a8b6bea9efcb4c26e81da93d5910c90a3095fd0b22c3e.jpg,unassigned,42
2a2c78b2cbf7c7f2c35664165da446b51911fa59b41e825256c10b2ca3778197,saberzl/SID_Set,sid_set_candidate_1500,real,images/real/2a2c78b2cbf7c7f2c35664165da446b51911fa59b41e825256c10b2ca3778197.jpg,unassigned,42
2a5aeba114ea5646a874c71faa71890d3089d0770880c1be772c49ebca5bba2a,saberzl/SID_Set,sid_set_candidate_1500,real,images/real/2a5aeba114ea5646a874c71faa71890d3089d0770880c1be772c49ebca5bba2a.jpg,unassigned,42
2a71416bd56fbf41e6477b2fb5e7fcaa7922a1cf10966c623f8cdcf35a504262,saberzl/SID_Set,sid_set_candidate_1500,real,images/real/2a71416bd56fbf41e6477b2fb5e7fcaa7922a1cf10966c623f8cdcf35a504262.jpg,unassigned,42
2a99484982bb0adad44a10648158002e076573b230500276bee93350f6562505,ComplexDataLab/OpenFake,openfake_additional_900,fake,images/fake/2a99484982bb0adad44a10648158002e076573b230500276bee93350f6562505.png,unassigned,42
2aa6aec835b660fc75b9ca5c3c42e55975050c3c6a5f60e5ca382d54e84210c1,ComplexDataLab/OpenFake,openfake_additional_900,real,images/real/2aa6aec835b660fc75b9ca5c3c42e55975050c3c6a5f60e5ca382d54e84210c1.jpg,unassigned,42
2ae17a689d7b288ce2fbc0f06dbf62da5f229fb8e8cb376616ee97ffd3d9499f,saberzl/SID_Set,sid_set_candidate_1500,real,images/real/2ae17a689d7b288ce2fbc0f06dbf62da5f229fb8e8cb376616ee97ffd3d9499f.jpg,unassigned,42
2afea4deb8302970fcd39a773ccee969ccf72f4b7cc54285663df7aa5cc65d64,ComplexDataLab/OpenFake,openfake_additional_900,fake,images/fake/2afea4deb8302970fcd39a773ccee969ccf72f4b7cc54285663df7aa5cc65d64.png,unassigned,42
2b11cf7acaf1da939198187526f00d6d99d44a2905ae33d71d2d4b602bc5cd4c,saberzl/SID_Set,sid_set_candidate_1500,real,images/real/2b11cf7acaf1da939198187526f00d6d99d44a2905ae33d71d2d4b602bc5cd4c.jpg,unassigned,42
2b2c9cbf3fd0894ab127c7fa493d8252d3cda0c007b76f565452d02a369fb1e5,ComplexDataLab/OpenFake,openfake_pilot_600,fake,images/fake/2b2c9cbf3fd0894ab127c7fa493d8252d3cda0c007b76f565452d02a369fb1e5.png,unassigned,42
2b7cd9eb32b7751d1db24a8bd4a4836592be5854c4e75693912df600fc2e5455,ComplexDataLab/OpenFake,openfake_additional_900,real,images/real/2b7cd9eb32b7751d1db24a8bd4a4836592be5854c4e75693912df600fc2e5455.jpg,unassigned,42
2b7d8068b766410a483dd8946aad2d30415b70b34c352d99bdf591007e66bee3,saberzl/SID_Set,sid_set_candidate_1500,real,images/real/2b7d8068b766410a483dd8946aad2d30415b70b34c352d99bdf591007e66bee3.jpg,unassigned,42
2b894bff7e5ab3ef0fa03c9d2358f96c36f26780a62e8da2afbcb04483c0086d,saberzl/SID_Set,sid_set_candidate_1500,fake,images/fake/2b894bff7e5ab3ef0fa03c9d2358f96c36f26780a62e8da2afbcb04483c0086d.png,unassigned,42
2b9e888aedeba4bfebc80a21a81d25423bc5b5d3117d8c31efa5f2db4c136962,ComplexDataLab/OpenFake,openfake_additional_900,real,images/real/2b9e888aedeba4bfebc80a21a81d25423bc5b5d3117d8c31efa5f2db4c136962.jpg,unassigned,42
2ba9f2ad281358c669664fd53ba16a4b0f73780b37184c4831ecec07d96c9464,saberzl/SID_Set,sid_set_candidate_1500,fake,images/fake/2ba9f2ad281358c669664fd53ba16a4b0f73780b37184c4831ecec07d96c9464.png,unassigned,42
2bb6546d37b4ec790a3c073d43ae9235f46893ade6816bd9519baaa1385a305d,ComplexDataLab/OpenFake,openfake_pilot_600,fake,images/fake/2bb6546d37b4ec790a3c073d43ae9235f46893ade6816bd9519baaa1385a305d.png,gold_development,42
2bbc439f793138b7c3b99e9457d3c2ff7e8a57274760e565bbc549763475b626,ComplexDataLab/OpenFake,openfake_pilot_600,real,images/real/2bbc439f793138b7c3b99e9457d3c2ff7e8a57274760e565bbc549763475b626.jpg,unassigned,42
2c1575eac884ba672c6e56bc30672b7087ac1ed956c1b48cd1bad16326331981,saberzl/SID_Set,sid_set_candidate_1500,real,images/real/2c1575eac884ba672c6e56bc30672b7087ac1ed956c1b48cd1bad16326331981.jpg,unassigned,42
2c2d40c41e091183540f595a9f2703cd977ace11415a13e25a04ab566186af59,ComplexDataLab/OpenFake,openfake_pilot_600,fake,images/fake/2c2d40c41e091183540f595a9f2703cd977ace11415a13e25a04ab566186af59.png,unassigned,42
2c3083590993bd78f3253a88c09e7bf96ed3ec1ab2437d1e5794db0bd386c40e,ComplexDataLab/OpenFake,openfake_additional_900,fake,images/fake/2c3083590993bd78f3253a88c09e7bf96ed3ec1ab2437d1e5794db0bd386c40e.png,unassigned,42
2c4046be54a5534553c2d07ea0529fe42cf5be8448756c7a37e4e29e154d020e,saberzl/SID_Set,sid_set_candidate_1500,fake,images/fake/2c4046be54a5534553c2d07ea0529fe42cf5be8448756c7a37e4e29e154d020e.png,gold_test,42
2c589e7647e0fb13ba906532f5660efb2e439e7a2eb58ef4f1b968db0cc2ef45,saberzl/SID_Set,sid_set_candidate_1500,real,images/real/2c589e7647e0fb13ba906532f5660efb2e439e7a2eb58ef4f1b968db0cc2ef45.jpg,gold_test,42
2c61e5a2ad87942c11036759b40c98692c7b6cf06ab3b2a3c771f31dea5a73e8,ComplexDataLab/OpenFake,openfake_additional_900,real,images/real/2c61e5a2ad87942c11036759b40c98692c7b6cf06ab3b2a3c771f31dea5a73e8.jpg,gold_test,42
2ca52aab7a4718d9ff2b152c70d484861a13da051958e7d4f39b027b00352fd8,saberzl/SID_Set,sid_set_candidate_1500,fake,images/fake/2ca52aab7a4718d9ff2b152c70d484861a13da051958e7d4f39b027b00352fd8.png,unassigned,42
2cc8811be7a4f5ac03f084dba2944a54924d1aa807ad1308375f88768cd78836,saberzl/SID_Set,sid_set_candidate_1500,fake,images/fake/2cc8811be7a4f5ac03f084dba2944a54924d1aa807ad1308375f88768cd78836.png,unassigned,42
2cedd046a1bf6aa83ead3528de882b12bfb8b3cdb79ff6f812e7621ae43e7619,saberzl/SID_Set,sid_set_candidate_1500,real,images/real/2cedd046a1bf6aa83ead3528de882b12bfb8b3cdb79ff6f812e7621ae43e7619.jpg,unassigned,42
2cff00c7f79e9711c904a2810e7d2585f60fc08d107e2c7c944363dbf12eb878,saberzl/SID_Set,sid_set_candidate_1500,real,images/real/2cff00c7f79e9711c904a2810e7d2585f60fc08d107e2c7c944363dbf12eb878.jpg,unassigned,42
2d04048fda81ba7530e3dad24b4121242123bc5409faff6fef289290aaae9d08,ComplexDataLab/OpenFake,openfake_pilot_600,real,images/real/2d04048fda81ba7530e3dad24b4121242123bc5409faff6fef289290aaae9d08.jpg,unassigned,42
2d370f2b6637915b92b4404a7387767a4cd63c6591df555c1364293d5a5e49ee,ComplexDataLab/OpenFake,openfake_additional_900,real,images/real/2d370f2b6637915b92b4404a7387767a4cd63c6591df555c1364293d5a5e49ee.jpg,unassigned,42
2d391874f9fae7303f4aaee54b5b880e68f208c0f037c52a5f0d9e6154a6cf9d,ComplexDataLab/OpenFake,openfake_additional_900,fake,images/fake/2d391874f9fae7303f4aaee54b5b880e68f208c0f037c52a5f0d9e6154a6cf9d.png,unassigned,42
2d3e0bcb39625517cf44b44331d16741371ffc034f129b397e5efdb585ec9017,ComplexDataLab/OpenFake,openfake_pilot_600,real,images/real/2d3e0bcb39625517cf44b44331d16741371ffc034f129b397e5efdb585ec9017.jpg,gold_development,42
2d406380fa01bb0f69caf279087582f0bffb617b2c0de877a9ec75611c83ea26,ComplexDataLab/OpenFake,openfake_additional_900,fake,images/fake/2d406380fa01bb0f69caf279087582f0bffb617b2c0de877a9ec75611c83ea26.png,unassigned,42
2d800df5b0525264f52afee0d9f9701da09977e0f7eed066e5d11cba87bbc468,saberzl/SID_Set,sid_set_candidate_1500,real,images/real/2d800df5b0525264f52afee0d9f9701da09977e0f7eed066e5d11cba87bbc468.jpg,unassigned,42
2d9f2d4dcc033ab62e70056f6ef1bb8946ace73793c39a169372a6f18b68a8fd,saberzl/SID_Set,sid_set_candidate_1500,fake,images/fake/2d9f2d4dcc033ab62e70056f6ef1bb8946ace73793c39a169372a6f18b68a8fd.png,unassigned,42
2db046ead02ac566454f46dbfe20fe49c834c11f1c86c43d8d8087a986adb3cd,ComplexDataLab/OpenFake,openfake_additional_900,fake,images/fake/2db046ead02ac566454f46dbfe20fe49c834c11f1c86c43d8d8087a986adb3cd.png,unassigned,42
2db98325232bb7d6cf4f996a8ca09365ddd8052a76f7fc1fe1bf7c6c47588201,ComplexDataLab/OpenFake,openfake_pilot_600,fake,images/fake/2db98325232bb7d6cf4f996a8ca09365ddd8052a76f7fc1fe1bf7c6c47588201.png,unassigned,42
2dd0c282b1fe3810860bbb5ff5e4868336e1f444f91377231a1794ac123c6c84,ComplexDataLab/OpenFake,openfake_pilot_600,real,images/real/2dd0c282b1fe3810860bbb5ff5e4868336e1f444f91377231a1794ac123c6c84.jpg,unassigned,42
2e060d486cccb9f6226a5a7aaad48e2e502dd27699afac8c74a07a03feca643d,saberzl/SID_Set,sid_set_candidate_1500,real,images/real/2e060d486cccb9f6226a5a7aaad48e2e502dd27699afac8c74a07a03feca643d.jpg,unassigned,42
2e4a8c113c6474337f27b6c3dfb0800d5528fdcc2e4677aae8915313f84fba07,saberzl/SID_Set,sid_set_candidate_1500,real,images/real/2e4a8c113c6474337f27b6c3dfb0800d5528fdcc2e4677aae8915313f84fba07.jpg,gold_test,42
2e58e17899ace162ae471cb588b7b18bb0061b5399224604528778d0da05356f,ComplexDataLab/OpenFake,openfake_additional_900,fake,images/fake/2e58e17899ace162ae471cb588b7b18bb0061b5399224604528778d0da05356f.png,unassigned,42
2e5ed0702d36f5e3126b4537917f0da662da540a6b6108a896572d2cfa8600c5,saberzl/SID_Set,sid_set_candidate_1500,fake,images/fake/2e5ed0702d36f5e3126b4537917f0da662da540a6b6108a896572d2cfa8600c5.png,unassigned,42
2e6cbae2a2050133a6acff458b9af36dc4192eb027c039456ca248484fbf607b,ComplexDataLab/OpenFake,openfake_pilot_600,real,images/real/2e6cbae2a2050133a6acff458b9af36dc4192eb027c039456ca248484fbf607b.jpg,unassigned,42
2e7e1d81b0504ec3a473ff7741f8c9e7290fdabb7400f0e849deae0c53dbf4f8,saberzl/SID_Set,sid_set_candidate_1500,fake,images/fake/2e7e1d81b0504ec3a473ff7741f8c9e7290fdabb7400f0e849deae0c53dbf4f8.png,unassigned,42
2e87e0b4c29bb18868b31a4cc57a4bc3eac10c7f8f11df578edd49811f9e2375,ComplexDataLab/OpenFake,openfake_pilot_600,fake,images/fake/2e87e0b4c29bb18868b31a4cc57a4bc3eac10c7f8f11df578edd49811f9e2375.png,unassigned,42
2e9ad884489c58699a677369db209666bad59fff1c92a84a500db311e12af6ea,saberzl/SID_Set,sid_set_candidate_1500,real,images/real/2e9ad884489c58699a677369db209666bad59fff1c92a84a500db311e12af6ea.jpg,unassigned,42
2ee27d64dd6abc8757b5352bba40781b20e981690c2db22cd649af8c831cb2fc,ComplexDataLab/OpenFake,openfake_additional_900,fake,images/fake/2ee27d64dd6abc8757b5352bba40781b20e981690c2db22cd649af8c831cb2fc.png,unassigned,42
2ef9deb9e5df67e7051de34343e46a1724872bbb050445255ffa4922b3b5429b,ComplexDataLab/OpenFake,openfake_additional_900,real,images/real/2ef9deb9e5df67e7051de34343e46a1724872bbb050445255ffa4922b3b5429b.jpg,unassigned,42
2f4caccfb9b040b2f3ca9ec542968c4bf22af4eddd5a47833c775a0957c10160,ComplexDataLab/OpenFake,openfake_additional_900,real,images/real/2f4caccfb9b040b2f3ca9ec542968c4bf22af4eddd5a47833c775a0957c10160.jpg,unassigned,42
2f4e52767856766db3b8c93ba96a98cc7caa6117fdbdb472e6cc2e12628e4707,ComplexDataLab/OpenFake,openfake_pilot_600,real,images/real/2f4e52767856766db3b8c93ba96a98cc7caa6117fdbdb472e6cc2e12628e4707.jpg,unassigned,42
2f7b11bca7fa597d82b033ce7b2e54ae82eef87ca7e7d2282ad961378243a816,ComplexDataLab/OpenFake,openfake_pilot_600,real,images/real/2f7b11bca7fa597d82b033ce7b2e54ae82eef87ca7e7d2282ad961378243a816.jpg,unassigned,42
2f7c27920584d66703b0b302e3a6e3b5be13339bddf6c606ba2390a3d86bae8a,ComplexDataLab/OpenFake,openfake_additional_900,real,images/real/2f7c27920584d66703b0b302e3a6e3b5be13339bddf6c606ba2390a3d86bae8a.jpg,unassigned,42
2fd1734bc9d04986b87b8ca73600c9b6622b5a7f2449bd1204793e75b4de2a03,saberzl/SID_Set,sid_set_candidate_1500,fake,images/fake/2fd1734bc9d04986b87b8ca73600c9b6622b5a7f2449bd1204793e75b4de2a03.png,unassigned,42
2fd7dfeae360c67b95d7a9982208c144694ed52458bf7b75efc49252daf31c80,saberzl/SID_Set,sid_set_candidate_1500,fake,images/fake/2fd7dfeae360c67b95d7a9982208c144694ed52458bf7b75efc49252daf31c80.png,unassigned,42
2fe3883bbe00030fd767436de847d1acdce36792aaf6cd0fbb054e1b72689b41,ComplexDataLab/OpenFake,openfake_additional_900,fake,images/fake/2fe3883bbe00030fd767436de847d1acdce36792aaf6cd0fbb054e1b72689b41.png,unassigned,42
30077fb1c987f946135c6065ceb145aabfe00b3e7be7a8d1d9350fe7360f6160,saberzl/SID_Set,sid_set_candidate_1500,fake,images/fake/30077fb1c987f946135c6065ceb145aabfe00b3e7be7a8d1d9350fe7360f6160.png,unassigned,42
3016cfebab5dc44162cff763c92c92bec977880b0740f30fe3cecc63cfaa4343,ComplexDataLab/OpenFake,openfake_additional_900,fake,images/fake/3016cfebab5dc44162cff763c92c92bec977880b0740f30fe3cecc63cfaa4343.png,unassigned,42
3043d6f4f21d52ab39952f9e5c5384481be9704fd689be3d9674c97bf9d38ec1,saberzl/SID_Set,sid_set_candidate_1500,fake,images/fake/3043d6f4f21d52ab39952f9e5c5384481be9704fd689be3d9674c97bf9d38ec1.png,unassigned,42
3045d43673a6b95835d6974a70e31012d125e97b49c4c43484732c70a645caff,saberzl/SID_Set,sid_set_candidate_1500,fake,images/fake/3045d43673a6b95835d6974a70e31012d125e97b49c4c43484732c70a645caff.png,unassigned,42
30568b4bdba0c59f5ce767b4f0fde65d74b8ce92093bdd7619d19777e72c4500,saberzl/SID_Set,sid_set_candidate_1500,fake,images/fake/30568b4bdba0c59f5ce767b4f0fde65d74b8ce92093bdd7619d19777e72c4500.png,unassigned,42
308b91121223e9da49d54ec0e3648075e1eccefd0d66ebb3ee4c73bf9523b61a,saberzl/SID_Set,sid_set_candidate_1500,fake,images/fake/308b91121223e9da49d54ec0e3648075e1eccefd0d66ebb3ee4c73bf9523b61a.png,unassigned,42
30b9eccbf9c76256a014540d505719d96380de0c54951bbb3d50da2a985c7619,ComplexDataLab/OpenFake,openfake_additional_900,real,images/real/30b9eccbf9c76256a014540d505719d96380de0c54951bbb3d50da2a985c7619.jpg,unassigned,42
30d7352552aced17ab1270f1ed38a611e87bb75a007aa03bf80c995b56c365e5,ComplexDataLab/OpenFake,openfake_pilot_600,fake,images/fake/30d7352552aced17ab1270f1ed38a611e87bb75a007aa03bf80c995b56c365e5.png,unassigned,42
30ddb13258d843329e554405900e72eee4ecfe50c0e216920469eb8434768f2b,saberzl/SID_Set,sid_set_candidate_1500,fake,images/fake/30ddb13258d843329e554405900e72eee4ecfe50c0e216920469eb8434768f2b.png,unassigned,42
312180e2c05a28ed1b8efd668b452bba2fb14024a7b0183c8d75b556a28c147a,ComplexDataLab/OpenFake,openfake_pilot_600,fake,images/fake/312180e2c05a28ed1b8efd668b452bba2fb14024a7b0183c8d75b556a28c147a.png,unassigned,42
3121fff0fb06fee74ee7ce171da90cc639f6846786abbf7d582cbd4293e44512,ComplexDataLab/OpenFake,openfake_pilot_600,fake,images/fake/3121fff0fb06fee74ee7ce171da90cc639f6846786abbf7d582cbd4293e44512.png,unassigned,42
312b5db959c1bcce5e6668324223f2e44e9dabb8ee0410c623c22c2749cab509,saberzl/SID_Set,sid_set_candidate_1500,fake,images/fake/312b5db959c1bcce5e6668324223f2e44e9dabb8ee0410c623c22c2749cab509.png,unassigned,42
312fe8f53e69ddc14b7eeb707b15f62a616584013eea24046fed732d05d7dd6f,ComplexDataLab/OpenFake,openfake_additional_900,real,images/real/312fe8f53e69ddc14b7eeb707b15f62a616584013eea24046fed732d05d7dd6f.jpg,unassigned,42
3142d5d4115363a28ebfc1be7d25c72c66c334f041a5f0dd1f27f628dc7fa049,saberzl/SID_Set,sid_set_candidate_1500,real,images/real/3142d5d4115363a28ebfc1be7d25c72c66c334f041a5f0dd1f27f628dc7fa049.jpg,gold_test,42
31615e31a6ee25d01f678556dd0d4b637b40db890e6e52ac307dc3469de7da21,saberzl/SID_Set,sid_set_candidate_1500,fake,images/fake/31615e31a6ee25d01f678556dd0d4b637b40db890e6e52ac307dc3469de7da21.png,unassigned,42
317960cdb93ed395e34cdaac6e99ced6e792b82eec15462e64fcef9ebc97756e,saberzl/SID_Set,sid_set_candidate_1500,real,images/real/317960cdb93ed395e34cdaac6e99ced6e792b82eec15462e64fcef9ebc97756e.jpg,unassigned,42
31a95ce7acdcc54951b5d2538ea6186415b5b29654bf851a45e7025acb092734,ComplexDataLab/OpenFake,openfake_additional_900,real,images/real/31a95ce7acdcc54951b5d2538ea6186415b5b29654bf851a45e7025acb092734.jpg,unassigned,42
31b3713409f03cafa12d0ae7de7778fc25b3816441998997c04a8a3758bbee35,saberzl/SID_Set,sid_set_candidate_1500,real,images/real/31b3713409f03cafa12d0ae7de7778fc25b3816441998997c04a8a3758bbee35.jpg,unassigned,42
31c96ec1c4d00cee1f5cf7e973062c9d4197222a845d4c2ec606d5179b0037f6,ComplexDataLab/OpenFake,openfake_additional_900,real,images/real/31c96ec1c4d00cee1f5cf7e973062c9d4197222a845d4c2ec606d5179b0037f6.jpg,gold_test,42
31d00f248bb633010c0776aff7fda1f4241876eb4b49026f1e9af674bf9cbc01,saberzl/SID_Set,sid_set_candidate_1500,fake,images/fake/31d00f248bb633010c0776aff7fda1f4241876eb4b49026f1e9af674bf9cbc01.png,unassigned,42
31e667fc7f286991cc50729f201ce5e6c0c8a7c36e1e2512648976e54e7bc7da,ComplexDataLab/OpenFake,openfake_additional_900,fake,images/fake/31e667fc7f286991cc50729f201ce5e6c0c8a7c36e1e2512648976e54e7bc7da.png,unassigned,42
323ada0deac835aa02eb5d023c1cb59fce4ba68cc6d85fb3193bfbf8ea74d924,saberzl/SID_Set,sid_set_candidate_1500,fake,images/fake/323ada0deac835aa02eb5d023c1cb59fce4ba68cc6d85fb3193bfbf8ea74d924.png,unassigned,42
323bb2fadc70a402c9fd59d98726fa5612b37ae5ff9f63613af0d331e376e845,saberzl/SID_Set,sid_set_candidate_1500,real,images/real/323bb2fadc70a402c9fd59d98726fa5612b37ae5ff9f63613af0d331e376e845.jpg,unassigned,42
32430a235982cadd1c83eb796692cda70d353915cba2d8f63bfc120bb9d383e2,saberzl/SID_Set,sid_set_candidate_1500,fake,images/fake/32430a235982cadd1c83eb796692cda70d353915cba2d8f63bfc120bb9d383e2.png,unassigned,42
3285e4e9e8222149709364d29c0c19254347a33752e46edf527345c3c919fac4,ComplexDataLab/OpenFake,openfake_pilot_600,fake,images/fake/3285e4e9e8222149709364d29c0c19254347a33752e46edf527345c3c919fac4.png,unassigned,42
3295f87206de31aa4b97ad0feef9b9eccfccccec5209545c7efbb6fa5418d82a,saberzl/SID_Set,sid_set_candidate_1500,fake,images/fake/3295f87206de31aa4b97ad0feef9b9eccfccccec5209545c7efbb6fa5418d82a.png,unassigned,42
32a03e436e2a458b0389c064e63bcbc15843742342626dd674c574261c47c6d6,ComplexDataLab/OpenFake,openfake_pilot_600,real,images/real/32a03e436e2a458b0389c064e63bcbc15843742342626dd674c574261c47c6d6.jpg,unassigned,42
32c116aceda440db46fb33a8e69ddaff4a37d642c5a86ea0c13d17ff2673c754,ComplexDataLab/OpenFake,openfake_pilot_600,fake,images/fake/32c116aceda440db46fb33a8e69ddaff4a37d642c5a86ea0c13d17ff2673c754.png,unassigned,42
32c8f3461e0b167a4852617d674fdc3bbb5ec742952491a3926e99fe6d4ce542,ComplexDataLab/OpenFake,openfake_pilot_600,real,images/real/32c8f3461e0b167a4852617d674fdc3bbb5ec742952491a3926e99fe6d4ce542.jpg,unassigned,42
32d95aa856bc3e2d1bf3d82337a804b44c9f6cd077593ae4ef1443405fafcd61,saberzl/SID_Set,sid_set_candidate_1500,fake,images/fake/32d95aa856bc3e2d1bf3d82337a804b44c9f6cd077593ae4ef1443405fafcd61.png,unassigned,42
3326ce9d8557a3531d3eeae239a4692bf8db0cbb5c34161ff6e94a3f57f98c11,saberzl/SID_Set,sid_set_candidate_1500,real,images/real/3326ce9d8557a3531d3eeae239a4692bf8db0cbb5c34161ff6e94a3f57f98c11.jpg,unassigned,42
33484880eed1968cd54d18e9b4a61c7b98cde871241563e9f97d2864043eb09c,ComplexDataLab/OpenFake,openfake_additional_900,fake,images/fake/33484880eed1968cd54d18e9b4a61c7b98cde871241563e9f97d2864043eb09c.png,unassigned,42
3351fd00977d9b9b7141a2c75e71c9762d81f8d3ec1b29c1d20f6910f2f0108c,ComplexDataLab/OpenFake,openfake_additional_900,fake,images/fake/3351fd00977d9b9b7141a2c75e71c9762d81f8d3ec1b29c1d20f6910f2f0108c.png,unassigned,42
3357298b6233ebb421b74d603162697dfa22e0306554ccc22efa9b0e0e61b93d,saberzl/SID_Set,sid_set_candidate_1500,fake,images/fake/3357298b6233ebb421b74d603162697dfa22e0306554ccc22efa9b0e0e61b93d.png,unassigned,42
339d98665a13f6f63982fefeafb05c7820565e83483ebeaac66dbe6a887bf741,saberzl/SID_Set,sid_set_candidate_1500,fake,images/fake/339d98665a13f6f63982fefeafb05c7820565e83483ebeaac66dbe6a887bf741.png,unassigned,42
33a3792dac9ca3840412daeaed4fcd6f798e92893bed317a5b2dd7f7ed79b002,ComplexDataLab/OpenFake,openfake_pilot_600,fake,images/fake/33a3792dac9ca3840412daeaed4fcd6f798e92893bed317a5b2dd7f7ed79b002.webp,unassigned,42
33b7f53291d9de5c00736fe79747aa61d9c10a988ccc921822f1e36ec2566566,saberzl/SID_Set,sid_set_candidate_1500,fake,images/fake/33b7f53291d9de5c00736fe79747aa61d9c10a988ccc921822f1e36ec2566566.png,unassigned,42
33cffb193f9eb808c075f6a703a248afa67493ddd7b8ca43b92d809c02634faf,ComplexDataLab/OpenFake,openfake_additional_900,real,images/real/33cffb193f9eb808c075f6a703a248afa67493ddd7b8ca43b92d809c02634faf.jpg,unassigned,42
33dc8da314178f02cbcf28f3f93cb3e26c9314b04da89db249d5a9f5bd893d81,saberzl/SID_Set,sid_set_candidate_1500,fake,images/fake/33dc8da314178f02cbcf28f3f93cb3e26c9314b04da89db249d5a9f5bd893d81.png,unassigned,42
33ec00f664817cab50c1ba97732b7214d71400e7fd474fcc9eb729ccb9d015d9,ComplexDataLab/OpenFake,openfake_additional_900,fake,images/fake/33ec00f664817cab50c1ba97732b7214d71400e7fd474fcc9eb729ccb9d015d9.png,unassigned,42
33f1bce0cff1308a8dffcc09f9fbd9af0f012a7dbaaa1ca93e0314b6d57cfe2f,saberzl/SID_Set,sid_set_candidate_1500,fake,images/fake/33f1bce0cff1308a8dffcc09f9fbd9af0f012a7dbaaa1ca93e0314b6d57cfe2f.png,gold_test,42
33f844c9ae07a4bfcf2657e1a3766a9158240ef96a2b6de73b9541427cc80b3e,saberzl/SID_Set,sid_set_candidate_1500,fake,images/fake/33f844c9ae07a4bfcf2657e1a3766a9158240ef96a2b6de73b9541427cc80b3e.png,unassigned,42
3405c99652e61027e967a9c1e4d45d4462b511860f0ace842f1ee4e2418b4f68,saberzl/SID_Set,sid_set_candidate_1500,real,images/real/3405c99652e61027e967a9c1e4d45d4462b511860f0ace842f1ee4e2418b4f68.jpg,unassigned,42
340dc663c9acd9d0107fab659067e9289d4ec8a60de1d82570424711d4c835b9,saberzl/SID_Set,sid_set_candidate_1500,fake,images/fake/340dc663c9acd9d0107fab659067e9289d4ec8a60de1d82570424711d4c835b9.png,unassigned,42
341cbb369afb44c8cc8786689b7845ad2d124417b6025370089bab3b0bf336de,ComplexDataLab/OpenFake,openfake_pilot_600,fake,images/fake/341cbb369afb44c8cc8786689b7845ad2d124417b6025370089bab3b0bf336de.png,unassigned,42
34a5359b509d9e1d80698e25688af0ba376489aae7488426fb89eef2e311fab8,saberzl/SID_Set,sid_set_candidate_1500,fake,images/fake/34a5359b509d9e1d80698e25688af0ba376489aae7488426fb89eef2e311fab8.png,unassigned,42
34b45ef8ba1df2d07f8a6a517d2e9d169a6eaa0bf79a634f381162bf8c9f25c1,saberzl/SID_Set,sid_set_candidate_1500,real,images/real/34b45ef8ba1df2d07f8a6a517d2e9d169a6eaa0bf79a634f381162bf8c9f25c1.jpg,unassigned,42
34cddedfccad61fd9ba9b7b6ac4dac8d90f965a0035d2f31e01099418ecfd721,saberzl/SID_Set,sid_set_candidate_1500,fake,images/fake/34cddedfccad61fd9ba9b7b6ac4dac8d90f965a0035d2f31e01099418ecfd721.png,unassigned,42
34e838ac1f8a3a49aced48cbe85d63cd99d8e4a87c7ea6aa1db09f385d65fcee,ComplexDataLab/OpenFake,openfake_pilot_600,real,images/real/34e838ac1f8a3a49aced48cbe85d63cd99d8e4a87c7ea6aa1db09f385d65fcee.jpg,unassigned,42
34f29c4d2bc8fa7ac099cf1731789539b265cee378973f73f06968be4a856849,saberzl/SID_Set,sid_set_candidate_1500,fake,images/fake/34f29c4d2bc8fa7ac099cf1731789539b265cee378973f73f06968be4a856849.png,unassigned,42
3513cdf7a346cfa6d1f5a1d10fbea34e5159d6481fc7aea6853470fd80af63e9,saberzl/SID_Set,sid_set_candidate_1500,real,images/real/3513cdf7a346cfa6d1f5a1d10fbea34e5159d6481fc7aea6853470fd80af63e9.jpg,unassigned,42
3517163d14c3c662ab2da3b198a5098e4c2ecdfcee95c7ec41de64e6e3d56828,saberzl/SID_Set,sid_set_candidate_1500,fake,images/fake/3517163d14c3c662ab2da3b198a5098e4c2ecdfcee95c7ec41de64e6e3d56828.png,unassigned,42
3545ed27cb87eedeb0c43dc62b3aed8e3cc4a96b9d49de3f19b792c15a37e715,saberzl/SID_Set,sid_set_candidate_1500,real,images/real/3545ed27cb87eedeb0c43dc62b3aed8e3cc4a96b9d49de3f19b792c15a37e715.jpg,unassigned,42
355bccd9c4f2cf6796736e5aa0a7e97d72f5c45d472ce9b536d607d03dad5130,saberzl/SID_Set,sid_set_candidate_1500,fake,images/fake/355bccd9c4f2cf6796736e5aa0a7e97d72f5c45d472ce9b536d607d03dad5130.png,unassigned,42
3571b3f6be5181c48982d0de0b71c4137822337a75b9f5f2e9f832705c4ca011,saberzl/SID_Set,sid_set_candidate_1500,fake,images/fake/3571b3f6be5181c48982d0de0b71c4137822337a75b9f5f2e9f832705c4ca011.png,unassigned,42
35764b7184e822678846f5ad28dfe2de8ce85b509ad4fd38d3afbab4b55de1f8,ComplexDataLab/OpenFake,openfake_additional_900,real,images/real/35764b7184e822678846f5ad28dfe2de8ce85b509ad4fd38d3afbab4b55de1f8.jpg,unassigned,42
35af12cdc0bd48b7628ec4ee4b4abec71d180e5c135de340e60c5aa8d0f843c4,saberzl/SID_Set,sid_set_candidate_1500,real,images/real/35af12cdc0bd48b7628ec4ee4b4abec71d180e5c135de340e60c5aa8d0f843c4.jpg,unassigned,42
35b5a9fc3add522d90627e19483b78f717aa18ce97c387f0b8db0db6970eeb63,ComplexDataLab/OpenFake,openfake_additional_900,real,images/real/35b5a9fc3add522d90627e19483b78f717aa18ce97c387f0b8db0db6970eeb63.jpg,unassigned,42
35bcb38d922e561044f97ddb10f228cfb7990f9fff03e8ea0e5c79d35bf2ea2d,saberzl/SID_Set,sid_set_candidate_1500,real,images/real/35bcb38d922e561044f97ddb10f228cfb7990f9fff03e8ea0e5c79d35bf2ea2d.jpg,unassigned,42
35c0c4b2a38ed247e44d7ce9281a1baff42728935be482557e37104936a61bc1,saberzl/SID_Set,sid_set_candidate_1500,real,images/real/35c0c4b2a38ed247e44d7ce9281a1baff42728935be482557e37104936a61bc1.jpg,unassigned,42
35ceca919ec4d7fa8e784a3a15e7377cf5d72285bc43bb99f1c654c50c9ab81e,saberzl/SID_Set,sid_set_candidate_1500,fake,images/fake/35ceca919ec4d7fa8e784a3a15e7377cf5d72285bc43bb99f1c654c50c9ab81e.png,gold_test,42
35db278b5f4eeeedf76a3eade9a7d0229ca1222d6befbec7137fe2a736c009a3,saberzl/SID_Set,sid_set_candidate_1500,real,images/real/35db278b5f4eeeedf76a3eade9a7d0229ca1222d6befbec7137fe2a736c009a3.jpg,unassigned,42
35e05afb2d0f36b7595d6b570c830f732b9920d8e8678960c31f3c03b1c874c4,ComplexDataLab/OpenFake,openfake_additional_900,real,images/real/35e05afb2d0f36b7595d6b570c830f732b9920d8e8678960c31f3c03b1c874c4.jpg,unassigned,42
35e47f8ca87424ebba5b2eb391a9ba902f2f10d8db10b7b0f7fff6f763cf7a36,ComplexDataLab/OpenFake,openfake_pilot_600,real,images/real/35e47f8ca87424ebba5b2eb391a9ba902f2f10d8db10b7b0f7fff6f763cf7a36.jpg,unassigned,42
361350589fde7568380b771f59f666271b792936b71255f0e47bd845021fa43e,saberzl/SID_Set,sid_set_candidate_1500,real,images/real/361350589fde7568380b771f59f666271b792936b71255f0e47bd845021fa43e.jpg,unassigned,42
36160460a3c5425e1fd8bf8266c88c8cb7e19080529f688cee3c2b813834c2e7,saberzl/SID_Set,sid_set_candidate_1500,fake,images/fake/36160460a3c5425e1fd8bf8266c88c8cb7e19080529f688cee3c2b813834c2e7.png,unassigned,42
36169fe47a6bf1078b7aca697a1b63085c2df2bee3125b79e487da1c9f44c35d,ComplexDataLab/OpenFake,openfake_pilot_600,fake,images/fake/36169fe47a6bf1078b7aca697a1b63085c2df2bee3125b79e487da1c9f44c35d.webp,unassigned,42
361af28c057bf179e8ccf74eb3f888ab7554159ce8705e948cc6e22180a6688c,saberzl/SID_Set,sid_set_candidate_1500,fake,images/fake/361af28c057bf179e8ccf74eb3f888ab7554159ce8705e948cc6e22180a6688c.png,unassigned,42
3628d787935f375938ac6a70317aef92ebcbf6c49e43e5d089ef6b7139499444,ComplexDataLab/OpenFake,openfake_pilot_600,real,images/real/3628d787935f375938ac6a70317aef92ebcbf6c49e43e5d089ef6b7139499444.jpg,unassigned,42
3661bb186f215ff505cda7b90ba04bc4fbeed90c45d8b57f344a244c0ed182fe,ComplexDataLab/OpenFake,openfake_additional_900,real,images/real/3661bb186f215ff505cda7b90ba04bc4fbeed90c45d8b57f344a244c0ed182fe.jpg,unassigned,42
36903ecde68c12ad2e4d0d4311ab0c30e3971a16b1c59c8878bab85fbb1ad253,saberzl/SID_Set,sid_set_candidate_1500,real,images/real/36903ecde68c12ad2e4d0d4311ab0c30e3971a16b1c59c8878bab85fbb1ad253.jpg,unassigned,42
36973c6888ff61b56438b9a2ab7c3e58c6f69c662c969a1c2f43d57d65c0135a,ComplexDataLab/OpenFake,openfake_additional_900,fake,images/fake/36973c6888ff61b56438b9a2ab7c3e58c6f69c662c969a1c2f43d57d65c0135a.png,unassigned,42
36a53013fceb77265fc769ca2a58a8aa75fa47d678d9796476f4eff895555f14,ComplexDataLab/OpenFake,openfake_additional_900,fake,images/fake/36a53013fceb77265fc769ca2a58a8aa75fa47d678d9796476f4eff895555f14.png,unassigned,42
36a60d1bef20412ba0262653d9023d0a75745a5219eb869af11e04cba0eaf57b,ComplexDataLab/OpenFake,openfake_additional_900,fake,images/fake/36a60d1bef20412ba0262653d9023d0a75745a5219eb869af11e04cba0eaf57b.png,unassigned,42
36a84c21d2cdf83dd233ac19a4387d815d8585f5abac716e4cabef29bad69b8a,ComplexDataLab/OpenFake,openfake_additional_900,real,images/real/36a84c21d2cdf83dd233ac19a4387d815d8585f5abac716e4cabef29bad69b8a.jpg,unassigned,42
36ad9c6dddf721a9ce52ca7d07054d031ee8e6d68a0465fab09dc84efe48060b,saberzl/SID_Set,sid_set_candidate_1500,fake,images/fake/36ad9c6dddf721a9ce52ca7d07054d031ee8e6d68a0465fab09dc84efe48060b.png,unassigned,42
36c04a2607bcc2f2ea3526452275102e7d6ad80961b10e823d19265e5e730bbd,saberzl/SID_Set,sid_set_candidate_1500,fake,images/fake/36c04a2607bcc2f2ea3526452275102e7d6ad80961b10e823d19265e5e730bbd.png,gold_test,42
36e0dc9c69064061c9d2a65143649387d19759b578fe345d12bf11f6b8d841d2,ComplexDataLab/OpenFake,openfake_pilot_600,real,images/real/36e0dc9c69064061c9d2a65143649387d19759b578fe345d12bf11f6b8d841d2.jpg,unassigned,42
36fcab72dabecc23cbe9fbf3990d637b304e07f112510fad98811d86e362038b,saberzl/SID_Set,sid_set_candidate_1500,real,images/real/36fcab72dabecc23cbe9fbf3990d637b304e07f112510fad98811d86e362038b.jpg,unassigned,42
3707eb2fe7ccf1868df8252ea22c35856cdbdc7b0a4c68c7a4000fbce73434e4,saberzl/SID_Set,sid_set_candidate_1500,real,images/real/3707eb2fe7ccf1868df8252ea22c35856cdbdc7b0a4c68c7a4000fbce73434e4.jpg,unassigned,42
3714cb6f6c940b672f66b77efe3650e3be661817b3ae22b80a2925c6f4d26524,saberzl/SID_Set,sid_set_candidate_1500,fake,images/fake/3714cb6f6c940b672f66b77efe3650e3be661817b3ae22b80a2925c6f4d26524.png,unassigned,42
3717eba290a5a66c03d6b112da2468c3396e891857427408d8d1dce024d3ceee,ComplexDataLab/OpenFake,openfake_additional_900,real,images/real/3717eba290a5a66c03d6b112da2468c3396e891857427408d8d1dce024d3ceee.jpg,unassigned,42
372412aefdfd367d33f4b0a84521b69f34696966514b5b45e749e8f44aa8b5b1,ComplexDataLab/OpenFake,openfake_pilot_600,real,images/real/372412aefdfd367d33f4b0a84521b69f34696966514b5b45e749e8f44aa8b5b1.jpg,gold_development,42
374643d03ad94a428e3f1463985c6847736bbc2b63dfd5936e5efb6aa59ebc28,ComplexDataLab/OpenFake,openfake_additional_900,fake,images/fake/374643d03ad94a428e3f1463985c6847736bbc2b63dfd5936e5efb6aa59ebc28.png,unassigned,42
374e45ebd3ecc4c43b76b05ff0088e54d00a0c1a6bfe658bc8e1b3f0fe8d3acc,ComplexDataLab/OpenFake,openfake_additional_900,real,images/real/374e45ebd3ecc4c43b76b05ff0088e54d00a0c1a6bfe658bc8e1b3f0fe8d3acc.jpg,unassigned,42
37596894c097c2a159eb352076c6330fa91d2e490d4e92aa7661ff20d5c64ae2,ComplexDataLab/OpenFake,openfake_additional_900,real,images/real/37596894c097c2a159eb352076c6330fa91d2e490d4e92aa7661ff20d5c64ae2.jpg,gold_test,42
376726dbd6ac636b3892c10992533e57d1e350c130733149d53af19474156d5f,ComplexDataLab/OpenFake,openfake_pilot_600,real,images/real/376726dbd6ac636b3892c10992533e57d1e350c130733149d53af19474156d5f.jpg,unassigned,42
376ad66069d09ede4f8581fd2da1383225539bf1dccfe2f73986c59864dba314,ComplexDataLab/OpenFake,openfake_additional_900,real,images/real/376ad66069d09ede4f8581fd2da1383225539bf1dccfe2f73986c59864dba314.jpg,unassigned,42
376f971ef3139a5a57b5a3d0610604e9763fcd477dedf935e319a18125b86d72,saberzl/SID_Set,sid_set_candidate_1500,fake,images/fake/376f971ef3139a5a57b5a3d0610604e9763fcd477dedf935e319a18125b86d72.png,unassigned,42
37928f17f6e0bd188c8b623cf0796c0e2d43eea4f2b35e50fb5f9c8064225e60,ComplexDataLab/OpenFake,openfake_additional_900,real,images/real/37928f17f6e0bd188c8b623cf0796c0e2d43eea4f2b35e50fb5f9c8064225e60.jpg,unassigned,42
37a97dbde990ab7d8a069d5d5948a739442a5f6a8a4b7a3469e07b44169777a7,saberzl/SID_Set,sid_set_candidate_1500,real,images/real/37a97dbde990ab7d8a069d5d5948a739442a5f6a8a4b7a3469e07b44169777a7.jpg,unassigned,42
37c78cc34c6a7a4679ecf442f48b8b032419528d211e1228e6a6e33709fe9e11,saberzl/SID_Set,sid_set_candidate_1500,real,images/real/37c78cc34c6a7a4679ecf442f48b8b032419528d211e1228e6a6e33709fe9e11.jpg,unassigned,42
37caed36371bdc48c09399735739eaeb37eef0f98e5c2551352bc03472caaa00,saberzl/SID_Set,sid_set_candidate_1500,fake,images/fake/37caed36371bdc48c09399735739eaeb37eef0f98e5c2551352bc03472caaa00.png,unassigned,42
37d3a785d7a51d92f688e37f116f4b27c355fe13bd820955867bd0d72dc2afbb,ComplexDataLab/OpenFake,openfake_additional_900,real,images/real/37d3a785d7a51d92f688e37f116f4b27c355fe13bd820955867bd0d72dc2afbb.jpg,unassigned,42
37e25093290509888141ba06d2b4f0df262689fbc347bf549c2cfabc1b883e7f,ComplexDataLab/OpenFake,openfake_pilot_600,fake,images/fake/37e25093290509888141ba06d2b4f0df262689fbc347bf549c2cfabc1b883e7f.png,unassigned,42
37ed93a5dd62a0e6279cde8dd7c11c4b9a9430198cb87120698af90639a5efc9,ComplexDataLab/OpenFake,openfake_pilot_600,real,images/real/37ed93a5dd62a0e6279cde8dd7c11c4b9a9430198cb87120698af90639a5efc9.jpg,unassigned,42
37ef0036c7bab9cec0cd515c4c0361785649ebff79305d176811a1c7a0e39770,ComplexDataLab/OpenFake,openfake_additional_900,fake,images/fake/37ef0036c7bab9cec0cd515c4c0361785649ebff79305d176811a1c7a0e39770.png,unassigned,42
3803e149d44a82a78efbbd96fd67e7c8293627a89898337312c742ef5fbf5ef0,ComplexDataLab/OpenFake,openfake_additional_900,real,images/real/3803e149d44a82a78efbbd96fd67e7c8293627a89898337312c742ef5fbf5ef0.jpg,unassigned,42
384017e7c90e09a745bd2b5fc0bae6561d7a2fc27e0d26ece34e9aa3a7ccb6bf,saberzl/SID_Set,sid_set_candidate_1500,real,images/real/384017e7c90e09a745bd2b5fc0bae6561d7a2fc27e0d26ece34e9aa3a7ccb6bf.jpg,unassigned,42
3882bb06282d88f97a27d7cfa87038d54bc60a27f1abdde1b58cb76d4ee925ad,ComplexDataLab/OpenFake,openfake_additional_900,real,images/real/3882bb06282d88f97a27d7cfa87038d54bc60a27f1abdde1b58cb76d4ee925ad.jpg,unassigned,42
3889ae8cb8aa66f857a5e230e0931c0f3147f33726c8b8e2b9e08144a1c448ec,saberzl/SID_Set,sid_set_candidate_1500,fake,images/fake/3889ae8cb8aa66f857a5e230e0931c0f3147f33726c8b8e2b9e08144a1c448ec.png,unassigned,42
389c2b70b36389ee81aca3334a24dbd4ccb1687fe3807ca48b5120e90f473647,saberzl/SID_Set,sid_set_candidate_1500,real,images/real/389c2b70b36389ee81aca3334a24dbd4ccb1687fe3807ca48b5120e90f473647.jpg,unassigned,42
38a427dfc6245f36f023f810f00f3aba639f0b6b5002bbf700a76ad0b32e5b59,saberzl/SID_Set,sid_set_candidate_1500,real,images/real/38a427dfc6245f36f023f810f00f3aba639f0b6b5002bbf700a76ad0b32e5b59.jpg,unassigned,42
38dbc5bdc9025eceda56fa92e855b858e1988d67c194be856bafe68f939d1229,saberzl/SID_Set,sid_set_candidate_1500,real,images/real/38dbc5bdc9025eceda56fa92e855b858e1988d67c194be856bafe68f939d1229.jpg,unassigned,42
38f6032a7df32c8af63114dd4f0d2ba4474cad6c9d4b242efdd31b6114e4635e,ComplexDataLab/OpenFake,openfake_additional_900,real,images/real/38f6032a7df32c8af63114dd4f0d2ba4474cad6c9d4b242efdd31b6114e4635e.jpg,unassigned,42
38fdc3119e8f7724ed1fa21314e18ddafc40080e19a7065d7dcbe6af06fb2072,ComplexDataLab/OpenFake,openfake_pilot_600,fake,images/fake/38fdc3119e8f7724ed1fa21314e18ddafc40080e19a7065d7dcbe6af06fb2072.png,unassigned,42
3928bbdde33f7eed19df8a9c444db2cc42c1743d6599a09e536304e889fb7f43,ComplexDataLab/OpenFake,openfake_pilot_600,real,images/real/3928bbdde33f7eed19df8a9c444db2cc42c1743d6599a09e536304e889fb7f43.jpg,unassigned,42
3930bb388e7b4e06f4d1b9cec5ad09b0d385cb7f974961697c39bcf74eaa1c54,saberzl/SID_Set,sid_set_candidate_1500,fake,images/fake/3930bb388e7b4e06f4d1b9cec5ad09b0d385cb7f974961697c39bcf74eaa1c54.png,unassigned,42
393251b6a2969798e5eef41307f24380cb6393909a2fe4c724f29c56ecb0bf8e,saberzl/SID_Set,sid_set_candidate_1500,fake,images/fake/393251b6a2969798e5eef41307f24380cb6393909a2fe4c724f29c56ecb0bf8e.png,unassigned,42
3932c4be79a2a6bb5517c79000767e27fdd9b5d16dcad2b686e0da7434a496a4,saberzl/SID_Set,sid_set_candidate_1500,real,images/real/3932c4be79a2a6bb5517c79000767e27fdd9b5d16dcad2b686e0da7434a496a4.jpg,unassigned,42
393f5a40f06ba0ffe95e4f84ba79ad6f307fe28b4b33cec74585b172ca45a393,ComplexDataLab/OpenFake,openfake_pilot_600,fake,images/fake/393f5a40f06ba0ffe95e4f84ba79ad6f307fe28b4b33cec74585b172ca45a393.png,unassigned,42
3996aac320a00a68a5e5fea1c056d5cffd9d4e218e882e69acf3ff09fb4f56eb,ComplexDataLab/OpenFake,openfake_additional_900,real,images/real/3996aac320a00a68a5e5fea1c056d5cffd9d4e218e882e69acf3ff09fb4f56eb.jpg,unassigned,42
399f1ae199f8649c53b248e3938e93a542bfe3e8e347236d541e7aba606d89fd,saberzl/SID_Set,sid_set_candidate_1500,fake,images/fake/399f1ae199f8649c53b248e3938e93a542bfe3e8e347236d541e7aba606d89fd.png,unassigned,42
39a5ed9742cb015033ebb852d73df8c349653ed2ab6ee0c5d5c608da55627ed9,saberzl/SID_Set,sid_set_candidate_1500,real,images/real/39a5ed9742cb015033ebb852d73df8c349653ed2ab6ee0c5d5c608da55627ed9.jpg,unassigned,42
3a0876444087f277c112436701d1019610b3dcd4719a9123c09833921c42d567,ComplexDataLab/OpenFake,openfake_pilot_600,fake,images/fake/3a0876444087f277c112436701d1019610b3dcd4719a9123c09833921c42d567.png,unassigned,42
3a1b5fa6c10324ac43dbfd6604f13d94b13be03b6b537ad3c5ab7cb26f294fe3,ComplexDataLab/OpenFake,openfake_additional_900,real,images/real/3a1b5fa6c10324ac43dbfd6604f13d94b13be03b6b537ad3c5ab7cb26f294fe3.jpg,unassigned,42
3a4267d842682460378b15ebcabe1af4c7925b3ff08e70ad79674f26af578100,ComplexDataLab/OpenFake,openfake_additional_900,fake,images/fake/3a4267d842682460378b15ebcabe1af4c7925b3ff08e70ad79674f26af578100.png,unassigned,42
3a468808c81deb8a1d0578061640035bd166c657d1740388c2da954b2214122d,ComplexDataLab/OpenFake,openfake_additional_900,fake,images/fake/3a468808c81deb8a1d0578061640035bd166c657d1740388c2da954b2214122d.png,unassigned,42
3a60e0997db63ebdda3decb6329a01ccbe79d8deda3cb886993d7f513fc3808f,saberzl/SID_Set,sid_set_candidate_1500,real,images/real/3a60e0997db63ebdda3decb6329a01ccbe79d8deda3cb886993d7f513fc3808f.jpg,unassigned,42
3a61cff91c68e6459f67496b39bbe1f72a9b5fa24ea898e5aef54dfcdd329934,saberzl/SID_Set,sid_set_candidate_1500,fake,images/fake/3a61cff91c68e6459f67496b39bbe1f72a9b5fa24ea898e5aef54dfcdd329934.png,unassigned,42
3a706702e73297c6fdeeaa0dd0d1c4ff3f18a7c1042a3d9a074eac6a9beaf1f9,saberzl/SID_Set,sid_set_candidate_1500,fake,images/fake/3a706702e73297c6fdeeaa0dd0d1c4ff3f18a7c1042a3d9a074eac6a9beaf1f9.png,unassigned,42
3a709eabd6e4997cbc06eb796c6aabebbb5ccefdf47ef02d4dbb5ebb3945d816,saberzl/SID_Set,sid_set_candidate_1500,fake,images/fake/3a709eabd6e4997cbc06eb796c6aabebbb5ccefdf47ef02d4dbb5ebb3945d816.png,unassigned,42
3a8328d25bb7c33618c01b92b5246c0adeffcc11a4d0b63a200c8544d892a85f,saberzl/SID_Set,sid_set_candidate_1500,real,images/real/3a8328d25bb7c33618c01b92b5246c0adeffcc11a4d0b63a200c8544d892a85f.jpg,unassigned,42
3a85c40850ef850bf45da422482fc1b1c0bd4e20b64495e25a799043127e82d8,saberzl/SID_Set,sid_set_candidate_1500,fake,images/fake/3a85c40850ef850bf45da422482fc1b1c0bd4e20b64495e25a799043127e82d8.png,unassigned,42
3ab106a4613d13eb76b2e5738a2be03271f19b546e4710f7a748aa1e0c82da2b,saberzl/SID_Set,sid_set_candidate_1500,fake,images/fake/3ab106a4613d13eb76b2e5738a2be03271f19b546e4710f7a748aa1e0c82da2b.png,unassigned,42
3ab58063bd82668979a3cbdd0de0e27ec5bf9387fc63d16b1df27aff72c44137,saberzl/SID_Set,sid_set_candidate_1500,fake,images/fake/3ab58063bd82668979a3cbdd0de0e27ec5bf9387fc63d16b1df27aff72c44137.png,gold_test,42
3ad61a2362cf80257a1eccacac502e543a40ddf506890db42d59ab60db770c32,ComplexDataLab/OpenFake,openfake_pilot_600,real,images/real/3ad61a2362cf80257a1eccacac502e543a40ddf506890db42d59ab60db770c32.jpg,unassigned,42
3ae707a5631cd7064a1dd52cae70a13ce79106164cf45fc80bf159328915fadc,saberzl/SID_Set,sid_set_candidate_1500,fake,images/fake/3ae707a5631cd7064a1dd52cae70a13ce79106164cf45fc80bf159328915fadc.png,unassigned,42
3ae81164b8904b1b4023f5db79ba10a788031fd879152ed4468e87171fdd8116,saberzl/SID_Set,sid_set_candidate_1500,fake,images/fake/3ae81164b8904b1b4023f5db79ba10a788031fd879152ed4468e87171fdd8116.png,unassigned,42
3b00e6e96bd04214ae3cdb4a0d8870d4a16d09a0f423ebdde2bc23205b787560,ComplexDataLab/OpenFake,openfake_pilot_600,fake,images/fake/3b00e6e96bd04214ae3cdb4a0d8870d4a16d09a0f423ebdde2bc23205b787560.png,gold_development,42
3b035e1cf47fbd78226b371679a9decd767dcbb3aa2ee564ab404c12aa0b3ffa,ComplexDataLab/OpenFake,openfake_additional_900,real,images/real/3b035e1cf47fbd78226b371679a9decd767dcbb3aa2ee564ab404c12aa0b3ffa.jpg,unassigned,42
3b05d39f30751369e8d27bb14a0b790ba4c6f2f86fa90ab9707ea91bcb096ca4,saberzl/SID_Set,sid_set_candidate_1500,real,images/real/3b05d39f30751369e8d27bb14a0b790ba4c6f2f86fa90ab9707ea91bcb096ca4.jpg,unassigned,42
3b1904dc46d012d1d6cc0e3d7e387b55c443decf20d12de9f1d2e005139d7f69,ComplexDataLab/OpenFake,openfake_additional_900,real,images/real/3b1904dc46d012d1d6cc0e3d7e387b55c443decf20d12de9f1d2e005139d7f69.jpg,unassigned,42
3b28a7de3f4ddc101d925414d510391fb0b95f4a69baeb16b5a65a0f582a4beb,saberzl/SID_Set,sid_set_candidate_1500,fake,images/fake/3b28a7de3f4ddc101d925414d510391fb0b95f4a69baeb16b5a65a0f582a4beb.png,unassigned,42
3b39d9bed2394b3d40e7a20c6011f03a0e45658a8f6c97bd41a77af002735230,saberzl/SID_Set,sid_set_candidate_1500,fake,images/fake/3b39d9bed2394b3d40e7a20c6011f03a0e45658a8f6c97bd41a77af002735230.png,unassigned,42
3b543cae8c95409432f44117c1dcc43eecb36f63bcf0330b84b76682264f1def,saberzl/SID_Set,sid_set_candidate_1500,real,images/real/3b543cae8c95409432f44117c1dcc43eecb36f63bcf0330b84b76682264f1def.jpg,unassigned,42
3b551d511809f1f4e30c83687c5d779ec09a00e9995eb7c2bbae7ad56585fe1d,ComplexDataLab/OpenFake,openfake_additional_900,real,images/real/3b551d511809f1f4e30c83687c5d779ec09a00e9995eb7c2bbae7ad56585fe1d.jpg,unassigned,42
3b8158e65aa15623e3d19186ff59e7be26a80fe6b28ec5a71be85e23498bb3f1,saberzl/SID_Set,sid_set_candidate_1500,real,images/real/3b8158e65aa15623e3d19186ff59e7be26a80fe6b28ec5a71be85e23498bb3f1.jpg,unassigned,42
3b858f1b1e84a6637e8bd7c3035cf576f2605c93dcd3b38ae8b51764808ebaf1,ComplexDataLab/OpenFake,openfake_additional_900,real,images/real/3b858f1b1e84a6637e8bd7c3035cf576f2605c93dcd3b38ae8b51764808ebaf1.jpg,unassigned,42
3bd33a78c770bc431e2bef9ff5a13311524ac8d20dac5b42f490bdb29a21a50d,ComplexDataLab/OpenFake,openfake_additional_900,real,images/real/3bd33a78c770bc431e2bef9ff5a13311524ac8d20dac5b42f490bdb29a21a50d.jpg,gold_test,42
3bd56fe2e940dee5a6635bbc97077cad061542085f39c705d8b2f7b7c94607ed,ComplexDataLab/OpenFake,openfake_pilot_600,fake,images/fake/3bd56fe2e940dee5a6635bbc97077cad061542085f39c705d8b2f7b7c94607ed.png,unassigned,42
3bf71364e40b4dbb5c42d1ef2a49c17fdd9d062aca717e694ac367e6d26f8c98,ComplexDataLab/OpenFake,openfake_additional_900,real,images/real/3bf71364e40b4dbb5c42d1ef2a49c17fdd9d062aca717e694ac367e6d26f8c98.jpg,unassigned,42
3c25f6a9c6e51c9d4d66adbf3e8f1cc92e62852cd5b0a9ba22d2981554944d85,saberzl/SID_Set,sid_set_candidate_1500,fake,images/fake/3c25f6a9c6e51c9d4d66adbf3e8f1cc92e62852cd5b0a9ba22d2981554944d85.png,unassigned,42
3c51f29adfe015506084f22633ef5f4c4a09b98d92a621f8da171ddd25a5cf36,ComplexDataLab/OpenFake,openfake_pilot_600,real,images/real/3c51f29adfe015506084f22633ef5f4c4a09b98d92a621f8da171ddd25a5cf36.jpg,gold_development,42
3c5fd88664a4ab56874d3b4061a100fcf9e35d05867ceff5ce70f4f070d6cc19,ComplexDataLab/OpenFake,openfake_pilot_600,fake,images/fake/3c5fd88664a4ab56874d3b4061a100fcf9e35d05867ceff5ce70f4f070d6cc19.png,unassigned,42
3c7d3dfec87b51c6a55ecb35fc2c02c85c09568a46584fc001cdf0463ed96748,saberzl/SID_Set,sid_set_candidate_1500,real,images/real/3c7d3dfec87b51c6a55ecb35fc2c02c85c09568a46584fc001cdf0463ed96748.jpg,unassigned,42
3c8fce2c6181b58ca591f2138609c070d7e3b1b9683a327a8927aab9ab6f9e91,saberzl/SID_Set,sid_set_candidate_1500,fake,images/fake/3c8fce2c6181b58ca591f2138609c070d7e3b1b9683a327a8927aab9ab6f9e91.png,unassigned,42
3c9a6f54794fded613d09729c344de257a382a04e5ea7565fdcec52ab85bea31,saberzl/SID_Set,sid_set_candidate_1500,real,images/real/3c9a6f54794fded613d09729c344de257a382a04e5ea7565fdcec52ab85bea31.jpg,unassigned,42
3c9d19f0f80b2f4ef3a572610a18b726c2c65f9dbd7c9905265c5588bc9a8478,ComplexDataLab/OpenFake,openfake_additional_900,fake,images/fake/3c9d19f0f80b2f4ef3a572610a18b726c2c65f9dbd7c9905265c5588bc9a8478.jpg,unassigned,42
3cbf495c9c52092a8524cf0c401d7f23fc626fd701116d48b58cb8d95e3a165a,ComplexDataLab/OpenFake,openfake_pilot_600,real,images/real/3cbf495c9c52092a8524cf0c401d7f23fc626fd701116d48b58cb8d95e3a165a.jpg,unassigned,42
3cdaf4057c187fe3e038786bcc72ac6107d49a8710f76794ebf192bd76ad50ab,ComplexDataLab/OpenFake,openfake_additional_900,real,images/real/3cdaf4057c187fe3e038786bcc72ac6107d49a8710f76794ebf192bd76ad50ab.jpg,unassigned,42
3d167265c4ac8da86a746360e3409fcbe324a6e66b49c8b838883010970623a0,ComplexDataLab/OpenFake,openfake_additional_900,fake,images/fake/3d167265c4ac8da86a746360e3409fcbe324a6e66b49c8b838883010970623a0.png,unassigned,42
3d25750c572dad08b4e09dca9c9979014e3eda7362ba5c4b59e34d6197d91646,ComplexDataLab/OpenFake,openfake_additional_900,fake,images/fake/3d25750c572dad08b4e09dca9c9979014e3eda7362ba5c4b59e34d6197d91646.png,unassigned,42
3d5fb0459f6bb6fc3d149b07ea1edc602a7fd9aa74ab0000cf0e828f3bff7997,saberzl/SID_Set,sid_set_candidate_1500,real,images/real/3d5fb0459f6bb6fc3d149b07ea1edc602a7fd9aa74ab0000cf0e828f3bff7997.jpg,unassigned,42
3d9934197fd1eea69d880cb2648008ac5895fe853d15d0d37839b51efea63ff6,saberzl/SID_Set,sid_set_candidate_1500,fake,images/fake/3d9934197fd1eea69d880cb2648008ac5895fe853d15d0d37839b51efea63ff6.png,unassigned,42
3dba674c8565bd206c954d4a98d36b55263848ddf14ca6d760c5fa171a16e295,saberzl/SID_Set,sid_set_candidate_1500,real,images/real/3dba674c8565bd206c954d4a98d36b55263848ddf14ca6d760c5fa171a16e295.jpg,unassigned,42
3dd87daa696501c1548a28ff90d620d81226e1ecca146d7fc9e4d41a47adacc0,saberzl/SID_Set,sid_set_candidate_1500,fake,images/fake/3dd87daa696501c1548a28ff90d620d81226e1ecca146d7fc9e4d41a47adacc0.png,unassigned,42
3dd99cf4f20c4f81a559eabc00030602a0476b96cfb6bfbc17d4433b6d780253,saberzl/SID_Set,sid_set_candidate_1500,real,images/real/3dd99cf4f20c4f81a559eabc00030602a0476b96cfb6bfbc17d4433b6d780253.jpg,unassigned,42
3ddf923c917028c2052a20b706be97b4862b0098458e0915590d40c965645ca5,saberzl/SID_Set,sid_set_candidate_1500,real,images/real/3ddf923c917028c2052a20b706be97b4862b0098458e0915590d40c965645ca5.jpg,unassigned,42
3de18d4974abb97a789e3b512a3375defbbc352a44d047c8f484b2dc222841c4,ComplexDataLab/OpenFake,openfake_additional_900,fake,images/fake/3de18d4974abb97a789e3b512a3375defbbc352a44d047c8f484b2dc222841c4.png,unassigned,42
3dee7775e211413a6247f6b5ab30b52fcb279f67cf3df94caf9d8735139a5fb8,ComplexDataLab/OpenFake,openfake_pilot_600,real,images/real/3dee7775e211413a6247f6b5ab30b52fcb279f67cf3df94caf9d8735139a5fb8.jpg,gold_development,42
3e026befa08942199f999b939e6beeacc17d6f07e1454432ff52f3cffc41e46a,ComplexDataLab/OpenFake,openfake_additional_900,real,images/real/3e026befa08942199f999b939e6beeacc17d6f07e1454432ff52f3cffc41e46a.jpg,gold_test,42
3e1e0fc8e6ccd5e18d9768cdd128936d829f24f44bcb07eefe2a39bf3ebe3d7f,saberzl/SID_Set,sid_set_candidate_1500,fake,images/fake/3e1e0fc8e6ccd5e18d9768cdd128936d829f24f44bcb07eefe2a39bf3ebe3d7f.png,unassigned,42
3e43427faeafdfdf7a1c3abb382bc7c926339a997375512e4a4e9b46ca140c0c,ComplexDataLab/OpenFake,openfake_additional_900,fake,images/fake/3e43427faeafdfdf7a1c3abb382bc7c926339a997375512e4a4e9b46ca140c0c.png,unassigned,42
3e460e4bf2c751320ed902d6b6eec7c3d2aa9c54fdb211ec9f22351054b760dc,ComplexDataLab/OpenFake,openfake_additional_900,fake,images/fake/3e460e4bf2c751320ed902d6b6eec7c3d2aa9c54fdb211ec9f22351054b760dc.png,unassigned,42
3e48d7980e451d77033d474815c2fc5ecd20a928eb2fdac40b8f14d82791ba00,ComplexDataLab/OpenFake,openfake_additional_900,real,images/real/3e48d7980e451d77033d474815c2fc5ecd20a928eb2fdac40b8f14d82791ba00.jpg,unassigned,42
3e5fa0214545b084f1e2636c475562b72e5f642a9ade41be20a9b5f3ff7a37b8,saberzl/SID_Set,sid_set_candidate_1500,fake,images/fake/3e5fa0214545b084f1e2636c475562b72e5f642a9ade41be20a9b5f3ff7a37b8.png,unassigned,42
3e60e122a3883f64ce3bbd5d62904799860118d08abdcb024d19a9a9b481b134,ComplexDataLab/OpenFake,openfake_additional_900,real,images/real/3e60e122a3883f64ce3bbd5d62904799860118d08abdcb024d19a9a9b481b134.jpg,unassigned,42
3e85ab191a4f8b5da9d37cc337cac834669d58bf99e0f151967db1f8e3ca583a,saberzl/SID_Set,sid_set_candidate_1500,real,images/real/3e85ab191a4f8b5da9d37cc337cac834669d58bf99e0f151967db1f8e3ca583a.jpg,unassigned,42
3eaaaaaa0e2b38f4fbbf1ca17864830f5c7d5a690200d4a6753519250db7d338,ComplexDataLab/OpenFake,openfake_pilot_600,real,images/real/3eaaaaaa0e2b38f4fbbf1ca17864830f5c7d5a690200d4a6753519250db7d338.jpg,unassigned,42
3eac3ea8c87dc52205827b5d7253e4458acc7e4a7bf043c19b88fff0b5cb222e,saberzl/SID_Set,sid_set_candidate_1500,real,images/real/3eac3ea8c87dc52205827b5d7253e4458acc7e4a7bf043c19b88fff0b5cb222e.jpg,unassigned,42
3ec9209f03fa21740f5bf445cee711070fdb0e51bd2970a52eceb125fe543dda,ComplexDataLab/OpenFake,openfake_pilot_600,real,images/real/3ec9209f03fa21740f5bf445cee711070fdb0e51bd2970a52eceb125fe543dda.jpg,unassigned,42
3ed40b63111d48ea5999b8f022c75de58d30ece4bc35c3b614e94ef771de12f7,ComplexDataLab/OpenFake,openfake_additional_900,fake,images/fake/3ed40b63111d48ea5999b8f022c75de58d30ece4bc35c3b614e94ef771de12f7.png,unassigned,42
3f214263436e6c35a6dcac5af464eb63e32b4ca845ba125b91e0ec3534a7ca2f,ComplexDataLab/OpenFake,openfake_additional_900,fake,images/fake/3f214263436e6c35a6dcac5af464eb63e32b4ca845ba125b91e0ec3534a7ca2f.png,unassigned,42
3f28ac1b52c26e58ca9501bde36234920c8114fe22466375699c39046d55a233,saberzl/SID_Set,sid_set_candidate_1500,fake,images/fake/3f28ac1b52c26e58ca9501bde36234920c8114fe22466375699c39046d55a233.png,unassigned,42
3f4dbf2689855d27e14b8c3495b9d01acb3e1e6b50e4c637bfd64360b3168f4e,ComplexDataLab/OpenFake,openfake_pilot_600,real,images/real/3f4dbf2689855d27e14b8c3495b9d01acb3e1e6b50e4c637bfd64360b3168f4e.jpg,unassigned,42
3f4e9306a74e2ef9916b23060a3877f84708d3dab0f3dfa02d270e161834a0ba,saberzl/SID_Set,sid_set_candidate_1500,real,images/real/3f4e9306a74e2ef9916b23060a3877f84708d3dab0f3dfa02d270e161834a0ba.jpg,unassigned,42
3f9bb03f34139295fb7f248e10acc18cff44a6a4100454c5f8b291664080fb0e,ComplexDataLab/OpenFake,openfake_additional_900,real,images/real/3f9bb03f34139295fb7f248e10acc18cff44a6a4100454c5f8b291664080fb0e.jpg,unassigned,42
3fb4f3ac5b257b23040b2c8e2fafc7419e5688788048b20ccb7808698e71fef5,saberzl/SID_Set,sid_set_candidate_1500,real,images/real/3fb4f3ac5b257b23040b2c8e2fafc7419e5688788048b20ccb7808698e71fef5.jpg,unassigned,42
3fb83946ea481134318f53fa92c46613fd6476e37d8d619376685c8b83ba4ff2,saberzl/SID_Set,sid_set_candidate_1500,fake,images/fake/3fb83946ea481134318f53fa92c46613fd6476e37d8d619376685c8b83ba4ff2.png,unassigned,42
3fc7182c486cfaa460311c36560ae046cbc0395da2160327f5ef5935568f399f,saberzl/SID_Set,sid_set_candidate_1500,fake,images/fake/3fc7182c486cfaa460311c36560ae046cbc0395da2160327f5ef5935568f399f.png,unassigned,42
3fd0c58671c7f76c4ea3eac539ed3371dc3554a72d30c5f6b9e5ea5992fa1438,saberzl/SID_Set,sid_set_candidate_1500,fake,images/fake/3fd0c58671c7f76c4ea3eac539ed3371dc3554a72d30c5f6b9e5ea5992fa1438.png,unassigned,42
3fdd46e137354cb31443fffe5e29fa5cea9a5700c4bad7470d5c9ccb3574ce39,saberzl/SID_Set,sid_set_candidate_1500,real,images/real/3fdd46e137354cb31443fffe5e29fa5cea9a5700c4bad7470d5c9ccb3574ce39.jpg,unassigned,42
3fdfdc7ec0146aedde1b9e79d33de83bc52dcc9821538b7b0e0206b2e9ec755a,saberzl/SID_Set,sid_set_candidate_1500,real,images/real/3fdfdc7ec0146aedde1b9e79d33de83bc52dcc9821538b7b0e0206b2e9ec755a.jpg,unassigned,42
3feeee91e424ea4140b2f6f8a89a83f055f369610e11edf3734adb8ae4547123,ComplexDataLab/OpenFake,openfake_pilot_600,fake,images/fake/3feeee91e424ea4140b2f6f8a89a83f055f369610e11edf3734adb8ae4547123.png,unassigned,42
4005f8aa218782510b69fd27cf4480e1cf250b943a69487a5206c86669e45067,ComplexDataLab/OpenFake,openfake_additional_900,real,images/real/4005f8aa218782510b69fd27cf4480e1cf250b943a69487a5206c86669e45067.jpg,unassigned,42
406d8427e83ccd9e72e985d7828a9a8028c863c4f38e66beb7303348832b6b9c,ComplexDataLab/OpenFake,openfake_additional_900,fake,images/fake/406d8427e83ccd9e72e985d7828a9a8028c863c4f38e66beb7303348832b6b9c.jpg,unassigned,42
406e65d5aa3446fc84575e2d4010cccd865c5cf72d0fb49ad5fe930794251787,ComplexDataLab/OpenFake,openfake_additional_900,real,images/real/406e65d5aa3446fc84575e2d4010cccd865c5cf72d0fb49ad5fe930794251787.jpg,unassigned,42
408f7858e2e075b582f0e24d32cd8de157073b48308c8f252e6003d87aa22e2d,ComplexDataLab/OpenFake,openfake_additional_900,real,images/real/408f7858e2e075b582f0e24d32cd8de157073b48308c8f252e6003d87aa22e2d.jpg,unassigned,42
40a815f9343995feb724b4a5b44c00e04dd3a7e4519d6fc27fb883d27ce76299,saberzl/SID_Set,sid_set_candidate_1500,fake,images/fake/40a815f9343995feb724b4a5b44c00e04dd3a7e4519d6fc27fb883d27ce76299.png,unassigned,42
40b6fa533d8a7e74194fb49e0e1ac0bd068454e3bc9b847e35a57c24913ca6e8,ComplexDataLab/OpenFake,openfake_additional_900,real,images/real/40b6fa533d8a7e74194fb49e0e1ac0bd068454e3bc9b847e35a57c24913ca6e8.jpg,unassigned,42
40d69f920e8fba6e4d332c30c9953e2216950382471f3592f4111bffb8ed60a1,saberzl/SID_Set,sid_set_candidate_1500,real,images/real/40d69f920e8fba6e4d332c30c9953e2216950382471f3592f4111bffb8ed60a1.jpg,unassigned,42
40d750b7e16b3608e7e277ffb400c5388bc8775e7489dc817d756f5c4e3cc21f,saberzl/SID_Set,sid_set_candidate_1500,fake,images/fake/40d750b7e16b3608e7e277ffb400c5388bc8775e7489dc817d756f5c4e3cc21f.png,unassigned,42
40e6a57b5a1466bebd89380ee295fe8ea7ab00930de94f983ed00106501f9dbc,saberzl/SID_Set,sid_set_candidate_1500,fake,images/fake/40e6a57b5a1466bebd89380ee295fe8ea7ab00930de94f983ed00106501f9dbc.png,unassigned,42
40ef24663e71666361bdcc10e622cc58bc7418f0ff900171eadeb8e4657ae9c7,ComplexDataLab/OpenFake,openfake_pilot_600,real,images/real/40ef24663e71666361bdcc10e622cc58bc7418f0ff900171eadeb8e4657ae9c7.jpg,unassigned,42
40f15738fe7aeca4b0017f0a56e9410268a6868dcfe90ab9e548e1b0cab91513,saberzl/SID_Set,sid_set_candidate_1500,fake,images/fake/40f15738fe7aeca4b0017f0a56e9410268a6868dcfe90ab9e548e1b0cab91513.png,unassigned,42
410a01960cbeedd82eae13942a50ea90a27f28305ab5760b8b396e621e053cb6,saberzl/SID_Set,sid_set_candidate_1500,fake,images/fake/410a01960cbeedd82eae13942a50ea90a27f28305ab5760b8b396e621e053cb6.png,unassigned,42
41153daf55f37ed9667e2c31d9e66c719e1e857fd92021854bea63761b79b402,saberzl/SID_Set,sid_set_candidate_1500,real,images/real/41153daf55f37ed9667e2c31d9e66c719e1e857fd92021854bea63761b79b402.jpg,unassigned,42
412ccea9882261a40077329f8dc0944cfa881d1208239cb74dd8e16736c59400,ComplexDataLab/OpenFake,openfake_additional_900,real,images/real/412ccea9882261a40077329f8dc0944cfa881d1208239cb74dd8e16736c59400.jpg,unassigned,42
4131869931744a8e0addcfcf67e22b5c7272abbd8de5d984877eea5aec4e4ee8,saberzl/SID_Set,sid_set_candidate_1500,fake,images/fake/4131869931744a8e0addcfcf67e22b5c7272abbd8de5d984877eea5aec4e4ee8.png,unassigned,42
413cf10b1dd0cf15bf18752eee6949c7baa0e35b1e1ef040e82e86582c795967,saberzl/SID_Set,sid_set_candidate_1500,fake,images/fake/413cf10b1dd0cf15bf18752eee6949c7baa0e35b1e1ef040e82e86582c795967.png,gold_test,42
4146a09c6775e77558b499134b0d44f1b8237e92932d90b253f384973c138b7d,saberzl/SID_Set,sid_set_candidate_1500,fake,images/fake/4146a09c6775e77558b499134b0d44f1b8237e92932d90b253f384973c138b7d.png,unassigned,42
4165cf9084a716e0652d1a095af09267027d4ec1108d8ace7889e6fd6e49a35d,saberzl/SID_Set,sid_set_candidate_1500,fake,images/fake/4165cf9084a716e0652d1a095af09267027d4ec1108d8ace7889e6fd6e49a35d.png,gold_test,42
4167a551fc197015b25d188aad40adca4f759a2425255ea8818cfc729c7b705a,saberzl/SID_Set,sid_set_candidate_1500,real,images/real/4167a551fc197015b25d188aad40adca4f759a2425255ea8818cfc729c7b705a.jpg,unassigned,42
4185f09e712dc233297b31173d955095920719c9cc42e57253291fe6b3cca2cc,ComplexDataLab/OpenFake,openfake_pilot_600,fake,images/fake/4185f09e712dc233297b31173d955095920719c9cc42e57253291fe6b3cca2cc.png,unassigned,42
418f40a4438ca9b9627656071a7896af6ee3de4ac19548239ad0946c3ceecb1c,saberzl/SID_Set,sid_set_candidate_1500,fake,images/fake/418f40a4438ca9b9627656071a7896af6ee3de4ac19548239ad0946c3ceecb1c.png,unassigned,42
41b29a54c4f188e5ccc4d22f1407aa0adb017057c86ba17b1ff05001ca3094e2,saberzl/SID_Set,sid_set_candidate_1500,real,images/real/41b29a54c4f188e5ccc4d22f1407aa0adb017057c86ba17b1ff05001ca3094e2.jpg,unassigned,42
41d8978c1466df92cf50585a2bf5c299a2bfc4190aa46e120061db394d402f98,saberzl/SID_Set,sid_set_candidate_1500,real,images/real/41d8978c1466df92cf50585a2bf5c299a2bfc4190aa46e120061db394d402f98.jpg,unassigned,42
41e3ecf25835bb9d18060df8a1493b59d9f334f021ffccd30c53f6eb3d1ad80b,saberzl/SID_Set,sid_set_candidate_1500,fake,images/fake/41e3ecf25835bb9d18060df8a1493b59d9f334f021ffccd30c53f6eb3d1ad80b.png,unassigned,42
41e4aa56cf9bf6802221f01d05c1e5774fe6d368c9c28042bdd34bf0c6c9269c,saberzl/SID_Set,sid_set_candidate_1500,fake,images/fake/41e4aa56cf9bf6802221f01d05c1e5774fe6d368c9c28042bdd34bf0c6c9269c.png,unassigned,42
4201ce47b59aa0d0a486614e76f497f11a4a87cc6abccd2fe31e0825546e301f,ComplexDataLab/OpenFake,openfake_additional_900,fake,images/fake/4201ce47b59aa0d0a486614e76f497f11a4a87cc6abccd2fe31e0825546e301f.png,unassigned,42
4206b2b1ad9357771272805d0e209e1a975111bdd53bebf07139c9adde2f9bdf,saberzl/SID_Set,sid_set_candidate_1500,fake,images/fake/4206b2b1ad9357771272805d0e209e1a975111bdd53bebf07139c9adde2f9bdf.png,unassigned,42
4235575d1e77a4ae1bf21e25d9089b945e82798977c0121392c01364145bfa26,saberzl/SID_Set,sid_set_candidate_1500,real,images/real/4235575d1e77a4ae1bf21e25d9089b945e82798977c0121392c01364145bfa26.jpg,unassigned,42
424199a0f1d2f39ce3a263d965ce9bf318c43efd4ebcca6c9e71b233cc278bf3,ComplexDataLab/OpenFake,openfake_pilot_600,fake,images/fake/424199a0f1d2f39ce3a263d965ce9bf318c43efd4ebcca6c9e71b233cc278bf3.png,unassigned,42
424b3c596299ad1dcba9dfef0a254d2055a6bd866d1fb1ea0a7000785dd9aa4d,saberzl/SID_Set,sid_set_candidate_1500,real,images/real/424b3c596299ad1dcba9dfef0a254d2055a6bd866d1fb1ea0a7000785dd9aa4d.jpg,unassigned,42
4257444908968970fb39a3a578dd765c04ace26efa6da8eb552ba537c21fbec1,saberzl/SID_Set,sid_set_candidate_1500,fake,images/fake/4257444908968970fb39a3a578dd765c04ace26efa6da8eb552ba537c21fbec1.png,unassigned,42
426c2e9862876b98d255de55fad0fec2f7901a507c2e29de92f1e094faef06d1,saberzl/SID_Set,sid_set_candidate_1500,fake,images/fake/426c2e9862876b98d255de55fad0fec2f7901a507c2e29de92f1e094faef06d1.png,unassigned,42
4273c48a13b70f0adc5d682c7c5eb9c53f1a8070bf9811fd5a035fa95c4b162a,saberzl/SID_Set,sid_set_candidate_1500,fake,images/fake/4273c48a13b70f0adc5d682c7c5eb9c53f1a8070bf9811fd5a035fa95c4b162a.png,unassigned,42
4287fdb03589b70cd85407dabacd5bf750731ad5f3da6c067fc195e713dd5a9d,ComplexDataLab/OpenFake,openfake_additional_900,fake,images/fake/4287fdb03589b70cd85407dabacd5bf750731ad5f3da6c067fc195e713dd5a9d.png,unassigned,42
428a1ecd1b542c2890bb7334543e9f8daa6458554da9eb9c35782ba5bd91335b,ComplexDataLab/OpenFake,openfake_additional_900,fake,images/fake/428a1ecd1b542c2890bb7334543e9f8daa6458554da9eb9c35782ba5bd91335b.png,unassigned,42
428a9d7a92546bc0dd2c38029cf5d4cc9bc54cd5bab03b1815ba7a6c59215a8b,saberzl/SID_Set,sid_set_candidate_1500,real,images/real/428a9d7a92546bc0dd2c38029cf5d4cc9bc54cd5bab03b1815ba7a6c59215a8b.jpg,unassigned,42
429b40a5698280ddfa0b3a2ef576fed922c3626c4cc8c20473988018a02a9de5,saberzl/SID_Set,sid_set_candidate_1500,real,images/real/429b40a5698280ddfa0b3a2ef576fed922c3626c4cc8c20473988018a02a9de5.jpg,unassigned,42
42cd2a96d784190526146334d1c1e5b3993915cc8064529fe7275af9876d0361,ComplexDataLab/OpenFake,openfake_additional_900,real,images/real/42cd2a96d784190526146334d1c1e5b3993915cc8064529fe7275af9876d0361.jpg,unassigned,42
42e02282a0ee22844baaa107f9ea0ab2439fe2eb651348da1cfbbe6420369ab9,ComplexDataLab/OpenFake,openfake_additional_900,fake,images/fake/42e02282a0ee22844baaa107f9ea0ab2439fe2eb651348da1cfbbe6420369ab9.jpg,unassigned,42
433936eda1a98eb2f1ed4f329b116fd5cd91f98cad65c9e16323ad5abfe82617,ComplexDataLab/OpenFake,openfake_pilot_600,fake,images/fake/433936eda1a98eb2f1ed4f329b116fd5cd91f98cad65c9e16323ad5abfe82617.jpg,gold_test,42
4340d33bb8d6b2b0963b7f08e839eb3f58da16889a462229bd4c4037e32da9e9,saberzl/SID_Set,sid_set_candidate_1500,real,images/real/4340d33bb8d6b2b0963b7f08e839eb3f58da16889a462229bd4c4037e32da9e9.jpg,unassigned,42
435ee8accb9895472d6b248b4e9902190824cc173ca8f7907a6ce49eb95c1873,ComplexDataLab/OpenFake,openfake_pilot_600,fake,images/fake/435ee8accb9895472d6b248b4e9902190824cc173ca8f7907a6ce49eb95c1873.png,gold_test,42
437f3e2df480b720f1e38fb4d9c459842439e9861ad57ab44d652b7c1778cf13,saberzl/SID_Set,sid_set_candidate_1500,fake,images/fake/437f3e2df480b720f1e38fb4d9c459842439e9861ad57ab44d652b7c1778cf13.png,unassigned,42
4397b113401b6da75d4890c85e36d0b53ec19ebfe9a62e8eb2f0ca8bf4e4b0b9,saberzl/SID_Set,sid_set_candidate_1500,real,images/real/4397b113401b6da75d4890c85e36d0b53ec19ebfe9a62e8eb2f0ca8bf4e4b0b9.jpg,unassigned,42
439a17e889ce2ee9a6f38f52fb9f839457fe275c681246be2f3dc6f90e019c4c,saberzl/SID_Set,sid_set_candidate_1500,fake,images/fake/439a17e889ce2ee9a6f38f52fb9f839457fe275c681246be2f3dc6f90e019c4c.png,unassigned,42
439af5c84c8b8613e612eb662465309bb410e449127b29da97a6d768f0ea342b,ComplexDataLab/OpenFake,openfake_additional_900,fake,images/fake/439af5c84c8b8613e612eb662465309bb410e449127b29da97a6d768f0ea342b.png,unassigned,42
43a7b439ef8fa21744e89c30159e6f897eaf017e3b9a3b84a62351ce888c4b1e,ComplexDataLab/OpenFake,openfake_additional_900,real,images/real/43a7b439ef8fa21744e89c30159e6f897eaf017e3b9a3b84a62351ce888c4b1e.jpg,unassigned,42
43b4ce98a44fc0e2ec7d31e84601894c0d8e9e4b52955fa6682fb8cd96cde7cd,saberzl/SID_Set,sid_set_candidate_1500,real,images/real/43b4ce98a44fc0e2ec7d31e84601894c0d8e9e4b52955fa6682fb8cd96cde7cd.jpg,unassigned,42
43bec3b587510fe3c73842ad4c306e38805809dccdf2aca383933e9b8890072e,ComplexDataLab/OpenFake,openfake_additional_900,fake,images/fake/43bec3b587510fe3c73842ad4c306e38805809dccdf2aca383933e9b8890072e.png,unassigned,42
43cfed9e3d2ab40c29cf04319bdcb54e80016a2086dca9b0eafc15f42680079a,saberzl/SID_Set,sid_set_candidate_1500,real,images/real/43cfed9e3d2ab40c29cf04319bdcb54e80016a2086dca9b0eafc15f42680079a.jpg,unassigned,42
43d8cce2be906df1dfcf3628ca5d1e0aea40857f064e9a8166779c47d8b0b873,saberzl/SID_Set,sid_set_candidate_1500,real,images/real/43d8cce2be906df1dfcf3628ca5d1e0aea40857f064e9a8166779c47d8b0b873.jpg,unassigned,42
43de6804b6e253bba24e76ec8ee718aa339284c9b42a8d2caaaffa8e154d3545,ComplexDataLab/OpenFake,openfake_additional_900,real,images/real/43de6804b6e253bba24e76ec8ee718aa339284c9b42a8d2caaaffa8e154d3545.jpg,unassigned,42
43f49a3088e40a9c8f9506723ae5b0a76c68bb49a9cd41395f0a2b81c5a38d1e,saberzl/SID_Set,sid_set_candidate_1500,real,images/real/43f49a3088e40a9c8f9506723ae5b0a76c68bb49a9cd41395f0a2b81c5a38d1e.jpg,unassigned,42
4418e5afbbabbf76b28362d46143389848e8c40e3b8b6c21b4371bd24a731c13,saberzl/SID_Set,sid_set_candidate_1500,real,images/real/4418e5afbbabbf76b28362d46143389848e8c40e3b8b6c21b4371bd24a731c13.jpg,unassigned,42
44304926e81e388cf345add7e789e59feb26e25be2217dc0b05cd03055340a5c,ComplexDataLab/OpenFake,openfake_additional_900,real,images/real/44304926e81e388cf345add7e789e59feb26e25be2217dc0b05cd03055340a5c.jpg,unassigned,42
446b2aeac9db27c02eb12b94074272142c5302607581fcf2a157d0e65f129415,ComplexDataLab/OpenFake,openfake_pilot_600,real,images/real/446b2aeac9db27c02eb12b94074272142c5302607581fcf2a157d0e65f129415.jpg,gold_development,42
4472ea174ac44f4b9ba13c283c2360ea187511bbe379b4a5e1c58f371ef2fe88,ComplexDataLab/OpenFake,openfake_pilot_600,real,images/real/4472ea174ac44f4b9ba13c283c2360ea187511bbe379b4a5e1c58f371ef2fe88.jpg,unassigned,42
44b5c025fa5cc27c01325d6859ae1fd3896af79d9ef45007f2bd6b732d0f9820,ComplexDataLab/OpenFake,openfake_pilot_600,real,images/real/44b5c025fa5cc27c01325d6859ae1fd3896af79d9ef45007f2bd6b732d0f9820.jpg,gold_development,42
44d1ae471bb988815ada651cb4766e11ee2ee298ae2ee1c89f94bda6a847fa00,ComplexDataLab/OpenFake,openfake_additional_900,real,images/real/44d1ae471bb988815ada651cb4766e11ee2ee298ae2ee1c89f94bda6a847fa00.jpg,unassigned,42
44e9c9246c2682caee60c2de2186d9ab444a4bbe50956523120635bc1b3aeb34,ComplexDataLab/OpenFake,openfake_additional_900,fake,images/fake/44e9c9246c2682caee60c2de2186d9ab444a4bbe50956523120635bc1b3aeb34.png,unassigned,42
44f6f72ab117ac83f9d77d8719766b089f315fa364739215aa85d0f3a2cb19a4,saberzl/SID_Set,sid_set_candidate_1500,fake,images/fake/44f6f72ab117ac83f9d77d8719766b089f315fa364739215aa85d0f3a2cb19a4.png,unassigned,42
4522ede7e8dd2ca56aa866bef2fabc4c40927cffcc9abb2b176b8c63a03a74d3,ComplexDataLab/OpenFake,openfake_additional_900,fake,images/fake/4522ede7e8dd2ca56aa866bef2fabc4c40927cffcc9abb2b176b8c63a03a74d3.png,unassigned,42
45339c635ac1cf8edb6b7973b30b913c53864fbec42538a46cf13ab1f6d116ee,ComplexDataLab/OpenFake,openfake_pilot_600,real,images/real/45339c635ac1cf8edb6b7973b30b913c53864fbec42538a46cf13ab1f6d116ee.jpg,gold_development,42
454b847a5870330de2cdaf814f6516356eb04f6e425c8f00322a3cec5a407461,ComplexDataLab/OpenFake,openfake_additional_900,fake,images/fake/454b847a5870330de2cdaf814f6516356eb04f6e425c8f00322a3cec5a407461.jpg,unassigned,42
45535c786a78f574847dac231933b5f80f3007442ccc54f139e36688fecd0e06,saberzl/SID_Set,sid_set_candidate_1500,fake,images/fake/45535c786a78f574847dac231933b5f80f3007442ccc54f139e36688fecd0e06.png,gold_test,42
455dbfd101ed8f7578e1e6d4a25e4006c24979c2d8c8b929cde7835ee16a0cf9,saberzl/SID_Set,sid_set_candidate_1500,fake,images/fake/455dbfd101ed8f7578e1e6d4a25e4006c24979c2d8c8b929cde7835ee16a0cf9.png,unassigned,42
456ce8a65656b6ac7283488a96f14df94ee76ec5d9d496ef46066f38ae527e36,ComplexDataLab/OpenFake,openfake_additional_900,fake,images/fake/456ce8a65656b6ac7283488a96f14df94ee76ec5d9d496ef46066f38ae527e36.png,unassigned,42
459a05953f07edb82e8836b40a370cb24c5de6a84b8504d424ff164bacbc7f26,ComplexDataLab/OpenFake,openfake_additional_900,real,images/real/459a05953f07edb82e8836b40a370cb24c5de6a84b8504d424ff164bacbc7f26.jpg,unassigned,42
45b2c96cfa998963bdf090de4f67feff094da87786a13be5b17a66030e1fe12b,saberzl/SID_Set,sid_set_candidate_1500,real,images/real/45b2c96cfa998963bdf090de4f67feff094da87786a13be5b17a66030e1fe12b.jpg,unassigned,42
45d695342ff282f88aa757731a17bd7ad77a414c5fc3af93b049656c6ff198de,ComplexDataLab/OpenFake,openfake_pilot_600,fake,images/fake/45d695342ff282f88aa757731a17bd7ad77a414c5fc3af93b049656c6ff198de.png,unassigned,42
45d76238d5459c9e77be2eb817b098479e415c7b6ba719843d26dddff110fba2,ComplexDataLab/OpenFake,openfake_additional_900,fake,images/fake/45d76238d5459c9e77be2eb817b098479e415c7b6ba719843d26dddff110fba2.png,gold_test,42
45e218f8835b3588db67a9ff9077c0cd6395ce31ba257096e0519a1a59fe6c06,saberzl/SID_Set,sid_set_candidate_1500,fake,images/fake/45e218f8835b3588db67a9ff9077c0cd6395ce31ba257096e0519a1a59fe6c06.png,unassigned,42
4609c56e827d93101d3c599f87c387ca195f712eab07c56f15978cda9aa2333f,saberzl/SID_Set,sid_set_candidate_1500,real,images/real/4609c56e827d93101d3c599f87c387ca195f712eab07c56f15978cda9aa2333f.jpg,unassigned,42
463d956215c4d2e4dcc48adabd78ac3215dee3e393113e78967b05ac74d37be8,ComplexDataLab/OpenFake,openfake_pilot_600,fake,images/fake/463d956215c4d2e4dcc48adabd78ac3215dee3e393113e78967b05ac74d37be8.png,unassigned,42
465299e3fd07e7622ca21070b218f81887659270ffb2dbdd79520125f141b0cf,ComplexDataLab/OpenFake,openfake_pilot_600,fake,images/fake/465299e3fd07e7622ca21070b218f81887659270ffb2dbdd79520125f141b0cf.png,unassigned,42
466892248af839aa29bca381f410192e78bd53a96fc9725ca03fd75eb2bb5691,saberzl/SID_Set,sid_set_candidate_1500,real,images/real/466892248af839aa29bca381f410192e78bd53a96fc9725ca03fd75eb2bb5691.jpg,unassigned,42
468f397b531c25599986112fff8f7107530e1ea94083ae6ecd8aaeae4fe1c659,saberzl/SID_Set,sid_set_candidate_1500,real,images/real/468f397b531c25599986112fff8f7107530e1ea94083ae6ecd8aaeae4fe1c659.jpg,gold_test,42
4695936313504537848f94b81d49f822f7bf46131115b0ab0511a8e122f2cc9b,saberzl/SID_Set,sid_set_candidate_1500,real,images/real/4695936313504537848f94b81d49f822f7bf46131115b0ab0511a8e122f2cc9b.jpg,unassigned,42
469fa294f56e88fb68b73529b0ef4ae2ceee6238527684a3acf5da8ccd30f47c,ComplexDataLab/OpenFake,openfake_additional_900,fake,images/fake/469fa294f56e88fb68b73529b0ef4ae2ceee6238527684a3acf5da8ccd30f47c.png,unassigned,42
46aa5b92bb78839089629b67908556ce6b2186844184ef5e5cc25be0275b82ae,saberzl/SID_Set,sid_set_candidate_1500,fake,images/fake/46aa5b92bb78839089629b67908556ce6b2186844184ef5e5cc25be0275b82ae.png,unassigned,42
46aa8e6787989eee74c8d19a17b2f106968374f6155d863815fe5733a0d330ac,saberzl/SID_Set,sid_set_candidate_1500,real,images/real/46aa8e6787989eee74c8d19a17b2f106968374f6155d863815fe5733a0d330ac.jpg,unassigned,42
46c2b0a96536c21e98fc9863f81cbfe0647362388ab0fdf62b82a93a3356cbd5,saberzl/SID_Set,sid_set_candidate_1500,real,images/real/46c2b0a96536c21e98fc9863f81cbfe0647362388ab0fdf62b82a93a3356cbd5.jpg,unassigned,42
46d39e83098490d85af0437a349819a0eadc87faa1289a863312dbb2f72b7c23,saberzl/SID_Set,sid_set_candidate_1500,fake,images/fake/46d39e83098490d85af0437a349819a0eadc87faa1289a863312dbb2f72b7c23.png,unassigned,42
46fbb6b983bbe1e5d1817de94d38b4d658492d0aae9400f8cdf82030ef66c123,saberzl/SID_Set,sid_set_candidate_1500,fake,images/fake/46fbb6b983bbe1e5d1817de94d38b4d658492d0aae9400f8cdf82030ef66c123.png,unassigned,42
470afb541c53680655c5270fd16135a0f38f87887c43f1cf05860dbd31a32554,saberzl/SID_Set,sid_set_candidate_1500,real,images/real/470afb541c53680655c5270fd16135a0f38f87887c43f1cf05860dbd31a32554.jpg,unassigned,42
4745060cafee2937b9ac9c4cf554c2e024bc8f7c1e9f79d63e66b6fdf53ad149,saberzl/SID_Set,sid_set_candidate_1500,real,images/real/4745060cafee2937b9ac9c4cf554c2e024bc8f7c1e9f79d63e66b6fdf53ad149.jpg,unassigned,42
47504307bd02f18f2267db4a4775514cc3e8380ef11a0cd02d0acdd65727163c,saberzl/SID_Set,sid_set_candidate_1500,fake,images/fake/47504307bd02f18f2267db4a4775514cc3e8380ef11a0cd02d0acdd65727163c.png,unassigned,42
4784907b79c4681e79abc74ca063a1a3893cf7aaf640fe022e014434feb78b51,saberzl/SID_Set,sid_set_candidate_1500,fake,images/fake/4784907b79c4681e79abc74ca063a1a3893cf7aaf640fe022e014434feb78b51.png,unassigned,42
479bcadec0e113a237bba009a4202b631d142a52a410d4046f667c0c9d7a5886,ComplexDataLab/OpenFake,openfake_additional_900,fake,images/fake/479bcadec0e113a237bba009a4202b631d142a52a410d4046f667c0c9d7a5886.png,unassigned,42
47a25c53213dd0730eddfd193561ce0cde7cb424c926986fc44099e231153ca2,saberzl/SID_Set,sid_set_candidate_1500,real,images/real/47a25c53213dd0730eddfd193561ce0cde7cb424c926986fc44099e231153ca2.jpg,unassigned,42
47f49e3dd3e405af51506f567fc47d08b48e7a0dcca64370080f6800e4d61fda,ComplexDataLab/OpenFake,openfake_additional_900,fake,images/fake/47f49e3dd3e405af51506f567fc47d08b48e7a0dcca64370080f6800e4d61fda.png,unassigned,42
47f9c9b2a8f9989a347dad9ee17719d54657e746e4e05f749af4eeac64398f90,ComplexDataLab/OpenFake,openfake_additional_900,real,images/real/47f9c9b2a8f9989a347dad9ee17719d54657e746e4e05f749af4eeac64398f90.jpg,unassigned,42
4803f7e88f7bc9b12d4e1ea8a13ea3c3fe17a8c7a3f4de5cd282be6edc33a503,ComplexDataLab/OpenFake,openfake_additional_900,real,images/real/4803f7e88f7bc9b12d4e1ea8a13ea3c3fe17a8c7a3f4de5cd282be6edc33a503.jpg,unassigned,42
48121b25827fe6a8a4a889e2e3d8f7b08f32507f723865eada1ebe5162d2a769,saberzl/SID_Set,sid_set_candidate_1500,fake,images/fake/48121b25827fe6a8a4a889e2e3d8f7b08f32507f723865eada1ebe5162d2a769.png,unassigned,42
48384cc5d7aa2f5dc39dd96e326d283bea6c1e2f525faa4b072800a7efb467e3,ComplexDataLab/OpenFake,openfake_additional_900,fake,images/fake/48384cc5d7aa2f5dc39dd96e326d283bea6c1e2f525faa4b072800a7efb467e3.webp,unassigned,42
486bef56210c32f3dc965e5cb7117ba1afeec61f3908aedf607e7bbfd8d9e9a3,ComplexDataLab/OpenFake,openfake_pilot_600,real,images/real/486bef56210c32f3dc965e5cb7117ba1afeec61f3908aedf607e7bbfd8d9e9a3.jpg,unassigned,42
48a67a84d155309de77ee56bc4d2fa7e49bd691ccaffbdc87487f8e04640baf4,ComplexDataLab/OpenFake,openfake_pilot_600,fake,images/fake/48a67a84d155309de77ee56bc4d2fa7e49bd691ccaffbdc87487f8e04640baf4.png,gold_development,42
48b7a71d356bd71b2d4237c623c0c156fabae96ba03ad473f37b267763b11633,ComplexDataLab/OpenFake,openfake_additional_900,fake,images/fake/48b7a71d356bd71b2d4237c623c0c156fabae96ba03ad473f37b267763b11633.png,unassigned,42
48baf326ee028b000b92936d8abcf15e84ab89a13b882f5bd4476d923e5ec5ae,ComplexDataLab/OpenFake,openfake_additional_900,fake,images/fake/48baf326ee028b000b92936d8abcf15e84ab89a13b882f5bd4476d923e5ec5ae.png,unassigned,42
48e3828b6edede16ac4c3f7f415d98ed2ec0fa49451ac8271119f8209da482a6,saberzl/SID_Set,sid_set_candidate_1500,real,images/real/48e3828b6edede16ac4c3f7f415d98ed2ec0fa49451ac8271119f8209da482a6.jpg,unassigned,42
48e7ebc76990e709db19e990f04471a64e425c37ceb04fe25a12881783997017,saberzl/SID_Set,sid_set_candidate_1500,real,images/real/48e7ebc76990e709db19e990f04471a64e425c37ceb04fe25a12881783997017.jpg,unassigned,42
48f89d2ce2ab9e0c21591f9d62f5602687f5c6020baaf397fff7fb4f0d5c443b,saberzl/SID_Set,sid_set_candidate_1500,real,images/real/48f89d2ce2ab9e0c21591f9d62f5602687f5c6020baaf397fff7fb4f0d5c443b.jpg,unassigned,42
490781fc653df043f7150f564b0b16cb838b3de7d2162bf5e118d805d8da7fea,ComplexDataLab/OpenFake,openfake_pilot_600,fake,images/fake/490781fc653df043f7150f564b0b16cb838b3de7d2162bf5e118d805d8da7fea.png,unassigned,42
49380a144b49f0f59b768de5a10406c3e1349401dfbee418968d0e6057703ebd,saberzl/SID_Set,sid_set_candidate_1500,fake,images/fake/49380a144b49f0f59b768de5a10406c3e1349401dfbee418968d0e6057703ebd.png,unassigned,42
4939a017439fe2a1a52769f15fabea5fd4a111b98f01e8961fa36bb5625d47fe,saberzl/SID_Set,sid_set_candidate_1500,fake,images/fake/4939a017439fe2a1a52769f15fabea5fd4a111b98f01e8961fa36bb5625d47fe.png,unassigned,42
4939e8d6ea3b6d2271b18668401b373c6a991b82b419463cd29f637fdfa2745d,ComplexDataLab/OpenFake,openfake_pilot_600,fake,images/fake/4939e8d6ea3b6d2271b18668401b373c6a991b82b419463cd29f637fdfa2745d.png,unassigned,42
4939f387d0eb4c567650baa445a3fa3d0c1482e0078c16958ca03db310c0cbdf,saberzl/SID_Set,sid_set_candidate_1500,fake,images/fake/4939f387d0eb4c567650baa445a3fa3d0c1482e0078c16958ca03db310c0cbdf.png,unassigned,42
493e7d380af21afff596672dce5c3dd5a60efec2d2a06583ce35a9747666eca2,saberzl/SID_Set,sid_set_candidate_1500,real,images/real/493e7d380af21afff596672dce5c3dd5a60efec2d2a06583ce35a9747666eca2.jpg,unassigned,42
495f62b411289d1abdf3973c4ce83aa8534d72bd76072f8af75f9f660224aea7,ComplexDataLab/OpenFake,openfake_additional_900,fake,images/fake/495f62b411289d1abdf3973c4ce83aa8534d72bd76072f8af75f9f660224aea7.png,unassigned,42
496d44cf24c7e64b7780272bab89ea677b5a53cbeefada24d2b0e5e6732a83ee,ComplexDataLab/OpenFake,openfake_additional_900,real,images/real/496d44cf24c7e64b7780272bab89ea677b5a53cbeefada24d2b0e5e6732a83ee.jpg,unassigned,42
4973691b125c0d346855d2a769df2405781ecbca495dc428f1162849b22f22a3,ComplexDataLab/OpenFake,openfake_pilot_600,real,images/real/4973691b125c0d346855d2a769df2405781ecbca495dc428f1162849b22f22a3.jpg,unassigned,42
497cb7e3696f4f9d849081072f422942be9139d1a108c04ccb9a163a316c142a,saberzl/SID_Set,sid_set_candidate_1500,real,images/real/497cb7e3696f4f9d849081072f422942be9139d1a108c04ccb9a163a316c142a.jpg,unassigned,42
4986dcfcb54b3a04837be073ffa37fb68c7dd55bf1b709d871b36efc315fbf51,saberzl/SID_Set,sid_set_candidate_1500,real,images/real/4986dcfcb54b3a04837be073ffa37fb68c7dd55bf1b709d871b36efc315fbf51.jpg,unassigned,42
49bf4e4f64baa58f982fc25105923a7b6838b2b796c7b99a3bc8ecc0a5c18a22,saberzl/SID_Set,sid_set_candidate_1500,real,images/real/49bf4e4f64baa58f982fc25105923a7b6838b2b796c7b99a3bc8ecc0a5c18a22.jpg,unassigned,42
49bfa7279c3d32e7a1db762a9aac22cc3ef3378f72e8c39a1db89c4685ca9a79,ComplexDataLab/OpenFake,openfake_pilot_600,fake,images/fake/49bfa7279c3d32e7a1db762a9aac22cc3ef3378f72e8c39a1db89c4685ca9a79.png,unassigned,42
49d8bfa20b71153f17032767e01651b8a1ac3755e502c165e794a3940a1314b3,saberzl/SID_Set,sid_set_candidate_1500,fake,images/fake/49d8bfa20b71153f17032767e01651b8a1ac3755e502c165e794a3940a1314b3.png,unassigned,42
49de00b712948044a523daa78eba28ed3bbfff1029a89368fd1f0fc0014248ee,saberzl/SID_Set,sid_set_candidate_1500,fake,images/fake/49de00b712948044a523daa78eba28ed3bbfff1029a89368fd1f0fc0014248ee.png,unassigned,42
49eed0dca63365128918a899970661b0e147b64254730d2ed4d85fc5b356093e,ComplexDataLab/OpenFake,openfake_pilot_600,fake,images/fake/49eed0dca63365128918a899970661b0e147b64254730d2ed4d85fc5b356093e.png,unassigned,42
4a10fc14f8d8785dcaed7df86a715d4cdf5782f3ecd0e67da1b0541fc2316cfd,ComplexDataLab/OpenFake,openfake_additional_900,real,images/real/4a10fc14f8d8785dcaed7df86a715d4cdf5782f3ecd0e67da1b0541fc2316cfd.jpg,unassigned,42
4a5d78223439769570399be6204e0573ef29c23e01ed12ba4a9952d67069ba22,saberzl/SID_Set,sid_set_candidate_1500,fake,images/fake/4a5d78223439769570399be6204e0573ef29c23e01ed12ba4a9952d67069ba22.png,unassigned,42
4a6adb1589f8b9e3609a46777d2325c959074a6d6e2f532a8383dd304b14180a,saberzl/SID_Set,sid_set_candidate_1500,real,images/real/4a6adb1589f8b9e3609a46777d2325c959074a6d6e2f532a8383dd304b14180a.jpg,unassigned,42
4a765c28c05a8ee986f2221fc02dde57a05657b25ab3693164b6a309bd816d8d,saberzl/SID_Set,sid_set_candidate_1500,fake,images/fake/4a765c28c05a8ee986f2221fc02dde57a05657b25ab3693164b6a309bd816d8d.png,unassigned,42
4a970d0872b966f622500aa3b3a84854ef8f2b48990bb28424a0c6cf85e0e515,saberzl/SID_Set,sid_set_candidate_1500,real,images/real/4a970d0872b966f622500aa3b3a84854ef8f2b48990bb28424a0c6cf85e0e515.jpg,unassigned,42
4abcacc017bfce04aed4726653569922a6f30b0b4d2c89969c71dbdd931c7189,saberzl/SID_Set,sid_set_candidate_1500,fake,images/fake/4abcacc017bfce04aed4726653569922a6f30b0b4d2c89969c71dbdd931c7189.png,unassigned,42
4ac407d4db2cf9e45507bd81511e86cc7876be378e6efa53f810b6d966772e2b,saberzl/SID_Set,sid_set_candidate_1500,fake,images/fake/4ac407d4db2cf9e45507bd81511e86cc7876be378e6efa53f810b6d966772e2b.png,unassigned,42
4ac5aff8ac575d4dcf8423a0e3130ae17d5334d793deeca1a0afa347bf69fb7f,saberzl/SID_Set,sid_set_candidate_1500,fake,images/fake/4ac5aff8ac575d4dcf8423a0e3130ae17d5334d793deeca1a0afa347bf69fb7f.png,unassigned,42
4ac6ab44e7c934630f7e531f7678a5c91d3bd278b176ec4355ff9826e69e88f4,ComplexDataLab/OpenFake,openfake_pilot_600,real,images/real/4ac6ab44e7c934630f7e531f7678a5c91d3bd278b176ec4355ff9826e69e88f4.jpg,unassigned,42
4aec263de4c723d0816290080a21c231a7b83a23273123e0690cb598c927c564,saberzl/SID_Set,sid_set_candidate_1500,fake,images/fake/4aec263de4c723d0816290080a21c231a7b83a23273123e0690cb598c927c564.png,unassigned,42
4af66822abbdf36f464235867b1451427041363201aedee22d2e123c1d00f205,ComplexDataLab/OpenFake,openfake_pilot_600,fake,images/fake/4af66822abbdf36f464235867b1451427041363201aedee22d2e123c1d00f205.png,unassigned,42
4afd8beaebed4d4224790303da497a44e00eb922463b0ff42d4180ef1d1da4ef,saberzl/SID_Set,sid_set_candidate_1500,real,images/real/4afd8beaebed4d4224790303da497a44e00eb922463b0ff42d4180ef1d1da4ef.jpg,unassigned,42
4b016e64a421d12b31a4db1512e67280bceb03f9e2ce69d18ac6d254b75929f2,saberzl/SID_Set,sid_set_candidate_1500,fake,images/fake/4b016e64a421d12b31a4db1512e67280bceb03f9e2ce69d18ac6d254b75929f2.png,unassigned,42
4b02ca5c117c532f9e4fd0ec487d366aa25999ae7f68e757d4f047ea56d3066d,ComplexDataLab/OpenFake,openfake_additional_900,fake,images/fake/4b02ca5c117c532f9e4fd0ec487d366aa25999ae7f68e757d4f047ea56d3066d.png,unassigned,42
4b182e261ef7c70c3f4be4a5bff9dba360f72153b0796b2ebf89ee8bddc62212,saberzl/SID_Set,sid_set_candidate_1500,fake,images/fake/4b182e261ef7c70c3f4be4a5bff9dba360f72153b0796b2ebf89ee8bddc62212.png,unassigned,42
4b463814d4ef9592cc0d7b5dd1932f03529158b872ec8f8e840a11d7ec037bc2,ComplexDataLab/OpenFake,openfake_additional_900,fake,images/fake/4b463814d4ef9592cc0d7b5dd1932f03529158b872ec8f8e840a11d7ec037bc2.png,unassigned,42
4b57ac10add5de22fe235baef3ba95832a153bc4f667b56bd2a0fdcec825911e,ComplexDataLab/OpenFake,openfake_pilot_600,real,images/real/4b57ac10add5de22fe235baef3ba95832a153bc4f667b56bd2a0fdcec825911e.jpg,unassigned,42
4b684bea40aeed911d404714784204a81f1def1c5d2adc7be8f60a92be6fee59,saberzl/SID_Set,sid_set_candidate_1500,fake,images/fake/4b684bea40aeed911d404714784204a81f1def1c5d2adc7be8f60a92be6fee59.png,unassigned,42
4b698946e0e311e3846dae36932f92fb6020fe55a6b5b01b6000472ea791b2e5,ComplexDataLab/OpenFake,openfake_pilot_600,fake,images/fake/4b698946e0e311e3846dae36932f92fb6020fe55a6b5b01b6000472ea791b2e5.png,unassigned,42
4b80df1bd7d0b59e89108c3de34c41b481798b7dab52c83e2ec1def86a8d9bff,ComplexDataLab/OpenFake,openfake_pilot_600,fake,images/fake/4b80df1bd7d0b59e89108c3de34c41b481798b7dab52c83e2ec1def86a8d9bff.png,unassigned,42
4ba7331b6b838a868b885ea4c6683ea18c2cde380c0bac1cf8028a409e97d23a,ComplexDataLab/OpenFake,openfake_additional_900,fake,images/fake/4ba7331b6b838a868b885ea4c6683ea18c2cde380c0bac1cf8028a409e97d23a.png,unassigned,42
4bb9dda873026626ee413c4c795f9424fcd56025bbcd61eb6771a6b0a9878156,ComplexDataLab/OpenFake,openfake_additional_900,fake,images/fake/4bb9dda873026626ee413c4c795f9424fcd56025bbcd61eb6771a6b0a9878156.jpg,unassigned,42
4bbc18e9e79c6d0bdb761c547e18341592379e1c696a2fcfab2534cf4097d4c3,ComplexDataLab/OpenFake,openfake_pilot_600,fake,images/fake/4bbc18e9e79c6d0bdb761c547e18341592379e1c696a2fcfab2534cf4097d4c3.png,gold_test,42
4bd7517bbd0a3d2a71a3cf8b8c85f5c9f9e64b9d2f268f59082bb8e80d653121,ComplexDataLab/OpenFake,openfake_pilot_600,real,images/real/4bd7517bbd0a3d2a71a3cf8b8c85f5c9f9e64b9d2f268f59082bb8e80d653121.jpg,gold_development,42
4be03b0f1b6da05197314fe0f47586bf43d6dbec7153038767dde96318e62595,ComplexDataLab/OpenFake,openfake_additional_900,fake,images/fake/4be03b0f1b6da05197314fe0f47586bf43d6dbec7153038767dde96318e62595.png,unassigned,42
4be0a3e6de13da8bbf735935a6a76f252f0a5f316fb92f720b884575162b192c,ComplexDataLab/OpenFake,openfake_pilot_600,fake,images/fake/4be0a3e6de13da8bbf735935a6a76f252f0a5f316fb92f720b884575162b192c.png,unassigned,42
4bf38b511c3f62c70f7f533b687b15a426160a5a21f4f2ca8755e0875b728ada,saberzl/SID_Set,sid_set_candidate_1500,real,images/real/4bf38b511c3f62c70f7f533b687b15a426160a5a21f4f2ca8755e0875b728ada.jpg,unassigned,42
4c382db23d391f84020421fa50d674659307c69fdab71af5ef348f3ca147eb8b,saberzl/SID_Set,sid_set_candidate_1500,real,images/real/4c382db23d391f84020421fa50d674659307c69fdab71af5ef348f3ca147eb8b.jpg,unassigned,42
4c611beec246562e4797340761b1f6ce3443ffc94160da408b02d0ee6e65bd00,saberzl/SID_Set,sid_set_candidate_1500,fake,images/fake/4c611beec246562e4797340761b1f6ce3443ffc94160da408b02d0ee6e65bd00.png,unassigned,42
4c6d93bf5f4e799fb4e9b2f1fdb07356e6787f993c986783e0e111a90bad4928,saberzl/SID_Set,sid_set_candidate_1500,fake,images/fake/4c6d93bf5f4e799fb4e9b2f1fdb07356e6787f993c986783e0e111a90bad4928.png,unassigned,42
4c72a880038c6e9c0a03286284fc669a7696e09ff49fb7e6653c9ad822f7b0b8,ComplexDataLab/OpenFake,openfake_pilot_600,real,images/real/4c72a880038c6e9c0a03286284fc669a7696e09ff49fb7e6653c9ad822f7b0b8.jpg,unassigned,42
4c819829b501601c7884178cbabe6c0688fb0ae5c2a912d43878b05ec94cccd2,saberzl/SID_Set,sid_set_candidate_1500,fake,images/fake/4c819829b501601c7884178cbabe6c0688fb0ae5c2a912d43878b05ec94cccd2.png,unassigned,42
4c8c368518e267b9f6c62619ae5fbfea9f40572dbe557bec70235be228583cbc,ComplexDataLab/OpenFake,openfake_additional_900,real,images/real/4c8c368518e267b9f6c62619ae5fbfea9f40572dbe557bec70235be228583cbc.jpg,unassigned,42
4c940ae5a629c93c32344264cec793bc23f3f91d0358be0fc598416b63026507,ComplexDataLab/OpenFake,openfake_additional_900,fake,images/fake/4c940ae5a629c93c32344264cec793bc23f3f91d0358be0fc598416b63026507.png,unassigned,42
4cafb42cea8bf121d52a162036b42d4863fb6c13b38a42e2e7f74e92ad85f5e4,ComplexDataLab/OpenFake,openfake_pilot_600,real,images/real/4cafb42cea8bf121d52a162036b42d4863fb6c13b38a42e2e7f74e92ad85f5e4.jpg,unassigned,42
4cb61c62d80e382c47e40c22923366ff0f55fbe746fa36d54561647a72cadc6c,ComplexDataLab/OpenFake,openfake_additional_900,real,images/real/4cb61c62d80e382c47e40c22923366ff0f55fbe746fa36d54561647a72cadc6c.jpg,unassigned,42
4cc07a988c5437018018c577e02026aa0ec773967aa7b0876f747618c32b4658,ComplexDataLab/OpenFake,openfake_pilot_600,real,images/real/4cc07a988c5437018018c577e02026aa0ec773967aa7b0876f747618c32b4658.jpg,unassigned,42
4cd4df40fab1ead22ed12490f6641be1f1d1fad8e2fff1ef40226ad14d19e115,ComplexDataLab/OpenFake,openfake_additional_900,real,images/real/4cd4df40fab1ead22ed12490f6641be1f1d1fad8e2fff1ef40226ad14d19e115.jpg,unassigned,42
4cddd5771d5186c2fe45768178a29b86003ab4b5606ec132b7d19bdb8bffe2d7,ComplexDataLab/OpenFake,openfake_additional_900,fake,images/fake/4cddd5771d5186c2fe45768178a29b86003ab4b5606ec132b7d19bdb8bffe2d7.jpg,unassigned,42
4ce5fe8692e303ef108d7f3d01c6880db5397e3229ada484ea732a354756f883,saberzl/SID_Set,sid_set_candidate_1500,real,images/real/4ce5fe8692e303ef108d7f3d01c6880db5397e3229ada484ea732a354756f883.jpg,unassigned,42
4ce6947946bb9b28a3e511db91f9e7efd8a7773ec77af612e1d30909294e6b40,saberzl/SID_Set,sid_set_candidate_1500,real,images/real/4ce6947946bb9b28a3e511db91f9e7efd8a7773ec77af612e1d30909294e6b40.jpg,unassigned,42
4d33d291b4094571623f839d1e6237a493ca78b8e1808386a6779b1401c5ee5e,ComplexDataLab/OpenFake,openfake_additional_900,fake,images/fake/4d33d291b4094571623f839d1e6237a493ca78b8e1808386a6779b1401c5ee5e.png,unassigned,42
4d346d2bd7542efc9e2c2384a8d2255fd76ea23706a03859bff81113b3cbd374,saberzl/SID_Set,sid_set_candidate_1500,real,images/real/4d346d2bd7542efc9e2c2384a8d2255fd76ea23706a03859bff81113b3cbd374.jpg,unassigned,42
4d3b8a5c313bdb9e26796203d3dd386a85dadfc6c20cef7a6164fe13e4cae359,saberzl/SID_Set,sid_set_candidate_1500,fake,images/fake/4d3b8a5c313bdb9e26796203d3dd386a85dadfc6c20cef7a6164fe13e4cae359.png,unassigned,42
4d4cd2bb88de63931a32d0e6aba257d84effff01bf0112276975ca7207453252,saberzl/SID_Set,sid_set_candidate_1500,real,images/real/4d4cd2bb88de63931a32d0e6aba257d84effff01bf0112276975ca7207453252.jpg,unassigned,42
4d7b2f49b2ec61683115776755d52fffad284731623d35a8e249687770e7d82d,saberzl/SID_Set,sid_set_candidate_1500,real,images/real/4d7b2f49b2ec61683115776755d52fffad284731623d35a8e249687770e7d82d.jpg,unassigned,42
4d8bebf58ce5cbe71095e04e030b529dc639fce0ed1894df273d6ec8415779f9,saberzl/SID_Set,sid_set_candidate_1500,fake,images/fake/4d8bebf58ce5cbe71095e04e030b529dc639fce0ed1894df273d6ec8415779f9.png,unassigned,42
4de3d99cbfa7a20cbf9db941faf22eee49e65723f0ad37d63f3b2bf455797699,saberzl/SID_Set,sid_set_candidate_1500,fake,images/fake/4de3d99cbfa7a20cbf9db941faf22eee49e65723f0ad37d63f3b2bf455797699.png,unassigned,42
4de90417a051be8e858e688b2730e3cf619bea650f95c8d7c2166ec36cabf2d4,saberzl/SID_Set,sid_set_candidate_1500,real,images/real/4de90417a051be8e858e688b2730e3cf619bea650f95c8d7c2166ec36cabf2d4.jpg,unassigned,42
4e0988bef6f72725b7cc8bc855aabb62c1cb0a971796e4fb984562f6675fb657,saberzl/SID_Set,sid_set_candidate_1500,fake,images/fake/4e0988bef6f72725b7cc8bc855aabb62c1cb0a971796e4fb984562f6675fb657.png,gold_test,42
4e2c1acd5c9da45629e22a94157ff0d82fe18116725d29f5adf892bcc43c3304,ComplexDataLab/OpenFake,openfake_pilot_600,real,images/real/4e2c1acd5c9da45629e22a94157ff0d82fe18116725d29f5adf892bcc43c3304.jpg,gold_development,42
4e43dfbfb7910a73a1b0f66b78f3344bdce91528492954ae21d71af697480f39,saberzl/SID_Set,sid_set_candidate_1500,real,images/real/4e43dfbfb7910a73a1b0f66b78f3344bdce91528492954ae21d71af697480f39.jpg,unassigned,42
4e57edcd4e7dadd56525dd1e607af22822b809cad0ca981779479e561e76f355,saberzl/SID_Set,sid_set_candidate_1500,real,images/real/4e57edcd4e7dadd56525dd1e607af22822b809cad0ca981779479e561e76f355.jpg,unassigned,42
4e5e796c28a3b22e3326b42503dbcc52dc2d8a059197ca0ce2d47ee38e3c4090,ComplexDataLab/OpenFake,openfake_pilot_600,fake,images/fake/4e5e796c28a3b22e3326b42503dbcc52dc2d8a059197ca0ce2d47ee38e3c4090.png,unassigned,42
4e6fa6697824deaaba825141ae262d9731f6034ebffd484661962db72eb6a836,saberzl/SID_Set,sid_set_candidate_1500,fake,images/fake/4e6fa6697824deaaba825141ae262d9731f6034ebffd484661962db72eb6a836.png,gold_test,42
4e834f6804dae3220488acfd58dea1c87fd39361883d9d19e89a1f4d83471d3e,ComplexDataLab/OpenFake,openfake_additional_900,real,images/real/4e834f6804dae3220488acfd58dea1c87fd39361883d9d19e89a1f4d83471d3e.jpg,unassigned,42
4e9ab0fbf799a985bf1b92557a3219f36e33a5c1d79aadb8808990f04ed7d382,ComplexDataLab/OpenFake,openfake_pilot_600,fake,images/fake/4e9ab0fbf799a985bf1b92557a3219f36e33a5c1d79aadb8808990f04ed7d382.png,unassigned,42
4eaa42fe3a8cd756b514e972c213ee7f06e7c363d17c4240f8f6743d993c76c7,ComplexDataLab/OpenFake,openfake_additional_900,fake,images/fake/4eaa42fe3a8cd756b514e972c213ee7f06e7c363d17c4240f8f6743d993c76c7.jpg,unassigned,42
4ecaaa7fdab39708ddc407cc74c3da73dcd2a6375e060bd171ea0ff59e31b6f0,saberzl/SID_Set,sid_set_candidate_1500,real,images/real/4ecaaa7fdab39708ddc407cc74c3da73dcd2a6375e060bd171ea0ff59e31b6f0.jpg,unassigned,42
4ee3877a5ed71311aff8a457db513d1ae611ba9d820f5299d448920b6693b07d,ComplexDataLab/OpenFake,openfake_additional_900,real,images/real/4ee3877a5ed71311aff8a457db513d1ae611ba9d820f5299d448920b6693b07d.jpg,unassigned,42
4f1460acc42dd74b522a6c341bcf9318a6f5af5d066d2eb51513ef50564ea992,ComplexDataLab/OpenFake,openfake_pilot_600,fake,images/fake/4f1460acc42dd74b522a6c341bcf9318a6f5af5d066d2eb51513ef50564ea992.png,unassigned,42
4f1e971d79406d5bb22f91226913baeb27403b9e2908092cc606463d356b4229,ComplexDataLab/OpenFake,openfake_additional_900,fake,images/fake/4f1e971d79406d5bb22f91226913baeb27403b9e2908092cc606463d356b4229.png,unassigned,42
4f23d8869144a535c2834e28d21a141924e80a9de86162d7a4c3400a2a5e8d75,ComplexDataLab/OpenFake,openfake_pilot_600,real,images/real/4f23d8869144a535c2834e28d21a141924e80a9de86162d7a4c3400a2a5e8d75.jpg,unassigned,42
4f467d6cae43e08cf690f53f044a6fd357fb26e6c216a7e37dc513d6a001a0e9,ComplexDataLab/OpenFake,openfake_additional_900,fake,images/fake/4f467d6cae43e08cf690f53f044a6fd357fb26e6c216a7e37dc513d6a001a0e9.png,unassigned,42
4f4d77fa08b3bd3046996560aa99fe1c641edbdaf3916079f4d10db696cf1451,ComplexDataLab/OpenFake,openfake_pilot_600,fake,images/fake/4f4d77fa08b3bd3046996560aa99fe1c641edbdaf3916079f4d10db696cf1451.png,unassigned,42
4f5f23b760d5e22fc303e27eceb6f3bffa54cff941afe6a1368f478291a5ffaf,saberzl/SID_Set,sid_set_candidate_1500,fake,images/fake/4f5f23b760d5e22fc303e27eceb6f3bffa54cff941afe6a1368f478291a5ffaf.png,unassigned,42
4f67ccc024747ba1f09452e310a48dc946f06512c4447c640c56ed2925efde60,saberzl/SID_Set,sid_set_candidate_1500,real,images/real/4f67ccc024747ba1f09452e310a48dc946f06512c4447c640c56ed2925efde60.jpg,gold_test,42
4f7b8a77ef2db45045916fc8e82d29f7364f1feb5273dfb36910e29f6da3bba7,saberzl/SID_Set,sid_set_candidate_1500,real,images/real/4f7b8a77ef2db45045916fc8e82d29f7364f1feb5273dfb36910e29f6da3bba7.jpg,unassigned,42
4f82b801e264b8e37a2f01cd76f10366a7eb82420196e28c69f875885072cc0f,saberzl/SID_Set,sid_set_candidate_1500,fake,images/fake/4f82b801e264b8e37a2f01cd76f10366a7eb82420196e28c69f875885072cc0f.png,unassigned,42
4f928cdfcc8e18724628b283d2b19a588df526248e33f4d59e266fd3e811bdc1,ComplexDataLab/OpenFake,openfake_pilot_600,fake,images/fake/4f928cdfcc8e18724628b283d2b19a588df526248e33f4d59e266fd3e811bdc1.png,unassigned,42
4fad2f768d1b0c3a6f5125e4c7ae7e59ac085dff0a709053692418226487c441,saberzl/SID_Set,sid_set_candidate_1500,fake,images/fake/4fad2f768d1b0c3a6f5125e4c7ae7e59ac085dff0a709053692418226487c441.png,unassigned,42
4fad66fae2f320b99c4092f4f5158e6e27a334c8bc6732682e1ad84a5a31d45b,ComplexDataLab/OpenFake,openfake_additional_900,fake,images/fake/4fad66fae2f320b99c4092f4f5158e6e27a334c8bc6732682e1ad84a5a31d45b.png,unassigned,42
4fb30a82b184c99194299bc733451e0f1db88c1c7205506532ef002866d56cb2,ComplexDataLab/OpenFake,openfake_additional_900,fake,images/fake/4fb30a82b184c99194299bc733451e0f1db88c1c7205506532ef002866d56cb2.png,unassigned,42
4fb4d69abc625e5811837d7ecb45b095e7228c72a89ab009e69d9021ab81aa24,ComplexDataLab/OpenFake,openfake_pilot_600,fake,images/fake/4fb4d69abc625e5811837d7ecb45b095e7228c72a89ab009e69d9021ab81aa24.png,unassigned,42
4fe2539ff09bff7287bf2e32ab51529dc696e03350a55676370ce82d2abacb9c,saberzl/SID_Set,sid_set_candidate_1500,real,images/real/4fe2539ff09bff7287bf2e32ab51529dc696e03350a55676370ce82d2abacb9c.jpg,unassigned,42
4fe56bbb4fe79682cde0354e1d77d21bd71900ca1eb5c60b1662aeb1922d1767,ComplexDataLab/OpenFake,openfake_additional_900,real,images/real/4fe56bbb4fe79682cde0354e1d77d21bd71900ca1eb5c60b1662aeb1922d1767.jpg,unassigned,42
502df633c3fc349e17eeb0cdcb1ede384c56bee930402dd1fd7e5d050aebfece,saberzl/SID_Set,sid_set_candidate_1500,real,images/real/502df633c3fc349e17eeb0cdcb1ede384c56bee930402dd1fd7e5d050aebfece.jpg,unassigned,42
50320b95a2fd247b0ca876c609c3294e470da2e5a80cd657b8c6696cec998016,ComplexDataLab/OpenFake,openfake_pilot_600,fake,images/fake/50320b95a2fd247b0ca876c609c3294e470da2e5a80cd657b8c6696cec998016.png,unassigned,42
5077bbe2ff6cdbd89bded7a0ef1ac451c6e90f11e80de0001811a06c9f970eec,saberzl/SID_Set,sid_set_candidate_1500,fake,images/fake/5077bbe2ff6cdbd89bded7a0ef1ac451c6e90f11e80de0001811a06c9f970eec.png,unassigned,42
5083277655cacd203853b2af948a7b6f90faa190df5677b6b7872288132abf9e,saberzl/SID_Set,sid_set_candidate_1500,real,images/real/5083277655cacd203853b2af948a7b6f90faa190df5677b6b7872288132abf9e.jpg,unassigned,42
508b6657c330e98ea2c05eab15e8aa4b9fff36ef313abf6e8d906e0ee3120c49,ComplexDataLab/OpenFake,openfake_additional_900,fake,images/fake/508b6657c330e98ea2c05eab15e8aa4b9fff36ef313abf6e8d906e0ee3120c49.png,gold_test,42
50988c18326e59169753a7726df7306f449e92fba4989cccedc82e688f97e6fa,ComplexDataLab/OpenFake,openfake_pilot_600,fake,images/fake/50988c18326e59169753a7726df7306f449e92fba4989cccedc82e688f97e6fa.png,gold_development,42
50a034f192d6a573b5b2293b6f8ab1615c83ad5cd10772f9985a41916758e958,ComplexDataLab/OpenFake,openfake_additional_900,fake,images/fake/50a034f192d6a573b5b2293b6f8ab1615c83ad5cd10772f9985a41916758e958.png,unassigned,42
50a1a7e2d04ccdb22c4bc36bde4a80d9b770889bf024bac8585814c846dd1d58,ComplexDataLab/OpenFake,openfake_pilot_600,real,images/real/50a1a7e2d04ccdb22c4bc36bde4a80d9b770889bf024bac8585814c846dd1d58.jpg,unassigned,42
50b32758ea17cf2e2ec4c5ef9e01885db302a46dc7d93a671cc55d3ca08a3609,saberzl/SID_Set,sid_set_candidate_1500,real,images/real/50b32758ea17cf2e2ec4c5ef9e01885db302a46dc7d93a671cc55d3ca08a3609.jpg,gold_test,42
50cd4789c22fa8d32d6db2946632af1ef31216b0d010f8a0b9af1bc33bf6f096,ComplexDataLab/OpenFake,openfake_additional_900,real,images/real/50cd4789c22fa8d32d6db2946632af1ef31216b0d010f8a0b9af1bc33bf6f096.jpg,unassigned,42
510676466d0c8a59a8335b58595b26373fc39d6770107eb0374d6590de6fe0dc,saberzl/SID_Set,sid_set_candidate_1500,fake,images/fake/510676466d0c8a59a8335b58595b26373fc39d6770107eb0374d6590de6fe0dc.png,unassigned,42
51124bf8da03ecf6ba29e7a6faa6316df4654c2ff21253fbc228aa9c18a51ae1,ComplexDataLab/OpenFake,openfake_additional_900,fake,images/fake/51124bf8da03ecf6ba29e7a6faa6316df4654c2ff21253fbc228aa9c18a51ae1.png,gold_test,42
514314dbe520b48d3ae46eddbd9b43205c535f14c626742ed99d626bbc9b3cc0,saberzl/SID_Set,sid_set_candidate_1500,real,images/real/514314dbe520b48d3ae46eddbd9b43205c535f14c626742ed99d626bbc9b3cc0.jpg,unassigned,42
5144e7728f4f564e82575922eac009f480996f4fce638cf14504f4f55d253353,saberzl/SID_Set,sid_set_candidate_1500,real,images/real/5144e7728f4f564e82575922eac009f480996f4fce638cf14504f4f55d253353.jpg,unassigned,42
518140655b54180bf07d447e944b554feb08752e882071f39021f87484d95165,ComplexDataLab/OpenFake,openfake_pilot_600,real,images/real/518140655b54180bf07d447e944b554feb08752e882071f39021f87484d95165.jpg,gold_test,42
518c1f93709f44b66cf5b198884e17019d01917938b77e0c6ea48c0e226efc17,ComplexDataLab/OpenFake,openfake_additional_900,fake,images/fake/518c1f93709f44b66cf5b198884e17019d01917938b77e0c6ea48c0e226efc17.png,gold_test,42
5198231bbccb3f3fea22fca0e3e4fbb4aab9de0e749fc409b9a41fb7153e0adb,saberzl/SID_Set,sid_set_candidate_1500,fake,images/fake/5198231bbccb3f3fea22fca0e3e4fbb4aab9de0e749fc409b9a41fb7153e0adb.png,unassigned,42
519eedb72139e3a1fddec74c3e2bd99fd80e90df24524f9a484f5fd1a939ca74,saberzl/SID_Set,sid_set_candidate_1500,real,images/real/519eedb72139e3a1fddec74c3e2bd99fd80e90df24524f9a484f5fd1a939ca74.jpg,unassigned,42
51aff7a224e4bb8f96f3463b69bfd8126f1b4a07a4094ca8dfef59a33a2204ac,ComplexDataLab/OpenFake,openfake_pilot_600,fake,images/fake/51aff7a224e4bb8f96f3463b69bfd8126f1b4a07a4094ca8dfef59a33a2204ac.png,unassigned,42
51bd4d558939415e61f852baaa0ff8630d9d7c2854ab4634ced94807b045166c,ComplexDataLab/OpenFake,openfake_pilot_600,real,images/real/51bd4d558939415e61f852baaa0ff8630d9d7c2854ab4634ced94807b045166c.jpg,unassigned,42
51d1e825290902dc7a45065250ed454816059fad92fff5cbc530fd8aeec6ba33,saberzl/SID_Set,sid_set_candidate_1500,fake,images/fake/51d1e825290902dc7a45065250ed454816059fad92fff5cbc530fd8aeec6ba33.png,unassigned,42
51e127ff27783e703771bdef616cc59317a0171234ff1307d7c0b3a493d39d17,ComplexDataLab/OpenFake,openfake_pilot_600,fake,images/fake/51e127ff27783e703771bdef616cc59317a0171234ff1307d7c0b3a493d39d17.png,unassigned,42
51ef37cde07c65882cbc82e85ccbe844b27a601d844383d5a6754f04222191eb,ComplexDataLab/OpenFake,openfake_pilot_600,fake,images/fake/51ef37cde07c65882cbc82e85ccbe844b27a601d844383d5a6754f04222191eb.png,gold_development,42
51fe05f90ff6d0769e0f78b7fe29857b715059e3acd8d3d74c2403181927bef1,ComplexDataLab/OpenFake,openfake_additional_900,real,images/real/51fe05f90ff6d0769e0f78b7fe29857b715059e3acd8d3d74c2403181927bef1.jpg,unassigned,42
52057df9a0dcff27c49b6c46ca76cc7fd5438b95fab446f7fb423ddfc9dded2c,saberzl/SID_Set,sid_set_candidate_1500,fake,images/fake/52057df9a0dcff27c49b6c46ca76cc7fd5438b95fab446f7fb423ddfc9dded2c.png,unassigned,42
5205ddf23881c553c106da4ef1cb91c96a8320515d872fbd525af840dcfd4025,saberzl/SID_Set,sid_set_candidate_1500,fake,images/fake/5205ddf23881c553c106da4ef1cb91c96a8320515d872fbd525af840dcfd4025.png,unassigned,42
52099a21a436703183b860b7ec9ead39456e35fda6d82ae8630879a3e1f115b9,saberzl/SID_Set,sid_set_candidate_1500,real,images/real/52099a21a436703183b860b7ec9ead39456e35fda6d82ae8630879a3e1f115b9.jpg,unassigned,42
520cb9c9266f0e34ac89426d97125df4a536987ceca1a6e1815c6626c03d1733,saberzl/SID_Set,sid_set_candidate_1500,fake,images/fake/520cb9c9266f0e34ac89426d97125df4a536987ceca1a6e1815c6626c03d1733.png,unassigned,42
523a7bfe085df05b414627b2e6596acfa628862fc6925a652cbfce70d99e764a,ComplexDataLab/OpenFake,openfake_additional_900,fake,images/fake/523a7bfe085df05b414627b2e6596acfa628862fc6925a652cbfce70d99e764a.png,unassigned,42
523c8668e8a7053bf1c23bb26f27418e60f5447d5052810ef521d4abd44c0174,ComplexDataLab/OpenFake,openfake_additional_900,real,images/real/523c8668e8a7053bf1c23bb26f27418e60f5447d5052810ef521d4abd44c0174.jpg,unassigned,42
525d2ebf5fbd42a02d0dea8d2cc6e0e621a0aab5fdac87daa3d3533be8499547,saberzl/SID_Set,sid_set_candidate_1500,real,images/real/525d2ebf5fbd42a02d0dea8d2cc6e0e621a0aab5fdac87daa3d3533be8499547.jpg,unassigned,42
5268fc996e656c31b01d65f96f05954584e5ee9ccaa526c47a639968df0a6e40,ComplexDataLab/OpenFake,openfake_pilot_600,real,images/real/5268fc996e656c31b01d65f96f05954584e5ee9ccaa526c47a639968df0a6e40.jpg,unassigned,42
526ac60fe7c463160267100e6bd9bbef79b833e3a03ed4812c536e4a5f56d38d,ComplexDataLab/OpenFake,openfake_pilot_600,fake,images/fake/526ac60fe7c463160267100e6bd9bbef79b833e3a03ed4812c536e4a5f56d38d.png,unassigned,42
52795be0b32de643a566d426c7857bae6a5be58f88cd9f30c4a05b4a6808fc9c,saberzl/SID_Set,sid_set_candidate_1500,real,images/real/52795be0b32de643a566d426c7857bae6a5be58f88cd9f30c4a05b4a6808fc9c.jpg,unassigned,42
52974c179cd77ae5cbf40099bd02c04f300de64b85a5ebd2777529e6db9aeac8,ComplexDataLab/OpenFake,openfake_additional_900,fake,images/fake/52974c179cd77ae5cbf40099bd02c04f300de64b85a5ebd2777529e6db9aeac8.png,unassigned,42
529a3a2c3c4f203fb9e0545be478f43255bc784e504e7fe89589439f5ab270af,ComplexDataLab/OpenFake,openfake_additional_900,fake,images/fake/529a3a2c3c4f203fb9e0545be478f43255bc784e504e7fe89589439f5ab270af.png,unassigned,42
529ee0d4242aa24a8725aacef8485cb3d32063f08c659ae050697cad3b72763b,ComplexDataLab/OpenFake,openfake_pilot_600,real,images/real/529ee0d4242aa24a8725aacef8485cb3d32063f08c659ae050697cad3b72763b.jpg,unassigned,42
529ee0e68c64a9dcccfd8b89448845884824e7f773ceea0fb614821c7815a262,ComplexDataLab/OpenFake,openfake_additional_900,fake,images/fake/529ee0e68c64a9dcccfd8b89448845884824e7f773ceea0fb614821c7815a262.png,gold_test,42
52cef850f89e8da607ee0daf8647ea786b6fb0ee42695bafc66e42f494cdb30c,saberzl/SID_Set,sid_set_candidate_1500,fake,images/fake/52cef850f89e8da607ee0daf8647ea786b6fb0ee42695bafc66e42f494cdb30c.png,unassigned,42
52e7d3dfd3010bc8ad92834760c443ae58faf8042119c265d11fdd0196109e5c,ComplexDataLab/OpenFake,openfake_pilot_600,real,images/real/52e7d3dfd3010bc8ad92834760c443ae58faf8042119c265d11fdd0196109e5c.jpg,unassigned,42
52fae2b4c4f07411ffeb08e24bffa2c5aff57bf0e7472dc727da7c55f7a3fc57,ComplexDataLab/OpenFake,openfake_pilot_600,fake,images/fake/52fae2b4c4f07411ffeb08e24bffa2c5aff57bf0e7472dc727da7c55f7a3fc57.png,unassigned,42
5335d115d003dbdba4a58c9e52b05b09fae5703715321bcf5c98ec951a06160c,saberzl/SID_Set,sid_set_candidate_1500,real,images/real/5335d115d003dbdba4a58c9e52b05b09fae5703715321bcf5c98ec951a06160c.jpg,unassigned,42
534b0fefaae5bb446696dd37acd8814b03f1fe6fb5fb75b9c5c10f9204c204e1,saberzl/SID_Set,sid_set_candidate_1500,fake,images/fake/534b0fefaae5bb446696dd37acd8814b03f1fe6fb5fb75b9c5c10f9204c204e1.png,unassigned,42
534b8c403c5b8a55a2b2be1d4fb04dd1a74d39bf1f8dcf8dbe2dd4ad375d9d95,saberzl/SID_Set,sid_set_candidate_1500,real,images/real/534b8c403c5b8a55a2b2be1d4fb04dd1a74d39bf1f8dcf8dbe2dd4ad375d9d95.jpg,unassigned,42
536fe23fd219f35c818b46e399bba10941db769c026dd8fb6f94dcc4d1324d7f,saberzl/SID_Set,sid_set_candidate_1500,real,images/real/536fe23fd219f35c818b46e399bba10941db769c026dd8fb6f94dcc4d1324d7f.jpg,unassigned,42
538680eba07a3cd07413398b874ac2e3c7f91a9deb29a19447a8160c773d78b0,saberzl/SID_Set,sid_set_candidate_1500,fake,images/fake/538680eba07a3cd07413398b874ac2e3c7f91a9deb29a19447a8160c773d78b0.png,unassigned,42
53bd451f9936af70981561e90a32736e9cb30bd592e02ed0cb21def6134f7604,ComplexDataLab/OpenFake,openfake_pilot_600,fake,images/fake/53bd451f9936af70981561e90a32736e9cb30bd592e02ed0cb21def6134f7604.png,unassigned,42
53e303e2ffec0bbe10bb9995a0b9b1e95dad6ccc155671ff72624285fdce8cb1,saberzl/SID_Set,sid_set_candidate_1500,fake,images/fake/53e303e2ffec0bbe10bb9995a0b9b1e95dad6ccc155671ff72624285fdce8cb1.png,unassigned,42
53f2cf7b1500173c2b9e7c51c237c3ac17e847efbd7d2ba6f9d3a0de0f19269e,saberzl/SID_Set,sid_set_candidate_1500,real,images/real/53f2cf7b1500173c2b9e7c51c237c3ac17e847efbd7d2ba6f9d3a0de0f19269e.jpg,unassigned,42
53f37f7e59acb0ef712a2d48fb159d234880086ddeb82b3f309afdf15f9743f8,saberzl/SID_Set,sid_set_candidate_1500,fake,images/fake/53f37f7e59acb0ef712a2d48fb159d234880086ddeb82b3f309afdf15f9743f8.png,unassigned,42
54283907be65bc971df39a7671edfd38acb6eca65a3c2e4bcc7fc2bca78b1d81,ComplexDataLab/OpenFake,openfake_pilot_600,real,images/real/54283907be65bc971df39a7671edfd38acb6eca65a3c2e4bcc7fc2bca78b1d81.jpg,unassigned,42
544422af3922855b85984583ae4e579c35821c544c1186cd6ceb8b18319c8fd8,saberzl/SID_Set,sid_set_candidate_1500,fake,images/fake/544422af3922855b85984583ae4e579c35821c544c1186cd6ceb8b18319c8fd8.png,unassigned,42
54460b59a59a6db6c401ebe14446b811b9fccde311f4544d05b6428be9a14306,ComplexDataLab/OpenFake,openfake_pilot_600,fake,images/fake/54460b59a59a6db6c401ebe14446b811b9fccde311f4544d05b6428be9a14306.webp,unassigned,42
545cbc951c31a08766fdf010a7cc199b8b237302837c64ca01a659ca3701f54d,saberzl/SID_Set,sid_set_candidate_1500,real,images/real/545cbc951c31a08766fdf010a7cc199b8b237302837c64ca01a659ca3701f54d.jpg,unassigned,42
5463ee1163a0715d19106aa0972f356b03e4da9d5f40bb6dde0cb8925566582c,saberzl/SID_Set,sid_set_candidate_1500,fake,images/fake/5463ee1163a0715d19106aa0972f356b03e4da9d5f40bb6dde0cb8925566582c.png,unassigned,42
5478623763bc92a58ee63a60df702325c86f2537b89803308bffda23af903c33,ComplexDataLab/OpenFake,openfake_additional_900,real,images/real/5478623763bc92a58ee63a60df702325c86f2537b89803308bffda23af903c33.jpg,unassigned,42
54829ca0a6de394d2b1c3220e69a9ee6ab9cc47cb5744d61c5199a7801d6a171,ComplexDataLab/OpenFake,openfake_pilot_600,fake,images/fake/54829ca0a6de394d2b1c3220e69a9ee6ab9cc47cb5744d61c5199a7801d6a171.webp,unassigned,42
5492e2a67dc32dbe282da8b02a1b91163a1599a6027bcdabd70c6a1f579efa25,ComplexDataLab/OpenFake,openfake_additional_900,real,images/real/5492e2a67dc32dbe282da8b02a1b91163a1599a6027bcdabd70c6a1f579efa25.jpg,unassigned,42
549a6d5b71420fd0adce8c7a7df4adc619f28dabbb4599c18c31c8c9adfef1b1,saberzl/SID_Set,sid_set_candidate_1500,real,images/real/549a6d5b71420fd0adce8c7a7df4adc619f28dabbb4599c18c31c8c9adfef1b1.jpg,gold_test,42
54bf97a9a271e35cf3ede9973fbf5d49837eade2a5fa6f75752be23a489fb05b,ComplexDataLab/OpenFake,openfake_additional_900,real,images/real/54bf97a9a271e35cf3ede9973fbf5d49837eade2a5fa6f75752be23a489fb05b.jpg,unassigned,42
5504e3ffc491cf064add22fdc3faed0d8fbf2923197f8130213046dca62931a4,saberzl/SID_Set,sid_set_candidate_1500,real,images/real/5504e3ffc491cf064add22fdc3faed0d8fbf2923197f8130213046dca62931a4.jpg,unassigned,42
551ea976360d9a1389d4737f8bcce371ef48fa61471239bc4d2960c2ca0aa08b,saberzl/SID_Set,sid_set_candidate_1500,real,images/real/551ea976360d9a1389d4737f8bcce371ef48fa61471239bc4d2960c2ca0aa08b.jpg,gold_test,42
5542a7dba8e3f242d54d2d190dc9c74f9180b3fa0d97486bffaf99729c3da0c5,ComplexDataLab/OpenFake,openfake_pilot_600,real,images/real/5542a7dba8e3f242d54d2d190dc9c74f9180b3fa0d97486bffaf99729c3da0c5.jpg,unassigned,42
558409f857639f7220d0004cdc487f9add713b6a16d044a6e9936523100adc88,saberzl/SID_Set,sid_set_candidate_1500,real,images/real/558409f857639f7220d0004cdc487f9add713b6a16d044a6e9936523100adc88.jpg,unassigned,42
55ab819a02dccef709cb166cfe66db94820ff18d6ddd8edb9e5e6eaf52f72926,saberzl/SID_Set,sid_set_candidate_1500,fake,images/fake/55ab819a02dccef709cb166cfe66db94820ff18d6ddd8edb9e5e6eaf52f72926.png,unassigned,42
560b112829fa68e9dc1aa1ea8df7792497b8d75da9a6d2fed6665c70c6180d49,ComplexDataLab/OpenFake,openfake_additional_900,fake,images/fake/560b112829fa68e9dc1aa1ea8df7792497b8d75da9a6d2fed6665c70c6180d49.png,unassigned,42
5620e447d4f0608a4368b548917a10748006292454fdb9104a5046f8c1cf2e38,ComplexDataLab/OpenFake,openfake_additional_900,real,images/real/5620e447d4f0608a4368b548917a10748006292454fdb9104a5046f8c1cf2e38.jpg,unassigned,42
562f23a2f3eac586718eec1a3ea5bff7b856fa76c02ce9d235e96f3db17597d3,saberzl/SID_Set,sid_set_candidate_1500,real,images/real/562f23a2f3eac586718eec1a3ea5bff7b856fa76c02ce9d235e96f3db17597d3.jpg,gold_test,42
563d735fc629a0326781d4b1279dbd69dba1df7ce8d0ce0ee6eaa0bae57b4295,saberzl/SID_Set,sid_set_candidate_1500,real,images/real/563d735fc629a0326781d4b1279dbd69dba1df7ce8d0ce0ee6eaa0bae57b4295.jpg,unassigned,42
5657f43d1dafc4d86b669d193cfa57b2affb86b4889d611f366750e195fd44a9,saberzl/SID_Set,sid_set_candidate_1500,fake,images/fake/5657f43d1dafc4d86b669d193cfa57b2affb86b4889d611f366750e195fd44a9.png,unassigned,42
5671f93a9489fe8953270ad1bac1f94a3eae6a4d53b99e1d13eca521c2f861a3,ComplexDataLab/OpenFake,openfake_pilot_600,real,images/real/5671f93a9489fe8953270ad1bac1f94a3eae6a4d53b99e1d13eca521c2f861a3.jpg,unassigned,42
567795f86b738339082b123c61808d9875326a5c07cf6c5e26d4d651dbb5393b,ComplexDataLab/OpenFake,openfake_pilot_600,real,images/real/567795f86b738339082b123c61808d9875326a5c07cf6c5e26d4d651dbb5393b.jpg,unassigned,42
568f828b4cd5cb434eaf501ba50fd1c834077009feef7796c7fcabf082792a26,ComplexDataLab/OpenFake,openfake_additional_900,real,images/real/568f828b4cd5cb434eaf501ba50fd1c834077009feef7796c7fcabf082792a26.jpg,unassigned,42
56ba7b5a4368c18dae9dc8cd4d48f6007521442f62059a5791e7a7f2b581d880,ComplexDataLab/OpenFake,openfake_additional_900,fake,images/fake/56ba7b5a4368c18dae9dc8cd4d48f6007521442f62059a5791e7a7f2b581d880.png,unassigned,42
56c19c0ac399f6e74eeff4b6e2ce73ed3b32c4d09b7206270ded912997cca808,ComplexDataLab/OpenFake,openfake_pilot_600,fake,images/fake/56c19c0ac399f6e74eeff4b6e2ce73ed3b32c4d09b7206270ded912997cca808.png,unassigned,42
56dd7e2fb881f8d55015e54358303e66089b26fd210f6bbad1523bf066385ffc,saberzl/SID_Set,sid_set_candidate_1500,fake,images/fake/56dd7e2fb881f8d55015e54358303e66089b26fd210f6bbad1523bf066385ffc.png,unassigned,42
56f1d36e4e3ea32d9bf32e67c0df3199e10eeb4d13559636c4b6866abe165990,ComplexDataLab/OpenFake,openfake_additional_900,fake,images/fake/56f1d36e4e3ea32d9bf32e67c0df3199e10eeb4d13559636c4b6866abe165990.png,unassigned,42
5702bcd1ecb58b0f01a3d0a651c742c389e805de29cad92a9a3efdd79d5deb9c,saberzl/SID_Set,sid_set_candidate_1500,fake,images/fake/5702bcd1ecb58b0f01a3d0a651c742c389e805de29cad92a9a3efdd79d5deb9c.png,unassigned,42
5709d77cbb3ec9a6265e6d69ae4b1341fd5b9b2fc0b46e043f4a53c8e20bfed8,saberzl/SID_Set,sid_set_candidate_1500,real,images/real/5709d77cbb3ec9a6265e6d69ae4b1341fd5b9b2fc0b46e043f4a53c8e20bfed8.jpg,unassigned,42
571846ee17bc74fcd0c83f1f91b0785ed574dab464497cbdef89c4211c046bdd,ComplexDataLab/OpenFake,openfake_additional_900,real,images/real/571846ee17bc74fcd0c83f1f91b0785ed574dab464497cbdef89c4211c046bdd.jpg,unassigned,42
571fd554df05a7bf1736fcf48d5bd65ca19858c09fa2eedd2f93e7a519ed86e9,ComplexDataLab/OpenFake,openfake_additional_900,fake,images/fake/571fd554df05a7bf1736fcf48d5bd65ca19858c09fa2eedd2f93e7a519ed86e9.png,gold_test,42
572d3c1b811eb7bd804ade56057873e0425227fb4c592f6cc8567636ccca21a8,saberzl/SID_Set,sid_set_candidate_1500,real,images/real/572d3c1b811eb7bd804ade56057873e0425227fb4c592f6cc8567636ccca21a8.jpg,unassigned,42
5734721aecf77adcfe04917a418dd4cfd64e9457f5fbc73287452bd81dc7eecc,ComplexDataLab/OpenFake,openfake_additional_900,fake,images/fake/5734721aecf77adcfe04917a418dd4cfd64e9457f5fbc73287452bd81dc7eecc.png,gold_test,42
5736e9f75d8ba603d0d6598e799945387b1e73f803d4ad034f931b32a30b99bf,saberzl/SID_Set,sid_set_candidate_1500,real,images/real/5736e9f75d8ba603d0d6598e799945387b1e73f803d4ad034f931b32a30b99bf.jpg,unassigned,42
5768474a00cf1a635341319a1d5303941d3580b11c7484292c6837a697a2116b,ComplexDataLab/OpenFake,openfake_additional_900,real,images/real/5768474a00cf1a635341319a1d5303941d3580b11c7484292c6837a697a2116b.jpg,gold_test,42
5788da0599bb07df312fe68fe87df1d48b638aed5e97476059897017410ab13d,saberzl/SID_Set,sid_set_candidate_1500,real,images/real/5788da0599bb07df312fe68fe87df1d48b638aed5e97476059897017410ab13d.jpg,unassigned,42
5796c29ad2086c48eaed9d64ae7611b403437238aea46b133c2e2390560a4c26,ComplexDataLab/OpenFake,openfake_additional_900,fake,images/fake/5796c29ad2086c48eaed9d64ae7611b403437238aea46b133c2e2390560a4c26.png,unassigned,42
57b5b701ac4a415dce4cfa6ad892cbfc2d8bc96c3765c03ce46ab0d86a2f74a2,ComplexDataLab/OpenFake,openfake_additional_900,fake,images/fake/57b5b701ac4a415dce4cfa6ad892cbfc2d8bc96c3765c03ce46ab0d86a2f74a2.webp,unassigned,42
57dff5ed75cc9930c4dae24cb118fc4855f5bc01903687b0f2933356efc6a4ea,ComplexDataLab/OpenFake,openfake_pilot_600,real,images/real/57dff5ed75cc9930c4dae24cb118fc4855f5bc01903687b0f2933356efc6a4ea.jpg,gold_development,42
57ff6260b17769edc60ba8b6f3016fd1912e4fb3313d521e6ea3ab1af2f572d1,saberzl/SID_Set,sid_set_candidate_1500,real,images/real/57ff6260b17769edc60ba8b6f3016fd1912e4fb3313d521e6ea3ab1af2f572d1.jpg,unassigned,42
5806039a1258ee05270c69fc635dbe70b94fc4fb7919bb5c6eb0f77af1b06b54,saberzl/SID_Set,sid_set_candidate_1500,fake,images/fake/5806039a1258ee05270c69fc635dbe70b94fc4fb7919bb5c6eb0f77af1b06b54.png,unassigned,42
582e7439ef8ccb71f364654ea16068a33ecdbdd9116a4a5834da3cd3e2f87399,saberzl/SID_Set,sid_set_candidate_1500,real,images/real/582e7439ef8ccb71f364654ea16068a33ecdbdd9116a4a5834da3cd3e2f87399.jpg,unassigned,42
5833fa5393e77433f9a753654f0d3c0894a549a269b2e921703a8ed3320ab3ce,ComplexDataLab/OpenFake,openfake_additional_900,real,images/real/5833fa5393e77433f9a753654f0d3c0894a549a269b2e921703a8ed3320ab3ce.jpg,unassigned,42
587598ebb65d9237db80454ba32c6ac757337b0adfa622b38156d49c8eac5613,ComplexDataLab/OpenFake,openfake_pilot_600,fake,images/fake/587598ebb65d9237db80454ba32c6ac757337b0adfa622b38156d49c8eac5613.png,unassigned,42
58834e2017e4a4e3ef277707c82b29c72a92201ad3123738049b5c0e17c319cc,ComplexDataLab/OpenFake,openfake_pilot_600,fake,images/fake/58834e2017e4a4e3ef277707c82b29c72a92201ad3123738049b5c0e17c319cc.png,gold_test,42
58ac3c299e89dcbcd173cb979ba44eeae0529a0177a34d4d446889f407ef0462,ComplexDataLab/OpenFake,openfake_additional_900,fake,images/fake/58ac3c299e89dcbcd173cb979ba44eeae0529a0177a34d4d446889f407ef0462.png,unassigned,42
58ba64f67ca3fd5115e126fb8ccbbd9753f11023e676d967fed325293b91e569,ComplexDataLab/OpenFake,openfake_additional_900,fake,images/fake/58ba64f67ca3fd5115e126fb8ccbbd9753f11023e676d967fed325293b91e569.png,unassigned,42
58c71740878465589b199ffb46cf8ecfbcd867a94518b1f0332ac429b71c8107,saberzl/SID_Set,sid_set_candidate_1500,real,images/real/58c71740878465589b199ffb46cf8ecfbcd867a94518b1f0332ac429b71c8107.jpg,unassigned,42
58cf0ea9f9c133175c5a63ca770e6491b4e36ca5f4d1b72b85c65554858c470d,ComplexDataLab/OpenFake,openfake_pilot_600,real,images/real/58cf0ea9f9c133175c5a63ca770e6491b4e36ca5f4d1b72b85c65554858c470d.jpg,unassigned,42
58d979ea736daef7b31149fd953bd867f3d5a1b5abe04abf918899f9f36fe7d5,saberzl/SID_Set,sid_set_candidate_1500,fake,images/fake/58d979ea736daef7b31149fd953bd867f3d5a1b5abe04abf918899f9f36fe7d5.png,gold_test,42
58d9b43a338f5061150b4ea36a3456aa75c9ba4c27d76512e9e695f5c8321b37,saberzl/SID_Set,sid_set_candidate_1500,fake,images/fake/58d9b43a338f5061150b4ea36a3456aa75c9ba4c27d76512e9e695f5c8321b37.png,unassigned,42
58da6885aeb73c46ceedab0824d3af64a9f746ae59bbc1c3c38e0e67c3bc8574,saberzl/SID_Set,sid_set_candidate_1500,fake,images/fake/58da6885aeb73c46ceedab0824d3af64a9f746ae59bbc1c3c38e0e67c3bc8574.png,gold_test,42
58e70370ea2877cb7d53ff1640547ef5fc5f0e684dd538ecaf4f618b88e8a494,ComplexDataLab/OpenFake,openfake_additional_900,real,images/real/58e70370ea2877cb7d53ff1640547ef5fc5f0e684dd538ecaf4f618b88e8a494.jpg,gold_test,42
59142bf9fcfdfd90190b7924c589f3bf3aea945d2e4908db9accbfe17eb80f69,saberzl/SID_Set,sid_set_candidate_1500,real,images/real/59142bf9fcfdfd90190b7924c589f3bf3aea945d2e4908db9accbfe17eb80f69.jpg,unassigned,42
591cafe2680835faf54837e92c5d8a3e9174c7f41b0d0b7efdeca399724f8809,ComplexDataLab/OpenFake,openfake_additional_900,fake,images/fake/591cafe2680835faf54837e92c5d8a3e9174c7f41b0d0b7efdeca399724f8809.jpg,unassigned,42
5939cdb6d71c6ff1aef123149bf7bfa19a9a37d26112d9f9eb8ae3beb9ac7668,ComplexDataLab/OpenFake,openfake_pilot_600,fake,images/fake/5939cdb6d71c6ff1aef123149bf7bfa19a9a37d26112d9f9eb8ae3beb9ac7668.png,unassigned,42
5950343b177c7db3e722d0bf62b46451bc608263ddb87ff600aa2680a69d8662,saberzl/SID_Set,sid_set_candidate_1500,fake,images/fake/5950343b177c7db3e722d0bf62b46451bc608263ddb87ff600aa2680a69d8662.png,unassigned,42
596282bbfe113a20fb4b4ee0a5401006205cf09b9c91cf03cf4083a4a33cc129,saberzl/SID_Set,sid_set_candidate_1500,fake,images/fake/596282bbfe113a20fb4b4ee0a5401006205cf09b9c91cf03cf4083a4a33cc129.png,unassigned,42
59776cc07a43ab637ec3f4d9fea796c872c67e7d3f21a4aec619e8b937315312,ComplexDataLab/OpenFake,openfake_additional_900,real,images/real/59776cc07a43ab637ec3f4d9fea796c872c67e7d3f21a4aec619e8b937315312.jpg,unassigned,42
598183bfef0274941e47ae42216302dd161b011e9da64b07493cb8a641cdd2dd,saberzl/SID_Set,sid_set_candidate_1500,fake,images/fake/598183bfef0274941e47ae42216302dd161b011e9da64b07493cb8a641cdd2dd.png,unassigned,42
59a0fb27e2ea646e48ed30d2a2cfbee2b97626568037b69ee1b941c86a2fa5f0,saberzl/SID_Set,sid_set_candidate_1500,fake,images/fake/59a0fb27e2ea646e48ed30d2a2cfbee2b97626568037b69ee1b941c86a2fa5f0.png,unassigned,42
59b616692e0d7acad673c41c34977ce1d83d4e82ab366064cce17ee955954a0e,ComplexDataLab/OpenFake,openfake_pilot_600,real,images/real/59b616692e0d7acad673c41c34977ce1d83d4e82ab366064cce17ee955954a0e.jpg,gold_test,42
59ea4008fe56dc2e3aa358ae7ab654d294e63ba8c35e68accfcab11f03972846,ComplexDataLab/OpenFake,openfake_pilot_600,fake,images/fake/59ea4008fe56dc2e3aa358ae7ab654d294e63ba8c35e68accfcab11f03972846.png,unassigned,42
59f351a12e2d48483e06f0dfc3bf1aa0c8a0544c73408e6a51063da92894960b,ComplexDataLab/OpenFake,openfake_additional_900,fake,images/fake/59f351a12e2d48483e06f0dfc3bf1aa0c8a0544c73408e6a51063da92894960b.jpg,unassigned,42
5a008e204b2f80043f17b8cbdf545e1d29a19d6147b7b4b09c83dfad0f264123,saberzl/SID_Set,sid_set_candidate_1500,real,images/real/5a008e204b2f80043f17b8cbdf545e1d29a19d6147b7b4b09c83dfad0f264123.jpg,unassigned,42
5a14416e4a432264074136edfeeef4f78a34839480f30aece854106d82bfb3ba,saberzl/SID_Set,sid_set_candidate_1500,fake,images/fake/5a14416e4a432264074136edfeeef4f78a34839480f30aece854106d82bfb3ba.png,unassigned,42
5a59f322c876ae58314db34e0d0c151f07b4ff1fae4227afc2e2cd5403d65b27,ComplexDataLab/OpenFake,openfake_pilot_600,real,images/real/5a59f322c876ae58314db34e0d0c151f07b4ff1fae4227afc2e2cd5403d65b27.jpg,unassigned,42
5a7ea67f2ef925d6f3be883ca0e101d777570089fc333ef822c87ee1983b9863,ComplexDataLab/OpenFake,openfake_additional_900,real,images/real/5a7ea67f2ef925d6f3be883ca0e101d777570089fc333ef822c87ee1983b9863.jpg,unassigned,42
5a80b6aa144308674bda1f1bb261274ae9118013c4b44b4a98ea22ea5d134efa,ComplexDataLab/OpenFake,openfake_pilot_600,real,images/real/5a80b6aa144308674bda1f1bb261274ae9118013c4b44b4a98ea22ea5d134efa.jpg,gold_test,42
5a8efcb8af621c654e459ab6d0db6889c5c8238e4718359334788b9fda8978ac,ComplexDataLab/OpenFake,openfake_additional_900,fake,images/fake/5a8efcb8af621c654e459ab6d0db6889c5c8238e4718359334788b9fda8978ac.png,unassigned,42
5a9e2ec41f18608d292eed6101884027f77a2ee51e5084207cd8e2213b1aae25,saberzl/SID_Set,sid_set_candidate_1500,real,images/real/5a9e2ec41f18608d292eed6101884027f77a2ee51e5084207cd8e2213b1aae25.jpg,unassigned,42
5ab45ff0b0c8954bfef48f86ff22c300928fae3e98a7976f04c144e3e31f2c2e,ComplexDataLab/OpenFake,openfake_additional_900,fake,images/fake/5ab45ff0b0c8954bfef48f86ff22c300928fae3e98a7976f04c144e3e31f2c2e.png,unassigned,42
5ad04d1497cfb5d6ab41f407af583d1a27ce130744ee30a4eafcc9ad405ddfbc,saberzl/SID_Set,sid_set_candidate_1500,real,images/real/5ad04d1497cfb5d6ab41f407af583d1a27ce130744ee30a4eafcc9ad405ddfbc.jpg,unassigned,42
5ae6be53395820c9d7d49ca1a5047c85fae7019b9c70efaef95c0974760ce97e,saberzl/SID_Set,sid_set_candidate_1500,real,images/real/5ae6be53395820c9d7d49ca1a5047c85fae7019b9c70efaef95c0974760ce97e.jpg,unassigned,42
5af84c4fc8b90735983559e81187e944f0e2288c06b2b34e1037a4c7a4562773,ComplexDataLab/OpenFake,openfake_additional_900,fake,images/fake/5af84c4fc8b90735983559e81187e944f0e2288c06b2b34e1037a4c7a4562773.png,unassigned,42
5b1d5d53d67cb8c03697f3d2a1304aa1fc26157f7fcccbf29534765f373958e4,saberzl/SID_Set,sid_set_candidate_1500,fake,images/fake/5b1d5d53d67cb8c03697f3d2a1304aa1fc26157f7fcccbf29534765f373958e4.png,unassigned,42
5b37681261d067f5e354de7d6e84b20cf5ca2b05fe6ab8a685f1704819ae4d2a,saberzl/SID_Set,sid_set_candidate_1500,real,images/real/5b37681261d067f5e354de7d6e84b20cf5ca2b05fe6ab8a685f1704819ae4d2a.jpg,unassigned,42
5b3ec6e2479e4831a758fe06d7be841e3f5481d88b255ac0f9c56f3e3990155c,saberzl/SID_Set,sid_set_candidate_1500,real,images/real/5b3ec6e2479e4831a758fe06d7be841e3f5481d88b255ac0f9c56f3e3990155c.jpg,unassigned,42
5b618322d727d8a206499a375dbe62b6d78d0bebdf16d28ddb44d65c25659558,saberzl/SID_Set,sid_set_candidate_1500,fake,images/fake/5b618322d727d8a206499a375dbe62b6d78d0bebdf16d28ddb44d65c25659558.png,unassigned,42
5b636773049aa592846f5ef93c12af0e25c95a3bede4582f17143a297f47f131,ComplexDataLab/OpenFake,openfake_pilot_600,fake,images/fake/5b636773049aa592846f5ef93c12af0e25c95a3bede4582f17143a297f47f131.png,gold_development,42
5b680f3263de0ca8c31279539e183bf5e4b4a01bf53a624f943bbb443bd9932b,ComplexDataLab/OpenFake,openfake_additional_900,fake,images/fake/5b680f3263de0ca8c31279539e183bf5e4b4a01bf53a624f943bbb443bd9932b.png,unassigned,42
5b75695d3e9d041c42c49cdfed94c8e9698fb8d2931e81aa59498f9758cc663d,ComplexDataLab/OpenFake,openfake_pilot_600,real,images/real/5b75695d3e9d041c42c49cdfed94c8e9698fb8d2931e81aa59498f9758cc663d.jpg,unassigned,42
5b83f86ed3a765c93b7dc581fa9caadf6b56db3d536e57918cda483b2a3ddb5d,saberzl/SID_Set,sid_set_candidate_1500,fake,images/fake/5b83f86ed3a765c93b7dc581fa9caadf6b56db3d536e57918cda483b2a3ddb5d.png,unassigned,42
5b99433135dc96fedfaaefa6a9eb2f10c62cfe86c2237cebe6333d887c894b3c,ComplexDataLab/OpenFake,openfake_additional_900,real,images/real/5b99433135dc96fedfaaefa6a9eb2f10c62cfe86c2237cebe6333d887c894b3c.jpg,unassigned,42
5baa7c843d93efdc67c4b0fe344e0a4efcd314363393e451c0a203c1d98b6794,saberzl/SID_Set,sid_set_candidate_1500,real,images/real/5baa7c843d93efdc67c4b0fe344e0a4efcd314363393e451c0a203c1d98b6794.jpg,unassigned,42
5bad4c24ed8c90de7b2c045687c44ed4e6f191055efa6c3e5b4e220a2a48d239,saberzl/SID_Set,sid_set_candidate_1500,fake,images/fake/5bad4c24ed8c90de7b2c045687c44ed4e6f191055efa6c3e5b4e220a2a48d239.png,unassigned,42
5bbd8d2bcb966f7aad8aa4d5cdbd5c257f964680977bc98836917c72a1057afa,ComplexDataLab/OpenFake,openfake_additional_900,real,images/real/5bbd8d2bcb966f7aad8aa4d5cdbd5c257f964680977bc98836917c72a1057afa.jpg,unassigned,42
5bbf6be563a9fc36c637c13d630d04f89028b0527129fbbe7f6fa73b96bf0931,saberzl/SID_Set,sid_set_candidate_1500,real,images/real/5bbf6be563a9fc36c637c13d630d04f89028b0527129fbbe7f6fa73b96bf0931.jpg,unassigned,42
5bcdc1ac3ebf28593953e04e97b957f9765ca4d1830094d8bbf17c9feedf17ab,ComplexDataLab/OpenFake,openfake_additional_900,fake,images/fake/5bcdc1ac3ebf28593953e04e97b957f9765ca4d1830094d8bbf17c9feedf17ab.webp,unassigned,42
5bde657732339cedd39d140d0664404213cfbcdedf1a2081374bab304456f2e6,ComplexDataLab/OpenFake,openfake_additional_900,fake,images/fake/5bde657732339cedd39d140d0664404213cfbcdedf1a2081374bab304456f2e6.png,gold_test,42
5be9d51f0c67dba26b83a6992a8880cc67836be24f3fafd7c2f4d7d9f16e8358,ComplexDataLab/OpenFake,openfake_pilot_600,fake,images/fake/5be9d51f0c67dba26b83a6992a8880cc67836be24f3fafd7c2f4d7d9f16e8358.png,unassigned,42
5bed6b61dfb4b3cbc0ad6fc881d1fefee657327445a21e1da5e344eb5fce4d52,saberzl/SID_Set,sid_set_candidate_1500,fake,images/fake/5bed6b61dfb4b3cbc0ad6fc881d1fefee657327445a21e1da5e344eb5fce4d52.png,unassigned,42
5c061a7f7651c2081f8dc408f61d8ad00ffa741f85741fad2f2c7f0ae5a8bbd7,saberzl/SID_Set,sid_set_candidate_1500,real,images/real/5c061a7f7651c2081f8dc408f61d8ad00ffa741f85741fad2f2c7f0ae5a8bbd7.jpg,unassigned,42
5c1f96ecd51af7cf2722b920aa38cfa569ef6ba95ad393dc13df2ad6dd48b79b,saberzl/SID_Set,sid_set_candidate_1500,real,images/real/5c1f96ecd51af7cf2722b920aa38cfa569ef6ba95ad393dc13df2ad6dd48b79b.jpg,unassigned,42
5c34d9c22b066c9acca77513b6004be70181997cd57650df09840adb7cf80208,ComplexDataLab/OpenFake,openfake_additional_900,real,images/real/5c34d9c22b066c9acca77513b6004be70181997cd57650df09840adb7cf80208.jpg,unassigned,42
5c98200a5e31b4dce29f8fd423fc19015db1bf1420dcf1e88da7fcc1d8ea1168,saberzl/SID_Set,sid_set_candidate_1500,fake,images/fake/5c98200a5e31b4dce29f8fd423fc19015db1bf1420dcf1e88da7fcc1d8ea1168.png,unassigned,42
5c99b21d9212140c364852950f5fef2cbad1ca30d42d1a2d177bafcd90c4047a,saberzl/SID_Set,sid_set_candidate_1500,fake,images/fake/5c99b21d9212140c364852950f5fef2cbad1ca30d42d1a2d177bafcd90c4047a.png,unassigned,42
5c9e668642cc880f400506fa10510136ef1334bd6b6a9a2320eec4c7ca240c48,ComplexDataLab/OpenFake,openfake_additional_900,real,images/real/5c9e668642cc880f400506fa10510136ef1334bd6b6a9a2320eec4c7ca240c48.jpg,unassigned,42
5ca94d8f9a88b2d264ad08098bb49a19bca654b3338ab1d8a3de90560113cc10,ComplexDataLab/OpenFake,openfake_additional_900,fake,images/fake/5ca94d8f9a88b2d264ad08098bb49a19bca654b3338ab1d8a3de90560113cc10.png,unassigned,42
5cc1e37ea190936b40c7bb7b6fee4a1d1a9fd12cd7c17ec95fcb3647291ce07e,saberzl/SID_Set,sid_set_candidate_1500,real,images/real/5cc1e37ea190936b40c7bb7b6fee4a1d1a9fd12cd7c17ec95fcb3647291ce07e.jpg,unassigned,42
5cc59a22aeae5af40aed5398dbbc3b014236c8fc9b548b8ef603849824db1282,ComplexDataLab/OpenFake,openfake_additional_900,fake,images/fake/5cc59a22aeae5af40aed5398dbbc3b014236c8fc9b548b8ef603849824db1282.png,unassigned,42
5ce07ba3c15f803ed9b856e36377f8b4a45f413180519cfa8def8d891f482e01,ComplexDataLab/OpenFake,openfake_additional_900,fake,images/fake/5ce07ba3c15f803ed9b856e36377f8b4a45f413180519cfa8def8d891f482e01.png,unassigned,42
5d56b1e9792895d70c9a33974af2c11f9d8ab5a2f54aeea14ff44461a55f70f0,ComplexDataLab/OpenFake,openfake_additional_900,real,images/real/5d56b1e9792895d70c9a33974af2c11f9d8ab5a2f54aeea14ff44461a55f70f0.jpg,unassigned,42
5d59a6691655e94ed2613e1c2e8b0dbeb8684c54c63a86c31c87cb25949072d8,ComplexDataLab/OpenFake,openfake_additional_900,fake,images/fake/5d59a6691655e94ed2613e1c2e8b0dbeb8684c54c63a86c31c87cb25949072d8.png,unassigned,42
5d6476bcf232392a62e824ddd2ac3a1cc32cae40c2b8ab004150e3479fdd1afc,ComplexDataLab/OpenFake,openfake_additional_900,real,images/real/5d6476bcf232392a62e824ddd2ac3a1cc32cae40c2b8ab004150e3479fdd1afc.jpg,unassigned,42
5d6bc3b8e9b39d065b34b4f6bbb3214c1367577b4cb1b57bba33a78dc323ed50,ComplexDataLab/OpenFake,openfake_additional_900,real,images/real/5d6bc3b8e9b39d065b34b4f6bbb3214c1367577b4cb1b57bba33a78dc323ed50.jpg,unassigned,42
5d6beaa1c22e1cf92c8835233a9f7fc91184f3d334d8bac4af479642690a7d05,ComplexDataLab/OpenFake,openfake_pilot_600,fake,images/fake/5d6beaa1c22e1cf92c8835233a9f7fc91184f3d334d8bac4af479642690a7d05.png,unassigned,42
5d757d09839021c85a7663a298f306e253b4dcc4b845eefe2401ba11f550d653,saberzl/SID_Set,sid_set_candidate_1500,real,images/real/5d757d09839021c85a7663a298f306e253b4dcc4b845eefe2401ba11f550d653.jpg,unassigned,42
5d85226dd0f511f035feb81877cfe6c1671bb1fcb851485cac2a781be68e1d18,ComplexDataLab/OpenFake,openfake_additional_900,real,images/real/5d85226dd0f511f035feb81877cfe6c1671bb1fcb851485cac2a781be68e1d18.jpg,unassigned,42
5d85b69c4e49d5e0b419964a085891c8bba13ca22a0b33f878284c64a89af1b6,ComplexDataLab/OpenFake,openfake_additional_900,fake,images/fake/5d85b69c4e49d5e0b419964a085891c8bba13ca22a0b33f878284c64a89af1b6.jpg,unassigned,42
5d8b101dd32d031b1b720d211ae31be6d0be0a1acfeda97c61f9bbce0bb63218,saberzl/SID_Set,sid_set_candidate_1500,fake,images/fake/5d8b101dd32d031b1b720d211ae31be6d0be0a1acfeda97c61f9bbce0bb63218.png,unassigned,42
5da22bdd0697c9f2324b06e4fe04c320460f0cb06429e5fb562837d9552a2959,saberzl/SID_Set,sid_set_candidate_1500,real,images/real/5da22bdd0697c9f2324b06e4fe04c320460f0cb06429e5fb562837d9552a2959.jpg,unassigned,42
5da4ef2b94390dafa65b7e3d5a763cdc042cf28a8cf9a00f5fe470bd9c569d2f,saberzl/SID_Set,sid_set_candidate_1500,real,images/real/5da4ef2b94390dafa65b7e3d5a763cdc042cf28a8cf9a00f5fe470bd9c569d2f.jpg,unassigned,42
5da7a9b78c18d8ea0567a2118847e4f3a77a337bab9e779d5e9d49e3fc51612b,ComplexDataLab/OpenFake,openfake_pilot_600,fake,images/fake/5da7a9b78c18d8ea0567a2118847e4f3a77a337bab9e779d5e9d49e3fc51612b.png,unassigned,42
5dadfc04088efb653f1433791a5c1ca4d91ead807d2e42fa214f256f770d48cf,saberzl/SID_Set,sid_set_candidate_1500,real,images/real/5dadfc04088efb653f1433791a5c1ca4d91ead807d2e42fa214f256f770d48cf.jpg,unassigned,42
5db733a02dbbb335bc759185ad9583a6750cbdb8601611d6278f6a964b0f144d,saberzl/SID_Set,sid_set_candidate_1500,real,images/real/5db733a02dbbb335bc759185ad9583a6750cbdb8601611d6278f6a964b0f144d.jpg,unassigned,42
5dbc805ca4396d8c35d3b15ea2c50285919318ed5f780ca1b06af8d50a8384c0,ComplexDataLab/OpenFake,openfake_pilot_600,fake,images/fake/5dbc805ca4396d8c35d3b15ea2c50285919318ed5f780ca1b06af8d50a8384c0.png,unassigned,42
5e21147d8937ea41a69d815511a65e24ea75e727cf6108856e4437734e33855b,saberzl/SID_Set,sid_set_candidate_1500,real,images/real/5e21147d8937ea41a69d815511a65e24ea75e727cf6108856e4437734e33855b.jpg,unassigned,42
5e40b7f3bebcd0cffcf5683cdb3cdaef30a88ea9203f2d8a8e87ad4a4ac077c9,ComplexDataLab/OpenFake,openfake_additional_900,fake,images/fake/5e40b7f3bebcd0cffcf5683cdb3cdaef30a88ea9203f2d8a8e87ad4a4ac077c9.png,unassigned,42
5e4a143614b9dc517453aa94f1189a8173d17f61454c78c9fdb4f368cc3ca1bf,ComplexDataLab/OpenFake,openfake_pilot_600,fake,images/fake/5e4a143614b9dc517453aa94f1189a8173d17f61454c78c9fdb4f368cc3ca1bf.png,unassigned,42
5e5bbf8cbc81cb882db71d878b8cb459d566c5342130efc9864cd16b5b168f0d,saberzl/SID_Set,sid_set_candidate_1500,real,images/real/5e5bbf8cbc81cb882db71d878b8cb459d566c5342130efc9864cd16b5b168f0d.jpg,gold_test,42
5ea31bedf55977f1a533af56a9d621911ad91b2e32b6451db74b72f14d760c1a,saberzl/SID_Set,sid_set_candidate_1500,real,images/real/5ea31bedf55977f1a533af56a9d621911ad91b2e32b6451db74b72f14d760c1a.jpg,unassigned,42
5ec7507706c214806876fcb48a0655335ec1bfce83b9706e11742a8af596a761,ComplexDataLab/OpenFake,openfake_pilot_600,fake,images/fake/5ec7507706c214806876fcb48a0655335ec1bfce83b9706e11742a8af596a761.png,unassigned,42
5ed754ae4a356c5afd2a3c2c323c92114388ab10e39a7990ea8b9f35b31a824e,saberzl/SID_Set,sid_set_candidate_1500,fake,images/fake/5ed754ae4a356c5afd2a3c2c323c92114388ab10e39a7990ea8b9f35b31a824e.png,unassigned,42
5ee9ad8c13c7038227e3cc8e531897c144ab4264e67f4bc3a46c24142d6ac5dd,saberzl/SID_Set,sid_set_candidate_1500,real,images/real/5ee9ad8c13c7038227e3cc8e531897c144ab4264e67f4bc3a46c24142d6ac5dd.jpg,unassigned,42
5eeb1d72bcd0f99b3869a07a3f1f655e21365430a5d720f017768954cb0a3e30,saberzl/SID_Set,sid_set_candidate_1500,real,images/real/5eeb1d72bcd0f99b3869a07a3f1f655e21365430a5d720f017768954cb0a3e30.jpg,unassigned,42
5eee380cd58c7dd9a6d1ef8c2e623418426b7846433cd607425160b76caa3cd7,saberzl/SID_Set,sid_set_candidate_1500,real,images/real/5eee380cd58c7dd9a6d1ef8c2e623418426b7846433cd607425160b76caa3cd7.jpg,unassigned,42
5f068e29623548de237844d57e4432059b21f556049147b3aa258c68778b6393,ComplexDataLab/OpenFake,openfake_pilot_600,fake,images/fake/5f068e29623548de237844d57e4432059b21f556049147b3aa258c68778b6393.png,unassigned,42
5f12ab5667503acd5c6574b29b840dff45e2139d867b7431f0bd8a0e10dbd853,saberzl/SID_Set,sid_set_candidate_1500,fake,images/fake/5f12ab5667503acd5c6574b29b840dff45e2139d867b7431f0bd8a0e10dbd853.png,unassigned,42
5f1d99385759cba91ae16d14781b311ce2af47cee5b6c6e4646d19f58d33dc18,saberzl/SID_Set,sid_set_candidate_1500,real,images/real/5f1d99385759cba91ae16d14781b311ce2af47cee5b6c6e4646d19f58d33dc18.jpg,unassigned,42
5f5de9d195fabd264db87d5b428829885e0abeba30c3c223c837a9b67bb17883,saberzl/SID_Set,sid_set_candidate_1500,fake,images/fake/5f5de9d195fabd264db87d5b428829885e0abeba30c3c223c837a9b67bb17883.png,unassigned,42
5f64ab8c32132b1dd64073cbb0df16e838563d4ed34efc29a84be16bd06dda74,saberzl/SID_Set,sid_set_candidate_1500,real,images/real/5f64ab8c32132b1dd64073cbb0df16e838563d4ed34efc29a84be16bd06dda74.jpg,unassigned,42
5f69b7d55356ddd6d631232e7016b73ff5b69629404fed4bc79727b8aced496d,saberzl/SID_Set,sid_set_candidate_1500,real,images/real/5f69b7d55356ddd6d631232e7016b73ff5b69629404fed4bc79727b8aced496d.jpg,unassigned,42
5f8a4a4fa9957c5775f538f6d083bc8bd5d8862245a0f80fdd1f9326b643a8ce,ComplexDataLab/OpenFake,openfake_additional_900,fake,images/fake/5f8a4a4fa9957c5775f538f6d083bc8bd5d8862245a0f80fdd1f9326b643a8ce.png,unassigned,42
5f9e5f4d099b8094dc3f72206c0e9f3b57890c0967c7fb1d7f467616c1d8c65e,ComplexDataLab/OpenFake,openfake_additional_900,fake,images/fake/5f9e5f4d099b8094dc3f72206c0e9f3b57890c0967c7fb1d7f467616c1d8c65e.png,unassigned,42
5fb33107ac59bef1fcf69c1f95e57db4e0863ac5c36139d66fdc1ae0a383d449,ComplexDataLab/OpenFake,openfake_pilot_600,fake,images/fake/5fb33107ac59bef1fcf69c1f95e57db4e0863ac5c36139d66fdc1ae0a383d449.png,unassigned,42
5ffe84e981ebf00a0b37d71b73de542dcd33828f3b10ba45360ac4456a5f0100,ComplexDataLab/OpenFake,openfake_pilot_600,real,images/real/5ffe84e981ebf00a0b37d71b73de542dcd33828f3b10ba45360ac4456a5f0100.jpg,gold_test,42
603dd1302b2fb5cf5a47499e1bcb0ff47de5646afca2f758c81e0acd653e01c5,ComplexDataLab/OpenFake,openfake_additional_900,real,images/real/603dd1302b2fb5cf5a47499e1bcb0ff47de5646afca2f758c81e0acd653e01c5.jpg,unassigned,42
6061a5bb09b6ac0fc23a505ae7f3136daabc91cef988954a9a4d3abe73373995,ComplexDataLab/OpenFake,openfake_additional_900,real,images/real/6061a5bb09b6ac0fc23a505ae7f3136daabc91cef988954a9a4d3abe73373995.jpg,unassigned,42
60634c9a29034a59bb6e943ac372c396e222af38120c8f2d71b83c720165a834,ComplexDataLab/OpenFake,openfake_pilot_600,real,images/real/60634c9a29034a59bb6e943ac372c396e222af38120c8f2d71b83c720165a834.jpg,unassigned,42
609cc40185e765073712c92dc3c58e363eb4c683ff5cd2658fc1f481ca930789,saberzl/SID_Set,sid_set_candidate_1500,fake,images/fake/609cc40185e765073712c92dc3c58e363eb4c683ff5cd2658fc1f481ca930789.png,unassigned,42
609eda2155b05800513ca2221d237437c4fd17d8106b56a642c540736c1935ce,saberzl/SID_Set,sid_set_candidate_1500,fake,images/fake/609eda2155b05800513ca2221d237437c4fd17d8106b56a642c540736c1935ce.png,unassigned,42
6116c903f45c0499d52181a737eae6167d8781453da3ed62cfdd0740ca79807f,saberzl/SID_Set,sid_set_candidate_1500,fake,images/fake/6116c903f45c0499d52181a737eae6167d8781453da3ed62cfdd0740ca79807f.png,unassigned,42
61247ee55e4488a5d0addd7258703161e593fafae19fb971e0b7bc5715bff317,ComplexDataLab/OpenFake,openfake_pilot_600,fake,images/fake/61247ee55e4488a5d0addd7258703161e593fafae19fb971e0b7bc5715bff317.png,gold_development,42
612aa162b72a7896cb41c6cda8313a9ae45dbcb5a22135ab9addcaa979f5e6a6,ComplexDataLab/OpenFake,openfake_pilot_600,fake,images/fake/612aa162b72a7896cb41c6cda8313a9ae45dbcb5a22135ab9addcaa979f5e6a6.png,unassigned,42
612e65006de9350c1327c9c1d2c5a78846df707f4d8176e452e3a93ff6ab37f0,saberzl/SID_Set,sid_set_candidate_1500,real,images/real/612e65006de9350c1327c9c1d2c5a78846df707f4d8176e452e3a93ff6ab37f0.jpg,unassigned,42
6131789657343a90a364bc780e1680ced89ee792b92a5215fed0c51008c264bb,saberzl/SID_Set,sid_set_candidate_1500,fake,images/fake/6131789657343a90a364bc780e1680ced89ee792b92a5215fed0c51008c264bb.png,unassigned,42
6138e8d7e64e65ad401ba3d5715c30512a4f889567050a9de4c7197459568b2a,saberzl/SID_Set,sid_set_candidate_1500,fake,images/fake/6138e8d7e64e65ad401ba3d5715c30512a4f889567050a9de4c7197459568b2a.png,unassigned,42
613918085d28a4d0e51a50ec0da8db2265a16e15718d48ca233d2c027379c6ce,saberzl/SID_Set,sid_set_candidate_1500,real,images/real/613918085d28a4d0e51a50ec0da8db2265a16e15718d48ca233d2c027379c6ce.jpg,unassigned,42
614409660d7bc480a716ba5548b6514c7a9db5ffdd7e938e34dea6e007ff32cd,ComplexDataLab/OpenFake,openfake_pilot_600,real,images/real/614409660d7bc480a716ba5548b6514c7a9db5ffdd7e938e34dea6e007ff32cd.jpg,unassigned,42
6146a2b2a8107c10a1e30896ddc04be24699473f1e4523531609b3ee8e85287f,saberzl/SID_Set,sid_set_candidate_1500,real,images/real/6146a2b2a8107c10a1e30896ddc04be24699473f1e4523531609b3ee8e85287f.jpg,unassigned,42
61505a6e89778e40bb1e6828f5fa9a2545b8406ca97fbf3e45e0b4c68f720b23,ComplexDataLab/OpenFake,openfake_pilot_600,real,images/real/61505a6e89778e40bb1e6828f5fa9a2545b8406ca97fbf3e45e0b4c68f720b23.jpg,unassigned,42
6199200986325e5fc448796786739d393a23a95be3c7084fa735f7565592f389,saberzl/SID_Set,sid_set_candidate_1500,fake,images/fake/6199200986325e5fc448796786739d393a23a95be3c7084fa735f7565592f389.png,unassigned,42
61a8df1641bf64796e73420f2245f5a75f38230d995a7b00fd1305069ab09bcc,saberzl/SID_Set,sid_set_candidate_1500,fake,images/fake/61a8df1641bf64796e73420f2245f5a75f38230d995a7b00fd1305069ab09bcc.png,unassigned,42
61d4ab018d80da20aff78137a9d4987c27fb9792d6c14d53fe9ec8778715051f,ComplexDataLab/OpenFake,openfake_pilot_600,fake,images/fake/61d4ab018d80da20aff78137a9d4987c27fb9792d6c14d53fe9ec8778715051f.png,unassigned,42
61e0332946ff38a35a3fdb6830ec096bfe5ae49e8ab6e8a04355730730701b82,saberzl/SID_Set,sid_set_candidate_1500,real,images/real/61e0332946ff38a35a3fdb6830ec096bfe5ae49e8ab6e8a04355730730701b82.jpg,unassigned,42
61f3d0ee0f0a347146006c71f380deb2a92fdbf3028176338dfb2c8c42db839d,saberzl/SID_Set,sid_set_candidate_1500,fake,images/fake/61f3d0ee0f0a347146006c71f380deb2a92fdbf3028176338dfb2c8c42db839d.png,unassigned,42
61f909b06febecc48f4fe174c45f462125dc383bb777051fcf03639d4e9f7ac7,ComplexDataLab/OpenFake,openfake_pilot_600,fake,images/fake/61f909b06febecc48f4fe174c45f462125dc383bb777051fcf03639d4e9f7ac7.png,unassigned,42
62124b13e24ef0ddbafa7b0f65ecac525333daa5b0ebe4f6f2d13897e633c47e,ComplexDataLab/OpenFake,openfake_pilot_600,fake,images/fake/62124b13e24ef0ddbafa7b0f65ecac525333daa5b0ebe4f6f2d13897e633c47e.png,unassigned,42
6240e55e9e4e580691a1c593729c39303aa984e723dc3ee7d2cb11b599ea5dc4,ComplexDataLab/OpenFake,openfake_additional_900,fake,images/fake/6240e55e9e4e580691a1c593729c39303aa984e723dc3ee7d2cb11b599ea5dc4.png,unassigned,42
62437e31b5098984f70eef1d8dbd2820695d6fcf182fe54572cce2d859251dad,saberzl/SID_Set,sid_set_candidate_1500,real,images/real/62437e31b5098984f70eef1d8dbd2820695d6fcf182fe54572cce2d859251dad.jpg,unassigned,42
62795a2b1cbe271bf97399a28ad4fac3bfc23f8f38707773ce1438374182d797,saberzl/SID_Set,sid_set_candidate_1500,fake,images/fake/62795a2b1cbe271bf97399a28ad4fac3bfc23f8f38707773ce1438374182d797.png,unassigned,42
627b081df829f25880c792373ffdd1dfad46a7556b1c160a28c816d14443f2f2,saberzl/SID_Set,sid_set_candidate_1500,fake,images/fake/627b081df829f25880c792373ffdd1dfad46a7556b1c160a28c816d14443f2f2.png,unassigned,42
629e86c8a84a620ddab79b9acddeb48129ff844e5c96e9582905c6ffce3e4398,saberzl/SID_Set,sid_set_candidate_1500,fake,images/fake/629e86c8a84a620ddab79b9acddeb48129ff844e5c96e9582905c6ffce3e4398.png,unassigned,42
62d2a3b5c43c2ff741103a2a8bfe2ebf6991337006caa03ab823243c8eb1cae4,saberzl/SID_Set,sid_set_candidate_1500,fake,images/fake/62d2a3b5c43c2ff741103a2a8bfe2ebf6991337006caa03ab823243c8eb1cae4.png,unassigned,42
62d34db299932bcc9cd3ac5aff116698e579e9468d711f5e2ba044b70d4577e1,ComplexDataLab/OpenFake,openfake_pilot_600,fake,images/fake/62d34db299932bcc9cd3ac5aff116698e579e9468d711f5e2ba044b70d4577e1.png,unassigned,42
62ec2e602797e8a18f3ebd78a3b7f77c2e12e08bdf38762d025634e3a90114d0,saberzl/SID_Set,sid_set_candidate_1500,real,images/real/62ec2e602797e8a18f3ebd78a3b7f77c2e12e08bdf38762d025634e3a90114d0.jpg,unassigned,42
62f6354648b188669ebabba50eb48c70fac940910db0c3db86ea32d61e7eb978,ComplexDataLab/OpenFake,openfake_additional_900,fake,images/fake/62f6354648b188669ebabba50eb48c70fac940910db0c3db86ea32d61e7eb978.png,gold_test,42
6302fc45b66e8edecec30b745b4c49971e5487938b63515bb3281b3e42160bde,saberzl/SID_Set,sid_set_candidate_1500,fake,images/fake/6302fc45b66e8edecec30b745b4c49971e5487938b63515bb3281b3e42160bde.png,unassigned,42
63421c317e9b92d2ce48a0b71418d30afe7d560fb47387558ed49efb6c468cd9,saberzl/SID_Set,sid_set_candidate_1500,real,images/real/63421c317e9b92d2ce48a0b71418d30afe7d560fb47387558ed49efb6c468cd9.jpg,unassigned,42
6365d1822f2cba2cb9c8b2b1123aa42fd64cdd3c553ac87a2cab94cbb51b6470,ComplexDataLab/OpenFake,openfake_additional_900,fake,images/fake/6365d1822f2cba2cb9c8b2b1123aa42fd64cdd3c553ac87a2cab94cbb51b6470.png,gold_test,42
637e651b042584eb87d4b61bd7104b194b5c52d7e3684d34197e95b73cda54cf,ComplexDataLab/OpenFake,openfake_additional_900,real,images/real/637e651b042584eb87d4b61bd7104b194b5c52d7e3684d34197e95b73cda54cf.jpg,unassigned,42
639eb577226be3612ee2444fff43f5d1ecd8ef1cc9a8c9dfea51ad79f86d2efe,saberzl/SID_Set,sid_set_candidate_1500,real,images/real/639eb577226be3612ee2444fff43f5d1ecd8ef1cc9a8c9dfea51ad79f86d2efe.jpg,unassigned,42
63d2dfe772f2266863c7b943c781ba67154e71b40c91568a275417947f8ead18,saberzl/SID_Set,sid_set_candidate_1500,fake,images/fake/63d2dfe772f2266863c7b943c781ba67154e71b40c91568a275417947f8ead18.png,unassigned,42
63d7865d87da067fb24617166bc8dcc90dc1f7faa917346fc3f7c0747709e3f4,saberzl/SID_Set,sid_set_candidate_1500,fake,images/fake/63d7865d87da067fb24617166bc8dcc90dc1f7faa917346fc3f7c0747709e3f4.png,unassigned,42
63e1abeeacdff9bb27a7246ca0d46680094b71ef2d3c810b83483d90b81ba421,ComplexDataLab/OpenFake,openfake_pilot_600,fake,images/fake/63e1abeeacdff9bb27a7246ca0d46680094b71ef2d3c810b83483d90b81ba421.png,unassigned,42
63e243d8dd7d79235f2350208fd044a798d20674ce7382af0e1f6d61e43f4606,saberzl/SID_Set,sid_set_candidate_1500,real,images/real/63e243d8dd7d79235f2350208fd044a798d20674ce7382af0e1f6d61e43f4606.jpg,unassigned,42
6432259a10bbb88bac20f3b4d92616098c8690983a217d4d3ee770272b2cc8ed,saberzl/SID_Set,sid_set_candidate_1500,real,images/real/6432259a10bbb88bac20f3b4d92616098c8690983a217d4d3ee770272b2cc8ed.jpg,unassigned,42
644cb1e4bdf5e2b796cc40679a4540f428622b55c31dd4a30b706eab3a0bfa27,ComplexDataLab/OpenFake,openfake_additional_900,real,images/real/644cb1e4bdf5e2b796cc40679a4540f428622b55c31dd4a30b706eab3a0bfa27.jpg,unassigned,42
64543249e02f16b04ca96069bc481af9a8b71f5fa7fa270f6581eff9581014a9,ComplexDataLab/OpenFake,openfake_additional_900,real,images/real/64543249e02f16b04ca96069bc481af9a8b71f5fa7fa270f6581eff9581014a9.jpg,unassigned,42
649340a3e2fe07e951ceba421ed6d5ac10a5af0a311ad7cbc7d5c5dccad03a14,saberzl/SID_Set,sid_set_candidate_1500,real,images/real/649340a3e2fe07e951ceba421ed6d5ac10a5af0a311ad7cbc7d5c5dccad03a14.jpg,unassigned,42
649d258031226ee739fcd4b411182e18099676bc2cbc83a1a3cc73ab399192c9,saberzl/SID_Set,sid_set_candidate_1500,real,images/real/649d258031226ee739fcd4b411182e18099676bc2cbc83a1a3cc73ab399192c9.jpg,unassigned,42
64b2b8fd05d23d9e3c78636435ae821aa4b87b280394a5959dbdc087dd86566d,saberzl/SID_Set,sid_set_candidate_1500,fake,images/fake/64b2b8fd05d23d9e3c78636435ae821aa4b87b280394a5959dbdc087dd86566d.png,unassigned,42
64b8981cad627b8a4ea522fd7f9b4665a2e7ac294ee7c603d493de48c23de7a4,saberzl/SID_Set,sid_set_candidate_1500,fake,images/fake/64b8981cad627b8a4ea522fd7f9b4665a2e7ac294ee7c603d493de48c23de7a4.png,unassigned,42
64b9436c30dff085335c7686ba925335eaa15a6ab2cfcfba774cdb15007e7787,saberzl/SID_Set,sid_set_candidate_1500,fake,images/fake/64b9436c30dff085335c7686ba925335eaa15a6ab2cfcfba774cdb15007e7787.png,gold_test,42
64c1e49318dbd47326d32114af2fd3a8c145a06cf18ce67a763027e17239db4e,ComplexDataLab/OpenFake,openfake_additional_900,real,images/real/64c1e49318dbd47326d32114af2fd3a8c145a06cf18ce67a763027e17239db4e.jpg,unassigned,42
64d72d545eb2792a0ef1ef8c54ecbcd1f088d124a8eeb7e1fadc10978118eca4,ComplexDataLab/OpenFake,openfake_pilot_600,real,images/real/64d72d545eb2792a0ef1ef8c54ecbcd1f088d124a8eeb7e1fadc10978118eca4.jpg,unassigned,42
652f4873689a83ee01585c4938c72d4a193e6e67f382c1b5d8125a8f03de2482,saberzl/SID_Set,sid_set_candidate_1500,real,images/real/652f4873689a83ee01585c4938c72d4a193e6e67f382c1b5d8125a8f03de2482.jpg,unassigned,42
653d89253da6c1f1dbd9cd55fc20c99dbdbfa2a2dfdaf3ce2cc7d5bb6c657f2d,saberzl/SID_Set,sid_set_candidate_1500,fake,images/fake/653d89253da6c1f1dbd9cd55fc20c99dbdbfa2a2dfdaf3ce2cc7d5bb6c657f2d.png,unassigned,42
655179587453dbf9a4f3b7bd1772a599fa9727354a420be67b41b72790cab024,ComplexDataLab/OpenFake,openfake_additional_900,real,images/real/655179587453dbf9a4f3b7bd1772a599fa9727354a420be67b41b72790cab024.jpg,unassigned,42
656c6d653b361c1f1cf66cbba68e2fd0efab8ad24a62548af77f42abc9760b15,saberzl/SID_Set,sid_set_candidate_1500,real,images/real/656c6d653b361c1f1cf66cbba68e2fd0efab8ad24a62548af77f42abc9760b15.jpg,unassigned,42
6573a05e0f042ff897860af408a1e852567e14ff1b7861647f3f69c6a03a8017,saberzl/SID_Set,sid_set_candidate_1500,fake,images/fake/6573a05e0f042ff897860af408a1e852567e14ff1b7861647f3f69c6a03a8017.png,unassigned,42
65915b5bce38beed603f025a2c675ca18b72ab5b065b7f069af2578062a3106e,saberzl/SID_Set,sid_set_candidate_1500,fake,images/fake/65915b5bce38beed603f025a2c675ca18b72ab5b065b7f069af2578062a3106e.png,unassigned,42
659330a1f2249c111d7d4c9e85f34b9b1e57def3f8b4e13e85498914b29f8061,saberzl/SID_Set,sid_set_candidate_1500,real,images/real/659330a1f2249c111d7d4c9e85f34b9b1e57def3f8b4e13e85498914b29f8061.jpg,unassigned,42
65aec9aa0fa6f174f645b5f3cb80d651b1f323e862175b92f3efb564c00a4764,ComplexDataLab/OpenFake,openfake_additional_900,real,images/real/65aec9aa0fa6f174f645b5f3cb80d651b1f323e862175b92f3efb564c00a4764.jpg,gold_test,42
65b4bc7009465d98a62eebac022758cbb0e459618c64ad52b0e37efebb10f877,ComplexDataLab/OpenFake,openfake_additional_900,fake,images/fake/65b4bc7009465d98a62eebac022758cbb0e459618c64ad52b0e37efebb10f877.png,gold_test,42
65c12e6f65cba368dcecfc2a931c42980ade56a7018555ca9e1a3561be5cac6c,ComplexDataLab/OpenFake,openfake_additional_900,real,images/real/65c12e6f65cba368dcecfc2a931c42980ade56a7018555ca9e1a3561be5cac6c.jpg,unassigned,42
65dd5ce1b90f73808f8b19456d70aa35b95eef26d213b34cee35cfa3f74ffcd6,saberzl/SID_Set,sid_set_candidate_1500,real,images/real/65dd5ce1b90f73808f8b19456d70aa35b95eef26d213b34cee35cfa3f74ffcd6.jpg,unassigned,42
65e22c1aebb70755cf0889923750dd3e349ca0bdc313c542d1efce2067d95c58,saberzl/SID_Set,sid_set_candidate_1500,real,images/real/65e22c1aebb70755cf0889923750dd3e349ca0bdc313c542d1efce2067d95c58.jpg,unassigned,42
65edb2b5d37d8f107c692d52733dbc66b5f25f692052d2726b99765e822b0f2c,saberzl/SID_Set,sid_set_candidate_1500,real,images/real/65edb2b5d37d8f107c692d52733dbc66b5f25f692052d2726b99765e822b0f2c.jpg,unassigned,42
661465c0051cc2a32b7e0308728f2680b4bac2bc745cebc9ba670262d26d9684,ComplexDataLab/OpenFake,openfake_additional_900,fake,images/fake/661465c0051cc2a32b7e0308728f2680b4bac2bc745cebc9ba670262d26d9684.png,unassigned,42
661d168ccaf6ba46979ec6d2f28d667a56b700f0ca434210cb5eeee11e94723e,ComplexDataLab/OpenFake,openfake_additional_900,fake,images/fake/661d168ccaf6ba46979ec6d2f28d667a56b700f0ca434210cb5eeee11e94723e.png,unassigned,42
6640cfd285f46c44334c6956c11d0fc9d84d0606c10e6f014d678eb386d34f16,ComplexDataLab/OpenFake,openfake_pilot_600,fake,images/fake/6640cfd285f46c44334c6956c11d0fc9d84d0606c10e6f014d678eb386d34f16.png,gold_development,42
66454cda10666ba074a74a6d4f396f6fea518319816d6ff6c0fe2769dd49a2cf,saberzl/SID_Set,sid_set_candidate_1500,fake,images/fake/66454cda10666ba074a74a6d4f396f6fea518319816d6ff6c0fe2769dd49a2cf.png,unassigned,42
664878a4f78a74d56043eb9e097cdfe007457c001e8a881a1778becdae4106fe,saberzl/SID_Set,sid_set_candidate_1500,fake,images/fake/664878a4f78a74d56043eb9e097cdfe007457c001e8a881a1778becdae4106fe.png,unassigned,42
664ebbfcfde81849303f05d41709140352ee89f7a8bad475c74f574ec766ab99,saberzl/SID_Set,sid_set_candidate_1500,real,images/real/664ebbfcfde81849303f05d41709140352ee89f7a8bad475c74f574ec766ab99.jpg,unassigned,42
66634d87c33103bc19f04b1eed51aff1ace7153a01d936eaa6bea4b35536d131,saberzl/SID_Set,sid_set_candidate_1500,real,images/real/66634d87c33103bc19f04b1eed51aff1ace7153a01d936eaa6bea4b35536d131.jpg,unassigned,42
66784fcab41816cbe9a87974b6f0a3f7cbea10ef5797201144498f03bd1acb93,ComplexDataLab/OpenFake,openfake_additional_900,fake,images/fake/66784fcab41816cbe9a87974b6f0a3f7cbea10ef5797201144498f03bd1acb93.png,unassigned,42
6684783d39370cad62e35792b5b8501a22969d42224f9803a88e849ece0969fc,ComplexDataLab/OpenFake,openfake_pilot_600,real,images/real/6684783d39370cad62e35792b5b8501a22969d42224f9803a88e849ece0969fc.jpg,unassigned,42
6686802ad82bdcfe8836fcbf97be5304612ca655919f5bf4fec51ce98c8193c0,ComplexDataLab/OpenFake,openfake_pilot_600,fake,images/fake/6686802ad82bdcfe8836fcbf97be5304612ca655919f5bf4fec51ce98c8193c0.png,unassigned,42
6688f2e87b7938130440b335d728330bd18901634606a831d07306ce6c11a7ca,ComplexDataLab/OpenFake,openfake_additional_900,real,images/real/6688f2e87b7938130440b335d728330bd18901634606a831d07306ce6c11a7ca.jpg,unassigned,42
66bf7434d7333de2c74758090af8b4464566795679dadfaeb437f68d09c0865b,saberzl/SID_Set,sid_set_candidate_1500,real,images/real/66bf7434d7333de2c74758090af8b4464566795679dadfaeb437f68d09c0865b.jpg,unassigned,42
66cdce476b5de3679465c6e8b9f6435f41e9cbc5a01d6ea5fb0e034d3eb4776b,ComplexDataLab/OpenFake,openfake_additional_900,real,images/real/66cdce476b5de3679465c6e8b9f6435f41e9cbc5a01d6ea5fb0e034d3eb4776b.jpg,unassigned,42
66d1c75663ae34ad18d2851f9f84f8ea3d30d2db53494ff60c49e84435e3a26c,saberzl/SID_Set,sid_set_candidate_1500,real,images/real/66d1c75663ae34ad18d2851f9f84f8ea3d30d2db53494ff60c49e84435e3a26c.jpg,unassigned,42
66d53afefd8f37af30c4eacf5dc27b5759d0bb9880395d25f02ad7c0ea84c2db,saberzl/SID_Set,sid_set_candidate_1500,fake,images/fake/66d53afefd8f37af30c4eacf5dc27b5759d0bb9880395d25f02ad7c0ea84c2db.png,unassigned,42
66ebebfe61092a58fefab8a3403ac3e8d0a4c79b08258d28f82f1bc20f5593c1,saberzl/SID_Set,sid_set_candidate_1500,fake,images/fake/66ebebfe61092a58fefab8a3403ac3e8d0a4c79b08258d28f82f1bc20f5593c1.png,unassigned,42
66ebf6d15a78cfa7574b15fbaf9098911e684929eb06f95692d39ef2138c9b5c,ComplexDataLab/OpenFake,openfake_additional_900,real,images/real/66ebf6d15a78cfa7574b15fbaf9098911e684929eb06f95692d39ef2138c9b5c.jpg,unassigned,42
66ec07f3268afb98181f2731532e73529c0f8f5063b1b1031364da558e81340b,saberzl/SID_Set,sid_set_candidate_1500,real,images/real/66ec07f3268afb98181f2731532e73529c0f8f5063b1b1031364da558e81340b.jpg,unassigned,42
67103560b7f48a342fcf54f428c4c0de9cc23370208290138e7c3aa46ceee49f,saberzl/SID_Set,sid_set_candidate_1500,real,images/real/67103560b7f48a342fcf54f428c4c0de9cc23370208290138e7c3aa46ceee49f.jpg,unassigned,42
6721c9afd2cdf9b930c1cc850b87224dcb850ca829d50e2ac2c04ee4afe1ecfb,saberzl/SID_Set,sid_set_candidate_1500,fake,images/fake/6721c9afd2cdf9b930c1cc850b87224dcb850ca829d50e2ac2c04ee4afe1ecfb.png,unassigned,42
673a6e5cd26212a92e80c3e6b718005138ccb6f731bc10f1e00d7cd26410ce91,ComplexDataLab/OpenFake,openfake_pilot_600,real,images/real/673a6e5cd26212a92e80c3e6b718005138ccb6f731bc10f1e00d7cd26410ce91.jpg,unassigned,42
6768aaecbdbb990bcf9544f30e0b066769d630ef6e1242621762520c3eefafc8,ComplexDataLab/OpenFake,openfake_pilot_600,fake,images/fake/6768aaecbdbb990bcf9544f30e0b066769d630ef6e1242621762520c3eefafc8.jpg,unassigned,42
679bb9a6a297c82d449849e2b18096083d645586cec4d48eb012ec03cd11f92a,saberzl/SID_Set,sid_set_candidate_1500,fake,images/fake/679bb9a6a297c82d449849e2b18096083d645586cec4d48eb012ec03cd11f92a.png,gold_test,42
679edc2def87f6cdcada973bb75f79a9e07a4d3e11067c183308ee9dbdc453bc,ComplexDataLab/OpenFake,openfake_pilot_600,fake,images/fake/679edc2def87f6cdcada973bb75f79a9e07a4d3e11067c183308ee9dbdc453bc.png,gold_development,42
67bcae7cb7b01d98d49c5163eab96fa873c8ef30e7c0b3e509a0fb6f8c39dd90,ComplexDataLab/OpenFake,openfake_pilot_600,fake,images/fake/67bcae7cb7b01d98d49c5163eab96fa873c8ef30e7c0b3e509a0fb6f8c39dd90.png,unassigned,42
682718cebfe6e5533c3c32edda72d32bd2714930b5cf38c05fa5477592b833d7,ComplexDataLab/OpenFake,openfake_additional_900,fake,images/fake/682718cebfe6e5533c3c32edda72d32bd2714930b5cf38c05fa5477592b833d7.png,unassigned,42
68310eebd324d08d87dc199636a5b118312dc7d086696d0cc88a243a033bf437,ComplexDataLab/OpenFake,openfake_additional_900,real,images/real/68310eebd324d08d87dc199636a5b118312dc7d086696d0cc88a243a033bf437.png,unassigned,42
6835897ccb9f02871a2d62d05430193dff627471e4e6769f98b3aee91f32e2fc,saberzl/SID_Set,sid_set_candidate_1500,real,images/real/6835897ccb9f02871a2d62d05430193dff627471e4e6769f98b3aee91f32e2fc.jpg,unassigned,42
684a33b52966bed97e330ad9aa667d823625561c4d7aaa830e25bf5b993f9ec4,saberzl/SID_Set,sid_set_candidate_1500,real,images/real/684a33b52966bed97e330ad9aa667d823625561c4d7aaa830e25bf5b993f9ec4.jpg,unassigned,42
685e75a856fc0c25228841d7263a8e5b505a5a1364f212dd2f846ea8bf6ce91f,saberzl/SID_Set,sid_set_candidate_1500,real,images/real/685e75a856fc0c25228841d7263a8e5b505a5a1364f212dd2f846ea8bf6ce91f.jpg,unassigned,42
68744dbcca42c640f20fca1d3e209eea8516e8796f6b1506f1107a3e745b3867,ComplexDataLab/OpenFake,openfake_additional_900,real,images/real/68744dbcca42c640f20fca1d3e209eea8516e8796f6b1506f1107a3e745b3867.jpg,unassigned,42
689efe8e89302b0ae81cf020a5c4646078c804f56ff5bf55ab011f3e0fd14ac4,saberzl/SID_Set,sid_set_candidate_1500,fake,images/fake/689efe8e89302b0ae81cf020a5c4646078c804f56ff5bf55ab011f3e0fd14ac4.png,unassigned,42
68a3d31d164fc543cea2978b63173f0a26d29e9deb5749f138aeb4c15f8c25eb,ComplexDataLab/OpenFake,openfake_pilot_600,real,images/real/68a3d31d164fc543cea2978b63173f0a26d29e9deb5749f138aeb4c15f8c25eb.jpg,unassigned,42
68a81f61491f9612bd71c160b1625648045423e05b1efe53da14472a1931bc05,ComplexDataLab/OpenFake,openfake_additional_900,real,images/real/68a81f61491f9612bd71c160b1625648045423e05b1efe53da14472a1931bc05.jpg,unassigned,42
68dfa19f9c378552dc703fdc4d3f3e02c5719c98ccc79494439c9ccbe5a54d6f,saberzl/SID_Set,sid_set_candidate_1500,fake,images/fake/68dfa19f9c378552dc703fdc4d3f3e02c5719c98ccc79494439c9ccbe5a54d6f.png,unassigned,42
68ebf76b0fc0bd06e3d72f2f08a935d04eeb0d93e558ae0b3d6273b7cdf5bde9,saberzl/SID_Set,sid_set_candidate_1500,real,images/real/68ebf76b0fc0bd06e3d72f2f08a935d04eeb0d93e558ae0b3d6273b7cdf5bde9.jpg,unassigned,42
69043932aeb8e7996820ea96f3d2af8587a6180b83fc90f275acaa022529507d,saberzl/SID_Set,sid_set_candidate_1500,fake,images/fake/69043932aeb8e7996820ea96f3d2af8587a6180b83fc90f275acaa022529507d.png,unassigned,42
693a20425091c33eb3d9aa7f59c534700dd686af26257509a27e473b620eb3e4,ComplexDataLab/OpenFake,openfake_pilot_600,real,images/real/693a20425091c33eb3d9aa7f59c534700dd686af26257509a27e473b620eb3e4.jpg,unassigned,42
693ba2c39e5fe30924b39b31770a389ba5fe069bbefdcc89f8598cd0cdd91e91,saberzl/SID_Set,sid_set_candidate_1500,fake,images/fake/693ba2c39e5fe30924b39b31770a389ba5fe069bbefdcc89f8598cd0cdd91e91.png,unassigned,42
69448d1017a30916f777a96e9ff75c7be1236691dad3401a6c1fb161cfee11ff,saberzl/SID_Set,sid_set_candidate_1500,fake,images/fake/69448d1017a30916f777a96e9ff75c7be1236691dad3401a6c1fb161cfee11ff.png,unassigned,42
6965fa89e9f7103ca53d09b3c5a65bad7d21c5c0b88f4f7b83811e3213844d0f,saberzl/SID_Set,sid_set_candidate_1500,fake,images/fake/6965fa89e9f7103ca53d09b3c5a65bad7d21c5c0b88f4f7b83811e3213844d0f.png,unassigned,42
696de1498a10e4eca3fd3f9771b5cc83775673df5d10a9a2044c25a119e300dc,saberzl/SID_Set,sid_set_candidate_1500,real,images/real/696de1498a10e4eca3fd3f9771b5cc83775673df5d10a9a2044c25a119e300dc.jpg,unassigned,42
69c137cbe2067bb202aaad547c357ef2ff831f099ad15ab356ff2648ed16e8fb,saberzl/SID_Set,sid_set_candidate_1500,fake,images/fake/69c137cbe2067bb202aaad547c357ef2ff831f099ad15ab356ff2648ed16e8fb.png,unassigned,42
69c641c9511ac4273bae9542588a910deded38aca885f41b00b51305d1e08cb7,ComplexDataLab/OpenFake,openfake_pilot_600,fake,images/fake/69c641c9511ac4273bae9542588a910deded38aca885f41b00b51305d1e08cb7.png,gold_test,42
69de0c6e7d3ca10c8360280395826c018a2253ca47e0dc859d5e48194feda47d,saberzl/SID_Set,sid_set_candidate_1500,fake,images/fake/69de0c6e7d3ca10c8360280395826c018a2253ca47e0dc859d5e48194feda47d.png,unassigned,42
69e079abad5f5170d7d23c699b174ab94212190dcb0d6d01e99403923520d3e3,ComplexDataLab/OpenFake,openfake_additional_900,fake,images/fake/69e079abad5f5170d7d23c699b174ab94212190dcb0d6d01e99403923520d3e3.png,unassigned,42
69ee5e572ac48f529d8b5d4be293cdffe65d8692f86ac792a8e6c22d49e0ebf3,saberzl/SID_Set,sid_set_candidate_1500,real,images/real/69ee5e572ac48f529d8b5d4be293cdffe65d8692f86ac792a8e6c22d49e0ebf3.jpg,unassigned,42
6a1447dd0b7267baa02f9f397f73de891cff8dfe44a1fae17356c9056d5c935d,ComplexDataLab/OpenFake,openfake_additional_900,real,images/real/6a1447dd0b7267baa02f9f397f73de891cff8dfe44a1fae17356c9056d5c935d.jpg,unassigned,42
6a33285abbc3d5846597b6619fb4474a27b840622dd3f4d4879a8b4d91c3f426,saberzl/SID_Set,sid_set_candidate_1500,fake,images/fake/6a33285abbc3d5846597b6619fb4474a27b840622dd3f4d4879a8b4d91c3f426.png,unassigned,42
6a38965d7ba54be6ed4be5b544918a37280a7469e4b87b75f1ebe6d554d9ffda,ComplexDataLab/OpenFake,openfake_additional_900,real,images/real/6a38965d7ba54be6ed4be5b544918a37280a7469e4b87b75f1ebe6d554d9ffda.jpg,unassigned,42
6a4b688424ac4ae534366c3458edce650c975d0a8b4eb12c2fef740769e9e465,saberzl/SID_Set,sid_set_candidate_1500,fake,images/fake/6a4b688424ac4ae534366c3458edce650c975d0a8b4eb12c2fef740769e9e465.png,unassigned,42
6a4f8a6c3d50a4e80192ba96671ae34cc494c968758eddd3b84e385e043190e0,saberzl/SID_Set,sid_set_candidate_1500,real,images/real/6a4f8a6c3d50a4e80192ba96671ae34cc494c968758eddd3b84e385e043190e0.jpg,unassigned,42
6a60e18fca7f61f3043640451826a74cf3d838591fc8b1e8f16e0c018dc629ef,ComplexDataLab/OpenFake,openfake_additional_900,fake,images/fake/6a60e18fca7f61f3043640451826a74cf3d838591fc8b1e8f16e0c018dc629ef.png,unassigned,42
6b020f3bb6915f4dc9a2be68a4160df0c247a2a742643ce6ba616882b27eae35,ComplexDataLab/OpenFake,openfake_additional_900,real,images/real/6b020f3bb6915f4dc9a2be68a4160df0c247a2a742643ce6ba616882b27eae35.jpg,unassigned,42
6b1440b888d54654d443b70b1bd4410c4eebca72089fd9b0502bb6bb72cf7d83,saberzl/SID_Set,sid_set_candidate_1500,fake,images/fake/6b1440b888d54654d443b70b1bd4410c4eebca72089fd9b0502bb6bb72cf7d83.png,unassigned,42
6b14c74f3bd6103ead4041936eabb638aec06ce7a167c63d69ce462bb8a45bac,ComplexDataLab/OpenFake,openfake_additional_900,real,images/real/6b14c74f3bd6103ead4041936eabb638aec06ce7a167c63d69ce462bb8a45bac.jpg,unassigned,42
6b1a6da6ffa5d74df6ff0534735cd7c8fc584ed989ae0370ff9824fa2e27acb8,ComplexDataLab/OpenFake,openfake_additional_900,fake,images/fake/6b1a6da6ffa5d74df6ff0534735cd7c8fc584ed989ae0370ff9824fa2e27acb8.png,unassigned,42
6b3c4dfb860a050748c40524258998b7e96b7e458f87092af8806663d69575bb,saberzl/SID_Set,sid_set_candidate_1500,fake,images/fake/6b3c4dfb860a050748c40524258998b7e96b7e458f87092af8806663d69575bb.png,unassigned,42
6b45fc8929661a521ecdc114325bdfd24d6ba9a11a995a75bc876229652407c8,saberzl/SID_Set,sid_set_candidate_1500,real,images/real/6b45fc8929661a521ecdc114325bdfd24d6ba9a11a995a75bc876229652407c8.jpg,unassigned,42
6b544cb858e7eb367417f4d4989f0c8b1e77f688751d78a5ecc42ec42b070409,saberzl/SID_Set,sid_set_candidate_1500,fake,images/fake/6b544cb858e7eb367417f4d4989f0c8b1e77f688751d78a5ecc42ec42b070409.png,unassigned,42
6b5c4caa9f8c827cf1ac9b6e2501e0dc1b3490f37b3200bdc311c1fe537f298d,saberzl/SID_Set,sid_set_candidate_1500,real,images/real/6b5c4caa9f8c827cf1ac9b6e2501e0dc1b3490f37b3200bdc311c1fe537f298d.jpg,unassigned,42
6b641e123f139078d2ebfff7d6c6c94ff77150c8c843e8fe3af09b1cb72df2a4,saberzl/SID_Set,sid_set_candidate_1500,fake,images/fake/6b641e123f139078d2ebfff7d6c6c94ff77150c8c843e8fe3af09b1cb72df2a4.png,unassigned,42
6b6a431123b4e99848b9496dc11a8bafb2173fcc511a76b4d746629656e88e51,saberzl/SID_Set,sid_set_candidate_1500,fake,images/fake/6b6a431123b4e99848b9496dc11a8bafb2173fcc511a76b4d746629656e88e51.png,unassigned,42
6b8bacc9f94d462909208ca6cf017a8bceefaf5430341d7281b3d04aa3948bc2,ComplexDataLab/OpenFake,openfake_additional_900,fake,images/fake/6b8bacc9f94d462909208ca6cf017a8bceefaf5430341d7281b3d04aa3948bc2.jpg,unassigned,42
6b93fd69341ce012a80c23320f635341df277026130a4323ef7b1a4b54b2a241,ComplexDataLab/OpenFake,openfake_pilot_600,real,images/real/6b93fd69341ce012a80c23320f635341df277026130a4323ef7b1a4b54b2a241.jpg,unassigned,42
6ba601f562c0167929f36be1969e771119bdd80d6bd786616a52306da167ee87,ComplexDataLab/OpenFake,openfake_additional_900,fake,images/fake/6ba601f562c0167929f36be1969e771119bdd80d6bd786616a52306da167ee87.jpg,unassigned,42
6bc944cecbc1a01c868dd0129e46912a74111d34f14619257ee5c0262fbb93f7,saberzl/SID_Set,sid_set_candidate_1500,fake,images/fake/6bc944cecbc1a01c868dd0129e46912a74111d34f14619257ee5c0262fbb93f7.png,unassigned,42
6bcd11902bf1280b150d17934d4c8997bd89cfbc1560db92bcee1369006573d1,saberzl/SID_Set,sid_set_candidate_1500,fake,images/fake/6bcd11902bf1280b150d17934d4c8997bd89cfbc1560db92bcee1369006573d1.png,gold_test,42
6bdaeb2357d4f167fb27501e85543ec69401a62659f73a07b4145afc7b99e4b2,saberzl/SID_Set,sid_set_candidate_1500,fake,images/fake/6bdaeb2357d4f167fb27501e85543ec69401a62659f73a07b4145afc7b99e4b2.png,unassigned,42
6be8736f3c08ed8fc8eec1d31992235b6f3f24f2d18f6ec213b0105ab4e3fd2d,saberzl/SID_Set,sid_set_candidate_1500,real,images/real/6be8736f3c08ed8fc8eec1d31992235b6f3f24f2d18f6ec213b0105ab4e3fd2d.jpg,unassigned,42
6c1aa3919335fa9bbfcbe8366a2e716f31b726f6bb9115c5dd43d6396b271984,ComplexDataLab/OpenFake,openfake_additional_900,real,images/real/6c1aa3919335fa9bbfcbe8366a2e716f31b726f6bb9115c5dd43d6396b271984.jpg,unassigned,42
6c214f9227f769046bb878374ab6f349dd3c4d336a519d0a0b97988beb67422e,ComplexDataLab/OpenFake,openfake_pilot_600,fake,images/fake/6c214f9227f769046bb878374ab6f349dd3c4d336a519d0a0b97988beb67422e.png,unassigned,42
6c35d8194182547646f5565dabc5f1f7ab04bdee7eece4ad083c32a1cd5d90b8,saberzl/SID_Set,sid_set_candidate_1500,real,images/real/6c35d8194182547646f5565dabc5f1f7ab04bdee7eece4ad083c32a1cd5d90b8.jpg,unassigned,42
6c3c126e9083caf94ee2402d33924f28978a3e4eeaebf81caf86bcd3c9f9b3c4,saberzl/SID_Set,sid_set_candidate_1500,real,images/real/6c3c126e9083caf94ee2402d33924f28978a3e4eeaebf81caf86bcd3c9f9b3c4.jpg,unassigned,42
6c857503ce267cbc4313de2db31286bd5a89370d6723cbdbdb6384f4296fe8b6,saberzl/SID_Set,sid_set_candidate_1500,fake,images/fake/6c857503ce267cbc4313de2db31286bd5a89370d6723cbdbdb6384f4296fe8b6.png,unassigned,42
6cb4850112a0aff78a8d8ddb5eed2e4a90ff6477a4b99792bebef518295f0e02,ComplexDataLab/OpenFake,openfake_additional_900,real,images/real/6cb4850112a0aff78a8d8ddb5eed2e4a90ff6477a4b99792bebef518295f0e02.jpg,unassigned,42
6cbf056d63b08ec45e64ba7bdfe787d9340586fb91a0a2c12299d7b416009e90,ComplexDataLab/OpenFake,openfake_additional_900,real,images/real/6cbf056d63b08ec45e64ba7bdfe787d9340586fb91a0a2c12299d7b416009e90.jpg,unassigned,42
6d0bdedde6b0b83fdeffa49d2c2a731d531f9dca10ad30cca301e626cc3a06bf,saberzl/SID_Set,sid_set_candidate_1500,fake,images/fake/6d0bdedde6b0b83fdeffa49d2c2a731d531f9dca10ad30cca301e626cc3a06bf.png,unassigned,42
6d120d09228578f1f213a629b1b9d736d63dd2bff9975d5e92a91913fec9f58e,saberzl/SID_Set,sid_set_candidate_1500,real,images/real/6d120d09228578f1f213a629b1b9d736d63dd2bff9975d5e92a91913fec9f58e.jpg,unassigned,42
6d2e4f96404cc20df76574797024769eb6ab7d95de8b9e8e991c7acf3211f8d0,saberzl/SID_Set,sid_set_candidate_1500,fake,images/fake/6d2e4f96404cc20df76574797024769eb6ab7d95de8b9e8e991c7acf3211f8d0.png,unassigned,42
6d3485970ff3d94b7010c9e9f8154d180a2628f4f16e5e5c9a47caf05baade07,saberzl/SID_Set,sid_set_candidate_1500,real,images/real/6d3485970ff3d94b7010c9e9f8154d180a2628f4f16e5e5c9a47caf05baade07.jpg,unassigned,42
6d3f50e988c6f57b936f67737f72fcbafc1f74973178ba11f5a8573cc3b628e0,ComplexDataLab/OpenFake,openfake_pilot_600,real,images/real/6d3f50e988c6f57b936f67737f72fcbafc1f74973178ba11f5a8573cc3b628e0.jpg,gold_test,42
6d490936989a28fff2930ebc5ea5f8ff2bb02a8c0c61fff1e591037a01f6cb8c,ComplexDataLab/OpenFake,openfake_pilot_600,real,images/real/6d490936989a28fff2930ebc5ea5f8ff2bb02a8c0c61fff1e591037a01f6cb8c.jpg,unassigned,42
6d6c7c1d26a4855156cc8bcb735dbf23eb710ed98d1a8a54444ce5a2b929e5f9,saberzl/SID_Set,sid_set_candidate_1500,real,images/real/6d6c7c1d26a4855156cc8bcb735dbf23eb710ed98d1a8a54444ce5a2b929e5f9.jpg,unassigned,42
6d6f2b26cfd5da01ae1a97c067afa6c8d5ca52f9ee17f2f7a487b1790fd7f737,saberzl/SID_Set,sid_set_candidate_1500,fake,images/fake/6d6f2b26cfd5da01ae1a97c067afa6c8d5ca52f9ee17f2f7a487b1790fd7f737.png,unassigned,42
6d907b94a64bd6c32b0dcdb8e8df84fbd341b0c7504629157b541724db8b90e9,saberzl/SID_Set,sid_set_candidate_1500,fake,images/fake/6d907b94a64bd6c32b0dcdb8e8df84fbd341b0c7504629157b541724db8b90e9.png,unassigned,42
6db0b19851b9689afb94cf854593614471a82ddd6b781a89d2b391a6c9be3d7a,ComplexDataLab/OpenFake,openfake_pilot_600,fake,images/fake/6db0b19851b9689afb94cf854593614471a82ddd6b781a89d2b391a6c9be3d7a.jpg,gold_development,42
6dd977ad5e664d3eeee021fa2e5daa9ff5cd24df75dcf709c66633194c70df48,ComplexDataLab/OpenFake,openfake_additional_900,real,images/real/6dd977ad5e664d3eeee021fa2e5daa9ff5cd24df75dcf709c66633194c70df48.jpg,unassigned,42
6dee5a0541187e17e1b2c80edac69c9deb3da97c1b7e1e7a44d089a9a8498491,ComplexDataLab/OpenFake,openfake_additional_900,fake,images/fake/6dee5a0541187e17e1b2c80edac69c9deb3da97c1b7e1e7a44d089a9a8498491.png,unassigned,42
6e12a0b8df430ef97a2ba87be70490e13adcd0aeb114a2355068e1629bef1d7a,ComplexDataLab/OpenFake,openfake_additional_900,fake,images/fake/6e12a0b8df430ef97a2ba87be70490e13adcd0aeb114a2355068e1629bef1d7a.png,unassigned,42
6e329c7f99c629d0b4d86effd47782aa9f1f2d9a554650050f4f8c968a4217e6,ComplexDataLab/OpenFake,openfake_pilot_600,real,images/real/6e329c7f99c629d0b4d86effd47782aa9f1f2d9a554650050f4f8c968a4217e6.jpg,unassigned,42
6e5e780ec57c887e38970954e1d6f1c5e62eaf249c34b8aa5b1d1a0628b6c08e,saberzl/SID_Set,sid_set_candidate_1500,real,images/real/6e5e780ec57c887e38970954e1d6f1c5e62eaf249c34b8aa5b1d1a0628b6c08e.jpg,unassigned,42
6e994ab59887bdd227ec307832c32f565d4df693a61b83654395d455ff682dc9,ComplexDataLab/OpenFake,openfake_pilot_600,fake,images/fake/6e994ab59887bdd227ec307832c32f565d4df693a61b83654395d455ff682dc9.jpg,unassigned,42
6e9dde5952b5a038c37ceb20f8670471b190048508ef7b93e4282f9887f5ce89,saberzl/SID_Set,sid_set_candidate_1500,fake,images/fake/6e9dde5952b5a038c37ceb20f8670471b190048508ef7b93e4282f9887f5ce89.png,unassigned,42
6eba3ccf3bedda664d1c8422a4d54f4818ac7e8f1ce2f4f7ab558a86281d4179,saberzl/SID_Set,sid_set_candidate_1500,fake,images/fake/6eba3ccf3bedda664d1c8422a4d54f4818ac7e8f1ce2f4f7ab558a86281d4179.png,unassigned,42
6ed882855088926bcfb8eb3db9cc42c2c63637d23d8d830a64b22a8d299b1a69,saberzl/SID_Set,sid_set_candidate_1500,fake,images/fake/6ed882855088926bcfb8eb3db9cc42c2c63637d23d8d830a64b22a8d299b1a69.png,unassigned,42
6edf3ff0f54eedc0717a1ada4e2023e6ed169b37f21dd36787bad5df102ad49b,ComplexDataLab/OpenFake,openfake_additional_900,real,images/real/6edf3ff0f54eedc0717a1ada4e2023e6ed169b37f21dd36787bad5df102ad49b.jpg,unassigned,42
6efe31afb087b7a213ea48b5baaa1b278b499d75ad9ce3fb6a64ba98055484c9,ComplexDataLab/OpenFake,openfake_additional_900,fake,images/fake/6efe31afb087b7a213ea48b5baaa1b278b499d75ad9ce3fb6a64ba98055484c9.png,unassigned,42
6f2b511fb82c458f812576cfa1bd987f9dfe998b2881d634c918e95176caa95a,ComplexDataLab/OpenFake,openfake_pilot_600,real,images/real/6f2b511fb82c458f812576cfa1bd987f9dfe998b2881d634c918e95176caa95a.jpg,unassigned,42
6f4b0d6f94f8e97b057ef70c466cbb3404f243811c669db14030bc756cf1324e,saberzl/SID_Set,sid_set_candidate_1500,real,images/real/6f4b0d6f94f8e97b057ef70c466cbb3404f243811c669db14030bc756cf1324e.jpg,gold_test,42
6f605da3eed2d0984ac459361672be6f85c06deda2f3d2d98ec1b7c184d44152,saberzl/SID_Set,sid_set_candidate_1500,real,images/real/6f605da3eed2d0984ac459361672be6f85c06deda2f3d2d98ec1b7c184d44152.jpg,unassigned,42
6f749dd6cfba1f5d6a218179311622493a468c60ef1ff8337b0fc783f9c397d5,ComplexDataLab/OpenFake,openfake_pilot_600,fake,images/fake/6f749dd6cfba1f5d6a218179311622493a468c60ef1ff8337b0fc783f9c397d5.jpg,unassigned,42
6f75bf091e1993e35dc86e628bc17853a72347896a2c14dd9b65e45126a3c45e,saberzl/SID_Set,sid_set_candidate_1500,fake,images/fake/6f75bf091e1993e35dc86e628bc17853a72347896a2c14dd9b65e45126a3c45e.png,unassigned,42
6f7f984ed2ea50137063456dbbcfd0e6ba5bc8311bac8e263856ae5b52f9fbcd,saberzl/SID_Set,sid_set_candidate_1500,real,images/real/6f7f984ed2ea50137063456dbbcfd0e6ba5bc8311bac8e263856ae5b52f9fbcd.jpg,unassigned,42
6f80ce0f10889d499c1c0de0695b53d95d2bfb61143b1ed92824dfe02a66156b,ComplexDataLab/OpenFake,openfake_additional_900,fake,images/fake/6f80ce0f10889d499c1c0de0695b53d95d2bfb61143b1ed92824dfe02a66156b.png,gold_test,42
6f871c3c64e0f4f05d4c6991d148b365348e5d7b1229f58087c38e4a2e6322fa,ComplexDataLab/OpenFake,openfake_additional_900,fake,images/fake/6f871c3c64e0f4f05d4c6991d148b365348e5d7b1229f58087c38e4a2e6322fa.png,unassigned,42
6f92dede2a7387c227c02727d114874f88763cc8389ecc60cdface70aa258bd6,ComplexDataLab/OpenFake,openfake_additional_900,fake,images/fake/6f92dede2a7387c227c02727d114874f88763cc8389ecc60cdface70aa258bd6.png,unassigned,42
6fb7195d5a54bba2928a575369ec5d2b29fa14e128eed97dd03213138613b66d,saberzl/SID_Set,sid_set_candidate_1500,real,images/real/6fb7195d5a54bba2928a575369ec5d2b29fa14e128eed97dd03213138613b66d.jpg,unassigned,42
6fd28a5382295822b7458b012d390e2378edf60cb4db5163550e4892c24db641,ComplexDataLab/OpenFake,openfake_pilot_600,real,images/real/6fd28a5382295822b7458b012d390e2378edf60cb4db5163550e4892c24db641.jpg,unassigned,42
6fef88a481af9792a4b340247bb67969229738a0d77c0869a91bf5c8ab068227,saberzl/SID_Set,sid_set_candidate_1500,fake,images/fake/6fef88a481af9792a4b340247bb67969229738a0d77c0869a91bf5c8ab068227.png,unassigned,42
6ff0b6c64e4ef01dc983d36657c55a14631621298bf944a74e19af935451afbf,saberzl/SID_Set,sid_set_candidate_1500,real,images/real/6ff0b6c64e4ef01dc983d36657c55a14631621298bf944a74e19af935451afbf.jpg,unassigned,42
6ffc0f0fc68804ef0520def60205f0ea9e39db0e685ba1ecc0c426fb9fa452a6,saberzl/SID_Set,sid_set_candidate_1500,real,images/real/6ffc0f0fc68804ef0520def60205f0ea9e39db0e685ba1ecc0c426fb9fa452a6.jpg,unassigned,42
7004758cf10d44a3b406b1533382775a99f47d5f87e87646dbf72190ac7ccbbd,ComplexDataLab/OpenFake,openfake_additional_900,real,images/real/7004758cf10d44a3b406b1533382775a99f47d5f87e87646dbf72190ac7ccbbd.png,unassigned,42
70079649bb5e67374a9504c7666249903f9ccd2b8088b8c6768dcbcda5553c6e,ComplexDataLab/OpenFake,openfake_pilot_600,real,images/real/70079649bb5e67374a9504c7666249903f9ccd2b8088b8c6768dcbcda5553c6e.jpg,unassigned,42
70210097a9375d45c49262416ca86f599677b5ff7d1ee47a9acb85d9d552f9e5,ComplexDataLab/OpenFake,openfake_additional_900,real,images/real/70210097a9375d45c49262416ca86f599677b5ff7d1ee47a9acb85d9d552f9e5.jpg,unassigned,42
702a4890b4c6269bc5ac82e4ce37f73e2ca03adf9c9ab23b73a73fce3db09c65,saberzl/SID_Set,sid_set_candidate_1500,real,images/real/702a4890b4c6269bc5ac82e4ce37f73e2ca03adf9c9ab23b73a73fce3db09c65.jpg,unassigned,42
704c761b4ff6595e24387a4a06ed42512208793e84682efe20cf955a4aa12e37,ComplexDataLab/OpenFake,openfake_additional_900,fake,images/fake/704c761b4ff6595e24387a4a06ed42512208793e84682efe20cf955a4aa12e37.png,unassigned,42
705d9ea6b21a5061464aca3d81d2c3bca975ceaa042565eba5bd86c5ea1aafbc,ComplexDataLab/OpenFake,openfake_pilot_600,real,images/real/705d9ea6b21a5061464aca3d81d2c3bca975ceaa042565eba5bd86c5ea1aafbc.jpg,unassigned,42
70a64e55cdc0c88d17d39d05263a38188dc0c601db04346c480f9f1c40d9406d,ComplexDataLab/OpenFake,openfake_additional_900,fake,images/fake/70a64e55cdc0c88d17d39d05263a38188dc0c601db04346c480f9f1c40d9406d.png,unassigned,42
70ac850399a2df17397e20c572beb7f260679ead16a799c735e45129b1ae083a,saberzl/SID_Set,sid_set_candidate_1500,real,images/real/70ac850399a2df17397e20c572beb7f260679ead16a799c735e45129b1ae083a.jpg,unassigned,42
70b7f8eaffc28921e961fcd17c4950ce4b44910393e26d68b4ebaa16d3dae069,ComplexDataLab/OpenFake,openfake_pilot_600,fake,images/fake/70b7f8eaffc28921e961fcd17c4950ce4b44910393e26d68b4ebaa16d3dae069.png,unassigned,42
70c4d7e09c93702424470328ad73ab01ff0612e83998c65f91f0493d64244b6f,saberzl/SID_Set,sid_set_candidate_1500,real,images/real/70c4d7e09c93702424470328ad73ab01ff0612e83998c65f91f0493d64244b6f.jpg,unassigned,42
70c8e4f7ea3d7048f2f4aefb0254d160e6b1da3de252c0e058b2467438c6bba9,saberzl/SID_Set,sid_set_candidate_1500,real,images/real/70c8e4f7ea3d7048f2f4aefb0254d160e6b1da3de252c0e058b2467438c6bba9.jpg,unassigned,42
70dca709174c90654c4ce6d832a0a7e5cdd4b98231a37b53614cf9b585102861,saberzl/SID_Set,sid_set_candidate_1500,real,images/real/70dca709174c90654c4ce6d832a0a7e5cdd4b98231a37b53614cf9b585102861.jpg,unassigned,42
70dee36e3cd7795914a79f14f343f28175e5b56fe46ccf74df290346a5ea1ce4,ComplexDataLab/OpenFake,openfake_pilot_600,real,images/real/70dee36e3cd7795914a79f14f343f28175e5b56fe46ccf74df290346a5ea1ce4.jpg,gold_development,42
7141da06945d58660ab8e5bae63a5dc98127f05aa881f070171dd34bd132d834,ComplexDataLab/OpenFake,openfake_pilot_600,fake,images/fake/7141da06945d58660ab8e5bae63a5dc98127f05aa881f070171dd34bd132d834.jpg,unassigned,42
7144d5e3186fd9f708242c10455ec0f93e81998ebb924060557ba43d5d7c9b74,saberzl/SID_Set,sid_set_candidate_1500,fake,images/fake/7144d5e3186fd9f708242c10455ec0f93e81998ebb924060557ba43d5d7c9b74.png,unassigned,42
71455c055e395f9a915cc06f11f4a0b10ab8ff8771cef47e298d06bf8cafd1a5,saberzl/SID_Set,sid_set_candidate_1500,fake,images/fake/71455c055e395f9a915cc06f11f4a0b10ab8ff8771cef47e298d06bf8cafd1a5.png,unassigned,42
7155486bc956d86ec08291b1d5fd412b37bdc9bb7812eeb04e7f040383f855e9,ComplexDataLab/OpenFake,openfake_additional_900,fake,images/fake/7155486bc956d86ec08291b1d5fd412b37bdc9bb7812eeb04e7f040383f855e9.png,unassigned,42
715d25d6bd8e98447fb6e93d579ba673ffee537e860084d34b4dfdd2f8ddbded,saberzl/SID_Set,sid_set_candidate_1500,fake,images/fake/715d25d6bd8e98447fb6e93d579ba673ffee537e860084d34b4dfdd2f8ddbded.png,unassigned,42
718425999d0d9a1a5e6fd574d86d604b9241143c81303c4d5efd3966e50f8833,saberzl/SID_Set,sid_set_candidate_1500,real,images/real/718425999d0d9a1a5e6fd574d86d604b9241143c81303c4d5efd3966e50f8833.jpg,unassigned,42
71a1d5308b5f77a3fa38e7399411f7a1d26939a2066888c3e85ce5bd90610f94,ComplexDataLab/OpenFake,openfake_pilot_600,real,images/real/71a1d5308b5f77a3fa38e7399411f7a1d26939a2066888c3e85ce5bd90610f94.jpg,gold_test,42
71a413aa7a68d61919180d9eb48cc45565ff2e5eda39f9d0b286fdc48e37dd3f,ComplexDataLab/OpenFake,openfake_additional_900,real,images/real/71a413aa7a68d61919180d9eb48cc45565ff2e5eda39f9d0b286fdc48e37dd3f.jpg,unassigned,42
71b3e0fb2143150992de2e41112f6e2e28ec28a1f60c5492bddc3fa36004088c,ComplexDataLab/OpenFake,openfake_additional_900,real,images/real/71b3e0fb2143150992de2e41112f6e2e28ec28a1f60c5492bddc3fa36004088c.jpg,unassigned,42
71bc95f877b9586d8d8d92c9f7db77424b595c4c5110d4a53ad0fb8cda601144,ComplexDataLab/OpenFake,openfake_additional_900,fake,images/fake/71bc95f877b9586d8d8d92c9f7db77424b595c4c5110d4a53ad0fb8cda601144.jpg,unassigned,42
7206bff6d13bd68031218da561c6d54fc49b5afea8dde33b72621a7e1271b618,saberzl/SID_Set,sid_set_candidate_1500,real,images/real/7206bff6d13bd68031218da561c6d54fc49b5afea8dde33b72621a7e1271b618.jpg,unassigned,42
725d45040546098cb0c130fe43a9411979efad6dcb8b864732761f97e4dd40e3,ComplexDataLab/OpenFake,openfake_additional_900,real,images/real/725d45040546098cb0c130fe43a9411979efad6dcb8b864732761f97e4dd40e3.jpg,gold_test,42
725ffd38b9191d1d92f27bf9d99963531af43ae978d477947a9a93c018c5a4c9,ComplexDataLab/OpenFake,openfake_additional_900,real,images/real/725ffd38b9191d1d92f27bf9d99963531af43ae978d477947a9a93c018c5a4c9.jpg,unassigned,42
72730d105c3c7013c8f2f058afe5f6883aa8b61c5d654f5616688c77a56c5514,ComplexDataLab/OpenFake,openfake_pilot_600,fake,images/fake/72730d105c3c7013c8f2f058afe5f6883aa8b61c5d654f5616688c77a56c5514.png,unassigned,42
727dd53588295e102f4b493b9381fb05268c52ac225be618d46f2c18a6c47980,saberzl/SID_Set,sid_set_candidate_1500,fake,images/fake/727dd53588295e102f4b493b9381fb05268c52ac225be618d46f2c18a6c47980.png,unassigned,42
72a8e3c675623c1587f80372aa19d9c043848b602044d984faacf469da344d0f,saberzl/SID_Set,sid_set_candidate_1500,fake,images/fake/72a8e3c675623c1587f80372aa19d9c043848b602044d984faacf469da344d0f.png,unassigned,42
72dcf37742f15e59380689af91c0dc2b04db0cd3c4d7d548eb743a5ee03a4916,ComplexDataLab/OpenFake,openfake_additional_900,real,images/real/72dcf37742f15e59380689af91c0dc2b04db0cd3c4d7d548eb743a5ee03a4916.jpg,unassigned,42
72e5bdcd0e437f4f32fc5f7ec74e012281fbab9b80202198e938908ce9acbb36,saberzl/SID_Set,sid_set_candidate_1500,real,images/real/72e5bdcd0e437f4f32fc5f7ec74e012281fbab9b80202198e938908ce9acbb36.jpg,unassigned,42
7308ea67065725303bd75c72fdf9b022dc3b9a63d60f6eac557f171983fcfdeb,ComplexDataLab/OpenFake,openfake_pilot_600,real,images/real/7308ea67065725303bd75c72fdf9b022dc3b9a63d60f6eac557f171983fcfdeb.jpg,gold_development,42
7311cb770224aa8b75a8d9adfb094213c88c026cbc9b27856f9d162ec5150cec,ComplexDataLab/OpenFake,openfake_additional_900,real,images/real/7311cb770224aa8b75a8d9adfb094213c88c026cbc9b27856f9d162ec5150cec.jpg,unassigned,42
732a9f7422f09fe4103246c4f4ddceb70ed2c1dd835b3e78a844e7c511327b75,ComplexDataLab/OpenFake,openfake_additional_900,fake,images/fake/732a9f7422f09fe4103246c4f4ddceb70ed2c1dd835b3e78a844e7c511327b75.png,unassigned,42
733ee6ab3dff70235856bb9eaa614767f66a0b695634488a3c89cb3b19286cc0,ComplexDataLab/OpenFake,openfake_pilot_600,fake,images/fake/733ee6ab3dff70235856bb9eaa614767f66a0b695634488a3c89cb3b19286cc0.jpg,unassigned,42
73627aa8f931e00a4934ade6dd22e8c37b477febfe14302eff30a92899bf9654,ComplexDataLab/OpenFake,openfake_additional_900,fake,images/fake/73627aa8f931e00a4934ade6dd22e8c37b477febfe14302eff30a92899bf9654.webp,unassigned,42
736a5a2bfa29ad16a361af483deeadc73b9a714af7a411ed90fc331826aae432,ComplexDataLab/OpenFake,openfake_additional_900,fake,images/fake/736a5a2bfa29ad16a361af483deeadc73b9a714af7a411ed90fc331826aae432.png,unassigned,42
7373a545a7d4299bbaba9a8bfb71f8ec36c0ea58cde0b16b55bc12da62c15122,ComplexDataLab/OpenFake,openfake_additional_900,fake,images/fake/7373a545a7d4299bbaba9a8bfb71f8ec36c0ea58cde0b16b55bc12da62c15122.png,unassigned,42
738652d0d05b975d9ea9b268144514a1378626df6afa982ddace2885d9abc496,saberzl/SID_Set,sid_set_candidate_1500,fake,images/fake/738652d0d05b975d9ea9b268144514a1378626df6afa982ddace2885d9abc496.png,unassigned,42
73a204e8592e8de513bcb6383fd11e0991a6b87ece8735b00e867d89e5aa8456,saberzl/SID_Set,sid_set_candidate_1500,real,images/real/73a204e8592e8de513bcb6383fd11e0991a6b87ece8735b00e867d89e5aa8456.jpg,unassigned,42
73ace201487ffe965dbb064b575a6d8064280b48a9e98d7e1a7534ee7944f10d,saberzl/SID_Set,sid_set_candidate_1500,real,images/real/73ace201487ffe965dbb064b575a6d8064280b48a9e98d7e1a7534ee7944f10d.jpg,unassigned,42
73f01f5a02da5c17587120f293537d7360da207f3e7e717184b4bddeb4a9eca7,ComplexDataLab/OpenFake,openfake_additional_900,fake,images/fake/73f01f5a02da5c17587120f293537d7360da207f3e7e717184b4bddeb4a9eca7.png,unassigned,42
73fe48cc20b16b518e7d8fc9d3537981f5dddd79da4248f075e00144ea638d06,saberzl/SID_Set,sid_set_candidate_1500,real,images/real/73fe48cc20b16b518e7d8fc9d3537981f5dddd79da4248f075e00144ea638d06.jpg,unassigned,42
74125b0e5af4ec68a88f987573f0fdfa2d067556c010d33d3601cb79247327d0,ComplexDataLab/OpenFake,openfake_additional_900,fake,images/fake/74125b0e5af4ec68a88f987573f0fdfa2d067556c010d33d3601cb79247327d0.png,unassigned,42
74198b8fa4109520ef64b8a68f3c5685ac29685c59e16541b7dd18acacc53b9e,saberzl/SID_Set,sid_set_candidate_1500,real,images/real/74198b8fa4109520ef64b8a68f3c5685ac29685c59e16541b7dd18acacc53b9e.jpg,unassigned,42
742d0d08ca7253bd39793f915d738e80b6af835f8228f2b7b58e007ccfc6ea39,saberzl/SID_Set,sid_set_candidate_1500,fake,images/fake/742d0d08ca7253bd39793f915d738e80b6af835f8228f2b7b58e007ccfc6ea39.png,unassigned,42
74339d444392b3c1245f996a14d340b4b4afcdd6e1a751759ec6e61fd16e4f44,ComplexDataLab/OpenFake,openfake_additional_900,fake,images/fake/74339d444392b3c1245f996a14d340b4b4afcdd6e1a751759ec6e61fd16e4f44.png,unassigned,42
74b8a598ad6d727a5a89894bc04b4042a5d86e4fa82a78b2647fc23b26081475,saberzl/SID_Set,sid_set_candidate_1500,real,images/real/74b8a598ad6d727a5a89894bc04b4042a5d86e4fa82a78b2647fc23b26081475.jpg,unassigned,42
74c1953e708c974092f9498bd6ca2d12862b26c48139f4724d5f26d95668ce60,saberzl/SID_Set,sid_set_candidate_1500,fake,images/fake/74c1953e708c974092f9498bd6ca2d12862b26c48139f4724d5f26d95668ce60.png,unassigned,42
74cdc10cac55834f7a069a7b4d5403e51dd14167abd0a2d574acaef2af711115,saberzl/SID_Set,sid_set_candidate_1500,fake,images/fake/74cdc10cac55834f7a069a7b4d5403e51dd14167abd0a2d574acaef2af711115.png,unassigned,42
74eea140d46b745f321641b6e37b55aa97e8c6b54b02440d7585c539f0a2c0dc,ComplexDataLab/OpenFake,openfake_pilot_600,real,images/real/74eea140d46b745f321641b6e37b55aa97e8c6b54b02440d7585c539f0a2c0dc.jpg,unassigned,42
750b1786b6d55bdb8600aff43d0e793bf73a833005b8313b7ab446d11907d797,ComplexDataLab/OpenFake,openfake_pilot_600,fake,images/fake/750b1786b6d55bdb8600aff43d0e793bf73a833005b8313b7ab446d11907d797.png,unassigned,42
750da4c4929cf25c6150baaed9856cd871a3ada180c5f8148677037b61c9e32a,ComplexDataLab/OpenFake,openfake_pilot_600,real,images/real/750da4c4929cf25c6150baaed9856cd871a3ada180c5f8148677037b61c9e32a.jpg,unassigned,42
7515b6800b681eb21faccb88df3708211e39aa9668eb5cd3bc62cbad8064f1ac,saberzl/SID_Set,sid_set_candidate_1500,real,images/real/7515b6800b681eb21faccb88df3708211e39aa9668eb5cd3bc62cbad8064f1ac.jpg,unassigned,42
752314720c1eed19fd95ce1e0b4a6232295985587782ecd2ba1bff58326b2f3b,ComplexDataLab/OpenFake,openfake_additional_900,fake,images/fake/752314720c1eed19fd95ce1e0b4a6232295985587782ecd2ba1bff58326b2f3b.png,unassigned,42
7526b7cc75a534b8fd7eaef239d2b051892b9d90738b45eb7f4fe7e8513d27a9,ComplexDataLab/OpenFake,openfake_additional_900,fake,images/fake/7526b7cc75a534b8fd7eaef239d2b051892b9d90738b45eb7f4fe7e8513d27a9.png,unassigned,42
7529ebe99e8724293170a85bbf2c805d8a5b3421be0818e5f79a16d0d7bef0c9,ComplexDataLab/OpenFake,openfake_additional_900,fake,images/fake/7529ebe99e8724293170a85bbf2c805d8a5b3421be0818e5f79a16d0d7bef0c9.png,unassigned,42
754ec0479e61d701421b63a5d9beeba1f574c8b750d29f6c036672e406afbd50,ComplexDataLab/OpenFake,openfake_additional_900,real,images/real/754ec0479e61d701421b63a5d9beeba1f574c8b750d29f6c036672e406afbd50.jpg,unassigned,42
755da03f844bcfc466e159fafbb9fc301cf1951ab6799f4267c98528adf96e58,ComplexDataLab/OpenFake,openfake_additional_900,fake,images/fake/755da03f844bcfc466e159fafbb9fc301cf1951ab6799f4267c98528adf96e58.png,unassigned,42
7599d0f0117a5a947de5d92d6c81a53938547a978ccd10db8330ed13cbbd72c6,ComplexDataLab/OpenFake,openfake_additional_900,real,images/real/7599d0f0117a5a947de5d92d6c81a53938547a978ccd10db8330ed13cbbd72c6.jpg,unassigned,42
75aafe072ef9cb3cf54dc5d16d5c156b6a58895316972f4df8418ecf1eade992,ComplexDataLab/OpenFake,openfake_additional_900,fake,images/fake/75aafe072ef9cb3cf54dc5d16d5c156b6a58895316972f4df8418ecf1eade992.png,unassigned,42
75c97689c4126590e2eabb5af3201262e9db4bcfa2512c07017f7abed13d25e6,saberzl/SID_Set,sid_set_candidate_1500,real,images/real/75c97689c4126590e2eabb5af3201262e9db4bcfa2512c07017f7abed13d25e6.jpg,unassigned,42
75e47b4cd903f2d21bc96f1252b319dbc004b8351fa9a12232c5b8661e922e4d,ComplexDataLab/OpenFake,openfake_additional_900,real,images/real/75e47b4cd903f2d21bc96f1252b319dbc004b8351fa9a12232c5b8661e922e4d.jpg,unassigned,42
75f2e76e96ed27918f7ff5c684eab249a518a3c318719f2e87846f50f67efc1b,ComplexDataLab/OpenFake,openfake_additional_900,fake,images/fake/75f2e76e96ed27918f7ff5c684eab249a518a3c318719f2e87846f50f67efc1b.png,unassigned,42
75feee742e9b8e0bcb6f06ec52bdbf72fab911c82c183c752b0eb7800794f318,saberzl/SID_Set,sid_set_candidate_1500,fake,images/fake/75feee742e9b8e0bcb6f06ec52bdbf72fab911c82c183c752b0eb7800794f318.png,unassigned,42
764cf27cf7e0364dea1f13bc9a0118631c626d3e89f231089feb64499c935d70,ComplexDataLab/OpenFake,openfake_pilot_600,fake,images/fake/764cf27cf7e0364dea1f13bc9a0118631c626d3e89f231089feb64499c935d70.png,unassigned,42
7652f7d972c008a40b88c9a67fdd5bd0395863aa9bff14d81717a5a156b2f87a,saberzl/SID_Set,sid_set_candidate_1500,real,images/real/7652f7d972c008a40b88c9a67fdd5bd0395863aa9bff14d81717a5a156b2f87a.jpg,unassigned,42
7677c2739a85bba3ab01202196061fa2c0cf2ab6b98ec6e297ee0e9cd1ca3f32,saberzl/SID_Set,sid_set_candidate_1500,real,images/real/7677c2739a85bba3ab01202196061fa2c0cf2ab6b98ec6e297ee0e9cd1ca3f32.jpg,gold_test,42
767fbae07f5b472811c513c212c8bc8e1b1346e7be6e70cdd8a7d1f28caf2a57,saberzl/SID_Set,sid_set_candidate_1500,real,images/real/767fbae07f5b472811c513c212c8bc8e1b1346e7be6e70cdd8a7d1f28caf2a57.jpg,unassigned,42
7693687a47bfd68f70514b08323af2dc3a1922d753f5855e96092b9bf983e500,saberzl/SID_Set,sid_set_candidate_1500,real,images/real/7693687a47bfd68f70514b08323af2dc3a1922d753f5855e96092b9bf983e500.jpg,unassigned,42
76aa711b25a405880bfd483ffc6cb764d9bab78b55fac2400e42d153d87179dd,ComplexDataLab/OpenFake,openfake_pilot_600,real,images/real/76aa711b25a405880bfd483ffc6cb764d9bab78b55fac2400e42d153d87179dd.jpg,unassigned,42
76c0b98017d4b95168d43bf25b750911a71fe057aa89ef8cc92744065aaee63e,ComplexDataLab/OpenFake,openfake_additional_900,real,images/real/76c0b98017d4b95168d43bf25b750911a71fe057aa89ef8cc92744065aaee63e.jpg,unassigned,42
77177c991b13748ef87eafd59f19805f8f98d09145505b3619f561d84d0260d2,ComplexDataLab/OpenFake,openfake_additional_900,fake,images/fake/77177c991b13748ef87eafd59f19805f8f98d09145505b3619f561d84d0260d2.jpg,gold_test,42
771ff579728a7325e192f87ca59b18a72f89a938648015fbc10497a96c8798da,ComplexDataLab/OpenFake,openfake_additional_900,real,images/real/771ff579728a7325e192f87ca59b18a72f89a938648015fbc10497a96c8798da.jpg,unassigned,42
77289796f4c98eb0448211aef42d9269c5c404ae6cb4cba245e9011c80e9aba8,saberzl/SID_Set,sid_set_candidate_1500,real,images/real/77289796f4c98eb0448211aef42d9269c5c404ae6cb4cba245e9011c80e9aba8.jpg,unassigned,42
772b799e437a64bd783ceac68f40591fcbbc33c15a1cdf95bac75c600c463345,ComplexDataLab/OpenFake,openfake_pilot_600,real,images/real/772b799e437a64bd783ceac68f40591fcbbc33c15a1cdf95bac75c600c463345.jpg,gold_development,42
7733241418bbda447c258037ed5182ec9ad4cd43855edfbe379ba14f6851dbed,ComplexDataLab/OpenFake,openfake_additional_900,real,images/real/7733241418bbda447c258037ed5182ec9ad4cd43855edfbe379ba14f6851dbed.jpg,unassigned,42
7735880ee022eed0d45301631f2d5f39dea00d6b517f27424119c7c7e5c0a696,saberzl/SID_Set,sid_set_candidate_1500,real,images/real/7735880ee022eed0d45301631f2d5f39dea00d6b517f27424119c7c7e5c0a696.jpg,unassigned,42
7736baef42d9dcdd78f18a7e8d48907fb78153650fcea5aa1e61e9520e3de3e5,saberzl/SID_Set,sid_set_candidate_1500,real,images/real/7736baef42d9dcdd78f18a7e8d48907fb78153650fcea5aa1e61e9520e3de3e5.jpg,unassigned,42
7745ce3263d1c611692552f719756afe6dfdeab87903c80a8dfdd124e400fd4b,ComplexDataLab/OpenFake,openfake_additional_900,fake,images/fake/7745ce3263d1c611692552f719756afe6dfdeab87903c80a8dfdd124e400fd4b.png,gold_test,42
77530bd59d9384426ee450a9d54aaf63794d3f17a6ed3f39b6aedf71f1469373,ComplexDataLab/OpenFake,openfake_additional_900,real,images/real/77530bd59d9384426ee450a9d54aaf63794d3f17a6ed3f39b6aedf71f1469373.jpg,unassigned,42
775391a468799350ecdeb4a0e60af47ec93609b2f3bd12e8081249e4e23cce15,ComplexDataLab/OpenFake,openfake_additional_900,fake,images/fake/775391a468799350ecdeb4a0e60af47ec93609b2f3bd12e8081249e4e23cce15.png,unassigned,42
775d1a149b575d0c52430f930f013e5b131531ee313c8f35e6646bb5ac872f3c,ComplexDataLab/OpenFake,openfake_additional_900,real,images/real/775d1a149b575d0c52430f930f013e5b131531ee313c8f35e6646bb5ac872f3c.jpg,unassigned,42
77634dd74b9242a22810fbeedb46f528ccbdfc345bd66d8cfeb7e7103eca3c04,ComplexDataLab/OpenFake,openfake_pilot_600,fake,images/fake/77634dd74b9242a22810fbeedb46f528ccbdfc345bd66d8cfeb7e7103eca3c04.png,unassigned,42
777e4808d48b18afd0a7fa9b337084ff5d830bcc062e5faf0e38f4604278219b,saberzl/SID_Set,sid_set_candidate_1500,fake,images/fake/777e4808d48b18afd0a7fa9b337084ff5d830bcc062e5faf0e38f4604278219b.png,unassigned,42
778556f6f02b5594634a7674a0307e078e22f808327fa031a033fac33f3b0fc6,saberzl/SID_Set,sid_set_candidate_1500,real,images/real/778556f6f02b5594634a7674a0307e078e22f808327fa031a033fac33f3b0fc6.jpg,unassigned,42
779a5d7156c1e3876e6e68fa5b19035b333609c9209c6313d04382421807926b,ComplexDataLab/OpenFake,openfake_pilot_600,real,images/real/779a5d7156c1e3876e6e68fa5b19035b333609c9209c6313d04382421807926b.jpg,unassigned,42
77af1aec3ee0f841c61b080be270d518a68fb78a1dd14cd2d32bae7962484cb8,ComplexDataLab/OpenFake,openfake_pilot_600,fake,images/fake/77af1aec3ee0f841c61b080be270d518a68fb78a1dd14cd2d32bae7962484cb8.png,unassigned,42
77b0ad3bdba2a8bbbfb052498b360f5616fc238f7869a33593d7ae1a7fde3376,saberzl/SID_Set,sid_set_candidate_1500,real,images/real/77b0ad3bdba2a8bbbfb052498b360f5616fc238f7869a33593d7ae1a7fde3376.jpg,unassigned,42
77c37d0d40b56b32a3bc8cdb92c99f7fc4a6ef29b81f8dcdb45560d65739d52b,saberzl/SID_Set,sid_set_candidate_1500,real,images/real/77c37d0d40b56b32a3bc8cdb92c99f7fc4a6ef29b81f8dcdb45560d65739d52b.jpg,unassigned,42
77c43e2fd3dd2c908bf67f49890590f6834c127454322aaf3770008eed3b10fb,saberzl/SID_Set,sid_set_candidate_1500,real,images/real/77c43e2fd3dd2c908bf67f49890590f6834c127454322aaf3770008eed3b10fb.jpg,unassigned,42
77dfa0d7abc2e44d1956ad4e2d782d9d4fbec12d69a640ca6d501b39a1a5ff60,saberzl/SID_Set,sid_set_candidate_1500,real,images/real/77dfa0d7abc2e44d1956ad4e2d782d9d4fbec12d69a640ca6d501b39a1a5ff60.jpg,unassigned,42
77e7efed817f521642a7b2856c4714fa37a4da37094f6a530a007bf1bb167fa8,ComplexDataLab/OpenFake,openfake_additional_900,real,images/real/77e7efed817f521642a7b2856c4714fa37a4da37094f6a530a007bf1bb167fa8.jpg,gold_test,42
780f8068aa47fdd74244e4dde6bd40d42d7ba8e88c10a2c6e31eeb1d238cb1fc,ComplexDataLab/OpenFake,openfake_additional_900,real,images/real/780f8068aa47fdd74244e4dde6bd40d42d7ba8e88c10a2c6e31eeb1d238cb1fc.jpg,unassigned,42
78255a63ffa6df6f53b149b2ad2630c331cd9becd311372ffaa26086d5cc3cb1,ComplexDataLab/OpenFake,openfake_pilot_600,real,images/real/78255a63ffa6df6f53b149b2ad2630c331cd9becd311372ffaa26086d5cc3cb1.jpg,unassigned,42
7826ffe3562bfec183b0e1b4a2af4c76f8d26273535f4165756fd8dff66fcabe,ComplexDataLab/OpenFake,openfake_additional_900,fake,images/fake/7826ffe3562bfec183b0e1b4a2af4c76f8d26273535f4165756fd8dff66fcabe.png,unassigned,42
783906ac73c518a9bd63ef7926f3511b66060e3c8813112873bbe86055adb218,saberzl/SID_Set,sid_set_candidate_1500,fake,images/fake/783906ac73c518a9bd63ef7926f3511b66060e3c8813112873bbe86055adb218.png,unassigned,42
786cc0dcb914c4996ec3fd00ef2531e0ed7cc25f5bba976d3e985a237741c18b,ComplexDataLab/OpenFake,openfake_pilot_600,real,images/real/786cc0dcb914c4996ec3fd00ef2531e0ed7cc25f5bba976d3e985a237741c18b.jpg,gold_development,42
7870a49e2d9a6d30946984447b8358b87db072268ae95fea528d2c8403139c8a,ComplexDataLab/OpenFake,openfake_pilot_600,real,images/real/7870a49e2d9a6d30946984447b8358b87db072268ae95fea528d2c8403139c8a.jpg,unassigned,42
78967e6c59f2c35741dd05f349ee710450788e992ff9a89f66b61ce67368f29e,saberzl/SID_Set,sid_set_candidate_1500,real,images/real/78967e6c59f2c35741dd05f349ee710450788e992ff9a89f66b61ce67368f29e.jpg,unassigned,42
78a2deef48bb0d458b7ab27ef4a4e10ac87efdec6752b4ac709b80a6bb115e88,ComplexDataLab/OpenFake,openfake_pilot_600,fake,images/fake/78a2deef48bb0d458b7ab27ef4a4e10ac87efdec6752b4ac709b80a6bb115e88.jpg,unassigned,42
78a6d28af57d4d2529ab4c9efeee7b0e300741edaef87ba1f445c3fd7ef214fe,saberzl/SID_Set,sid_set_candidate_1500,fake,images/fake/78a6d28af57d4d2529ab4c9efeee7b0e300741edaef87ba1f445c3fd7ef214fe.png,unassigned,42
78b3daf075af0c606ea9808912abcb54558b427ebc212d72efc7c62b69b6936f,ComplexDataLab/OpenFake,openfake_additional_900,real,images/real/78b3daf075af0c606ea9808912abcb54558b427ebc212d72efc7c62b69b6936f.jpg,unassigned,42
78ba61b6ecab1a19bb167ef8dc2669ff28030b6363078688e15d948649a64bdb,saberzl/SID_Set,sid_set_candidate_1500,fake,images/fake/78ba61b6ecab1a19bb167ef8dc2669ff28030b6363078688e15d948649a64bdb.png,unassigned,42
78c9f37a9432bf04aae6b181735b22ce30c105bcf6c516363135cb582a81a9c6,ComplexDataLab/OpenFake,openfake_additional_900,fake,images/fake/78c9f37a9432bf04aae6b181735b22ce30c105bcf6c516363135cb582a81a9c6.jpg,unassigned,42
78e9d6ecdf4644797826f768cd028d10cbb8550fd666494491fcbdd9403c1393,saberzl/SID_Set,sid_set_candidate_1500,real,images/real/78e9d6ecdf4644797826f768cd028d10cbb8550fd666494491fcbdd9403c1393.jpg,unassigned,42
79062dc43b02c76d3e84138de0f958a1f915ae803ec6bc6c535c6cf9b5ede12f,saberzl/SID_Set,sid_set_candidate_1500,real,images/real/79062dc43b02c76d3e84138de0f958a1f915ae803ec6bc6c535c6cf9b5ede12f.jpg,unassigned,42
79a2ca2c7c5516febe7bd8c812b2ef770d9de3857b4d2a13979ba4c4c46139f2,saberzl/SID_Set,sid_set_candidate_1500,fake,images/fake/79a2ca2c7c5516febe7bd8c812b2ef770d9de3857b4d2a13979ba4c4c46139f2.png,unassigned,42
79aa2794c596a45a4ed7988cab59d03a66b44dea0129a2e8c45b97f5921be136,ComplexDataLab/OpenFake,openfake_pilot_600,real,images/real/79aa2794c596a45a4ed7988cab59d03a66b44dea0129a2e8c45b97f5921be136.jpg,unassigned,42
79b0c5a05ee04a637dacf4c9e7a10d62bc6b0768615321cf9785e8949c01494a,saberzl/SID_Set,sid_set_candidate_1500,real,images/real/79b0c5a05ee04a637dacf4c9e7a10d62bc6b0768615321cf9785e8949c01494a.jpg,unassigned,42
79c105dbb0b0854ef28d5f365865a71c17b8bc99cf7535088800a1497d7a42b6,ComplexDataLab/OpenFake,openfake_pilot_600,real,images/real/79c105dbb0b0854ef28d5f365865a71c17b8bc99cf7535088800a1497d7a42b6.jpg,unassigned,42
79d57f0594272c20faf2e9486549ceda03ad3ad2d2c346c5530ce3a8ca458aab,ComplexDataLab/OpenFake,openfake_additional_900,fake,images/fake/79d57f0594272c20faf2e9486549ceda03ad3ad2d2c346c5530ce3a8ca458aab.jpg,unassigned,42
79e11c3a819e44e635f098aef03a7007e0ce6d9b1617c2403c760de65dc3299b,ComplexDataLab/OpenFake,openfake_pilot_600,fake,images/fake/79e11c3a819e44e635f098aef03a7007e0ce6d9b1617c2403c760de65dc3299b.png,gold_development,42
79ff2e63097180307311753145d4bfd63fbaa11c2e3939c861e5d57600902475,ComplexDataLab/OpenFake,openfake_additional_900,fake,images/fake/79ff2e63097180307311753145d4bfd63fbaa11c2e3939c861e5d57600902475.png,unassigned,42
7a1333dda46b7db2b2a86021863eb54aa43cdff46f7ea285be8c64f4593879c6,ComplexDataLab/OpenFake,openfake_additional_900,fake,images/fake/7a1333dda46b7db2b2a86021863eb54aa43cdff46f7ea285be8c64f4593879c6.jpg,gold_test,42
7a23cc6241603203e26651f582ef143e66c9f34949d44c2ff3b7ef2c3de7ade2,ComplexDataLab/OpenFake,openfake_pilot_600,real,images/real/7a23cc6241603203e26651f582ef143e66c9f34949d44c2ff3b7ef2c3de7ade2.jpg,unassigned,42
7a3a1da3f38244b16d43f10d51b5c269270af028cf1ed4d3bcba3c8c4bdf4f68,saberzl/SID_Set,sid_set_candidate_1500,fake,images/fake/7a3a1da3f38244b16d43f10d51b5c269270af028cf1ed4d3bcba3c8c4bdf4f68.png,unassigned,42
7a507b97c1247b2f7c0fa25ce85a611d58526c8fbd1b65c91183f231e3578b96,saberzl/SID_Set,sid_set_candidate_1500,real,images/real/7a507b97c1247b2f7c0fa25ce85a611d58526c8fbd1b65c91183f231e3578b96.jpg,unassigned,42
7a5a420db1c0016b05f9c41ff0d1a4008316c110d05778d70a218ce48086c0cb,saberzl/SID_Set,sid_set_candidate_1500,fake,images/fake/7a5a420db1c0016b05f9c41ff0d1a4008316c110d05778d70a218ce48086c0cb.png,unassigned,42
7a802308ef82d19f411ef43caf2f8f3164b6120b9e9c249235f812e8c5ae0cd8,saberzl/SID_Set,sid_set_candidate_1500,fake,images/fake/7a802308ef82d19f411ef43caf2f8f3164b6120b9e9c249235f812e8c5ae0cd8.png,unassigned,42
7a834e6ae1072b1f410cd47dd08d4294a8754b898b6478cb5c905bfdea5c2059,saberzl/SID_Set,sid_set_candidate_1500,fake,images/fake/7a834e6ae1072b1f410cd47dd08d4294a8754b898b6478cb5c905bfdea5c2059.png,unassigned,42
7aa24c7e73f7ab6d011e3c03350f075f6d71813cf0b32a73a1734906f19e0671,saberzl/SID_Set,sid_set_candidate_1500,fake,images/fake/7aa24c7e73f7ab6d011e3c03350f075f6d71813cf0b32a73a1734906f19e0671.png,unassigned,42
7acbdd73d03a7f2edbd3ede8be63c886f542a5593cf340a46ba9b27dce7bd9c2,saberzl/SID_Set,sid_set_candidate_1500,real,images/real/7acbdd73d03a7f2edbd3ede8be63c886f542a5593cf340a46ba9b27dce7bd9c2.jpg,unassigned,42
7b09ddf679d80491837edb0cea5c8d24a3cdce5af3ce4d238468edfbf628bc65,saberzl/SID_Set,sid_set_candidate_1500,fake,images/fake/7b09ddf679d80491837edb0cea5c8d24a3cdce5af3ce4d238468edfbf628bc65.png,unassigned,42
7b2a1ca4a51a0c7fa61962c0d7b39ba61676a7ad961e44142f95938fb68915cc,ComplexDataLab/OpenFake,openfake_additional_900,fake,images/fake/7b2a1ca4a51a0c7fa61962c0d7b39ba61676a7ad961e44142f95938fb68915cc.webp,unassigned,42
7b2e94deb04f83f71f95b75dc6559806e304cd2f1f1131cb5a43471ee50cc89f,ComplexDataLab/OpenFake,openfake_additional_900,fake,images/fake/7b2e94deb04f83f71f95b75dc6559806e304cd2f1f1131cb5a43471ee50cc89f.png,unassigned,42
7b367b9d26641f1af525bb035347e524a96e3aa9cf313d7a418edcde947d5f6a,saberzl/SID_Set,sid_set_candidate_1500,fake,images/fake/7b367b9d26641f1af525bb035347e524a96e3aa9cf313d7a418edcde947d5f6a.png,unassigned,42
7b5e2ccee5129a916f8a7d188e0fe3f459a9f288cc15952f4eb1029b536eded5,saberzl/SID_Set,sid_set_candidate_1500,fake,images/fake/7b5e2ccee5129a916f8a7d188e0fe3f459a9f288cc15952f4eb1029b536eded5.png,unassigned,42
7b63d57f9d84013367d2e71ddc702543b8aec657c93ebecfae6a0bbadc843229,saberzl/SID_Set,sid_set_candidate_1500,fake,images/fake/7b63d57f9d84013367d2e71ddc702543b8aec657c93ebecfae6a0bbadc843229.png,unassigned,42
7b716578066f6aae70850d82a67c81f43ce453a2171069a9f7c54152f1a0c315,saberzl/SID_Set,sid_set_candidate_1500,real,images/real/7b716578066f6aae70850d82a67c81f43ce453a2171069a9f7c54152f1a0c315.jpg,unassigned,42
7b775b5b0165109298c7f70606db55431acc2a12beb18f8f67cd496833dce02b,saberzl/SID_Set,sid_set_candidate_1500,fake,images/fake/7b775b5b0165109298c7f70606db55431acc2a12beb18f8f67cd496833dce02b.png,unassigned,42
7b9780fbc4e2f721837586a2f908b063c93c1b5883b3ab1e5dc0326aaf5262bd,saberzl/SID_Set,sid_set_candidate_1500,real,images/real/7b9780fbc4e2f721837586a2f908b063c93c1b5883b3ab1e5dc0326aaf5262bd.jpg,unassigned,42
7ba89be293e6ebe7fd23565f723160e19063f28ea7d0c42c2718a39f0cf32dae,saberzl/SID_Set,sid_set_candidate_1500,fake,images/fake/7ba89be293e6ebe7fd23565f723160e19063f28ea7d0c42c2718a39f0cf32dae.png,unassigned,42
7bae8debc599b64eed4a22ff8b36685a484af6c2b65da1bdc47de30f376e38a9,ComplexDataLab/OpenFake,openfake_pilot_600,fake,images/fake/7bae8debc599b64eed4a22ff8b36685a484af6c2b65da1bdc47de30f376e38a9.png,unassigned,42
7bb92e9f65b5a6f6b87cfd2411a29652f35c49d245928e5fa3ca22a299a10db0,ComplexDataLab/OpenFake,openfake_pilot_600,fake,images/fake/7bb92e9f65b5a6f6b87cfd2411a29652f35c49d245928e5fa3ca22a299a10db0.png,gold_development,42
7bbfe3787ee35fcbd73d7d595f13c2c88dacf00d5783ec1402b3e5a7744e3e1b,ComplexDataLab/OpenFake,openfake_additional_900,real,images/real/7bbfe3787ee35fcbd73d7d595f13c2c88dacf00d5783ec1402b3e5a7744e3e1b.jpg,unassigned,42
7bc7f1ad8e58f6528d2328dfdef6f9aa2a518feba0b22b329ef7db37af120dca,ComplexDataLab/OpenFake,openfake_pilot_600,real,images/real/7bc7f1ad8e58f6528d2328dfdef6f9aa2a518feba0b22b329ef7db37af120dca.jpg,unassigned,42
7bd10ce59dad8c908448c18374d8e51baa10a3902d81f69331bdcea4c0739685,ComplexDataLab/OpenFake,openfake_additional_900,fake,images/fake/7bd10ce59dad8c908448c18374d8e51baa10a3902d81f69331bdcea4c0739685.png,unassigned,42
7be2d13c96f01448be47a95c2ed2cb7a40a3caa7780965a118c2d452604f6913,saberzl/SID_Set,sid_set_candidate_1500,fake,images/fake/7be2d13c96f01448be47a95c2ed2cb7a40a3caa7780965a118c2d452604f6913.png,unassigned,42
7be44606d8691c77cce1ccd0ec88b73779edc2169115112474b7108183f808f7,ComplexDataLab/OpenFake,openfake_pilot_600,fake,images/fake/7be44606d8691c77cce1ccd0ec88b73779edc2169115112474b7108183f808f7.png,unassigned,42
7bf41e09a14279201d5d815eb16831c7db2b7a1ef307af5b6520089f5f59ba61,saberzl/SID_Set,sid_set_candidate_1500,real,images/real/7bf41e09a14279201d5d815eb16831c7db2b7a1ef307af5b6520089f5f59ba61.jpg,unassigned,42
7bfcd1ecd23cb53efabb081060ff5b367c31fb0cbbd9a9a8dca5c50476a2af62,ComplexDataLab/OpenFake,openfake_additional_900,fake,images/fake/7bfcd1ecd23cb53efabb081060ff5b367c31fb0cbbd9a9a8dca5c50476a2af62.png,unassigned,42
7c1df858d60db21d5a65a704f607cd629326917ddda9f7be3e8e1a1f6ec4f891,ComplexDataLab/OpenFake,openfake_pilot_600,fake,images/fake/7c1df858d60db21d5a65a704f607cd629326917ddda9f7be3e8e1a1f6ec4f891.png,unassigned,42
7c2d679e29d758accffaedc9a632ccb8750a83adbb8a32cb32080ab5e77d833d,ComplexDataLab/OpenFake,openfake_additional_900,real,images/real/7c2d679e29d758accffaedc9a632ccb8750a83adbb8a32cb32080ab5e77d833d.jpg,unassigned,42
7c3d86850bcac1e1240288402f51678ba977b3643f78b20349999e0ee1bf8a71,saberzl/SID_Set,sid_set_candidate_1500,real,images/real/7c3d86850bcac1e1240288402f51678ba977b3643f78b20349999e0ee1bf8a71.jpg,gold_test,42
7c439c8883a6b87d25a46f0f53bd3a11bb0c0c1079d140eed77a59c1dc35007e,ComplexDataLab/OpenFake,openfake_pilot_600,real,images/real/7c439c8883a6b87d25a46f0f53bd3a11bb0c0c1079d140eed77a59c1dc35007e.jpg,unassigned,42
7c44932e5efc93234dce877a94e0bbbb81a53662fa5ffabba5dc5f05fe7cdf51,ComplexDataLab/OpenFake,openfake_additional_900,fake,images/fake/7c44932e5efc93234dce877a94e0bbbb81a53662fa5ffabba5dc5f05fe7cdf51.jpg,unassigned,42
7c4c64e1f04da309aa89e05dff60cf94fd15eb1ae6180a52cb87ad18b9a8e16c,saberzl/SID_Set,sid_set_candidate_1500,fake,images/fake/7c4c64e1f04da309aa89e05dff60cf94fd15eb1ae6180a52cb87ad18b9a8e16c.png,unassigned,42
7c8167afdd57fa6021a7b58d6782acce1bd63b8ddd3bfa218dd81c1b3caf16fc,saberzl/SID_Set,sid_set_candidate_1500,real,images/real/7c8167afdd57fa6021a7b58d6782acce1bd63b8ddd3bfa218dd81c1b3caf16fc.jpg,unassigned,42
7c89da9dd986b0507e0d3f1b0df006d441e2b7bf5870efc44e3f6f61febe5878,ComplexDataLab/OpenFake,openfake_pilot_600,fake,images/fake/7c89da9dd986b0507e0d3f1b0df006d441e2b7bf5870efc44e3f6f61febe5878.png,gold_development,42
7c8b3aa6ed027429c9c2a298eae27be5d5c1ae92ccf1d0cb6956edcb9c62aa82,saberzl/SID_Set,sid_set_candidate_1500,fake,images/fake/7c8b3aa6ed027429c9c2a298eae27be5d5c1ae92ccf1d0cb6956edcb9c62aa82.png,gold_test,42
7cb58bfe005df971be6b62bb2a38761ca607cdb86f9ac6572e3f811fffb07a48,ComplexDataLab/OpenFake,openfake_pilot_600,real,images/real/7cb58bfe005df971be6b62bb2a38761ca607cdb86f9ac6572e3f811fffb07a48.jpg,unassigned,42
7cb9633b03b6e40e6b01c490dcbfa2c66985921c486a5d7b51596634c8f8444d,ComplexDataLab/OpenFake,openfake_pilot_600,fake,images/fake/7cb9633b03b6e40e6b01c490dcbfa2c66985921c486a5d7b51596634c8f8444d.png,gold_development,42
7d1ed5e5d4e3bc1beb8dbb2c8678c8d75fce261223ea4931d209a5c68aa7a99c,ComplexDataLab/OpenFake,openfake_additional_900,real,images/real/7d1ed5e5d4e3bc1beb8dbb2c8678c8d75fce261223ea4931d209a5c68aa7a99c.jpg,unassigned,42
7d256d65c45c1d3de762423dd39a64d88930e3b66c1abe5e80c63295e6b9e939,saberzl/SID_Set,sid_set_candidate_1500,fake,images/fake/7d256d65c45c1d3de762423dd39a64d88930e3b66c1abe5e80c63295e6b9e939.png,unassigned,42
7d295337064c35bd24d6a170c9611a01b3b89e313e98f4147b1d54d866040028,saberzl/SID_Set,sid_set_candidate_1500,fake,images/fake/7d295337064c35bd24d6a170c9611a01b3b89e313e98f4147b1d54d866040028.png,unassigned,42
7d2ec51b5c74451b99a61f8130080e31103ec340bfb5df3dc0ca39ac18c071f5,saberzl/SID_Set,sid_set_candidate_1500,real,images/real/7d2ec51b5c74451b99a61f8130080e31103ec340bfb5df3dc0ca39ac18c071f5.jpg,unassigned,42
7d38082eb1f1f715812b500e5549ee8bcb74c0126cef99f1bf0cb07cb93dbb90,ComplexDataLab/OpenFake,openfake_additional_900,real,images/real/7d38082eb1f1f715812b500e5549ee8bcb74c0126cef99f1bf0cb07cb93dbb90.jpg,unassigned,42
7d43a8556bbe1b7d728cdfb04c0e852bde4a9e858df360c04a40cb8e324efd8b,saberzl/SID_Set,sid_set_candidate_1500,fake,images/fake/7d43a8556bbe1b7d728cdfb04c0e852bde4a9e858df360c04a40cb8e324efd8b.png,unassigned,42
7d539ca34fb07213aec089352969435bcf2c3fde1cefc0e88320935f3522c1de,ComplexDataLab/OpenFake,openfake_pilot_600,real,images/real/7d539ca34fb07213aec089352969435bcf2c3fde1cefc0e88320935f3522c1de.jpg,unassigned,42
7d570f902ff22c79f4ee9633a98558b399eedb32d979239fc3e8baa080aabc90,saberzl/SID_Set,sid_set_candidate_1500,fake,images/fake/7d570f902ff22c79f4ee9633a98558b399eedb32d979239fc3e8baa080aabc90.png,unassigned,42
7d58ceed40854a8e49084cf3315b7c6035f460b8076f04aa63a1b456cef56bae,ComplexDataLab/OpenFake,openfake_pilot_600,real,images/real/7d58ceed40854a8e49084cf3315b7c6035f460b8076f04aa63a1b456cef56bae.jpg,unassigned,42
7d727bdf33b25d2ca149692ca92f29b791c2d1e60beccf52bda18dadac54a441,saberzl/SID_Set,sid_set_candidate_1500,real,images/real/7d727bdf33b25d2ca149692ca92f29b791c2d1e60beccf52bda18dadac54a441.jpg,unassigned,42
7daaf0cfc22ee675ad12a5913f4b534366643844ee8444940a7794b9f9a2d1e2,ComplexDataLab/OpenFake,openfake_pilot_600,fake,images/fake/7daaf0cfc22ee675ad12a5913f4b534366643844ee8444940a7794b9f9a2d1e2.png,unassigned,42
7deb6e0833bf859bddc17b8c5b053dae61cd8cf9fc80ceb5ff94bd35da734c32,ComplexDataLab/OpenFake,openfake_pilot_600,fake,images/fake/7deb6e0833bf859bddc17b8c5b053dae61cd8cf9fc80ceb5ff94bd35da734c32.png,gold_development,42
7def9aa265de43b7b63c5643fabeab28c4505f4e23105f66366e10c80b632b12,saberzl/SID_Set,sid_set_candidate_1500,real,images/real/7def9aa265de43b7b63c5643fabeab28c4505f4e23105f66366e10c80b632b12.jpg,gold_test,42
7e3698847175a94e34fc077a0a4ceb414b995225fc9ad7c391bc4ab432f0a55d,saberzl/SID_Set,sid_set_candidate_1500,real,images/real/7e3698847175a94e34fc077a0a4ceb414b995225fc9ad7c391bc4ab432f0a55d.jpg,unassigned,42
7e42c96d500392c5afbefe5dfbae8313cee5619a920475647f113d881f30e0aa,saberzl/SID_Set,sid_set_candidate_1500,real,images/real/7e42c96d500392c5afbefe5dfbae8313cee5619a920475647f113d881f30e0aa.jpg,unassigned,42
7e43a3d4edbe1e5ea5269eebf2581b833957807458f8af6de36080cb5956cdd3,saberzl/SID_Set,sid_set_candidate_1500,fake,images/fake/7e43a3d4edbe1e5ea5269eebf2581b833957807458f8af6de36080cb5956cdd3.png,unassigned,42
7e4e4e6a270a0745ab1328c23bd4ae8ef23569e769d4939a5e4b8d8f2ff171c8,saberzl/SID_Set,sid_set_candidate_1500,fake,images/fake/7e4e4e6a270a0745ab1328c23bd4ae8ef23569e769d4939a5e4b8d8f2ff171c8.png,unassigned,42
7e75f518f0d74747440a0315768ef16634b8834db82c6c1ed39c3434261a8163,saberzl/SID_Set,sid_set_candidate_1500,real,images/real/7e75f518f0d74747440a0315768ef16634b8834db82c6c1ed39c3434261a8163.jpg,unassigned,42
7e7f52898928373fc00ad18d4586f036bd1cd067760e3acd190cf137609724da,saberzl/SID_Set,sid_set_candidate_1500,fake,images/fake/7e7f52898928373fc00ad18d4586f036bd1cd067760e3acd190cf137609724da.png,unassigned,42
7eaf5416cf05afef42d628f719a7aefd2e04a153c231e06a41d4a01c5d5cefb7,saberzl/SID_Set,sid_set_candidate_1500,fake,images/fake/7eaf5416cf05afef42d628f719a7aefd2e04a153c231e06a41d4a01c5d5cefb7.png,unassigned,42
7ef1445d28dc4eb025a6863094e7e36dbc23a6ca0b3770b9bb861db35b9578e2,saberzl/SID_Set,sid_set_candidate_1500,real,images/real/7ef1445d28dc4eb025a6863094e7e36dbc23a6ca0b3770b9bb861db35b9578e2.jpg,unassigned,42
7efd64a9ba8c43293943cdadae44dccab473b4866655ff8922e75c3fdf58e902,ComplexDataLab/OpenFake,openfake_pilot_600,real,images/real/7efd64a9ba8c43293943cdadae44dccab473b4866655ff8922e75c3fdf58e902.jpg,unassigned,42
7f1ca0e35f77cec495ac2573f3af2eb4760aa8b2eed68611ff2775ff75f3751f,saberzl/SID_Set,sid_set_candidate_1500,fake,images/fake/7f1ca0e35f77cec495ac2573f3af2eb4760aa8b2eed68611ff2775ff75f3751f.png,unassigned,42
7f551c77d784ee7c318cab56b28ef53653398c148af984d5455a66daa988e2f2,saberzl/SID_Set,sid_set_candidate_1500,fake,images/fake/7f551c77d784ee7c318cab56b28ef53653398c148af984d5455a66daa988e2f2.png,unassigned,42
7faafbdcb7449bd7d9d80dd271eff9c1240eea9ea681d092164c5dc5f06f72b7,saberzl/SID_Set,sid_set_candidate_1500,real,images/real/7faafbdcb7449bd7d9d80dd271eff9c1240eea9ea681d092164c5dc5f06f72b7.jpg,unassigned,42
7fcd3a18f8174cad0fbd19a8bfcc58523e46b851ec1c978efb19da8a8d87c9cc,ComplexDataLab/OpenFake,openfake_pilot_600,fake,images/fake/7fcd3a18f8174cad0fbd19a8bfcc58523e46b851ec1c978efb19da8a8d87c9cc.png,unassigned,42
7fd085b1087eee2bcfac268a7cadddcab79c158b02c72c8bc8a5e0ea02ea5fbc,saberzl/SID_Set,sid_set_candidate_1500,fake,images/fake/7fd085b1087eee2bcfac268a7cadddcab79c158b02c72c8bc8a5e0ea02ea5fbc.png,gold_test,42
7fe305a10717fac9b5ee7e835b61c6e9f8c08ea369a79296111b636983ba9790,saberzl/SID_Set,sid_set_candidate_1500,real,images/real/7fe305a10717fac9b5ee7e835b61c6e9f8c08ea369a79296111b636983ba9790.jpg,unassigned,42
7ffc45f3e4a6b2f288141d11373cfd3d278d5ccfb8a833a7c952289182085db4,ComplexDataLab/OpenFake,openfake_pilot_600,real,images/real/7ffc45f3e4a6b2f288141d11373cfd3d278d5ccfb8a833a7c952289182085db4.jpg,gold_development,42
7ffd63056f0e82552fbda165486cdf60a22c8f2cc14a5e094e8c09acb10a5191,ComplexDataLab/OpenFake,openfake_additional_900,real,images/real/7ffd63056f0e82552fbda165486cdf60a22c8f2cc14a5e094e8c09acb10a5191.jpg,unassigned,42
803bf6037d95c4ed63b4427aee2ebf451392513ec874433016ffa385d802c273,ComplexDataLab/OpenFake,openfake_pilot_600,fake,images/fake/803bf6037d95c4ed63b4427aee2ebf451392513ec874433016ffa385d802c273.png,unassigned,42
8045c389f5f33d57d42856e23b03591a84a5dffeac4a9f2017a7f0ef5ad5dc7f,ComplexDataLab/OpenFake,openfake_pilot_600,fake,images/fake/8045c389f5f33d57d42856e23b03591a84a5dffeac4a9f2017a7f0ef5ad5dc7f.jpg,unassigned,42
80aef590889dd05272952938da51f2b0c8e312224071e41df0d56e695bb5f60f,ComplexDataLab/OpenFake,openfake_pilot_600,fake,images/fake/80aef590889dd05272952938da51f2b0c8e312224071e41df0d56e695bb5f60f.png,unassigned,42
80b4988a4f563fe112d643681acee7e975d1f7f510749b7a3880b28c2b7ad1b5,saberzl/SID_Set,sid_set_candidate_1500,fake,images/fake/80b4988a4f563fe112d643681acee7e975d1f7f510749b7a3880b28c2b7ad1b5.png,unassigned,42
80b6f407808ba28b0d8c6e09f3adace9a4408da9535b72e493af26fca6aa4412,saberzl/SID_Set,sid_set_candidate_1500,real,images/real/80b6f407808ba28b0d8c6e09f3adace9a4408da9535b72e493af26fca6aa4412.jpg,unassigned,42
80bc1be5b506e09030db191d6ea8023f16e9d8301cdfa9ddee0514c755cb0d6b,ComplexDataLab/OpenFake,openfake_additional_900,real,images/real/80bc1be5b506e09030db191d6ea8023f16e9d8301cdfa9ddee0514c755cb0d6b.jpg,unassigned,42
80d67512de57c9f6de7c989d8d87002ca9a5aa9dd869967ac394758df5f19226,saberzl/SID_Set,sid_set_candidate_1500,fake,images/fake/80d67512de57c9f6de7c989d8d87002ca9a5aa9dd869967ac394758df5f19226.png,unassigned,42
80d6fce62f398cc4ee6ec0f9941e47cced21ee9fd91feb3d2286ad196fe6e6b5,ComplexDataLab/OpenFake,openfake_pilot_600,real,images/real/80d6fce62f398cc4ee6ec0f9941e47cced21ee9fd91feb3d2286ad196fe6e6b5.jpg,unassigned,42
80f4a91593423faad6728c889e6778787e83a5516b60c52534aa8bd7c297d71f,ComplexDataLab/OpenFake,openfake_additional_900,real,images/real/80f4a91593423faad6728c889e6778787e83a5516b60c52534aa8bd7c297d71f.jpg,unassigned,42
810ef2259ef21a7dc0c23ad566ad9c05b572495e5558275fad403f39a75c1db2,saberzl/SID_Set,sid_set_candidate_1500,real,images/real/810ef2259ef21a7dc0c23ad566ad9c05b572495e5558275fad403f39a75c1db2.jpg,unassigned,42
811ed4c00e228d89dfc81787aeef2f6f565d9b98262daf4034f837a4dbca4eb7,saberzl/SID_Set,sid_set_candidate_1500,fake,images/fake/811ed4c00e228d89dfc81787aeef2f6f565d9b98262daf4034f837a4dbca4eb7.png,unassigned,42
8130a9f2421ca018532ffda2360dac5591df5d040cce709e308b73e7312fcd78,saberzl/SID_Set,sid_set_candidate_1500,real,images/real/8130a9f2421ca018532ffda2360dac5591df5d040cce709e308b73e7312fcd78.jpg,unassigned,42
814c87385bfc1e2acb6d73208f75975b2e8df9f1dac07b9d268380ba8a1d4ace,saberzl/SID_Set,sid_set_candidate_1500,real,images/real/814c87385bfc1e2acb6d73208f75975b2e8df9f1dac07b9d268380ba8a1d4ace.jpg,unassigned,42
816b3cebb6a491059bf8e50ade322f38f743b4773b93b53ee4c004490091cbf8,ComplexDataLab/OpenFake,openfake_additional_900,fake,images/fake/816b3cebb6a491059bf8e50ade322f38f743b4773b93b53ee4c004490091cbf8.png,unassigned,42
818157956bce51fc625e1e2a14a0498ce847c54be5ceaa87a1e5ec25a9302778,ComplexDataLab/OpenFake,openfake_pilot_600,fake,images/fake/818157956bce51fc625e1e2a14a0498ce847c54be5ceaa87a1e5ec25a9302778.png,unassigned,42
81822208c22982c09859d63606aa8d1f6a0d0ade58f58a3b97dbe36a53d54c88,saberzl/SID_Set,sid_set_candidate_1500,real,images/real/81822208c22982c09859d63606aa8d1f6a0d0ade58f58a3b97dbe36a53d54c88.jpg,gold_test,42
819328e74e533b2ff2a064332edece4a25321da413343f1b540dd9861e134547,ComplexDataLab/OpenFake,openfake_additional_900,fake,images/fake/819328e74e533b2ff2a064332edece4a25321da413343f1b540dd9861e134547.png,unassigned,42
8199c70b3cc13ca4d209af3dbf0da1136a5d7de78dce8825244d5ddb9fa1a4e1,ComplexDataLab/OpenFake,openfake_pilot_600,fake,images/fake/8199c70b3cc13ca4d209af3dbf0da1136a5d7de78dce8825244d5ddb9fa1a4e1.jpg,unassigned,42
81ccccfcdaae9e42343367ab91c537c7e9b96e0075869fcdb4d8392d8aee3a64,saberzl/SID_Set,sid_set_candidate_1500,real,images/real/81ccccfcdaae9e42343367ab91c537c7e9b96e0075869fcdb4d8392d8aee3a64.jpg,unassigned,42
81d462e32a82ad4178326f0ef5f3fa8dd2fb94d9b49d31b37b44363582851041,ComplexDataLab/OpenFake,openfake_additional_900,real,images/real/81d462e32a82ad4178326f0ef5f3fa8dd2fb94d9b49d31b37b44363582851041.jpg,unassigned,42
81d76d5a2b632f8117d3bc0f230639c3f15b94aa033b970af50b36bc05313ed7,ComplexDataLab/OpenFake,openfake_additional_900,real,images/real/81d76d5a2b632f8117d3bc0f230639c3f15b94aa033b970af50b36bc05313ed7.jpg,unassigned,42
81dcabd031ac6b0c66347e0534932b6a089d97cf8576017de9f78da5af415a4a,ComplexDataLab/OpenFake,openfake_additional_900,fake,images/fake/81dcabd031ac6b0c66347e0534932b6a089d97cf8576017de9f78da5af415a4a.jpg,unassigned,42
820335e464877f98e27170e165ec5d39796d9d37d3753ddc976489cc0c7c2446,ComplexDataLab/OpenFake,openfake_additional_900,fake,images/fake/820335e464877f98e27170e165ec5d39796d9d37d3753ddc976489cc0c7c2446.png,unassigned,42
8208dccff55599c743f76312b3c50bf824042b7ce64effe6d00ead12c3983c60,ComplexDataLab/OpenFake,openfake_additional_900,fake,images/fake/8208dccff55599c743f76312b3c50bf824042b7ce64effe6d00ead12c3983c60.png,unassigned,42
8211131b32e111268c791220b3df34bf4b8b8d37f8d49adfcd13d6d00b238ba0,ComplexDataLab/OpenFake,openfake_pilot_600,fake,images/fake/8211131b32e111268c791220b3df34bf4b8b8d37f8d49adfcd13d6d00b238ba0.jpg,unassigned,42
8218ccedcb96b84ca2bdbb635dfa9fce7866922d05af7540da94e59dc13a3424,ComplexDataLab/OpenFake,openfake_pilot_600,fake,images/fake/8218ccedcb96b84ca2bdbb635dfa9fce7866922d05af7540da94e59dc13a3424.png,unassigned,42
822fdc738d6cd61073d8071e45aec697a7c8f945089c9235baa11a433dd09efe,saberzl/SID_Set,sid_set_candidate_1500,real,images/real/822fdc738d6cd61073d8071e45aec697a7c8f945089c9235baa11a433dd09efe.jpg,unassigned,42
823a07aa9037e7b4b7bc749ea159c5d624bfb7191924191a89dc5cbce211d137,saberzl/SID_Set,sid_set_candidate_1500,real,images/real/823a07aa9037e7b4b7bc749ea159c5d624bfb7191924191a89dc5cbce211d137.jpg,gold_test,42
8241bbae3a5ea1bfef7a442ce2bf631b1636664f15461873bf633f6b774a4265,saberzl/SID_Set,sid_set_candidate_1500,real,images/real/8241bbae3a5ea1bfef7a442ce2bf631b1636664f15461873bf633f6b774a4265.jpg,unassigned,42
825d6bb45fd2a06c620325cac98f761ad8e9a491a568a96223b2573301427d75,ComplexDataLab/OpenFake,openfake_additional_900,fake,images/fake/825d6bb45fd2a06c620325cac98f761ad8e9a491a568a96223b2573301427d75.png,unassigned,42
827ee92e7ce27bacc1c6f6c8949e1a1f02e84b9c8ffbb3468a1424ee1e35590f,ComplexDataLab/OpenFake,openfake_additional_900,real,images/real/827ee92e7ce27bacc1c6f6c8949e1a1f02e84b9c8ffbb3468a1424ee1e35590f.jpg,unassigned,42
8281952d554b2713ea0f7d2655aa11dbaf7759afbeb20bad7b62cd51e22b3b83,ComplexDataLab/OpenFake,openfake_pilot_600,real,images/real/8281952d554b2713ea0f7d2655aa11dbaf7759afbeb20bad7b62cd51e22b3b83.jpg,unassigned,42
8293965e93a182c0651b81d3f1f2fb07e381e474f7d07ee82e6c8f1814d2665d,ComplexDataLab/OpenFake,openfake_pilot_600,fake,images/fake/8293965e93a182c0651b81d3f1f2fb07e381e474f7d07ee82e6c8f1814d2665d.png,unassigned,42
82a16478f7e9029eafb4070e05b00a7736b0a51df61d0cfeba647dd7ca6185d8,ComplexDataLab/OpenFake,openfake_pilot_600,fake,images/fake/82a16478f7e9029eafb4070e05b00a7736b0a51df61d0cfeba647dd7ca6185d8.png,unassigned,42
82c3a4bdb0d6d205d52bcad6c069830752a2a7969daf1c8477142a62ad24dc2d,saberzl/SID_Set,sid_set_candidate_1500,fake,images/fake/82c3a4bdb0d6d205d52bcad6c069830752a2a7969daf1c8477142a62ad24dc2d.png,unassigned,42
82d074c14e2a4af16f87ead60788e069678744a68ef2304b1d5d76afc7830827,ComplexDataLab/OpenFake,openfake_additional_900,real,images/real/82d074c14e2a4af16f87ead60788e069678744a68ef2304b1d5d76afc7830827.jpg,unassigned,42
82f9d60fa9ad4c62931e5610c27b340af40cb096866198b1d89ca3429bf3645c,ComplexDataLab/OpenFake,openfake_pilot_600,real,images/real/82f9d60fa9ad4c62931e5610c27b340af40cb096866198b1d89ca3429bf3645c.jpg,gold_development,42
83120f13978d5fe0b75a183968ecfbcb50408ed49594952a3d19c99d823685e7,ComplexDataLab/OpenFake,openfake_pilot_600,real,images/real/83120f13978d5fe0b75a183968ecfbcb50408ed49594952a3d19c99d823685e7.jpg,unassigned,42
834189c714dc796214d1b3bd63ceec1867f7304ca84b218755753000b93e4f77,ComplexDataLab/OpenFake,openfake_additional_900,real,images/real/834189c714dc796214d1b3bd63ceec1867f7304ca84b218755753000b93e4f77.jpg,unassigned,42
835380e9e54399089aa3788d2ea7df016fbc2fd6bf4d30f1deb82aebac768f35,saberzl/SID_Set,sid_set_candidate_1500,real,images/real/835380e9e54399089aa3788d2ea7df016fbc2fd6bf4d30f1deb82aebac768f35.jpg,unassigned,42
83970b7c7e3b6be97d3918c16378ff3dcb6699c5f018ae11f34cbccd2fb3ae1a,ComplexDataLab/OpenFake,openfake_pilot_600,fake,images/fake/83970b7c7e3b6be97d3918c16378ff3dcb6699c5f018ae11f34cbccd2fb3ae1a.png,unassigned,42
83c6090227ecc040f66fcdde879beb070751817957ae5eb310bf714dff7efeaf,ComplexDataLab/OpenFake,openfake_additional_900,fake,images/fake/83c6090227ecc040f66fcdde879beb070751817957ae5eb310bf714dff7efeaf.jpg,unassigned,42
83cc0bdd89bbb3e14df3686fdb244236fbc0aeaa9a09a0792830fbb293df4fda,saberzl/SID_Set,sid_set_candidate_1500,real,images/real/83cc0bdd89bbb3e14df3686fdb244236fbc0aeaa9a09a0792830fbb293df4fda.jpg,unassigned,42
83d76e9aa8f6829446e43eb8f744e3f2284d3675d9cff767bda4e94a622fbe22,saberzl/SID_Set,sid_set_candidate_1500,fake,images/fake/83d76e9aa8f6829446e43eb8f744e3f2284d3675d9cff767bda4e94a622fbe22.png,unassigned,42
83f9bbe909f5f3d1dbf0551ada380b38573065c81c1868f75b3b308b3f3b94f2,ComplexDataLab/OpenFake,openfake_additional_900,real,images/real/83f9bbe909f5f3d1dbf0551ada380b38573065c81c1868f75b3b308b3f3b94f2.jpg,unassigned,42
8412d23ef47177cd9f62cceed7cae3ac9762b9a22a80072a64d285a3befb60d0,saberzl/SID_Set,sid_set_candidate_1500,fake,images/fake/8412d23ef47177cd9f62cceed7cae3ac9762b9a22a80072a64d285a3befb60d0.png,unassigned,42
841defef79d77595f2976b3b804e7db6d796739b29272bd1b0d5ed9aefe1f691,ComplexDataLab/OpenFake,openfake_additional_900,fake,images/fake/841defef79d77595f2976b3b804e7db6d796739b29272bd1b0d5ed9aefe1f691.png,unassigned,42
8440371e97749c3ddc3c84c3b361a0f9e4c9dc9399f0667939f7b567826ba248,ComplexDataLab/OpenFake,openfake_additional_900,fake,images/fake/8440371e97749c3ddc3c84c3b361a0f9e4c9dc9399f0667939f7b567826ba248.png,unassigned,42
8453d29302a58f9ec26ec5d6fc65b7978bddcba15be8bfd2aab6cc8cf552dc4b,saberzl/SID_Set,sid_set_candidate_1500,fake,images/fake/8453d29302a58f9ec26ec5d6fc65b7978bddcba15be8bfd2aab6cc8cf552dc4b.png,unassigned,42
845e4a1c989002592a9829fbba914785a5ae58f7827038f40e9779b72c2763cb,ComplexDataLab/OpenFake,openfake_pilot_600,fake,images/fake/845e4a1c989002592a9829fbba914785a5ae58f7827038f40e9779b72c2763cb.jpg,unassigned,42
84742b95f02315a331989bcc2339c8f407e90d5d4edec032048b42e743d6123c,saberzl/SID_Set,sid_set_candidate_1500,fake,images/fake/84742b95f02315a331989bcc2339c8f407e90d5d4edec032048b42e743d6123c.png,unassigned,42
84811dced43edefaa56e7f98db9fe6ab7a3799a52afceec264f4e03b2a698b08,ComplexDataLab/OpenFake,openfake_additional_900,fake,images/fake/84811dced43edefaa56e7f98db9fe6ab7a3799a52afceec264f4e03b2a698b08.jpg,gold_test,42
84c501d850e58048038b935535cf96972140c607fa7e2a102254d137485d586f,ComplexDataLab/OpenFake,openfake_additional_900,real,images/real/84c501d850e58048038b935535cf96972140c607fa7e2a102254d137485d586f.jpg,unassigned,42
84ca0dfbdfb307ed6fb8ae5416ece412e94c628efc7af63e18dd8d0d12116288,ComplexDataLab/OpenFake,openfake_pilot_600,fake,images/fake/84ca0dfbdfb307ed6fb8ae5416ece412e94c628efc7af63e18dd8d0d12116288.png,unassigned,42
85009551b5b0f70177ab6c73e0803fa4f0192735a42ad6aaaa325a6f3773bd66,saberzl/SID_Set,sid_set_candidate_1500,real,images/real/85009551b5b0f70177ab6c73e0803fa4f0192735a42ad6aaaa325a6f3773bd66.jpg,unassigned,42
851d83722549bc78e32c2cef8870777e338e7e80ae1aaef7b84a62a5131d262a,ComplexDataLab/OpenFake,openfake_additional_900,real,images/real/851d83722549bc78e32c2cef8870777e338e7e80ae1aaef7b84a62a5131d262a.webp,unassigned,42
85595b36d6acca648f451fd50a56beff3a8f0cccdbbea99c0ac86f8d670ae555,saberzl/SID_Set,sid_set_candidate_1500,real,images/real/85595b36d6acca648f451fd50a56beff3a8f0cccdbbea99c0ac86f8d670ae555.jpg,unassigned,42
857926049646f3cf46f1a1e440431e6c224f6396fec0364b2b1fad097720ed46,saberzl/SID_Set,sid_set_candidate_1500,fake,images/fake/857926049646f3cf46f1a1e440431e6c224f6396fec0364b2b1fad097720ed46.png,unassigned,42
8586cf35675c4c87753983695b1c93ca6a3687b4686108d784e57d7aaadf8a15,saberzl/SID_Set,sid_set_candidate_1500,fake,images/fake/8586cf35675c4c87753983695b1c93ca6a3687b4686108d784e57d7aaadf8a15.png,unassigned,42
85945a461217c3280cf8cdd354015601033ff8dab1da908a2eb286be5238f226,saberzl/SID_Set,sid_set_candidate_1500,fake,images/fake/85945a461217c3280cf8cdd354015601033ff8dab1da908a2eb286be5238f226.png,unassigned,42
859d9ee06ce73cf28b418a2a902758a39896e43e57e8d49ec8ebe8f11ae9379e,saberzl/SID_Set,sid_set_candidate_1500,real,images/real/859d9ee06ce73cf28b418a2a902758a39896e43e57e8d49ec8ebe8f11ae9379e.jpg,unassigned,42
85a451298d359a306d06e3a05ec404731072fcbb7dfe8ea6532e5c00b011929d,saberzl/SID_Set,sid_set_candidate_1500,real,images/real/85a451298d359a306d06e3a05ec404731072fcbb7dfe8ea6532e5c00b011929d.jpg,unassigned,42
85a69583c000bfb534050c222a303eb63b6e927866893816b8741e0cb3c834e2,saberzl/SID_Set,sid_set_candidate_1500,fake,images/fake/85a69583c000bfb534050c222a303eb63b6e927866893816b8741e0cb3c834e2.png,unassigned,42
85c1f1f0149b22c2ba5df5734d10fca4a29a9666b3154d186fc744ac04ae4d86,ComplexDataLab/OpenFake,openfake_additional_900,real,images/real/85c1f1f0149b22c2ba5df5734d10fca4a29a9666b3154d186fc744ac04ae4d86.jpg,unassigned,42
85e05d89b44c8ae89bff7809c4cc9ea59655f534d342d5244e70355ec1397f29,saberzl/SID_Set,sid_set_candidate_1500,fake,images/fake/85e05d89b44c8ae89bff7809c4cc9ea59655f534d342d5244e70355ec1397f29.png,unassigned,42
85f712a12c06aa7f2d058b7dd8ff3066b906962da08f119b48924e407a6b863b,saberzl/SID_Set,sid_set_candidate_1500,fake,images/fake/85f712a12c06aa7f2d058b7dd8ff3066b906962da08f119b48924e407a6b863b.png,unassigned,42
860014905a621bdd70fe672a0824d161e90d73eaa0f7643380184919f60b87ac,saberzl/SID_Set,sid_set_candidate_1500,fake,images/fake/860014905a621bdd70fe672a0824d161e90d73eaa0f7643380184919f60b87ac.png,unassigned,42
861d97af00b1546ebf5d03e6dc8c7f85dfbfaa759f428d997d66b24abe3d1ec1,ComplexDataLab/OpenFake,openfake_additional_900,real,images/real/861d97af00b1546ebf5d03e6dc8c7f85dfbfaa759f428d997d66b24abe3d1ec1.jpg,unassigned,42
863dfebc0c197d795f45ab3ab8fdfb5d9fbe4214ecaedc36bb36f13d66ee1325,ComplexDataLab/OpenFake,openfake_additional_900,fake,images/fake/863dfebc0c197d795f45ab3ab8fdfb5d9fbe4214ecaedc36bb36f13d66ee1325.png,unassigned,42
86492403a8a5240b255106960c4c05c6f71a833e18e3555941140e72968c4433,saberzl/SID_Set,sid_set_candidate_1500,fake,images/fake/86492403a8a5240b255106960c4c05c6f71a833e18e3555941140e72968c4433.png,unassigned,42
866814b3af2af4f237bcbea16866c6d983249807c09fabfdd599d5e1aaf753c1,ComplexDataLab/OpenFake,openfake_additional_900,real,images/real/866814b3af2af4f237bcbea16866c6d983249807c09fabfdd599d5e1aaf753c1.jpg,unassigned,42
8671b9769255ee243c195623271d6674d361f24558613bb4a4f826f3e928a48f,saberzl/SID_Set,sid_set_candidate_1500,fake,images/fake/8671b9769255ee243c195623271d6674d361f24558613bb4a4f826f3e928a48f.png,unassigned,42
86cc3ef4f7e8dcae51817331dc79617653623e9195f1d9928067238701e25ab3,ComplexDataLab/OpenFake,openfake_additional_900,fake,images/fake/86cc3ef4f7e8dcae51817331dc79617653623e9195f1d9928067238701e25ab3.png,unassigned,42
86d03c6e20a313e01528e27e3c2fc8172cf971dc0ae7254b20400386be707c6a,ComplexDataLab/OpenFake,openfake_additional_900,real,images/real/86d03c6e20a313e01528e27e3c2fc8172cf971dc0ae7254b20400386be707c6a.jpg,unassigned,42
86d318bdc43b536c5a6bf9df05ce9f2dbf4b4f3feb75a1c5327f10a0ca519759,ComplexDataLab/OpenFake,openfake_additional_900,real,images/real/86d318bdc43b536c5a6bf9df05ce9f2dbf4b4f3feb75a1c5327f10a0ca519759.jpg,unassigned,42
86d63fe870351eca9592cd3161a4c32b8bd5bdc02c470e8dae5a7cac501c47e6,saberzl/SID_Set,sid_set_candidate_1500,real,images/real/86d63fe870351eca9592cd3161a4c32b8bd5bdc02c470e8dae5a7cac501c47e6.jpg,unassigned,42
86fd3f8d1212af2d7024f31dc60885f1022c545352f772f7513b037a5a5b5bba,ComplexDataLab/OpenFake,openfake_additional_900,fake,images/fake/86fd3f8d1212af2d7024f31dc60885f1022c545352f772f7513b037a5a5b5bba.png,unassigned,42
8701b7b9e25e05321269d28070eb27ac8394f6c3a74c8c6165250bc28458c999,saberzl/SID_Set,sid_set_candidate_1500,fake,images/fake/8701b7b9e25e05321269d28070eb27ac8394f6c3a74c8c6165250bc28458c999.png,unassigned,42
870d84f389bded46362c3d4dd2a3cbfbddc0010063fbe5be04646810512dda79,ComplexDataLab/OpenFake,openfake_pilot_600,fake,images/fake/870d84f389bded46362c3d4dd2a3cbfbddc0010063fbe5be04646810512dda79.png,unassigned,42
87131d9f1aef580f9be4a680b50a35c714870d70c168dd88c3295c18f52116c1,ComplexDataLab/OpenFake,openfake_additional_900,fake,images/fake/87131d9f1aef580f9be4a680b50a35c714870d70c168dd88c3295c18f52116c1.jpg,unassigned,42
873f182eafbc3efa1afe62c067ed79ad322302d7e1ce9191477922a432b571c8,ComplexDataLab/OpenFake,openfake_additional_900,real,images/real/873f182eafbc3efa1afe62c067ed79ad322302d7e1ce9191477922a432b571c8.jpg,unassigned,42
8741e1626460b19d4d401897fb4abc19976dfcdfc0c2c4920994508f0ccee8e7,ComplexDataLab/OpenFake,openfake_pilot_600,real,images/real/8741e1626460b19d4d401897fb4abc19976dfcdfc0c2c4920994508f0ccee8e7.jpg,gold_development,42
8753ac00ec3af899ef85a733c671dec6766d20eb7a0a137e2584a707e0784099,ComplexDataLab/OpenFake,openfake_pilot_600,real,images/real/8753ac00ec3af899ef85a733c671dec6766d20eb7a0a137e2584a707e0784099.jpg,unassigned,42
877ad51fac4210fb817b3eeac13665011c94c9162d91d539dc00983bd4d1f4a0,saberzl/SID_Set,sid_set_candidate_1500,fake,images/fake/877ad51fac4210fb817b3eeac13665011c94c9162d91d539dc00983bd4d1f4a0.png,unassigned,42
87912cb2316fff39030011e7e63593dfaaf3955f8f663660a4d9e744b22acefb,ComplexDataLab/OpenFake,openfake_pilot_600,fake,images/fake/87912cb2316fff39030011e7e63593dfaaf3955f8f663660a4d9e744b22acefb.png,gold_test,42
87a3b230bd0e45d37f872dee56b4af7fc39ce013758fc83eb0897a8233dbd0cc,ComplexDataLab/OpenFake,openfake_additional_900,real,images/real/87a3b230bd0e45d37f872dee56b4af7fc39ce013758fc83eb0897a8233dbd0cc.jpg,unassigned,42
87af98122ffbb2721bdad414fb28e3d4cd70a3504e6b8f9354fb4ebc17769a7b,saberzl/SID_Set,sid_set_candidate_1500,real,images/real/87af98122ffbb2721bdad414fb28e3d4cd70a3504e6b8f9354fb4ebc17769a7b.jpg,unassigned,42
87c28d384f7b1ac716c49ab8883a2c2094b82e4f27f3efca4051c9fab37549bd,ComplexDataLab/OpenFake,openfake_pilot_600,real,images/real/87c28d384f7b1ac716c49ab8883a2c2094b82e4f27f3efca4051c9fab37549bd.jpg,unassigned,42
87c666dfa8a0abfad787aa77f83cc87d8f760fc47f3e19c7c1c38f0d4dc97120,ComplexDataLab/OpenFake,openfake_pilot_600,fake,images/fake/87c666dfa8a0abfad787aa77f83cc87d8f760fc47f3e19c7c1c38f0d4dc97120.png,unassigned,42
87f7f3aef5d9cee2b8e5726bfd5b29fdd5b8861dfc34aa9e98455c90f9b4400e,saberzl/SID_Set,sid_set_candidate_1500,fake,images/fake/87f7f3aef5d9cee2b8e5726bfd5b29fdd5b8861dfc34aa9e98455c90f9b4400e.png,unassigned,42
880ad5b295990c8fc8f60a504a83e2764760f845382bd48cf12a1ead982ca864,saberzl/SID_Set,sid_set_candidate_1500,real,images/real/880ad5b295990c8fc8f60a504a83e2764760f845382bd48cf12a1ead982ca864.jpg,unassigned,42
881c7390821000cfb88ca0dfaa0c410f7cfa9b0838232a295d2086abb96ad1f5,saberzl/SID_Set,sid_set_candidate_1500,fake,images/fake/881c7390821000cfb88ca0dfaa0c410f7cfa9b0838232a295d2086abb96ad1f5.png,unassigned,42
88246a53a15621d7fbf6b5f9150530751cb77d15051e5924835d1e05d9de0468,saberzl/SID_Set,sid_set_candidate_1500,fake,images/fake/88246a53a15621d7fbf6b5f9150530751cb77d15051e5924835d1e05d9de0468.png,unassigned,42
88488584cb09be0919944e3b5efb5bb144a09e0424baf97a3e07f31bef73513d,saberzl/SID_Set,sid_set_candidate_1500,real,images/real/88488584cb09be0919944e3b5efb5bb144a09e0424baf97a3e07f31bef73513d.jpg,unassigned,42
886743c3360f6933bf22930f24a0efdd183d11cf98d5e695848bb443abaa1b5c,ComplexDataLab/OpenFake,openfake_additional_900,real,images/real/886743c3360f6933bf22930f24a0efdd183d11cf98d5e695848bb443abaa1b5c.jpg,unassigned,42
88697857ba2cc443a298152d43a2585398659a6564e55f17e07e98829b16ef1e,saberzl/SID_Set,sid_set_candidate_1500,real,images/real/88697857ba2cc443a298152d43a2585398659a6564e55f17e07e98829b16ef1e.jpg,unassigned,42
887e459f049ac9edf296816a6404e9bb920d124ccf5311532b8ba157f799cd27,ComplexDataLab/OpenFake,openfake_additional_900,real,images/real/887e459f049ac9edf296816a6404e9bb920d124ccf5311532b8ba157f799cd27.jpg,unassigned,42
8899e3d311ef896f9f2c85da634c4d21eae01f028e124dfb0f89b57a1e648dae,ComplexDataLab/OpenFake,openfake_additional_900,fake,images/fake/8899e3d311ef896f9f2c85da634c4d21eae01f028e124dfb0f89b57a1e648dae.png,unassigned,42
889ce6748a2963be31a09762d85f679cd93deb290ebd3fc5d995fd1951f982af,ComplexDataLab/OpenFake,openfake_pilot_600,real,images/real/889ce6748a2963be31a09762d85f679cd93deb290ebd3fc5d995fd1951f982af.jpg,unassigned,42
88e7eaf6a4ead48da3b7f7770b862088b6be320b6ec987909acdd80183bafc5e,saberzl/SID_Set,sid_set_candidate_1500,fake,images/fake/88e7eaf6a4ead48da3b7f7770b862088b6be320b6ec987909acdd80183bafc5e.png,unassigned,42
88eef34fa418b57bb1c4f229659e2c0cff6af4e5a1068fe44521a587086df71b,ComplexDataLab/OpenFake,openfake_pilot_600,fake,images/fake/88eef34fa418b57bb1c4f229659e2c0cff6af4e5a1068fe44521a587086df71b.png,gold_test,42
8947dd0d5cfb9c442a8472164d203729bd22db8abc9c326d364dd2c1520cb7e3,saberzl/SID_Set,sid_set_candidate_1500,real,images/real/8947dd0d5cfb9c442a8472164d203729bd22db8abc9c326d364dd2c1520cb7e3.jpg,unassigned,42
894a71b9a5b24603e0ee87f67f588e4af20123bb325e351d95723e2a7b5e290b,ComplexDataLab/OpenFake,openfake_additional_900,fake,images/fake/894a71b9a5b24603e0ee87f67f588e4af20123bb325e351d95723e2a7b5e290b.png,unassigned,42
898c1c610020a651f0ab2610ea9e1c90c0b35ca73bd5a48ac722dd538a125b81,saberzl/SID_Set,sid_set_candidate_1500,fake,images/fake/898c1c610020a651f0ab2610ea9e1c90c0b35ca73bd5a48ac722dd538a125b81.png,unassigned,42
898c8e364288097caeb6b92e0102d0d5a0ba580a0dabfc56eea19455de64d53d,ComplexDataLab/OpenFake,openfake_additional_900,fake,images/fake/898c8e364288097caeb6b92e0102d0d5a0ba580a0dabfc56eea19455de64d53d.png,unassigned,42
89bb86d2553903602f78ff24ee16b988a818f1618a77b069aeb7d660bc1afc7b,saberzl/SID_Set,sid_set_candidate_1500,real,images/real/89bb86d2553903602f78ff24ee16b988a818f1618a77b069aeb7d660bc1afc7b.jpg,unassigned,42
89e6300596e780b0f5440621eaf1379bfc5072f83e59d95f8835987d3e7922f2,saberzl/SID_Set,sid_set_candidate_1500,fake,images/fake/89e6300596e780b0f5440621eaf1379bfc5072f83e59d95f8835987d3e7922f2.png,unassigned,42
89ecdca5cda370713a982cebeef86ed645fef86146cf549500e82cdb46a820ce,ComplexDataLab/OpenFake,openfake_pilot_600,fake,images/fake/89ecdca5cda370713a982cebeef86ed645fef86146cf549500e82cdb46a820ce.png,unassigned,42
89f121e79fa57ac2ba2cd3bafbc4ebe4bcdd05efd5010e92ee51bf313f1f91c9,ComplexDataLab/OpenFake,openfake_additional_900,real,images/real/89f121e79fa57ac2ba2cd3bafbc4ebe4bcdd05efd5010e92ee51bf313f1f91c9.jpg,gold_test,42
89ff7238df2bec086cdb88ba452cc3e0e9091e517567d852e6a3eb8a11c222a5,saberzl/SID_Set,sid_set_candidate_1500,real,images/real/89ff7238df2bec086cdb88ba452cc3e0e9091e517567d852e6a3eb8a11c222a5.jpg,unassigned,42
8a13deeb4806758795018513693acc8fefd8492698b4b2a531d9f112863c4175,ComplexDataLab/OpenFake,openfake_additional_900,real,images/real/8a13deeb4806758795018513693acc8fefd8492698b4b2a531d9f112863c4175.jpg,unassigned,42
8a24ea846c097c53341a9dc35780e50b18ec5a3ed316372c577c22b195ce6763,saberzl/SID_Set,sid_set_candidate_1500,real,images/real/8a24ea846c097c53341a9dc35780e50b18ec5a3ed316372c577c22b195ce6763.jpg,unassigned,42
8a2f6a5544a901909c58f9ce07a0e507948d6f3f0abc933378d63694ef1d6093,ComplexDataLab/OpenFake,openfake_additional_900,fake,images/fake/8a2f6a5544a901909c58f9ce07a0e507948d6f3f0abc933378d63694ef1d6093.png,unassigned,42
8a466f83f0762eb7a5e10eb330c5d4898423fafab282c5cb9a7743b29bc5265f,ComplexDataLab/OpenFake,openfake_pilot_600,real,images/real/8a466f83f0762eb7a5e10eb330c5d4898423fafab282c5cb9a7743b29bc5265f.jpg,unassigned,42
8a654e8fa4e71fcfffd991c8eb712ff82579b682df579a702741fce9c9de8221,ComplexDataLab/OpenFake,openfake_additional_900,fake,images/fake/8a654e8fa4e71fcfffd991c8eb712ff82579b682df579a702741fce9c9de8221.png,unassigned,42
8a6fa8e16b1a94e3c558eef55a9f8d3e1943f613e127b8a38cf1915d3b553608,saberzl/SID_Set,sid_set_candidate_1500,real,images/real/8a6fa8e16b1a94e3c558eef55a9f8d3e1943f613e127b8a38cf1915d3b553608.jpg,unassigned,42
8a74f175bf5bc61ae02b60ae8a93762d370d3b97dff0d98098d23f06ea0234d3,saberzl/SID_Set,sid_set_candidate_1500,fake,images/fake/8a74f175bf5bc61ae02b60ae8a93762d370d3b97dff0d98098d23f06ea0234d3.png,unassigned,42
8a8532a4762d73135da88ea26dc9fd415f41a81b9239498eca3dbbbd29560daa,saberzl/SID_Set,sid_set_candidate_1500,fake,images/fake/8a8532a4762d73135da88ea26dc9fd415f41a81b9239498eca3dbbbd29560daa.png,unassigned,42
8a93257e9aa1b7932c9c09d3ddbb4f3def645bcf658576482574dbe235c781b0,saberzl/SID_Set,sid_set_candidate_1500,real,images/real/8a93257e9aa1b7932c9c09d3ddbb4f3def645bcf658576482574dbe235c781b0.jpg,unassigned,42
8a93c55b634385e2e4528a36e9ea348ad91a8f491ac91cbf54fe06d18cdf5a4c,saberzl/SID_Set,sid_set_candidate_1500,fake,images/fake/8a93c55b634385e2e4528a36e9ea348ad91a8f491ac91cbf54fe06d18cdf5a4c.png,unassigned,42
8aa902cd64d05219e6961cba90ccee484b6d7cd24da5028d5e4c7c866c92ce3f,ComplexDataLab/OpenFake,openfake_additional_900,fake,images/fake/8aa902cd64d05219e6961cba90ccee484b6d7cd24da5028d5e4c7c866c92ce3f.png,gold_test,42
8ab8829cf8ce5558a93963aea140c7f0f664b6765982dac4e1163b60bad72575,ComplexDataLab/OpenFake,openfake_additional_900,fake,images/fake/8ab8829cf8ce5558a93963aea140c7f0f664b6765982dac4e1163b60bad72575.png,unassigned,42
8abcd07238ba5fad9d21b1c837c6b379a1900ce069286876f67d3d4691e022ef,ComplexDataLab/OpenFake,openfake_additional_900,real,images/real/8abcd07238ba5fad9d21b1c837c6b379a1900ce069286876f67d3d4691e022ef.jpg,unassigned,42
8aeab606e04692b0703fe641715ffdc0415bf8d8baeb5297e88561a478f4ea9b,ComplexDataLab/OpenFake,openfake_pilot_600,fake,images/fake/8aeab606e04692b0703fe641715ffdc0415bf8d8baeb5297e88561a478f4ea9b.png,gold_development,42
8af0adfdba88a4f03328bb19f623d643b0f15538467081ae1301592131b32a9f,saberzl/SID_Set,sid_set_candidate_1500,real,images/real/8af0adfdba88a4f03328bb19f623d643b0f15538467081ae1301592131b32a9f.jpg,unassigned,42
8b05fc787cadcdc6e31000b13ef813ce3a424416f83d43415aca058e9ea5b1ae,ComplexDataLab/OpenFake,openfake_additional_900,fake,images/fake/8b05fc787cadcdc6e31000b13ef813ce3a424416f83d43415aca058e9ea5b1ae.png,unassigned,42
8b06006690d81d880f7345bbf7e757e24cba2ff7423e3875000946d7547d1156,ComplexDataLab/OpenFake,openfake_additional_900,fake,images/fake/8b06006690d81d880f7345bbf7e757e24cba2ff7423e3875000946d7547d1156.png,unassigned,42
8b11bd3aa380bf37932c4ff8aab2754df1bc79f655c4fc256696c4facc7f9742,ComplexDataLab/OpenFake,openfake_additional_900,real,images/real/8b11bd3aa380bf37932c4ff8aab2754df1bc79f655c4fc256696c4facc7f9742.jpg,gold_test,42
8b2046668df6dfdac3c79f680f5603a2e33a83cc3f6186e9ef125ca41a57a9ed,ComplexDataLab/OpenFake,openfake_additional_900,fake,images/fake/8b2046668df6dfdac3c79f680f5603a2e33a83cc3f6186e9ef125ca41a57a9ed.png,unassigned,42
8b3a786fb801a037c214d143b2b10a57dda443c0b523971767af1af87e67eebb,ComplexDataLab/OpenFake,openfake_additional_900,fake,images/fake/8b3a786fb801a037c214d143b2b10a57dda443c0b523971767af1af87e67eebb.png,unassigned,42
8b5673509b4d85fd61df1dea70ab1ab6275e68331def8d992597c69aee11f72f,ComplexDataLab/OpenFake,openfake_additional_900,fake,images/fake/8b5673509b4d85fd61df1dea70ab1ab6275e68331def8d992597c69aee11f72f.png,unassigned,42
8b6d995ecb5bddca986b3d797bb6e80e58574ddebd5530fb859309180cc79da7,saberzl/SID_Set,sid_set_candidate_1500,real,images/real/8b6d995ecb5bddca986b3d797bb6e80e58574ddebd5530fb859309180cc79da7.jpg,unassigned,42
8b8a717bdbf96911f3868b8a2a61310b1f62dff6888f28f015f66e2f55dcfb1c,ComplexDataLab/OpenFake,openfake_additional_900,fake,images/fake/8b8a717bdbf96911f3868b8a2a61310b1f62dff6888f28f015f66e2f55dcfb1c.webp,unassigned,42
8b970944ed4a2ce3fa81bbe8412842afdf8d958761deffa3a677a27d3f3244f6,ComplexDataLab/OpenFake,openfake_additional_900,real,images/real/8b970944ed4a2ce3fa81bbe8412842afdf8d958761deffa3a677a27d3f3244f6.jpg,unassigned,42
8b9d048b70ba4ccded5ce7b589a7535b9d2ba95e4ebdff0ecd498b35a81458ff,saberzl/SID_Set,sid_set_candidate_1500,real,images/real/8b9d048b70ba4ccded5ce7b589a7535b9d2ba95e4ebdff0ecd498b35a81458ff.jpg,unassigned,42
8bcf64fd9dbb9ab0f63029c966c56d458794ab4cf8a116566b2e7cb6d776178a,saberzl/SID_Set,sid_set_candidate_1500,fake,images/fake/8bcf64fd9dbb9ab0f63029c966c56d458794ab4cf8a116566b2e7cb6d776178a.png,unassigned,42
8bd6a4eff9cb694312151e3c86f733b062b4aa418b0474d206a3d0fcec4e03a8,ComplexDataLab/OpenFake,openfake_additional_900,real,images/real/8bd6a4eff9cb694312151e3c86f733b062b4aa418b0474d206a3d0fcec4e03a8.jpg,unassigned,42
8be4b6b864d16e74334e60af1207d7c40a989498b732f825c3d7eb925972ee2a,saberzl/SID_Set,sid_set_candidate_1500,real,images/real/8be4b6b864d16e74334e60af1207d7c40a989498b732f825c3d7eb925972ee2a.jpg,unassigned,42
8c30634aaf56be3cd37eb98c2b7b25414ab3c1717ba702d57f368a87dc0d19d0,ComplexDataLab/OpenFake,openfake_additional_900,real,images/real/8c30634aaf56be3cd37eb98c2b7b25414ab3c1717ba702d57f368a87dc0d19d0.jpg,unassigned,42
8c3a18c40029629e368f5789b26ffa5c344d7bb9668c2bb0120ee75f0d49855d,saberzl/SID_Set,sid_set_candidate_1500,fake,images/fake/8c3a18c40029629e368f5789b26ffa5c344d7bb9668c2bb0120ee75f0d49855d.png,unassigned,42
8c41762f17b8b4887f4211b66823ddf8a04fdc538ca2ae6841163b96002d3b47,ComplexDataLab/OpenFake,openfake_pilot_600,fake,images/fake/8c41762f17b8b4887f4211b66823ddf8a04fdc538ca2ae6841163b96002d3b47.png,unassigned,42
8c46404edb383e4b5810d558ea97e1986aabc9a997d6cfd2e114b2bc37bb81fa,ComplexDataLab/OpenFake,openfake_additional_900,fake,images/fake/8c46404edb383e4b5810d558ea97e1986aabc9a997d6cfd2e114b2bc37bb81fa.png,gold_test,42
8c96469c8686182648a0591e807111c83b84d2ec0d5f783847ab3101846477ba,ComplexDataLab/OpenFake,openfake_pilot_600,real,images/real/8c96469c8686182648a0591e807111c83b84d2ec0d5f783847ab3101846477ba.jpg,gold_test,42
8cc189931eee360ead193ed8293fd15d8c64acabbc6014f2871c7365fe9140c3,saberzl/SID_Set,sid_set_candidate_1500,fake,images/fake/8cc189931eee360ead193ed8293fd15d8c64acabbc6014f2871c7365fe9140c3.png,unassigned,42
8cec0fcd557fc628ee8bdc6345b5af32038441c6c57ad75671c7fdca00473a35,ComplexDataLab/OpenFake,openfake_additional_900,real,images/real/8cec0fcd557fc628ee8bdc6345b5af32038441c6c57ad75671c7fdca00473a35.jpg,unassigned,42
8d08140adb94887be953e7681f20ede07702dc007caeb32cda591fbfcc65eb21,saberzl/SID_Set,sid_set_candidate_1500,fake,images/fake/8d08140adb94887be953e7681f20ede07702dc007caeb32cda591fbfcc65eb21.png,unassigned,42
8d148fac0c18572ccc7cf07de5bd2a94ca01edf736ead3d721dd69863b85396c,saberzl/SID_Set,sid_set_candidate_1500,real,images/real/8d148fac0c18572ccc7cf07de5bd2a94ca01edf736ead3d721dd69863b85396c.jpg,unassigned,42
8d1be7e3dcce586bbcab59e97aef66f3ca85a358e30bafafd22e75933257f185,saberzl/SID_Set,sid_set_candidate_1500,fake,images/fake/8d1be7e3dcce586bbcab59e97aef66f3ca85a358e30bafafd22e75933257f185.png,unassigned,42
8d2553bba786e4a0f17397ce4d277309784116001733b8c21c01d53451b83174,ComplexDataLab/OpenFake,openfake_additional_900,real,images/real/8d2553bba786e4a0f17397ce4d277309784116001733b8c21c01d53451b83174.jpg,unassigned,42
8d3a9914192603104e838d850657c65833487d027b54102bd52d654cae1c4ded,ComplexDataLab/OpenFake,openfake_pilot_600,real,images/real/8d3a9914192603104e838d850657c65833487d027b54102bd52d654cae1c4ded.jpg,unassigned,42
8d7483b44fa902c26116bee7bbf9609bc6ad8a9426f1dd53a496a98c414cfd7a,ComplexDataLab/OpenFake,openfake_pilot_600,fake,images/fake/8d7483b44fa902c26116bee7bbf9609bc6ad8a9426f1dd53a496a98c414cfd7a.png,gold_test,42
8dbb2273603d95f9c4a72644d0c9720660f849cf98b1eb0cf53718aad4f1ad20,saberzl/SID_Set,sid_set_candidate_1500,real,images/real/8dbb2273603d95f9c4a72644d0c9720660f849cf98b1eb0cf53718aad4f1ad20.jpg,gold_test,42
8dc38f803c50b2bcad31fca203921aec7714bf8d7b122a159f7512339547fdc5,saberzl/SID_Set,sid_set_candidate_1500,fake,images/fake/8dc38f803c50b2bcad31fca203921aec7714bf8d7b122a159f7512339547fdc5.png,unassigned,42
8dc7352baddd91fc8da3b1b5a1e4e21959be5956c08b59bd89e993dd0bdf5fb9,ComplexDataLab/OpenFake,openfake_additional_900,fake,images/fake/8dc7352baddd91fc8da3b1b5a1e4e21959be5956c08b59bd89e993dd0bdf5fb9.png,unassigned,42
8dca478b49d56abe4d4cca9f6a20ac0d0dd662764e0f4f53138ce2266146fe05,ComplexDataLab/OpenFake,openfake_additional_900,real,images/real/8dca478b49d56abe4d4cca9f6a20ac0d0dd662764e0f4f53138ce2266146fe05.jpg,unassigned,42
8dd50a995dfeba572247dd0dfc519aa15ef89a69ec7760470bdaecc6365fc2fa,ComplexDataLab/OpenFake,openfake_pilot_600,real,images/real/8dd50a995dfeba572247dd0dfc519aa15ef89a69ec7760470bdaecc6365fc2fa.jpg,unassigned,42
8e29ad1e2393f4eb11eec1c19582d449a9561d3c1088705f0b2ccd6b1d30a3ea,saberzl/SID_Set,sid_set_candidate_1500,fake,images/fake/8e29ad1e2393f4eb11eec1c19582d449a9561d3c1088705f0b2ccd6b1d30a3ea.png,unassigned,42
8e471287b8396300676b51527ed46aaca17be49862515d8457b989e8ea91fc33,saberzl/SID_Set,sid_set_candidate_1500,real,images/real/8e471287b8396300676b51527ed46aaca17be49862515d8457b989e8ea91fc33.jpg,unassigned,42
8e5e0727e0cc079cc8df687eb2b2d65a1dfe21d8e1f946d324cae69bf2740e8e,saberzl/SID_Set,sid_set_candidate_1500,real,images/real/8e5e0727e0cc079cc8df687eb2b2d65a1dfe21d8e1f946d324cae69bf2740e8e.jpg,unassigned,42
8e7643e98ce55b195724e30158cc462610b43aa5a6cbc3c2ab600d0c1e0e0409,ComplexDataLab/OpenFake,openfake_additional_900,real,images/real/8e7643e98ce55b195724e30158cc462610b43aa5a6cbc3c2ab600d0c1e0e0409.jpg,unassigned,42
8e77de5b16701e4e89dfb7f2d6d298c2a3fbab9d8a70948398298c594923fa71,saberzl/SID_Set,sid_set_candidate_1500,real,images/real/8e77de5b16701e4e89dfb7f2d6d298c2a3fbab9d8a70948398298c594923fa71.jpg,unassigned,42
8e7f3ed48f151f8f7847217641021779deb054b42529978a5f056f94c9389651,saberzl/SID_Set,sid_set_candidate_1500,real,images/real/8e7f3ed48f151f8f7847217641021779deb054b42529978a5f056f94c9389651.jpg,unassigned,42
8e81751bb258e04b0460c3467c238aad619e82665e5142c6cfdf1e7eb963533d,ComplexDataLab/OpenFake,openfake_additional_900,real,images/real/8e81751bb258e04b0460c3467c238aad619e82665e5142c6cfdf1e7eb963533d.jpg,unassigned,42
8ef1ec1465af0c7debf9836720bc858ce886a4c5256da2bc08d83313f48de61b,ComplexDataLab/OpenFake,openfake_pilot_600,real,images/real/8ef1ec1465af0c7debf9836720bc858ce886a4c5256da2bc08d83313f48de61b.jpg,unassigned,42
8f0802b333d71f75a4c17550ddb522912266f7de20bf524a2b4c148d89fcdf8f,ComplexDataLab/OpenFake,openfake_additional_900,fake,images/fake/8f0802b333d71f75a4c17550ddb522912266f7de20bf524a2b4c148d89fcdf8f.png,unassigned,42
8f0a1c658d53448b5daf574d50c1d155614d4a12c55f6ddbc0be8e06f88e79b2,ComplexDataLab/OpenFake,openfake_pilot_600,fake,images/fake/8f0a1c658d53448b5daf574d50c1d155614d4a12c55f6ddbc0be8e06f88e79b2.png,unassigned,42
8f15754acc7c3f30af9506ee77e15ce6332b48326184f709b776a35e44b192fb,ComplexDataLab/OpenFake,openfake_additional_900,real,images/real/8f15754acc7c3f30af9506ee77e15ce6332b48326184f709b776a35e44b192fb.jpg,unassigned,42
8f1e09e502d5f8bc8a4606a7bdf52625e2857d1e5a139038d58017d7c39f7f9b,saberzl/SID_Set,sid_set_candidate_1500,real,images/real/8f1e09e502d5f8bc8a4606a7bdf52625e2857d1e5a139038d58017d7c39f7f9b.jpg,unassigned,42
8f2291312c99a74662a3de009359d72fe098236ecca3185ec98f173ece78973c,saberzl/SID_Set,sid_set_candidate_1500,real,images/real/8f2291312c99a74662a3de009359d72fe098236ecca3185ec98f173ece78973c.jpg,gold_test,42
8f4f8bb8ec62dd4f7739249e09d58c24a1b226a8c73eb0812071f1f106500564,ComplexDataLab/OpenFake,openfake_additional_900,fake,images/fake/8f4f8bb8ec62dd4f7739249e09d58c24a1b226a8c73eb0812071f1f106500564.png,unassigned,42
8f62aa7a154463e499c1c8dc87b6fb3b47be455523fefa660b9aa6bf10a4bdfa,saberzl/SID_Set,sid_set_candidate_1500,fake,images/fake/8f62aa7a154463e499c1c8dc87b6fb3b47be455523fefa660b9aa6bf10a4bdfa.png,unassigned,42
8f67b9f07fc26cc77a691ccc93e8321cfe4cbba1a5b5cdb84012778442dca290,ComplexDataLab/OpenFake,openfake_additional_900,fake,images/fake/8f67b9f07fc26cc77a691ccc93e8321cfe4cbba1a5b5cdb84012778442dca290.png,unassigned,42
8f68b364dfb23a361c45101c0b089a15246754591a1f42bdc05867ce104a7b5b,saberzl/SID_Set,sid_set_candidate_1500,fake,images/fake/8f68b364dfb23a361c45101c0b089a15246754591a1f42bdc05867ce104a7b5b.png,unassigned,42
8f8424bb53f8c1845e370b62066dc75a89afa0fd59ba9cecb9925ebd09a0ec34,ComplexDataLab/OpenFake,openfake_additional_900,fake,images/fake/8f8424bb53f8c1845e370b62066dc75a89afa0fd59ba9cecb9925ebd09a0ec34.png,unassigned,42
8f875006eb7509411d6727c381419ea0d4f5c693d827e5e0c513391f5e056a4a,saberzl/SID_Set,sid_set_candidate_1500,fake,images/fake/8f875006eb7509411d6727c381419ea0d4f5c693d827e5e0c513391f5e056a4a.png,unassigned,42
8f88b1f7100b0421ca5e3f327c14086fee9ae9dbf0bbf5163995004ee74ab4af,saberzl/SID_Set,sid_set_candidate_1500,real,images/real/8f88b1f7100b0421ca5e3f327c14086fee9ae9dbf0bbf5163995004ee74ab4af.jpg,unassigned,42
8fb2b37a72a284b146c510401492e6dde8b492b51924cbb46aa1bc3bddd69650,saberzl/SID_Set,sid_set_candidate_1500,fake,images/fake/8fb2b37a72a284b146c510401492e6dde8b492b51924cbb46aa1bc3bddd69650.png,unassigned,42
8fb71eef9c659eb5b6215006e5111ede17cef5782c7bf5d07970be6c12842b78,saberzl/SID_Set,sid_set_candidate_1500,fake,images/fake/8fb71eef9c659eb5b6215006e5111ede17cef5782c7bf5d07970be6c12842b78.png,unassigned,42
8fc9aa977138f31b4948ce4389cac31a704e853012002e097ae0657ea4713a64,ComplexDataLab/OpenFake,openfake_pilot_600,real,images/real/8fc9aa977138f31b4948ce4389cac31a704e853012002e097ae0657ea4713a64.jpg,gold_development,42
8fd4c0a6f6e5239c7441d781c04b994091573ffe6b4f3bf1a41ba25ea1dbed98,ComplexDataLab/OpenFake,openfake_pilot_600,real,images/real/8fd4c0a6f6e5239c7441d781c04b994091573ffe6b4f3bf1a41ba25ea1dbed98.jpg,unassigned,42
8fdb8a69e61787bc4473bb661f7317e1df1111d20ce10eb4d4c00f41879f163e,ComplexDataLab/OpenFake,openfake_pilot_600,real,images/real/8fdb8a69e61787bc4473bb661f7317e1df1111d20ce10eb4d4c00f41879f163e.jpg,unassigned,42
8fe0f1732484710f4ed588930e50851a8ede28666324be3418200ca208b0df74,saberzl/SID_Set,sid_set_candidate_1500,real,images/real/8fe0f1732484710f4ed588930e50851a8ede28666324be3418200ca208b0df74.jpg,unassigned,42
8fe27d9c10acf01f1616e4b5d97ff618a71ab8226ec51b4b0b139b6f995a145d,saberzl/SID_Set,sid_set_candidate_1500,real,images/real/8fe27d9c10acf01f1616e4b5d97ff618a71ab8226ec51b4b0b139b6f995a145d.jpg,unassigned,42
8ff40304740f412cba3e219ee8927f707f308735103b9f9c400c6e5f4b8d5f71,saberzl/SID_Set,sid_set_candidate_1500,real,images/real/8ff40304740f412cba3e219ee8927f707f308735103b9f9c400c6e5f4b8d5f71.jpg,unassigned,42
9015cb975e2013119fff3b4cf26892aaa823e82c405f20a2feb83b4bab4a41d8,ComplexDataLab/OpenFake,openfake_additional_900,real,images/real/9015cb975e2013119fff3b4cf26892aaa823e82c405f20a2feb83b4bab4a41d8.jpg,unassigned,42
901c7d9651dae882d07927af34b1f34aef604d16362316c559b455e4c79808eb,ComplexDataLab/OpenFake,openfake_additional_900,fake,images/fake/901c7d9651dae882d07927af34b1f34aef604d16362316c559b455e4c79808eb.png,unassigned,42
9039e6d87c2391243214a434aebb03446cbe21c8e52a380ca2d503f29b52da4c,ComplexDataLab/OpenFake,openfake_pilot_600,fake,images/fake/9039e6d87c2391243214a434aebb03446cbe21c8e52a380ca2d503f29b52da4c.png,unassigned,42
9086bafc8cc45802ec70ba0f424211e15a7d80725a8227f0e64fdbe8bf89ad3a,saberzl/SID_Set,sid_set_candidate_1500,fake,images/fake/9086bafc8cc45802ec70ba0f424211e15a7d80725a8227f0e64fdbe8bf89ad3a.png,unassigned,42
90a427d7395910b1b9d3d75cd8f1b29fef931f4c0cb0b15e488468557eb4cd8d,ComplexDataLab/OpenFake,openfake_additional_900,fake,images/fake/90a427d7395910b1b9d3d75cd8f1b29fef931f4c0cb0b15e488468557eb4cd8d.png,unassigned,42
90b04581e49b1c5859e40f80c988d9b7498dbbc04a061afbeea5c509e7bd43d1,saberzl/SID_Set,sid_set_candidate_1500,fake,images/fake/90b04581e49b1c5859e40f80c988d9b7498dbbc04a061afbeea5c509e7bd43d1.png,unassigned,42
90c9d2f067e19a04449710778695c22399930adebb97e606e6f17a3b349e4dd8,ComplexDataLab/OpenFake,openfake_additional_900,real,images/real/90c9d2f067e19a04449710778695c22399930adebb97e606e6f17a3b349e4dd8.jpg,unassigned,42
911164be524ec31cd8a5399de4d6ba5b64d44c6b0b01aa5920109fb671908fbd,saberzl/SID_Set,sid_set_candidate_1500,real,images/real/911164be524ec31cd8a5399de4d6ba5b64d44c6b0b01aa5920109fb671908fbd.jpg,unassigned,42
911ccbec03c6da6ef6843ef492ba6e9941ae5800060d1a954f6234bfd5d5f4de,saberzl/SID_Set,sid_set_candidate_1500,fake,images/fake/911ccbec03c6da6ef6843ef492ba6e9941ae5800060d1a954f6234bfd5d5f4de.png,unassigned,42
913bca0b72c8df16ec83946a9ba7f0b51b3431d9a7e11c9b332320493da32549,ComplexDataLab/OpenFake,openfake_pilot_600,real,images/real/913bca0b72c8df16ec83946a9ba7f0b51b3431d9a7e11c9b332320493da32549.jpg,unassigned,42
913f7197abf65aa7814498b7b717260c990ef4bff939635dc1eec02bf47cb806,ComplexDataLab/OpenFake,openfake_additional_900,fake,images/fake/913f7197abf65aa7814498b7b717260c990ef4bff939635dc1eec02bf47cb806.png,unassigned,42
914a862432741593303d71ef453add25c553be679392b937da38ffc0f4de6ea1,ComplexDataLab/OpenFake,openfake_additional_900,fake,images/fake/914a862432741593303d71ef453add25c553be679392b937da38ffc0f4de6ea1.jpg,unassigned,42
914ae46c5a8844736e58531ee91106c2206f672ddb375853fc77402a6f15e251,ComplexDataLab/OpenFake,openfake_additional_900,fake,images/fake/914ae46c5a8844736e58531ee91106c2206f672ddb375853fc77402a6f15e251.jpg,unassigned,42
914c099ba3edf75f149700a189632a15905ec73f4045c8f17ddf53b25456b8b2,ComplexDataLab/OpenFake,openfake_pilot_600,real,images/real/914c099ba3edf75f149700a189632a15905ec73f4045c8f17ddf53b25456b8b2.jpg,gold_test,42
91619dcdad7a014886e1c760b1f6f5b2c692082e177917483a6e412adfb3d440,saberzl/SID_Set,sid_set_candidate_1500,fake,images/fake/91619dcdad7a014886e1c760b1f6f5b2c692082e177917483a6e412adfb3d440.png,unassigned,42
918533462284d1484a19406e72158016daa775eaee079e8ed681085b36b1793a,ComplexDataLab/OpenFake,openfake_pilot_600,real,images/real/918533462284d1484a19406e72158016daa775eaee079e8ed681085b36b1793a.jpg,unassigned,42
919f43a967f226b44e42d6212682e3b316fd5496f29d4de0f7acbda693839a8f,saberzl/SID_Set,sid_set_candidate_1500,fake,images/fake/919f43a967f226b44e42d6212682e3b316fd5496f29d4de0f7acbda693839a8f.png,unassigned,42
91a72e3cda35b451e35ceac6c9976b60fe9f503c4324b41f7c036702be28a27b,saberzl/SID_Set,sid_set_candidate_1500,fake,images/fake/91a72e3cda35b451e35ceac6c9976b60fe9f503c4324b41f7c036702be28a27b.png,unassigned,42
91c1f75d4d615bb6cbc79db0faa96aebb38dfb95dea9193a4745ed19c290cfbf,ComplexDataLab/OpenFake,openfake_additional_900,real,images/real/91c1f75d4d615bb6cbc79db0faa96aebb38dfb95dea9193a4745ed19c290cfbf.jpg,unassigned,42
923f12bda098a724ac95ee88a5f1677760528598e5a28c7b136f46cf14defa33,saberzl/SID_Set,sid_set_candidate_1500,real,images/real/923f12bda098a724ac95ee88a5f1677760528598e5a28c7b136f46cf14defa33.jpg,unassigned,42
928d783b115edaa8c8fa163f8f43bb20755fb6882246009cce6525bc5e021bc9,saberzl/SID_Set,sid_set_candidate_1500,fake,images/fake/928d783b115edaa8c8fa163f8f43bb20755fb6882246009cce6525bc5e021bc9.png,unassigned,42
929d24da580bb743d6b86edd4d443cf6eb93c77c2387d88347e9bc7f172a5fff,ComplexDataLab/OpenFake,openfake_pilot_600,fake,images/fake/929d24da580bb743d6b86edd4d443cf6eb93c77c2387d88347e9bc7f172a5fff.png,unassigned,42
92b6c45c96b961bf4f1bf097369b9237aa1bdf7abc1b712a86343217f243057a,saberzl/SID_Set,sid_set_candidate_1500,real,images/real/92b6c45c96b961bf4f1bf097369b9237aa1bdf7abc1b712a86343217f243057a.jpg,gold_test,42
92c9f63324c950a64e47a597f6742e477df088a0d215794a60b64ecffbed1b6a,saberzl/SID_Set,sid_set_candidate_1500,fake,images/fake/92c9f63324c950a64e47a597f6742e477df088a0d215794a60b64ecffbed1b6a.png,unassigned,42
92d02cd1e19312e1ee6bde09c95612b5e652f7c7599c976d84fdba333020185d,saberzl/SID_Set,sid_set_candidate_1500,real,images/real/92d02cd1e19312e1ee6bde09c95612b5e652f7c7599c976d84fdba333020185d.jpg,unassigned,42
92ec100acb1ba8c225d3244d3be5b0e9750f74d7c909c9c96e3c02ef18c57310,saberzl/SID_Set,sid_set_candidate_1500,real,images/real/92ec100acb1ba8c225d3244d3be5b0e9750f74d7c909c9c96e3c02ef18c57310.jpg,unassigned,42
931f14cd3f155a6873ee9ca9d5bac355637a5da03e3bc2b9d3f6ebd1ec6e598a,ComplexDataLab/OpenFake,openfake_additional_900,real,images/real/931f14cd3f155a6873ee9ca9d5bac355637a5da03e3bc2b9d3f6ebd1ec6e598a.jpg,unassigned,42
9320b71d71d86bbe3564fb7fcb078bdc983e3021dbd1d45da27ac66adb9e1671,saberzl/SID_Set,sid_set_candidate_1500,fake,images/fake/9320b71d71d86bbe3564fb7fcb078bdc983e3021dbd1d45da27ac66adb9e1671.png,unassigned,42
933332343f679c207d883c5e9fcd0490479f6af1b23ac200697faf41efe9784f,saberzl/SID_Set,sid_set_candidate_1500,real,images/real/933332343f679c207d883c5e9fcd0490479f6af1b23ac200697faf41efe9784f.jpg,unassigned,42
933f13343692fd4f9f3a1ed918282c4636e6c145884cf23991c9d52fccb34e3e,ComplexDataLab/OpenFake,openfake_additional_900,real,images/real/933f13343692fd4f9f3a1ed918282c4636e6c145884cf23991c9d52fccb34e3e.jpg,unassigned,42
934f49e84f630b17320dcf970e1f75f5eacf3d025df3d6e5500e1d8e2b96c628,ComplexDataLab/OpenFake,openfake_pilot_600,real,images/real/934f49e84f630b17320dcf970e1f75f5eacf3d025df3d6e5500e1d8e2b96c628.jpg,unassigned,42
935927ac6d46933f1b10d425e54e4ac73960adafce2f2bc237f4d99ac02cae0d,ComplexDataLab/OpenFake,openfake_additional_900,fake,images/fake/935927ac6d46933f1b10d425e54e4ac73960adafce2f2bc237f4d99ac02cae0d.webp,unassigned,42
935f7a52c1607df49360709b65809456ec7cee797b775bfcf86a7b1b1f24760f,ComplexDataLab/OpenFake,openfake_pilot_600,real,images/real/935f7a52c1607df49360709b65809456ec7cee797b775bfcf86a7b1b1f24760f.jpg,gold_development,42
938960688c68ca9f9e19fef02d6dad09dcbb677362afecb2d2f8427750253a88,saberzl/SID_Set,sid_set_candidate_1500,real,images/real/938960688c68ca9f9e19fef02d6dad09dcbb677362afecb2d2f8427750253a88.jpg,unassigned,42
93aaa38e9e5c41338399aa4d6918976c21cfd2f61b09c2dc43948b25a7dec665,ComplexDataLab/OpenFake,openfake_pilot_600,real,images/real/93aaa38e9e5c41338399aa4d6918976c21cfd2f61b09c2dc43948b25a7dec665.jpg,gold_development,42
93b9cb48f97259f959607cf816b5825bbd130021100429145b451292fb4caa63,ComplexDataLab/OpenFake,openfake_pilot_600,fake,images/fake/93b9cb48f97259f959607cf816b5825bbd130021100429145b451292fb4caa63.png,gold_development,42
93e0fbc5940ce073b124b0e50460bc84ee6125fc7341a3d640a86eebff5cb129,saberzl/SID_Set,sid_set_candidate_1500,real,images/real/93e0fbc5940ce073b124b0e50460bc84ee6125fc7341a3d640a86eebff5cb129.jpg,unassigned,42
93f5a1e7d1c5bab6d94799af9a08847a1b4b003f5fee6c1f362aad5eeae4444b,ComplexDataLab/OpenFake,openfake_pilot_600,real,images/real/93f5a1e7d1c5bab6d94799af9a08847a1b4b003f5fee6c1f362aad5eeae4444b.jpg,gold_development,42
941067793367eb8496ada0012966d8aa70af596af81faf2b72ac48f762d4c947,ComplexDataLab/OpenFake,openfake_additional_900,real,images/real/941067793367eb8496ada0012966d8aa70af596af81faf2b72ac48f762d4c947.jpg,unassigned,42
9411180360523b81ff9e23c7c32f452b86576565323152ad0d0befa2d998923f,saberzl/SID_Set,sid_set_candidate_1500,real,images/real/9411180360523b81ff9e23c7c32f452b86576565323152ad0d0befa2d998923f.jpg,unassigned,42
941c0e47af0886c73831edd72e3564ca4453e7182f58e14aeb6e29bbe6289bd1,saberzl/SID_Set,sid_set_candidate_1500,real,images/real/941c0e47af0886c73831edd72e3564ca4453e7182f58e14aeb6e29bbe6289bd1.jpg,unassigned,42
9421a411041334eb3331318b463785d734aa7a0bf8854f393c01cc1f0fd840d0,ComplexDataLab/OpenFake,openfake_additional_900,real,images/real/9421a411041334eb3331318b463785d734aa7a0bf8854f393c01cc1f0fd840d0.jpg,unassigned,42
944510fe14c3fb117b82bd52ba7c2cde6ab697b152a72a8aff4aade60e42dd93,ComplexDataLab/OpenFake,openfake_additional_900,fake,images/fake/944510fe14c3fb117b82bd52ba7c2cde6ab697b152a72a8aff4aade60e42dd93.png,unassigned,42
946d54517c9f2b381a688c5b34fb9f7a54d42d24fe813a22511166d8694966c2,ComplexDataLab/OpenFake,openfake_pilot_600,real,images/real/946d54517c9f2b381a688c5b34fb9f7a54d42d24fe813a22511166d8694966c2.jpg,unassigned,42
94b494140f96a51362f2f2e603bcbd43a7208198f1c5f162d98fd6020f73ac4e,saberzl/SID_Set,sid_set_candidate_1500,real,images/real/94b494140f96a51362f2f2e603bcbd43a7208198f1c5f162d98fd6020f73ac4e.jpg,unassigned,42
94bb32d33cca2fcf17923743e0aa658640b6d815c651faf3b9750073adc58923,saberzl/SID_Set,sid_set_candidate_1500,real,images/real/94bb32d33cca2fcf17923743e0aa658640b6d815c651faf3b9750073adc58923.jpg,unassigned,42
94bbb2bf7d9fbb0e1ff77b55f8cf29108986795eaecbefb9beeb75a7bc9d22b2,saberzl/SID_Set,sid_set_candidate_1500,real,images/real/94bbb2bf7d9fbb0e1ff77b55f8cf29108986795eaecbefb9beeb75a7bc9d22b2.jpg,unassigned,42
94c4dbe3e28a4bfcc030e925b96a44cc22d4c6333267639ceb1f92cefc2efbee,ComplexDataLab/OpenFake,openfake_additional_900,real,images/real/94c4dbe3e28a4bfcc030e925b96a44cc22d4c6333267639ceb1f92cefc2efbee.jpg,unassigned,42
94cf25893ce19b4bc876372fe5fb38f9a989ca79be24d4aad83a71f1a4aee488,ComplexDataLab/OpenFake,openfake_pilot_600,fake,images/fake/94cf25893ce19b4bc876372fe5fb38f9a989ca79be24d4aad83a71f1a4aee488.png,unassigned,42
94d118e1db14177f028b6fe2d579a31356174398fa5f517df49cb5ce68751308,saberzl/SID_Set,sid_set_candidate_1500,real,images/real/94d118e1db14177f028b6fe2d579a31356174398fa5f517df49cb5ce68751308.jpg,unassigned,42
94d1ac876d3d5a4a8a76c5e9896415030f690686706b265b51cb69c26f09666f,ComplexDataLab/OpenFake,openfake_additional_900,fake,images/fake/94d1ac876d3d5a4a8a76c5e9896415030f690686706b265b51cb69c26f09666f.png,unassigned,42
94d878bc780e521536f9a2b9067f3fc6bc53a4378d45c3f7217867fdf9aeebfe,ComplexDataLab/OpenFake,openfake_additional_900,fake,images/fake/94d878bc780e521536f9a2b9067f3fc6bc53a4378d45c3f7217867fdf9aeebfe.png,unassigned,42
94e6069b3f631ab0f818891b09703d89e0bd7041bd1441bc3773c565e0c90b0b,saberzl/SID_Set,sid_set_candidate_1500,fake,images/fake/94e6069b3f631ab0f818891b09703d89e0bd7041bd1441bc3773c565e0c90b0b.png,unassigned,42
94ef359aa76ad62be15f27cf9810b89b83c25d87ab79f84a8082e280325a7b0b,ComplexDataLab/OpenFake,openfake_pilot_600,real,images/real/94ef359aa76ad62be15f27cf9810b89b83c25d87ab79f84a8082e280325a7b0b.jpg,gold_development,42
9500acf31087a643675ae7129276cf8122004a7646f0579e91a679b7cbb4b282,saberzl/SID_Set,sid_set_candidate_1500,real,images/real/9500acf31087a643675ae7129276cf8122004a7646f0579e91a679b7cbb4b282.jpg,unassigned,42
95230accca3c1c9945a0c269733711e790479ec5310de83aa8178b622dc4f113,saberzl/SID_Set,sid_set_candidate_1500,real,images/real/95230accca3c1c9945a0c269733711e790479ec5310de83aa8178b622dc4f113.jpg,unassigned,42
952c5ea06cc977cdfb2a4887dc1e322c2fd706b4e114c12b39d3c60c258b9f92,ComplexDataLab/OpenFake,openfake_pilot_600,real,images/real/952c5ea06cc977cdfb2a4887dc1e322c2fd706b4e114c12b39d3c60c258b9f92.jpg,unassigned,42
953a3f83985da689117ee6fa2fbaa16e9c4f6b7c1a1ff7ae5988b354fc0862c5,saberzl/SID_Set,sid_set_candidate_1500,fake,images/fake/953a3f83985da689117ee6fa2fbaa16e9c4f6b7c1a1ff7ae5988b354fc0862c5.png,gold_test,42
953e4a406c646642c4843d1e2bf42c4cb82c2307f131b4aaa9d838fab2984ee8,saberzl/SID_Set,sid_set_candidate_1500,fake,images/fake/953e4a406c646642c4843d1e2bf42c4cb82c2307f131b4aaa9d838fab2984ee8.png,unassigned,42
953f439302ecaa73821beafda31fea5c7b6ff7d050c5b69e2cf94160cd64f954,ComplexDataLab/OpenFake,openfake_pilot_600,fake,images/fake/953f439302ecaa73821beafda31fea5c7b6ff7d050c5b69e2cf94160cd64f954.png,unassigned,42
955206efaa84213da303d4b5c7aa36d0476622f5437b62a715ab6f5ab1d44703,ComplexDataLab/OpenFake,openfake_pilot_600,fake,images/fake/955206efaa84213da303d4b5c7aa36d0476622f5437b62a715ab6f5ab1d44703.png,unassigned,42
956ccb7ecad497df0dc2e52afe758f8576a6a842ace64b55a13edacb4f37765e,saberzl/SID_Set,sid_set_candidate_1500,real,images/real/956ccb7ecad497df0dc2e52afe758f8576a6a842ace64b55a13edacb4f37765e.jpg,unassigned,42
9573ecdab134858b16d49dff7430eb1b205d5f083003a810c8fbf0baa82c5831,ComplexDataLab/OpenFake,openfake_additional_900,fake,images/fake/9573ecdab134858b16d49dff7430eb1b205d5f083003a810c8fbf0baa82c5831.png,gold_test,42
95b7d2b3df85a02c1c5ec4b6d3cd33f17a01207f3989d7c204d6485276f16ce2,ComplexDataLab/OpenFake,openfake_pilot_600,real,images/real/95b7d2b3df85a02c1c5ec4b6d3cd33f17a01207f3989d7c204d6485276f16ce2.jpg,unassigned,42
95e1eec2701911821dee35d753bc90cb4f4113db95edfa51e7c3af88d5307551,ComplexDataLab/OpenFake,openfake_additional_900,real,images/real/95e1eec2701911821dee35d753bc90cb4f4113db95edfa51e7c3af88d5307551.jpg,unassigned,42
9607be75271a83a5ee43a8d9e261b0bba2f7b0d991170b2cb4836b927849e80b,saberzl/SID_Set,sid_set_candidate_1500,fake,images/fake/9607be75271a83a5ee43a8d9e261b0bba2f7b0d991170b2cb4836b927849e80b.png,unassigned,42
961c38035dd85083137607376be1546ed8fb6d3a0446ef99bcc7445c02ec522d,ComplexDataLab/OpenFake,openfake_pilot_600,real,images/real/961c38035dd85083137607376be1546ed8fb6d3a0446ef99bcc7445c02ec522d.jpg,unassigned,42
964307d54d096f8ad4f3bbdf5aa3a2c8d3e461918ffd289b5219c90c955d8772,saberzl/SID_Set,sid_set_candidate_1500,fake,images/fake/964307d54d096f8ad4f3bbdf5aa3a2c8d3e461918ffd289b5219c90c955d8772.png,unassigned,42
966e2a5b9a9df57a5f2fdc5d847758187e4c1e0e05dd01e56f7ca6fac8749a3d,saberzl/SID_Set,sid_set_candidate_1500,real,images/real/966e2a5b9a9df57a5f2fdc5d847758187e4c1e0e05dd01e56f7ca6fac8749a3d.jpg,unassigned,42
9679b280d3cbd0edf71fbe5c9d7e3b723eb9399f063dd7888f03e846719f6ca8,saberzl/SID_Set,sid_set_candidate_1500,real,images/real/9679b280d3cbd0edf71fbe5c9d7e3b723eb9399f063dd7888f03e846719f6ca8.jpg,unassigned,42
96a558053e39957dee48bc6310c30cd0126b640a6761068e91e98f7748083e7d,ComplexDataLab/OpenFake,openfake_additional_900,real,images/real/96a558053e39957dee48bc6310c30cd0126b640a6761068e91e98f7748083e7d.jpg,unassigned,42
96bd491ce52ccce8a17548a1efe8935cf74f3fa2a4ec2bdd531623c2273d09c8,ComplexDataLab/OpenFake,openfake_additional_900,real,images/real/96bd491ce52ccce8a17548a1efe8935cf74f3fa2a4ec2bdd531623c2273d09c8.jpg,unassigned,42
96c611517aa4d75bc92cee5e755bafbcfc11bc35c7134ae036b2198a4ded321f,saberzl/SID_Set,sid_set_candidate_1500,fake,images/fake/96c611517aa4d75bc92cee5e755bafbcfc11bc35c7134ae036b2198a4ded321f.png,unassigned,42
96ccb5fa154ebda7e6ba6f75853d7f4b49d19ff6da9584571781d3958e6c8c7a,saberzl/SID_Set,sid_set_candidate_1500,real,images/real/96ccb5fa154ebda7e6ba6f75853d7f4b49d19ff6da9584571781d3958e6c8c7a.jpg,unassigned,42
96f343fb64af446b91d96bf6de007e62ef3b673a03733fe3912f977d4930c95c,ComplexDataLab/OpenFake,openfake_additional_900,fake,images/fake/96f343fb64af446b91d96bf6de007e62ef3b673a03733fe3912f977d4930c95c.png,unassigned,42
9705162c44a6c91e6cd3cd4731b33c5407c384817d35c2abdc3b31d8397fe059,ComplexDataLab/OpenFake,openfake_pilot_600,real,images/real/9705162c44a6c91e6cd3cd4731b33c5407c384817d35c2abdc3b31d8397fe059.jpg,unassigned,42
971d56475d53de8c1b3b2683eea1eeb2da72cfff718d8a73afeabbdfdfa1b8de,saberzl/SID_Set,sid_set_candidate_1500,real,images/real/971d56475d53de8c1b3b2683eea1eeb2da72cfff718d8a73afeabbdfdfa1b8de.jpg,unassigned,42
971e9d53debebe609b7e2f0628666a376a06f387c89e92b3feeeebb01012b6f1,saberzl/SID_Set,sid_set_candidate_1500,fake,images/fake/971e9d53debebe609b7e2f0628666a376a06f387c89e92b3feeeebb01012b6f1.png,unassigned,42
97389ec1c976af7b98c6f1a20cb2fe5054950ddb0c90b49d5a9f61dee4d6ee62,saberzl/SID_Set,sid_set_candidate_1500,fake,images/fake/97389ec1c976af7b98c6f1a20cb2fe5054950ddb0c90b49d5a9f61dee4d6ee62.png,unassigned,42
974f1f6568316db93a7beef9e0637621a5aa33aea4c710383d28c2e1e7c17544,saberzl/SID_Set,sid_set_candidate_1500,fake,images/fake/974f1f6568316db93a7beef9e0637621a5aa33aea4c710383d28c2e1e7c17544.png,unassigned,42
97714dd63890fa56bcba88cb4c1f05694ebe6dfa3acefc447c779f0fb201ae33,saberzl/SID_Set,sid_set_candidate_1500,fake,images/fake/97714dd63890fa56bcba88cb4c1f05694ebe6dfa3acefc447c779f0fb201ae33.png,unassigned,42
97880207a828c05061182206be2d43e487b3c6c5ce3932bc61a7f6a6fd1d8fc2,ComplexDataLab/OpenFake,openfake_additional_900,fake,images/fake/97880207a828c05061182206be2d43e487b3c6c5ce3932bc61a7f6a6fd1d8fc2.png,unassigned,42
979f8ac3ed0b2b00a0dfe6ece073f31223b0b87bb57171d91f301aabb823e4c2,saberzl/SID_Set,sid_set_candidate_1500,fake,images/fake/979f8ac3ed0b2b00a0dfe6ece073f31223b0b87bb57171d91f301aabb823e4c2.png,unassigned,42
97a1e9d63ddb1197f180ca170950ce53ed2aa178298fde797a67759a81c0e0ad,saberzl/SID_Set,sid_set_candidate_1500,fake,images/fake/97a1e9d63ddb1197f180ca170950ce53ed2aa178298fde797a67759a81c0e0ad.png,unassigned,42
97b19adae87d35a46634498f71e36430fc5b9aede73a39e0ee8deff47c2cc17b,ComplexDataLab/OpenFake,openfake_additional_900,fake,images/fake/97b19adae87d35a46634498f71e36430fc5b9aede73a39e0ee8deff47c2cc17b.png,unassigned,42
97b2a446625850197d31efe18105213ad49b227a3bd98ac64c6e693ab538edf0,saberzl/SID_Set,sid_set_candidate_1500,real,images/real/97b2a446625850197d31efe18105213ad49b227a3bd98ac64c6e693ab538edf0.jpg,gold_test,42
97b56e13a2b440f30f5996532aa0c3c4ef5a2451ad08ede34cf9d1b102beb60c,saberzl/SID_Set,sid_set_candidate_1500,real,images/real/97b56e13a2b440f30f5996532aa0c3c4ef5a2451ad08ede34cf9d1b102beb60c.jpg,unassigned,42
97d5f46d0d40d20098fcc449041e54ea4f6ba6c72469e1cd17b395bfee0a2249,saberzl/SID_Set,sid_set_candidate_1500,real,images/real/97d5f46d0d40d20098fcc449041e54ea4f6ba6c72469e1cd17b395bfee0a2249.jpg,unassigned,42
97e6e22bafe9755446212f2f359f40c83f988adb5367744f66ab6cd7eb898a6c,ComplexDataLab/OpenFake,openfake_additional_900,real,images/real/97e6e22bafe9755446212f2f359f40c83f988adb5367744f66ab6cd7eb898a6c.jpg,unassigned,42
97fcad9be441462a1444eed808d4a42d6d9614e6b7b54ec0280bde75db40cc9b,ComplexDataLab/OpenFake,openfake_additional_900,fake,images/fake/97fcad9be441462a1444eed808d4a42d6d9614e6b7b54ec0280bde75db40cc9b.png,unassigned,42
9839d99fec2f61fba9f6a722bfcb8d86f58ee33d880695545fbf8830b245a8f0,ComplexDataLab/OpenFake,openfake_pilot_600,real,images/real/9839d99fec2f61fba9f6a722bfcb8d86f58ee33d880695545fbf8830b245a8f0.jpg,unassigned,42
985c84c8f9db0571c78e3c3f73f80ad6b50060cb15edc59af1282d19eeb975da,saberzl/SID_Set,sid_set_candidate_1500,fake,images/fake/985c84c8f9db0571c78e3c3f73f80ad6b50060cb15edc59af1282d19eeb975da.png,unassigned,42
986932a4e6c416777b72d499e783d238fce89332d2d94221afffcaaf1e559ba9,saberzl/SID_Set,sid_set_candidate_1500,real,images/real/986932a4e6c416777b72d499e783d238fce89332d2d94221afffcaaf1e559ba9.jpg,unassigned,42
986e86e24270819058fdb57748d6fbada5e360ba9ed7845b718321d0618f8098,ComplexDataLab/OpenFake,openfake_pilot_600,real,images/real/986e86e24270819058fdb57748d6fbada5e360ba9ed7845b718321d0618f8098.jpg,unassigned,42
98873b22b0d43aeb75b3ed110eedc887fdc706138cb28c6a986285d8cbb3328e,saberzl/SID_Set,sid_set_candidate_1500,real,images/real/98873b22b0d43aeb75b3ed110eedc887fdc706138cb28c6a986285d8cbb3328e.jpg,unassigned,42
98ad010b4d4c14a13b7e4da630182712a83fc3c1bddc76768eecf6d6169453af,saberzl/SID_Set,sid_set_candidate_1500,fake,images/fake/98ad010b4d4c14a13b7e4da630182712a83fc3c1bddc76768eecf6d6169453af.png,unassigned,42
98b6594496dd825a8beadb6a5df34f66cae442e5e415fa3b711fc6ee65ac8e93,saberzl/SID_Set,sid_set_candidate_1500,real,images/real/98b6594496dd825a8beadb6a5df34f66cae442e5e415fa3b711fc6ee65ac8e93.jpg,gold_test,42
98ba608a2cb3adf6cfcb6e445b1dab49d29a0251df048977b610d1283bd27b77,ComplexDataLab/OpenFake,openfake_pilot_600,fake,images/fake/98ba608a2cb3adf6cfcb6e445b1dab49d29a0251df048977b610d1283bd27b77.jpg,unassigned,42
98cb8248c1754de474f469f04a98da9841455ccc7f864cd3f525d0173469fc19,saberzl/SID_Set,sid_set_candidate_1500,fake,images/fake/98cb8248c1754de474f469f04a98da9841455ccc7f864cd3f525d0173469fc19.png,unassigned,42
98da6a17e4c20c88bfd0c09251adfb926f3027f36840d16981c120d7317cc6cb,saberzl/SID_Set,sid_set_candidate_1500,fake,images/fake/98da6a17e4c20c88bfd0c09251adfb926f3027f36840d16981c120d7317cc6cb.png,unassigned,42
98f8fc479ec627a43d0f2321474995d50f04cbefa2007e93ffb22e072c6e7bb9,ComplexDataLab/OpenFake,openfake_additional_900,fake,images/fake/98f8fc479ec627a43d0f2321474995d50f04cbefa2007e93ffb22e072c6e7bb9.png,unassigned,42
99051297d99f338745bd038dbae8d9d231b9e32af2ba1933cd5996e95bc5dba6,ComplexDataLab/OpenFake,openfake_additional_900,fake,images/fake/99051297d99f338745bd038dbae8d9d231b9e32af2ba1933cd5996e95bc5dba6.jpg,unassigned,42
990f14c836f9f033b00d7839a45005e269bed9cebe048e26c2851b56d5a21c45,saberzl/SID_Set,sid_set_candidate_1500,fake,images/fake/990f14c836f9f033b00d7839a45005e269bed9cebe048e26c2851b56d5a21c45.png,unassigned,42
9917ae30be849b80d9d2070561bac2845a1d602067e135b7b8cdb5d5bc18e440,saberzl/SID_Set,sid_set_candidate_1500,real,images/real/9917ae30be849b80d9d2070561bac2845a1d602067e135b7b8cdb5d5bc18e440.jpg,unassigned,42
9986445cccea52327520c6b4507182ba228a4d405b95770ea84eb36442b9bad0,saberzl/SID_Set,sid_set_candidate_1500,real,images/real/9986445cccea52327520c6b4507182ba228a4d405b95770ea84eb36442b9bad0.jpg,unassigned,42
9992cb53a3131c2a2ed9d031cfa62204d808352a9b9c66fb2bd659de29db2c46,ComplexDataLab/OpenFake,openfake_additional_900,fake,images/fake/9992cb53a3131c2a2ed9d031cfa62204d808352a9b9c66fb2bd659de29db2c46.jpg,unassigned,42
99a78cea6417dc24aa62d7faa24fcfafbf71e326dd1e4a0d1031cf8ec4762355,ComplexDataLab/OpenFake,openfake_pilot_600,real,images/real/99a78cea6417dc24aa62d7faa24fcfafbf71e326dd1e4a0d1031cf8ec4762355.jpg,gold_test,42
99ac536e683c6fa45de67615276990b3a3ada5ee6257fa584e3f3c1c31611820,ComplexDataLab/OpenFake,openfake_additional_900,fake,images/fake/99ac536e683c6fa45de67615276990b3a3ada5ee6257fa584e3f3c1c31611820.png,unassigned,42
99c061240c406a7162bf4db87086b0dee01ff52f0b4a9671e8b9964b7ecc3d81,saberzl/SID_Set,sid_set_candidate_1500,real,images/real/99c061240c406a7162bf4db87086b0dee01ff52f0b4a9671e8b9964b7ecc3d81.jpg,unassigned,42
99c8693a7b70cddc9d39330d4490c3e5ab485e5d37beebba8b07cc076bb6c146,saberzl/SID_Set,sid_set_candidate_1500,fake,images/fake/99c8693a7b70cddc9d39330d4490c3e5ab485e5d37beebba8b07cc076bb6c146.png,unassigned,42
99c8994eb8fd6e2f55480d942f6fd79c2332494cbf7217578e2c0dd6ea895b56,ComplexDataLab/OpenFake,openfake_pilot_600,real,images/real/99c8994eb8fd6e2f55480d942f6fd79c2332494cbf7217578e2c0dd6ea895b56.jpg,unassigned,42
9a24202cfae405b57daadfead4da7736534d1af4126a0d6c73e1be6a4aa5480b,ComplexDataLab/OpenFake,openfake_additional_900,fake,images/fake/9a24202cfae405b57daadfead4da7736534d1af4126a0d6c73e1be6a4aa5480b.png,unassigned,42
9a32e7a75568d5996555f668087e061713d1fa5e92113e450c8ec48c1d4f6e38,saberzl/SID_Set,sid_set_candidate_1500,real,images/real/9a32e7a75568d5996555f668087e061713d1fa5e92113e450c8ec48c1d4f6e38.jpg,unassigned,42
9a3a7b82353dcd03ae467fa7beb4e41b0da82a8b89cd688e6823596aa5115816,ComplexDataLab/OpenFake,openfake_additional_900,real,images/real/9a3a7b82353dcd03ae467fa7beb4e41b0da82a8b89cd688e6823596aa5115816.jpg,gold_test,42
9a3f1005808b6c868311db28a561a7ca1ddd12cf164eaa3996166a0d896697e8,ComplexDataLab/OpenFake,openfake_additional_900,real,images/real/9a3f1005808b6c868311db28a561a7ca1ddd12cf164eaa3996166a0d896697e8.jpg,unassigned,42
9a693fe6ceff14178f35ff59bbda7764f4e08a33e5b692f9040e6d01cfc89d01,saberzl/SID_Set,sid_set_candidate_1500,fake,images/fake/9a693fe6ceff14178f35ff59bbda7764f4e08a33e5b692f9040e6d01cfc89d01.png,unassigned,42
9adf0f2b5735bd5f8b7e41dc1aee984edc6746eb0971ae78f2a842ae038a55ee,ComplexDataLab/OpenFake,openfake_additional_900,fake,images/fake/9adf0f2b5735bd5f8b7e41dc1aee984edc6746eb0971ae78f2a842ae038a55ee.png,unassigned,42
9b0737e9674eec8d08bcf12795db9b5f18329c2f33c15ab29e8287bbc19951b6,saberzl/SID_Set,sid_set_candidate_1500,fake,images/fake/9b0737e9674eec8d08bcf12795db9b5f18329c2f33c15ab29e8287bbc19951b6.png,unassigned,42
9b0d52e5196dbb89a18908c41e9cd09c160a17a0b011437080b15dfe66de3007,ComplexDataLab/OpenFake,openfake_pilot_600,fake,images/fake/9b0d52e5196dbb89a18908c41e9cd09c160a17a0b011437080b15dfe66de3007.jpg,unassigned,42
9b0f71614aafcd4610d941170dbcca9be1b5cdfa3bc3fd0c5134b3d1ce52b9ff,saberzl/SID_Set,sid_set_candidate_1500,fake,images/fake/9b0f71614aafcd4610d941170dbcca9be1b5cdfa3bc3fd0c5134b3d1ce52b9ff.png,unassigned,42
9b1110c760e94416dc5784878512e63a32d37a4feeaeb91f8bcf4d2164d1c42c,saberzl/SID_Set,sid_set_candidate_1500,real,images/real/9b1110c760e94416dc5784878512e63a32d37a4feeaeb91f8bcf4d2164d1c42c.jpg,unassigned,42
9b1413c1e9751d4c3b899f1af052e866eaa571a3e2e3e5aba8c273f0fd478496,ComplexDataLab/OpenFake,openfake_additional_900,real,images/real/9b1413c1e9751d4c3b899f1af052e866eaa571a3e2e3e5aba8c273f0fd478496.jpg,unassigned,42
9b247cb47b22be9882e769fca1aaed7ec1a7baa987bc96d90e8e4405dbedee91,ComplexDataLab/OpenFake,openfake_pilot_600,real,images/real/9b247cb47b22be9882e769fca1aaed7ec1a7baa987bc96d90e8e4405dbedee91.jpg,gold_development,42
9b5fcc055663f9275003cd8e4a2e344293b16f142ac5498c282626ef95e0ce64,ComplexDataLab/OpenFake,openfake_additional_900,real,images/real/9b5fcc055663f9275003cd8e4a2e344293b16f142ac5498c282626ef95e0ce64.jpg,unassigned,42
9b6361d82fe1f12556072048d7115bb2272a327fa7ebdbd11e34a482e3c592b8,ComplexDataLab/OpenFake,openfake_additional_900,fake,images/fake/9b6361d82fe1f12556072048d7115bb2272a327fa7ebdbd11e34a482e3c592b8.png,unassigned,42
9b9bfdb6464b0c6920554447ad3e40e4d5500c7a95e293f038fa12b881b03c50,ComplexDataLab/OpenFake,openfake_pilot_600,real,images/real/9b9bfdb6464b0c6920554447ad3e40e4d5500c7a95e293f038fa12b881b03c50.jpg,unassigned,42
9ba9b802eed2d7f31838b76cbd3e9662b1d6207e9031b92b37e544fb8d4d07e3,ComplexDataLab/OpenFake,openfake_pilot_600,real,images/real/9ba9b802eed2d7f31838b76cbd3e9662b1d6207e9031b92b37e544fb8d4d07e3.jpg,unassigned,42
9bd9455c7205121e9ba742f93e2801d0cea3a33be136e9c16364d75b3753b644,saberzl/SID_Set,sid_set_candidate_1500,fake,images/fake/9bd9455c7205121e9ba742f93e2801d0cea3a33be136e9c16364d75b3753b644.png,unassigned,42
9c063f46555aac031b736758fb6bbb9e47840d2473a64ece7a6e4d71c7f3948f,saberzl/SID_Set,sid_set_candidate_1500,fake,images/fake/9c063f46555aac031b736758fb6bbb9e47840d2473a64ece7a6e4d71c7f3948f.png,unassigned,42
9c0cddb043bacccf5ae2884acc7ae92cf96a574e602f53dc42b66660f2586c41,ComplexDataLab/OpenFake,openfake_additional_900,real,images/real/9c0cddb043bacccf5ae2884acc7ae92cf96a574e602f53dc42b66660f2586c41.jpg,unassigned,42
9c12a9841fdea149cc9bf3d8b52101e56e13ebc472787fd2c26ab86f7667828d,ComplexDataLab/OpenFake,openfake_pilot_600,fake,images/fake/9c12a9841fdea149cc9bf3d8b52101e56e13ebc472787fd2c26ab86f7667828d.png,gold_development,42
9c183f44a3274757cd3557b00ed53066f02ca2a8dc3b8bc762e371671eb2de16,ComplexDataLab/OpenFake,openfake_pilot_600,real,images/real/9c183f44a3274757cd3557b00ed53066f02ca2a8dc3b8bc762e371671eb2de16.jpg,unassigned,42
9c19a7931b1eca054d4bf81bcf76b464d1a94af73ba50c8790d31bfa7de15fc3,saberzl/SID_Set,sid_set_candidate_1500,real,images/real/9c19a7931b1eca054d4bf81bcf76b464d1a94af73ba50c8790d31bfa7de15fc3.jpg,unassigned,42
9c27170db171a4999b58edb97fd221d26c846c2e7545199d68ea9f7c2627ef4b,ComplexDataLab/OpenFake,openfake_pilot_600,fake,images/fake/9c27170db171a4999b58edb97fd221d26c846c2e7545199d68ea9f7c2627ef4b.png,unassigned,42
9c35189ae1c07b7723077bde41659b2ac1b7f69258c359b9d353ca82830d2d25,ComplexDataLab/OpenFake,openfake_additional_900,fake,images/fake/9c35189ae1c07b7723077bde41659b2ac1b7f69258c359b9d353ca82830d2d25.png,unassigned,42
9c441b155bacd95717e5ef9363b66f46123f18f59bc8d1384623493b285fd145,saberzl/SID_Set,sid_set_candidate_1500,real,images/real/9c441b155bacd95717e5ef9363b66f46123f18f59bc8d1384623493b285fd145.jpg,unassigned,42
9c4cb17bbd8c72227ccecd0403e8c17d178f17227570268c4a925acd68af4756,saberzl/SID_Set,sid_set_candidate_1500,fake,images/fake/9c4cb17bbd8c72227ccecd0403e8c17d178f17227570268c4a925acd68af4756.png,unassigned,42
9c56d52f31cca7d07678d0de97bc0aec3b75121c0338ae364ee319bcc1f073d2,saberzl/SID_Set,sid_set_candidate_1500,fake,images/fake/9c56d52f31cca7d07678d0de97bc0aec3b75121c0338ae364ee319bcc1f073d2.png,unassigned,42
9c5efbe159a3714c59581f0bd149537f77df7e212217e4363894e9b807cde1e8,saberzl/SID_Set,sid_set_candidate_1500,fake,images/fake/9c5efbe159a3714c59581f0bd149537f77df7e212217e4363894e9b807cde1e8.png,unassigned,42
9c6a2c1d0698bb27366e9c142bbe49e6da93a59575df2b0d0f18734454480ddb,saberzl/SID_Set,sid_set_candidate_1500,fake,images/fake/9c6a2c1d0698bb27366e9c142bbe49e6da93a59575df2b0d0f18734454480ddb.png,unassigned,42
9c732068881311debf381caec9e3b87505f54077219f48470f5c4bfb1bcd161d,saberzl/SID_Set,sid_set_candidate_1500,real,images/real/9c732068881311debf381caec9e3b87505f54077219f48470f5c4bfb1bcd161d.jpg,unassigned,42
9c8d9bf84c125013351caa5e9946bebc8ae847fb6b61b50eef4cfb17928ce38f,saberzl/SID_Set,sid_set_candidate_1500,real,images/real/9c8d9bf84c125013351caa5e9946bebc8ae847fb6b61b50eef4cfb17928ce38f.jpg,unassigned,42
9c974147a30c419acecd2b4307805cbfcb327a5ea1b9e66f306d0d4d595cd633,ComplexDataLab/OpenFake,openfake_additional_900,fake,images/fake/9c974147a30c419acecd2b4307805cbfcb327a5ea1b9e66f306d0d4d595cd633.png,unassigned,42
9ca4608b503aedf5791c9b610a62748be6682e339e7dbfad2c4cce9dbdd657ac,ComplexDataLab/OpenFake,openfake_additional_900,real,images/real/9ca4608b503aedf5791c9b610a62748be6682e339e7dbfad2c4cce9dbdd657ac.jpg,unassigned,42
9ce8733d1c377da0901297e65926ecd8d1cc401a715e4b8f9a6c920126d7b645,saberzl/SID_Set,sid_set_candidate_1500,real,images/real/9ce8733d1c377da0901297e65926ecd8d1cc401a715e4b8f9a6c920126d7b645.jpg,gold_test,42
9cf9d287e4404c5b32d137c7e2cd6bacdbeed4b41be1bd3164ffefd7cc9437c2,saberzl/SID_Set,sid_set_candidate_1500,fake,images/fake/9cf9d287e4404c5b32d137c7e2cd6bacdbeed4b41be1bd3164ffefd7cc9437c2.png,unassigned,42
9d07567a419f3f6d01210533f349ca9944d56c17e3b5fe21d56e8d288de2e5af,saberzl/SID_Set,sid_set_candidate_1500,real,images/real/9d07567a419f3f6d01210533f349ca9944d56c17e3b5fe21d56e8d288de2e5af.jpg,unassigned,42
9d0c8ad7f5c2987905174b65cabe46cfe275f0500e6865013a89b1c3d9268edf,saberzl/SID_Set,sid_set_candidate_1500,real,images/real/9d0c8ad7f5c2987905174b65cabe46cfe275f0500e6865013a89b1c3d9268edf.jpg,unassigned,42
9d2473dd296ef81337410aa553a8ab300198da0880b9039709bcb1ef7afcce36,ComplexDataLab/OpenFake,openfake_pilot_600,fake,images/fake/9d2473dd296ef81337410aa553a8ab300198da0880b9039709bcb1ef7afcce36.png,unassigned,42
9d4160124607cffffc1435c4a186cf53246318a63d6decba2304df84334a3a0f,saberzl/SID_Set,sid_set_candidate_1500,real,images/real/9d4160124607cffffc1435c4a186cf53246318a63d6decba2304df84334a3a0f.jpg,unassigned,42
9d684d08b6dcede6281b9eca29daf5502ffa70d2ebeff6502ee80fb3464dc0ce,ComplexDataLab/OpenFake,openfake_additional_900,real,images/real/9d684d08b6dcede6281b9eca29daf5502ffa70d2ebeff6502ee80fb3464dc0ce.jpg,unassigned,42
9d7f0f3794d165ed74895c9f0dc2e4e6e5415e99fc563c493c907020f59cdbb2,saberzl/SID_Set,sid_set_candidate_1500,fake,images/fake/9d7f0f3794d165ed74895c9f0dc2e4e6e5415e99fc563c493c907020f59cdbb2.png,unassigned,42
9da4f07ec984ea1b7ca91bdc11de88f18662c40339129bafd57bf5c177157937,ComplexDataLab/OpenFake,openfake_additional_900,real,images/real/9da4f07ec984ea1b7ca91bdc11de88f18662c40339129bafd57bf5c177157937.jpg,unassigned,42
9db093c2e55dc12b91a61ad3d217c1c2b8bed609b731160420cba0c7b2c3d96c,ComplexDataLab/OpenFake,openfake_additional_900,real,images/real/9db093c2e55dc12b91a61ad3d217c1c2b8bed609b731160420cba0c7b2c3d96c.jpg,unassigned,42
9dcd612254d658e451be275c4f15236ea725e8eb8ce4290d84b075a228c25f64,saberzl/SID_Set,sid_set_candidate_1500,fake,images/fake/9dcd612254d658e451be275c4f15236ea725e8eb8ce4290d84b075a228c25f64.png,unassigned,42
9dd04bffb7516a672e0a57e8fa508ee242fabccbe8dc43546f85ef4429f7dbc3,saberzl/SID_Set,sid_set_candidate_1500,fake,images/fake/9dd04bffb7516a672e0a57e8fa508ee242fabccbe8dc43546f85ef4429f7dbc3.png,unassigned,42
9dd9aaa7fa6afe7e43345059b2dd35224782d79e41effaf72e4fc82476a0064a,saberzl/SID_Set,sid_set_candidate_1500,fake,images/fake/9dd9aaa7fa6afe7e43345059b2dd35224782d79e41effaf72e4fc82476a0064a.png,unassigned,42
9dde535b3a4c710b6cd98242d1a2f5f200f4e72146abadf0175abfa549370025,saberzl/SID_Set,sid_set_candidate_1500,real,images/real/9dde535b3a4c710b6cd98242d1a2f5f200f4e72146abadf0175abfa549370025.jpg,unassigned,42
9deaa756fe999c03ac6e38a399b0b74551203b90ca6c91085422afd46fdb5848,ComplexDataLab/OpenFake,openfake_additional_900,real,images/real/9deaa756fe999c03ac6e38a399b0b74551203b90ca6c91085422afd46fdb5848.jpg,unassigned,42
9df41bc836c49970cba9f238aa82c0518f31d6afcf85b94b45c9811dade3a2cc,saberzl/SID_Set,sid_set_candidate_1500,real,images/real/9df41bc836c49970cba9f238aa82c0518f31d6afcf85b94b45c9811dade3a2cc.jpg,unassigned,42
9df50f4e2974674061be19c1c650f48855c09cf91eeae2478547ac9aab89ce34,saberzl/SID_Set,sid_set_candidate_1500,real,images/real/9df50f4e2974674061be19c1c650f48855c09cf91eeae2478547ac9aab89ce34.jpg,unassigned,42
9e0bae0c6ffd84c243884af24ea4192c5ae579c26a6ebc56aedab6a3ef44dd87,saberzl/SID_Set,sid_set_candidate_1500,real,images/real/9e0bae0c6ffd84c243884af24ea4192c5ae579c26a6ebc56aedab6a3ef44dd87.jpg,unassigned,42
9e2cfe823e06b91cce174a57f1d22adcb448e3aebad6e6fc17a5785afc1fab28,ComplexDataLab/OpenFake,openfake_pilot_600,real,images/real/9e2cfe823e06b91cce174a57f1d22adcb448e3aebad6e6fc17a5785afc1fab28.jpg,unassigned,42
9e4e666b8630197a7736fca5e50c9fab8cbee809426f3013a416be60209631ab,saberzl/SID_Set,sid_set_candidate_1500,real,images/real/9e4e666b8630197a7736fca5e50c9fab8cbee809426f3013a416be60209631ab.jpg,unassigned,42
9e64200b350b955cbe4649e5fb5ef7f9a4b3780cda28e8b9fb44250cc378aca8,saberzl/SID_Set,sid_set_candidate_1500,fake,images/fake/9e64200b350b955cbe4649e5fb5ef7f9a4b3780cda28e8b9fb44250cc378aca8.png,unassigned,42
9ea14f3807b50bd3c2addf836be92e8f185ea5aabf842bb363405a5cdf3deb43,ComplexDataLab/OpenFake,openfake_additional_900,real,images/real/9ea14f3807b50bd3c2addf836be92e8f185ea5aabf842bb363405a5cdf3deb43.jpg,unassigned,42
9ea7b8d128a6a8b964166b058afbf7b54b69e8c045e6302e975bdfc24eef69fd,saberzl/SID_Set,sid_set_candidate_1500,fake,images/fake/9ea7b8d128a6a8b964166b058afbf7b54b69e8c045e6302e975bdfc24eef69fd.png,unassigned,42
9ef0b1d06647a6b9a105391cd84718ee1d6c16eeb28ed199d7e78845683d8257,saberzl/SID_Set,sid_set_candidate_1500,real,images/real/9ef0b1d06647a6b9a105391cd84718ee1d6c16eeb28ed199d7e78845683d8257.jpg,unassigned,42
9f4bcddc09cc9741e68ce8a8c6fcd5133c54672a934d08049c0f3b35f43df756,saberzl/SID_Set,sid_set_candidate_1500,real,images/real/9f4bcddc09cc9741e68ce8a8c6fcd5133c54672a934d08049c0f3b35f43df756.jpg,unassigned,42
9f549e1ef76da81d65ee5c8b334d74715d79b7d3aee264e75b1a992448bc2c82,saberzl/SID_Set,sid_set_candidate_1500,real,images/real/9f549e1ef76da81d65ee5c8b334d74715d79b7d3aee264e75b1a992448bc2c82.jpg,unassigned,42
9f9188f23a7afebdcf16783a3d963c592186142924bb6e8ed04f12df362ef59b,saberzl/SID_Set,sid_set_candidate_1500,real,images/real/9f9188f23a7afebdcf16783a3d963c592186142924bb6e8ed04f12df362ef59b.jpg,unassigned,42
9f97c23cac859e8a9ac23cc057fb145259c50dcfd4d4b77c5ec6fbffe0343429,ComplexDataLab/OpenFake,openfake_pilot_600,real,images/real/9f97c23cac859e8a9ac23cc057fb145259c50dcfd4d4b77c5ec6fbffe0343429.jpg,unassigned,42
9fb449efa2b61309ad22d662913664e2582835cfdd84fb823aaacf52e9432179,saberzl/SID_Set,sid_set_candidate_1500,fake,images/fake/9fb449efa2b61309ad22d662913664e2582835cfdd84fb823aaacf52e9432179.png,unassigned,42
9fc3c20fb1a50b25accf9eae693de9299d71ee12bf9569edf3f874568fcde076,saberzl/SID_Set,sid_set_candidate_1500,fake,images/fake/9fc3c20fb1a50b25accf9eae693de9299d71ee12bf9569edf3f874568fcde076.png,unassigned,42
9fdc9907db7a1ee239cf8c1e8fd1db6dbc4fee908398eb7dd9de000c753c37f1,saberzl/SID_Set,sid_set_candidate_1500,real,images/real/9fdc9907db7a1ee239cf8c1e8fd1db6dbc4fee908398eb7dd9de000c753c37f1.jpg,unassigned,42
9fde180076b604049cb539958e0cfe72155d565e620d29ab486202c5c9480523,saberzl/SID_Set,sid_set_candidate_1500,fake,images/fake/9fde180076b604049cb539958e0cfe72155d565e620d29ab486202c5c9480523.png,unassigned,42
9fe32fdc3e3c34e5873d548c537d98eab28f0dad430766536afee65c793585f8,ComplexDataLab/OpenFake,openfake_pilot_600,fake,images/fake/9fe32fdc3e3c34e5873d548c537d98eab28f0dad430766536afee65c793585f8.png,unassigned,42
a00b340a492d7e2611cc39eab0cb6411a4b163490975125651e1bedf0eb84f0c,saberzl/SID_Set,sid_set_candidate_1500,real,images/real/a00b340a492d7e2611cc39eab0cb6411a4b163490975125651e1bedf0eb84f0c.jpg,unassigned,42
a011ca0531302944873f8351bbce41180bc950f38a6c36198b4d25252d4db896,ComplexDataLab/OpenFake,openfake_additional_900,fake,images/fake/a011ca0531302944873f8351bbce41180bc950f38a6c36198b4d25252d4db896.png,unassigned,42
a03da41bab0ddfc6649181191a85c0d392830bcc9fda840194acb6a45a10de19,ComplexDataLab/OpenFake,openfake_pilot_600,fake,images/fake/a03da41bab0ddfc6649181191a85c0d392830bcc9fda840194acb6a45a10de19.png,gold_development,42
a04be6505115f4e074869acfcf4d1107a9cc99e981bada2949371ed7846c3704,saberzl/SID_Set,sid_set_candidate_1500,fake,images/fake/a04be6505115f4e074869acfcf4d1107a9cc99e981bada2949371ed7846c3704.png,unassigned,42
a06377665409bd08baca5dc9e7569af12072d04ffc80e5fe3b9a97b0835b5983,saberzl/SID_Set,sid_set_candidate_1500,real,images/real/a06377665409bd08baca5dc9e7569af12072d04ffc80e5fe3b9a97b0835b5983.jpg,unassigned,42
a06aeebaf65d206b3596460830fd99e864e954dfbe105e546e83c77238fdffa8,saberzl/SID_Set,sid_set_candidate_1500,real,images/real/a06aeebaf65d206b3596460830fd99e864e954dfbe105e546e83c77238fdffa8.jpg,unassigned,42
a0aa8b675aed58cc951a1732f35a49863cf04172f1b9b3d3935278f675350671,saberzl/SID_Set,sid_set_candidate_1500,real,images/real/a0aa8b675aed58cc951a1732f35a49863cf04172f1b9b3d3935278f675350671.jpg,unassigned,42
a0b2e9a60b87b8b09ed643dd8c21814f45f73aec095f72f88cad0e338077d0c4,ComplexDataLab/OpenFake,openfake_additional_900,fake,images/fake/a0b2e9a60b87b8b09ed643dd8c21814f45f73aec095f72f88cad0e338077d0c4.png,unassigned,42
a0c2db345ed24dfa10fcb5d346253f9009061013083d00b8b06a0180f193187b,saberzl/SID_Set,sid_set_candidate_1500,real,images/real/a0c2db345ed24dfa10fcb5d346253f9009061013083d00b8b06a0180f193187b.jpg,unassigned,42
a0d2b7425218605cd0b629ce1984019f4bbfd97e58ffde8eef4d1183e01a8ae7,saberzl/SID_Set,sid_set_candidate_1500,fake,images/fake/a0d2b7425218605cd0b629ce1984019f4bbfd97e58ffde8eef4d1183e01a8ae7.png,unassigned,42
a10e416e008b49ffdc3d436cdc92896d627c5b64fd99ab5bbf4cc59e04a2251e,saberzl/SID_Set,sid_set_candidate_1500,fake,images/fake/a10e416e008b49ffdc3d436cdc92896d627c5b64fd99ab5bbf4cc59e04a2251e.png,unassigned,42
a168b533c53e8f6d0c686d8b65c6d56a25ce9cfa41698ddfc336748654690c03,saberzl/SID_Set,sid_set_candidate_1500,fake,images/fake/a168b533c53e8f6d0c686d8b65c6d56a25ce9cfa41698ddfc336748654690c03.png,unassigned,42
a1795e5106690d3129aeb9501849bfcf26ce48980d92be6dd76dc2af60425c20,saberzl/SID_Set,sid_set_candidate_1500,real,images/real/a1795e5106690d3129aeb9501849bfcf26ce48980d92be6dd76dc2af60425c20.jpg,unassigned,42
a1860559fe75c8c80ac4db69a2b5eb470ce1860acf15aeea4bc4b8b0d2212107,ComplexDataLab/OpenFake,openfake_additional_900,real,images/real/a1860559fe75c8c80ac4db69a2b5eb470ce1860acf15aeea4bc4b8b0d2212107.jpg,unassigned,42
a19f6018726e77b5a2f14bb03755263a31feeb65cb72217f8e189067dc1e4bde,saberzl/SID_Set,sid_set_candidate_1500,real,images/real/a19f6018726e77b5a2f14bb03755263a31feeb65cb72217f8e189067dc1e4bde.jpg,unassigned,42
a1c196021589074be4c3d7c1521343334ca04c422058c4747712943612ca58a4,ComplexDataLab/OpenFake,openfake_additional_900,fake,images/fake/a1c196021589074be4c3d7c1521343334ca04c422058c4747712943612ca58a4.png,unassigned,42
a204c1f740057ef704e666b2dfa5ea0811211c9f48fae9a14c3b71c1ec91d203,saberzl/SID_Set,sid_set_candidate_1500,fake,images/fake/a204c1f740057ef704e666b2dfa5ea0811211c9f48fae9a14c3b71c1ec91d203.png,unassigned,42
a2068919ac054b2d5ca07f31abaa7d34316d4c0103296de9c5f636f263b60c17,ComplexDataLab/OpenFake,openfake_pilot_600,fake,images/fake/a2068919ac054b2d5ca07f31abaa7d34316d4c0103296de9c5f636f263b60c17.png,unassigned,42
a20b1a2205a4f536e7524d5bbad9abac460531164877c4f5f6cbf0c73f62e1b0,saberzl/SID_Set,sid_set_candidate_1500,fake,images/fake/a20b1a2205a4f536e7524d5bbad9abac460531164877c4f5f6cbf0c73f62e1b0.png,unassigned,42
a212bf21501e0e1c84162c4c44b22fbddf332b2152b37f76f9f56c6bee56eba0,saberzl/SID_Set,sid_set_candidate_1500,fake,images/fake/a212bf21501e0e1c84162c4c44b22fbddf332b2152b37f76f9f56c6bee56eba0.png,unassigned,42
a232797add332691a5943af9cf1f3389fa8b66758113b4ef925d9b7f0c1da3da,ComplexDataLab/OpenFake,openfake_pilot_600,real,images/real/a232797add332691a5943af9cf1f3389fa8b66758113b4ef925d9b7f0c1da3da.jpg,unassigned,42
a24002f8bc0c92108d006e0c3b8c1c7ca0891e2b3c8cf4ee3ee2ad3af20e2438,ComplexDataLab/OpenFake,openfake_additional_900,fake,images/fake/a24002f8bc0c92108d006e0c3b8c1c7ca0891e2b3c8cf4ee3ee2ad3af20e2438.png,unassigned,42
a2586e94326f3f1b725a0b7d80d2b4a3e8c1ffaa3c84373389a20d39784ac4c3,saberzl/SID_Set,sid_set_candidate_1500,fake,images/fake/a2586e94326f3f1b725a0b7d80d2b4a3e8c1ffaa3c84373389a20d39784ac4c3.png,unassigned,42
a26970d1851bd2a7db8b9d5999b93c5856378d3b75c54b34480a9a67eff13682,ComplexDataLab/OpenFake,openfake_additional_900,real,images/real/a26970d1851bd2a7db8b9d5999b93c5856378d3b75c54b34480a9a67eff13682.jpg,unassigned,42
a28d7fa709393e804abad05bc4c844a511bcbbe0428b8557657170ab40e3e873,saberzl/SID_Set,sid_set_candidate_1500,real,images/real/a28d7fa709393e804abad05bc4c844a511bcbbe0428b8557657170ab40e3e873.jpg,unassigned,42
a293d4698b810114bdd55ec26143477f9cbc39688d835e0fffcdb3b2267dbdba,saberzl/SID_Set,sid_set_candidate_1500,fake,images/fake/a293d4698b810114bdd55ec26143477f9cbc39688d835e0fffcdb3b2267dbdba.png,unassigned,42
a2aee8abda8796864a14211e37e6e00d1a318ebb0c2427d59894827d049acb04,ComplexDataLab/OpenFake,openfake_additional_900,fake,images/fake/a2aee8abda8796864a14211e37e6e00d1a318ebb0c2427d59894827d049acb04.png,unassigned,42
a2b5f71b73bd103b824c5a1a51656619321fa7bbd43f36c4123bffb0c0e83123,saberzl/SID_Set,sid_set_candidate_1500,fake,images/fake/a2b5f71b73bd103b824c5a1a51656619321fa7bbd43f36c4123bffb0c0e83123.png,unassigned,42
a2c587254ae6dee0be37696f48ddf220b938c07a7b68bc252a28694be3df3418,saberzl/SID_Set,sid_set_candidate_1500,fake,images/fake/a2c587254ae6dee0be37696f48ddf220b938c07a7b68bc252a28694be3df3418.png,unassigned,42
a2c7603f7930ed3763a5a669e5bc540b291bedec59a7749fced8383f545d3abe,ComplexDataLab/OpenFake,openfake_additional_900,real,images/real/a2c7603f7930ed3763a5a669e5bc540b291bedec59a7749fced8383f545d3abe.jpg,unassigned,42
a2ce68a4f724446a8b92944215d29b16fc448b4c257152e8ab75570f78174be8,saberzl/SID_Set,sid_set_candidate_1500,real,images/real/a2ce68a4f724446a8b92944215d29b16fc448b4c257152e8ab75570f78174be8.jpg,unassigned,42
a2d6b66dab35bb1fc4d5755331f9948beffe9ab9511d895bcfab06b42f0b8760,saberzl/SID_Set,sid_set_candidate_1500,real,images/real/a2d6b66dab35bb1fc4d5755331f9948beffe9ab9511d895bcfab06b42f0b8760.jpg,unassigned,42
a2df70027902a05bf6a2260333cb23796db56ff66d095d440e7a0d78d2327e3b,ComplexDataLab/OpenFake,openfake_pilot_600,real,images/real/a2df70027902a05bf6a2260333cb23796db56ff66d095d440e7a0d78d2327e3b.jpg,unassigned,42
a2fead0592f16577c98885185b99d14f5396ee6f92aac2a900eaa12dc6a79129,saberzl/SID_Set,sid_set_candidate_1500,fake,images/fake/a2fead0592f16577c98885185b99d14f5396ee6f92aac2a900eaa12dc6a79129.png,unassigned,42
a30dbf1ff0aff6be6b77d354824d067721399d93ea030879b0d321ee4ab0d081,ComplexDataLab/OpenFake,openfake_pilot_600,real,images/real/a30dbf1ff0aff6be6b77d354824d067721399d93ea030879b0d321ee4ab0d081.jpg,unassigned,42
a30e54112556fd00846c892a583e5ce6586802f0c7a0150c0e21efadccb38cc4,ComplexDataLab/OpenFake,openfake_additional_900,fake,images/fake/a30e54112556fd00846c892a583e5ce6586802f0c7a0150c0e21efadccb38cc4.png,unassigned,42
a328454eb311c9546c5a27ef40b3d5cd303565a58487421afbc47df1789efabe,saberzl/SID_Set,sid_set_candidate_1500,real,images/real/a328454eb311c9546c5a27ef40b3d5cd303565a58487421afbc47df1789efabe.jpg,unassigned,42
a32c6006337dad14fdbb9964a11846f940cf02b1367ff3627af2fb9e4ecc3452,saberzl/SID_Set,sid_set_candidate_1500,real,images/real/a32c6006337dad14fdbb9964a11846f940cf02b1367ff3627af2fb9e4ecc3452.jpg,unassigned,42
a34772eea57dc36be07304b32b0595998285bc0fe647ebfcda0a7994c629a600,ComplexDataLab/OpenFake,openfake_additional_900,fake,images/fake/a34772eea57dc36be07304b32b0595998285bc0fe647ebfcda0a7994c629a600.png,unassigned,42
a35ec7631c74a033d4a216e239df8bdb0884055b17817cd451d12cfd131fe212,saberzl/SID_Set,sid_set_candidate_1500,fake,images/fake/a35ec7631c74a033d4a216e239df8bdb0884055b17817cd451d12cfd131fe212.png,unassigned,42
a37b31e1d2c79a56e53f0acbce59c6682adb02566e24bc22b6c27c5bcf8df0e8,saberzl/SID_Set,sid_set_candidate_1500,real,images/real/a37b31e1d2c79a56e53f0acbce59c6682adb02566e24bc22b6c27c5bcf8df0e8.jpg,gold_test,42
a3945b578fd3c4fb7756daede652bfe6348817b72f7a20949253be43f9dddf76,ComplexDataLab/OpenFake,openfake_pilot_600,fake,images/fake/a3945b578fd3c4fb7756daede652bfe6348817b72f7a20949253be43f9dddf76.png,gold_development,42
a3bbca22bae8f6b1738c81045c1cd2073ce4294fd6580a88c796f9f6b98dd395,ComplexDataLab/OpenFake,openfake_additional_900,fake,images/fake/a3bbca22bae8f6b1738c81045c1cd2073ce4294fd6580a88c796f9f6b98dd395.png,unassigned,42
a40ea7e6c2dafb3c4836fa3420d65f85763786623d7c3f07994e94cf4fe9af34,saberzl/SID_Set,sid_set_candidate_1500,real,images/real/a40ea7e6c2dafb3c4836fa3420d65f85763786623d7c3f07994e94cf4fe9af34.jpg,unassigned,42
a413336015fe6f7f0fe66e394d67b4e432bebd363a7cba4d500ab6b463d3c8f7,saberzl/SID_Set,sid_set_candidate_1500,real,images/real/a413336015fe6f7f0fe66e394d67b4e432bebd363a7cba4d500ab6b463d3c8f7.jpg,unassigned,42
a42f808877939f32ed5bf4c00408cb11f1d068151cbd30c6f5cde3864bd69b14,ComplexDataLab/OpenFake,openfake_additional_900,real,images/real/a42f808877939f32ed5bf4c00408cb11f1d068151cbd30c6f5cde3864bd69b14.jpg,unassigned,42
a4dfc12cf486dcc3ae2f862a3200317391c42715845370737c64ad421cfa66ae,saberzl/SID_Set,sid_set_candidate_1500,fake,images/fake/a4dfc12cf486dcc3ae2f862a3200317391c42715845370737c64ad421cfa66ae.png,unassigned,42
a521d1fdfd0e4b57d319684c72302e0073c79293de40c115f3ad5c47d5d44de2,saberzl/SID_Set,sid_set_candidate_1500,fake,images/fake/a521d1fdfd0e4b57d319684c72302e0073c79293de40c115f3ad5c47d5d44de2.png,unassigned,42
a54653d18d860f574bf25a7b6590db5617601f005620e2e1fd01f15d77fc80b4,ComplexDataLab/OpenFake,openfake_pilot_600,real,images/real/a54653d18d860f574bf25a7b6590db5617601f005620e2e1fd01f15d77fc80b4.jpg,unassigned,42
a54c3c60bbd22f760b376280ad4b0b093966ac7f27f5f60c707d99020ea3d81c,ComplexDataLab/OpenFake,openfake_pilot_600,real,images/real/a54c3c60bbd22f760b376280ad4b0b093966ac7f27f5f60c707d99020ea3d81c.jpg,unassigned,42
a56b316efe35d7202f360488bfcb289010b1a5ef56b9438c96f87dea37c9de45,ComplexDataLab/OpenFake,openfake_additional_900,fake,images/fake/a56b316efe35d7202f360488bfcb289010b1a5ef56b9438c96f87dea37c9de45.png,unassigned,42
a56dda3f2c41c55ac80e9f9ce0172321f207e56896e1a5861d219e68ec6574d1,ComplexDataLab/OpenFake,openfake_additional_900,fake,images/fake/a56dda3f2c41c55ac80e9f9ce0172321f207e56896e1a5861d219e68ec6574d1.png,unassigned,42
a56e99a651d4ce3df9f78882d22ce27676c32c12f454bfd94c573a06f61ed24e,saberzl/SID_Set,sid_set_candidate_1500,fake,images/fake/a56e99a651d4ce3df9f78882d22ce27676c32c12f454bfd94c573a06f61ed24e.png,unassigned,42
a575d940bbc7717532296d40aeba3fc3b84afbfa6c99545461929ebf46b493a7,saberzl/SID_Set,sid_set_candidate_1500,fake,images/fake/a575d940bbc7717532296d40aeba3fc3b84afbfa6c99545461929ebf46b493a7.png,unassigned,42
a583f7d090df7d96eece1c366993b7fab2710e1e4fb13f91d843ff53fd9bb764,saberzl/SID_Set,sid_set_candidate_1500,fake,images/fake/a583f7d090df7d96eece1c366993b7fab2710e1e4fb13f91d843ff53fd9bb764.png,gold_test,42
a584e03d68e5096602b76577a0974ab8af435e7fdd3a13ec9acbef9c50563960,saberzl/SID_Set,sid_set_candidate_1500,fake,images/fake/a584e03d68e5096602b76577a0974ab8af435e7fdd3a13ec9acbef9c50563960.png,unassigned,42
a58cd4d42e9a3f2ed63c083b0e12ad0aaf501821d46393fe6a1cb981ead82361,ComplexDataLab/OpenFake,openfake_pilot_600,real,images/real/a58cd4d42e9a3f2ed63c083b0e12ad0aaf501821d46393fe6a1cb981ead82361.jpg,unassigned,42
a590a0d5e98e886fbf1daa2ce4de18c2aeafd0ae24c8b4a4cbd02d2d3977b80c,ComplexDataLab/OpenFake,openfake_additional_900,real,images/real/a590a0d5e98e886fbf1daa2ce4de18c2aeafd0ae24c8b4a4cbd02d2d3977b80c.jpg,unassigned,42
a5a17a2807b08d7682a4d8bb8be04d90f574516a3629a82ebc87f761d37095aa,ComplexDataLab/OpenFake,openfake_additional_900,real,images/real/a5a17a2807b08d7682a4d8bb8be04d90f574516a3629a82ebc87f761d37095aa.jpg,unassigned,42
a5ab23851bd0ef445f3b14709099d9aed893b458039a34776af433bdb61c5cd3,ComplexDataLab/OpenFake,openfake_additional_900,fake,images/fake/a5ab23851bd0ef445f3b14709099d9aed893b458039a34776af433bdb61c5cd3.jpg,unassigned,42
a5fd82913a382924be7dc4708d705aac94991f8a442e5f1f3d5e2f1c60a6adff,saberzl/SID_Set,sid_set_candidate_1500,fake,images/fake/a5fd82913a382924be7dc4708d705aac94991f8a442e5f1f3d5e2f1c60a6adff.png,unassigned,42
a60551525ad81154be934aff9f5f4326efbdad6f7e946cc5188ab340e4c195fe,saberzl/SID_Set,sid_set_candidate_1500,fake,images/fake/a60551525ad81154be934aff9f5f4326efbdad6f7e946cc5188ab340e4c195fe.png,unassigned,42
a62e5b2c5bd39f3184b596e644ccb891add30206de2a55161233113c1d97d4c7,ComplexDataLab/OpenFake,openfake_pilot_600,real,images/real/a62e5b2c5bd39f3184b596e644ccb891add30206de2a55161233113c1d97d4c7.jpg,unassigned,42
a63b3fa6bf944079aa8e809f15447f43fd7ba0303593c81fc5653bcdf5455842,saberzl/SID_Set,sid_set_candidate_1500,real,images/real/a63b3fa6bf944079aa8e809f15447f43fd7ba0303593c81fc5653bcdf5455842.jpg,unassigned,42
a644353320ccebfe735ca7507dcfe5399a644339803846cfed85a13af39009bb,ComplexDataLab/OpenFake,openfake_pilot_600,real,images/real/a644353320ccebfe735ca7507dcfe5399a644339803846cfed85a13af39009bb.jpg,unassigned,42
a6607bb83a26fb86d2cd4628b3ae873844466ee4144e89454039047feefa684c,saberzl/SID_Set,sid_set_candidate_1500,real,images/real/a6607bb83a26fb86d2cd4628b3ae873844466ee4144e89454039047feefa684c.jpg,unassigned,42
a68da55ffe02afda500b5695d3a3a4ffd9e4f304dca4fb5679b52f36ae320618,ComplexDataLab/OpenFake,openfake_additional_900,fake,images/fake/a68da55ffe02afda500b5695d3a3a4ffd9e4f304dca4fb5679b52f36ae320618.png,unassigned,42
a69f21d1d9d7e2778833d7f98370a2984cd55ed9d6e6a3445f28411f8977c3f8,saberzl/SID_Set,sid_set_candidate_1500,fake,images/fake/a69f21d1d9d7e2778833d7f98370a2984cd55ed9d6e6a3445f28411f8977c3f8.png,unassigned,42
a6ae0e37dd46d7d46d8a44716e24379e158d46ba05ec21b2ac5c54e1c4d6dd33,saberzl/SID_Set,sid_set_candidate_1500,real,images/real/a6ae0e37dd46d7d46d8a44716e24379e158d46ba05ec21b2ac5c54e1c4d6dd33.jpg,unassigned,42
a6dfe42179857c5936b2db20ce3450e565db999581f181fc5ae5286ead8f9d55,ComplexDataLab/OpenFake,openfake_additional_900,real,images/real/a6dfe42179857c5936b2db20ce3450e565db999581f181fc5ae5286ead8f9d55.jpg,unassigned,42
a6f8644b2e1f40fa19e77571907627e6adab01ecfd2cfd729dbb96d7ec9e2457,ComplexDataLab/OpenFake,openfake_additional_900,real,images/real/a6f8644b2e1f40fa19e77571907627e6adab01ecfd2cfd729dbb96d7ec9e2457.jpg,unassigned,42
a700b20162e022a552f81c5d13a29d34a74dc06c1801b044bf43304f348afa2b,ComplexDataLab/OpenFake,openfake_additional_900,real,images/real/a700b20162e022a552f81c5d13a29d34a74dc06c1801b044bf43304f348afa2b.jpg,unassigned,42
a7295ccb72e05dc67e4cf6a24002b063c22b2115d6dca9f4e2549315b02ec316,saberzl/SID_Set,sid_set_candidate_1500,real,images/real/a7295ccb72e05dc67e4cf6a24002b063c22b2115d6dca9f4e2549315b02ec316.jpg,gold_test,42
a750914ee731fc6ce31ece52b100d02bf89d4ff52a8100b9b5513bf947fffabf,saberzl/SID_Set,sid_set_candidate_1500,real,images/real/a750914ee731fc6ce31ece52b100d02bf89d4ff52a8100b9b5513bf947fffabf.jpg,unassigned,42
a75b43c425c42f72f8417d7379655f7528816fd7afa05c5187947844530cd929,saberzl/SID_Set,sid_set_candidate_1500,real,images/real/a75b43c425c42f72f8417d7379655f7528816fd7afa05c5187947844530cd929.jpg,unassigned,42
a76077f4474996b5a3058477f22e35c7f14e52c62bcff843b0a399764776a3a8,ComplexDataLab/OpenFake,openfake_additional_900,fake,images/fake/a76077f4474996b5a3058477f22e35c7f14e52c62bcff843b0a399764776a3a8.png,unassigned,42
a7a1244583e789dfb4fedf56adfb1375791c9ed2addfb02125177de534c38c6a,ComplexDataLab/OpenFake,openfake_additional_900,fake,images/fake/a7a1244583e789dfb4fedf56adfb1375791c9ed2addfb02125177de534c38c6a.png,unassigned,42
a7dc4245f58f037e5828ac86a102fe04b35a00d252693025736161581157980d,saberzl/SID_Set,sid_set_candidate_1500,fake,images/fake/a7dc4245f58f037e5828ac86a102fe04b35a00d252693025736161581157980d.png,unassigned,42
a7e1d7b2a6341572b6facb5b36d54dcee043e16f1528c7c95aafb527a34b2c6b,saberzl/SID_Set,sid_set_candidate_1500,fake,images/fake/a7e1d7b2a6341572b6facb5b36d54dcee043e16f1528c7c95aafb527a34b2c6b.png,unassigned,42
a7f0ffe61c5beccef27634e4764d881496417ce29712969925336cdc4e47a7f6,ComplexDataLab/OpenFake,openfake_additional_900,real,images/real/a7f0ffe61c5beccef27634e4764d881496417ce29712969925336cdc4e47a7f6.jpg,unassigned,42
a7fc59057a322d10c7bdd331a0835e86fb785bae267c44cce7f721d09dbf89eb,ComplexDataLab/OpenFake,openfake_additional_900,fake,images/fake/a7fc59057a322d10c7bdd331a0835e86fb785bae267c44cce7f721d09dbf89eb.jpg,unassigned,42
a826f9bb379062476432f794209c788ce5d8063f5f760fd6d5c44ac3fb0a9654,saberzl/SID_Set,sid_set_candidate_1500,real,images/real/a826f9bb379062476432f794209c788ce5d8063f5f760fd6d5c44ac3fb0a9654.jpg,unassigned,42
a828fd606565c96b84a22eb985498cb085861063f0f0e3960abb14c86ea1b42d,ComplexDataLab/OpenFake,openfake_pilot_600,fake,images/fake/a828fd606565c96b84a22eb985498cb085861063f0f0e3960abb14c86ea1b42d.png,unassigned,42
a82dbf7d053f6ecf686ebc314de423e69efc2d7206d38f738a85aeb99d61a082,saberzl/SID_Set,sid_set_candidate_1500,fake,images/fake/a82dbf7d053f6ecf686ebc314de423e69efc2d7206d38f738a85aeb99d61a082.png,unassigned,42
a84a51205a80d2e3231ffcc3424adc9af2da9a6a6a824ca6989e0ee13b132086,saberzl/SID_Set,sid_set_candidate_1500,fake,images/fake/a84a51205a80d2e3231ffcc3424adc9af2da9a6a6a824ca6989e0ee13b132086.png,unassigned,42
a893fd91b9be62d488a1bd290a6e41fda6dca8e2238c09a04eb07774948754ec,ComplexDataLab/OpenFake,openfake_additional_900,fake,images/fake/a893fd91b9be62d488a1bd290a6e41fda6dca8e2238c09a04eb07774948754ec.png,unassigned,42
a8956a5346936cd0769d1a17aa41ffa452fd4fce3003208e2857eb1f495a260a,ComplexDataLab/OpenFake,openfake_additional_900,real,images/real/a8956a5346936cd0769d1a17aa41ffa452fd4fce3003208e2857eb1f495a260a.jpg,unassigned,42
a89717769d5dd0945ca65162336263b33b0eef41dd669e4a0bda7620fcd63668,saberzl/SID_Set,sid_set_candidate_1500,fake,images/fake/a89717769d5dd0945ca65162336263b33b0eef41dd669e4a0bda7620fcd63668.png,unassigned,42
a897890a68519d43deb360bde55c49aaadd83107ffc7e2783d72f5c3b8d49b1d,ComplexDataLab/OpenFake,openfake_additional_900,fake,images/fake/a897890a68519d43deb360bde55c49aaadd83107ffc7e2783d72f5c3b8d49b1d.png,unassigned,42
a8a0c41691a1840784e54d8b5d75e41b4344b8dc02eefba608bb7497556e3c79,ComplexDataLab/OpenFake,openfake_pilot_600,real,images/real/a8a0c41691a1840784e54d8b5d75e41b4344b8dc02eefba608bb7497556e3c79.jpg,unassigned,42
a8c06ad5c878d5a613ccd5e2ebe7119d27fc8a8529323c7c3d82975fe73f5553,saberzl/SID_Set,sid_set_candidate_1500,fake,images/fake/a8c06ad5c878d5a613ccd5e2ebe7119d27fc8a8529323c7c3d82975fe73f5553.png,unassigned,42
a8cddeabe436aef8fffc8f4a16608926d3d9dff8609f765564f7d7865ff70463,saberzl/SID_Set,sid_set_candidate_1500,fake,images/fake/a8cddeabe436aef8fffc8f4a16608926d3d9dff8609f765564f7d7865ff70463.png,gold_test,42
a8cf7be2641fe71f88f29b5c83880283001dea7233114fa3e6ac095240a8d536,ComplexDataLab/OpenFake,openfake_additional_900,real,images/real/a8cf7be2641fe71f88f29b5c83880283001dea7233114fa3e6ac095240a8d536.jpg,unassigned,42
a8e8f89f24a5fbd3e19f21a933848c30ede18e17201a04f46f4f010d36ecdced,ComplexDataLab/OpenFake,openfake_additional_900,real,images/real/a8e8f89f24a5fbd3e19f21a933848c30ede18e17201a04f46f4f010d36ecdced.jpg,unassigned,42
a91a61ea14c44614f866a616abf69f41bcbf3be8c7b56caa47bc6c6d131602d0,saberzl/SID_Set,sid_set_candidate_1500,fake,images/fake/a91a61ea14c44614f866a616abf69f41bcbf3be8c7b56caa47bc6c6d131602d0.png,unassigned,42
a94d1e9d4d91af69e100dd5cfb2edf6c245d53a0f0c6e26ce6806028047aeae2,ComplexDataLab/OpenFake,openfake_pilot_600,fake,images/fake/a94d1e9d4d91af69e100dd5cfb2edf6c245d53a0f0c6e26ce6806028047aeae2.jpg,unassigned,42
a94f4d741dce438e18aa38d5cd9f9fd282196aa5d9c322c0ab7c476c28d0de6e,saberzl/SID_Set,sid_set_candidate_1500,fake,images/fake/a94f4d741dce438e18aa38d5cd9f9fd282196aa5d9c322c0ab7c476c28d0de6e.png,unassigned,42
a95d9c8effd97fb5baee7872f322746c4523b39a6c87ff7e180d50782faf69da,saberzl/SID_Set,sid_set_candidate_1500,fake,images/fake/a95d9c8effd97fb5baee7872f322746c4523b39a6c87ff7e180d50782faf69da.png,gold_test,42
a964b7d07caafa859efd75c4c66c41cc14faf7d8f2201ee94d42ad4595e1c288,saberzl/SID_Set,sid_set_candidate_1500,real,images/real/a964b7d07caafa859efd75c4c66c41cc14faf7d8f2201ee94d42ad4595e1c288.jpg,unassigned,42
a988a181761dbb518f36eade7235514f30ccad851bce02348d32799419b5ffad,ComplexDataLab/OpenFake,openfake_additional_900,fake,images/fake/a988a181761dbb518f36eade7235514f30ccad851bce02348d32799419b5ffad.png,unassigned,42
a9becb885763732c1d5938e4b43e5ba7ca494d3ca6a0d75729f7791c4a9a060e,ComplexDataLab/OpenFake,openfake_pilot_600,real,images/real/a9becb885763732c1d5938e4b43e5ba7ca494d3ca6a0d75729f7791c4a9a060e.jpg,unassigned,42
a9c38230e5b3517ac74b8e2cb249d6e6f0e78373743bd3b2b09d0fc0a0a5d868,ComplexDataLab/OpenFake,openfake_additional_900,real,images/real/a9c38230e5b3517ac74b8e2cb249d6e6f0e78373743bd3b2b09d0fc0a0a5d868.jpg,unassigned,42
a9ce74cefdd2a2f4e7c8376cba09456b88735831bc8ae4dd9b0c71b73fcac432,ComplexDataLab/OpenFake,openfake_additional_900,fake,images/fake/a9ce74cefdd2a2f4e7c8376cba09456b88735831bc8ae4dd9b0c71b73fcac432.png,unassigned,42
a9d6365c2d7a510a9159cd6b7388df91a1af6e2aa1b47804016d05c3994e4972,saberzl/SID_Set,sid_set_candidate_1500,fake,images/fake/a9d6365c2d7a510a9159cd6b7388df91a1af6e2aa1b47804016d05c3994e4972.png,unassigned,42
a9d929b2aeae89aaeaf6dc22e5dfcb8b3e5e5190df3a52bdd6d760f037d45bd9,ComplexDataLab/OpenFake,openfake_pilot_600,real,images/real/a9d929b2aeae89aaeaf6dc22e5dfcb8b3e5e5190df3a52bdd6d760f037d45bd9.jpg,gold_development,42
aa0277fa642774fe5127a0e446f9d7f64cdc77dd90ffdce97ed16b5c1f377cc6,saberzl/SID_Set,sid_set_candidate_1500,fake,images/fake/aa0277fa642774fe5127a0e446f9d7f64cdc77dd90ffdce97ed16b5c1f377cc6.png,unassigned,42
aa068ada86bf0b7edf893e710b7c4c2327f5e2caaf3fcdb684ef1032450d7c03,saberzl/SID_Set,sid_set_candidate_1500,fake,images/fake/aa068ada86bf0b7edf893e710b7c4c2327f5e2caaf3fcdb684ef1032450d7c03.png,unassigned,42
aa0a079e62900c61cd0e7406339ae6459e4fdb4303a208fd577e75c88fe8405d,ComplexDataLab/OpenFake,openfake_additional_900,real,images/real/aa0a079e62900c61cd0e7406339ae6459e4fdb4303a208fd577e75c88fe8405d.jpg,gold_test,42
aa4860f170485f3342809b105101bf947da40660cfa3489d92626be5562b71f9,saberzl/SID_Set,sid_set_candidate_1500,fake,images/fake/aa4860f170485f3342809b105101bf947da40660cfa3489d92626be5562b71f9.png,unassigned,42
aa9508ff8794f2b1151073df6b25eab2eed788814959e1580bc21653625f35d7,ComplexDataLab/OpenFake,openfake_pilot_600,real,images/real/aa9508ff8794f2b1151073df6b25eab2eed788814959e1580bc21653625f35d7.jpg,unassigned,42
aa951e628b91172b3809b32e505380e65ad31f081ec986f6ff38e8bfd3b708d1,saberzl/SID_Set,sid_set_candidate_1500,fake,images/fake/aa951e628b91172b3809b32e505380e65ad31f081ec986f6ff38e8bfd3b708d1.png,unassigned,42
aa988fd2e0476e19dd4d544d9303209c0675e6181f42a730b719b6cd96671147,saberzl/SID_Set,sid_set_candidate_1500,fake,images/fake/aa988fd2e0476e19dd4d544d9303209c0675e6181f42a730b719b6cd96671147.png,unassigned,42
aaa78c2f9b2e06b915e94acf01c25a1e75d7d69b109eb13bee262302757a8a81,ComplexDataLab/OpenFake,openfake_additional_900,fake,images/fake/aaa78c2f9b2e06b915e94acf01c25a1e75d7d69b109eb13bee262302757a8a81.webp,unassigned,42
aac36c7b5a4d0d8ca525f7aef4b6e58bc1e27cc6b76124df78cb685bc80fb355,ComplexDataLab/OpenFake,openfake_additional_900,fake,images/fake/aac36c7b5a4d0d8ca525f7aef4b6e58bc1e27cc6b76124df78cb685bc80fb355.png,unassigned,42
aafff8b7daa172abe264327d4c129732fd4a4fcf98d566fd8f27bea61cdea30d,ComplexDataLab/OpenFake,openfake_additional_900,fake,images/fake/aafff8b7daa172abe264327d4c129732fd4a4fcf98d566fd8f27bea61cdea30d.png,unassigned,42
ab0ec21e097cc09bac3898d60b4f6a02cb7db7903cf8a5e8be6b0e7460a1c1c2,saberzl/SID_Set,sid_set_candidate_1500,real,images/real/ab0ec21e097cc09bac3898d60b4f6a02cb7db7903cf8a5e8be6b0e7460a1c1c2.jpg,unassigned,42
ab23ad0ada7ac2459f40fcec3392d395ec3652c471f98ef1b1cdd40b74035e7e,ComplexDataLab/OpenFake,openfake_additional_900,real,images/real/ab23ad0ada7ac2459f40fcec3392d395ec3652c471f98ef1b1cdd40b74035e7e.jpg,unassigned,42
ab2bdd5044f03f998261a135b62fe176371819876566f03916da85e6cbe3517c,ComplexDataLab/OpenFake,openfake_pilot_600,fake,images/fake/ab2bdd5044f03f998261a135b62fe176371819876566f03916da85e6cbe3517c.png,unassigned,42
ab3280b08d474b9d64bf188064e5553545fbd93904c082ea6ccc3ca6ef2f319b,ComplexDataLab/OpenFake,openfake_additional_900,fake,images/fake/ab3280b08d474b9d64bf188064e5553545fbd93904c082ea6ccc3ca6ef2f319b.jpg,unassigned,42
ab9c4619643a3079281aeec8e4a699d5f9a500dd0291d2b2d335718213344bcb,ComplexDataLab/OpenFake,openfake_additional_900,real,images/real/ab9c4619643a3079281aeec8e4a699d5f9a500dd0291d2b2d335718213344bcb.jpg,gold_test,42
abc15338fae0572abb90f6b8b61665ac693bee5764a6e2a18ab309e3798d0caa,saberzl/SID_Set,sid_set_candidate_1500,real,images/real/abc15338fae0572abb90f6b8b61665ac693bee5764a6e2a18ab309e3798d0caa.jpg,unassigned,42
abc17788d13151f28c50b282a43d91208356b8c153d5eceb5bcf78b010e44775,saberzl/SID_Set,sid_set_candidate_1500,fake,images/fake/abc17788d13151f28c50b282a43d91208356b8c153d5eceb5bcf78b010e44775.png,unassigned,42
abc71dc8dfca2492283dabfacdd81bba4476d81dfa064879a65e8aa84ceeb39d,saberzl/SID_Set,sid_set_candidate_1500,fake,images/fake/abc71dc8dfca2492283dabfacdd81bba4476d81dfa064879a65e8aa84ceeb39d.png,unassigned,42
abd3ab2d7343edab3ba2cd99e2068be8e2d3dd2764b96004a512a2e41fe05e83,saberzl/SID_Set,sid_set_candidate_1500,fake,images/fake/abd3ab2d7343edab3ba2cd99e2068be8e2d3dd2764b96004a512a2e41fe05e83.png,unassigned,42
abd68893fbfcc7044c3b54348d20b8eb763c7794169607143967dcb263692ce6,saberzl/SID_Set,sid_set_candidate_1500,fake,images/fake/abd68893fbfcc7044c3b54348d20b8eb763c7794169607143967dcb263692ce6.png,unassigned,42
abefc87b387316e0a84a276b1073cb220b522255b5bb5b1e3528a6053bb2aed5,saberzl/SID_Set,sid_set_candidate_1500,fake,images/fake/abefc87b387316e0a84a276b1073cb220b522255b5bb5b1e3528a6053bb2aed5.png,unassigned,42
abf5ed3408abfae12e0a9da87e8b044586c4d7b67a315492f27ca5a79e7ba314,saberzl/SID_Set,sid_set_candidate_1500,real,images/real/abf5ed3408abfae12e0a9da87e8b044586c4d7b67a315492f27ca5a79e7ba314.jpg,unassigned,42
abf623a8aeb0db5ecbe4a5c14f74d1e739867bc215a91cfef9cf6ad67548b1e7,ComplexDataLab/OpenFake,openfake_pilot_600,fake,images/fake/abf623a8aeb0db5ecbe4a5c14f74d1e739867bc215a91cfef9cf6ad67548b1e7.png,gold_development,42
ac01aa8e06535d74f4a49afd1ec46850ccf95dd67b4cc95145b36f1b8dcfa3dc,saberzl/SID_Set,sid_set_candidate_1500,real,images/real/ac01aa8e06535d74f4a49afd1ec46850ccf95dd67b4cc95145b36f1b8dcfa3dc.jpg,unassigned,42
ac335e2d5520d7d96bc4689dfc400d054642558e36aa49bfc8e1bcd27dc6646b,saberzl/SID_Set,sid_set_candidate_1500,fake,images/fake/ac335e2d5520d7d96bc4689dfc400d054642558e36aa49bfc8e1bcd27dc6646b.png,gold_test,42
ac464abb6b3a28436d73b4ec81b207d96a06e4a98535297862272b3617ea1380,ComplexDataLab/OpenFake,openfake_additional_900,fake,images/fake/ac464abb6b3a28436d73b4ec81b207d96a06e4a98535297862272b3617ea1380.png,unassigned,42
ac4f8f9e6e90f1eef921fbaf594e05f85caa9b0f423de88989498507b4a5a12b,ComplexDataLab/OpenFake,openfake_additional_900,fake,images/fake/ac4f8f9e6e90f1eef921fbaf594e05f85caa9b0f423de88989498507b4a5a12b.png,unassigned,42
ac68d5be6a7ae33005e523236dd668a747112068d2e22fae097e61f96849538f,ComplexDataLab/OpenFake,openfake_additional_900,fake,images/fake/ac68d5be6a7ae33005e523236dd668a747112068d2e22fae097e61f96849538f.png,unassigned,42
ac89f8ff6b82e2b31a0088bf37e07de09bef34931cd9dbdbf68d770a1d101b6f,ComplexDataLab/OpenFake,openfake_additional_900,real,images/real/ac89f8ff6b82e2b31a0088bf37e07de09bef34931cd9dbdbf68d770a1d101b6f.jpg,unassigned,42
ac910c2572bc0d2ca00c1818d6bfb7b2c663629981b4727f680b8e98c989b7ac,saberzl/SID_Set,sid_set_candidate_1500,fake,images/fake/ac910c2572bc0d2ca00c1818d6bfb7b2c663629981b4727f680b8e98c989b7ac.png,unassigned,42
ace4816b8651359458dd6a5cb5970dc6208672c12957b84c0ef08ecfcee6076f,saberzl/SID_Set,sid_set_candidate_1500,real,images/real/ace4816b8651359458dd6a5cb5970dc6208672c12957b84c0ef08ecfcee6076f.jpg,unassigned,42
ad0fc3fc85cbc004836355e3f7afd6273d5045c268ff2eba6937f6a89e75f6a8,saberzl/SID_Set,sid_set_candidate_1500,real,images/real/ad0fc3fc85cbc004836355e3f7afd6273d5045c268ff2eba6937f6a89e75f6a8.jpg,gold_test,42
ad2a1852fca3dbe822f9c6c88b02d28b0d9738191ad090ce08c9265761e2ce1d,ComplexDataLab/OpenFake,openfake_additional_900,fake,images/fake/ad2a1852fca3dbe822f9c6c88b02d28b0d9738191ad090ce08c9265761e2ce1d.png,unassigned,42
ad2d31d1e6cd53ca72954181803d66a882110fc192875153c1d12529916a4a05,ComplexDataLab/OpenFake,openfake_additional_900,real,images/real/ad2d31d1e6cd53ca72954181803d66a882110fc192875153c1d12529916a4a05.jpg,unassigned,42
ad46abbc609db34f7f9e7aec7b734de0fda1bec95ce184cdca48fbe6a853fcc1,saberzl/SID_Set,sid_set_candidate_1500,real,images/real/ad46abbc609db34f7f9e7aec7b734de0fda1bec95ce184cdca48fbe6a853fcc1.jpg,unassigned,42
ad4f3741e1f35e5ad414fd59346c64e0fadd62c466bd761f5914cc6862789830,ComplexDataLab/OpenFake,openfake_pilot_600,real,images/real/ad4f3741e1f35e5ad414fd59346c64e0fadd62c466bd761f5914cc6862789830.jpg,unassigned,42
ad4ff63587beac58dffdf91956ef71451fcceb5d5e4d82d46c35319d5c1b366a,saberzl/SID_Set,sid_set_candidate_1500,fake,images/fake/ad4ff63587beac58dffdf91956ef71451fcceb5d5e4d82d46c35319d5c1b366a.png,unassigned,42
ad6bdf5b75d076fdc3509c99977bb8668063df36d7834bd9becc259f58477bdb,saberzl/SID_Set,sid_set_candidate_1500,real,images/real/ad6bdf5b75d076fdc3509c99977bb8668063df36d7834bd9becc259f58477bdb.jpg,unassigned,42
ad7c003978de79bc3350847567c9285ef154f782792f62acca4e69c47b11330e,saberzl/SID_Set,sid_set_candidate_1500,fake,images/fake/ad7c003978de79bc3350847567c9285ef154f782792f62acca4e69c47b11330e.png,unassigned,42
ad80b318e713a9810ff1b10aa50781634729a41971bd4bdfd9d27293434944c7,ComplexDataLab/OpenFake,openfake_pilot_600,fake,images/fake/ad80b318e713a9810ff1b10aa50781634729a41971bd4bdfd9d27293434944c7.png,gold_development,42
ad8bb7d46b2e7ccca5db42064a1e4695a49e2af2ea6221f16f842d5b55e8c495,saberzl/SID_Set,sid_set_candidate_1500,fake,images/fake/ad8bb7d46b2e7ccca5db42064a1e4695a49e2af2ea6221f16f842d5b55e8c495.png,unassigned,42
ad9ab8d455fa79aaebc6086ce1601116a1eecd3e28713ee770cc0da41634437b,ComplexDataLab/OpenFake,openfake_pilot_600,real,images/real/ad9ab8d455fa79aaebc6086ce1601116a1eecd3e28713ee770cc0da41634437b.jpg,unassigned,42
adaa1545033358172f85937dec9993673c5ebf5909203b7fce894137a7f09358,ComplexDataLab/OpenFake,openfake_pilot_600,fake,images/fake/adaa1545033358172f85937dec9993673c5ebf5909203b7fce894137a7f09358.png,unassigned,42
adb0ed7fc500633cfc7a1739e081a2413935e7eeecb417f27817ad2d38bb53ba,ComplexDataLab/OpenFake,openfake_pilot_600,real,images/real/adb0ed7fc500633cfc7a1739e081a2413935e7eeecb417f27817ad2d38bb53ba.jpg,unassigned,42
adcfe620fd1d62c67d840e91b53f43a0133904d02c1a8aa44b20edee7687e1cc,ComplexDataLab/OpenFake,openfake_additional_900,fake,images/fake/adcfe620fd1d62c67d840e91b53f43a0133904d02c1a8aa44b20edee7687e1cc.png,unassigned,42
addbf5d2ce48d2d20d05430bdfa36f4e3f44ab23032a55427d95cd4ed01d0b24,ComplexDataLab/OpenFake,openfake_additional_900,real,images/real/addbf5d2ce48d2d20d05430bdfa36f4e3f44ab23032a55427d95cd4ed01d0b24.jpg,unassigned,42
ade5ca43c55b8acfbfe979395fb3c0ed00143dd474baea1937ed7140cbe0e286,ComplexDataLab/OpenFake,openfake_additional_900,real,images/real/ade5ca43c55b8acfbfe979395fb3c0ed00143dd474baea1937ed7140cbe0e286.jpg,unassigned,42
ade9fd796ab48a0acae88445732fc1baef4e7cbd245de21720712c2cb096beb1,ComplexDataLab/OpenFake,openfake_pilot_600,fake,images/fake/ade9fd796ab48a0acae88445732fc1baef4e7cbd245de21720712c2cb096beb1.png,unassigned,42
adf70639c140b6e8fc7773e00d3bad84071a38d2e59b918672c34cb8f982d449,ComplexDataLab/OpenFake,openfake_additional_900,fake,images/fake/adf70639c140b6e8fc7773e00d3bad84071a38d2e59b918672c34cb8f982d449.png,unassigned,42
adfee4f0139a7b35727b7c8d89ce882b20bf3b8467ebd633f94a4078c72afe37,saberzl/SID_Set,sid_set_candidate_1500,real,images/real/adfee4f0139a7b35727b7c8d89ce882b20bf3b8467ebd633f94a4078c72afe37.jpg,unassigned,42
ae054ba0aefe238b4654defefe781888917eb50ff8c1b3b8ddd5fa7557d540b7,saberzl/SID_Set,sid_set_candidate_1500,fake,images/fake/ae054ba0aefe238b4654defefe781888917eb50ff8c1b3b8ddd5fa7557d540b7.png,unassigned,42
ae0bb66822c42d759761a80c01651468cb7e34c62e853a671aaa0bf20c9137c3,saberzl/SID_Set,sid_set_candidate_1500,real,images/real/ae0bb66822c42d759761a80c01651468cb7e34c62e853a671aaa0bf20c9137c3.jpg,unassigned,42
ae1ba58efc6b7b9d6577fd8257a82a58a69b88bc720ff3eda66cc8a146f019e2,saberzl/SID_Set,sid_set_candidate_1500,fake,images/fake/ae1ba58efc6b7b9d6577fd8257a82a58a69b88bc720ff3eda66cc8a146f019e2.png,unassigned,42
ae37eef180ee1b1263b58844777494186aa96bbbb32396f3117c0a43e39cf0e5,saberzl/SID_Set,sid_set_candidate_1500,fake,images/fake/ae37eef180ee1b1263b58844777494186aa96bbbb32396f3117c0a43e39cf0e5.png,gold_test,42
ae8693055ed42b56d656453c0b0f0a5152967f269463e74558a241b745d448e0,saberzl/SID_Set,sid_set_candidate_1500,fake,images/fake/ae8693055ed42b56d656453c0b0f0a5152967f269463e74558a241b745d448e0.png,unassigned,42
ae8871e23c67229536bc36e5704334e6750e1c10395672781c276830cd024644,saberzl/SID_Set,sid_set_candidate_1500,real,images/real/ae8871e23c67229536bc36e5704334e6750e1c10395672781c276830cd024644.jpg,unassigned,42
aea0008075233ac7465687e71ea6998a0d0968c6d73df4adc7b5d651b2e1ddd8,ComplexDataLab/OpenFake,openfake_pilot_600,real,images/real/aea0008075233ac7465687e71ea6998a0d0968c6d73df4adc7b5d651b2e1ddd8.jpg,unassigned,42
aeda4affd38c7e1f159ccdc1e7182063a13ffa8ec6c1c9d0fa4f6b192d895cd7,saberzl/SID_Set,sid_set_candidate_1500,fake,images/fake/aeda4affd38c7e1f159ccdc1e7182063a13ffa8ec6c1c9d0fa4f6b192d895cd7.png,unassigned,42
aef3e9d6a5d9b83031a02c863ca4af7f311f6554db680c6984f3beec62244303,ComplexDataLab/OpenFake,openfake_pilot_600,fake,images/fake/aef3e9d6a5d9b83031a02c863ca4af7f311f6554db680c6984f3beec62244303.jpg,gold_test,42
aefdf042d2cb50e66ba072d2a92acfeed4bba95d659472cb85153aaf883a5eaf,ComplexDataLab/OpenFake,openfake_pilot_600,fake,images/fake/aefdf042d2cb50e66ba072d2a92acfeed4bba95d659472cb85153aaf883a5eaf.png,unassigned,42
af36666f1eaaf06ee2255eb818ffe5da130fed88269ec09ccf4b1f1ac2314945,ComplexDataLab/OpenFake,openfake_pilot_600,fake,images/fake/af36666f1eaaf06ee2255eb818ffe5da130fed88269ec09ccf4b1f1ac2314945.png,unassigned,42
af3a1f1c88de8bdad6f12dd9068349c6f6952a9886f3eb13e181ba3131da6531,ComplexDataLab/OpenFake,openfake_pilot_600,real,images/real/af3a1f1c88de8bdad6f12dd9068349c6f6952a9886f3eb13e181ba3131da6531.jpg,unassigned,42
af3a266205489d1d0093c5d4713a9851ad6e2b321b1c991abb11472143b05db4,ComplexDataLab/OpenFake,openfake_pilot_600,fake,images/fake/af3a266205489d1d0093c5d4713a9851ad6e2b321b1c991abb11472143b05db4.png,unassigned,42
af49f5b7e1f568ab3b7e461d7e8ecb1bd8de72df02189e1f7f2d9fb1e608779a,ComplexDataLab/OpenFake,openfake_additional_900,real,images/real/af49f5b7e1f568ab3b7e461d7e8ecb1bd8de72df02189e1f7f2d9fb1e608779a.jpg,unassigned,42
af4f203010be0cfad83dae2cc43e5a0fccb1fd1e229f2793beeb29ceb3e530c8,ComplexDataLab/OpenFake,openfake_additional_900,fake,images/fake/af4f203010be0cfad83dae2cc43e5a0fccb1fd1e229f2793beeb29ceb3e530c8.png,unassigned,42
af5a0a45d756b394b9b7ea31602fb226f31d0e6e317ceaec329564806e5026d6,ComplexDataLab/OpenFake,openfake_pilot_600,real,images/real/af5a0a45d756b394b9b7ea31602fb226f31d0e6e317ceaec329564806e5026d6.jpg,unassigned,42
af87e5fb0d6db763e2066c626ead94cf44bc59dfa4975c7651aa46a98bca4b6f,saberzl/SID_Set,sid_set_candidate_1500,fake,images/fake/af87e5fb0d6db763e2066c626ead94cf44bc59dfa4975c7651aa46a98bca4b6f.png,unassigned,42
af88819feae5e3514d3b334fa1ab60c6c9e4136891b7c3b863bbbd0cf42342ac,saberzl/SID_Set,sid_set_candidate_1500,real,images/real/af88819feae5e3514d3b334fa1ab60c6c9e4136891b7c3b863bbbd0cf42342ac.jpg,unassigned,42
afa0af2464bfd2bed635039e1e0034b7faad566faf0502a4d4fb161bb722e04e,ComplexDataLab/OpenFake,openfake_pilot_600,real,images/real/afa0af2464bfd2bed635039e1e0034b7faad566faf0502a4d4fb161bb722e04e.jpg,unassigned,42
afb84a89320987580f1d1360bbb2f3c9ce796e14c9a57f571600e9b47309a250,ComplexDataLab/OpenFake,openfake_pilot_600,real,images/real/afb84a89320987580f1d1360bbb2f3c9ce796e14c9a57f571600e9b47309a250.jpg,unassigned,42
afbbeb1517890c33b4a19922d1904d4c36d46ba817935f7fcdd10bf20dc15b3a,saberzl/SID_Set,sid_set_candidate_1500,fake,images/fake/afbbeb1517890c33b4a19922d1904d4c36d46ba817935f7fcdd10bf20dc15b3a.png,unassigned,42
afc67d1b3f2786cd231a6cd967f74fb79bb5d2df3d52b09892d6748e0516578e,ComplexDataLab/OpenFake,openfake_additional_900,real,images/real/afc67d1b3f2786cd231a6cd967f74fb79bb5d2df3d52b09892d6748e0516578e.jpg,unassigned,42
afcabf88faa97c67aea4898767860111eb596d1fbcb385e42b3bd42190db4686,saberzl/SID_Set,sid_set_candidate_1500,fake,images/fake/afcabf88faa97c67aea4898767860111eb596d1fbcb385e42b3bd42190db4686.png,unassigned,42
afe22a3edcb7326e1ea4f41b72237c373cf05793ff7114b5a8fe995ab4794e38,ComplexDataLab/OpenFake,openfake_pilot_600,fake,images/fake/afe22a3edcb7326e1ea4f41b72237c373cf05793ff7114b5a8fe995ab4794e38.png,gold_development,42
b0329d5b8f7a1bd515fa411b77416184ec01630fa645ea68a873708108ad0d5a,saberzl/SID_Set,sid_set_candidate_1500,real,images/real/b0329d5b8f7a1bd515fa411b77416184ec01630fa645ea68a873708108ad0d5a.jpg,unassigned,42
b049fb5d805ef3233ce5489c831582c36018dcb564c7ce3190f40f1a15d6cef1,saberzl/SID_Set,sid_set_candidate_1500,real,images/real/b049fb5d805ef3233ce5489c831582c36018dcb564c7ce3190f40f1a15d6cef1.jpg,unassigned,42
b064f2696f488290d6a9327db95b73c2defccdcacfddb830bf124d46e72ae382,saberzl/SID_Set,sid_set_candidate_1500,real,images/real/b064f2696f488290d6a9327db95b73c2defccdcacfddb830bf124d46e72ae382.jpg,unassigned,42
b06b91bf0874507bd3d6ddf7da178df5167b5507ce7d29682f3be085cb12bc36,ComplexDataLab/OpenFake,openfake_additional_900,fake,images/fake/b06b91bf0874507bd3d6ddf7da178df5167b5507ce7d29682f3be085cb12bc36.png,unassigned,42
b06fe9bfbccc361c79f6c2e6df7f7d79c6530b41d7cc427c6971cf7c27514671,ComplexDataLab/OpenFake,openfake_additional_900,real,images/real/b06fe9bfbccc361c79f6c2e6df7f7d79c6530b41d7cc427c6971cf7c27514671.jpg,unassigned,42
b0945bf9e46b56f2f540e836ea955ff979ec591b2c6c29261060c7605947a8f6,saberzl/SID_Set,sid_set_candidate_1500,real,images/real/b0945bf9e46b56f2f540e836ea955ff979ec591b2c6c29261060c7605947a8f6.jpg,unassigned,42
b09bd149f8e1f0fc42c7b5bfbdcde956e1356ab73b9d81d4506f1029bb3f52cc,saberzl/SID_Set,sid_set_candidate_1500,fake,images/fake/b09bd149f8e1f0fc42c7b5bfbdcde956e1356ab73b9d81d4506f1029bb3f52cc.png,unassigned,42
b0b065bffbd7152f666a685b87c8dfb20497490090871841a7fa79c132704bbf,saberzl/SID_Set,sid_set_candidate_1500,real,images/real/b0b065bffbd7152f666a685b87c8dfb20497490090871841a7fa79c132704bbf.jpg,unassigned,42
b0d348036ed6f32468addd56e1cbac2c9ae56a051bfe63e0f18dab58f59ef991,ComplexDataLab/OpenFake,openfake_pilot_600,real,images/real/b0d348036ed6f32468addd56e1cbac2c9ae56a051bfe63e0f18dab58f59ef991.jpg,unassigned,42
b0e8dd9b3a5310dda59b3caba6a4c6bfe8ea97a6235a8c144c70a2cf24da5506,ComplexDataLab/OpenFake,openfake_additional_900,fake,images/fake/b0e8dd9b3a5310dda59b3caba6a4c6bfe8ea97a6235a8c144c70a2cf24da5506.png,unassigned,42
b105b92089defc43abdad543639f89f13d692f30d94142a34a823702b32cd580,ComplexDataLab/OpenFake,openfake_additional_900,real,images/real/b105b92089defc43abdad543639f89f13d692f30d94142a34a823702b32cd580.jpg,unassigned,42
b11558ea1f118792bbb26e92d5a69ca42c1b24815d81a69f7eb90e54add71040,saberzl/SID_Set,sid_set_candidate_1500,real,images/real/b11558ea1f118792bbb26e92d5a69ca42c1b24815d81a69f7eb90e54add71040.jpg,unassigned,42
b118ae31d79d0693f714fb959fb0427d2b02390cfeea7444d1f7ba23f964b8f3,ComplexDataLab/OpenFake,openfake_pilot_600,fake,images/fake/b118ae31d79d0693f714fb959fb0427d2b02390cfeea7444d1f7ba23f964b8f3.png,gold_development,42
b1219844d3483f0179fd8d9aa243cbfe414a7e4c7c6abc0d22ce5fbc7cf1dd9c,saberzl/SID_Set,sid_set_candidate_1500,real,images/real/b1219844d3483f0179fd8d9aa243cbfe414a7e4c7c6abc0d22ce5fbc7cf1dd9c.jpg,unassigned,42
b121de150f62ab984b0e43ccd74079b20bdebebc7c2d81b78a1d9ecb10b5b618,saberzl/SID_Set,sid_set_candidate_1500,fake,images/fake/b121de150f62ab984b0e43ccd74079b20bdebebc7c2d81b78a1d9ecb10b5b618.png,unassigned,42
b149341d6e7ddc72cd7a33a553a081abcf46e3817fdd911215c9d0fa939ea5c2,saberzl/SID_Set,sid_set_candidate_1500,real,images/real/b149341d6e7ddc72cd7a33a553a081abcf46e3817fdd911215c9d0fa939ea5c2.jpg,unassigned,42
b15272e3dd65e4c16b66287f67d14308c26f8466ba26acc84db72901d6fdf70b,saberzl/SID_Set,sid_set_candidate_1500,fake,images/fake/b15272e3dd65e4c16b66287f67d14308c26f8466ba26acc84db72901d6fdf70b.png,unassigned,42
b15e44ed3282127ff2a175d4545be9fef4d6fe48924d20f698d5b700aa9c81eb,ComplexDataLab/OpenFake,openfake_pilot_600,real,images/real/b15e44ed3282127ff2a175d4545be9fef4d6fe48924d20f698d5b700aa9c81eb.jpg,unassigned,42
b1632949448f5c018a993c51b2d8598e21afd31795901bd590259f5b16077de7,saberzl/SID_Set,sid_set_candidate_1500,real,images/real/b1632949448f5c018a993c51b2d8598e21afd31795901bd590259f5b16077de7.jpg,unassigned,42
b19f7071b020fbbbbd63f39bf157207085357ad3ea2a70e3d0268972aa97b6b1,ComplexDataLab/OpenFake,openfake_additional_900,fake,images/fake/b19f7071b020fbbbbd63f39bf157207085357ad3ea2a70e3d0268972aa97b6b1.png,unassigned,42
b1cc32d56565d43b3adbe6d49499ab0ddf9bc8a302685dff897b5af2372f3efb,saberzl/SID_Set,sid_set_candidate_1500,real,images/real/b1cc32d56565d43b3adbe6d49499ab0ddf9bc8a302685dff897b5af2372f3efb.jpg,unassigned,42
b234032ed18cf73b83e71534da3845da51b54d23c37022585a1b3a158fdae367,saberzl/SID_Set,sid_set_candidate_1500,real,images/real/b234032ed18cf73b83e71534da3845da51b54d23c37022585a1b3a158fdae367.jpg,unassigned,42
b2555488817f591b559538d7b6b4794359c67daec417b33a10f348a9c7e9ed3f,saberzl/SID_Set,sid_set_candidate_1500,real,images/real/b2555488817f591b559538d7b6b4794359c67daec417b33a10f348a9c7e9ed3f.jpg,unassigned,42
b26dadb94a1457f74cb1bc2d52c883584643b00c13fc95475712085bc14ad729,ComplexDataLab/OpenFake,openfake_additional_900,real,images/real/b26dadb94a1457f74cb1bc2d52c883584643b00c13fc95475712085bc14ad729.jpg,unassigned,42
b2820b1035e777f80163a27d9ec7fc74a93885e736a94764821eb81c6e98420e,ComplexDataLab/OpenFake,openfake_pilot_600,real,images/real/b2820b1035e777f80163a27d9ec7fc74a93885e736a94764821eb81c6e98420e.jpg,unassigned,42
b29a5fdc6543db88e4015480882499ae224b0c242922dd56780fe3a90ecfa416,ComplexDataLab/OpenFake,openfake_additional_900,real,images/real/b29a5fdc6543db88e4015480882499ae224b0c242922dd56780fe3a90ecfa416.jpg,unassigned,42
b2ade3507df358993f3278c95ede5a31b740f730c952c1dc050b98204e6fd888,ComplexDataLab/OpenFake,openfake_additional_900,fake,images/fake/b2ade3507df358993f3278c95ede5a31b740f730c952c1dc050b98204e6fd888.png,unassigned,42
b2c44efd69b65ba6668b765bb56e6bd5c0b2414652a14736960a3cd648099e5c,saberzl/SID_Set,sid_set_candidate_1500,fake,images/fake/b2c44efd69b65ba6668b765bb56e6bd5c0b2414652a14736960a3cd648099e5c.png,unassigned,42
b2cb739e1aa38e73ea7cd9b849294027374eb622d0c00c036e907a3e6ff094cc,ComplexDataLab/OpenFake,openfake_additional_900,fake,images/fake/b2cb739e1aa38e73ea7cd9b849294027374eb622d0c00c036e907a3e6ff094cc.png,gold_test,42
b2db9a5933cb0d8157bf8530007891406a7486c3be447c8cf9a62c8d4333f90d,ComplexDataLab/OpenFake,openfake_pilot_600,fake,images/fake/b2db9a5933cb0d8157bf8530007891406a7486c3be447c8cf9a62c8d4333f90d.png,unassigned,42
b2eb9dd58be33636b3e492afa15cd98ae1ebc3d3df687191bcb4d47b641b1ef9,saberzl/SID_Set,sid_set_candidate_1500,fake,images/fake/b2eb9dd58be33636b3e492afa15cd98ae1ebc3d3df687191bcb4d47b641b1ef9.png,unassigned,42
b304b7cacb2762e3046f1f9abe4ad134311e1ab82e99c2826186343181c3420e,ComplexDataLab/OpenFake,openfake_additional_900,real,images/real/b304b7cacb2762e3046f1f9abe4ad134311e1ab82e99c2826186343181c3420e.jpg,unassigned,42
b3064e4e48b86207e4718fce7339bc05afcd9235a9b4ced6ff9bb63c7a5881b5,saberzl/SID_Set,sid_set_candidate_1500,fake,images/fake/b3064e4e48b86207e4718fce7339bc05afcd9235a9b4ced6ff9bb63c7a5881b5.png,unassigned,42
b3079459459f503f5c78975144b05a59049018e6e2b6759daeda414af5f49410,saberzl/SID_Set,sid_set_candidate_1500,real,images/real/b3079459459f503f5c78975144b05a59049018e6e2b6759daeda414af5f49410.jpg,unassigned,42
b308338cb3c2189446e9ad8a02ec3d2cf98ca8f2e5415f3b980828db98ba5654,saberzl/SID_Set,sid_set_candidate_1500,fake,images/fake/b308338cb3c2189446e9ad8a02ec3d2cf98ca8f2e5415f3b980828db98ba5654.png,unassigned,42
b31118259ef88ed58ce1ffb0ffb3670cd87485d903f65f7a89b40f4c5672f2a8,ComplexDataLab/OpenFake,openfake_pilot_600,fake,images/fake/b31118259ef88ed58ce1ffb0ffb3670cd87485d903f65f7a89b40f4c5672f2a8.png,unassigned,42
b3178540a1dff17f292fc29bbccf2e3b163ce1cba926c0c5c9cf81014fa9b60b,ComplexDataLab/OpenFake,openfake_additional_900,fake,images/fake/b3178540a1dff17f292fc29bbccf2e3b163ce1cba926c0c5c9cf81014fa9b60b.png,unassigned,42
b31ef476dd98de94f0945bc4d79aab2c6171f8129dae0cfd34a16268b7a5e5bb,ComplexDataLab/OpenFake,openfake_pilot_600,fake,images/fake/b31ef476dd98de94f0945bc4d79aab2c6171f8129dae0cfd34a16268b7a5e5bb.png,unassigned,42
b36405f5b003015e0e77730044c8d9c045d185f38f664074b8a49c0e7c8572d4,ComplexDataLab/OpenFake,openfake_additional_900,real,images/real/b36405f5b003015e0e77730044c8d9c045d185f38f664074b8a49c0e7c8572d4.jpg,unassigned,42
b37d7459799ec8d00492778d3fc9a0428bd613cb998c780200c1c85aaae3eaf4,saberzl/SID_Set,sid_set_candidate_1500,real,images/real/b37d7459799ec8d00492778d3fc9a0428bd613cb998c780200c1c85aaae3eaf4.jpg,gold_test,42
b38c04f7602846eacfee423bdb2c72dbd767a77ab2be2a37a0e0d8959f9f0edc,saberzl/SID_Set,sid_set_candidate_1500,real,images/real/b38c04f7602846eacfee423bdb2c72dbd767a77ab2be2a37a0e0d8959f9f0edc.jpg,unassigned,42
b391c6301c7309c91ff4cae743d67ff226651cc394ca1fc4b619d5106d340da4,saberzl/SID_Set,sid_set_candidate_1500,fake,images/fake/b391c6301c7309c91ff4cae743d67ff226651cc394ca1fc4b619d5106d340da4.png,unassigned,42
b39392ed2ca5b09387a05792ca33e49e5908886a6189c9b5b62697276ce50161,ComplexDataLab/OpenFake,openfake_additional_900,real,images/real/b39392ed2ca5b09387a05792ca33e49e5908886a6189c9b5b62697276ce50161.jpg,unassigned,42
b39e3fed2170bd86b1c480010a2e967f402c1a0173dd3a3f4ad90cc89d765ab3,ComplexDataLab/OpenFake,openfake_additional_900,real,images/real/b39e3fed2170bd86b1c480010a2e967f402c1a0173dd3a3f4ad90cc89d765ab3.jpg,unassigned,42
b3fce137d48976ef19a1f4c472b67b2a5b457a1da0b0f12facb3276f6dbf800f,ComplexDataLab/OpenFake,openfake_pilot_600,real,images/real/b3fce137d48976ef19a1f4c472b67b2a5b457a1da0b0f12facb3276f6dbf800f.jpg,unassigned,42
b44c9a053998797db98f9150636ced9dda2e5f916f76546f33eae271ba3274aa,ComplexDataLab/OpenFake,openfake_additional_900,fake,images/fake/b44c9a053998797db98f9150636ced9dda2e5f916f76546f33eae271ba3274aa.jpg,unassigned,42
b456c31ac936247b1cc4ac4ec9517352d4723a4ab32156d0078923ad07b7bfe6,ComplexDataLab/OpenFake,openfake_pilot_600,real,images/real/b456c31ac936247b1cc4ac4ec9517352d4723a4ab32156d0078923ad07b7bfe6.jpg,gold_development,42
b4597167dc83abb60faaca3719f92b6da9451bc17a55b972f6c10dcd1d74addd,ComplexDataLab/OpenFake,openfake_additional_900,fake,images/fake/b4597167dc83abb60faaca3719f92b6da9451bc17a55b972f6c10dcd1d74addd.png,unassigned,42
b46ef81de7dfd73e8534651ae9e69fa2cbcdaeaaf9dc6fe0b1211eea479ee885,ComplexDataLab/OpenFake,openfake_pilot_600,fake,images/fake/b46ef81de7dfd73e8534651ae9e69fa2cbcdaeaaf9dc6fe0b1211eea479ee885.png,unassigned,42
b49ac49754b262b30bcb623611174f7de0a8b671b629e1a44060f6301063797a,ComplexDataLab/OpenFake,openfake_pilot_600,fake,images/fake/b49ac49754b262b30bcb623611174f7de0a8b671b629e1a44060f6301063797a.png,unassigned,42
b49e257e2494856054e81dee2aff78ccccf05514805ed5838e47882d68ca611f,ComplexDataLab/OpenFake,openfake_additional_900,real,images/real/b49e257e2494856054e81dee2aff78ccccf05514805ed5838e47882d68ca611f.jpg,gold_test,42
b4a82aa390209e5446a22261041ef120fc4081c08e6f9eba1809a77fbd262b62,ComplexDataLab/OpenFake,openfake_additional_900,real,images/real/b4a82aa390209e5446a22261041ef120fc4081c08e6f9eba1809a77fbd262b62.jpg,unassigned,42
b4abd5589bd9165beedc0a89393228cd42d03f8181f782adf3568cfd53cb46f3,ComplexDataLab/OpenFake,openfake_pilot_600,fake,images/fake/b4abd5589bd9165beedc0a89393228cd42d03f8181f782adf3568cfd53cb46f3.png,unassigned,42
b4aee5b2db92b4199f8fb2cf2e0c118f26d4acbc51a24aad29d2861a1072e495,ComplexDataLab/OpenFake,openfake_additional_900,fake,images/fake/b4aee5b2db92b4199f8fb2cf2e0c118f26d4acbc51a24aad29d2861a1072e495.png,unassigned,42
b4bd8706ed1bd8820f2e682dc9acf18c6eb3cf3e4cc23f23d356ead38953987c,ComplexDataLab/OpenFake,openfake_pilot_600,fake,images/fake/b4bd8706ed1bd8820f2e682dc9acf18c6eb3cf3e4cc23f23d356ead38953987c.png,gold_development,42
b4cb1bfb434471caa0520482813b1919efd054932892464e6e629080f029bb58,saberzl/SID_Set,sid_set_candidate_1500,real,images/real/b4cb1bfb434471caa0520482813b1919efd054932892464e6e629080f029bb58.jpg,unassigned,42
b4f4d7f660943ca2db164ff4f07e8d4915354ba2f05e20827f2d0469b6a5c937,saberzl/SID_Set,sid_set_candidate_1500,fake,images/fake/b4f4d7f660943ca2db164ff4f07e8d4915354ba2f05e20827f2d0469b6a5c937.png,unassigned,42
b4fa42808c3ecab3684ecc2e4aac2bae76961e540e80990a54602e8e5e8f9347,saberzl/SID_Set,sid_set_candidate_1500,real,images/real/b4fa42808c3ecab3684ecc2e4aac2bae76961e540e80990a54602e8e5e8f9347.jpg,unassigned,42
b5134cb92892b452ecae7d738a0e5ffb2c71b6440e356e2f15361e49ce2b91ba,saberzl/SID_Set,sid_set_candidate_1500,real,images/real/b5134cb92892b452ecae7d738a0e5ffb2c71b6440e356e2f15361e49ce2b91ba.jpg,unassigned,42
b52089b34726d7967c424ced3f7da564c6e4c63711c3d107ee463526359653ac,ComplexDataLab/OpenFake,openfake_additional_900,real,images/real/b52089b34726d7967c424ced3f7da564c6e4c63711c3d107ee463526359653ac.jpg,unassigned,42
b52277a6d68c6f53b57d81abdc187b860a820b8652febdb623f6c122d7dc828a,ComplexDataLab/OpenFake,openfake_additional_900,real,images/real/b52277a6d68c6f53b57d81abdc187b860a820b8652febdb623f6c122d7dc828a.jpg,unassigned,42
b5710e93f1bc7aeed4d711790bd1cd5939f33756ddc2eb17bc078a0095ab7425,ComplexDataLab/OpenFake,openfake_additional_900,real,images/real/b5710e93f1bc7aeed4d711790bd1cd5939f33756ddc2eb17bc078a0095ab7425.jpg,unassigned,42
b573859bf86b52f543da2000a952ecb5f3960a141bdbf79d2fd57bf77acfd44e,ComplexDataLab/OpenFake,openfake_pilot_600,fake,images/fake/b573859bf86b52f543da2000a952ecb5f3960a141bdbf79d2fd57bf77acfd44e.png,unassigned,42
b5cd6d04d6f1749674abb50c0633c2aadaaa2344908aede43a947207eee7bed4,saberzl/SID_Set,sid_set_candidate_1500,fake,images/fake/b5cd6d04d6f1749674abb50c0633c2aadaaa2344908aede43a947207eee7bed4.png,unassigned,42
b5cf5c428bee66b49c5f8f3d77ba95cb7f385b1fb3252bffa8581d735a1f1563,saberzl/SID_Set,sid_set_candidate_1500,fake,images/fake/b5cf5c428bee66b49c5f8f3d77ba95cb7f385b1fb3252bffa8581d735a1f1563.png,unassigned,42
b5ebdbf92e893e49eb8f71b10c8efecfe02c9aca91d4e7245e37afe52753b230,saberzl/SID_Set,sid_set_candidate_1500,real,images/real/b5ebdbf92e893e49eb8f71b10c8efecfe02c9aca91d4e7245e37afe52753b230.jpg,unassigned,42
b63735d990e0ccb253dc1227489b870fd181c591fcb29f940bdee85c8a772525,ComplexDataLab/OpenFake,openfake_additional_900,real,images/real/b63735d990e0ccb253dc1227489b870fd181c591fcb29f940bdee85c8a772525.jpg,unassigned,42
b657d0d14effde4d94e572d48f154d76880ad947cdfa780e06c47fa41e7ecd21,ComplexDataLab/OpenFake,openfake_additional_900,real,images/real/b657d0d14effde4d94e572d48f154d76880ad947cdfa780e06c47fa41e7ecd21.jpg,unassigned,42
b65abc1ac6ce8d889b05724dc632af805d0440e947e1e865813c475dbeccbbb6,saberzl/SID_Set,sid_set_candidate_1500,real,images/real/b65abc1ac6ce8d889b05724dc632af805d0440e947e1e865813c475dbeccbbb6.jpg,unassigned,42
b675c20fd32f00570aa7e8d76cd861beef4aa8aa642ecc22939a666d83dd8605,saberzl/SID_Set,sid_set_candidate_1500,fake,images/fake/b675c20fd32f00570aa7e8d76cd861beef4aa8aa642ecc22939a666d83dd8605.png,unassigned,42
b67d9200e858585819b350fae396cf4c17e22248feb7edececcf47ba21e2b3cf,saberzl/SID_Set,sid_set_candidate_1500,real,images/real/b67d9200e858585819b350fae396cf4c17e22248feb7edececcf47ba21e2b3cf.jpg,unassigned,42
b67d959293387352e0d38c8e9f7c97a03d6cbb155148fb9721d840fff1d8485c,ComplexDataLab/OpenFake,openfake_additional_900,real,images/real/b67d959293387352e0d38c8e9f7c97a03d6cbb155148fb9721d840fff1d8485c.jpg,unassigned,42
b6945a02c93e539c26d84ff9f6524134f54f33cff10b3ac4aa6662a5c92fc26d,ComplexDataLab/OpenFake,openfake_pilot_600,real,images/real/b6945a02c93e539c26d84ff9f6524134f54f33cff10b3ac4aa6662a5c92fc26d.jpg,unassigned,42
b6948df158882bace7224702be0692131022109236cc299c7d5e2af962909844,ComplexDataLab/OpenFake,openfake_additional_900,real,images/real/b6948df158882bace7224702be0692131022109236cc299c7d5e2af962909844.jpg,unassigned,42
b6970f4435d5d661d649657b34af410258a5fa092a7e439c4642741fdf13e368,ComplexDataLab/OpenFake,openfake_pilot_600,fake,images/fake/b6970f4435d5d661d649657b34af410258a5fa092a7e439c4642741fdf13e368.png,unassigned,42
b6a5c056f8c488adf17123df17e510cbc2cf90255970526291cb7b5f4848d6cf,ComplexDataLab/OpenFake,openfake_additional_900,real,images/real/b6a5c056f8c488adf17123df17e510cbc2cf90255970526291cb7b5f4848d6cf.jpg,unassigned,42
b6c6c41f6a673739a3914f18e14e498f51f14b3037017c93851e260671c16a44,ComplexDataLab/OpenFake,openfake_additional_900,real,images/real/b6c6c41f6a673739a3914f18e14e498f51f14b3037017c93851e260671c16a44.jpg,gold_test,42
b6dd00d6191e8590c2eeaaf374d99f482376b4749c0f0cd2625be98ee5890722,saberzl/SID_Set,sid_set_candidate_1500,fake,images/fake/b6dd00d6191e8590c2eeaaf374d99f482376b4749c0f0cd2625be98ee5890722.png,unassigned,42
b6e29b63ea0d46e1af8f1720cc0503acf286a3745828b47d4b82bbf9a46adb8a,ComplexDataLab/OpenFake,openfake_pilot_600,fake,images/fake/b6e29b63ea0d46e1af8f1720cc0503acf286a3745828b47d4b82bbf9a46adb8a.png,unassigned,42
b6e9cafa167867723d906567b1ae27e2047ff4a1a8ae6a558c62d4efb153a0bb,saberzl/SID_Set,sid_set_candidate_1500,real,images/real/b6e9cafa167867723d906567b1ae27e2047ff4a1a8ae6a558c62d4efb153a0bb.jpg,gold_test,42
b7281f4038ea120d91482303cc3c12b6a87f4ef4ae3f611ac3d3be4e4c86419f,ComplexDataLab/OpenFake,openfake_additional_900,real,images/real/b7281f4038ea120d91482303cc3c12b6a87f4ef4ae3f611ac3d3be4e4c86419f.jpg,unassigned,42
b74b388e59e3067106a821b9efb29fcd3df9ee380a50c1aafb56af3b9dbfb350,saberzl/SID_Set,sid_set_candidate_1500,real,images/real/b74b388e59e3067106a821b9efb29fcd3df9ee380a50c1aafb56af3b9dbfb350.jpg,unassigned,42
b75ca861d01fb62075507040abd1ba17b5a989d9b4ba55290d77b00a44fa9b80,saberzl/SID_Set,sid_set_candidate_1500,fake,images/fake/b75ca861d01fb62075507040abd1ba17b5a989d9b4ba55290d77b00a44fa9b80.png,unassigned,42
b76852d2a08cd3ad26d43df50db1b60d6fbcb3b7325b5080b48a8167a992ce0c,saberzl/SID_Set,sid_set_candidate_1500,fake,images/fake/b76852d2a08cd3ad26d43df50db1b60d6fbcb3b7325b5080b48a8167a992ce0c.png,unassigned,42
b77dcbd666f8331082a2fbe8392d0eca1b3095ac0a77c3115c4d02670f909f23,saberzl/SID_Set,sid_set_candidate_1500,real,images/real/b77dcbd666f8331082a2fbe8392d0eca1b3095ac0a77c3115c4d02670f909f23.jpg,gold_test,42
b78616a6d905514a92e20bf8b1f8c5b29113ab0b137a005b6689d4fdc8b139ef,saberzl/SID_Set,sid_set_candidate_1500,fake,images/fake/b78616a6d905514a92e20bf8b1f8c5b29113ab0b137a005b6689d4fdc8b139ef.png,gold_test,42
b792f31db8e7fb0a35871cd048eece8303c42f8fef1731a514fde904e68ff708,ComplexDataLab/OpenFake,openfake_additional_900,real,images/real/b792f31db8e7fb0a35871cd048eece8303c42f8fef1731a514fde904e68ff708.jpg,unassigned,42
b793ec7a676668c634b0acfd048019f3318102be5e37831bb1667e891276e495,ComplexDataLab/OpenFake,openfake_pilot_600,real,images/real/b793ec7a676668c634b0acfd048019f3318102be5e37831bb1667e891276e495.jpg,gold_development,42
b7b04b65b39c02404ee447c89c82e217f543ea22fea5b8ce7cb5bea08d6fa3c7,ComplexDataLab/OpenFake,openfake_additional_900,fake,images/fake/b7b04b65b39c02404ee447c89c82e217f543ea22fea5b8ce7cb5bea08d6fa3c7.png,unassigned,42
b7c2567f352d9c6dfb927d2338e2b989cf338f95af2acb300d5182cd1b20326c,ComplexDataLab/OpenFake,openfake_pilot_600,fake,images/fake/b7c2567f352d9c6dfb927d2338e2b989cf338f95af2acb300d5182cd1b20326c.png,unassigned,42
b7c56f11f38d0479034ed4c3e58e1d03d41aa17599f42b8a1e2a6f8a7a472261,ComplexDataLab/OpenFake,openfake_additional_900,fake,images/fake/b7c56f11f38d0479034ed4c3e58e1d03d41aa17599f42b8a1e2a6f8a7a472261.png,unassigned,42
b8134878210c7ed4e1c6477214d421fc62ad6d8a27d38ed33e45b81f818ae4a7,saberzl/SID_Set,sid_set_candidate_1500,fake,images/fake/b8134878210c7ed4e1c6477214d421fc62ad6d8a27d38ed33e45b81f818ae4a7.png,unassigned,42
b82aee2afb308019e6b1794d49d8e48eb391d1cbd4d60f8b5e543110fce82b14,ComplexDataLab/OpenFake,openfake_additional_900,fake,images/fake/b82aee2afb308019e6b1794d49d8e48eb391d1cbd4d60f8b5e543110fce82b14.png,unassigned,42
b8444ab0e4ffa409444183569ab7da0cb2061b4407bfe8f42ebcc2954fadade4,saberzl/SID_Set,sid_set_candidate_1500,fake,images/fake/b8444ab0e4ffa409444183569ab7da0cb2061b4407bfe8f42ebcc2954fadade4.png,unassigned,42
b8458bdcad8e15399844d58bda23312b744156dcdb620e84e1b12a205b472707,ComplexDataLab/OpenFake,openfake_pilot_600,fake,images/fake/b8458bdcad8e15399844d58bda23312b744156dcdb620e84e1b12a205b472707.jpg,unassigned,42
b84aeb44d07ddd976764fb43760e93d4d07c41cdd99f817a83334721756179ce,saberzl/SID_Set,sid_set_candidate_1500,real,images/real/b84aeb44d07ddd976764fb43760e93d4d07c41cdd99f817a83334721756179ce.jpg,unassigned,42
b86638534a7cc70f637f51c5440f87b718c86457a0a0c01c6507196f2b75c77e,ComplexDataLab/OpenFake,openfake_pilot_600,fake,images/fake/b86638534a7cc70f637f51c5440f87b718c86457a0a0c01c6507196f2b75c77e.png,unassigned,42
b8a93add3b8274875818780f58d918a8ef1209e749b2742c1b44989c1582cd43,ComplexDataLab/OpenFake,openfake_pilot_600,fake,images/fake/b8a93add3b8274875818780f58d918a8ef1209e749b2742c1b44989c1582cd43.png,gold_development,42
b8d15cb5db5e44e22429599c4b4b4ae76c368bc14a664a9255e5fd0dc94faa08,ComplexDataLab/OpenFake,openfake_additional_900,real,images/real/b8d15cb5db5e44e22429599c4b4b4ae76c368bc14a664a9255e5fd0dc94faa08.jpg,unassigned,42
b8d956c3fb03608bc327b23a40768f99574fa212532c6a8ed5a419f16bbd9f3d,ComplexDataLab/OpenFake,openfake_pilot_600,real,images/real/b8d956c3fb03608bc327b23a40768f99574fa212532c6a8ed5a419f16bbd9f3d.jpg,unassigned,42
b8db655f02b94485fd52b7156ea6c6d7f4a1b2c73757857add89391b4a939f0b,ComplexDataLab/OpenFake,openfake_pilot_600,real,images/real/b8db655f02b94485fd52b7156ea6c6d7f4a1b2c73757857add89391b4a939f0b.jpg,unassigned,42
b8dfdeb99f9f643d801f1be9d17daa1c042d04ca81af8831078c48cbbf6b2e1b,ComplexDataLab/OpenFake,openfake_pilot_600,fake,images/fake/b8dfdeb99f9f643d801f1be9d17daa1c042d04ca81af8831078c48cbbf6b2e1b.png,unassigned,42
b906e53c6f5e82d5ab095a626cf8b41f7dd1c060efec086d44710bd839247d24,ComplexDataLab/OpenFake,openfake_pilot_600,real,images/real/b906e53c6f5e82d5ab095a626cf8b41f7dd1c060efec086d44710bd839247d24.jpg,unassigned,42
b923386ecfb6ccb2be530ad36b25afbf13aa27366cac35e85381a066cb82df85,ComplexDataLab/OpenFake,openfake_pilot_600,fake,images/fake/b923386ecfb6ccb2be530ad36b25afbf13aa27366cac35e85381a066cb82df85.png,gold_development,42
b93c7476d73a628c19e3c337626e9ae1e61a6710710e4735a41d0a2efc57cc0a,ComplexDataLab/OpenFake,openfake_pilot_600,fake,images/fake/b93c7476d73a628c19e3c337626e9ae1e61a6710710e4735a41d0a2efc57cc0a.png,unassigned,42
b9554a9f45f8755273ffe7a48e4636c005f683314cad4e094fb2189510975161,ComplexDataLab/OpenFake,openfake_pilot_600,real,images/real/b9554a9f45f8755273ffe7a48e4636c005f683314cad4e094fb2189510975161.jpg,unassigned,42
b995e411df5d86c75b618d51cc89343ad565dd23c7744b19d755fbebbb91b8be,saberzl/SID_Set,sid_set_candidate_1500,fake,images/fake/b995e411df5d86c75b618d51cc89343ad565dd23c7744b19d755fbebbb91b8be.png,gold_test,42
b99a4d8dcbab4de120fabe29606bc536fb7959a8d968fe9114a215d988af7d38,ComplexDataLab/OpenFake,openfake_additional_900,fake,images/fake/b99a4d8dcbab4de120fabe29606bc536fb7959a8d968fe9114a215d988af7d38.webp,unassigned,42
b99d0e9a67df3c1eb2173138810df50f5a61c39c31e746f0b3078fba5a22adf8,ComplexDataLab/OpenFake,openfake_additional_900,real,images/real/b99d0e9a67df3c1eb2173138810df50f5a61c39c31e746f0b3078fba5a22adf8.jpg,unassigned,42
b9a4c4ffb8e7379f308ddbeca682765246039dc08eaf7b432a788c3fe81010cb,ComplexDataLab/OpenFake,openfake_pilot_600,fake,images/fake/b9a4c4ffb8e7379f308ddbeca682765246039dc08eaf7b432a788c3fe81010cb.png,unassigned,42
b9ab65c3803be04870f501ce1f76c287413a4829cf8512e173546d17e5b749c5,ComplexDataLab/OpenFake,openfake_additional_900,fake,images/fake/b9ab65c3803be04870f501ce1f76c287413a4829cf8512e173546d17e5b749c5.jpg,unassigned,42
b9af8a2df88eaf15abcb69137c6f0d26e9097297c76d4a2f24d6a27f84a3b07b,ComplexDataLab/OpenFake,openfake_additional_900,real,images/real/b9af8a2df88eaf15abcb69137c6f0d26e9097297c76d4a2f24d6a27f84a3b07b.jpg,unassigned,42
b9f1e762b09ba6327a27128d8126a411126e5a30ca9d7c80bc2c5510c3ee5ea8,ComplexDataLab/OpenFake,openfake_additional_900,fake,images/fake/b9f1e762b09ba6327a27128d8126a411126e5a30ca9d7c80bc2c5510c3ee5ea8.png,unassigned,42
b9f28a9c7e25db31da55ef294770b11995d157a819817761fc8513dd75ba304d,saberzl/SID_Set,sid_set_candidate_1500,real,images/real/b9f28a9c7e25db31da55ef294770b11995d157a819817761fc8513dd75ba304d.jpg,unassigned,42
ba3559b3e0f7b7792ff682688f131919a2ac67b945caeba2e9f166b4411aa93f,saberzl/SID_Set,sid_set_candidate_1500,real,images/real/ba3559b3e0f7b7792ff682688f131919a2ac67b945caeba2e9f166b4411aa93f.jpg,unassigned,42
ba39b106206997025ec9b50e0a7d42b26dcf1ecc27ce0a3e01163f141c88bd09,ComplexDataLab/OpenFake,openfake_pilot_600,real,images/real/ba39b106206997025ec9b50e0a7d42b26dcf1ecc27ce0a3e01163f141c88bd09.jpg,gold_development,42
ba39eff05727c0645b89f0e4c64dcde6d90a0d33dfc9e095c722c0983e10d056,saberzl/SID_Set,sid_set_candidate_1500,real,images/real/ba39eff05727c0645b89f0e4c64dcde6d90a0d33dfc9e095c722c0983e10d056.jpg,unassigned,42
ba54696c0e84b77fa815b730c32817576300a918349557e1613bfe475a288b7a,saberzl/SID_Set,sid_set_candidate_1500,fake,images/fake/ba54696c0e84b77fa815b730c32817576300a918349557e1613bfe475a288b7a.png,unassigned,42
ba81dcda51ba351cc99b5d14b2ab9b84e83372869268a1738b84bf9fb4974455,ComplexDataLab/OpenFake,openfake_additional_900,fake,images/fake/ba81dcda51ba351cc99b5d14b2ab9b84e83372869268a1738b84bf9fb4974455.png,unassigned,42
bacaffab9df3b4c7154ff12c2717bee72bcfd94c71ff284757b71180bd1c4ac3,ComplexDataLab/OpenFake,openfake_pilot_600,fake,images/fake/bacaffab9df3b4c7154ff12c2717bee72bcfd94c71ff284757b71180bd1c4ac3.png,gold_development,42
bad2eb561e967dcbecc626158803fb60907c1d9340e655543b0323a017a4ebac,saberzl/SID_Set,sid_set_candidate_1500,fake,images/fake/bad2eb561e967dcbecc626158803fb60907c1d9340e655543b0323a017a4ebac.png,gold_test,42
baf4e340d006eff83cd83fe4abff8956937133d431eeb71c63610c052aeebc69,saberzl/SID_Set,sid_set_candidate_1500,fake,images/fake/baf4e340d006eff83cd83fe4abff8956937133d431eeb71c63610c052aeebc69.png,unassigned,42
bafe20e9c999f953a9b97c829326e5c0d5414184bb76f5440d533420808489f7,saberzl/SID_Set,sid_set_candidate_1500,fake,images/fake/bafe20e9c999f953a9b97c829326e5c0d5414184bb76f5440d533420808489f7.png,unassigned,42
bb097c1f48d9a2fabe5e6d92cf3696dde4d0cdc28f6a42e3063b9f6f18c75035,ComplexDataLab/OpenFake,openfake_additional_900,real,images/real/bb097c1f48d9a2fabe5e6d92cf3696dde4d0cdc28f6a42e3063b9f6f18c75035.jpg,unassigned,42
bb1c594760514a8c7c94401811ddc6c73e6efbf22a1dcafa5d2dbb493e4927c8,ComplexDataLab/OpenFake,openfake_additional_900,real,images/real/bb1c594760514a8c7c94401811ddc6c73e6efbf22a1dcafa5d2dbb493e4927c8.jpg,unassigned,42
bb2c47d1f0af52f3e11d36cef8778ecbc7faa5a6630a25244706d808cebcde66,saberzl/SID_Set,sid_set_candidate_1500,real,images/real/bb2c47d1f0af52f3e11d36cef8778ecbc7faa5a6630a25244706d808cebcde66.jpg,unassigned,42
bb3bf59ff021639b567ef56cdd96b4bab904f3ad583d5b752b483eca16693264,saberzl/SID_Set,sid_set_candidate_1500,real,images/real/bb3bf59ff021639b567ef56cdd96b4bab904f3ad583d5b752b483eca16693264.jpg,unassigned,42
bb6bde7464e499aa217c61b588a2480726f17a2a78a9f62751383d985abb527f,saberzl/SID_Set,sid_set_candidate_1500,real,images/real/bb6bde7464e499aa217c61b588a2480726f17a2a78a9f62751383d985abb527f.jpg,unassigned,42
bb832fd2886ee62af8865ab172f8901a2f02cb3a1a10009f48af26578854b211,saberzl/SID_Set,sid_set_candidate_1500,real,images/real/bb832fd2886ee62af8865ab172f8901a2f02cb3a1a10009f48af26578854b211.jpg,unassigned,42
bb8b7f0ca2565c21816a58654b6d02f734f362778d1ee36bdc199f1fbe3417b9,ComplexDataLab/OpenFake,openfake_additional_900,fake,images/fake/bb8b7f0ca2565c21816a58654b6d02f734f362778d1ee36bdc199f1fbe3417b9.png,unassigned,42
bba84667d3fc8a3e4e4116813d1316e8da022f784d19079017db1fb95a8e0f26,ComplexDataLab/OpenFake,openfake_pilot_600,real,images/real/bba84667d3fc8a3e4e4116813d1316e8da022f784d19079017db1fb95a8e0f26.jpg,unassigned,42
bbdb40931105eade06538cc8931170800afe345f089888d22cbc49115087de81,ComplexDataLab/OpenFake,openfake_additional_900,fake,images/fake/bbdb40931105eade06538cc8931170800afe345f089888d22cbc49115087de81.png,unassigned,42
bbe8b17188ce586b729827c3c98b7cc82c2d3bd3be968cc89ecf85df2db7ecf6,ComplexDataLab/OpenFake,openfake_additional_900,fake,images/fake/bbe8b17188ce586b729827c3c98b7cc82c2d3bd3be968cc89ecf85df2db7ecf6.png,unassigned,42
bc194397e108f8b6ccf35d2cece6a82f89435563d0a9c869a03b9931d21827f4,saberzl/SID_Set,sid_set_candidate_1500,fake,images/fake/bc194397e108f8b6ccf35d2cece6a82f89435563d0a9c869a03b9931d21827f4.png,unassigned,42
bc2894416c267c34cad190fba2f1667894af6d6b2a09ab365fb8ab0b6434a4a2,ComplexDataLab/OpenFake,openfake_pilot_600,real,images/real/bc2894416c267c34cad190fba2f1667894af6d6b2a09ab365fb8ab0b6434a4a2.jpg,unassigned,42
bc5bf365c50be360233e3174d2d7a074f1039738692e3d51f78c062ee010786a,saberzl/SID_Set,sid_set_candidate_1500,real,images/real/bc5bf365c50be360233e3174d2d7a074f1039738692e3d51f78c062ee010786a.jpg,unassigned,42
bc6180bdfe0e7eabbfbf718abc2d13c9a50ea866abd807a9614e5d5319e49582,ComplexDataLab/OpenFake,openfake_additional_900,real,images/real/bc6180bdfe0e7eabbfbf718abc2d13c9a50ea866abd807a9614e5d5319e49582.jpg,unassigned,42
bc621b45a1d58ea68d9d3dc2b1716506503e867c7a9cf1f865ecb2c733b33134,saberzl/SID_Set,sid_set_candidate_1500,fake,images/fake/bc621b45a1d58ea68d9d3dc2b1716506503e867c7a9cf1f865ecb2c733b33134.png,unassigned,42
bc66daccc5e4ee5b8134e33319620871c7cd212d19e28eea63598188a76566cd,saberzl/SID_Set,sid_set_candidate_1500,fake,images/fake/bc66daccc5e4ee5b8134e33319620871c7cd212d19e28eea63598188a76566cd.png,unassigned,42
bc7ae30c447e5d10b5d003d60e88b0cf75b878b27705cc8dd5f4ca0e5d90f5df,ComplexDataLab/OpenFake,openfake_pilot_600,real,images/real/bc7ae30c447e5d10b5d003d60e88b0cf75b878b27705cc8dd5f4ca0e5d90f5df.jpg,unassigned,42
bc7e84e04cb445baaa2a741d52eb59b20943938a62e1524540bf61cd82e78872,ComplexDataLab/OpenFake,openfake_additional_900,real,images/real/bc7e84e04cb445baaa2a741d52eb59b20943938a62e1524540bf61cd82e78872.jpg,unassigned,42
bc8eed041ec1682b6835168b0f0dc51a2f2a334bcbd912de98a55eedc7fe598a,ComplexDataLab/OpenFake,openfake_additional_900,fake,images/fake/bc8eed041ec1682b6835168b0f0dc51a2f2a334bcbd912de98a55eedc7fe598a.png,unassigned,42
bc8f5fd196165fabf84d5c19e26ecadd2011ee3ed5b2af10d3aacc62f50aaefe,ComplexDataLab/OpenFake,openfake_additional_900,real,images/real/bc8f5fd196165fabf84d5c19e26ecadd2011ee3ed5b2af10d3aacc62f50aaefe.jpg,unassigned,42
bc90882595ef874581b47d8ec69415451d4d6097809a24e2a297b922530f1ca6,ComplexDataLab/OpenFake,openfake_pilot_600,real,images/real/bc90882595ef874581b47d8ec69415451d4d6097809a24e2a297b922530f1ca6.jpg,unassigned,42
bcb972071e3d2f8fae434bbc4cb0007f499ca748de827192dbaaa86770ebd5d1,ComplexDataLab/OpenFake,openfake_pilot_600,real,images/real/bcb972071e3d2f8fae434bbc4cb0007f499ca748de827192dbaaa86770ebd5d1.jpg,unassigned,42
bcc2891344af1ca8ab8fc491c8f6d8b860ac7eaf528f9242885938af0fbd4b37,ComplexDataLab/OpenFake,openfake_pilot_600,real,images/real/bcc2891344af1ca8ab8fc491c8f6d8b860ac7eaf528f9242885938af0fbd4b37.jpg,unassigned,42
bce0347144deee1d01dbe38ec2a48b46978406bcc61dcfb226f84bdeea2093e9,ComplexDataLab/OpenFake,openfake_additional_900,fake,images/fake/bce0347144deee1d01dbe38ec2a48b46978406bcc61dcfb226f84bdeea2093e9.png,unassigned,42
bcf394d31c8c08699928910b5c7d98f7cb6c8d41e894bc3f08e0e88a842d9d27,ComplexDataLab/OpenFake,openfake_pilot_600,real,images/real/bcf394d31c8c08699928910b5c7d98f7cb6c8d41e894bc3f08e0e88a842d9d27.jpg,unassigned,42
bd05cc98a020f538fcc2158c16653c0d556946e68fae83d6776c0a65e7ea0040,saberzl/SID_Set,sid_set_candidate_1500,real,images/real/bd05cc98a020f538fcc2158c16653c0d556946e68fae83d6776c0a65e7ea0040.jpg,unassigned,42
bd18fb8c67bdcfb38d4e410c079be3670ee1daf448a403b9e827b7f464b62627,ComplexDataLab/OpenFake,openfake_pilot_600,fake,images/fake/bd18fb8c67bdcfb38d4e410c079be3670ee1daf448a403b9e827b7f464b62627.png,unassigned,42
bd37e7d5ac4479f6c10e29f3d7b67131cd74f0ebd3657720a6c88818c08b9c20,saberzl/SID_Set,sid_set_candidate_1500,real,images/real/bd37e7d5ac4479f6c10e29f3d7b67131cd74f0ebd3657720a6c88818c08b9c20.jpg,unassigned,42
bd4b219399d7fbc654f52c0fa8aa3b7c1feb211f41d4b4e8dabfccf779a0ab4e,saberzl/SID_Set,sid_set_candidate_1500,fake,images/fake/bd4b219399d7fbc654f52c0fa8aa3b7c1feb211f41d4b4e8dabfccf779a0ab4e.png,unassigned,42
bd50762a871e010c4068126528581e297e8d68005da957f1c228bbf87d5875dc,ComplexDataLab/OpenFake,openfake_pilot_600,real,images/real/bd50762a871e010c4068126528581e297e8d68005da957f1c228bbf87d5875dc.jpg,unassigned,42
bd51b96a71b1fe71ee23c8ad30e3f671bc2f938cb7bcb8136fa3e266c48c7572,saberzl/SID_Set,sid_set_candidate_1500,real,images/real/bd51b96a71b1fe71ee23c8ad30e3f671bc2f938cb7bcb8136fa3e266c48c7572.jpg,unassigned,42
bd646544d1bedb8035c3980700018b7bef78b5e7416b6433f682568bbe9bbdcf,saberzl/SID_Set,sid_set_candidate_1500,fake,images/fake/bd646544d1bedb8035c3980700018b7bef78b5e7416b6433f682568bbe9bbdcf.png,gold_test,42
bd65e5033f2e3adba71acb867e82e77c2a5d17bdc6bad76292652c1e3c539796,ComplexDataLab/OpenFake,openfake_pilot_600,fake,images/fake/bd65e5033f2e3adba71acb867e82e77c2a5d17bdc6bad76292652c1e3c539796.png,unassigned,42
bd7468a900ffedc02cbf783f68394ecb35d7425c554e97beb576c0b06e659133,ComplexDataLab/OpenFake,openfake_additional_900,fake,images/fake/bd7468a900ffedc02cbf783f68394ecb35d7425c554e97beb576c0b06e659133.jpg,unassigned,42
bd773cf15c84d53a56b80a27c31f1235f9166a2dadcf9ebf2afa5610e20da22c,ComplexDataLab/OpenFake,openfake_additional_900,real,images/real/bd773cf15c84d53a56b80a27c31f1235f9166a2dadcf9ebf2afa5610e20da22c.jpg,unassigned,42
bd826c35fabe791a86968bafed22d709ed8026979363a4dd758b03967afe6350,ComplexDataLab/OpenFake,openfake_additional_900,fake,images/fake/bd826c35fabe791a86968bafed22d709ed8026979363a4dd758b03967afe6350.png,unassigned,42
bd9a1cac342380dd2b2c2c0a8d63c67fdbc13951960a98c5803676d194ba1905,saberzl/SID_Set,sid_set_candidate_1500,real,images/real/bd9a1cac342380dd2b2c2c0a8d63c67fdbc13951960a98c5803676d194ba1905.jpg,unassigned,42
bd9e72d1b6d15ac87726d5f3595982b2cd896fd3425804185b8bfa1061294290,saberzl/SID_Set,sid_set_candidate_1500,real,images/real/bd9e72d1b6d15ac87726d5f3595982b2cd896fd3425804185b8bfa1061294290.jpg,unassigned,42
bd9f7da1d77bbcad4a67a3dc563f5272bb032384cd3f50f022d2101cd102cfe3,saberzl/SID_Set,sid_set_candidate_1500,real,images/real/bd9f7da1d77bbcad4a67a3dc563f5272bb032384cd3f50f022d2101cd102cfe3.jpg,gold_test,42
bdb3cd6886de35bb4b2179d6f4f681bf64351a8d9fec03ea17c99972803c66ef,saberzl/SID_Set,sid_set_candidate_1500,fake,images/fake/bdb3cd6886de35bb4b2179d6f4f681bf64351a8d9fec03ea17c99972803c66ef.png,unassigned,42
bdb5b374f494146621382d746ea377dbcaa8fb510bc694739e330b9113e71dd6,ComplexDataLab/OpenFake,openfake_pilot_600,fake,images/fake/bdb5b374f494146621382d746ea377dbcaa8fb510bc694739e330b9113e71dd6.jpg,unassigned,42
bdbd094814aee8248a08ac9c2dc86ed41a21a7dc8bf0dab20c1d3c8dfe8ab0ec,ComplexDataLab/OpenFake,openfake_pilot_600,fake,images/fake/bdbd094814aee8248a08ac9c2dc86ed41a21a7dc8bf0dab20c1d3c8dfe8ab0ec.png,unassigned,42
bdbfa48fa13d55c1b58ee3dee84505c9f01d05fef34ad051d721b1f6795e0bab,ComplexDataLab/OpenFake,openfake_pilot_600,real,images/real/bdbfa48fa13d55c1b58ee3dee84505c9f01d05fef34ad051d721b1f6795e0bab.jpg,unassigned,42
bdeae710998d4caeb004462816a1019a352b2038d813ef4db39735997ab01ef2,ComplexDataLab/OpenFake,openfake_pilot_600,fake,images/fake/bdeae710998d4caeb004462816a1019a352b2038d813ef4db39735997ab01ef2.jpg,unassigned,42
bdf62bcc6770dfc1d3883083f0da0553191e5cbdc22eff0b5f20b6715c6e841b,saberzl/SID_Set,sid_set_candidate_1500,fake,images/fake/bdf62bcc6770dfc1d3883083f0da0553191e5cbdc22eff0b5f20b6715c6e841b.png,unassigned,42
be19b3439e6904df526e5c3867b6a506e0ce555cb217dda86a7061a208869950,saberzl/SID_Set,sid_set_candidate_1500,real,images/real/be19b3439e6904df526e5c3867b6a506e0ce555cb217dda86a7061a208869950.jpg,unassigned,42
be1f5254dc34553f2e58c10a8aea0c50099068af3133ccba6e4d837d3df1bfc4,ComplexDataLab/OpenFake,openfake_pilot_600,fake,images/fake/be1f5254dc34553f2e58c10a8aea0c50099068af3133ccba6e4d837d3df1bfc4.png,unassigned,42
be33831209738199210ae60e7d5ad343fe84d1425a79ee92789caf882072276e,ComplexDataLab/OpenFake,openfake_additional_900,real,images/real/be33831209738199210ae60e7d5ad343fe84d1425a79ee92789caf882072276e.jpg,unassigned,42
be34c6c6be47d183ee322a2dfa7f8ba7e2798bdb56d15e18af2bce57531bf0b2,saberzl/SID_Set,sid_set_candidate_1500,fake,images/fake/be34c6c6be47d183ee322a2dfa7f8ba7e2798bdb56d15e18af2bce57531bf0b2.png,unassigned,42
be5cd04fe936da1ecd2c8d010d0d524bfb27b363f21c131fb2db45d2ad7c8d08,ComplexDataLab/OpenFake,openfake_additional_900,fake,images/fake/be5cd04fe936da1ecd2c8d010d0d524bfb27b363f21c131fb2db45d2ad7c8d08.png,unassigned,42
be62b4dec746e798b332c77f65f7022abc7f283c8d59eea729255bf4653e32e5,ComplexDataLab/OpenFake,openfake_additional_900,real,images/real/be62b4dec746e798b332c77f65f7022abc7f283c8d59eea729255bf4653e32e5.jpg,unassigned,42
be6559890cc95c081e87d1205248fa045cbf7f6f55d6ba16880d17d8f99f68c2,saberzl/SID_Set,sid_set_candidate_1500,fake,images/fake/be6559890cc95c081e87d1205248fa045cbf7f6f55d6ba16880d17d8f99f68c2.png,unassigned,42
be65741ad4879e310a643b4e17c0d9e34a4826fa49543cdada6a69bf635c9cb4,ComplexDataLab/OpenFake,openfake_additional_900,fake,images/fake/be65741ad4879e310a643b4e17c0d9e34a4826fa49543cdada6a69bf635c9cb4.jpg,unassigned,42
be6c4b269eb70b11fbb8acdf66179d54ce1172341cceb727d5fbe105e1e0f71c,saberzl/SID_Set,sid_set_candidate_1500,fake,images/fake/be6c4b269eb70b11fbb8acdf66179d54ce1172341cceb727d5fbe105e1e0f71c.png,unassigned,42
be91ff23e3eda77d35510cd8754c57d6d2437611e18e7bb561e6d343fd9398a6,ComplexDataLab/OpenFake,openfake_additional_900,fake,images/fake/be91ff23e3eda77d35510cd8754c57d6d2437611e18e7bb561e6d343fd9398a6.png,unassigned,42
be988cd479aecc49a4d8c248cd296c20ab8fa74b711fe95de0eeab1078e9af48,ComplexDataLab/OpenFake,openfake_additional_900,fake,images/fake/be988cd479aecc49a4d8c248cd296c20ab8fa74b711fe95de0eeab1078e9af48.png,unassigned,42
bebbb0ed484c4826be2d28370b8d0ae0f525f7d321432655d09f71c881f80b1f,saberzl/SID_Set,sid_set_candidate_1500,fake,images/fake/bebbb0ed484c4826be2d28370b8d0ae0f525f7d321432655d09f71c881f80b1f.png,unassigned,42
bee7dc93465c29e715914999fcae336458da2f66f6504f2281b1c961ca9215d0,saberzl/SID_Set,sid_set_candidate_1500,real,images/real/bee7dc93465c29e715914999fcae336458da2f66f6504f2281b1c961ca9215d0.jpg,unassigned,42
beea8e894360787abaf73d0cadfb6848de6a6f9ff87bc0e2b1923f0c5ab9f961,saberzl/SID_Set,sid_set_candidate_1500,fake,images/fake/beea8e894360787abaf73d0cadfb6848de6a6f9ff87bc0e2b1923f0c5ab9f961.png,unassigned,42
bf2c410656b72a6f72eef3dded9557faca8d1d16467ade85fadf03ca29abdf95,ComplexDataLab/OpenFake,openfake_pilot_600,fake,images/fake/bf2c410656b72a6f72eef3dded9557faca8d1d16467ade85fadf03ca29abdf95.jpg,unassigned,42
bf3fc7c506de6b43ccc85a0067a8aab0422e6ae97ff1331a7d357138f1558243,ComplexDataLab/OpenFake,openfake_pilot_600,real,images/real/bf3fc7c506de6b43ccc85a0067a8aab0422e6ae97ff1331a7d357138f1558243.jpg,gold_development,42
bf479e0750e5e3369d9ac474cf7368fb4205801e25e9a71c59230965f56b34f1,saberzl/SID_Set,sid_set_candidate_1500,real,images/real/bf479e0750e5e3369d9ac474cf7368fb4205801e25e9a71c59230965f56b34f1.jpg,unassigned,42
bf4d8af134119a4750e50544cf68d72e4c66aadfb35ea71b230f8ea6e01f9b25,ComplexDataLab/OpenFake,openfake_additional_900,real,images/real/bf4d8af134119a4750e50544cf68d72e4c66aadfb35ea71b230f8ea6e01f9b25.jpg,unassigned,42
bf7158fbc8504a51a0cf1eb2119bae19382876dffa77ad331e68c5d48d4452f5,ComplexDataLab/OpenFake,openfake_pilot_600,fake,images/fake/bf7158fbc8504a51a0cf1eb2119bae19382876dffa77ad331e68c5d48d4452f5.png,unassigned,42
bfaa53851851278f837759061694f04d8c570b3c35356765ec8704f3c5b53872,saberzl/SID_Set,sid_set_candidate_1500,real,images/real/bfaa53851851278f837759061694f04d8c570b3c35356765ec8704f3c5b53872.jpg,unassigned,42
bfc461f7064e5d49fd47f7972efbe58b71c08180f05e84a73382e192795e7427,saberzl/SID_Set,sid_set_candidate_1500,fake,images/fake/bfc461f7064e5d49fd47f7972efbe58b71c08180f05e84a73382e192795e7427.png,unassigned,42
bfc5ed7f21248dd3a2e3fe1386b83630348ebbaf83c350772b1ae1301e78225f,ComplexDataLab/OpenFake,openfake_additional_900,fake,images/fake/bfc5ed7f21248dd3a2e3fe1386b83630348ebbaf83c350772b1ae1301e78225f.png,unassigned,42
bfe0b68fd64d6e09a426723e5afbe41daa299667683bc5b31fc107b834917261,ComplexDataLab/OpenFake,openfake_additional_900,fake,images/fake/bfe0b68fd64d6e09a426723e5afbe41daa299667683bc5b31fc107b834917261.png,unassigned,42
c01a372863adec6660e76540c55d88df25016129fcdbc0e2d25933b448113d57,saberzl/SID_Set,sid_set_candidate_1500,fake,images/fake/c01a372863adec6660e76540c55d88df25016129fcdbc0e2d25933b448113d57.png,unassigned,42
c0212e9c8debbea83b722aad31b07e7b37ebeea63f8679f9069093eee4882926,ComplexDataLab/OpenFake,openfake_additional_900,real,images/real/c0212e9c8debbea83b722aad31b07e7b37ebeea63f8679f9069093eee4882926.jpg,unassigned,42
c04dbf031d6ba7e732a54018913c1bf4c3f1309bf8f847dcbc742e4b7746400c,saberzl/SID_Set,sid_set_candidate_1500,fake,images/fake/c04dbf031d6ba7e732a54018913c1bf4c3f1309bf8f847dcbc742e4b7746400c.png,gold_test,42
c04f18dc04acdd6020734bbe9b6ac6d87e2748c07d07951246403d67fe8521dc,saberzl/SID_Set,sid_set_candidate_1500,fake,images/fake/c04f18dc04acdd6020734bbe9b6ac6d87e2748c07d07951246403d67fe8521dc.png,unassigned,42
c0ab53548738fac7149f354f7a71c8a4cde536b7cdeac9a67e8839743d1bdab2,ComplexDataLab/OpenFake,openfake_additional_900,fake,images/fake/c0ab53548738fac7149f354f7a71c8a4cde536b7cdeac9a67e8839743d1bdab2.png,unassigned,42
c0ac1d2f4088996987044051675b54b64faa707f2835c88bfa154c13043e9177,saberzl/SID_Set,sid_set_candidate_1500,real,images/real/c0ac1d2f4088996987044051675b54b64faa707f2835c88bfa154c13043e9177.jpg,unassigned,42
c0aeaea780d08d61a1370a38183a9c2af20c75058e6953b56745cf7a81037cc9,saberzl/SID_Set,sid_set_candidate_1500,fake,images/fake/c0aeaea780d08d61a1370a38183a9c2af20c75058e6953b56745cf7a81037cc9.png,unassigned,42
c0dbb5500c450e2b2bcd8d25199a0dffbc05efdd575b854d7f52f001f02529c4,ComplexDataLab/OpenFake,openfake_additional_900,real,images/real/c0dbb5500c450e2b2bcd8d25199a0dffbc05efdd575b854d7f52f001f02529c4.png,unassigned,42
c0e262a672e0a0c2c137f9d10d8f53f7612f6025d52fa891503c44b37785ccc8,ComplexDataLab/OpenFake,openfake_additional_900,real,images/real/c0e262a672e0a0c2c137f9d10d8f53f7612f6025d52fa891503c44b37785ccc8.jpg,unassigned,42
c0e8d32b583aa36daeb127a5752ed47d4b659bfa3ead216ffee3a6a250be3b80,ComplexDataLab/OpenFake,openfake_additional_900,fake,images/fake/c0e8d32b583aa36daeb127a5752ed47d4b659bfa3ead216ffee3a6a250be3b80.png,unassigned,42
c0fad5fdca887ef09f266aeea70280f5f5cf2750d4e7e865e010635ad58561c2,ComplexDataLab/OpenFake,openfake_additional_900,real,images/real/c0fad5fdca887ef09f266aeea70280f5f5cf2750d4e7e865e010635ad58561c2.jpg,unassigned,42
c0feb92794768bb18f374a57504541906f8fe5cf4aab9afc8b772edeb19dd95e,saberzl/SID_Set,sid_set_candidate_1500,real,images/real/c0feb92794768bb18f374a57504541906f8fe5cf4aab9afc8b772edeb19dd95e.jpg,unassigned,42
c116943008bb238fec864df6686d5b0420e2bc4fdb2814906ee727a70eb2f37e,ComplexDataLab/OpenFake,openfake_additional_900,real,images/real/c116943008bb238fec864df6686d5b0420e2bc4fdb2814906ee727a70eb2f37e.jpg,unassigned,42
c127980528b84ff9062c102dcb7cf9b337c5a910a2bde3b1ba4231afcee5186c,ComplexDataLab/OpenFake,openfake_pilot_600,real,images/real/c127980528b84ff9062c102dcb7cf9b337c5a910a2bde3b1ba4231afcee5186c.jpg,unassigned,42
c1336bc2190d26a4f45b33f607626eac3f0d8ae6be907c08b7b04361191d0e02,ComplexDataLab/OpenFake,openfake_additional_900,fake,images/fake/c1336bc2190d26a4f45b33f607626eac3f0d8ae6be907c08b7b04361191d0e02.jpg,unassigned,42
c14a0f44a6cfb67a9d4aab110d2fcbe3ea38c17035d88f4514d3a8256beac8fa,ComplexDataLab/OpenFake,openfake_additional_900,real,images/real/c14a0f44a6cfb67a9d4aab110d2fcbe3ea38c17035d88f4514d3a8256beac8fa.jpg,unassigned,42
c19b23bf7c8b665d6298a945dd7f72d389df6d14fdb822ea880b9f2f35f4ea53,saberzl/SID_Set,sid_set_candidate_1500,fake,images/fake/c19b23bf7c8b665d6298a945dd7f72d389df6d14fdb822ea880b9f2f35f4ea53.png,unassigned,42
c19e9262271c6d71522d698cf9e29dcf3a0368c05df61c760717707869c9718e,saberzl/SID_Set,sid_set_candidate_1500,fake,images/fake/c19e9262271c6d71522d698cf9e29dcf3a0368c05df61c760717707869c9718e.png,unassigned,42
c1b3987289afa0622c55c045ea4647403619dfc067ccf01cc1798bb9fc6b606f,ComplexDataLab/OpenFake,openfake_additional_900,fake,images/fake/c1b3987289afa0622c55c045ea4647403619dfc067ccf01cc1798bb9fc6b606f.png,unassigned,42
c1b3f31da807d1c6bcefffe55f71a0c217667319557d4af9fbea5ed6930ae674,saberzl/SID_Set,sid_set_candidate_1500,real,images/real/c1b3f31da807d1c6bcefffe55f71a0c217667319557d4af9fbea5ed6930ae674.jpg,unassigned,42
c209e1896104d85f4453ec045d05e47e15e6762106b49c85514fbe8b331ec317,saberzl/SID_Set,sid_set_candidate_1500,fake,images/fake/c209e1896104d85f4453ec045d05e47e15e6762106b49c85514fbe8b331ec317.png,unassigned,42
c226728be829310c07e8419204fa4541cbb832388d622eb8e2e6e4f9452b8fc7,saberzl/SID_Set,sid_set_candidate_1500,fake,images/fake/c226728be829310c07e8419204fa4541cbb832388d622eb8e2e6e4f9452b8fc7.png,unassigned,42
c24f4fd4fc9477b64ac446a66eb58d304493d368ae55cfee0b29333a57850e21,ComplexDataLab/OpenFake,openfake_additional_900,real,images/real/c24f4fd4fc9477b64ac446a66eb58d304493d368ae55cfee0b29333a57850e21.jpg,unassigned,42
c26de6b94b71f06cbb3cc38b4256555cc1519d1779b19ede5a65fe169d5bfe80,ComplexDataLab/OpenFake,openfake_additional_900,fake,images/fake/c26de6b94b71f06cbb3cc38b4256555cc1519d1779b19ede5a65fe169d5bfe80.png,unassigned,42
c27fbaa7f75648c42fd28f8b7a3cd2f1a58ad107aa454be774a412b9fc08f271,ComplexDataLab/OpenFake,openfake_additional_900,real,images/real/c27fbaa7f75648c42fd28f8b7a3cd2f1a58ad107aa454be774a412b9fc08f271.jpg,unassigned,42
c2881379492dd71284ac4b63a8d3c629baa2b448c2c9359b65063d36490e1f3a,saberzl/SID_Set,sid_set_candidate_1500,fake,images/fake/c2881379492dd71284ac4b63a8d3c629baa2b448c2c9359b65063d36490e1f3a.png,unassigned,42
c288843167ffc486da7871707c498ef7ad73ad1ff2f253c4a08fd0d9c1fbcad2,saberzl/SID_Set,sid_set_candidate_1500,real,images/real/c288843167ffc486da7871707c498ef7ad73ad1ff2f253c4a08fd0d9c1fbcad2.jpg,gold_test,42
c290c2eda4e0d1928ee30762b52be5d5147c99e2769b1fadaa1050ce032d8eab,saberzl/SID_Set,sid_set_candidate_1500,real,images/real/c290c2eda4e0d1928ee30762b52be5d5147c99e2769b1fadaa1050ce032d8eab.jpg,unassigned,42
c2ba6eb09c72ba71f906b83595c542516c6b6468b6c6ecadd0048bca9010f5e9,ComplexDataLab/OpenFake,openfake_additional_900,fake,images/fake/c2ba6eb09c72ba71f906b83595c542516c6b6468b6c6ecadd0048bca9010f5e9.png,unassigned,42
c2c4932409d5de05817e9ebb8f0868b4ba886a83a7caa06e755d9dc9f43b9c9c,ComplexDataLab/OpenFake,openfake_additional_900,real,images/real/c2c4932409d5de05817e9ebb8f0868b4ba886a83a7caa06e755d9dc9f43b9c9c.jpg,unassigned,42
c2cacb13de428d2bb19d3ea532788f2154624dd5a5876d960cb9e8c21f002e8b,ComplexDataLab/OpenFake,openfake_additional_900,real,images/real/c2cacb13de428d2bb19d3ea532788f2154624dd5a5876d960cb9e8c21f002e8b.jpg,unassigned,42
c2e054511cd19df6eb6165955c23a7bea9ca062e962c1fc660c5abde0a4610c5,ComplexDataLab/OpenFake,openfake_additional_900,fake,images/fake/c2e054511cd19df6eb6165955c23a7bea9ca062e962c1fc660c5abde0a4610c5.png,unassigned,42
c2e8417242aefcba4f35ca5cc77090d74b8dfd00d9f17e49e776889f2a7ea5a0,ComplexDataLab/OpenFake,openfake_additional_900,real,images/real/c2e8417242aefcba4f35ca5cc77090d74b8dfd00d9f17e49e776889f2a7ea5a0.jpg,unassigned,42
c2eca65f9826788693ad9f27c4c4ce9b80284f53a460271705d43a4f07b878f3,ComplexDataLab/OpenFake,openfake_additional_900,fake,images/fake/c2eca65f9826788693ad9f27c4c4ce9b80284f53a460271705d43a4f07b878f3.png,unassigned,42
c3034badca77ee689d9f79b5a9324235e0dd7da6ae147d16bc01156244efe917,saberzl/SID_Set,sid_set_candidate_1500,real,images/real/c3034badca77ee689d9f79b5a9324235e0dd7da6ae147d16bc01156244efe917.jpg,unassigned,42
c32119264940e68ed08f6ecdae85f5d84cb60bc17ec1cf1b57ac0bb435cea278,saberzl/SID_Set,sid_set_candidate_1500,real,images/real/c32119264940e68ed08f6ecdae85f5d84cb60bc17ec1cf1b57ac0bb435cea278.jpg,unassigned,42
c3321c44980ac1eb4861d67763ab0de9594eb2b4a43ba346bac3a86077102dcf,saberzl/SID_Set,sid_set_candidate_1500,fake,images/fake/c3321c44980ac1eb4861d67763ab0de9594eb2b4a43ba346bac3a86077102dcf.png,unassigned,42
c34b6a4214085bff23ec4c00d23ccd8b6a4ecb285c06c529c678efd8beb54680,ComplexDataLab/OpenFake,openfake_additional_900,real,images/real/c34b6a4214085bff23ec4c00d23ccd8b6a4ecb285c06c529c678efd8beb54680.jpg,unassigned,42
c3547d5d3389266a9e52cdee97d7cb5d10592b539e0c40bfa95837bff6f38cb9,saberzl/SID_Set,sid_set_candidate_1500,real,images/real/c3547d5d3389266a9e52cdee97d7cb5d10592b539e0c40bfa95837bff6f38cb9.jpg,unassigned,42
c35a9cbf6b7f7d385049de9c5df0f48b6dc3b209d983bc36686cfe4c66bebf4e,ComplexDataLab/OpenFake,openfake_additional_900,real,images/real/c35a9cbf6b7f7d385049de9c5df0f48b6dc3b209d983bc36686cfe4c66bebf4e.jpg,unassigned,42
c35ff2c605a4ef1f11ab52198ace902cf95f69ecfc1133b36801bd82ba8dd153,ComplexDataLab/OpenFake,openfake_additional_900,fake,images/fake/c35ff2c605a4ef1f11ab52198ace902cf95f69ecfc1133b36801bd82ba8dd153.png,unassigned,42
c3600adea783e307d21c75c19bc94d7b55fd11444f296aac1e5514161f097bf3,saberzl/SID_Set,sid_set_candidate_1500,real,images/real/c3600adea783e307d21c75c19bc94d7b55fd11444f296aac1e5514161f097bf3.jpg,unassigned,42
c36f1c377c4fa2714ad152a8175f4209c33312af4c9e8c83c5297a95e32d3f6c,saberzl/SID_Set,sid_set_candidate_1500,fake,images/fake/c36f1c377c4fa2714ad152a8175f4209c33312af4c9e8c83c5297a95e32d3f6c.png,unassigned,42
c36f4ee06c886656386fe378b51f7d5e9045b3e0a5e7e236c911e715c1fe39b5,saberzl/SID_Set,sid_set_candidate_1500,real,images/real/c36f4ee06c886656386fe378b51f7d5e9045b3e0a5e7e236c911e715c1fe39b5.jpg,unassigned,42
c38d6a709302f7a35c19e84f7abfeb2a3a874f7061549a3c7c8404b9515cd051,saberzl/SID_Set,sid_set_candidate_1500,fake,images/fake/c38d6a709302f7a35c19e84f7abfeb2a3a874f7061549a3c7c8404b9515cd051.png,unassigned,42
c392c0d60256fa70d6db2fbaa2800f0833cb5a63e686c78e4386b8106b57a2e6,ComplexDataLab/OpenFake,openfake_pilot_600,fake,images/fake/c392c0d60256fa70d6db2fbaa2800f0833cb5a63e686c78e4386b8106b57a2e6.webp,gold_development,42
c3996a8faa03d6bdc27ef148911f0f8ea58e60f62e91057c165e76b2454683a0,saberzl/SID_Set,sid_set_candidate_1500,real,images/real/c3996a8faa03d6bdc27ef148911f0f8ea58e60f62e91057c165e76b2454683a0.jpg,unassigned,42
c39c7e63bf2c27f16ba5b42d3157da1e0a23589d8843cadd162e5e06eaeb833d,ComplexDataLab/OpenFake,openfake_pilot_600,real,images/real/c39c7e63bf2c27f16ba5b42d3157da1e0a23589d8843cadd162e5e06eaeb833d.jpg,unassigned,42
c3aea48d4de71effb22bf88858c543673e50d8cc3e21438f7ef442c62a1315dd,ComplexDataLab/OpenFake,openfake_additional_900,real,images/real/c3aea48d4de71effb22bf88858c543673e50d8cc3e21438f7ef442c62a1315dd.jpg,unassigned,42
c3b15dd0213564889cf6dc0503b0a22c76b42ea98572550f3cb69f6cbe1ddca2,saberzl/SID_Set,sid_set_candidate_1500,real,images/real/c3b15dd0213564889cf6dc0503b0a22c76b42ea98572550f3cb69f6cbe1ddca2.jpg,unassigned,42
c3d7812ae36bd3d9f350ac75178914e8298e099972b164c0a8c5f2467761628d,saberzl/SID_Set,sid_set_candidate_1500,real,images/real/c3d7812ae36bd3d9f350ac75178914e8298e099972b164c0a8c5f2467761628d.jpg,unassigned,42
c3f8209a71f2a5a7632d98cfe19bd27f5315cee4e0f182eb28e33cd439460aa5,saberzl/SID_Set,sid_set_candidate_1500,real,images/real/c3f8209a71f2a5a7632d98cfe19bd27f5315cee4e0f182eb28e33cd439460aa5.jpg,unassigned,42
c3faa2d56cbdebaebe35236723893398cdb3f7ebed2e55b0d1e35ef601ef8b6f,ComplexDataLab/OpenFake,openfake_additional_900,real,images/real/c3faa2d56cbdebaebe35236723893398cdb3f7ebed2e55b0d1e35ef601ef8b6f.jpg,unassigned,42
c415f91fa599171187377580d8f8d922f1f9709634e88f113391ed9581758e44,saberzl/SID_Set,sid_set_candidate_1500,real,images/real/c415f91fa599171187377580d8f8d922f1f9709634e88f113391ed9581758e44.jpg,unassigned,42
c452c4c44051976b61638dd611e2e510c7295448f5becb17bbb847d2d2b31538,ComplexDataLab/OpenFake,openfake_additional_900,fake,images/fake/c452c4c44051976b61638dd611e2e510c7295448f5becb17bbb847d2d2b31538.png,unassigned,42
c4556a8deefe7001d27544fc113c3ce28d886d2c763fa73497e23736bb7dc8f3,ComplexDataLab/OpenFake,openfake_additional_900,fake,images/fake/c4556a8deefe7001d27544fc113c3ce28d886d2c763fa73497e23736bb7dc8f3.png,unassigned,42
c45e9156798d4a69e7d70cc43f8e9bf0bfe01be4353b5929a02fc77c00a65e17,saberzl/SID_Set,sid_set_candidate_1500,real,images/real/c45e9156798d4a69e7d70cc43f8e9bf0bfe01be4353b5929a02fc77c00a65e17.jpg,unassigned,42
c465d898451fdb9744c561c0889eb9b438c4fa94959bcf6f954d3c05b306cd56,ComplexDataLab/OpenFake,openfake_additional_900,real,images/real/c465d898451fdb9744c561c0889eb9b438c4fa94959bcf6f954d3c05b306cd56.jpg,unassigned,42
c488561e5176c63ed3c7d1097da0b024c917b99241a91e53f9e05d17b31e5590,saberzl/SID_Set,sid_set_candidate_1500,fake,images/fake/c488561e5176c63ed3c7d1097da0b024c917b99241a91e53f9e05d17b31e5590.png,unassigned,42
c4b04c578c6b8a89e4a135d73f0f69ed2fba0787c97b6692279044737196055c,saberzl/SID_Set,sid_set_candidate_1500,real,images/real/c4b04c578c6b8a89e4a135d73f0f69ed2fba0787c97b6692279044737196055c.jpg,unassigned,42
c4bd6f92cac183d61bbec7029ee3ddce84d3bf567c8196541f2b3e494bc6262f,saberzl/SID_Set,sid_set_candidate_1500,fake,images/fake/c4bd6f92cac183d61bbec7029ee3ddce84d3bf567c8196541f2b3e494bc6262f.png,unassigned,42
c4d041945a82db302fced4b4b064358d1ea2cf1d686bddc7ba2c342b3d3aae1f,ComplexDataLab/OpenFake,openfake_pilot_600,real,images/real/c4d041945a82db302fced4b4b064358d1ea2cf1d686bddc7ba2c342b3d3aae1f.jpg,unassigned,42
c4d19a75ffec3b25458e7a44dd7e1c11a3e9b106e060a74e89c83e785dfc7b54,saberzl/SID_Set,sid_set_candidate_1500,fake,images/fake/c4d19a75ffec3b25458e7a44dd7e1c11a3e9b106e060a74e89c83e785dfc7b54.png,unassigned,42
c4da5465a34e7c9cafb597ff062d954935b53ed2f82977bb59580d894d150f6c,saberzl/SID_Set,sid_set_candidate_1500,fake,images/fake/c4da5465a34e7c9cafb597ff062d954935b53ed2f82977bb59580d894d150f6c.png,unassigned,42
c4ef5ef2f139691c9191ca331101cf7967aa87fac84e8a4c889825b6f73283c7,saberzl/SID_Set,sid_set_candidate_1500,fake,images/fake/c4ef5ef2f139691c9191ca331101cf7967aa87fac84e8a4c889825b6f73283c7.png,unassigned,42
c511ba529b3d730b3d90a3866f9840f9889ce2a1183f3398a257ef660a8cb688,saberzl/SID_Set,sid_set_candidate_1500,real,images/real/c511ba529b3d730b3d90a3866f9840f9889ce2a1183f3398a257ef660a8cb688.jpg,unassigned,42
c521d38bf560a5f19b842c7f4d80e3486e2d5f99977b44e736b23fddf7cef42a,ComplexDataLab/OpenFake,openfake_additional_900,fake,images/fake/c521d38bf560a5f19b842c7f4d80e3486e2d5f99977b44e736b23fddf7cef42a.png,unassigned,42
c5224d8826510a803826e9b3d994623f3905b28787a92a9d2ec47890d6595d61,saberzl/SID_Set,sid_set_candidate_1500,real,images/real/c5224d8826510a803826e9b3d994623f3905b28787a92a9d2ec47890d6595d61.jpg,unassigned,42
c547cb0581de3361818ace4aab810a05fb1273992a78fed349eaf501bf4f4137,ComplexDataLab/OpenFake,openfake_pilot_600,real,images/real/c547cb0581de3361818ace4aab810a05fb1273992a78fed349eaf501bf4f4137.jpg,gold_test,42
c552f3317939b6619ff5cfe8c73c46c452637a27c6f698ad43382e8a54d5f0ba,ComplexDataLab/OpenFake,openfake_additional_900,fake,images/fake/c552f3317939b6619ff5cfe8c73c46c452637a27c6f698ad43382e8a54d5f0ba.png,unassigned,42
c58e4e720db32e84506c507757ab223bfdb2a5ff7cff405049d764c1bba9dadd,ComplexDataLab/OpenFake,openfake_additional_900,real,images/real/c58e4e720db32e84506c507757ab223bfdb2a5ff7cff405049d764c1bba9dadd.jpg,unassigned,42
c5a3eaa6665a95f6bfaacdae124b8c1581adb5d46b9e81efe81c136e04c3ec44,ComplexDataLab/OpenFake,openfake_additional_900,fake,images/fake/c5a3eaa6665a95f6bfaacdae124b8c1581adb5d46b9e81efe81c136e04c3ec44.png,unassigned,42
c5acc4c0d20d4c574674bc76ab9a2ce1d2da0cbc5d0cb3f18debb28d493360b6,ComplexDataLab/OpenFake,openfake_pilot_600,real,images/real/c5acc4c0d20d4c574674bc76ab9a2ce1d2da0cbc5d0cb3f18debb28d493360b6.jpg,unassigned,42
c5b00e14eb9bd2e8d1107f945298e17d4913731800fbdba1e3d29e890ce37af0,saberzl/SID_Set,sid_set_candidate_1500,fake,images/fake/c5b00e14eb9bd2e8d1107f945298e17d4913731800fbdba1e3d29e890ce37af0.png,unassigned,42
c5b60bff36a159885d17f1a589a775763883b8f49126b88f5ad6ac86f6514565,ComplexDataLab/OpenFake,openfake_additional_900,fake,images/fake/c5b60bff36a159885d17f1a589a775763883b8f49126b88f5ad6ac86f6514565.png,unassigned,42
c5c443056171b8db68e2d7a2383ecf4bf834d115cdb977cdd55f71c4b57b48bd,saberzl/SID_Set,sid_set_candidate_1500,real,images/real/c5c443056171b8db68e2d7a2383ecf4bf834d115cdb977cdd55f71c4b57b48bd.jpg,unassigned,42
c5cecca0bbd71422ad42e3462031c0b2b1956cb1ace18ab3407faf4587f03556,ComplexDataLab/OpenFake,openfake_additional_900,real,images/real/c5cecca0bbd71422ad42e3462031c0b2b1956cb1ace18ab3407faf4587f03556.jpg,unassigned,42
c5cfef6696e2d86c5915ade008acd3d9dbdc4790262a7dac73ef00e00e5a1f1d,ComplexDataLab/OpenFake,openfake_additional_900,fake,images/fake/c5cfef6696e2d86c5915ade008acd3d9dbdc4790262a7dac73ef00e00e5a1f1d.png,unassigned,42
c5e4daa0c50f9a7f6bca93abde9ec3e3fa3d106580385e570ad3e7dcb7079938,ComplexDataLab/OpenFake,openfake_additional_900,real,images/real/c5e4daa0c50f9a7f6bca93abde9ec3e3fa3d106580385e570ad3e7dcb7079938.jpg,unassigned,42
c5e60e4bb13c3c07e499363a9b60c95aadde339208dad28b85d2231c7f883503,ComplexDataLab/OpenFake,openfake_additional_900,fake,images/fake/c5e60e4bb13c3c07e499363a9b60c95aadde339208dad28b85d2231c7f883503.png,unassigned,42
c5ed894b3b242fd40d06fce3f152fbe4c7d1944c023045736d0226bf4e012ef7,ComplexDataLab/OpenFake,openfake_additional_900,fake,images/fake/c5ed894b3b242fd40d06fce3f152fbe4c7d1944c023045736d0226bf4e012ef7.png,unassigned,42
c5fb2224ffc915d2b12fc044ebaf3e8dd52148cf5ce5e426df214c9b6596364f,ComplexDataLab/OpenFake,openfake_additional_900,real,images/real/c5fb2224ffc915d2b12fc044ebaf3e8dd52148cf5ce5e426df214c9b6596364f.jpg,unassigned,42
c621ef3b295de16d6587c16fa5e3a1177afee1b09afe9b866a5c7dbd58ecb058,ComplexDataLab/OpenFake,openfake_additional_900,real,images/real/c621ef3b295de16d6587c16fa5e3a1177afee1b09afe9b866a5c7dbd58ecb058.jpg,unassigned,42
c6274b8880f20440f28ea1eef3bbe002ef1b8dffbc4ca0b34bd16f15070cafe0,ComplexDataLab/OpenFake,openfake_pilot_600,real,images/real/c6274b8880f20440f28ea1eef3bbe002ef1b8dffbc4ca0b34bd16f15070cafe0.jpg,gold_development,42
c63e4900752cd8f9f97d1452ff335fe0cabe7dea551947edd2dd7019468b21a5,saberzl/SID_Set,sid_set_candidate_1500,fake,images/fake/c63e4900752cd8f9f97d1452ff335fe0cabe7dea551947edd2dd7019468b21a5.png,unassigned,42
c644e665dac13a3df989d9e1eab41a3391c68331d70d231e01ac7678d1ad2788,saberzl/SID_Set,sid_set_candidate_1500,fake,images/fake/c644e665dac13a3df989d9e1eab41a3391c68331d70d231e01ac7678d1ad2788.png,gold_test,42
c661aa408c18fe45635909cef13019f38480e081c74574a95b8a225cd87cdeca,ComplexDataLab/OpenFake,openfake_additional_900,real,images/real/c661aa408c18fe45635909cef13019f38480e081c74574a95b8a225cd87cdeca.jpg,unassigned,42
c67d5588da0bfef73e8d35fd1cc41d9f798902c76190185b2446de322a605d92,ComplexDataLab/OpenFake,openfake_additional_900,real,images/real/c67d5588da0bfef73e8d35fd1cc41d9f798902c76190185b2446de322a605d92.jpg,unassigned,42
c6e55ba096ddfd3f4509e9e5566ac92bf3afbedd2883fab82f04df85cad13140,ComplexDataLab/OpenFake,openfake_pilot_600,fake,images/fake/c6e55ba096ddfd3f4509e9e5566ac92bf3afbedd2883fab82f04df85cad13140.jpg,unassigned,42
c728f3c362ee778c77adc28dff496300e2a9d37ccbb8c2bd41e88985f14c4b82,ComplexDataLab/OpenFake,openfake_additional_900,fake,images/fake/c728f3c362ee778c77adc28dff496300e2a9d37ccbb8c2bd41e88985f14c4b82.jpg,unassigned,42
c760660d3874012c7a63ac17a3d6983f39d197ef49150ede213555b3cd1b0a42,ComplexDataLab/OpenFake,openfake_pilot_600,fake,images/fake/c760660d3874012c7a63ac17a3d6983f39d197ef49150ede213555b3cd1b0a42.png,unassigned,42
c77213925eb4626576a49406ab42749261b81c04b67d40dd78dc0dac24d2c643,ComplexDataLab/OpenFake,openfake_pilot_600,fake,images/fake/c77213925eb4626576a49406ab42749261b81c04b67d40dd78dc0dac24d2c643.png,unassigned,42
c775e443b47a3098db7cdb501bde72165ee9b69e84250f50236c5f2285317350,saberzl/SID_Set,sid_set_candidate_1500,fake,images/fake/c775e443b47a3098db7cdb501bde72165ee9b69e84250f50236c5f2285317350.png,unassigned,42
c7762be57fc093f4daf9aa7d687c08362c2a61794fe9c03d1bd96603290ae689,ComplexDataLab/OpenFake,openfake_pilot_600,real,images/real/c7762be57fc093f4daf9aa7d687c08362c2a61794fe9c03d1bd96603290ae689.jpg,unassigned,42
c77e38356353d90bdb96c476031ab7d0fbc0e5d6729042bdadf72d42e63a2f18,ComplexDataLab/OpenFake,openfake_pilot_600,real,images/real/c77e38356353d90bdb96c476031ab7d0fbc0e5d6729042bdadf72d42e63a2f18.jpg,unassigned,42
c78dbccb820bde781f9aaeea6a9e19e9d22ffb2d182460fdc4c28cfe5810bc0e,saberzl/SID_Set,sid_set_candidate_1500,fake,images/fake/c78dbccb820bde781f9aaeea6a9e19e9d22ffb2d182460fdc4c28cfe5810bc0e.png,unassigned,42
c7a2561c8c38fcb85c7fdefe92ff5e30bb9efd344a7ef31771f227d827d7d00a,ComplexDataLab/OpenFake,openfake_pilot_600,fake,images/fake/c7a2561c8c38fcb85c7fdefe92ff5e30bb9efd344a7ef31771f227d827d7d00a.png,gold_development,42
c7ae950025c33e5cf3faa8741e7237f4868205a0dbb3a71ff9be6d593b26e9c8,saberzl/SID_Set,sid_set_candidate_1500,real,images/real/c7ae950025c33e5cf3faa8741e7237f4868205a0dbb3a71ff9be6d593b26e9c8.jpg,unassigned,42
c7baedfc6decc5c7629e579fd63cf2fb34368602ce69a8566acbfea163f3ccea,saberzl/SID_Set,sid_set_candidate_1500,fake,images/fake/c7baedfc6decc5c7629e579fd63cf2fb34368602ce69a8566acbfea163f3ccea.png,unassigned,42
c7bd34d61c2eb0d241e1ae369baa5dc541cbb3e805074cff962db0dafc7333d1,ComplexDataLab/OpenFake,openfake_pilot_600,real,images/real/c7bd34d61c2eb0d241e1ae369baa5dc541cbb3e805074cff962db0dafc7333d1.jpg,gold_development,42
c7c9c82a975acb63270425ba3849174bcf1676ec068ca905472443a5aae945ff,saberzl/SID_Set,sid_set_candidate_1500,fake,images/fake/c7c9c82a975acb63270425ba3849174bcf1676ec068ca905472443a5aae945ff.png,unassigned,42
c7d05466f4948689f58add2b702fa94f7f3991b247baa63259ce6bf0e8eef4ea,ComplexDataLab/OpenFake,openfake_pilot_600,fake,images/fake/c7d05466f4948689f58add2b702fa94f7f3991b247baa63259ce6bf0e8eef4ea.png,unassigned,42
c7d495a1e9317f1026fcdc1c9093d1df3f0872ee71fb0d61d81ff8a590f87dd7,ComplexDataLab/OpenFake,openfake_additional_900,real,images/real/c7d495a1e9317f1026fcdc1c9093d1df3f0872ee71fb0d61d81ff8a590f87dd7.jpg,unassigned,42
c7f48c001248fdf39e471f051de245b8c6580c57b4c6f9f69853e99000e51306,saberzl/SID_Set,sid_set_candidate_1500,real,images/real/c7f48c001248fdf39e471f051de245b8c6580c57b4c6f9f69853e99000e51306.jpg,unassigned,42
c7fb8de52497a2e1a197583305168c70736bad1b28b08688216581ada130e336,ComplexDataLab/OpenFake,openfake_additional_900,real,images/real/c7fb8de52497a2e1a197583305168c70736bad1b28b08688216581ada130e336.jpg,unassigned,42
c7ff2cac7c2c5b732923ec4ec260ef297d903932fd59de86b3ec0fc0cbf23fda,saberzl/SID_Set,sid_set_candidate_1500,real,images/real/c7ff2cac7c2c5b732923ec4ec260ef297d903932fd59de86b3ec0fc0cbf23fda.jpg,unassigned,42
c81cdf27e85e5c03d178bb480ab1c7872a09b1ece9aac4aa72f57bea2028538f,saberzl/SID_Set,sid_set_candidate_1500,real,images/real/c81cdf27e85e5c03d178bb480ab1c7872a09b1ece9aac4aa72f57bea2028538f.jpg,unassigned,42
c836b3a1b26e5af75b24ca7533e570e65c2f9bba68a3ac3f333f18ad0373917a,saberzl/SID_Set,sid_set_candidate_1500,fake,images/fake/c836b3a1b26e5af75b24ca7533e570e65c2f9bba68a3ac3f333f18ad0373917a.png,unassigned,42
c83be7685dc905119ef9aebcb9fc4b86c665ea3b8c56b0423e821d38c543a7b9,saberzl/SID_Set,sid_set_candidate_1500,real,images/real/c83be7685dc905119ef9aebcb9fc4b86c665ea3b8c56b0423e821d38c543a7b9.jpg,unassigned,42
c83d379bfde60afc721f797105c13c98a1a10c5395c1e8cd6b4d15a31ed9d05e,ComplexDataLab/OpenFake,openfake_additional_900,fake,images/fake/c83d379bfde60afc721f797105c13c98a1a10c5395c1e8cd6b4d15a31ed9d05e.jpg,unassigned,42
c83ebc09d184186661b731e667f0bcd9095c3044cfd1bffa79a21c4144cd4f47,saberzl/SID_Set,sid_set_candidate_1500,fake,images/fake/c83ebc09d184186661b731e667f0bcd9095c3044cfd1bffa79a21c4144cd4f47.png,unassigned,42
c846ae866d667416b1596b947cade400c68941cfc515c7b663d832d38bd40419,saberzl/SID_Set,sid_set_candidate_1500,real,images/real/c846ae866d667416b1596b947cade400c68941cfc515c7b663d832d38bd40419.jpg,unassigned,42
c84e5992d558a4d25f05995c5763725a508923a6b96e15cd2e197c93edbdc1c2,saberzl/SID_Set,sid_set_candidate_1500,real,images/real/c84e5992d558a4d25f05995c5763725a508923a6b96e15cd2e197c93edbdc1c2.jpg,gold_test,42
c85157e5de0391c815056bf9a9919751d79c91ed57f718b087daaeb1088eba8f,saberzl/SID_Set,sid_set_candidate_1500,real,images/real/c85157e5de0391c815056bf9a9919751d79c91ed57f718b087daaeb1088eba8f.jpg,gold_test,42
c853d0cac2b865434dc1e5b3ddf483ebda85dd609cbbca5bb1a9a3462065a3e5,ComplexDataLab/OpenFake,openfake_additional_900,fake,images/fake/c853d0cac2b865434dc1e5b3ddf483ebda85dd609cbbca5bb1a9a3462065a3e5.png,unassigned,42
c87fe0223ed4a9289e3094af7904de124cad56f14af49a5c619bda099a535bcd,saberzl/SID_Set,sid_set_candidate_1500,real,images/real/c87fe0223ed4a9289e3094af7904de124cad56f14af49a5c619bda099a535bcd.jpg,unassigned,42
c88d725a580041337e27148929c3a548145987224429641bb8435836a5b5944b,saberzl/SID_Set,sid_set_candidate_1500,real,images/real/c88d725a580041337e27148929c3a548145987224429641bb8435836a5b5944b.jpg,unassigned,42
c8907fe48a7bac5520e0310da22c546f622ac3a30f95f7b1851a7ee2fd352a56,ComplexDataLab/OpenFake,openfake_additional_900,real,images/real/c8907fe48a7bac5520e0310da22c546f622ac3a30f95f7b1851a7ee2fd352a56.png,unassigned,42
c898469bff552eb4c3b26e6aea58fba2febb9ad00b013f6785f8a3da6662929f,saberzl/SID_Set,sid_set_candidate_1500,real,images/real/c898469bff552eb4c3b26e6aea58fba2febb9ad00b013f6785f8a3da6662929f.jpg,unassigned,42
c8cca11e15c637ee7f85ba35e33ad31faf2ce28c0acf0b988b0dfd1ed5a1adbd,ComplexDataLab/OpenFake,openfake_pilot_600,fake,images/fake/c8cca11e15c637ee7f85ba35e33ad31faf2ce28c0acf0b988b0dfd1ed5a1adbd.png,gold_development,42
c8e311ffc8f1f49ab711b2fc77d4d10501bcd8e3238cc67227022bac944b125d,saberzl/SID_Set,sid_set_candidate_1500,fake,images/fake/c8e311ffc8f1f49ab711b2fc77d4d10501bcd8e3238cc67227022bac944b125d.png,unassigned,42
c8fb068bda13b7001df93d1e0411fad895cc6f4f5603a5ed0ee2e978672d9457,saberzl/SID_Set,sid_set_candidate_1500,fake,images/fake/c8fb068bda13b7001df93d1e0411fad895cc6f4f5603a5ed0ee2e978672d9457.png,unassigned,42
c909e7c8be0cd5c92f839208f2ca0925d73b46cb16de09271c19b4a940ee4f7d,saberzl/SID_Set,sid_set_candidate_1500,fake,images/fake/c909e7c8be0cd5c92f839208f2ca0925d73b46cb16de09271c19b4a940ee4f7d.png,unassigned,42
c918725cd3a4796deb191bd8f590b314952e40348fc53ad0ba019dd42e9920b9,ComplexDataLab/OpenFake,openfake_pilot_600,real,images/real/c918725cd3a4796deb191bd8f590b314952e40348fc53ad0ba019dd42e9920b9.jpg,unassigned,42
c928c6fa5ba42d0f1d7d65f7f95ebd23ae3835a597a90371c7e8b28518ba74b5,saberzl/SID_Set,sid_set_candidate_1500,fake,images/fake/c928c6fa5ba42d0f1d7d65f7f95ebd23ae3835a597a90371c7e8b28518ba74b5.png,unassigned,42
c9458878b2459e12c6c8ad350b95764a8ff15c1fa847c98ce06897a2d7b9f2ff,saberzl/SID_Set,sid_set_candidate_1500,real,images/real/c9458878b2459e12c6c8ad350b95764a8ff15c1fa847c98ce06897a2d7b9f2ff.jpg,unassigned,42
c95023c1aeb6ded3781f8484cf6bfd4590be8bea035807ed5b00c1482f3efaba,ComplexDataLab/OpenFake,openfake_additional_900,real,images/real/c95023c1aeb6ded3781f8484cf6bfd4590be8bea035807ed5b00c1482f3efaba.jpg,unassigned,42
c952177d459fe51b0b05da3f63b75feeeea5539d40d52326e37a493baa79c273,ComplexDataLab/OpenFake,openfake_pilot_600,real,images/real/c952177d459fe51b0b05da3f63b75feeeea5539d40d52326e37a493baa79c273.jpg,gold_development,42
c95fe7ee4d41efc2181eaa4c166d631cc539403b6ba0cffa51fbea58f5800060,saberzl/SID_Set,sid_set_candidate_1500,real,images/real/c95fe7ee4d41efc2181eaa4c166d631cc539403b6ba0cffa51fbea58f5800060.jpg,unassigned,42
c970f2345461bbca047be3f8d7f6d67ce013b9707d91008bf6e50080a57f97eb,ComplexDataLab/OpenFake,openfake_pilot_600,real,images/real/c970f2345461bbca047be3f8d7f6d67ce013b9707d91008bf6e50080a57f97eb.jpg,unassigned,42
c971689c1b870d12c9dc74b20a83419ba5a0ddc2de03c5f6afb48af5e502f5a6,saberzl/SID_Set,sid_set_candidate_1500,real,images/real/c971689c1b870d12c9dc74b20a83419ba5a0ddc2de03c5f6afb48af5e502f5a6.jpg,unassigned,42
c9738d7d2ccdd0a7a9f3df6477f83058fd5c2a46b50b46a5cd72ba1be2d208bc,saberzl/SID_Set,sid_set_candidate_1500,real,images/real/c9738d7d2ccdd0a7a9f3df6477f83058fd5c2a46b50b46a5cd72ba1be2d208bc.jpg,unassigned,42
c986e249b579192a6f753205ab530e701908d8b3c90573534cacaa90be4d616f,saberzl/SID_Set,sid_set_candidate_1500,real,images/real/c986e249b579192a6f753205ab530e701908d8b3c90573534cacaa90be4d616f.jpg,unassigned,42
c992117752f71da1657bd9b2c35ff7493c385dca41631d1f10331a1978aee365,ComplexDataLab/OpenFake,openfake_additional_900,real,images/real/c992117752f71da1657bd9b2c35ff7493c385dca41631d1f10331a1978aee365.jpg,unassigned,42
c995b0fcd9b16584ac2578fabcc0abf4116334afce2dfff662a58ca840f7c125,ComplexDataLab/OpenFake,openfake_additional_900,fake,images/fake/c995b0fcd9b16584ac2578fabcc0abf4116334afce2dfff662a58ca840f7c125.png,gold_test,42
c9b2ac5127dbd56494e84850d3dc58fa9310669fd40bdef7783f189db450e741,saberzl/SID_Set,sid_set_candidate_1500,fake,images/fake/c9b2ac5127dbd56494e84850d3dc58fa9310669fd40bdef7783f189db450e741.png,unassigned,42
c9bba1210c7bb1755c83cb468d3624b4a047b1f535a305afba921bd9b19eda6e,ComplexDataLab/OpenFake,openfake_additional_900,fake,images/fake/c9bba1210c7bb1755c83cb468d3624b4a047b1f535a305afba921bd9b19eda6e.png,unassigned,42
c9cb697c68d65a32e8dd0c7b19c6f0ab6c1112426d8a12eb2307794dac708e19,saberzl/SID_Set,sid_set_candidate_1500,fake,images/fake/c9cb697c68d65a32e8dd0c7b19c6f0ab6c1112426d8a12eb2307794dac708e19.png,unassigned,42
c9cca6efd78d722b5c4e4a8c836e7121c40b6e95752ce9f0caf8e2efe7c0800f,saberzl/SID_Set,sid_set_candidate_1500,fake,images/fake/c9cca6efd78d722b5c4e4a8c836e7121c40b6e95752ce9f0caf8e2efe7c0800f.png,unassigned,42
c9ef7ea1700260f8ed01e76a0a702ef7715198dd4ea90a7c0d17173b9ab46953,ComplexDataLab/OpenFake,openfake_additional_900,real,images/real/c9ef7ea1700260f8ed01e76a0a702ef7715198dd4ea90a7c0d17173b9ab46953.jpg,unassigned,42
c9f76e46d3d8995487a68f39960d76eda4d170c805a99da82245ac9c6c00bd76,ComplexDataLab/OpenFake,openfake_pilot_600,real,images/real/c9f76e46d3d8995487a68f39960d76eda4d170c805a99da82245ac9c6c00bd76.jpg,unassigned,42
ca075da5b1f6a27b7dd3135eb18af59a1dad689186791517380f8db3670edd57,saberzl/SID_Set,sid_set_candidate_1500,fake,images/fake/ca075da5b1f6a27b7dd3135eb18af59a1dad689186791517380f8db3670edd57.png,unassigned,42
ca202ce83730c4484a9d3909d34371ec8767a3db93e5ea3b92d922fc2160fda1,saberzl/SID_Set,sid_set_candidate_1500,real,images/real/ca202ce83730c4484a9d3909d34371ec8767a3db93e5ea3b92d922fc2160fda1.jpg,unassigned,42
ca2bdbe192319fee0afeddba0a82110cf1c8a67c74cc17db53bf2440b8163360,ComplexDataLab/OpenFake,openfake_pilot_600,real,images/real/ca2bdbe192319fee0afeddba0a82110cf1c8a67c74cc17db53bf2440b8163360.png,unassigned,42
ca3a7670f11788f0d42a4470534927e86a7d66ac993e94bd01c9c576aa2c431e,saberzl/SID_Set,sid_set_candidate_1500,real,images/real/ca3a7670f11788f0d42a4470534927e86a7d66ac993e94bd01c9c576aa2c431e.jpg,unassigned,42
ca7c5bc8bf954cb1b8d9bd3c377d657b4dc5c01271156c87ef6a8e10394e94cd,ComplexDataLab/OpenFake,openfake_additional_900,fake,images/fake/ca7c5bc8bf954cb1b8d9bd3c377d657b4dc5c01271156c87ef6a8e10394e94cd.jpg,unassigned,42
ca9ab8fa2c171bcd39df861683642b021ee1dba9dd740c1996e96961fb1eb0d4,ComplexDataLab/OpenFake,openfake_pilot_600,fake,images/fake/ca9ab8fa2c171bcd39df861683642b021ee1dba9dd740c1996e96961fb1eb0d4.png,unassigned,42
caa083948312f7d3794e0992e6a6de9c18b072aa426dbc2fe1599f69affa8ffa,saberzl/SID_Set,sid_set_candidate_1500,real,images/real/caa083948312f7d3794e0992e6a6de9c18b072aa426dbc2fe1599f69affa8ffa.jpg,unassigned,42
caa963ad71e0ea2c6db30f345e9664420804a7228fa878485e46b8617ae7f38e,ComplexDataLab/OpenFake,openfake_additional_900,real,images/real/caa963ad71e0ea2c6db30f345e9664420804a7228fa878485e46b8617ae7f38e.jpg,unassigned,42
cac7904f0b12850eaa151cd1a61321e74b4576c8ddbcf8a0ba408086bc43f0c0,saberzl/SID_Set,sid_set_candidate_1500,fake,images/fake/cac7904f0b12850eaa151cd1a61321e74b4576c8ddbcf8a0ba408086bc43f0c0.png,unassigned,42
cadb648dc62ae05472b2e4ed3cbe5560895d8285cec838c2497f595dc0ec2cfc,saberzl/SID_Set,sid_set_candidate_1500,real,images/real/cadb648dc62ae05472b2e4ed3cbe5560895d8285cec838c2497f595dc0ec2cfc.jpg,gold_test,42
cb04ef807bf07235030c99858a5b64b17526b60e9ec5cd22e36a025000cd758d,saberzl/SID_Set,sid_set_candidate_1500,real,images/real/cb04ef807bf07235030c99858a5b64b17526b60e9ec5cd22e36a025000cd758d.jpg,unassigned,42
cb0776613b69ff80a3f69c009f755369b05ca6bd3666e4f6a98f3aca7529efb2,ComplexDataLab/OpenFake,openfake_additional_900,real,images/real/cb0776613b69ff80a3f69c009f755369b05ca6bd3666e4f6a98f3aca7529efb2.jpg,unassigned,42
cb2e26eb0d083007784404bf5915286bc1566ce9bf1b3a3174df8a674c1effee,saberzl/SID_Set,sid_set_candidate_1500,real,images/real/cb2e26eb0d083007784404bf5915286bc1566ce9bf1b3a3174df8a674c1effee.jpg,unassigned,42
cb36a0ff363acbafc2667bd69b289e2b28c76a5c01b23938b8ab2c65342074e6,ComplexDataLab/OpenFake,openfake_pilot_600,fake,images/fake/cb36a0ff363acbafc2667bd69b289e2b28c76a5c01b23938b8ab2c65342074e6.png,unassigned,42
cb7d165d032c2eb39be6e57eff30610c0167ba708f20d83924fbd7ae4021b84d,saberzl/SID_Set,sid_set_candidate_1500,fake,images/fake/cb7d165d032c2eb39be6e57eff30610c0167ba708f20d83924fbd7ae4021b84d.png,unassigned,42
cb9401c5ddce3c5f4f03f5d217573ff85e17e0fd6400a40dc29904555495bf3e,saberzl/SID_Set,sid_set_candidate_1500,real,images/real/cb9401c5ddce3c5f4f03f5d217573ff85e17e0fd6400a40dc29904555495bf3e.jpg,unassigned,42
cbad67fdac0a4b0116d73f2a9c238b53c360c9bcf23d9f4ae115539bbf12f2fa,saberzl/SID_Set,sid_set_candidate_1500,fake,images/fake/cbad67fdac0a4b0116d73f2a9c238b53c360c9bcf23d9f4ae115539bbf12f2fa.png,unassigned,42
cbfbc22ff9c68dd39579b3a5b309646e2882de98ae9f3bb143e1b2285c6ced39,ComplexDataLab/OpenFake,openfake_pilot_600,fake,images/fake/cbfbc22ff9c68dd39579b3a5b309646e2882de98ae9f3bb143e1b2285c6ced39.png,unassigned,42
cc3dcb7cb4b21477aa05b561dd8a69366d4c1bdbe32a0d1a3abce83e81697b79,saberzl/SID_Set,sid_set_candidate_1500,real,images/real/cc3dcb7cb4b21477aa05b561dd8a69366d4c1bdbe32a0d1a3abce83e81697b79.jpg,unassigned,42
cc4089d4cc539abff42c4038fc67c167a460b33ba5165d8b18a5780e4045324a,saberzl/SID_Set,sid_set_candidate_1500,real,images/real/cc4089d4cc539abff42c4038fc67c167a460b33ba5165d8b18a5780e4045324a.jpg,unassigned,42
cc68576123d2f6625c6db066e7a08701e5a6acd8d58530399c1177a06916a0a4,ComplexDataLab/OpenFake,openfake_additional_900,fake,images/fake/cc68576123d2f6625c6db066e7a08701e5a6acd8d58530399c1177a06916a0a4.png,unassigned,42
cc8ccafc3ff0fa0c3a86c32203d230d5015bbc92153d7a1df251135b70ce859d,ComplexDataLab/OpenFake,openfake_additional_900,real,images/real/cc8ccafc3ff0fa0c3a86c32203d230d5015bbc92153d7a1df251135b70ce859d.jpg,unassigned,42
cc97a56aad15bbad36f11c8cc20bc1706049348950941d58463e3437ef499d5c,saberzl/SID_Set,sid_set_candidate_1500,fake,images/fake/cc97a56aad15bbad36f11c8cc20bc1706049348950941d58463e3437ef499d5c.png,unassigned,42
cc98640db271e5affacd6afdc49bb52325038899733a292f3d13dd1fcaf67b51,saberzl/SID_Set,sid_set_candidate_1500,real,images/real/cc98640db271e5affacd6afdc49bb52325038899733a292f3d13dd1fcaf67b51.jpg,unassigned,42
ccbf158cb620b345288891f43c39c0f60211fc8c0da6f3c62a15c6d2625f9c27,ComplexDataLab/OpenFake,openfake_pilot_600,fake,images/fake/ccbf158cb620b345288891f43c39c0f60211fc8c0da6f3c62a15c6d2625f9c27.png,unassigned,42
ccbf55f91b66c9111e3a8eb900758f0801e42c27b794837caf8c23f491f99876,saberzl/SID_Set,sid_set_candidate_1500,real,images/real/ccbf55f91b66c9111e3a8eb900758f0801e42c27b794837caf8c23f491f99876.jpg,unassigned,42
cccd278ddeab436195b4082d44161517c78b41724a32efa0377dee6ae79e7e3d,ComplexDataLab/OpenFake,openfake_pilot_600,real,images/real/cccd278ddeab436195b4082d44161517c78b41724a32efa0377dee6ae79e7e3d.jpg,unassigned,42
ccdd15bdb9729d2f8220b579758de42c7cdec59e99e6d41722a68be55d8fb0e2,saberzl/SID_Set,sid_set_candidate_1500,fake,images/fake/ccdd15bdb9729d2f8220b579758de42c7cdec59e99e6d41722a68be55d8fb0e2.png,unassigned,42
ccf8a071d9ec6622b29dc16e7d37fdda39b74fcf22b6b88ce8c7589d08c1dc68,saberzl/SID_Set,sid_set_candidate_1500,fake,images/fake/ccf8a071d9ec6622b29dc16e7d37fdda39b74fcf22b6b88ce8c7589d08c1dc68.png,unassigned,42
ccfaf66c4eb02dd921d381df671e05b8e736f8303be3ca85c3d28d8f5d79a417,ComplexDataLab/OpenFake,openfake_pilot_600,real,images/real/ccfaf66c4eb02dd921d381df671e05b8e736f8303be3ca85c3d28d8f5d79a417.jpg,unassigned,42
cd0140837a503bfd27ec32418b572e9c5caa87851145cf4aab1bbf9b9894ece6,ComplexDataLab/OpenFake,openfake_additional_900,fake,images/fake/cd0140837a503bfd27ec32418b572e9c5caa87851145cf4aab1bbf9b9894ece6.png,unassigned,42
cd1f1c6ff98f1f6c7b97c0b1c1f41c59fb24d06b847b33bbd8da069c4bb27935,ComplexDataLab/OpenFake,openfake_pilot_600,real,images/real/cd1f1c6ff98f1f6c7b97c0b1c1f41c59fb24d06b847b33bbd8da069c4bb27935.jpg,unassigned,42
cd2bddb609705eb2b8b704f84055c7eac7c55cc057f6a1a7d11bc511cf994def,ComplexDataLab/OpenFake,openfake_pilot_600,real,images/real/cd2bddb609705eb2b8b704f84055c7eac7c55cc057f6a1a7d11bc511cf994def.jpg,unassigned,42
cd2f13609e89b0a0a68fef8be7270c664b73d0421471682790823c42feec25df,saberzl/SID_Set,sid_set_candidate_1500,real,images/real/cd2f13609e89b0a0a68fef8be7270c664b73d0421471682790823c42feec25df.jpg,unassigned,42
cd3c127c8b030ec979388c5308eba8b6097d9a8f67144835ebf06d49315f6ab8,saberzl/SID_Set,sid_set_candidate_1500,real,images/real/cd3c127c8b030ec979388c5308eba8b6097d9a8f67144835ebf06d49315f6ab8.jpg,unassigned,42
cd43cde1efd10f923261d6d537942db5bef2ebfe88781825df5521c65ab1fd36,ComplexDataLab/OpenFake,openfake_pilot_600,real,images/real/cd43cde1efd10f923261d6d537942db5bef2ebfe88781825df5521c65ab1fd36.jpg,unassigned,42
cd60ca0389ce13b5e921b886f9a9314996582ca3cd227c040f6dbc9870f9f0c7,ComplexDataLab/OpenFake,openfake_pilot_600,real,images/real/cd60ca0389ce13b5e921b886f9a9314996582ca3cd227c040f6dbc9870f9f0c7.jpg,unassigned,42
cd95d75ad54402f1d99972ff2b1ba80ed41b7fe0d42350b280b4f183c637a570,ComplexDataLab/OpenFake,openfake_pilot_600,fake,images/fake/cd95d75ad54402f1d99972ff2b1ba80ed41b7fe0d42350b280b4f183c637a570.png,unassigned,42
cd9bbfb9d0842bf2f38404c1eb4d63c4a01d24ce46d7abde4f57bed02071e4c4,ComplexDataLab/OpenFake,openfake_additional_900,fake,images/fake/cd9bbfb9d0842bf2f38404c1eb4d63c4a01d24ce46d7abde4f57bed02071e4c4.png,unassigned,42
cdc6c2adcbea5b64d50b74af4c0443e3aa6614588b5fdacdb905fe237bb074fe,saberzl/SID_Set,sid_set_candidate_1500,fake,images/fake/cdc6c2adcbea5b64d50b74af4c0443e3aa6614588b5fdacdb905fe237bb074fe.png,unassigned,42
cdd03c13ad446fb30ad2b586323acf729c70dabaf48384c3100387bb7ab19493,saberzl/SID_Set,sid_set_candidate_1500,real,images/real/cdd03c13ad446fb30ad2b586323acf729c70dabaf48384c3100387bb7ab19493.jpg,unassigned,42
cdd1f0ae79a48db92440bda507607d1fc37966555829a44555821e0acd4254dc,saberzl/SID_Set,sid_set_candidate_1500,real,images/real/cdd1f0ae79a48db92440bda507607d1fc37966555829a44555821e0acd4254dc.jpg,unassigned,42
cde8034bffec16672bb4501eabbc1e2ceca39ee3624585ddc831b0d74a7abf28,saberzl/SID_Set,sid_set_candidate_1500,fake,images/fake/cde8034bffec16672bb4501eabbc1e2ceca39ee3624585ddc831b0d74a7abf28.png,unassigned,42
cdeb9bca0271c9523ca2e4467085ec1e91a2a5347cbe5d6970f14c1c8c501a2a,saberzl/SID_Set,sid_set_candidate_1500,fake,images/fake/cdeb9bca0271c9523ca2e4467085ec1e91a2a5347cbe5d6970f14c1c8c501a2a.png,unassigned,42
ce0234ea012a7dcd12725d5b81123ce28bb76615e8a291f91b479afd5e9456e7,saberzl/SID_Set,sid_set_candidate_1500,real,images/real/ce0234ea012a7dcd12725d5b81123ce28bb76615e8a291f91b479afd5e9456e7.jpg,unassigned,42
ce1f6b93f25718a4b78c7e7e295dd733899198720cdcf40e7a446a278f624fed,ComplexDataLab/OpenFake,openfake_additional_900,real,images/real/ce1f6b93f25718a4b78c7e7e295dd733899198720cdcf40e7a446a278f624fed.jpg,unassigned,42
ce3059746c74b84c7c1b1e1d0fc2c7fdd68aa51eed527a662e341e70e4a857e2,ComplexDataLab/OpenFake,openfake_additional_900,fake,images/fake/ce3059746c74b84c7c1b1e1d0fc2c7fdd68aa51eed527a662e341e70e4a857e2.png,unassigned,42
ce73d45404b6fe89c55b4afb66ca208af45c2c3bb0c982a24c632ba7298ced62,ComplexDataLab/OpenFake,openfake_additional_900,real,images/real/ce73d45404b6fe89c55b4afb66ca208af45c2c3bb0c982a24c632ba7298ced62.jpg,unassigned,42
cecf451bc08036fd8fba5e930616312e3b3ecd838bb11ccb1f2af5eedb15df2f,ComplexDataLab/OpenFake,openfake_pilot_600,real,images/real/cecf451bc08036fd8fba5e930616312e3b3ecd838bb11ccb1f2af5eedb15df2f.jpg,gold_test,42
ceeadebc5a96112d2c81fd7a062a69653090a235d1ce435ba09b5c0579215248,ComplexDataLab/OpenFake,openfake_additional_900,fake,images/fake/ceeadebc5a96112d2c81fd7a062a69653090a235d1ce435ba09b5c0579215248.png,unassigned,42
cf0a47f943c122ce6c321e9a5225bb62ff1d7dd275733edfde6c078552306348,ComplexDataLab/OpenFake,openfake_additional_900,real,images/real/cf0a47f943c122ce6c321e9a5225bb62ff1d7dd275733edfde6c078552306348.jpg,unassigned,42
cf2cbadf6f1e7e59afbd19a07896203d5d104e1ac31eb93d9eb1391e11094e82,saberzl/SID_Set,sid_set_candidate_1500,real,images/real/cf2cbadf6f1e7e59afbd19a07896203d5d104e1ac31eb93d9eb1391e11094e82.jpg,unassigned,42
cf55db9bc4ff3888a5edcd8417ebd5c6bd475d27020412b5be459a42a772ad66,saberzl/SID_Set,sid_set_candidate_1500,real,images/real/cf55db9bc4ff3888a5edcd8417ebd5c6bd475d27020412b5be459a42a772ad66.jpg,unassigned,42
cf571eeb694d44734b0d694e047c444ff1400ff1d49416ac3eab77e77ebc5d09,saberzl/SID_Set,sid_set_candidate_1500,fake,images/fake/cf571eeb694d44734b0d694e047c444ff1400ff1d49416ac3eab77e77ebc5d09.png,unassigned,42
cf5cf740601b3089b4ae1a947112bc8726984b0c61f2d71ddfc5005dae0732cc,ComplexDataLab/OpenFake,openfake_additional_900,fake,images/fake/cf5cf740601b3089b4ae1a947112bc8726984b0c61f2d71ddfc5005dae0732cc.png,unassigned,42
cf75c470af8aad23ad8703c523af878411d939a59ff4248abc06957912632bd6,ComplexDataLab/OpenFake,openfake_additional_900,fake,images/fake/cf75c470af8aad23ad8703c523af878411d939a59ff4248abc06957912632bd6.png,unassigned,42
cf7eae2ef4fb850a0c675fbd6c87c711719f7e314dcb6a1e14563114e78111ec,saberzl/SID_Set,sid_set_candidate_1500,fake,images/fake/cf7eae2ef4fb850a0c675fbd6c87c711719f7e314dcb6a1e14563114e78111ec.png,unassigned,42
cfb89bc2ce065157cfceb3b2d52caefd2fc8dbac64a0dc00a5c9d5bfda40ff8a,saberzl/SID_Set,sid_set_candidate_1500,real,images/real/cfb89bc2ce065157cfceb3b2d52caefd2fc8dbac64a0dc00a5c9d5bfda40ff8a.jpg,unassigned,42
cfc079b8e88ffd7c99544d22474143afa1858af1e5dd8c5af391a58bf1fb6fab,saberzl/SID_Set,sid_set_candidate_1500,fake,images/fake/cfc079b8e88ffd7c99544d22474143afa1858af1e5dd8c5af391a58bf1fb6fab.png,unassigned,42
cfe8594f2b0c30931a483c55a92a7129bb31a641945486d6581ff6458ce17aba,saberzl/SID_Set,sid_set_candidate_1500,fake,images/fake/cfe8594f2b0c30931a483c55a92a7129bb31a641945486d6581ff6458ce17aba.png,unassigned,42
d00e23a38eee1b8ff4591c4c85cab1b56df0095137d83f0a483d638a2785b7aa,ComplexDataLab/OpenFake,openfake_pilot_600,fake,images/fake/d00e23a38eee1b8ff4591c4c85cab1b56df0095137d83f0a483d638a2785b7aa.png,unassigned,42
d01447ba9d0a472cd7bc322f727e63ab44f6c981736f739fb3b24c3066e53181,ComplexDataLab/OpenFake,openfake_pilot_600,fake,images/fake/d01447ba9d0a472cd7bc322f727e63ab44f6c981736f739fb3b24c3066e53181.png,unassigned,42
d0161538206a535b6956462d811114ec40e0326efa1aa3ccfff25f3e45f5610a,saberzl/SID_Set,sid_set_candidate_1500,real,images/real/d0161538206a535b6956462d811114ec40e0326efa1aa3ccfff25f3e45f5610a.jpg,unassigned,42
d033311ac0c4f9301cb10cb4ac12d3345c75c4050b4a0c107f47a08574ee5cb2,saberzl/SID_Set,sid_set_candidate_1500,fake,images/fake/d033311ac0c4f9301cb10cb4ac12d3345c75c4050b4a0c107f47a08574ee5cb2.png,unassigned,42
d0342b12b0636aaba798c02741b864bc13d6aaa75b5f254e26a95ab9dbe33058,ComplexDataLab/OpenFake,openfake_additional_900,fake,images/fake/d0342b12b0636aaba798c02741b864bc13d6aaa75b5f254e26a95ab9dbe33058.jpg,unassigned,42
d04b5438afe50e9ac7343223222a70d1d0c7a64e00b754502dd333c645278232,saberzl/SID_Set,sid_set_candidate_1500,real,images/real/d04b5438afe50e9ac7343223222a70d1d0c7a64e00b754502dd333c645278232.jpg,unassigned,42
d05041e98611d7c927304e7748b78e3401e057d7d49f07a56b098a139ecd115d,saberzl/SID_Set,sid_set_candidate_1500,fake,images/fake/d05041e98611d7c927304e7748b78e3401e057d7d49f07a56b098a139ecd115d.png,unassigned,42
d062dae8cce84fddbff814f39cae0dc4bbd0accb4f477d4fee3c67637bd5d40c,ComplexDataLab/OpenFake,openfake_additional_900,real,images/real/d062dae8cce84fddbff814f39cae0dc4bbd0accb4f477d4fee3c67637bd5d40c.jpg,unassigned,42
d07510b419579daf702319254e8bb737e5690db2805c497c1adab080e18bb838,saberzl/SID_Set,sid_set_candidate_1500,fake,images/fake/d07510b419579daf702319254e8bb737e5690db2805c497c1adab080e18bb838.png,unassigned,42
d0b94e631bfa643fcee64a5b5eaa042e3cd6e295044ffe47a54043930eacc906,ComplexDataLab/OpenFake,openfake_additional_900,fake,images/fake/d0b94e631bfa643fcee64a5b5eaa042e3cd6e295044ffe47a54043930eacc906.png,unassigned,42
d0d243ffb3fccaf55a471ca1308586a431cf4bb5fd1ecedab271fc6f6c2b8d8b,ComplexDataLab/OpenFake,openfake_pilot_600,fake,images/fake/d0d243ffb3fccaf55a471ca1308586a431cf4bb5fd1ecedab271fc6f6c2b8d8b.png,unassigned,42
d0dee66e504b84ac5b656aac4e55a1fe2565405294755b7d0e3f187c16d6cf2f,ComplexDataLab/OpenFake,openfake_additional_900,real,images/real/d0dee66e504b84ac5b656aac4e55a1fe2565405294755b7d0e3f187c16d6cf2f.jpg,unassigned,42
d0ea346173a8ea9d9609105b8384dd6cc9fcdcb427c6f03f993a1308d304e0c5,ComplexDataLab/OpenFake,openfake_additional_900,real,images/real/d0ea346173a8ea9d9609105b8384dd6cc9fcdcb427c6f03f993a1308d304e0c5.jpg,unassigned,42
d11569494b19cd78a6cf9e2c24988063987532c0f6bc04b8835b2bae55a621df,saberzl/SID_Set,sid_set_candidate_1500,real,images/real/d11569494b19cd78a6cf9e2c24988063987532c0f6bc04b8835b2bae55a621df.jpg,unassigned,42
d1406b63b8991e1afe2721c5485149eb68085b65b9334faae7070864c4018c55,saberzl/SID_Set,sid_set_candidate_1500,fake,images/fake/d1406b63b8991e1afe2721c5485149eb68085b65b9334faae7070864c4018c55.png,unassigned,42
d14f4a59f0b6abeccaaa641377bae6125fd8fc1df21d9398f29464dc59f424ac,saberzl/SID_Set,sid_set_candidate_1500,real,images/real/d14f4a59f0b6abeccaaa641377bae6125fd8fc1df21d9398f29464dc59f424ac.jpg,unassigned,42
d17ffe7e6668ad6ef29d5d6aff1249f81dd0915a4677110dd33ce5e309dbe5a3,ComplexDataLab/OpenFake,openfake_pilot_600,real,images/real/d17ffe7e6668ad6ef29d5d6aff1249f81dd0915a4677110dd33ce5e309dbe5a3.jpg,unassigned,42
d18ec6d35a3ca5e5e8c7842b7a175c80d480df8e7367c2b713191c06e90b8c5d,saberzl/SID_Set,sid_set_candidate_1500,real,images/real/d18ec6d35a3ca5e5e8c7842b7a175c80d480df8e7367c2b713191c06e90b8c5d.jpg,unassigned,42
d19cb270e4bcab9a280501759878d5045502d6cf43a990520c74103b9c72cf20,ComplexDataLab/OpenFake,openfake_additional_900,fake,images/fake/d19cb270e4bcab9a280501759878d5045502d6cf43a990520c74103b9c72cf20.webp,unassigned,42
d1d0f0ac2435f7c15a17707b4ca5db78b39ec1880db9748fba24d8a50eee028b,ComplexDataLab/OpenFake,openfake_additional_900,fake,images/fake/d1d0f0ac2435f7c15a17707b4ca5db78b39ec1880db9748fba24d8a50eee028b.png,unassigned,42
d1d9002f4dee6fb725789afec8cc8f1f9057a8a7384a5362ed44421e0bcc0ad4,ComplexDataLab/OpenFake,openfake_additional_900,fake,images/fake/d1d9002f4dee6fb725789afec8cc8f1f9057a8a7384a5362ed44421e0bcc0ad4.png,unassigned,42
d1db65f754b643548db9cb83bf015b3523157c16f58cc7d45bd69c8bac064a86,saberzl/SID_Set,sid_set_candidate_1500,fake,images/fake/d1db65f754b643548db9cb83bf015b3523157c16f58cc7d45bd69c8bac064a86.png,unassigned,42
d1e946eef979ab4beee2e901e9fd62478d562b238ca62eb2fbdb98d7e2a8377f,saberzl/SID_Set,sid_set_candidate_1500,real,images/real/d1e946eef979ab4beee2e901e9fd62478d562b238ca62eb2fbdb98d7e2a8377f.jpg,unassigned,42
d1ee3fd294c5971109f366f639d25a30da2cc4f3978690cca1f5da60fe4f1d6c,ComplexDataLab/OpenFake,openfake_additional_900,fake,images/fake/d1ee3fd294c5971109f366f639d25a30da2cc4f3978690cca1f5da60fe4f1d6c.png,unassigned,42
d1f131bc024591a8704fe9cfeac975d79c5b5632297c130c92fed293e3b21fd2,saberzl/SID_Set,sid_set_candidate_1500,real,images/real/d1f131bc024591a8704fe9cfeac975d79c5b5632297c130c92fed293e3b21fd2.jpg,unassigned,42
d219dd09455ba27e628fd8da8db35e8b3f1582c2ee91ddc3b6343185d1f870ea,saberzl/SID_Set,sid_set_candidate_1500,fake,images/fake/d219dd09455ba27e628fd8da8db35e8b3f1582c2ee91ddc3b6343185d1f870ea.png,gold_test,42
d22ab4418eac167cad647691d1d2d705aafb9d508c492e2e5e0c131dca4f4baa,ComplexDataLab/OpenFake,openfake_additional_900,real,images/real/d22ab4418eac167cad647691d1d2d705aafb9d508c492e2e5e0c131dca4f4baa.jpg,unassigned,42
d2501bfc7f5d57c6a72f3ccfefdf85037eea90ec92248c1898ce9ba11922d8c3,ComplexDataLab/OpenFake,openfake_additional_900,real,images/real/d2501bfc7f5d57c6a72f3ccfefdf85037eea90ec92248c1898ce9ba11922d8c3.jpg,unassigned,42
d2523c4232d27d7978f688e3bea46884ced1e94b8c61c99141e455e0e60eb502,ComplexDataLab/OpenFake,openfake_pilot_600,real,images/real/d2523c4232d27d7978f688e3bea46884ced1e94b8c61c99141e455e0e60eb502.jpg,gold_development,42
d252d88f1f77f3508e6511f26d2239456f7aa22b2f68ff09a8543ff7e53c3f37,saberzl/SID_Set,sid_set_candidate_1500,real,images/real/d252d88f1f77f3508e6511f26d2239456f7aa22b2f68ff09a8543ff7e53c3f37.jpg,unassigned,42
d294a3f4dfbef7383624f0d9ee20625f080f8404ccf07832f84f424ea1ff42b6,saberzl/SID_Set,sid_set_candidate_1500,fake,images/fake/d294a3f4dfbef7383624f0d9ee20625f080f8404ccf07832f84f424ea1ff42b6.png,unassigned,42
d2a9cff7b9b79f68fff94d8fc4abe506ee5a50b94644a655b0582bb277facdb8,ComplexDataLab/OpenFake,openfake_additional_900,real,images/real/d2a9cff7b9b79f68fff94d8fc4abe506ee5a50b94644a655b0582bb277facdb8.jpg,unassigned,42
d2e45b157a96a56aa8dee012f2c451c65f8d03ef2f4ec3315383800dfa83ea3b,ComplexDataLab/OpenFake,openfake_pilot_600,real,images/real/d2e45b157a96a56aa8dee012f2c451c65f8d03ef2f4ec3315383800dfa83ea3b.jpg,gold_test,42
d2e63cb06172418ca0c76281605cc5203b48992745a833feed3e864c8fcf24a2,ComplexDataLab/OpenFake,openfake_pilot_600,real,images/real/d2e63cb06172418ca0c76281605cc5203b48992745a833feed3e864c8fcf24a2.jpg,unassigned,42
d2fa49d263bf944fd959e358325b53e3ccc1fac088d360906653843a8f808cac,saberzl/SID_Set,sid_set_candidate_1500,fake,images/fake/d2fa49d263bf944fd959e358325b53e3ccc1fac088d360906653843a8f808cac.png,unassigned,42
d31aa345aa67a240d8fbcfb4b5d17de91999b12d9d3475f993a1d8e5614388c1,ComplexDataLab/OpenFake,openfake_additional_900,real,images/real/d31aa345aa67a240d8fbcfb4b5d17de91999b12d9d3475f993a1d8e5614388c1.jpg,unassigned,42
d34a7659946c94adf783d64e301565181f1c360f61ea9fe6775a5bb077ab754d,saberzl/SID_Set,sid_set_candidate_1500,fake,images/fake/d34a7659946c94adf783d64e301565181f1c360f61ea9fe6775a5bb077ab754d.png,unassigned,42
d3505d04c2e9174855c579c2785c100368d5ca2760bb24c83b8af6975bbf70ed,ComplexDataLab/OpenFake,openfake_additional_900,fake,images/fake/d3505d04c2e9174855c579c2785c100368d5ca2760bb24c83b8af6975bbf70ed.png,gold_test,42
d36efdd710d2d64a71ebec4320df2db0a47f6b9f8f5dd3bdfb8894153b1a7c54,ComplexDataLab/OpenFake,openfake_additional_900,fake,images/fake/d36efdd710d2d64a71ebec4320df2db0a47f6b9f8f5dd3bdfb8894153b1a7c54.png,unassigned,42
d37a223c59f986e77b04456ea2b45973c3bce7e9c502f6b3d6050e9d0719dc7f,ComplexDataLab/OpenFake,openfake_pilot_600,real,images/real/d37a223c59f986e77b04456ea2b45973c3bce7e9c502f6b3d6050e9d0719dc7f.jpg,unassigned,42
d37b6e2864def648f1ad866e0dea40ae06c9ac1791ddd58450e6cce05ee252b5,saberzl/SID_Set,sid_set_candidate_1500,real,images/real/d37b6e2864def648f1ad866e0dea40ae06c9ac1791ddd58450e6cce05ee252b5.jpg,unassigned,42
d3c995652ab7554fbe7267ec25c28f52a2d52bbf2dc84b183d7a9a33e8e104f1,ComplexDataLab/OpenFake,openfake_additional_900,fake,images/fake/d3c995652ab7554fbe7267ec25c28f52a2d52bbf2dc84b183d7a9a33e8e104f1.png,unassigned,42
d3dcb618d3d88431ec71e37a73b931e75a07aee0b785dcfca74c7985d8afd744,ComplexDataLab/OpenFake,openfake_pilot_600,real,images/real/d3dcb618d3d88431ec71e37a73b931e75a07aee0b785dcfca74c7985d8afd744.jpg,unassigned,42
d3e1f3f3797b93ce82c592a7d3e9b04abfb264e2c78624a2ea0cf479db6d7e78,saberzl/SID_Set,sid_set_candidate_1500,fake,images/fake/d3e1f3f3797b93ce82c592a7d3e9b04abfb264e2c78624a2ea0cf479db6d7e78.png,unassigned,42
d3ebf5bc354535da7841954f6c2601b8ed0ece9b85405229985732fc41f8d315,ComplexDataLab/OpenFake,openfake_additional_900,real,images/real/d3ebf5bc354535da7841954f6c2601b8ed0ece9b85405229985732fc41f8d315.jpg,unassigned,42
d3eccadf277467cb9d8e32c5eb9347e122adf936950801658fe22433e7a1edb5,ComplexDataLab/OpenFake,openfake_additional_900,fake,images/fake/d3eccadf277467cb9d8e32c5eb9347e122adf936950801658fe22433e7a1edb5.jpg,unassigned,42
d438e300b69595b3a3fd6df904e985822d5914578e4e380118bf4dbd0c9c07db,ComplexDataLab/OpenFake,openfake_additional_900,fake,images/fake/d438e300b69595b3a3fd6df904e985822d5914578e4e380118bf4dbd0c9c07db.jpg,unassigned,42
d49b53f27acca3660be831861d521593754a85d8b55b6e511dbcfecf02da60d8,saberzl/SID_Set,sid_set_candidate_1500,real,images/real/d49b53f27acca3660be831861d521593754a85d8b55b6e511dbcfecf02da60d8.jpg,unassigned,42
d4ab121d36684b193407d1a1532fe43301534315bdf4f0e8ed401216f4c5d60c,saberzl/SID_Set,sid_set_candidate_1500,fake,images/fake/d4ab121d36684b193407d1a1532fe43301534315bdf4f0e8ed401216f4c5d60c.png,unassigned,42
d4d5a75863cecdafdcc07989ecaeb8ae0f24ec3846ca32e1b1dfc85643eea5e1,ComplexDataLab/OpenFake,openfake_pilot_600,fake,images/fake/d4d5a75863cecdafdcc07989ecaeb8ae0f24ec3846ca32e1b1dfc85643eea5e1.jpg,unassigned,42
d4ea3bb856f02755e667877cede7b2701594cbf278222bfef6b82931304b767c,saberzl/SID_Set,sid_set_candidate_1500,fake,images/fake/d4ea3bb856f02755e667877cede7b2701594cbf278222bfef6b82931304b767c.png,unassigned,42
d506c23b6ef8cca94d600a41dfcb3e477121d0ab83d4a5b8154a1295da396c69,saberzl/SID_Set,sid_set_candidate_1500,fake,images/fake/d506c23b6ef8cca94d600a41dfcb3e477121d0ab83d4a5b8154a1295da396c69.png,unassigned,42
d5097ab54b80237393c20da8078215bf18ddc7f517afa7a06dfd3e8768b155ac,ComplexDataLab/OpenFake,openfake_pilot_600,fake,images/fake/d5097ab54b80237393c20da8078215bf18ddc7f517afa7a06dfd3e8768b155ac.png,unassigned,42
d536e3bd1b53d6babdccfdb2847caa4d45ef30ecace03d8b000869faaaee0309,ComplexDataLab/OpenFake,openfake_pilot_600,real,images/real/d536e3bd1b53d6babdccfdb2847caa4d45ef30ecace03d8b000869faaaee0309.jpg,unassigned,42
d541e1808be7102aaf8b6e008d7bf4214d2671d5b22d4d37dfadd11f80606a8a,saberzl/SID_Set,sid_set_candidate_1500,real,images/real/d541e1808be7102aaf8b6e008d7bf4214d2671d5b22d4d37dfadd11f80606a8a.jpg,unassigned,42
d5429345687161ca008a3a78d324e15d804a04fd96e1eb2db4258d61ca12af97,ComplexDataLab/OpenFake,openfake_additional_900,fake,images/fake/d5429345687161ca008a3a78d324e15d804a04fd96e1eb2db4258d61ca12af97.webp,unassigned,42
d5464285a4743cdaa37e45e46a79210767e03840af7a8540130fba1100e44eaf,ComplexDataLab/OpenFake,openfake_additional_900,fake,images/fake/d5464285a4743cdaa37e45e46a79210767e03840af7a8540130fba1100e44eaf.png,unassigned,42
d56ea70dab4f3f102a2405d4c520906c484f7668abce2cc1c850788de44093b4,ComplexDataLab/OpenFake,openfake_additional_900,real,images/real/d56ea70dab4f3f102a2405d4c520906c484f7668abce2cc1c850788de44093b4.jpg,gold_test,42
d59a9228e97df00be2c69251e5b3587401b183206498f928602d8e7a9114144b,saberzl/SID_Set,sid_set_candidate_1500,fake,images/fake/d59a9228e97df00be2c69251e5b3587401b183206498f928602d8e7a9114144b.png,gold_test,42
d5db53d9202a2a8c9dd8a6a20e276f900a6c6df2a03ddf95ecb2dba5a88f08e4,ComplexDataLab/OpenFake,openfake_pilot_600,real,images/real/d5db53d9202a2a8c9dd8a6a20e276f900a6c6df2a03ddf95ecb2dba5a88f08e4.jpg,unassigned,42
d6182b916886325a9bda543eb5c7af784ab53a1500a33f903d052de2c8a2a359,saberzl/SID_Set,sid_set_candidate_1500,real,images/real/d6182b916886325a9bda543eb5c7af784ab53a1500a33f903d052de2c8a2a359.jpg,unassigned,42
d6200723f74c9eab13d7523cca105ac51f04dd0fcff7c77d17bf37c78d7fe78e,ComplexDataLab/OpenFake,openfake_pilot_600,real,images/real/d6200723f74c9eab13d7523cca105ac51f04dd0fcff7c77d17bf37c78d7fe78e.jpg,gold_development,42
d6667ce7c01b23d5443011b329e19dea1f82f0abfe8b1964f3d5e82a0c8d51cc,ComplexDataLab/OpenFake,openfake_additional_900,fake,images/fake/d6667ce7c01b23d5443011b329e19dea1f82f0abfe8b1964f3d5e82a0c8d51cc.png,unassigned,42
d66b6df8bb2d8725eb1ad6ea69f1a2101961f28d8fb06848c71283536066668b,saberzl/SID_Set,sid_set_candidate_1500,fake,images/fake/d66b6df8bb2d8725eb1ad6ea69f1a2101961f28d8fb06848c71283536066668b.png,unassigned,42
d6a8ec21967bf774c601f3381da53b17b3baf2f3fe1f87cc8ae1536a26792cbd,ComplexDataLab/OpenFake,openfake_pilot_600,real,images/real/d6a8ec21967bf774c601f3381da53b17b3baf2f3fe1f87cc8ae1536a26792cbd.jpg,unassigned,42
d6ac3c1a1c4fec9f090165169ab8f726895ef73797ecf94ed87f55dbf0cc6eb5,ComplexDataLab/OpenFake,openfake_additional_900,fake,images/fake/d6ac3c1a1c4fec9f090165169ab8f726895ef73797ecf94ed87f55dbf0cc6eb5.png,gold_test,42
d6b209b675d85f78e4fd559b56ec8e604961bdf25850aa5f8143578c7f31f070,ComplexDataLab/OpenFake,openfake_additional_900,fake,images/fake/d6b209b675d85f78e4fd559b56ec8e604961bdf25850aa5f8143578c7f31f070.png,unassigned,42
d6b4965dd93e55c3f9f3dc674dd8cc88e22aa17f8601df258005dc9914f171d1,ComplexDataLab/OpenFake,openfake_additional_900,fake,images/fake/d6b4965dd93e55c3f9f3dc674dd8cc88e22aa17f8601df258005dc9914f171d1.png,unassigned,42
d6f4c81461a1eb55b8cdf6a1a92d047fde6317eecb901432ec1b6ad20ace2741,ComplexDataLab/OpenFake,openfake_additional_900,real,images/real/d6f4c81461a1eb55b8cdf6a1a92d047fde6317eecb901432ec1b6ad20ace2741.jpg,unassigned,42
d700bb900286b098f781bdb60ee65e8a069e629c486009b99ae0381a4ba7f990,saberzl/SID_Set,sid_set_candidate_1500,fake,images/fake/d700bb900286b098f781bdb60ee65e8a069e629c486009b99ae0381a4ba7f990.png,gold_test,42
d72ceae9d59fda5588c156669dbb5695ecb36ecc5f8dd768d6b97cc6a6c66337,ComplexDataLab/OpenFake,openfake_additional_900,real,images/real/d72ceae9d59fda5588c156669dbb5695ecb36ecc5f8dd768d6b97cc6a6c66337.jpg,unassigned,42
d72d8b5e970f3df737510f869c2bc73df6af2a46ef27029b1882f4c8b433b7da,ComplexDataLab/OpenFake,openfake_additional_900,real,images/real/d72d8b5e970f3df737510f869c2bc73df6af2a46ef27029b1882f4c8b433b7da.jpg,unassigned,42
d76adf9ebbdb08eac856143ef0eb5b630a6e098976d5e9e9b0b35dcbe0d589f0,ComplexDataLab/OpenFake,openfake_additional_900,real,images/real/d76adf9ebbdb08eac856143ef0eb5b630a6e098976d5e9e9b0b35dcbe0d589f0.jpg,unassigned,42
d76b27fc1684f0939ea16200643ee32d7de3e699c7e53ff81629ce32d1ecefb8,ComplexDataLab/OpenFake,openfake_additional_900,fake,images/fake/d76b27fc1684f0939ea16200643ee32d7de3e699c7e53ff81629ce32d1ecefb8.jpg,unassigned,42
d77fc7a276efb44cfa0821e413f56c87ceda24cb90a34718eb1b1b743d5dab59,ComplexDataLab/OpenFake,openfake_additional_900,real,images/real/d77fc7a276efb44cfa0821e413f56c87ceda24cb90a34718eb1b1b743d5dab59.jpg,unassigned,42
d7bd84750af3e7e39ed73b6f934bfaba2b3e25aee89eff0c7b3c31955ef207d7,saberzl/SID_Set,sid_set_candidate_1500,real,images/real/d7bd84750af3e7e39ed73b6f934bfaba2b3e25aee89eff0c7b3c31955ef207d7.jpg,unassigned,42
d802a4ed4f3900a5e19d1fb754e87ffdd2f02de0835aab45e39735d6b115e5e0,ComplexDataLab/OpenFake,openfake_additional_900,fake,images/fake/d802a4ed4f3900a5e19d1fb754e87ffdd2f02de0835aab45e39735d6b115e5e0.png,unassigned,42
d82eeb3ff38aaab2450eee3ce79ef712c00c0b8718cfa4acfbe4e019781f7518,ComplexDataLab/OpenFake,openfake_additional_900,fake,images/fake/d82eeb3ff38aaab2450eee3ce79ef712c00c0b8718cfa4acfbe4e019781f7518.png,unassigned,42
d83b990da1b743a0385b8d2e287ea925d5c6067d01b688002a9926bde0304f4a,saberzl/SID_Set,sid_set_candidate_1500,fake,images/fake/d83b990da1b743a0385b8d2e287ea925d5c6067d01b688002a9926bde0304f4a.png,unassigned,42
d84c1f454957ccd69c5b6464677e0189106352b1705c59c13251a5e6906a4e64,ComplexDataLab/OpenFake,openfake_pilot_600,fake,images/fake/d84c1f454957ccd69c5b6464677e0189106352b1705c59c13251a5e6906a4e64.png,unassigned,42
d85b9ebf78b29c0ac3eed7edfd45ffd0207772a9994d808a77af7bcc48b4b8c3,ComplexDataLab/OpenFake,openfake_additional_900,fake,images/fake/d85b9ebf78b29c0ac3eed7edfd45ffd0207772a9994d808a77af7bcc48b4b8c3.png,unassigned,42
d86e7726ca15f36f2014ed2cc4a5f2f8167b7bfbf148a007bf82581349331f4b,saberzl/SID_Set,sid_set_candidate_1500,fake,images/fake/d86e7726ca15f36f2014ed2cc4a5f2f8167b7bfbf148a007bf82581349331f4b.png,unassigned,42
d87428a9b33d45f27079ccbcac5b34d6e9ea40365b7f058ad7846ba923099ba2,ComplexDataLab/OpenFake,openfake_additional_900,real,images/real/d87428a9b33d45f27079ccbcac5b34d6e9ea40365b7f058ad7846ba923099ba2.jpg,unassigned,42
d892f543698758b801a087fc7626aa232ec83b69c33e11e8a684be8a45d06073,saberzl/SID_Set,sid_set_candidate_1500,real,images/real/d892f543698758b801a087fc7626aa232ec83b69c33e11e8a684be8a45d06073.jpg,unassigned,42
d8b7b3b6c88aeb701ef20791105b9b35e8248ee4e6557ea79a093ba1d5311155,saberzl/SID_Set,sid_set_candidate_1500,real,images/real/d8b7b3b6c88aeb701ef20791105b9b35e8248ee4e6557ea79a093ba1d5311155.jpg,unassigned,42
d8ba0315b1285e458dcd0f2721adc8678c9bf3108f3dbda4735770bfc83eecde,saberzl/SID_Set,sid_set_candidate_1500,real,images/real/d8ba0315b1285e458dcd0f2721adc8678c9bf3108f3dbda4735770bfc83eecde.jpg,unassigned,42
d90146cda89ee39e03f9d5b1fa2d133bcd3d6e26ea33ee3c53648effdcd7e836,ComplexDataLab/OpenFake,openfake_additional_900,real,images/real/d90146cda89ee39e03f9d5b1fa2d133bcd3d6e26ea33ee3c53648effdcd7e836.jpg,gold_test,42
d91bb95659443895bb3c8502f3d067ef014e945a91824b26c51b29798d36d788,ComplexDataLab/OpenFake,openfake_additional_900,real,images/real/d91bb95659443895bb3c8502f3d067ef014e945a91824b26c51b29798d36d788.jpg,unassigned,42
d931f69279a1ce072f0cb8b4090b93d1843a8f74f7dbb68c66e4ea7577c7100e,ComplexDataLab/OpenFake,openfake_additional_900,real,images/real/d931f69279a1ce072f0cb8b4090b93d1843a8f74f7dbb68c66e4ea7577c7100e.jpg,unassigned,42
d9573fdb4fb2d0e033e3ffe29f32bc5f3f94a1ede5ab41e9e6909d0083dc8853,saberzl/SID_Set,sid_set_candidate_1500,real,images/real/d9573fdb4fb2d0e033e3ffe29f32bc5f3f94a1ede5ab41e9e6909d0083dc8853.jpg,gold_test,42
d95a7a05137c451a9403f6731e2e9a80d8071402c1b64b4ef6c0df03795db4a1,saberzl/SID_Set,sid_set_candidate_1500,fake,images/fake/d95a7a05137c451a9403f6731e2e9a80d8071402c1b64b4ef6c0df03795db4a1.png,unassigned,42
d9694f5fbec4eb4fd65ce37c74986ef3ec1721954e551a4d1142f18b2a628dc6,ComplexDataLab/OpenFake,openfake_additional_900,real,images/real/d9694f5fbec4eb4fd65ce37c74986ef3ec1721954e551a4d1142f18b2a628dc6.jpg,unassigned,42
d96fcf794345a6cc4723cbb6d03b86080652b550e20fe84afe771464a48b8e7d,ComplexDataLab/OpenFake,openfake_additional_900,real,images/real/d96fcf794345a6cc4723cbb6d03b86080652b550e20fe84afe771464a48b8e7d.jpg,unassigned,42
d975aaff3777354a8524dfd9bcd74d03343ca0cb229c4c49f87bc89eacd562fa,ComplexDataLab/OpenFake,openfake_additional_900,fake,images/fake/d975aaff3777354a8524dfd9bcd74d03343ca0cb229c4c49f87bc89eacd562fa.jpg,unassigned,42
d9a1aa2fa6ee6aa9b2614f029beabc73b5260b9ccbab1edd6e3846d1ced5b8ea,ComplexDataLab/OpenFake,openfake_additional_900,fake,images/fake/d9a1aa2fa6ee6aa9b2614f029beabc73b5260b9ccbab1edd6e3846d1ced5b8ea.png,unassigned,42
da0583b1a158cb164bebbc00561d179890345b3c82b185c47555bd39ba28bece,ComplexDataLab/OpenFake,openfake_pilot_600,real,images/real/da0583b1a158cb164bebbc00561d179890345b3c82b185c47555bd39ba28bece.jpg,unassigned,42
da0a9d12c2fbf72f026a50ce13a1005c56738e8c58989a520810d9c121fa820f,saberzl/SID_Set,sid_set_candidate_1500,fake,images/fake/da0a9d12c2fbf72f026a50ce13a1005c56738e8c58989a520810d9c121fa820f.png,unassigned,42
da31a0220a942015107ffc9e70fa961c51c79ec0906a4c9a02c1b047fa6c0452,ComplexDataLab/OpenFake,openfake_additional_900,fake,images/fake/da31a0220a942015107ffc9e70fa961c51c79ec0906a4c9a02c1b047fa6c0452.jpg,unassigned,42
da3e032eba23a0084136b7830487a585f7ae6109a58ea2c8701ef9d59c059db1,saberzl/SID_Set,sid_set_candidate_1500,fake,images/fake/da3e032eba23a0084136b7830487a585f7ae6109a58ea2c8701ef9d59c059db1.png,unassigned,42
da780a137c3d0c6e2b54134f9ea860e5cf2013495000240deae8a71eee59000c,ComplexDataLab/OpenFake,openfake_pilot_600,fake,images/fake/da780a137c3d0c6e2b54134f9ea860e5cf2013495000240deae8a71eee59000c.png,gold_test,42
da8515567a811f559176046bbd7ca71dae325f0b173de06b52f171e4f5f043b6,ComplexDataLab/OpenFake,openfake_pilot_600,fake,images/fake/da8515567a811f559176046bbd7ca71dae325f0b173de06b52f171e4f5f043b6.png,unassigned,42
da88e05c4ba681fdee852cbe88fe5cfc7b11dd2ff45f636e270f5e48df2ee81b,saberzl/SID_Set,sid_set_candidate_1500,fake,images/fake/da88e05c4ba681fdee852cbe88fe5cfc7b11dd2ff45f636e270f5e48df2ee81b.png,unassigned,42
daa2d3646895694c9c51a1dc7218858a033c55ea02a6396550a508b2a5a63603,saberzl/SID_Set,sid_set_candidate_1500,real,images/real/daa2d3646895694c9c51a1dc7218858a033c55ea02a6396550a508b2a5a63603.jpg,unassigned,42
daab136d565791d660ea11a64c543ae157cf1141f137fdf05addde18d2e82869,ComplexDataLab/OpenFake,openfake_pilot_600,fake,images/fake/daab136d565791d660ea11a64c543ae157cf1141f137fdf05addde18d2e82869.png,unassigned,42
dabc44e6a649209aec3d38d4fa1f8aa4dc182271ad51bd7bb16658186a7f8652,ComplexDataLab/OpenFake,openfake_pilot_600,real,images/real/dabc44e6a649209aec3d38d4fa1f8aa4dc182271ad51bd7bb16658186a7f8652.jpg,unassigned,42
dacb4dcb38f32af1e4ffd65fccb0eda7d3e836083a587cedd26fe9bf8b93f787,saberzl/SID_Set,sid_set_candidate_1500,fake,images/fake/dacb4dcb38f32af1e4ffd65fccb0eda7d3e836083a587cedd26fe9bf8b93f787.png,unassigned,42
dad9b5c204423d31effe2ceb0f2f8897d746799079cbf38fe413fee811a1a48a,ComplexDataLab/OpenFake,openfake_additional_900,real,images/real/dad9b5c204423d31effe2ceb0f2f8897d746799079cbf38fe413fee811a1a48a.jpg,unassigned,42
daf694382c7619a7b75fd8298308e648c3ff1fb19e95341b503e0fe33dddea3c,saberzl/SID_Set,sid_set_candidate_1500,fake,images/fake/daf694382c7619a7b75fd8298308e648c3ff1fb19e95341b503e0fe33dddea3c.png,unassigned,42
db1c4040f97544a98ee734a39248f224afa24279c034ae5ccbfe44e01c9a5984,ComplexDataLab/OpenFake,openfake_pilot_600,fake,images/fake/db1c4040f97544a98ee734a39248f224afa24279c034ae5ccbfe44e01c9a5984.png,unassigned,42
db26c8464c68211bc6fec4d0ffbc5337eff40d02a23306f7fbc858a2918ed265,saberzl/SID_Set,sid_set_candidate_1500,real,images/real/db26c8464c68211bc6fec4d0ffbc5337eff40d02a23306f7fbc858a2918ed265.jpg,unassigned,42
db610dc0b9cde73a73a5805be0f7028398b3b2ccdd85855715931e3247c4e3e4,ComplexDataLab/OpenFake,openfake_additional_900,fake,images/fake/db610dc0b9cde73a73a5805be0f7028398b3b2ccdd85855715931e3247c4e3e4.png,unassigned,42
db8283e5fd735991f377331da4e9b088a8889fb05d607d605187470c716b7963,ComplexDataLab/OpenFake,openfake_additional_900,fake,images/fake/db8283e5fd735991f377331da4e9b088a8889fb05d607d605187470c716b7963.png,unassigned,42
db9d42fceb4c4beb0f6aaac455280a8134a15935e606395f4e3722f5a44e0e5c,saberzl/SID_Set,sid_set_candidate_1500,real,images/real/db9d42fceb4c4beb0f6aaac455280a8134a15935e606395f4e3722f5a44e0e5c.jpg,unassigned,42
dba123aebc208e091a0cd2e2384c5f61987edf483a97dacf6b642b1a283d4f8c,saberzl/SID_Set,sid_set_candidate_1500,real,images/real/dba123aebc208e091a0cd2e2384c5f61987edf483a97dacf6b642b1a283d4f8c.jpg,unassigned,42
dbad08fd38392fc7900329c81f539852697567b1f60a1a98376f9bc504746fb0,saberzl/SID_Set,sid_set_candidate_1500,real,images/real/dbad08fd38392fc7900329c81f539852697567b1f60a1a98376f9bc504746fb0.jpg,unassigned,42
dbc81b719f7ca5bd88c525a2e8b17eda96e9fdbeb484154a7e22277157ed7bdf,ComplexDataLab/OpenFake,openfake_additional_900,fake,images/fake/dbc81b719f7ca5bd88c525a2e8b17eda96e9fdbeb484154a7e22277157ed7bdf.png,unassigned,42
dbcd80028dfadc7bd861696b8aea15282212811ccc3e5bfc7810b27b61b8cd32,saberzl/SID_Set,sid_set_candidate_1500,fake,images/fake/dbcd80028dfadc7bd861696b8aea15282212811ccc3e5bfc7810b27b61b8cd32.png,unassigned,42
dbd8a4318ebd36691e2c436bf2faef9918b82ef526f7677efa0b3d27ee98bb17,ComplexDataLab/OpenFake,openfake_pilot_600,fake,images/fake/dbd8a4318ebd36691e2c436bf2faef9918b82ef526f7677efa0b3d27ee98bb17.png,unassigned,42
dbeb4276542c32846227e96eefc2cbacdba7d1b3d0d8121584e005353aed9b5d,saberzl/SID_Set,sid_set_candidate_1500,real,images/real/dbeb4276542c32846227e96eefc2cbacdba7d1b3d0d8121584e005353aed9b5d.jpg,unassigned,42
dbf5147358e0b76c134fb4174c9a59593ffa0064726d09a67d4158415c8903db,ComplexDataLab/OpenFake,openfake_pilot_600,real,images/real/dbf5147358e0b76c134fb4174c9a59593ffa0064726d09a67d4158415c8903db.jpg,unassigned,42
dc01617a9624284c023eee876ede52a846f11c81ec8abe804b88d83478cd7e76,ComplexDataLab/OpenFake,openfake_additional_900,real,images/real/dc01617a9624284c023eee876ede52a846f11c81ec8abe804b88d83478cd7e76.jpg,unassigned,42
dc1259935dc9c66af83e4997783ddb9a0fbdfb96ee830658e2b9e61d7d08fef9,saberzl/SID_Set,sid_set_candidate_1500,real,images/real/dc1259935dc9c66af83e4997783ddb9a0fbdfb96ee830658e2b9e61d7d08fef9.jpg,unassigned,42
dc15b26eaa0383b5a92a1680a5998084b567f698647e6ca35d8e9082d8f99f55,saberzl/SID_Set,sid_set_candidate_1500,fake,images/fake/dc15b26eaa0383b5a92a1680a5998084b567f698647e6ca35d8e9082d8f99f55.png,unassigned,42
dc1da78f45625332a6f327c4e6e4cf22433541d06ea3f35de6973b1784df7eb9,saberzl/SID_Set,sid_set_candidate_1500,real,images/real/dc1da78f45625332a6f327c4e6e4cf22433541d06ea3f35de6973b1784df7eb9.jpg,unassigned,42
dc26ca835d0678531dbada61ad4a0fde4d45a0eb65749ca4b79874201bff7b5c,saberzl/SID_Set,sid_set_candidate_1500,real,images/real/dc26ca835d0678531dbada61ad4a0fde4d45a0eb65749ca4b79874201bff7b5c.jpg,unassigned,42
dc29661847cd24106720f0de01fcbec5612c854e97bbbbc59ca11fdb95d9eed5,ComplexDataLab/OpenFake,openfake_pilot_600,real,images/real/dc29661847cd24106720f0de01fcbec5612c854e97bbbbc59ca11fdb95d9eed5.jpg,unassigned,42
dc37020c509c72610d3950f968b103d4ac8898521c49d04a8ff344afa1e3798b,ComplexDataLab/OpenFake,openfake_additional_900,fake,images/fake/dc37020c509c72610d3950f968b103d4ac8898521c49d04a8ff344afa1e3798b.png,unassigned,42
dc373fd46ce8082c609c7049b6d6b08a19db92335f79c9f76896bbc6722a5515,ComplexDataLab/OpenFake,openfake_additional_900,real,images/real/dc373fd46ce8082c609c7049b6d6b08a19db92335f79c9f76896bbc6722a5515.jpg,unassigned,42
dc3c5b4fcddc615a09ec80486017484cc4e9aff600e16cb1d3ebcec090c5a20e,saberzl/SID_Set,sid_set_candidate_1500,fake,images/fake/dc3c5b4fcddc615a09ec80486017484cc4e9aff600e16cb1d3ebcec090c5a20e.png,unassigned,42
dc4ca48c84c66edbf04b98042ad79cd8656803c32a3090b3cd9d51ae58c0e6e1,saberzl/SID_Set,sid_set_candidate_1500,fake,images/fake/dc4ca48c84c66edbf04b98042ad79cd8656803c32a3090b3cd9d51ae58c0e6e1.png,unassigned,42
dc692ee11736f62ac168e05c8ec227969c0c44ac7d8458b35ed3eba1e00fafbc,saberzl/SID_Set,sid_set_candidate_1500,real,images/real/dc692ee11736f62ac168e05c8ec227969c0c44ac7d8458b35ed3eba1e00fafbc.jpg,unassigned,42
dc87eeaad10dd5c5b77234eb0204e2118eb4cf168afbfce97f9a59afabae8ddb,ComplexDataLab/OpenFake,openfake_additional_900,real,images/real/dc87eeaad10dd5c5b77234eb0204e2118eb4cf168afbfce97f9a59afabae8ddb.jpg,unassigned,42
dc8c7b479919a5d77a7587a2c9a68ef98bac85e75d9d348220fb56e5e6026cf4,ComplexDataLab/OpenFake,openfake_additional_900,real,images/real/dc8c7b479919a5d77a7587a2c9a68ef98bac85e75d9d348220fb56e5e6026cf4.jpg,unassigned,42
dc96356699128b89d82e6a5ec7194d0b0c481d54fbffb2eb478a9d383ea986b6,saberzl/SID_Set,sid_set_candidate_1500,fake,images/fake/dc96356699128b89d82e6a5ec7194d0b0c481d54fbffb2eb478a9d383ea986b6.png,unassigned,42
dcac6ba3bd48490aa006ae81820815db8e1795ae4c8f4f243a78fffa6e967356,ComplexDataLab/OpenFake,openfake_additional_900,real,images/real/dcac6ba3bd48490aa006ae81820815db8e1795ae4c8f4f243a78fffa6e967356.jpg,unassigned,42
dcaf424757dc655c704995638a27201542b95fa9ba688701a7eac952e875496b,saberzl/SID_Set,sid_set_candidate_1500,fake,images/fake/dcaf424757dc655c704995638a27201542b95fa9ba688701a7eac952e875496b.png,unassigned,42
dcb2965d2e028aac3a8385f0ddbb0d7eaf8eb882d1331175314916a043ee4223,saberzl/SID_Set,sid_set_candidate_1500,real,images/real/dcb2965d2e028aac3a8385f0ddbb0d7eaf8eb882d1331175314916a043ee4223.jpg,unassigned,42
dcc1f92c50deced95bc0f18f66a9b4c3c532c0de1c950499c4059754e86e81ea,saberzl/SID_Set,sid_set_candidate_1500,real,images/real/dcc1f92c50deced95bc0f18f66a9b4c3c532c0de1c950499c4059754e86e81ea.jpg,unassigned,42
dcccd079b59216bf260c8682306e48c6283e3438ca9b9d1a38749242b1251769,saberzl/SID_Set,sid_set_candidate_1500,fake,images/fake/dcccd079b59216bf260c8682306e48c6283e3438ca9b9d1a38749242b1251769.png,unassigned,42
dccf6fa15821f4535d3819ae55198ba5f06abea5138ba7c1b4f5f27368ce7f23,ComplexDataLab/OpenFake,openfake_additional_900,real,images/real/dccf6fa15821f4535d3819ae55198ba5f06abea5138ba7c1b4f5f27368ce7f23.jpg,unassigned,42
dcd2c19591daf2cbfd2bcb1c4830e97eeb742ba2408f64763ffa480267237f63,ComplexDataLab/OpenFake,openfake_additional_900,fake,images/fake/dcd2c19591daf2cbfd2bcb1c4830e97eeb742ba2408f64763ffa480267237f63.png,unassigned,42
dcd3f7dd5053170f10a3ab0900fa8c702de592cf305e62c2a367d94414b02df8,saberzl/SID_Set,sid_set_candidate_1500,fake,images/fake/dcd3f7dd5053170f10a3ab0900fa8c702de592cf305e62c2a367d94414b02df8.png,unassigned,42
dd09dd3068cb2d8e0d6c7b3dd15c3b17be0f8a851af820c5feca17230ec4e95b,ComplexDataLab/OpenFake,openfake_additional_900,fake,images/fake/dd09dd3068cb2d8e0d6c7b3dd15c3b17be0f8a851af820c5feca17230ec4e95b.png,unassigned,42
dd18df7b38f781b11c260181dc0327820bf8b89e4b23e88f95bb0546bcb6d829,ComplexDataLab/OpenFake,openfake_additional_900,fake,images/fake/dd18df7b38f781b11c260181dc0327820bf8b89e4b23e88f95bb0546bcb6d829.jpg,unassigned,42
dd56b3255844665fbc9640324af4fd01d73f23e6d0d44063278df29dd593146f,saberzl/SID_Set,sid_set_candidate_1500,fake,images/fake/dd56b3255844665fbc9640324af4fd01d73f23e6d0d44063278df29dd593146f.png,gold_test,42
dd572b4dd999553839175bf9cc0fbe795d13e53177bf70201e752c72efdf221b,saberzl/SID_Set,sid_set_candidate_1500,fake,images/fake/dd572b4dd999553839175bf9cc0fbe795d13e53177bf70201e752c72efdf221b.png,unassigned,42
dd720d73e77e8dc5198e72d1f0ffb5626548f5134311acf00eed71739feadd9e,saberzl/SID_Set,sid_set_candidate_1500,real,images/real/dd720d73e77e8dc5198e72d1f0ffb5626548f5134311acf00eed71739feadd9e.jpg,unassigned,42
dd736e197c2842c41f7699d083fc34d0cfdc630c24ced9e4779a0890487ecc22,ComplexDataLab/OpenFake,openfake_additional_900,fake,images/fake/dd736e197c2842c41f7699d083fc34d0cfdc630c24ced9e4779a0890487ecc22.png,unassigned,42
dd876e107a4831147130399c135a348d8a71b15c8aa492e281785181c360a1f3,ComplexDataLab/OpenFake,openfake_additional_900,real,images/real/dd876e107a4831147130399c135a348d8a71b15c8aa492e281785181c360a1f3.jpg,unassigned,42
dda6c410e0793a7115e01ef848b8610316da3e64afc43489fec0ca543910f347,ComplexDataLab/OpenFake,openfake_additional_900,fake,images/fake/dda6c410e0793a7115e01ef848b8610316da3e64afc43489fec0ca543910f347.jpg,unassigned,42
dda7436936674d04d881ee30dbddb213f5e03aa8f9d8df3f0bcde619def803fb,saberzl/SID_Set,sid_set_candidate_1500,fake,images/fake/dda7436936674d04d881ee30dbddb213f5e03aa8f9d8df3f0bcde619def803fb.png,unassigned,42
ddafbd1b3c67262d8609fed95e13fc65ef7bae60d9001db1d08f6f9ec1a1ebee,saberzl/SID_Set,sid_set_candidate_1500,fake,images/fake/ddafbd1b3c67262d8609fed95e13fc65ef7bae60d9001db1d08f6f9ec1a1ebee.png,unassigned,42
ddbb6e7eb3376cee6269c2ff595e1180502bbd8a714183cbc2e1c61571590f71,ComplexDataLab/OpenFake,openfake_pilot_600,fake,images/fake/ddbb6e7eb3376cee6269c2ff595e1180502bbd8a714183cbc2e1c61571590f71.png,unassigned,42
ddc5dcb131258fb47d899362a6e5ff6b647f7e03a940f09a66e4b2ad76e8136c,saberzl/SID_Set,sid_set_candidate_1500,fake,images/fake/ddc5dcb131258fb47d899362a6e5ff6b647f7e03a940f09a66e4b2ad76e8136c.png,unassigned,42
ddd9ae1bbef685ea70570786a464d744c95722873f2f9ec3187034786c72966c,ComplexDataLab/OpenFake,openfake_additional_900,fake,images/fake/ddd9ae1bbef685ea70570786a464d744c95722873f2f9ec3187034786c72966c.png,unassigned,42
dde25b31d92db504d73c99368d6662157d853b91ae3b99b121531fd6f56fc42f,ComplexDataLab/OpenFake,openfake_pilot_600,real,images/real/dde25b31d92db504d73c99368d6662157d853b91ae3b99b121531fd6f56fc42f.jpg,unassigned,42
de0622ed970f636a04f05b17a091b4c64a5aa311cea7b872a19f4f649445f8c9,saberzl/SID_Set,sid_set_candidate_1500,real,images/real/de0622ed970f636a04f05b17a091b4c64a5aa311cea7b872a19f4f649445f8c9.jpg,gold_test,42
de0b635df4dfd7e35ff0254c151d1102e50458c65b50e785eb1a57fbede2184a,saberzl/SID_Set,sid_set_candidate_1500,real,images/real/de0b635df4dfd7e35ff0254c151d1102e50458c65b50e785eb1a57fbede2184a.jpg,unassigned,42
de2a1078cdf26ff660f587bc6202c1d58b53d9787d1f21dd8c03fd6550ff2c4a,ComplexDataLab/OpenFake,openfake_additional_900,real,images/real/de2a1078cdf26ff660f587bc6202c1d58b53d9787d1f21dd8c03fd6550ff2c4a.jpg,unassigned,42
de2d8d412d4b1896254b4cdddea16288d92da2527df75f6069c02e24fdc25ed4,saberzl/SID_Set,sid_set_candidate_1500,fake,images/fake/de2d8d412d4b1896254b4cdddea16288d92da2527df75f6069c02e24fdc25ed4.png,unassigned,42
de6f63e735dc2dfe6de36932ac12e1b0fc1a3bcce4c7fc0973825c2bbc0d44d5,ComplexDataLab/OpenFake,openfake_additional_900,fake,images/fake/de6f63e735dc2dfe6de36932ac12e1b0fc1a3bcce4c7fc0973825c2bbc0d44d5.png,unassigned,42
de7278bc851757e91b219a4d5003b05ec95ed59cb015709769dc0d3192a087ef,ComplexDataLab/OpenFake,openfake_pilot_600,fake,images/fake/de7278bc851757e91b219a4d5003b05ec95ed59cb015709769dc0d3192a087ef.png,unassigned,42
de78cfb6ac87519955fccf7d2852a5207aca84b275edad0c65c117377783f053,ComplexDataLab/OpenFake,openfake_pilot_600,real,images/real/de78cfb6ac87519955fccf7d2852a5207aca84b275edad0c65c117377783f053.jpg,unassigned,42
de8715638e477f01341583d52c0a349524c262c268df89c0c7b2fb4c81672257,saberzl/SID_Set,sid_set_candidate_1500,real,images/real/de8715638e477f01341583d52c0a349524c262c268df89c0c7b2fb4c81672257.jpg,gold_test,42
de8acfe3cbd87b8397b5cd7c53e49c65d1e570552d73591e65510b677d00f01a,saberzl/SID_Set,sid_set_candidate_1500,real,images/real/de8acfe3cbd87b8397b5cd7c53e49c65d1e570552d73591e65510b677d00f01a.jpg,unassigned,42
dea6c2efbae9192d3f7126c07a34f4b49bf20552a931a9aa7bf8a5826226f02e,ComplexDataLab/OpenFake,openfake_additional_900,fake,images/fake/dea6c2efbae9192d3f7126c07a34f4b49bf20552a931a9aa7bf8a5826226f02e.png,unassigned,42
dea9759161aaac39b66878fb0c9f8a1fa71e7c04657c47a9a0fcc79ac620939d,ComplexDataLab/OpenFake,openfake_pilot_600,real,images/real/dea9759161aaac39b66878fb0c9f8a1fa71e7c04657c47a9a0fcc79ac620939d.jpg,unassigned,42
deb5c137a6cfb0f0651e6960166159761901873ec6764ce292d51b98ce1dd31e,saberzl/SID_Set,sid_set_candidate_1500,fake,images/fake/deb5c137a6cfb0f0651e6960166159761901873ec6764ce292d51b98ce1dd31e.png,unassigned,42
deb7eed518d8ed402535777586c38ae23fe8889ab325767910e7b6b7ea3ebaca,saberzl/SID_Set,sid_set_candidate_1500,fake,images/fake/deb7eed518d8ed402535777586c38ae23fe8889ab325767910e7b6b7ea3ebaca.png,unassigned,42
deb7f5b14813c386420b084765a9555307f0545696585e8702cc30ff11cee79b,ComplexDataLab/OpenFake,openfake_pilot_600,fake,images/fake/deb7f5b14813c386420b084765a9555307f0545696585e8702cc30ff11cee79b.png,gold_development,42
dec3465e15cdd3d107fc961bfa32b01a11441ee70169b3565c74a5119db14e0d,ComplexDataLab/OpenFake,openfake_additional_900,real,images/real/dec3465e15cdd3d107fc961bfa32b01a11441ee70169b3565c74a5119db14e0d.jpg,unassigned,42
dec8f224a5095e2d3f56e4beaade3f0997ff8fdfe0a5bf5a1198c0c7c15f2d7a,saberzl/SID_Set,sid_set_candidate_1500,real,images/real/dec8f224a5095e2d3f56e4beaade3f0997ff8fdfe0a5bf5a1198c0c7c15f2d7a.jpg,unassigned,42
ded341dd7ab8ba5c320464b548e9944a030c22ff3637e3541e2d9083ce4f250a,ComplexDataLab/OpenFake,openfake_additional_900,real,images/real/ded341dd7ab8ba5c320464b548e9944a030c22ff3637e3541e2d9083ce4f250a.jpg,unassigned,42
dee3994889b4447c84cafc498b56c70472d38c6a735a1036df9bfa8f5f033786,saberzl/SID_Set,sid_set_candidate_1500,real,images/real/dee3994889b4447c84cafc498b56c70472d38c6a735a1036df9bfa8f5f033786.jpg,unassigned,42
dee8c94d19fb31484b0f30b946dabcebb891304f087ee3fb82f5c1c3bb1f75d9,ComplexDataLab/OpenFake,openfake_pilot_600,fake,images/fake/dee8c94d19fb31484b0f30b946dabcebb891304f087ee3fb82f5c1c3bb1f75d9.png,unassigned,42
df0c132418cf0f481e0151f78b2c059c665c054ffbd56d5e056601a1c2c862ef,ComplexDataLab/OpenFake,openfake_additional_900,fake,images/fake/df0c132418cf0f481e0151f78b2c059c665c054ffbd56d5e056601a1c2c862ef.png,unassigned,42
df1c4fd1ca76fbe1f0323935746ff37cf185defbdc27934b11ee3b9a16c02b80,ComplexDataLab/OpenFake,openfake_pilot_600,real,images/real/df1c4fd1ca76fbe1f0323935746ff37cf185defbdc27934b11ee3b9a16c02b80.jpg,unassigned,42
df60c070316d0c7f41977e18195bdb9a9e77ba049a8871551ceb64bc860fdd63,ComplexDataLab/OpenFake,openfake_pilot_600,real,images/real/df60c070316d0c7f41977e18195bdb9a9e77ba049a8871551ceb64bc860fdd63.jpg,unassigned,42
df6808b76272bc58b91db76b4f8852df72f41128b172bb9916129aabb8ea867c,ComplexDataLab/OpenFake,openfake_pilot_600,fake,images/fake/df6808b76272bc58b91db76b4f8852df72f41128b172bb9916129aabb8ea867c.png,unassigned,42
df9bc81396682d84264e5de42d52252732277c89e49865e6ed3e54a9fcb8758b,ComplexDataLab/OpenFake,openfake_additional_900,real,images/real/df9bc81396682d84264e5de42d52252732277c89e49865e6ed3e54a9fcb8758b.jpg,unassigned,42
e015c35145b8a33c602e0786b2b08df2fd7e1489566a17618c57b39c5dbdaae6,saberzl/SID_Set,sid_set_candidate_1500,real,images/real/e015c35145b8a33c602e0786b2b08df2fd7e1489566a17618c57b39c5dbdaae6.jpg,unassigned,42
e020b31cbf0a3fb6384278f845d8cbf47ce4e51c6131f32fa579cd7a9dbead1a,ComplexDataLab/OpenFake,openfake_additional_900,real,images/real/e020b31cbf0a3fb6384278f845d8cbf47ce4e51c6131f32fa579cd7a9dbead1a.jpg,unassigned,42
e0241536b66aeb4681a42afe37bc96078804f2335bf2b30280aa5fdc4f57ec19,saberzl/SID_Set,sid_set_candidate_1500,real,images/real/e0241536b66aeb4681a42afe37bc96078804f2335bf2b30280aa5fdc4f57ec19.jpg,unassigned,42
e039c9608ece123f58af45636439d1375c43423888ef34ca6230166fbe448352,ComplexDataLab/OpenFake,openfake_pilot_600,real,images/real/e039c9608ece123f58af45636439d1375c43423888ef34ca6230166fbe448352.jpg,unassigned,42
e05fdca77a4778e708789a5e98bac79205025b51d6ccc88463037c44b22b3a51,saberzl/SID_Set,sid_set_candidate_1500,fake,images/fake/e05fdca77a4778e708789a5e98bac79205025b51d6ccc88463037c44b22b3a51.png,unassigned,42
e0654928fe7dcca7e49a7b02bde373aac01491458814fb27078a7af303458653,saberzl/SID_Set,sid_set_candidate_1500,real,images/real/e0654928fe7dcca7e49a7b02bde373aac01491458814fb27078a7af303458653.jpg,unassigned,42
e085a87989b2bd3760c3458eff960248f9becfb5f4c90f6a85adfbae82b2bff5,saberzl/SID_Set,sid_set_candidate_1500,real,images/real/e085a87989b2bd3760c3458eff960248f9becfb5f4c90f6a85adfbae82b2bff5.jpg,unassigned,42
e08ac5c00da1a8abdb02f6bd19eb4ab41d72ec6aca76fc2f68c49ead03e1ce89,ComplexDataLab/OpenFake,openfake_additional_900,fake,images/fake/e08ac5c00da1a8abdb02f6bd19eb4ab41d72ec6aca76fc2f68c49ead03e1ce89.png,unassigned,42
e0a5381a5d132cec0cefadb6d712df425e12320dbbbce7c4dac762b0cc1ff38e,saberzl/SID_Set,sid_set_candidate_1500,real,images/real/e0a5381a5d132cec0cefadb6d712df425e12320dbbbce7c4dac762b0cc1ff38e.jpg,unassigned,42
e0b148ce71c9e955841e858d823be5fcb0b8944401d3d376440b9e74a345afb7,ComplexDataLab/OpenFake,openfake_pilot_600,real,images/real/e0b148ce71c9e955841e858d823be5fcb0b8944401d3d376440b9e74a345afb7.jpg,gold_development,42
e0b4db02808cedaf5415fb5b48096e4204ae22889d0da00a91e4b65e56fcfa05,saberzl/SID_Set,sid_set_candidate_1500,real,images/real/e0b4db02808cedaf5415fb5b48096e4204ae22889d0da00a91e4b65e56fcfa05.jpg,unassigned,42
e0b6627b789c60261f9327bac0b2d1171b7b3e528d3da0c4876b7d0539ce1950,ComplexDataLab/OpenFake,openfake_additional_900,real,images/real/e0b6627b789c60261f9327bac0b2d1171b7b3e528d3da0c4876b7d0539ce1950.jpg,unassigned,42
e0b8553d1bc047c1bd237eb4c5f83cbc3e79fe0a66360eeb54bbd3e1f062a6a7,ComplexDataLab/OpenFake,openfake_pilot_600,fake,images/fake/e0b8553d1bc047c1bd237eb4c5f83cbc3e79fe0a66360eeb54bbd3e1f062a6a7.png,unassigned,42
e0c41adc56354762d4bb508c273ed009e99ba111b4570661ba01eb17d2ed0ef9,ComplexDataLab/OpenFake,openfake_additional_900,real,images/real/e0c41adc56354762d4bb508c273ed009e99ba111b4570661ba01eb17d2ed0ef9.jpg,gold_test,42
e0eb31ea615b460c378ecd0569922b853da546444e81a32eb27e4fb80658cd79,saberzl/SID_Set,sid_set_candidate_1500,fake,images/fake/e0eb31ea615b460c378ecd0569922b853da546444e81a32eb27e4fb80658cd79.png,unassigned,42
e1008351bb152cb452f917590c415a5ebbae2073ad42e4261329b43dbad5d6dd,ComplexDataLab/OpenFake,openfake_additional_900,real,images/real/e1008351bb152cb452f917590c415a5ebbae2073ad42e4261329b43dbad5d6dd.jpg,gold_test,42
e1258adc73c6b68d9e12c797c0fbdd1d130be6e6f07380e55b4923540d28a101,saberzl/SID_Set,sid_set_candidate_1500,real,images/real/e1258adc73c6b68d9e12c797c0fbdd1d130be6e6f07380e55b4923540d28a101.jpg,unassigned,42
e14c2b72ee15ebc0d3ad2b65d557797a2cba7e590b0544a229ae192ac81c5d4f,saberzl/SID_Set,sid_set_candidate_1500,fake,images/fake/e14c2b72ee15ebc0d3ad2b65d557797a2cba7e590b0544a229ae192ac81c5d4f.png,unassigned,42
e1571cbce847ae739a5829d8d4714a796e64f0bb008864e4184e0f391e270b87,saberzl/SID_Set,sid_set_candidate_1500,fake,images/fake/e1571cbce847ae739a5829d8d4714a796e64f0bb008864e4184e0f391e270b87.png,unassigned,42
e15fb5600df3650d55a6c5163238e6a7c02795915d66339586bd707bcdc356be,saberzl/SID_Set,sid_set_candidate_1500,fake,images/fake/e15fb5600df3650d55a6c5163238e6a7c02795915d66339586bd707bcdc356be.png,unassigned,42
e16566fc8a79d68d5a30f05fbee3f43a7336774915ee7509be7ea6d7ef9e1ed5,saberzl/SID_Set,sid_set_candidate_1500,fake,images/fake/e16566fc8a79d68d5a30f05fbee3f43a7336774915ee7509be7ea6d7ef9e1ed5.png,unassigned,42
e17497a2d9000857032718f0c1d6da473d9d33ad6a4a7f55e7bee6f53e00c38f,saberzl/SID_Set,sid_set_candidate_1500,real,images/real/e17497a2d9000857032718f0c1d6da473d9d33ad6a4a7f55e7bee6f53e00c38f.jpg,unassigned,42
e1aae5ff2228ea65682ba458f78da061335c45e6e25344fc567783e14eb56501,saberzl/SID_Set,sid_set_candidate_1500,fake,images/fake/e1aae5ff2228ea65682ba458f78da061335c45e6e25344fc567783e14eb56501.png,gold_test,42
e1c5fe35f7008d8ed68eed70e48f4819dd62108cc50744fab98245c4d085a1d2,saberzl/SID_Set,sid_set_candidate_1500,real,images/real/e1c5fe35f7008d8ed68eed70e48f4819dd62108cc50744fab98245c4d085a1d2.jpg,unassigned,42
e1cbec9d93eee8d7bd14604e5f4c63c4e22e56d01e7b3326b1d90f0ec13316dc,ComplexDataLab/OpenFake,openfake_pilot_600,fake,images/fake/e1cbec9d93eee8d7bd14604e5f4c63c4e22e56d01e7b3326b1d90f0ec13316dc.png,unassigned,42
e1ec95025f09d918f352446d501a64a2d1a07a1a4a883c4c0a682612c173ce10,saberzl/SID_Set,sid_set_candidate_1500,real,images/real/e1ec95025f09d918f352446d501a64a2d1a07a1a4a883c4c0a682612c173ce10.jpg,unassigned,42
e226168e72221cf8d0f8d5224ed38d4ec482ef4b83b21a78d24ea4643537f0d1,ComplexDataLab/OpenFake,openfake_pilot_600,real,images/real/e226168e72221cf8d0f8d5224ed38d4ec482ef4b83b21a78d24ea4643537f0d1.jpg,unassigned,42
e2377d129b99506546622be3b90600d6130addc2e0bc1ae4b450f1ed3e47b022,ComplexDataLab/OpenFake,openfake_pilot_600,real,images/real/e2377d129b99506546622be3b90600d6130addc2e0bc1ae4b450f1ed3e47b022.jpg,unassigned,42
e23b018dbcb13d938e2685c9ca79df8043b0acac4f15ee1320bf0d2fc9d89c99,saberzl/SID_Set,sid_set_candidate_1500,fake,images/fake/e23b018dbcb13d938e2685c9ca79df8043b0acac4f15ee1320bf0d2fc9d89c99.png,unassigned,42
e23c5f97c3c0819f7d70bafa2a2535809ec47896f11c9f20561b1af807e8a9a5,saberzl/SID_Set,sid_set_candidate_1500,fake,images/fake/e23c5f97c3c0819f7d70bafa2a2535809ec47896f11c9f20561b1af807e8a9a5.png,unassigned,42
e2476087b3d713ff51326ccdef8bf98643526738368117038f69d6ce4737def7,saberzl/SID_Set,sid_set_candidate_1500,fake,images/fake/e2476087b3d713ff51326ccdef8bf98643526738368117038f69d6ce4737def7.png,unassigned,42
e249671c3ed8d7ed79103b7e69fc40fd23a2ba201175d7a6ca65a0a73f1b67c4,ComplexDataLab/OpenFake,openfake_additional_900,real,images/real/e249671c3ed8d7ed79103b7e69fc40fd23a2ba201175d7a6ca65a0a73f1b67c4.jpg,unassigned,42
e250b4e25325de8c8ace790d35846411293ea48a557c681d1507fd79c884d547,saberzl/SID_Set,sid_set_candidate_1500,real,images/real/e250b4e25325de8c8ace790d35846411293ea48a557c681d1507fd79c884d547.jpg,unassigned,42
e254467176132a9005a1f8a2f4d22a093881058aab1825b128e650cf11e893a0,saberzl/SID_Set,sid_set_candidate_1500,fake,images/fake/e254467176132a9005a1f8a2f4d22a093881058aab1825b128e650cf11e893a0.png,unassigned,42
e26b401d68bcb581c2c8999c921be3bd406d94eb417c7bae7da5ff8a175b161b,ComplexDataLab/OpenFake,openfake_additional_900,fake,images/fake/e26b401d68bcb581c2c8999c921be3bd406d94eb417c7bae7da5ff8a175b161b.png,unassigned,42
e285cca656782fef8597b829527282a4a8b3ffe65a32e6648fdfa7707ae75e7c,saberzl/SID_Set,sid_set_candidate_1500,fake,images/fake/e285cca656782fef8597b829527282a4a8b3ffe65a32e6648fdfa7707ae75e7c.png,unassigned,42
e29296f1067afdc14c4bcb5078d5d39eb092fdbbb283b91d2cb2150a73987833,saberzl/SID_Set,sid_set_candidate_1500,fake,images/fake/e29296f1067afdc14c4bcb5078d5d39eb092fdbbb283b91d2cb2150a73987833.png,unassigned,42
e2a8dea38a2056ad4e00333997b31a5007a6b08bf901b31a44bc4e8757eca9b1,ComplexDataLab/OpenFake,openfake_pilot_600,fake,images/fake/e2a8dea38a2056ad4e00333997b31a5007a6b08bf901b31a44bc4e8757eca9b1.png,unassigned,42
e2cba1fea63e7e7ab9c587055f6747674facd3cde415aabd8be5aa4bb8102298,saberzl/SID_Set,sid_set_candidate_1500,fake,images/fake/e2cba1fea63e7e7ab9c587055f6747674facd3cde415aabd8be5aa4bb8102298.png,unassigned,42
e2ced96352ff6218c6b0998b365863ea1f2b2cf379638cb31bbe5522accf2898,ComplexDataLab/OpenFake,openfake_additional_900,fake,images/fake/e2ced96352ff6218c6b0998b365863ea1f2b2cf379638cb31bbe5522accf2898.jpg,unassigned,42
e2ee51e17fdf741fc68df3d7219a7a821cfa12a32fd509633a59302dddaffea8,ComplexDataLab/OpenFake,openfake_additional_900,real,images/real/e2ee51e17fdf741fc68df3d7219a7a821cfa12a32fd509633a59302dddaffea8.jpg,unassigned,42
e317a25743bcf91143dadfa9119290983c31ea4a1b63a94bd6be4f5371db3c7b,saberzl/SID_Set,sid_set_candidate_1500,real,images/real/e317a25743bcf91143dadfa9119290983c31ea4a1b63a94bd6be4f5371db3c7b.jpg,unassigned,42
e343059e540802a1fb3b688a4c270c9851f8165322ed9b7e96eecaa5d4f8cb5a,ComplexDataLab/OpenFake,openfake_pilot_600,real,images/real/e343059e540802a1fb3b688a4c270c9851f8165322ed9b7e96eecaa5d4f8cb5a.jpg,unassigned,42
e34e9c0c50b107913e4b1fbabd32cba8b4e246e8650dccb1a4cc7683bbd11ae0,ComplexDataLab/OpenFake,openfake_pilot_600,real,images/real/e34e9c0c50b107913e4b1fbabd32cba8b4e246e8650dccb1a4cc7683bbd11ae0.jpg,unassigned,42
e372dec4b06106de17c8498e832de8372dca39b773a5b8d69175d0b47a329351,saberzl/SID_Set,sid_set_candidate_1500,fake,images/fake/e372dec4b06106de17c8498e832de8372dca39b773a5b8d69175d0b47a329351.png,unassigned,42
e37b1117f955cadc49b70ce95e8d68c8709fa28577cd558c17642ce7acfb2732,saberzl/SID_Set,sid_set_candidate_1500,real,images/real/e37b1117f955cadc49b70ce95e8d68c8709fa28577cd558c17642ce7acfb2732.jpg,unassigned,42
e37b552b23467139fe95dbb82730f0ff29b8735284f7fa830e36e241f7d24f0a,ComplexDataLab/OpenFake,openfake_pilot_600,real,images/real/e37b552b23467139fe95dbb82730f0ff29b8735284f7fa830e36e241f7d24f0a.jpg,gold_development,42
e39fed98c359c77819fe68978447873c0353a1f0c120f6127e0ac947d3838725,saberzl/SID_Set,sid_set_candidate_1500,fake,images/fake/e39fed98c359c77819fe68978447873c0353a1f0c120f6127e0ac947d3838725.png,unassigned,42
e3a24520e9bd6af1c62a01747a5e9a1038a28f86f4ec410b99dfe557f3d6f0ec,saberzl/SID_Set,sid_set_candidate_1500,fake,images/fake/e3a24520e9bd6af1c62a01747a5e9a1038a28f86f4ec410b99dfe557f3d6f0ec.png,unassigned,42
e3f319f7de70ffc77fcee754aedafe95391e0c28f970cba15683d196809d5cbe,saberzl/SID_Set,sid_set_candidate_1500,fake,images/fake/e3f319f7de70ffc77fcee754aedafe95391e0c28f970cba15683d196809d5cbe.png,unassigned,42
e3fcba18f5421e091c34a951fc82c1739dc87a7656ecce311020aa94c82bc3de,saberzl/SID_Set,sid_set_candidate_1500,fake,images/fake/e3fcba18f5421e091c34a951fc82c1739dc87a7656ecce311020aa94c82bc3de.png,unassigned,42
e417f463240e8161a6ff10871355d68125c834c58a390d841aa029269f3dacd5,ComplexDataLab/OpenFake,openfake_additional_900,fake,images/fake/e417f463240e8161a6ff10871355d68125c834c58a390d841aa029269f3dacd5.png,unassigned,42
e41d3c7ef887099c9bf8436a4129552501da31e09bc93182dc5427f9e26c1bba,saberzl/SID_Set,sid_set_candidate_1500,real,images/real/e41d3c7ef887099c9bf8436a4129552501da31e09bc93182dc5427f9e26c1bba.jpg,unassigned,42
e42949f70524b3607a8a55d1dbc8ae74b6557033413ae15a8b7461c7a87027bd,saberzl/SID_Set,sid_set_candidate_1500,real,images/real/e42949f70524b3607a8a55d1dbc8ae74b6557033413ae15a8b7461c7a87027bd.jpg,unassigned,42
e4347359ccfbca1425d05e7bb5e793945ce56895cddf82fdc0b153cdf83e413b,ComplexDataLab/OpenFake,openfake_additional_900,fake,images/fake/e4347359ccfbca1425d05e7bb5e793945ce56895cddf82fdc0b153cdf83e413b.png,unassigned,42
e4392f836a1d2ed899582a62d38298346612bd49e65f6614de9ae7b1702422e0,ComplexDataLab/OpenFake,openfake_pilot_600,real,images/real/e4392f836a1d2ed899582a62d38298346612bd49e65f6614de9ae7b1702422e0.jpg,gold_development,42
e4429b260df82514fd8a9d9a4fa787807e93f97e91c8fb287bdf09ee55ce7e6c,ComplexDataLab/OpenFake,openfake_pilot_600,fake,images/fake/e4429b260df82514fd8a9d9a4fa787807e93f97e91c8fb287bdf09ee55ce7e6c.png,gold_development,42
e448b80ee5c8c0b2b2e8087a23b8ffd74555838b97fcd8cb022701e04f2e701a,saberzl/SID_Set,sid_set_candidate_1500,fake,images/fake/e448b80ee5c8c0b2b2e8087a23b8ffd74555838b97fcd8cb022701e04f2e701a.png,unassigned,42
e44ed1c77456cdfc1d9f7fe3f92be797d5284cab2306850f1af89f5d3de665d7,ComplexDataLab/OpenFake,openfake_pilot_600,real,images/real/e44ed1c77456cdfc1d9f7fe3f92be797d5284cab2306850f1af89f5d3de665d7.jpg,unassigned,42
e47a60c1f49271502f00cd8b7a8bf54790ed3531fb7a6a77a8414b05687126f5,ComplexDataLab/OpenFake,openfake_additional_900,fake,images/fake/e47a60c1f49271502f00cd8b7a8bf54790ed3531fb7a6a77a8414b05687126f5.jpg,unassigned,42
e48a68cc12af25f634b662b6368953d7718a149f9f2543f957d3bd292bb59c36,ComplexDataLab/OpenFake,openfake_pilot_600,real,images/real/e48a68cc12af25f634b662b6368953d7718a149f9f2543f957d3bd292bb59c36.jpg,unassigned,42
e4955009519fbb6eab3ffdce7e3eb048c6adc075ad0649c2331ff55436e17205,ComplexDataLab/OpenFake,openfake_pilot_600,real,images/real/e4955009519fbb6eab3ffdce7e3eb048c6adc075ad0649c2331ff55436e17205.jpg,gold_development,42
e4be1032618d0645c8afd62a1da7672fd6148bfcb287eb1f9fed54aeea08256f,ComplexDataLab/OpenFake,openfake_additional_900,real,images/real/e4be1032618d0645c8afd62a1da7672fd6148bfcb287eb1f9fed54aeea08256f.jpg,unassigned,42
e4dcb1b7c5c03ab2cf373802be052964ab017bba57c5d841c81d90347ad06c4c,ComplexDataLab/OpenFake,openfake_additional_900,real,images/real/e4dcb1b7c5c03ab2cf373802be052964ab017bba57c5d841c81d90347ad06c4c.jpg,unassigned,42
e4de90a18991b8a5a6e2b59129e43dd419c143c6f3ee991c77fd3ba028e75521,saberzl/SID_Set,sid_set_candidate_1500,real,images/real/e4de90a18991b8a5a6e2b59129e43dd419c143c6f3ee991c77fd3ba028e75521.jpg,unassigned,42
e4f4441b66da27740343f3582e16f2b8824e132433b2dfb2ca9b0af0f5da4656,saberzl/SID_Set,sid_set_candidate_1500,real,images/real/e4f4441b66da27740343f3582e16f2b8824e132433b2dfb2ca9b0af0f5da4656.jpg,unassigned,42
e53031879dcc328fde5b7f528f329367b7528a679f5617fe6ab0030cc9d8d022,ComplexDataLab/OpenFake,openfake_additional_900,real,images/real/e53031879dcc328fde5b7f528f329367b7528a679f5617fe6ab0030cc9d8d022.jpg,unassigned,42
e54013e9774995a222effee2c34b3391e1b0dc152d8ac6ac0a2c604ac9c8c686,ComplexDataLab/OpenFake,openfake_pilot_600,real,images/real/e54013e9774995a222effee2c34b3391e1b0dc152d8ac6ac0a2c604ac9c8c686.jpg,gold_development,42
e5646b4210884c08c74cbdad4f863cba352337a125e163c510906c17c56bbce1,ComplexDataLab/OpenFake,openfake_pilot_600,real,images/real/e5646b4210884c08c74cbdad4f863cba352337a125e163c510906c17c56bbce1.jpg,gold_test,42
e5664878566d81798c9ca3c86df4b19799156e84ef7754625cd789a34d141f90,saberzl/SID_Set,sid_set_candidate_1500,real,images/real/e5664878566d81798c9ca3c86df4b19799156e84ef7754625cd789a34d141f90.jpg,unassigned,42
e567c49b21c5a1fc0aab1b42abe68c658296d66648dd925aee527a4d93671401,saberzl/SID_Set,sid_set_candidate_1500,fake,images/fake/e567c49b21c5a1fc0aab1b42abe68c658296d66648dd925aee527a4d93671401.png,unassigned,42
e56b6a2084b51745513fef6340a3887aa514b5be8db711d2141e31bc5e0c7bf7,ComplexDataLab/OpenFake,openfake_additional_900,fake,images/fake/e56b6a2084b51745513fef6340a3887aa514b5be8db711d2141e31bc5e0c7bf7.png,unassigned,42
e56e2f5b66a57a620ba70b556ecf916ec8aa135d73a7d8754afc553d46d58ec8,ComplexDataLab/OpenFake,openfake_additional_900,real,images/real/e56e2f5b66a57a620ba70b556ecf916ec8aa135d73a7d8754afc553d46d58ec8.jpg,unassigned,42
e58412aa319910885afdd37d05af6b7a2985a6529802ff6d24c6f8940b4724f1,saberzl/SID_Set,sid_set_candidate_1500,real,images/real/e58412aa319910885afdd37d05af6b7a2985a6529802ff6d24c6f8940b4724f1.jpg,unassigned,42
e58ae918e5b2c6d32e0891fc36d7d9ce4b3a0dca6bb0d09094eef2765e1b4b05,ComplexDataLab/OpenFake,openfake_additional_900,real,images/real/e58ae918e5b2c6d32e0891fc36d7d9ce4b3a0dca6bb0d09094eef2765e1b4b05.jpg,gold_test,42
e59c2fb635417bc2508e837cfe2c9fb9966d118d2d38b085ada37dc3d4b7faad,ComplexDataLab/OpenFake,openfake_additional_900,fake,images/fake/e59c2fb635417bc2508e837cfe2c9fb9966d118d2d38b085ada37dc3d4b7faad.png,gold_test,42
e5b1772035127163d2b013f898e1fd26826a1265052ce8bd11856278a40a8435,ComplexDataLab/OpenFake,openfake_additional_900,fake,images/fake/e5b1772035127163d2b013f898e1fd26826a1265052ce8bd11856278a40a8435.png,unassigned,42
e5b202f9453fff3db7b7c881838e00b8416be51b4e95be88b72f89d3e466f6ca,ComplexDataLab/OpenFake,openfake_pilot_600,fake,images/fake/e5b202f9453fff3db7b7c881838e00b8416be51b4e95be88b72f89d3e466f6ca.png,unassigned,42
e5b62dc872df9c7a5d27c6440bc2a15034e68de462fb8deb37186006a9177e9e,saberzl/SID_Set,sid_set_candidate_1500,real,images/real/e5b62dc872df9c7a5d27c6440bc2a15034e68de462fb8deb37186006a9177e9e.jpg,unassigned,42
e5cdfc26899f3666fec10d98ee0d8f2d4975441d05c73425edb621ef8a957712,saberzl/SID_Set,sid_set_candidate_1500,real,images/real/e5cdfc26899f3666fec10d98ee0d8f2d4975441d05c73425edb621ef8a957712.jpg,unassigned,42
e5f55ef6b86b20d493f1523d83ffa07cf74e5e1d2ae8f7015ec289d6320247da,saberzl/SID_Set,sid_set_candidate_1500,fake,images/fake/e5f55ef6b86b20d493f1523d83ffa07cf74e5e1d2ae8f7015ec289d6320247da.png,unassigned,42
e5f85c20cec3072aeedb0f6bfcf774dc516833d7281dbd678ac13c39a4802e33,saberzl/SID_Set,sid_set_candidate_1500,fake,images/fake/e5f85c20cec3072aeedb0f6bfcf774dc516833d7281dbd678ac13c39a4802e33.png,unassigned,42
e61ad10ca797b541696215d240a3481edb66fb09979d3f7264f8e0ebe5b39a7c,ComplexDataLab/OpenFake,openfake_pilot_600,fake,images/fake/e61ad10ca797b541696215d240a3481edb66fb09979d3f7264f8e0ebe5b39a7c.jpg,unassigned,42
e6262ce0e925617eb3711017976fe1cc3e763e479cc6cbe32f69a1d2479c0749,saberzl/SID_Set,sid_set_candidate_1500,fake,images/fake/e6262ce0e925617eb3711017976fe1cc3e763e479cc6cbe32f69a1d2479c0749.png,unassigned,42
e62e101cefbb85c6fedb23fa8441b6c3e2e93a58c6bfc4cef691d09f0064e067,saberzl/SID_Set,sid_set_candidate_1500,real,images/real/e62e101cefbb85c6fedb23fa8441b6c3e2e93a58c6bfc4cef691d09f0064e067.jpg,unassigned,42
e637c7511a2de0f3317ffba2951d657895a8c59bb7f1f0b39930133d1932e5ab,ComplexDataLab/OpenFake,openfake_additional_900,real,images/real/e637c7511a2de0f3317ffba2951d657895a8c59bb7f1f0b39930133d1932e5ab.jpg,unassigned,42
e6423eebbf58c6993a10d2a6673f7f1eeb496541ec497dc40017c1cd57de1980,ComplexDataLab/OpenFake,openfake_additional_900,real,images/real/e6423eebbf58c6993a10d2a6673f7f1eeb496541ec497dc40017c1cd57de1980.jpg,unassigned,42
e65c0644c50d6e2a89c2e6ed66a937af3e5feb1f333edb0a0e5afafcfedb296e,ComplexDataLab/OpenFake,openfake_pilot_600,real,images/real/e65c0644c50d6e2a89c2e6ed66a937af3e5feb1f333edb0a0e5afafcfedb296e.jpg,unassigned,42
e65c80c6a92e9cd91f285c3791f273d7d407af08c129e065d49687b08b9fd3a2,saberzl/SID_Set,sid_set_candidate_1500,fake,images/fake/e65c80c6a92e9cd91f285c3791f273d7d407af08c129e065d49687b08b9fd3a2.png,unassigned,42
e6714ac06a404b71993ccf545284226f9dac570a94f49e5ca22dd21c344520fc,ComplexDataLab/OpenFake,openfake_pilot_600,real,images/real/e6714ac06a404b71993ccf545284226f9dac570a94f49e5ca22dd21c344520fc.jpg,unassigned,42
e674e7586c95e7021a44cc36592804abd71b08d92ce640f8278ca9fd2f33e9d7,saberzl/SID_Set,sid_set_candidate_1500,fake,images/fake/e674e7586c95e7021a44cc36592804abd71b08d92ce640f8278ca9fd2f33e9d7.png,unassigned,42
e677265ae1ef2920fef1d27a93c33800e43036d3e90c1140ee3afb7bcffbbbe7,saberzl/SID_Set,sid_set_candidate_1500,fake,images/fake/e677265ae1ef2920fef1d27a93c33800e43036d3e90c1140ee3afb7bcffbbbe7.png,unassigned,42
e693e0de14c7bf14e43f1defe408ec51e6e5adbceeb3480b5dbf3836bcab763b,ComplexDataLab/OpenFake,openfake_additional_900,fake,images/fake/e693e0de14c7bf14e43f1defe408ec51e6e5adbceeb3480b5dbf3836bcab763b.png,unassigned,42
e6a25a862038a436c22a4241568339693b482d2748071610b24dc7e192ad57df,ComplexDataLab/OpenFake,openfake_pilot_600,fake,images/fake/e6a25a862038a436c22a4241568339693b482d2748071610b24dc7e192ad57df.png,gold_development,42
e6aa75cf6b4cda511236ce3d52861d7270edd9f29cd6eb14bbd553c9558c655f,saberzl/SID_Set,sid_set_candidate_1500,real,images/real/e6aa75cf6b4cda511236ce3d52861d7270edd9f29cd6eb14bbd553c9558c655f.jpg,unassigned,42
e6be6cc8dc285b8024cbd0bc61ef22b7057c72b675a7cf1111caa165e510762d,ComplexDataLab/OpenFake,openfake_additional_900,fake,images/fake/e6be6cc8dc285b8024cbd0bc61ef22b7057c72b675a7cf1111caa165e510762d.png,unassigned,42
e6c303903c122a1837e5e208d9c873bf309bd1f095e63b3ec46d5cd37ae4c9e3,ComplexDataLab/OpenFake,openfake_additional_900,real,images/real/e6c303903c122a1837e5e208d9c873bf309bd1f095e63b3ec46d5cd37ae4c9e3.jpg,unassigned,42
e6d84633f7e23ea2bd1fb0a1477cbfc3c20388686b752fe322abac26d04e1297,ComplexDataLab/OpenFake,openfake_additional_900,real,images/real/e6d84633f7e23ea2bd1fb0a1477cbfc3c20388686b752fe322abac26d04e1297.jpg,unassigned,42
e6fd58a9fe7f24edf1c74fe2a009acdd34ecf884b34daf21ba01e7e7b5b60a17,ComplexDataLab/OpenFake,openfake_additional_900,real,images/real/e6fd58a9fe7f24edf1c74fe2a009acdd34ecf884b34daf21ba01e7e7b5b60a17.jpg,unassigned,42
e70508adb481ec12bd75490e8dedb84a96d2d22a0f00d08539aff08e352071c7,ComplexDataLab/OpenFake,openfake_additional_900,real,images/real/e70508adb481ec12bd75490e8dedb84a96d2d22a0f00d08539aff08e352071c7.jpg,unassigned,42
e7086195fe63aa19f2b10dd6aacce516b0d06b391a7fa64c206752df8ff04a65,saberzl/SID_Set,sid_set_candidate_1500,fake,images/fake/e7086195fe63aa19f2b10dd6aacce516b0d06b391a7fa64c206752df8ff04a65.png,gold_test,42
e730304ab907dc040aa6516eacc6f38ca4b5d1b6ccf5914420fd22628cce2637,saberzl/SID_Set,sid_set_candidate_1500,real,images/real/e730304ab907dc040aa6516eacc6f38ca4b5d1b6ccf5914420fd22628cce2637.jpg,unassigned,42
e7586f21bc6e435c64a007d203f29c1454ad972287159a67308c9659a567d5ea,ComplexDataLab/OpenFake,openfake_additional_900,fake,images/fake/e7586f21bc6e435c64a007d203f29c1454ad972287159a67308c9659a567d5ea.png,unassigned,42
e75a529350d91d3769bf5dec7041b9a5d251011be24e428da32d52c180e367b9,ComplexDataLab/OpenFake,openfake_additional_900,real,images/real/e75a529350d91d3769bf5dec7041b9a5d251011be24e428da32d52c180e367b9.jpg,unassigned,42
e79369bc88e7aa240e319fb22b4cbec612407459ce01d9cd0523fc3539457cf7,ComplexDataLab/OpenFake,openfake_additional_900,fake,images/fake/e79369bc88e7aa240e319fb22b4cbec612407459ce01d9cd0523fc3539457cf7.png,unassigned,42
e79690a3c16bdcbd29185acc72bfe22fd562dde0fcc6ca4691198cba7ce3a168,saberzl/SID_Set,sid_set_candidate_1500,real,images/real/e79690a3c16bdcbd29185acc72bfe22fd562dde0fcc6ca4691198cba7ce3a168.jpg,unassigned,42
e79b3974b916906371db2146e05db1ff24dcc6f14bd3805b3307c3b47fccdfa2,ComplexDataLab/OpenFake,openfake_additional_900,real,images/real/e79b3974b916906371db2146e05db1ff24dcc6f14bd3805b3307c3b47fccdfa2.jpg,unassigned,42
e7a47f8237030d196b002bb73670edaf3c085f60e1d1a4dc926f222c38423aa1,saberzl/SID_Set,sid_set_candidate_1500,fake,images/fake/e7a47f8237030d196b002bb73670edaf3c085f60e1d1a4dc926f222c38423aa1.png,unassigned,42
e7a4ac9fffa947d5ba77c7aa46471390551913cbb6647555a4b208bae3fd98f1,ComplexDataLab/OpenFake,openfake_additional_900,real,images/real/e7a4ac9fffa947d5ba77c7aa46471390551913cbb6647555a4b208bae3fd98f1.jpg,unassigned,42
e7b0ad6ee50f143b48e9049c75c4827f8cbed257d7c5b417063e3b6ec05607fd,ComplexDataLab/OpenFake,openfake_additional_900,real,images/real/e7b0ad6ee50f143b48e9049c75c4827f8cbed257d7c5b417063e3b6ec05607fd.jpg,unassigned,42
e7d5f0a34eb5761e96fa85318c22659363255eb3aa85b1665b2d65f1690b3bd6,saberzl/SID_Set,sid_set_candidate_1500,real,images/real/e7d5f0a34eb5761e96fa85318c22659363255eb3aa85b1665b2d65f1690b3bd6.jpg,unassigned,42
e800cc6b1e962aa0887fe65f7a3ce0f6f1c7cf8b8d727f70d4863cc209d092ff,saberzl/SID_Set,sid_set_candidate_1500,fake,images/fake/e800cc6b1e962aa0887fe65f7a3ce0f6f1c7cf8b8d727f70d4863cc209d092ff.png,unassigned,42
e814d5b553e88c77c7c429ed598c156d1f2b5a9f29ba81929c0d28d4471cca91,saberzl/SID_Set,sid_set_candidate_1500,real,images/real/e814d5b553e88c77c7c429ed598c156d1f2b5a9f29ba81929c0d28d4471cca91.jpg,unassigned,42
e88e4605f88f7ccfa42792abc0bc3a22110d19d74b30b32b3773541d0eeef4b8,saberzl/SID_Set,sid_set_candidate_1500,fake,images/fake/e88e4605f88f7ccfa42792abc0bc3a22110d19d74b30b32b3773541d0eeef4b8.png,unassigned,42
e8aa761b3f259c51c450e9e6afb3ef5fb38db2e9a8a160b5e2dc54dc93bf75d2,saberzl/SID_Set,sid_set_candidate_1500,fake,images/fake/e8aa761b3f259c51c450e9e6afb3ef5fb38db2e9a8a160b5e2dc54dc93bf75d2.png,unassigned,42
e8aed9f118b84313b3312190ab6ff95e8e7f70101ca02f8404916424f3cce28a,saberzl/SID_Set,sid_set_candidate_1500,real,images/real/e8aed9f118b84313b3312190ab6ff95e8e7f70101ca02f8404916424f3cce28a.jpg,unassigned,42
e8c93d61ae13f68b52b6c803a0fe26e6192cb4a5cfad3c95b78adab3d5d7e4bc,ComplexDataLab/OpenFake,openfake_additional_900,real,images/real/e8c93d61ae13f68b52b6c803a0fe26e6192cb4a5cfad3c95b78adab3d5d7e4bc.jpg,unassigned,42
e8dfe80b14382ae7e7413d167a3b3e88a9b1d050e0ad8879b01c5971d2fc6948,ComplexDataLab/OpenFake,openfake_additional_900,real,images/real/e8dfe80b14382ae7e7413d167a3b3e88a9b1d050e0ad8879b01c5971d2fc6948.jpg,unassigned,42
e8ea52451932dda82ac0b013998e1d331f31d67cf276f625b734793aa7516725,saberzl/SID_Set,sid_set_candidate_1500,fake,images/fake/e8ea52451932dda82ac0b013998e1d331f31d67cf276f625b734793aa7516725.png,unassigned,42
e9290492c05c69ff088fb88b20e6cba7afd6993b4f02fb5dcab88db1537457e2,ComplexDataLab/OpenFake,openfake_pilot_600,real,images/real/e9290492c05c69ff088fb88b20e6cba7afd6993b4f02fb5dcab88db1537457e2.jpg,unassigned,42
e92940664edfacae286da30c613558edd1d11bd12574c5fffea0bc5de5be6527,ComplexDataLab/OpenFake,openfake_pilot_600,fake,images/fake/e92940664edfacae286da30c613558edd1d11bd12574c5fffea0bc5de5be6527.png,unassigned,42
e929aefd2e666ecdb3b03a5eb456b21582c0844785fd2c7d03ea20bd08b45a7c,saberzl/SID_Set,sid_set_candidate_1500,fake,images/fake/e929aefd2e666ecdb3b03a5eb456b21582c0844785fd2c7d03ea20bd08b45a7c.png,unassigned,42
e92c07ab9a8c9f867028d07a1fc1c08abc797938627a7d5b8627d1bfd4f39983,saberzl/SID_Set,sid_set_candidate_1500,real,images/real/e92c07ab9a8c9f867028d07a1fc1c08abc797938627a7d5b8627d1bfd4f39983.jpg,unassigned,42
e938c66db62164824175c19603adcc248affb3465ac82042e9ef748a580306d8,ComplexDataLab/OpenFake,openfake_additional_900,fake,images/fake/e938c66db62164824175c19603adcc248affb3465ac82042e9ef748a580306d8.webp,unassigned,42
e93a51a935ce7f59c66798986208019eb5aecfbdce0aca2d72d04a4cb4f100b8,ComplexDataLab/OpenFake,openfake_pilot_600,real,images/real/e93a51a935ce7f59c66798986208019eb5aecfbdce0aca2d72d04a4cb4f100b8.jpg,unassigned,42
e9429201e92ef6ece0d48c4086838bddee40d64d2153d152dc4e54be0c30e754,saberzl/SID_Set,sid_set_candidate_1500,fake,images/fake/e9429201e92ef6ece0d48c4086838bddee40d64d2153d152dc4e54be0c30e754.png,unassigned,42
e945d9f6a95aeac6aa43a512b0306929cba7671ea459a1cd58a8483ce92849d7,saberzl/SID_Set,sid_set_candidate_1500,real,images/real/e945d9f6a95aeac6aa43a512b0306929cba7671ea459a1cd58a8483ce92849d7.jpg,unassigned,42
e956e3fd9d1c280eeb8919c5181ce09fe2903c0faeab320aa16bdeea373741cf,ComplexDataLab/OpenFake,openfake_additional_900,real,images/real/e956e3fd9d1c280eeb8919c5181ce09fe2903c0faeab320aa16bdeea373741cf.jpg,unassigned,42
e95c6d51825805da7390f362b4385e9fbc46ae05970b754a058dc546ebf0203b,saberzl/SID_Set,sid_set_candidate_1500,fake,images/fake/e95c6d51825805da7390f362b4385e9fbc46ae05970b754a058dc546ebf0203b.png,unassigned,42
e974c5270c9beb4a5fac394ad7750e613409a4e1c0f17e7ffc91fca96afc3a5d,saberzl/SID_Set,sid_set_candidate_1500,real,images/real/e974c5270c9beb4a5fac394ad7750e613409a4e1c0f17e7ffc91fca96afc3a5d.jpg,unassigned,42
e9871344f460d2a83d328199ace553bb21eec1bbae69717394c6f08d338a9930,saberzl/SID_Set,sid_set_candidate_1500,fake,images/fake/e9871344f460d2a83d328199ace553bb21eec1bbae69717394c6f08d338a9930.png,unassigned,42
e9a63cfba25176df1091dcabb5e1fec57f5568eb751811e16966e62cd11e8e04,saberzl/SID_Set,sid_set_candidate_1500,fake,images/fake/e9a63cfba25176df1091dcabb5e1fec57f5568eb751811e16966e62cd11e8e04.png,unassigned,42
e9b62a2d97b009a091d155b8bb73b73561ca417e9889ecb8fca3b1915e6545be,saberzl/SID_Set,sid_set_candidate_1500,real,images/real/e9b62a2d97b009a091d155b8bb73b73561ca417e9889ecb8fca3b1915e6545be.jpg,unassigned,42
e9bb1390d5b92dfd5337782a36502e1101a00fac3d9a997952c86e73642b53ac,saberzl/SID_Set,sid_set_candidate_1500,fake,images/fake/e9bb1390d5b92dfd5337782a36502e1101a00fac3d9a997952c86e73642b53ac.png,unassigned,42
e9d9577792209a7e195a70716751784fae64b0abf88fa17978efcae7056cae84,saberzl/SID_Set,sid_set_candidate_1500,fake,images/fake/e9d9577792209a7e195a70716751784fae64b0abf88fa17978efcae7056cae84.png,unassigned,42
e9ffd0d6e3d69e32f05d0393abb4feae7ccaba5bf2535a064907cd24683a864c,saberzl/SID_Set,sid_set_candidate_1500,real,images/real/e9ffd0d6e3d69e32f05d0393abb4feae7ccaba5bf2535a064907cd24683a864c.jpg,unassigned,42
ea060d7c89f0ba561222222ab2ae25ce4e58ea699d1e74bd8fe5bdda2ea26572,ComplexDataLab/OpenFake,openfake_pilot_600,fake,images/fake/ea060d7c89f0ba561222222ab2ae25ce4e58ea699d1e74bd8fe5bdda2ea26572.png,gold_test,42
ea0a109a20508fd3c96274b4a13d0497c1340d784f69eacc726d366666f6c17f,saberzl/SID_Set,sid_set_candidate_1500,fake,images/fake/ea0a109a20508fd3c96274b4a13d0497c1340d784f69eacc726d366666f6c17f.png,unassigned,42
ea1f491e3f8c985b28f83fa15eb336a666183a4fe872460e4aa113aafa444073,ComplexDataLab/OpenFake,openfake_additional_900,real,images/real/ea1f491e3f8c985b28f83fa15eb336a666183a4fe872460e4aa113aafa444073.jpg,unassigned,42
ea20cbb5c5d78439debe74ebd8fe25106751a3c3b4a9423019a0b9ce7bb6b74d,ComplexDataLab/OpenFake,openfake_additional_900,fake,images/fake/ea20cbb5c5d78439debe74ebd8fe25106751a3c3b4a9423019a0b9ce7bb6b74d.png,unassigned,42
ea29ab4c83a8c7d68f5cf12f67962647f17e073d2f61a18779f23f3a48192bbe,ComplexDataLab/OpenFake,openfake_pilot_600,real,images/real/ea29ab4c83a8c7d68f5cf12f67962647f17e073d2f61a18779f23f3a48192bbe.jpg,unassigned,42
ea5ec078aa1ba9a2175e55d3ca7e3fd51cfa721297eabea7cf4e0b7caaa0e460,ComplexDataLab/OpenFake,openfake_pilot_600,real,images/real/ea5ec078aa1ba9a2175e55d3ca7e3fd51cfa721297eabea7cf4e0b7caaa0e460.jpg,unassigned,42
ea5f6daf7b78f6e638376e73456b630ea7633d2f191612bdfd8a9f81e261ac66,saberzl/SID_Set,sid_set_candidate_1500,fake,images/fake/ea5f6daf7b78f6e638376e73456b630ea7633d2f191612bdfd8a9f81e261ac66.png,unassigned,42
ea5f887f987e2dcc8c1dd7afde11ecb366c4d32f1d0133d58bf5f2fd051d251e,ComplexDataLab/OpenFake,openfake_pilot_600,fake,images/fake/ea5f887f987e2dcc8c1dd7afde11ecb366c4d32f1d0133d58bf5f2fd051d251e.png,unassigned,42
ea88e4e6d9ac591e831dfb2c5b1e1271f2ddf5d1101ef7ff64b219338263305e,saberzl/SID_Set,sid_set_candidate_1500,real,images/real/ea88e4e6d9ac591e831dfb2c5b1e1271f2ddf5d1101ef7ff64b219338263305e.jpg,unassigned,42
ead550ad99628a06323f4aa753d2a324526ef63603de4c4ec3cf77a7e3072060,ComplexDataLab/OpenFake,openfake_additional_900,fake,images/fake/ead550ad99628a06323f4aa753d2a324526ef63603de4c4ec3cf77a7e3072060.png,unassigned,42
eaee3a87255020089020d3ab06c29a1d7b33eefeb5a5016eb8cae5e538e798dd,ComplexDataLab/OpenFake,openfake_additional_900,real,images/real/eaee3a87255020089020d3ab06c29a1d7b33eefeb5a5016eb8cae5e538e798dd.jpg,unassigned,42
eaf983cf37edfb3e3366480ef5ffcd2a654c482fdf4899f15213d5737157491b,ComplexDataLab/OpenFake,openfake_additional_900,real,images/real/eaf983cf37edfb3e3366480ef5ffcd2a654c482fdf4899f15213d5737157491b.jpg,unassigned,42
eb028dd17b98123d91dbef771a400522869c1f3acafb6e59d9468698ba8cda56,saberzl/SID_Set,sid_set_candidate_1500,fake,images/fake/eb028dd17b98123d91dbef771a400522869c1f3acafb6e59d9468698ba8cda56.png,unassigned,42
eb25386057bf63378375e3a9c1bb6600ddcd3d5eb615eb42dbac095afc0ec08b,saberzl/SID_Set,sid_set_candidate_1500,fake,images/fake/eb25386057bf63378375e3a9c1bb6600ddcd3d5eb615eb42dbac095afc0ec08b.png,unassigned,42
eb270e52b277d25700e8e60b37c434c8fc8dc01c30079ab7a39a346b9f14c25e,ComplexDataLab/OpenFake,openfake_pilot_600,real,images/real/eb270e52b277d25700e8e60b37c434c8fc8dc01c30079ab7a39a346b9f14c25e.jpg,unassigned,42
eb4f2e2c8ca26dcba53bdf511fc49c53a636e45b403dfc21d80a72bb45869ae2,saberzl/SID_Set,sid_set_candidate_1500,real,images/real/eb4f2e2c8ca26dcba53bdf511fc49c53a636e45b403dfc21d80a72bb45869ae2.jpg,gold_test,42
eb4fe7b96ed7e5b8a7e4e24e25163c80144548fd68e4a0d32432629b9761278c,saberzl/SID_Set,sid_set_candidate_1500,real,images/real/eb4fe7b96ed7e5b8a7e4e24e25163c80144548fd68e4a0d32432629b9761278c.jpg,unassigned,42
eb5fe23c53e82d40cee8849c03bfb89924044e05e85fa26b04f16a724103f5af,saberzl/SID_Set,sid_set_candidate_1500,real,images/real/eb5fe23c53e82d40cee8849c03bfb89924044e05e85fa26b04f16a724103f5af.jpg,gold_test,42
eb72110be5ec5a1de56cb685ce3c48a33e31a3b3354d8d59f087d40819593981,saberzl/SID_Set,sid_set_candidate_1500,real,images/real/eb72110be5ec5a1de56cb685ce3c48a33e31a3b3354d8d59f087d40819593981.jpg,unassigned,42
eb8bb6f1e02b65dc4e6d75b70c03afec584fa2b4a47ca4d1a9c50aaa0b6f92f9,ComplexDataLab/OpenFake,openfake_additional_900,fake,images/fake/eb8bb6f1e02b65dc4e6d75b70c03afec584fa2b4a47ca4d1a9c50aaa0b6f92f9.png,unassigned,42
ebdebf8dc4ed538c9446dca96c4428f2c80802d1f470b7296db79c2603f766d8,saberzl/SID_Set,sid_set_candidate_1500,fake,images/fake/ebdebf8dc4ed538c9446dca96c4428f2c80802d1f470b7296db79c2603f766d8.png,unassigned,42
ec057870e9c342b196d830d0f7b8e71e5ee175d8e1c645a3f070b4a1f301c895,saberzl/SID_Set,sid_set_candidate_1500,fake,images/fake/ec057870e9c342b196d830d0f7b8e71e5ee175d8e1c645a3f070b4a1f301c895.png,unassigned,42
ec09d52ad34b1e0573bdeb40a80207e83c488d698dcb79aaebe53abbba6cbe92,saberzl/SID_Set,sid_set_candidate_1500,real,images/real/ec09d52ad34b1e0573bdeb40a80207e83c488d698dcb79aaebe53abbba6cbe92.jpg,unassigned,42
ec0ccc7fa2722405ae8e46b33d0dcf5f0c22c67f71f57938599ef3aefb53db7a,ComplexDataLab/OpenFake,openfake_additional_900,real,images/real/ec0ccc7fa2722405ae8e46b33d0dcf5f0c22c67f71f57938599ef3aefb53db7a.jpg,unassigned,42
ec0d345c20754888dd99a586dafb61544a672664a4bf9b7b697410081f83de85,ComplexDataLab/OpenFake,openfake_pilot_600,real,images/real/ec0d345c20754888dd99a586dafb61544a672664a4bf9b7b697410081f83de85.jpg,unassigned,42
ec0f982485bc5f813930848059f8c417996e049278dfe9d2a0aa67cdcdd0390c,ComplexDataLab/OpenFake,openfake_additional_900,fake,images/fake/ec0f982485bc5f813930848059f8c417996e049278dfe9d2a0aa67cdcdd0390c.png,unassigned,42
ec2788963a5cdd73874380a360fbc93d38ccdfc669ab8ae521973e92952bb7e7,ComplexDataLab/OpenFake,openfake_pilot_600,real,images/real/ec2788963a5cdd73874380a360fbc93d38ccdfc669ab8ae521973e92952bb7e7.jpg,unassigned,42
ec5ea19472b91496afdeeb8982eaa5d8e08c42b41211327213b9af5319cf099a,ComplexDataLab/OpenFake,openfake_pilot_600,fake,images/fake/ec5ea19472b91496afdeeb8982eaa5d8e08c42b41211327213b9af5319cf099a.jpg,unassigned,42
ec5eb889887d0b0dba351ba5abb84506c13cc4db237bb0816a51b9b84ce7745e,ComplexDataLab/OpenFake,openfake_additional_900,real,images/real/ec5eb889887d0b0dba351ba5abb84506c13cc4db237bb0816a51b9b84ce7745e.jpg,unassigned,42
ec786aed6b5c68e840686929e92b21ce92f76c42bd8fbaea02b269cd3c89302d,ComplexDataLab/OpenFake,openfake_additional_900,fake,images/fake/ec786aed6b5c68e840686929e92b21ce92f76c42bd8fbaea02b269cd3c89302d.png,unassigned,42
ec7f8cee699b2e3a5763225b297d912a01843d500d5716ec60319ed284f00a65,saberzl/SID_Set,sid_set_candidate_1500,fake,images/fake/ec7f8cee699b2e3a5763225b297d912a01843d500d5716ec60319ed284f00a65.png,unassigned,42
ec89fdb08f80db87cf02a97461e0f4d4495dab58e0ab9ba687fa56b89e5219c6,saberzl/SID_Set,sid_set_candidate_1500,real,images/real/ec89fdb08f80db87cf02a97461e0f4d4495dab58e0ab9ba687fa56b89e5219c6.jpg,unassigned,42
ec921c89e01f79f9421ef94647705ac0b0cb86e7da2e81e3d64032e9c0f17d7c,saberzl/SID_Set,sid_set_candidate_1500,real,images/real/ec921c89e01f79f9421ef94647705ac0b0cb86e7da2e81e3d64032e9c0f17d7c.jpg,unassigned,42
ecaa40e7726d270eb398ab99a4c476898ad617039c38be61403c3980ba549744,ComplexDataLab/OpenFake,openfake_additional_900,real,images/real/ecaa40e7726d270eb398ab99a4c476898ad617039c38be61403c3980ba549744.jpg,unassigned,42
ecd372e08ff7dfc1df887b26bc322e71992d491e39006c8f2e56792abe7ca261,saberzl/SID_Set,sid_set_candidate_1500,real,images/real/ecd372e08ff7dfc1df887b26bc322e71992d491e39006c8f2e56792abe7ca261.jpg,unassigned,42
ecde51d05c3e7ae5f7d5b01a62dd87b38759095a08921579f6cf58dd7be6739b,saberzl/SID_Set,sid_set_candidate_1500,fake,images/fake/ecde51d05c3e7ae5f7d5b01a62dd87b38759095a08921579f6cf58dd7be6739b.png,unassigned,42
ecdf43406997018530a6ef4f63290b06339b9eb49d7d22e25972c9ef87494cbf,ComplexDataLab/OpenFake,openfake_pilot_600,real,images/real/ecdf43406997018530a6ef4f63290b06339b9eb49d7d22e25972c9ef87494cbf.jpg,unassigned,42
ed0f6d6c505eb88c92ce534b76dbc488983e2efc22aaae13f64b780da76868cc,saberzl/SID_Set,sid_set_candidate_1500,fake,images/fake/ed0f6d6c505eb88c92ce534b76dbc488983e2efc22aaae13f64b780da76868cc.png,unassigned,42
ed1c84cbe56af98e3c61311cae047e39e8d1494a43b102cfd206580ac27ebb91,ComplexDataLab/OpenFake,openfake_additional_900,fake,images/fake/ed1c84cbe56af98e3c61311cae047e39e8d1494a43b102cfd206580ac27ebb91.png,unassigned,42
ed533e9e9935b1a7f4c0e2c05cce2d8d3c4621baf2e51cfee213d2fd52d44f77,saberzl/SID_Set,sid_set_candidate_1500,fake,images/fake/ed533e9e9935b1a7f4c0e2c05cce2d8d3c4621baf2e51cfee213d2fd52d44f77.png,unassigned,42
ed5b1eb50c0fefb630ac7bbbe6c172504b241ba26395cd6fa871a39e5d6f5ad9,saberzl/SID_Set,sid_set_candidate_1500,fake,images/fake/ed5b1eb50c0fefb630ac7bbbe6c172504b241ba26395cd6fa871a39e5d6f5ad9.png,unassigned,42
ed74615f60ab1dd7f336d114818df152ceb41c9396237d35f619a1faa798a033,ComplexDataLab/OpenFake,openfake_pilot_600,real,images/real/ed74615f60ab1dd7f336d114818df152ceb41c9396237d35f619a1faa798a033.jpg,unassigned,42
ed7bad72ff369d40b900fe5438b6bb4a97e29203162c8e748814fe8f49a211dd,ComplexDataLab/OpenFake,openfake_additional_900,fake,images/fake/ed7bad72ff369d40b900fe5438b6bb4a97e29203162c8e748814fe8f49a211dd.png,unassigned,42
ed97f8dd65159cb7a04f1cdb0fa7380a2ab9e81d75f2b16d3fe5496363c8d3fd,ComplexDataLab/OpenFake,openfake_additional_900,real,images/real/ed97f8dd65159cb7a04f1cdb0fa7380a2ab9e81d75f2b16d3fe5496363c8d3fd.jpg,unassigned,42
eda7db683048a01e68b8e05bbe6bf4e219964e2e79f35101c727a340524b636b,saberzl/SID_Set,sid_set_candidate_1500,fake,images/fake/eda7db683048a01e68b8e05bbe6bf4e219964e2e79f35101c727a340524b636b.png,unassigned,42
edc32d464c59bb364e9ebf6c528643c22113e8b3be045d7c6c3bda1e59dcee69,ComplexDataLab/OpenFake,openfake_additional_900,real,images/real/edc32d464c59bb364e9ebf6c528643c22113e8b3be045d7c6c3bda1e59dcee69.jpg,unassigned,42
ee28e5f8b4128e682f9b86f9799dec8f31eb47277a67e5681e1ed53af210f640,saberzl/SID_Set,sid_set_candidate_1500,real,images/real/ee28e5f8b4128e682f9b86f9799dec8f31eb47277a67e5681e1ed53af210f640.jpg,unassigned,42
ee2d799ebcac61c0aed7258296140b695f4ac637b9441eeabaa81bf28760cc8a,ComplexDataLab/OpenFake,openfake_additional_900,fake,images/fake/ee2d799ebcac61c0aed7258296140b695f4ac637b9441eeabaa81bf28760cc8a.png,gold_test,42
ee392781e3e722fb288dc67174414e764f92bae62f934405d39fc809d7df353c,ComplexDataLab/OpenFake,openfake_pilot_600,fake,images/fake/ee392781e3e722fb288dc67174414e764f92bae62f934405d39fc809d7df353c.png,unassigned,42
ee451883abda53a3bc5436e8bf839ef85b4b26493d00cc73132b7be58186a721,ComplexDataLab/OpenFake,openfake_pilot_600,real,images/real/ee451883abda53a3bc5436e8bf839ef85b4b26493d00cc73132b7be58186a721.jpg,unassigned,42
ee89a5cda1326c99c0b54f85fc18ad130c3b63bf4eb22a76b993fb41f0fc3373,ComplexDataLab/OpenFake,openfake_additional_900,fake,images/fake/ee89a5cda1326c99c0b54f85fc18ad130c3b63bf4eb22a76b993fb41f0fc3373.png,unassigned,42
ee90bf45b6bd2c08b2b05063ab2502c158693463ca8d3c173fc83eb2894cfa6b,ComplexDataLab/OpenFake,openfake_pilot_600,real,images/real/ee90bf45b6bd2c08b2b05063ab2502c158693463ca8d3c173fc83eb2894cfa6b.jpg,unassigned,42
ee94fe3b15d2f482c0c21e209466c2a5f61950f57bb2ca73bbe9084bb24cd4fb,saberzl/SID_Set,sid_set_candidate_1500,fake,images/fake/ee94fe3b15d2f482c0c21e209466c2a5f61950f57bb2ca73bbe9084bb24cd4fb.png,unassigned,42
eea23b496c2b49430c24785a9fc529d8b80c117c2b795d3495dc6dea34440b5d,saberzl/SID_Set,sid_set_candidate_1500,fake,images/fake/eea23b496c2b49430c24785a9fc529d8b80c117c2b795d3495dc6dea34440b5d.png,unassigned,42
eeb868b50484439724eacb8464b52adbfbf56350ced3d25bb3fc87c19b312aa9,ComplexDataLab/OpenFake,openfake_pilot_600,real,images/real/eeb868b50484439724eacb8464b52adbfbf56350ced3d25bb3fc87c19b312aa9.jpg,unassigned,42
eeb94d4b8c6e3aa02aa4c12aa4f27efa018c71880b4d4b8d1bc5378b96eb27f9,ComplexDataLab/OpenFake,openfake_additional_900,fake,images/fake/eeb94d4b8c6e3aa02aa4c12aa4f27efa018c71880b4d4b8d1bc5378b96eb27f9.png,unassigned,42
eebc5a29824d06d848f92ad4b7a868a27099cafe6d8df5a3a63d53e7a7b6bfdd,ComplexDataLab/OpenFake,openfake_pilot_600,real,images/real/eebc5a29824d06d848f92ad4b7a868a27099cafe6d8df5a3a63d53e7a7b6bfdd.jpg,gold_test,42
eec0dff61bb6cd8a6849fdb74144b5d03c5e48e7ac359ff24b2ae664c14d92d9,ComplexDataLab/OpenFake,openfake_additional_900,fake,images/fake/eec0dff61bb6cd8a6849fdb74144b5d03c5e48e7ac359ff24b2ae664c14d92d9.jpg,unassigned,42
eec2632e0fdda35f8ce37ae5ecb4b669789def12c0f8a7c0a9838866ad5d72e5,saberzl/SID_Set,sid_set_candidate_1500,fake,images/fake/eec2632e0fdda35f8ce37ae5ecb4b669789def12c0f8a7c0a9838866ad5d72e5.png,unassigned,42
eec4bd2a1dc1a222ff5231271fe59b5b6a59728ec83d60494acb8a352051e2b5,ComplexDataLab/OpenFake,openfake_pilot_600,fake,images/fake/eec4bd2a1dc1a222ff5231271fe59b5b6a59728ec83d60494acb8a352051e2b5.png,unassigned,42
eed3c009e025261b4ada87056c663156f4171992b0bd43d936df654e3bff0bda,saberzl/SID_Set,sid_set_candidate_1500,real,images/real/eed3c009e025261b4ada87056c663156f4171992b0bd43d936df654e3bff0bda.jpg,unassigned,42
eeda3ce43277955cb13b07603360dcddf524636e3ae2477beeb0ed8c6507c799,ComplexDataLab/OpenFake,openfake_additional_900,real,images/real/eeda3ce43277955cb13b07603360dcddf524636e3ae2477beeb0ed8c6507c799.jpg,unassigned,42
eefd730ef0d5449e99f0894ea5e09e5110ff36c0e3d0ab3cf54611680b3b678a,ComplexDataLab/OpenFake,openfake_pilot_600,fake,images/fake/eefd730ef0d5449e99f0894ea5e09e5110ff36c0e3d0ab3cf54611680b3b678a.png,unassigned,42
ef41fbc2657439a4ca23f0452179799172ab904583fba07520dd333273f7bd54,ComplexDataLab/OpenFake,openfake_additional_900,real,images/real/ef41fbc2657439a4ca23f0452179799172ab904583fba07520dd333273f7bd54.jpg,unassigned,42
ef449ea45b64aaa0ff30621522aae25e2818cd17c5d4ad63cb38b2931b44f918,ComplexDataLab/OpenFake,openfake_pilot_600,real,images/real/ef449ea45b64aaa0ff30621522aae25e2818cd17c5d4ad63cb38b2931b44f918.jpg,gold_development,42
ef4863a111dc7c276a15afb91b889562661e3321d1045711b20bd6efb5b0fdbb,ComplexDataLab/OpenFake,openfake_additional_900,real,images/real/ef4863a111dc7c276a15afb91b889562661e3321d1045711b20bd6efb5b0fdbb.jpg,unassigned,42
ef48c403c257002808efb808e93b03567072c47d528ee32beaf79ee8cdba120b,ComplexDataLab/OpenFake,openfake_additional_900,real,images/real/ef48c403c257002808efb808e93b03567072c47d528ee32beaf79ee8cdba120b.jpg,unassigned,42
ef4cf1e5e7082a0fbcbc32a153ad9754ab09d1fac4ccfdb61f4f9b8b8c236c86,saberzl/SID_Set,sid_set_candidate_1500,fake,images/fake/ef4cf1e5e7082a0fbcbc32a153ad9754ab09d1fac4ccfdb61f4f9b8b8c236c86.png,unassigned,42
ef5ac6ff7160d5a07c39e78ece79bb63a0bb57503a777b6a89fdd1ae6c5d6584,saberzl/SID_Set,sid_set_candidate_1500,fake,images/fake/ef5ac6ff7160d5a07c39e78ece79bb63a0bb57503a777b6a89fdd1ae6c5d6584.png,unassigned,42
ef5dbea79b09c1c355a35d6c47495ed191cdc89c97e88e7345edf837f79da59f,ComplexDataLab/OpenFake,openfake_pilot_600,real,images/real/ef5dbea79b09c1c355a35d6c47495ed191cdc89c97e88e7345edf837f79da59f.jpg,unassigned,42
ef63936424a1bcc8949515cf6b9aaa4227bf369a8559880f9871431eb75f6a79,saberzl/SID_Set,sid_set_candidate_1500,fake,images/fake/ef63936424a1bcc8949515cf6b9aaa4227bf369a8559880f9871431eb75f6a79.png,unassigned,42
efc1996f2ea132540d7ab7616fda71af1b50cfbac00e91dbc03cd45d66be075f,saberzl/SID_Set,sid_set_candidate_1500,real,images/real/efc1996f2ea132540d7ab7616fda71af1b50cfbac00e91dbc03cd45d66be075f.jpg,unassigned,42
efec09a3717dc405a21fec40e7df9de8250590f44f9d87502537fc6e0e5d0176,saberzl/SID_Set,sid_set_candidate_1500,real,images/real/efec09a3717dc405a21fec40e7df9de8250590f44f9d87502537fc6e0e5d0176.jpg,unassigned,42
eff003401d97eab2d2425c696cc8f251664557e3bc2b52c8889e8d1d72c579f1,saberzl/SID_Set,sid_set_candidate_1500,real,images/real/eff003401d97eab2d2425c696cc8f251664557e3bc2b52c8889e8d1d72c579f1.jpg,unassigned,42
f00af1134e2fb816d6904e882cd8a7348691e2ffec0376d5418b92ac528e6ccd,saberzl/SID_Set,sid_set_candidate_1500,fake,images/fake/f00af1134e2fb816d6904e882cd8a7348691e2ffec0376d5418b92ac528e6ccd.png,gold_test,42
f02094281494da3cbd04d1bf49e78c4d8aad58ad7189bcabcb0dd3b4ef9c678f,ComplexDataLab/OpenFake,openfake_additional_900,fake,images/fake/f02094281494da3cbd04d1bf49e78c4d8aad58ad7189bcabcb0dd3b4ef9c678f.png,gold_test,42
f029f440c45f2e5a461b4a2d96fc75b9616cc9d0f0d2695dda11642fa9d455f2,saberzl/SID_Set,sid_set_candidate_1500,fake,images/fake/f029f440c45f2e5a461b4a2d96fc75b9616cc9d0f0d2695dda11642fa9d455f2.png,unassigned,42
f0322af8d451c7bc432ede2f5c01c3ee419bf7c40713023ab83b6679aac26111,saberzl/SID_Set,sid_set_candidate_1500,real,images/real/f0322af8d451c7bc432ede2f5c01c3ee419bf7c40713023ab83b6679aac26111.jpg,unassigned,42
f035160288e487d9c714b7cbb5a3ff60462cee66cba61f2552dde9ea96fdc2a0,saberzl/SID_Set,sid_set_candidate_1500,real,images/real/f035160288e487d9c714b7cbb5a3ff60462cee66cba61f2552dde9ea96fdc2a0.jpg,unassigned,42
f048bbc3f73038cf10efc686a5b2d5aa08b1cd1c4e9f8855f05be8499e0ef49f,saberzl/SID_Set,sid_set_candidate_1500,real,images/real/f048bbc3f73038cf10efc686a5b2d5aa08b1cd1c4e9f8855f05be8499e0ef49f.jpg,unassigned,42
f054e829a4a6d80c79af175918b6f802d10b82db5fb9352ee567f8cd1a952c2b,ComplexDataLab/OpenFake,openfake_additional_900,fake,images/fake/f054e829a4a6d80c79af175918b6f802d10b82db5fb9352ee567f8cd1a952c2b.png,unassigned,42
f05c346ef23ef0347b57d5b28808579f9205ba69a318c213db51c1cebe4100fd,ComplexDataLab/OpenFake,openfake_pilot_600,real,images/real/f05c346ef23ef0347b57d5b28808579f9205ba69a318c213db51c1cebe4100fd.jpg,unassigned,42
f06666934bcfbfceb450c16d5345af857fcd4d1aed638b6a6d9d50dfeefcc717,saberzl/SID_Set,sid_set_candidate_1500,real,images/real/f06666934bcfbfceb450c16d5345af857fcd4d1aed638b6a6d9d50dfeefcc717.jpg,unassigned,42
f06fc698ed8033a099facca66de5fa150418d3027ade0d73edcce6dfe1a766a1,saberzl/SID_Set,sid_set_candidate_1500,real,images/real/f06fc698ed8033a099facca66de5fa150418d3027ade0d73edcce6dfe1a766a1.jpg,unassigned,42
f072d3c8dd343fd8b25bb12ffce4db7bcbeb3552c87187aee511cbf58f338aca,ComplexDataLab/OpenFake,openfake_pilot_600,fake,images/fake/f072d3c8dd343fd8b25bb12ffce4db7bcbeb3552c87187aee511cbf58f338aca.jpg,unassigned,42
f0737f6e1bc4aeadcd4706d33023d13700f5cc5360a0c4ec6ef42f83e605a773,ComplexDataLab/OpenFake,openfake_pilot_600,fake,images/fake/f0737f6e1bc4aeadcd4706d33023d13700f5cc5360a0c4ec6ef42f83e605a773.png,unassigned,42
f08e638722601e640f2a055c10c1f894454decbfe3c9014f0990d91352e21c93,ComplexDataLab/OpenFake,openfake_additional_900,fake,images/fake/f08e638722601e640f2a055c10c1f894454decbfe3c9014f0990d91352e21c93.png,unassigned,42
f09023a6e908fddd9f6c69f5013b926799873d3ec840db66414be328f8f18e3e,saberzl/SID_Set,sid_set_candidate_1500,fake,images/fake/f09023a6e908fddd9f6c69f5013b926799873d3ec840db66414be328f8f18e3e.png,unassigned,42
f0960d579925b156b1ddf60bce625b1f245e599e3452a9406185cc9a1ab0d1d6,ComplexDataLab/OpenFake,openfake_additional_900,fake,images/fake/f0960d579925b156b1ddf60bce625b1f245e599e3452a9406185cc9a1ab0d1d6.png,gold_test,42
f0c2498c455ea46413cfb5f39e2c9d3b79e71bfffd7ff69532eac4e81f823ada,saberzl/SID_Set,sid_set_candidate_1500,real,images/real/f0c2498c455ea46413cfb5f39e2c9d3b79e71bfffd7ff69532eac4e81f823ada.jpg,unassigned,42
f0cd035663aeb1803e6b472b5f943ff5adfee3fa1d68ae2beb1cb4a101c1dc26,saberzl/SID_Set,sid_set_candidate_1500,fake,images/fake/f0cd035663aeb1803e6b472b5f943ff5adfee3fa1d68ae2beb1cb4a101c1dc26.png,unassigned,42
f0ceecd6eae5d7ba7b876ae28eb901aabdcb83950c1d1336ada0612f735c5288,ComplexDataLab/OpenFake,openfake_pilot_600,fake,images/fake/f0ceecd6eae5d7ba7b876ae28eb901aabdcb83950c1d1336ada0612f735c5288.png,unassigned,42
f0d6cff91004612b9d878bd3835e9a82c98fb17be73104e3f6c0ff5918fc5855,saberzl/SID_Set,sid_set_candidate_1500,fake,images/fake/f0d6cff91004612b9d878bd3835e9a82c98fb17be73104e3f6c0ff5918fc5855.png,unassigned,42
f159f7f1becf4f1af80af2791aec93d7fd89697896ea60244cf75ba1e18ecd7b,ComplexDataLab/OpenFake,openfake_pilot_600,fake,images/fake/f159f7f1becf4f1af80af2791aec93d7fd89697896ea60244cf75ba1e18ecd7b.png,unassigned,42
f16e86b8d3f99d67e4d16e584519e1b0f16cba06e7b9f9ebaaa762c6c94e866e,saberzl/SID_Set,sid_set_candidate_1500,real,images/real/f16e86b8d3f99d67e4d16e584519e1b0f16cba06e7b9f9ebaaa762c6c94e866e.jpg,unassigned,42
f18656546ec74b14d90f273bed454a4913830795eaa857eec9f679ed55714fe3,ComplexDataLab/OpenFake,openfake_pilot_600,real,images/real/f18656546ec74b14d90f273bed454a4913830795eaa857eec9f679ed55714fe3.jpg,unassigned,42
f19b1c24e3bddd20cf978395e030b2fae17ece9bb4a40e5bef76ede2b238e9c1,ComplexDataLab/OpenFake,openfake_additional_900,real,images/real/f19b1c24e3bddd20cf978395e030b2fae17ece9bb4a40e5bef76ede2b238e9c1.jpg,unassigned,42
f208d268d06a3f89772dafa1bcdc14851b588d437565e291d3fd9f28ae159958,ComplexDataLab/OpenFake,openfake_additional_900,real,images/real/f208d268d06a3f89772dafa1bcdc14851b588d437565e291d3fd9f28ae159958.jpg,unassigned,42
f2174e7f779f6aaddfa6afe3cb8809f85585c1930a63df319d42b9c59ff084d1,ComplexDataLab/OpenFake,openfake_additional_900,fake,images/fake/f2174e7f779f6aaddfa6afe3cb8809f85585c1930a63df319d42b9c59ff084d1.jpg,unassigned,42
f22f4d739299b93055d43ee7329ce67ad6a167d53621aa5b7fa5b665f9fd7a3b,ComplexDataLab/OpenFake,openfake_additional_900,fake,images/fake/f22f4d739299b93055d43ee7329ce67ad6a167d53621aa5b7fa5b665f9fd7a3b.png,unassigned,42
f2325fd71d1d19db02ccce97a23c9880221e5e5060d4480d819680235ac98f46,saberzl/SID_Set,sid_set_candidate_1500,fake,images/fake/f2325fd71d1d19db02ccce97a23c9880221e5e5060d4480d819680235ac98f46.png,unassigned,42
f2348e9d1ae15e2904f7adaf958783f1c6c70c6a91db2597a3ba86dc1e0ceb79,saberzl/SID_Set,sid_set_candidate_1500,real,images/real/f2348e9d1ae15e2904f7adaf958783f1c6c70c6a91db2597a3ba86dc1e0ceb79.jpg,unassigned,42
f261de55321515a60143820b17c29702de21627730f6c9810318b5a4d9cba573,saberzl/SID_Set,sid_set_candidate_1500,fake,images/fake/f261de55321515a60143820b17c29702de21627730f6c9810318b5a4d9cba573.png,unassigned,42
f28d562c454f2d809775f9bc7056aab92205e18513d0b1adc9b1800ef17f0255,ComplexDataLab/OpenFake,openfake_pilot_600,real,images/real/f28d562c454f2d809775f9bc7056aab92205e18513d0b1adc9b1800ef17f0255.jpg,unassigned,42
f2a820003b63c22618a35d2593635c5f5360c434fc38544413655ffccde26db1,saberzl/SID_Set,sid_set_candidate_1500,real,images/real/f2a820003b63c22618a35d2593635c5f5360c434fc38544413655ffccde26db1.jpg,unassigned,42
f2b243c1ba9f320c0e233adfb6b66a18160dfeb7730053918ce42d87c9f5c095,ComplexDataLab/OpenFake,openfake_additional_900,real,images/real/f2b243c1ba9f320c0e233adfb6b66a18160dfeb7730053918ce42d87c9f5c095.jpg,gold_test,42
f2b6119f46685938bb1b7b274dce02da699e53702efc68d1cb4299997737c072,ComplexDataLab/OpenFake,openfake_additional_900,fake,images/fake/f2b6119f46685938bb1b7b274dce02da699e53702efc68d1cb4299997737c072.png,unassigned,42
f2b9546501d23ef2d0b7056917092067ceea3434479005fefecfa985b0b2bece,ComplexDataLab/OpenFake,openfake_additional_900,fake,images/fake/f2b9546501d23ef2d0b7056917092067ceea3434479005fefecfa985b0b2bece.png,unassigned,42
f2cf874d18986bc566922694ba632ff39aa095654fae5bc2788489317b1624f8,ComplexDataLab/OpenFake,openfake_additional_900,fake,images/fake/f2cf874d18986bc566922694ba632ff39aa095654fae5bc2788489317b1624f8.png,unassigned,42
f2d38cb6c6dc31d535ecec1b5b93565c44a46bb86bba608e7301c0af814f841e,ComplexDataLab/OpenFake,openfake_additional_900,real,images/real/f2d38cb6c6dc31d535ecec1b5b93565c44a46bb86bba608e7301c0af814f841e.jpg,unassigned,42
f2de8b1fc1b98838cd7286c123bb5bf88c23be6253c6302a15858570d5279eca,saberzl/SID_Set,sid_set_candidate_1500,fake,images/fake/f2de8b1fc1b98838cd7286c123bb5bf88c23be6253c6302a15858570d5279eca.png,unassigned,42
f2e00f962b781fdba32661610707ac853216503a45bacfd08e9d1ad42d676064,ComplexDataLab/OpenFake,openfake_pilot_600,real,images/real/f2e00f962b781fdba32661610707ac853216503a45bacfd08e9d1ad42d676064.jpg,unassigned,42
f30151d3d91466758ca8ce90e4b932c38d515f9be4ad4ff47ef9be6dd8a09dcb,saberzl/SID_Set,sid_set_candidate_1500,fake,images/fake/f30151d3d91466758ca8ce90e4b932c38d515f9be4ad4ff47ef9be6dd8a09dcb.png,unassigned,42
f3087ec42b093a0d95d1e819991be4ed37264fb9fd43c4fa0daa0d9ecf05c376,ComplexDataLab/OpenFake,openfake_additional_900,fake,images/fake/f3087ec42b093a0d95d1e819991be4ed37264fb9fd43c4fa0daa0d9ecf05c376.png,gold_test,42
f3214b838b15693fd97e7929e1d1c7e3188a17fc8b055b6d3baf140ae165d676,ComplexDataLab/OpenFake,openfake_additional_900,fake,images/fake/f3214b838b15693fd97e7929e1d1c7e3188a17fc8b055b6d3baf140ae165d676.jpg,unassigned,42
f3398590e0a43fd65ad330d5d32b8a6ac81e3cb2fcc05263d8a662a55bf06c84,ComplexDataLab/OpenFake,openfake_pilot_600,real,images/real/f3398590e0a43fd65ad330d5d32b8a6ac81e3cb2fcc05263d8a662a55bf06c84.jpg,gold_development,42
f340c67311643341beb4e1b8d223875c31b373bf27ab1bbc1f52acd969e4d0b6,saberzl/SID_Set,sid_set_candidate_1500,real,images/real/f340c67311643341beb4e1b8d223875c31b373bf27ab1bbc1f52acd969e4d0b6.jpg,unassigned,42
f36b6935ef2b0e36c9eff8de94a6e12e3c7c348c5f163c6c675a09ca9e980434,ComplexDataLab/OpenFake,openfake_additional_900,fake,images/fake/f36b6935ef2b0e36c9eff8de94a6e12e3c7c348c5f163c6c675a09ca9e980434.png,unassigned,42
f37e7af30b3814230aaa32eed4d296726e21667066e8f37eac23344464b96e85,ComplexDataLab/OpenFake,openfake_pilot_600,real,images/real/f37e7af30b3814230aaa32eed4d296726e21667066e8f37eac23344464b96e85.jpg,unassigned,42
f3a6a2c6600e5903265e80583cdfc0fe8da6ef099eacb7dbabeeeff9bc84f7b8,ComplexDataLab/OpenFake,openfake_pilot_600,real,images/real/f3a6a2c6600e5903265e80583cdfc0fe8da6ef099eacb7dbabeeeff9bc84f7b8.jpg,unassigned,42
f3b17de77e333317320fd05b06d4dbdefd6f6575e31613df9498bd88ef9cd342,ComplexDataLab/OpenFake,openfake_additional_900,real,images/real/f3b17de77e333317320fd05b06d4dbdefd6f6575e31613df9498bd88ef9cd342.jpg,unassigned,42
f3becf09f811d411ab311d1735ddd4a88453ea533a7bb33da2bea0e262531f74,saberzl/SID_Set,sid_set_candidate_1500,fake,images/fake/f3becf09f811d411ab311d1735ddd4a88453ea533a7bb33da2bea0e262531f74.png,unassigned,42
f3e9e757846b7920af6b2076169774f291fdcb88b9fbcf4979dd52ddb54e7bd2,saberzl/SID_Set,sid_set_candidate_1500,fake,images/fake/f3e9e757846b7920af6b2076169774f291fdcb88b9fbcf4979dd52ddb54e7bd2.png,unassigned,42
f3f29617a1b1ce4e37dccfcc24761fb9dbc7a15d75622ed552c27360d894e754,saberzl/SID_Set,sid_set_candidate_1500,fake,images/fake/f3f29617a1b1ce4e37dccfcc24761fb9dbc7a15d75622ed552c27360d894e754.png,unassigned,42
f4100eacc9540fa0b00f603c45040698f9e3b6401579cc3e0515d263e9758744,saberzl/SID_Set,sid_set_candidate_1500,fake,images/fake/f4100eacc9540fa0b00f603c45040698f9e3b6401579cc3e0515d263e9758744.png,unassigned,42
f4115c296be02b1232cbbbd8f7496675ebe3f57d245f6e822b52306f9a279a39,ComplexDataLab/OpenFake,openfake_additional_900,fake,images/fake/f4115c296be02b1232cbbbd8f7496675ebe3f57d245f6e822b52306f9a279a39.png,unassigned,42
f41bca5c5fe8d055261c9c0d23bb989f1a3a57ba70bc73a24417b223dcd79090,saberzl/SID_Set,sid_set_candidate_1500,real,images/real/f41bca5c5fe8d055261c9c0d23bb989f1a3a57ba70bc73a24417b223dcd79090.jpg,unassigned,42
f43905e70b7f00aa13062d503c7e88f420ba92d9a1ccd8831031d909c8fa14ed,ComplexDataLab/OpenFake,openfake_additional_900,real,images/real/f43905e70b7f00aa13062d503c7e88f420ba92d9a1ccd8831031d909c8fa14ed.jpg,unassigned,42
f44344597a711472cc39d2a17ba07dac8fab8f6aef26865b1d8fd0224ebc7c62,saberzl/SID_Set,sid_set_candidate_1500,real,images/real/f44344597a711472cc39d2a17ba07dac8fab8f6aef26865b1d8fd0224ebc7c62.jpg,unassigned,42
f451533aa0a42aeec70be47ec5ad33e25aa62a0f4eaef27ac6fe8fe1c7e76448,ComplexDataLab/OpenFake,openfake_additional_900,fake,images/fake/f451533aa0a42aeec70be47ec5ad33e25aa62a0f4eaef27ac6fe8fe1c7e76448.png,unassigned,42
f45e11654db2d7af65034d9103421209ef801c685e7587052edfeaaa60ad995c,saberzl/SID_Set,sid_set_candidate_1500,fake,images/fake/f45e11654db2d7af65034d9103421209ef801c685e7587052edfeaaa60ad995c.png,unassigned,42
f46ea0a9f7122cb111f80792f1eecf8b7cf816517426349568d972e8737d7f76,saberzl/SID_Set,sid_set_candidate_1500,real,images/real/f46ea0a9f7122cb111f80792f1eecf8b7cf816517426349568d972e8737d7f76.jpg,unassigned,42
f4d72e9350d6e895afa449b70653ab7d5a2a43ad9f8034096ca3ae2500cc05b2,saberzl/SID_Set,sid_set_candidate_1500,fake,images/fake/f4d72e9350d6e895afa449b70653ab7d5a2a43ad9f8034096ca3ae2500cc05b2.png,unassigned,42
f4f466f50137b8cc3845a22ee00272e2661ca3eeac13b98f2be531551fdcf46a,ComplexDataLab/OpenFake,openfake_additional_900,real,images/real/f4f466f50137b8cc3845a22ee00272e2661ca3eeac13b98f2be531551fdcf46a.jpg,unassigned,42
f505c3d78a55812f0e63a05e436feff3294dd373bd34db5e0a9f8ec90f85ca70,ComplexDataLab/OpenFake,openfake_additional_900,real,images/real/f505c3d78a55812f0e63a05e436feff3294dd373bd34db5e0a9f8ec90f85ca70.jpg,unassigned,42
f546df4fdf2f5a5319d6daf771f11ea1f5fe4141fa95bd815a7cc5c2defe4d7f,saberzl/SID_Set,sid_set_candidate_1500,real,images/real/f546df4fdf2f5a5319d6daf771f11ea1f5fe4141fa95bd815a7cc5c2defe4d7f.jpg,unassigned,42
f54780444020c448f52d0f0a64b49196c6fbc6ae1c692586db92ce9bbedee45d,ComplexDataLab/OpenFake,openfake_pilot_600,fake,images/fake/f54780444020c448f52d0f0a64b49196c6fbc6ae1c692586db92ce9bbedee45d.png,unassigned,42
f58f3dafb76293cfe49b7fb91c3281b874cb8435c6afea694eace669d5782841,ComplexDataLab/OpenFake,openfake_pilot_600,fake,images/fake/f58f3dafb76293cfe49b7fb91c3281b874cb8435c6afea694eace669d5782841.png,unassigned,42
f59e6a3a362788047303facccea3eaed56b43714dbb3b80ea548a364953c198f,ComplexDataLab/OpenFake,openfake_pilot_600,fake,images/fake/f59e6a3a362788047303facccea3eaed56b43714dbb3b80ea548a364953c198f.png,unassigned,42
f5a0b14d6ba74a7f1519cfd9da120c5b164ecbb95dc1750f8778287e2a6e0a14,saberzl/SID_Set,sid_set_candidate_1500,fake,images/fake/f5a0b14d6ba74a7f1519cfd9da120c5b164ecbb95dc1750f8778287e2a6e0a14.png,unassigned,42
f5da32ef017276c143bab9cee5af6f9e6ed44fa73af16ae404004ab487244463,ComplexDataLab/OpenFake,openfake_additional_900,fake,images/fake/f5da32ef017276c143bab9cee5af6f9e6ed44fa73af16ae404004ab487244463.jpg,gold_test,42
f5f53c4a5c57fed5111f36edc822cfa089ee7541ee3564740bf1027842e5bc7c,saberzl/SID_Set,sid_set_candidate_1500,real,images/real/f5f53c4a5c57fed5111f36edc822cfa089ee7541ee3564740bf1027842e5bc7c.jpg,unassigned,42
f5fd91d1bf4ce36b512b0627f2a8ed9b30477ca0e3c86a2e10bb779e82e8565f,saberzl/SID_Set,sid_set_candidate_1500,fake,images/fake/f5fd91d1bf4ce36b512b0627f2a8ed9b30477ca0e3c86a2e10bb779e82e8565f.png,unassigned,42
f60c927c2c7509438192907b66f9e1bc7c2b289328206efd60b380f852edd340,ComplexDataLab/OpenFake,openfake_additional_900,real,images/real/f60c927c2c7509438192907b66f9e1bc7c2b289328206efd60b380f852edd340.jpg,unassigned,42
f62a81375856d7937de5f10f77fb2e2ff2f79ad5425bb09b7cc190846fc67fa3,saberzl/SID_Set,sid_set_candidate_1500,fake,images/fake/f62a81375856d7937de5f10f77fb2e2ff2f79ad5425bb09b7cc190846fc67fa3.png,unassigned,42
f62ec44582f00a06e793638327952598647ff8236cac0b0031b781503c164721,saberzl/SID_Set,sid_set_candidate_1500,fake,images/fake/f62ec44582f00a06e793638327952598647ff8236cac0b0031b781503c164721.png,unassigned,42
f63f0bbaa9f9e95015c62451b9fb82d55f188832667e98f404e731d7714f7df6,ComplexDataLab/OpenFake,openfake_additional_900,fake,images/fake/f63f0bbaa9f9e95015c62451b9fb82d55f188832667e98f404e731d7714f7df6.png,unassigned,42
f654b2ff6fbc4af0a73385a8e0d9c3f4962cdfa44d57ddd23324e685bea800ad,ComplexDataLab/OpenFake,openfake_additional_900,fake,images/fake/f654b2ff6fbc4af0a73385a8e0d9c3f4962cdfa44d57ddd23324e685bea800ad.webp,unassigned,42
f65ecb47c6f4e7b534d1747d5d127eb6a06c57ee3060989f8a2430d816e931b6,ComplexDataLab/OpenFake,openfake_pilot_600,real,images/real/f65ecb47c6f4e7b534d1747d5d127eb6a06c57ee3060989f8a2430d816e931b6.jpg,unassigned,42
f66761a9d6bc61bfd09638aa6f4d56016bb33b0c72f9b4410d3961b97f9ce56e,saberzl/SID_Set,sid_set_candidate_1500,fake,images/fake/f66761a9d6bc61bfd09638aa6f4d56016bb33b0c72f9b4410d3961b97f9ce56e.png,unassigned,42
f68f7534f9d407c72e0b4d982372945f96153166d2bb91068ec2f63ee9e44ecf,ComplexDataLab/OpenFake,openfake_additional_900,fake,images/fake/f68f7534f9d407c72e0b4d982372945f96153166d2bb91068ec2f63ee9e44ecf.png,unassigned,42
f6b9b093e8e629c1ce1f732392b3db7a743b73246cc40fccc22cdd7157e4250e,saberzl/SID_Set,sid_set_candidate_1500,fake,images/fake/f6b9b093e8e629c1ce1f732392b3db7a743b73246cc40fccc22cdd7157e4250e.png,unassigned,42
f6e855e6a3066bfe953ccb86a9dd82cbee62f9d9a0d502f65d20173cf78b9e74,ComplexDataLab/OpenFake,openfake_pilot_600,real,images/real/f6e855e6a3066bfe953ccb86a9dd82cbee62f9d9a0d502f65d20173cf78b9e74.jpg,gold_development,42
f6f1824a543618221794df39fcffd4eeb7073281acb1ad7543c8fbdac13fa0b5,saberzl/SID_Set,sid_set_candidate_1500,fake,images/fake/f6f1824a543618221794df39fcffd4eeb7073281acb1ad7543c8fbdac13fa0b5.png,unassigned,42
f6f7e9f71ea5cd3759c4c94c754524b6d3ab2777270c5f3b77c2c826c84a28b5,saberzl/SID_Set,sid_set_candidate_1500,real,images/real/f6f7e9f71ea5cd3759c4c94c754524b6d3ab2777270c5f3b77c2c826c84a28b5.jpg,unassigned,42
f70dcaf04040c3640f7568ee80be961f9a8fc6bd80f5935e0b55c9f6ab2d53c0,ComplexDataLab/OpenFake,openfake_additional_900,real,images/real/f70dcaf04040c3640f7568ee80be961f9a8fc6bd80f5935e0b55c9f6ab2d53c0.jpg,unassigned,42
f712dfcb3863fb0844ae53f5632a18e6f58d020e9391c145853742111c0910f4,ComplexDataLab/OpenFake,openfake_pilot_600,fake,images/fake/f712dfcb3863fb0844ae53f5632a18e6f58d020e9391c145853742111c0910f4.png,gold_development,42
f726d67d4d0490926f241bdc0287132049869d14ffe0284abc1a61ddfcdef827,ComplexDataLab/OpenFake,openfake_pilot_600,fake,images/fake/f726d67d4d0490926f241bdc0287132049869d14ffe0284abc1a61ddfcdef827.png,unassigned,42
f758b0e7433b38415d7bf99c31dc0fa333492be339ae67c6c53ba045af32e2d2,ComplexDataLab/OpenFake,openfake_additional_900,fake,images/fake/f758b0e7433b38415d7bf99c31dc0fa333492be339ae67c6c53ba045af32e2d2.webp,unassigned,42
f7604e81764616ea566623b37a35ddfd41803e477873ef65788e3198f3f54c11,saberzl/SID_Set,sid_set_candidate_1500,fake,images/fake/f7604e81764616ea566623b37a35ddfd41803e477873ef65788e3198f3f54c11.png,unassigned,42
f78780217e05573a991428332a693fd5e6d4f5a2ecd021cc0b78406f3b5a41fa,saberzl/SID_Set,sid_set_candidate_1500,real,images/real/f78780217e05573a991428332a693fd5e6d4f5a2ecd021cc0b78406f3b5a41fa.jpg,unassigned,42
f78eca03913e5b56de63506d25f14c418243191f3646264338a241f359ee9628,ComplexDataLab/OpenFake,openfake_additional_900,real,images/real/f78eca03913e5b56de63506d25f14c418243191f3646264338a241f359ee9628.jpg,unassigned,42
f78f95d8e2830f46562442a549e235f72d056b9a9c305acc5bd820c2ef532722,ComplexDataLab/OpenFake,openfake_additional_900,real,images/real/f78f95d8e2830f46562442a549e235f72d056b9a9c305acc5bd820c2ef532722.jpg,unassigned,42
f7b346c7ba61116a506793d733d46ea0394f3e048af676e6d4ddc6a328f507c2,saberzl/SID_Set,sid_set_candidate_1500,fake,images/fake/f7b346c7ba61116a506793d733d46ea0394f3e048af676e6d4ddc6a328f507c2.png,unassigned,42
f7bd047ca38f4a60feb27f8c29464b445780a0eb97033478b0c7538ea8645a43,saberzl/SID_Set,sid_set_candidate_1500,real,images/real/f7bd047ca38f4a60feb27f8c29464b445780a0eb97033478b0c7538ea8645a43.jpg,unassigned,42
f7e74782db0a9c22c7ad7b9c414975afb3c70616c9e143f264fe5c59e79d4203,saberzl/SID_Set,sid_set_candidate_1500,real,images/real/f7e74782db0a9c22c7ad7b9c414975afb3c70616c9e143f264fe5c59e79d4203.jpg,unassigned,42
f7eca2d42960acb9387da91e61711ee68458e5b1e1257513397bf34d0c6927ce,saberzl/SID_Set,sid_set_candidate_1500,fake,images/fake/f7eca2d42960acb9387da91e61711ee68458e5b1e1257513397bf34d0c6927ce.png,gold_test,42
f7f9c2648c4af2c106dc7648e84e44ac32686845515ab634b9f5de58aefb80bd,saberzl/SID_Set,sid_set_candidate_1500,real,images/real/f7f9c2648c4af2c106dc7648e84e44ac32686845515ab634b9f5de58aefb80bd.jpg,unassigned,42
f7ff53c16924bd810fc0766bc98ee3a0da3d4938e8ff4c451a44f21042dfc0d1,ComplexDataLab/OpenFake,openfake_additional_900,fake,images/fake/f7ff53c16924bd810fc0766bc98ee3a0da3d4938e8ff4c451a44f21042dfc0d1.jpg,gold_test,42
f81ad959e29e3167639afe7e5dea831837c3e7558668f1e1c66fdd2f4632a930,ComplexDataLab/OpenFake,openfake_pilot_600,fake,images/fake/f81ad959e29e3167639afe7e5dea831837c3e7558668f1e1c66fdd2f4632a930.jpg,unassigned,42
f825cc995c65869e39155db621bf2f57de31a260cb631ba932105a3a7ff74e68,saberzl/SID_Set,sid_set_candidate_1500,fake,images/fake/f825cc995c65869e39155db621bf2f57de31a260cb631ba932105a3a7ff74e68.png,unassigned,42
f82f4b8c94cec87a824fea0d882e069c2c0e1f1e71a2aa7ab5aab2e256c96ba9,saberzl/SID_Set,sid_set_candidate_1500,real,images/real/f82f4b8c94cec87a824fea0d882e069c2c0e1f1e71a2aa7ab5aab2e256c96ba9.jpg,unassigned,42
f8305b0bce408753d83bb838709025397c98aa7a432fbe57cdedb66038c1c08c,saberzl/SID_Set,sid_set_candidate_1500,fake,images/fake/f8305b0bce408753d83bb838709025397c98aa7a432fbe57cdedb66038c1c08c.png,unassigned,42
f84e46e8f44b2f7998f8ee1c0f42fa07f531f643f42463b52c406c13502af447,ComplexDataLab/OpenFake,openfake_additional_900,fake,images/fake/f84e46e8f44b2f7998f8ee1c0f42fa07f531f643f42463b52c406c13502af447.png,unassigned,42
f86031aaf66f4bc36f6b8840a2d1d7ed5a4ae35520a516df05ee534889ddedb3,ComplexDataLab/OpenFake,openfake_additional_900,fake,images/fake/f86031aaf66f4bc36f6b8840a2d1d7ed5a4ae35520a516df05ee534889ddedb3.png,unassigned,42
f86ef2949dcc58a6659ef4c08136853de3dc87c2e79314519acc3b28abe0ceb8,saberzl/SID_Set,sid_set_candidate_1500,real,images/real/f86ef2949dcc58a6659ef4c08136853de3dc87c2e79314519acc3b28abe0ceb8.jpg,unassigned,42
f873a67647a3c40e054201c4f4daf6f87717be548c8b10bab4c499e80bc3b393,saberzl/SID_Set,sid_set_candidate_1500,fake,images/fake/f873a67647a3c40e054201c4f4daf6f87717be548c8b10bab4c499e80bc3b393.png,unassigned,42
f881925ff3796a8b02099cb43b677db8f2fa2267eb0161e9fe17dce1852e6000,ComplexDataLab/OpenFake,openfake_pilot_600,fake,images/fake/f881925ff3796a8b02099cb43b677db8f2fa2267eb0161e9fe17dce1852e6000.jpg,unassigned,42
f8ce151f6b1c9576f1cf6f7201b6b0052b6191cf9ad5a141009bf1bd2a5fac29,saberzl/SID_Set,sid_set_candidate_1500,fake,images/fake/f8ce151f6b1c9576f1cf6f7201b6b0052b6191cf9ad5a141009bf1bd2a5fac29.png,unassigned,42
f8ddf07d0685ca85edff178773841a4482a05cf678e4e0b45a30d6789e770398,ComplexDataLab/OpenFake,openfake_pilot_600,real,images/real/f8ddf07d0685ca85edff178773841a4482a05cf678e4e0b45a30d6789e770398.jpg,unassigned,42
f8e1d7a5f5e660156be0aeac542c9aa4c27cb2ea8509d93ef10de38d6d84875f,saberzl/SID_Set,sid_set_candidate_1500,fake,images/fake/f8e1d7a5f5e660156be0aeac542c9aa4c27cb2ea8509d93ef10de38d6d84875f.png,unassigned,42
f8f7fe33cdb07e2859b1d28b5bec8a5e865ae54f193e9e75329a875166516bd9,saberzl/SID_Set,sid_set_candidate_1500,real,images/real/f8f7fe33cdb07e2859b1d28b5bec8a5e865ae54f193e9e75329a875166516bd9.jpg,unassigned,42
f901be9089ca831d2e65e5178cf8d28e3463504bcb505944d602869681bf4884,ComplexDataLab/OpenFake,openfake_additional_900,real,images/real/f901be9089ca831d2e65e5178cf8d28e3463504bcb505944d602869681bf4884.jpg,unassigned,42
f91c00241590257c2d75ae72b3c00c823f8bf39b43d06ee43b440c0b0b0ef60b,saberzl/SID_Set,sid_set_candidate_1500,fake,images/fake/f91c00241590257c2d75ae72b3c00c823f8bf39b43d06ee43b440c0b0b0ef60b.png,gold_test,42
f9c3596a3388d0a929ee5a43dd74c44c7eac50a58646c14cef596c8ac3b1a630,saberzl/SID_Set,sid_set_candidate_1500,real,images/real/f9c3596a3388d0a929ee5a43dd74c44c7eac50a58646c14cef596c8ac3b1a630.jpg,unassigned,42
f9cc0abd5732d27761c579ab78bdc0044cdd81cdd9b24926674138b3605bde77,ComplexDataLab/OpenFake,openfake_additional_900,fake,images/fake/f9cc0abd5732d27761c579ab78bdc0044cdd81cdd9b24926674138b3605bde77.png,unassigned,42
f9f908d6f76c9fedc5136b53fc858cfca5933361357c6b5047ad87730186924c,ComplexDataLab/OpenFake,openfake_pilot_600,fake,images/fake/f9f908d6f76c9fedc5136b53fc858cfca5933361357c6b5047ad87730186924c.png,unassigned,42
fa20fca3616ece80bff08b8969e62bcc2ef8aa2b1f4e35d7f55a180e0f0a0a60,ComplexDataLab/OpenFake,openfake_additional_900,real,images/real/fa20fca3616ece80bff08b8969e62bcc2ef8aa2b1f4e35d7f55a180e0f0a0a60.jpg,unassigned,42
fa2ed703b49f210195fdd1f3a462f1b95826253121aded4f08fd439b0e8623e7,saberzl/SID_Set,sid_set_candidate_1500,real,images/real/fa2ed703b49f210195fdd1f3a462f1b95826253121aded4f08fd439b0e8623e7.jpg,unassigned,42
fa57f7d1d3c082f6393e450228e1fd93c04a745fa9210a1fd843b76ec126a838,saberzl/SID_Set,sid_set_candidate_1500,fake,images/fake/fa57f7d1d3c082f6393e450228e1fd93c04a745fa9210a1fd843b76ec126a838.png,unassigned,42
fa598674dda370d19b90e61c6d1a9152c99438ba20a098936f5cd3bbcb5b87eb,saberzl/SID_Set,sid_set_candidate_1500,real,images/real/fa598674dda370d19b90e61c6d1a9152c99438ba20a098936f5cd3bbcb5b87eb.jpg,unassigned,42
fa632cce995afc4b7974f33902d52c95f49f0a1fff7d822e914a07cc20cab234,ComplexDataLab/OpenFake,openfake_additional_900,fake,images/fake/fa632cce995afc4b7974f33902d52c95f49f0a1fff7d822e914a07cc20cab234.png,unassigned,42
fa69240fdc5e48d053602de47738478b2bc115af3354e3b077bb3e414e456e20,ComplexDataLab/OpenFake,openfake_additional_900,real,images/real/fa69240fdc5e48d053602de47738478b2bc115af3354e3b077bb3e414e456e20.jpg,unassigned,42
fa8b0cbd0eb3f08901f9d3820bbf0ad85b72d84537427cbf69c4125e94c5e6bf,ComplexDataLab/OpenFake,openfake_additional_900,real,images/real/fa8b0cbd0eb3f08901f9d3820bbf0ad85b72d84537427cbf69c4125e94c5e6bf.jpg,unassigned,42
fa9d5f8e1337b139e35f4648071dad4d5a94a2a35d77a840b98e1ef9ca2e38f1,ComplexDataLab/OpenFake,openfake_additional_900,fake,images/fake/fa9d5f8e1337b139e35f4648071dad4d5a94a2a35d77a840b98e1ef9ca2e38f1.png,unassigned,42
fa9f7cfcfcfa2e38649b278f95b712484447b1506b0af0535df07c1367dbf4e9,saberzl/SID_Set,sid_set_candidate_1500,real,images/real/fa9f7cfcfcfa2e38649b278f95b712484447b1506b0af0535df07c1367dbf4e9.jpg,unassigned,42
facf7e6273d6048f5a9f02722d8080f796bd2e361e3a3c5a0795eedbb2f071b8,ComplexDataLab/OpenFake,openfake_additional_900,fake,images/fake/facf7e6273d6048f5a9f02722d8080f796bd2e361e3a3c5a0795eedbb2f071b8.png,gold_test,42
fad4fee4be3788fe5b1d56a1ce6df5981430ebb8f0f5315baf1ff4e94424642e,saberzl/SID_Set,sid_set_candidate_1500,fake,images/fake/fad4fee4be3788fe5b1d56a1ce6df5981430ebb8f0f5315baf1ff4e94424642e.png,unassigned,42
faf5eee7ebadd867cbdc3a1cb213ffc631f8975365b64b011da5af25b3b38b77,ComplexDataLab/OpenFake,openfake_additional_900,real,images/real/faf5eee7ebadd867cbdc3a1cb213ffc631f8975365b64b011da5af25b3b38b77.jpg,unassigned,42
fb3c35334df287ed9b340ff756a6a0aa8895179b25ad4d3749a6d5916decdf4b,ComplexDataLab/OpenFake,openfake_pilot_600,fake,images/fake/fb3c35334df287ed9b340ff756a6a0aa8895179b25ad4d3749a6d5916decdf4b.png,unassigned,42
fb4488bc21fcc5025f60fc1fd6b6197877e040576aa47baeb32428214516da70,saberzl/SID_Set,sid_set_candidate_1500,real,images/real/fb4488bc21fcc5025f60fc1fd6b6197877e040576aa47baeb32428214516da70.jpg,unassigned,42
fb532c315060ee70a408d7fd081f60e7669126d8ca6de86d8eef959dd21c521f,ComplexDataLab/OpenFake,openfake_pilot_600,real,images/real/fb532c315060ee70a408d7fd081f60e7669126d8ca6de86d8eef959dd21c521f.jpg,unassigned,42
fb5cf8e28931a558d0c19efcc8cc383a483ed74e00ddce5ad33f835f66ba49ce,saberzl/SID_Set,sid_set_candidate_1500,fake,images/fake/fb5cf8e28931a558d0c19efcc8cc383a483ed74e00ddce5ad33f835f66ba49ce.png,gold_test,42
fb6996dc20083fced80fa456a850709c36c0142dec81b4cdfdc09e7a8d4aba4c,saberzl/SID_Set,sid_set_candidate_1500,real,images/real/fb6996dc20083fced80fa456a850709c36c0142dec81b4cdfdc09e7a8d4aba4c.jpg,unassigned,42
fb8e0b788b1b682bb1982509e6cb0426b2c5ebbfdc0ef17cba01ad211e574a54,ComplexDataLab/OpenFake,openfake_pilot_600,real,images/real/fb8e0b788b1b682bb1982509e6cb0426b2c5ebbfdc0ef17cba01ad211e574a54.jpg,unassigned,42
fbc7474a6ae1111ab72f21d60477e7e2530d98080020b41511366f73f4d0a93a,saberzl/SID_Set,sid_set_candidate_1500,fake,images/fake/fbc7474a6ae1111ab72f21d60477e7e2530d98080020b41511366f73f4d0a93a.png,unassigned,42
fbdbc56f925ca684e2645a753e8c39cd4687197dd14bd73faabb035b21733583,saberzl/SID_Set,sid_set_candidate_1500,real,images/real/fbdbc56f925ca684e2645a753e8c39cd4687197dd14bd73faabb035b21733583.jpg,gold_test,42
fbf063206a1ab90c9d745f82ec9706ee85feb270bb3a7d858b766d574015222e,ComplexDataLab/OpenFake,openfake_additional_900,fake,images/fake/fbf063206a1ab90c9d745f82ec9706ee85feb270bb3a7d858b766d574015222e.png,unassigned,42
fc28071a71f3ee56fa1f243abdc0a1031b165e478f536c63628974a22b05bc7a,saberzl/SID_Set,sid_set_candidate_1500,fake,images/fake/fc28071a71f3ee56fa1f243abdc0a1031b165e478f536c63628974a22b05bc7a.png,unassigned,42
fc3a4ea2433311d267d3ccf567459b3fb727fb7555e46db407b40107937b5313,saberzl/SID_Set,sid_set_candidate_1500,fake,images/fake/fc3a4ea2433311d267d3ccf567459b3fb727fb7555e46db407b40107937b5313.png,unassigned,42
fc41d233bafefb8846e305b3400d203d8492b59bd629e7eb46eebca02e63c756,saberzl/SID_Set,sid_set_candidate_1500,real,images/real/fc41d233bafefb8846e305b3400d203d8492b59bd629e7eb46eebca02e63c756.jpg,unassigned,42
fc62036d80d5b28bf3263d14289de2f7aff3acbcd54acd34d373a1d007c7a7d6,saberzl/SID_Set,sid_set_candidate_1500,real,images/real/fc62036d80d5b28bf3263d14289de2f7aff3acbcd54acd34d373a1d007c7a7d6.jpg,unassigned,42
fc70681695700f43d9f9b20a833576643cdb587628ee8bd242387e8d889e2ed0,saberzl/SID_Set,sid_set_candidate_1500,real,images/real/fc70681695700f43d9f9b20a833576643cdb587628ee8bd242387e8d889e2ed0.jpg,unassigned,42
fc82a9c5e0f077b2d03b1894948440ce66fba834ae611a4a442982880c7efc16,saberzl/SID_Set,sid_set_candidate_1500,fake,images/fake/fc82a9c5e0f077b2d03b1894948440ce66fba834ae611a4a442982880c7efc16.png,unassigned,42
fc874880b9a04dc295d47ea313f3342e1376eae30f3cd71998f1d8a80d4fd654,saberzl/SID_Set,sid_set_candidate_1500,fake,images/fake/fc874880b9a04dc295d47ea313f3342e1376eae30f3cd71998f1d8a80d4fd654.png,unassigned,42
fc8cc7a1188c1d6676e2f96b9f8fb5c510558b616de711aaf18dff9314c2ced3,ComplexDataLab/OpenFake,openfake_additional_900,real,images/real/fc8cc7a1188c1d6676e2f96b9f8fb5c510558b616de711aaf18dff9314c2ced3.jpg,unassigned,42
fcaac3b1e9d4bdcf359fafced9e92ddead0a5f6bf5baa11e05234ab840fa95b6,ComplexDataLab/OpenFake,openfake_pilot_600,fake,images/fake/fcaac3b1e9d4bdcf359fafced9e92ddead0a5f6bf5baa11e05234ab840fa95b6.png,unassigned,42
fcb71b118776df3cca275fc29a0999976b6f7b89857971f0ff835723d53890c4,ComplexDataLab/OpenFake,openfake_pilot_600,fake,images/fake/fcb71b118776df3cca275fc29a0999976b6f7b89857971f0ff835723d53890c4.png,unassigned,42
fcb8509c41b1aace8e26155e530d67c34d1dd57d4e11c96a15278e9e65fadfad,saberzl/SID_Set,sid_set_candidate_1500,fake,images/fake/fcb8509c41b1aace8e26155e530d67c34d1dd57d4e11c96a15278e9e65fadfad.png,unassigned,42
fcc33daa2f0dcaf21466e090b42935a1002b5a99a2adf56930bb62a8341e89ce,saberzl/SID_Set,sid_set_candidate_1500,fake,images/fake/fcc33daa2f0dcaf21466e090b42935a1002b5a99a2adf56930bb62a8341e89ce.png,unassigned,42
fcdc5d26899e531863d674bb390c8596e77d17d396b2de195db7e29e022eaf3e,ComplexDataLab/OpenFake,openfake_additional_900,real,images/real/fcdc5d26899e531863d674bb390c8596e77d17d396b2de195db7e29e022eaf3e.jpg,unassigned,42
fcfacf26e9d5b5d3bf564dad7752803a473c97ce2efb34c68f5659c928acf8e8,saberzl/SID_Set,sid_set_candidate_1500,real,images/real/fcfacf26e9d5b5d3bf564dad7752803a473c97ce2efb34c68f5659c928acf8e8.jpg,unassigned,42
fd0cf2235a87379dc09c54fc13840018085827926429ce571270fa510adc3261,ComplexDataLab/OpenFake,openfake_additional_900,real,images/real/fd0cf2235a87379dc09c54fc13840018085827926429ce571270fa510adc3261.jpg,unassigned,42
fd2f3e2001b9bca2e09b010c54dc8f096ca36ce22f1357439750348b226ed7db,ComplexDataLab/OpenFake,openfake_additional_900,fake,images/fake/fd2f3e2001b9bca2e09b010c54dc8f096ca36ce22f1357439750348b226ed7db.png,unassigned,42
fd33a4285630c0b0ed774b1f2a028b830843618e58bc29c393e942935bc8111f,ComplexDataLab/OpenFake,openfake_pilot_600,fake,images/fake/fd33a4285630c0b0ed774b1f2a028b830843618e58bc29c393e942935bc8111f.png,unassigned,42
fd58fb1d663d772c9b8e8438eb61f92d30a31fee1c3a7a35411039bc6deeeca1,ComplexDataLab/OpenFake,openfake_additional_900,real,images/real/fd58fb1d663d772c9b8e8438eb61f92d30a31fee1c3a7a35411039bc6deeeca1.png,unassigned,42
fd6500ff604b80287cc94ddb307b6dc2c26a2d3965cfe59e54e2c28ae056b471,saberzl/SID_Set,sid_set_candidate_1500,real,images/real/fd6500ff604b80287cc94ddb307b6dc2c26a2d3965cfe59e54e2c28ae056b471.jpg,unassigned,42
fd6766e729c885cce76e7894dc44d7a4c8f08e64a04e351e0fc7e62a308b9926,saberzl/SID_Set,sid_set_candidate_1500,fake,images/fake/fd6766e729c885cce76e7894dc44d7a4c8f08e64a04e351e0fc7e62a308b9926.png,gold_test,42
fd6982b180e856a7f74f482296c108889ae71a5e7d786ebed7e5bd1c7684e9dd,ComplexDataLab/OpenFake,openfake_additional_900,real,images/real/fd6982b180e856a7f74f482296c108889ae71a5e7d786ebed7e5bd1c7684e9dd.jpg,unassigned,42
fdb22708cc3ab5c34edf1a33223c2978ddd494a76b33101ea6cb01ce701078ab,saberzl/SID_Set,sid_set_candidate_1500,real,images/real/fdb22708cc3ab5c34edf1a33223c2978ddd494a76b33101ea6cb01ce701078ab.jpg,unassigned,42
fdbe648f3b80348067e8ac765811c57eb0036d79665420bad38ad3a406302e55,ComplexDataLab/OpenFake,openfake_additional_900,real,images/real/fdbe648f3b80348067e8ac765811c57eb0036d79665420bad38ad3a406302e55.jpg,gold_test,42
fddcf3890715d7488c6442cc41ecce8be3136d1445432e699aeddc17ba9ff9f2,ComplexDataLab/OpenFake,openfake_additional_900,real,images/real/fddcf3890715d7488c6442cc41ecce8be3136d1445432e699aeddc17ba9ff9f2.jpg,unassigned,42
fded0a0f7f44852b3d2da5e8c934ed357a5311ec6e10ebebe570cf1a71733399,ComplexDataLab/OpenFake,openfake_pilot_600,fake,images/fake/fded0a0f7f44852b3d2da5e8c934ed357a5311ec6e10ebebe570cf1a71733399.jpg,unassigned,42
fdf4d1de0ed00496974366e555ff8afd3e9fbc028b02edf860d7a6bf2089cb8b,saberzl/SID_Set,sid_set_candidate_1500,fake,images/fake/fdf4d1de0ed00496974366e555ff8afd3e9fbc028b02edf860d7a6bf2089cb8b.png,unassigned,42
fe8bf93c943039d615f98c4b7199ee0079ee1ab6b5e42a4fbb86b67fa26c6784,ComplexDataLab/OpenFake,openfake_additional_900,real,images/real/fe8bf93c943039d615f98c4b7199ee0079ee1ab6b5e42a4fbb86b67fa26c6784.jpg,unassigned,42
fed4e37675fdc0032a0fa264cb318f4248951c26a0694f11503cec35a573e12b,ComplexDataLab/OpenFake,openfake_pilot_600,fake,images/fake/fed4e37675fdc0032a0fa264cb318f4248951c26a0694f11503cec35a573e12b.png,unassigned,42
fed84956ad8d5bc426b30258c986c60ce248c0d45d5b325b1caeb3ee0f707bda,ComplexDataLab/OpenFake,openfake_additional_900,real,images/real/fed84956ad8d5bc426b30258c986c60ce248c0d45d5b325b1caeb3ee0f707bda.jpg,unassigned,42
ff0c205c14e919dd16f5d13920a6719e98e0dbf459df6d4f00176bd1a1f1b73a,ComplexDataLab/OpenFake,openfake_additional_900,real,images/real/ff0c205c14e919dd16f5d13920a6719e98e0dbf459df6d4f00176bd1a1f1b73a.jpg,unassigned,42
ff0ed5e4cec251cfe13c70075dda210700bd37287b89d35bff5a62ad92a25571,saberzl/SID_Set,sid_set_candidate_1500,fake,images/fake/ff0ed5e4cec251cfe13c70075dda210700bd37287b89d35bff5a62ad92a25571.png,gold_test,42
ff13f5e1afd89c8cd64361ae52cfa78111e3759c1c725298a420bb569a06e219,saberzl/SID_Set,sid_set_candidate_1500,real,images/real/ff13f5e1afd89c8cd64361ae52cfa78111e3759c1c725298a420bb569a06e219.jpg,unassigned,42
ff25bbb3dd6285984b174343f154c02447d9316b49dfdba3e51f7726b5d008a0,ComplexDataLab/OpenFake,openfake_additional_900,fake,images/fake/ff25bbb3dd6285984b174343f154c02447d9316b49dfdba3e51f7726b5d008a0.png,unassigned,42
ff28a83449f85294f24c2f9e652857a7757b66e0ce0b8792a9eaf6fdadc50d07,saberzl/SID_Set,sid_set_candidate_1500,real,images/real/ff28a83449f85294f24c2f9e652857a7757b66e0ce0b8792a9eaf6fdadc50d07.jpg,unassigned,42
ff31b93a087854ef123c312ea9f34f4cb3c681f680df5d0dc2698d9169625ebc,ComplexDataLab/OpenFake,openfake_pilot_600,fake,images/fake/ff31b93a087854ef123c312ea9f34f4cb3c681f680df5d0dc2698d9169625ebc.png,unassigned,42
ff441f06a0b9f8b9ba080cb10b51d511c0428f523f25f0712532d82b29f5c636,ComplexDataLab/OpenFake,openfake_additional_900,fake,images/fake/ff441f06a0b9f8b9ba080cb10b51d511c0428f523f25f0712532d82b29f5c636.png,unassigned,42
ff622ab98286801c2a2123a9f3077c1066f145a9270999052e638a6f3cbf0022,ComplexDataLab/OpenFake,openfake_additional_900,real,images/real/ff622ab98286801c2a2123a9f3077c1066f145a9270999052e638a6f3cbf0022.jpg,unassigned,42
ff7d9840cdf4fe6284e943c43615570aca0cc02743ba5191ea1f38da9916c235,ComplexDataLab/OpenFake,openfake_additional_900,real,images/real/ff7d9840cdf4fe6284e943c43615570aca0cc02743ba5191ea1f38da9916c235.jpg,unassigned,42
ff8f3d8daae076d6bf47870b598317a8d4b421e404d40c1087d945d45f0eeece,saberzl/SID_Set,sid_set_candidate_1500,real,images/real/ff8f3d8daae076d6bf47870b598317a8d4b421e404d40c1087d945d45f0eeece.jpg,unassigned,42
ff9ae9028f021a9b3d5a6d14e51f0e3ced95d26f25611f4c3242c03ce84e262a,saberzl/SID_Set,sid_set_candidate_1500,real,images/real/ff9ae9028f021a9b3d5a6d14e51f0e3ced95d26f25611f4c3242c03ce84e262a.jpg,unassigned,42
ffb769a2e2771209a1db1accd478d782f104e1912147163479028a5926809f23,ComplexDataLab/OpenFake,openfake_additional_900,real,images/real/ffb769a2e2771209a1db1accd478d782f104e1912147163479028a5926809f23.jpg,unassigned,42
ffe31c6d0ed2e940f44e302105eeee7e1c27b9fb88c2cf24cae175e23b11bedc,ComplexDataLab/OpenFake,openfake_additional_900,real,images/real/ffe31c6d0ed2e940f44e302105eeee7e1c27b9fb88c2cf24cae175e23b11bedc.jpg,unassigned,42
ffe8fa359cd1e640c6b3f1bb2071eadabab56872e481159fce9a4ca971b6b680,saberzl/SID_Set,sid_set_candidate_1500,real,images/real/ffe8fa359cd1e640c6b3f1bb2071eadabab56872e481159fce9a4ca971b6b680.jpg,unassigned,42
