image_id,content_hash,annotator,batch_id,selection_type,source_dataset,source_label,model_prediction,confidence,prob_low,prob_medium,prob_high,model_version,image_path,source_image_path
a9d6bbd62845960ae41c0b88f427d403b42859bcf46b04ac83069ee74b3aff70,a9d6bbd62845960ae41c0b88f427d403b42859bcf46b04ac83069ee74b3aff70,sara,batch_01_sara,representative,RRDataset,real,medium,0.6312358379364014,0.19816578924655914,0.6312358379364014,0.1705983728170395,resnet50_imagenet1k_v2_layer4_fc_final_v1,images/a9d6bbd62845960ae41c0b88f427d403b42859bcf46b04ac83069ee74b3aff70.jpg,images/a9d6bbd62845960ae41c0b88f427d403b42859bcf46b04ac83069ee74b3aff70.jpg
32a03e436e2a458b0389c064e63bcbc15843742342626dd674c574261c47c6d6,32a03e436e2a458b0389c064e63bcbc15843742342626dd674c574261c47c6d6,sara,batch_01_sara,representative,ComplexDataLab/OpenFake,real,medium,0.8819335699081421,0.07536663115024567,0.8819335699081421,0.04269979149103165,resnet50_imagenet1k_v2_layer4_fc_final_v1,images/32a03e436e2a458b0389c064e63bcbc15843742342626dd674c574261c47c6d6.jpg,images/32a03e436e2a458b0389c064e63bcbc15843742342626dd674c574261c47c6d6.jpg
652f4873689a83ee01585c4938c72d4a193e6e67f382c1b5d8125a8f03de2482,652f4873689a83ee01585c4938c72d4a193e6e67f382c1b5d8125a8f03de2482,sara,batch_01_sara,targeted,saberzl/SID_Set,real,high,0.5057816505432129,0.13564433157444,0.3585740029811859,0.5057816505432129,resnet50_imagenet1k_v2_layer4_fc_final_v1,images/652f4873689a83ee01585c4938c72d4a193e6e67f382c1b5d8125a8f03de2482.jpg,images/652f4873689a83ee01585c4938c72d4a193e6e67f382c1b5d8125a8f03de2482.jpg
3b543cae8c95409432f44117c1dcc43eecb36f63bcf0330b84b76682264f1def,3b543cae8c95409432f44117c1dcc43eecb36f63bcf0330b84b76682264f1def,sara,batch_01_sara,targeted,saberzl/SID_Set,real,high,0.43913307785987854,0.2065463364124298,0.35432058572769165,0.43913307785987854,resnet50_imagenet1k_v2_layer4_fc_final_v1,images/3b543cae8c95409432f44117c1dcc43eecb36f63bcf0330b84b76682264f1def.jpg,images/3b543cae8c95409432f44117c1dcc43eecb36f63bcf0330b84b76682264f1def.jpg
6620796d29f788aee268e3f412385e011bb4d7bec735e6c93781555e38096743,6620796d29f788aee268e3f412385e011bb4d7bec735e6c93781555e38096743,sara,batch_01_sara,representative,RRDataset,real,low,0.3479505479335785,0.3479505479335785,0.34373629093170166,0.30831319093704224,resnet50_imagenet1k_v2_layer4_fc_final_v1,images/6620796d29f788aee268e3f412385e011bb4d7bec735e6c93781555e38096743.jpg,images/6620796d29f788aee268e3f412385e011bb4d7bec735e6c93781555e38096743.jpg
8e29ad1e2393f4eb11eec1c19582d449a9561d3c1088705f0b2ccd6b1d30a3ea,8e29ad1e2393f4eb11eec1c19582d449a9561d3c1088705f0b2ccd6b1d30a3ea,sara,batch_01_sara,representative,saberzl/SID_Set,fake,medium,0.8175531029701233,0.10703513026237488,0.8175531029701233,0.07541181892156601,resnet50_imagenet1k_v2_layer4_fc_final_v1,images/8e29ad1e2393f4eb11eec1c19582d449a9561d3c1088705f0b2ccd6b1d30a3ea.png,images/8e29ad1e2393f4eb11eec1c19582d449a9561d3c1088705f0b2ccd6b1d30a3ea.png
74593cb78a00ce9967848087379b601ec5ebf3498e47781f5991e9955dcba0a6,74593cb78a00ce9967848087379b601ec5ebf3498e47781f5991e9955dcba0a6,sara,batch_01_sara,representative,RRDataset,real,medium,0.6143032312393188,0.32271814346313477,0.6143032312393188,0.06297862529754639,resnet50_imagenet1k_v2_layer4_fc_final_v1,images/74593cb78a00ce9967848087379b601ec5ebf3498e47781f5991e9955dcba0a6.jpg,images/74593cb78a00ce9967848087379b601ec5ebf3498e47781f5991e9955dcba0a6.jpg
973157008815b3c13751cdf80f7bb22472768e77509c6b5a2a0b76279c405aca,973157008815b3c13751cdf80f7bb22472768e77509c6b5a2a0b76279c405aca,sara,batch_01_sara,representative,RRDataset,real,medium,0.7040560245513916,0.284829705953598,0.7040560245513916,0.011114305816590786,resnet50_imagenet1k_v2_layer4_fc_final_v1,images/973157008815b3c13751cdf80f7bb22472768e77509c6b5a2a0b76279c405aca.jpg,images/973157008815b3c13751cdf80f7bb22472768e77509c6b5a2a0b76279c405aca.jpg
c0aeaea780d08d61a1370a38183a9c2af20c75058e6953b56745cf7a81037cc9,c0aeaea780d08d61a1370a38183a9c2af20c75058e6953b56745cf7a81037cc9,sara,batch_01_sara,representative,saberzl/SID_Set,fake,medium,0.5935596227645874,0.22690728306770325,0.5935596227645874,0.17953307926654816,resnet50_imagenet1k_v2_layer4_fc_final_v1,images/c0aeaea780d08d61a1370a38183a9c2af20c75058e6953b56745cf7a81037cc9.png,images/c0aeaea780d08d61a1370a38183a9c2af20c75058e6953b56745cf7a81037cc9.png
07eeb2f407ebff2653f8e581286a656ede979cf97b8a0c4f1be689bc88e4756c,07eeb2f407ebff2653f8e581286a656ede979cf97b8a0c4f1be689bc88e4756c,sara,batch_01_sara,representative,RRDataset,fake,medium,0.899014949798584,0.008242735639214516,0.899014949798584,0.09274224936962128,resnet50_imagenet1k_v2_layer4_fc_final_v1,images/07eeb2f407ebff2653f8e581286a656ede979cf97b8a0c4f1be689bc88e4756c.png,images/07eeb2f407ebff2653f8e581286a656ede979cf97b8a0c4f1be689bc88e4756c.png
58ab4d486bd89081482e90d2066096316cfb9e9de5f5f80ab50662d972bb077f,58ab4d486bd89081482e90d2066096316cfb9e9de5f5f80ab50662d972bb077f,sara,batch_01_sara,targeted,RRDataset,fake,high,0.5829011797904968,0.04170660302042961,0.37539225816726685,0.5829011797904968,resnet50_imagenet1k_v2_layer4_fc_final_v1,images/58ab4d486bd89081482e90d2066096316cfb9e9de5f5f80ab50662d972bb077f.png,images/58ab4d486bd89081482e90d2066096316cfb9e9de5f5f80ab50662d972bb077f.png
a5b6c8bd13d00c43a992c0ae0b711b77baedbac11ffcf3f336e1e4cd83bf4c35,a5b6c8bd13d00c43a992c0ae0b711b77baedbac11ffcf3f336e1e4cd83bf4c35,sara,batch_01_sara,targeted,RRDataset,real,high,0.5256186127662659,0.015117313712835312,0.4592640697956085,0.5256186127662659,resnet50_imagenet1k_v2_layer4_fc_final_v1,images/a5b6c8bd13d00c43a992c0ae0b711b77baedbac11ffcf3f336e1e4cd83bf4c35.jpg,images/a5b6c8bd13d00c43a992c0ae0b711b77baedbac11ffcf3f336e1e4cd83bf4c35.jpg
7652f7d972c008a40b88c9a67fdd5bd0395863aa9bff14d81717a5a156b2f87a,7652f7d972c008a40b88c9a67fdd5bd0395863aa9bff14d81717a5a156b2f87a,sara,batch_01_sara,representative,saberzl/SID_Set,real,medium,0.99616539478302,0.003479200880974531,0.99616539478302,0.000355458672856912,resnet50_imagenet1k_v2_layer4_fc_final_v1,images/7652f7d972c008a40b88c9a67fdd5bd0395863aa9bff14d81717a5a156b2f87a.jpg,images/7652f7d972c008a40b88c9a67fdd5bd0395863aa9bff14d81717a5a156b2f87a.jpg
ec921c89e01f79f9421ef94647705ac0b0cb86e7da2e81e3d64032e9c0f17d7c,ec921c89e01f79f9421ef94647705ac0b0cb86e7da2e81e3d64032e9c0f17d7c,sara,batch_01_sara,targeted,saberzl/SID_Set,real,medium,0.38950875401496887,0.37332770228385925,0.38950875401496887,0.23716352880001068,resnet50_imagenet1k_v2_layer4_fc_final_v1,images/ec921c89e01f79f9421ef94647705ac0b0cb86e7da2e81e3d64032e9c0f17d7c.jpg,images/ec921c89e01f79f9421ef94647705ac0b0cb86e7da2e81e3d64032e9c0f17d7c.jpg
312fe8f53e69ddc14b7eeb707b15f62a616584013eea24046fed732d05d7dd6f,312fe8f53e69ddc14b7eeb707b15f62a616584013eea24046fed732d05d7dd6f,sara,batch_01_sara,representative,ComplexDataLab/OpenFake,real,medium,0.6471826434135437,0.35022586584091187,0.6471826434135437,0.002591510536149144,resnet50_imagenet1k_v2_layer4_fc_final_v1,images/312fe8f53e69ddc14b7eeb707b15f62a616584013eea24046fed732d05d7dd6f.jpg,images/312fe8f53e69ddc14b7eeb707b15f62a616584013eea24046fed732d05d7dd6f.jpg
f09e2bb89e213feb14919506fe2db5045a0d189e28b088388e27d37226eb46a7,f09e2bb89e213feb14919506fe2db5045a0d189e28b088388e27d37226eb46a7,sara,batch_01_sara,representative,RRDataset,fake,low,0.7815616726875305,0.7815616726875305,0.15128615498542786,0.06715217232704163,resnet50_imagenet1k_v2_layer4_fc_final_v1,images/f09e2bb89e213feb14919506fe2db5045a0d189e28b088388e27d37226eb46a7.png,images/f09e2bb89e213feb14919506fe2db5045a0d189e28b088388e27d37226eb46a7.png
3f4e9306a74e2ef9916b23060a3877f84708d3dab0f3dfa02d270e161834a0ba,3f4e9306a74e2ef9916b23060a3877f84708d3dab0f3dfa02d270e161834a0ba,sara,batch_01_sara,representative,saberzl/SID_Set,real,medium,0.8825949430465698,0.11271637678146362,0.8825949430465698,0.004688642453402281,resnet50_imagenet1k_v2_layer4_fc_final_v1,images/3f4e9306a74e2ef9916b23060a3877f84708d3dab0f3dfa02d270e161834a0ba.jpg,images/3f4e9306a74e2ef9916b23060a3877f84708d3dab0f3dfa02d270e161834a0ba.jpg
d4e41245720f221225591ce627dd9667b696cc9323269ee20deada9f22a9c22d,d4e41245720f221225591ce627dd9667b696cc9323269ee20deada9f22a9c22d,sara,batch_01_sara,targeted,RRDataset,real,medium,0.38263916969299316,0.3218000531196594,0.38263916969299316,0.29556071758270264,resnet50_imagenet1k_v2_layer4_fc_final_v1,images/d4e41245720f221225591ce627dd9667b696cc9323269ee20deada9f22a9c22d.jpg,images/d4e41245720f221225591ce627dd9667b696cc9323269ee20deada9f22a9c22d.jpg
9b0f71614aafcd4610d941170dbcca9be1b5cdfa3bc3fd0c5134b3d1ce52b9ff,9b0f71614aafcd4610d941170dbcca9be1b5cdfa3bc3fd0c5134b3d1ce52b9ff,sara,batch_01_sara,representative,saberzl/SID_Set,fake,low,0.7868067622184753,0.7868067622184753,0.21216914057731628,0.0010240675183013082,resnet50_imagenet1k_v2_layer4_fc_final_v1,images/9b0f71614aafcd4610d941170dbcca9be1b5cdfa3bc3fd0c5134b3d1ce52b9ff.png,images/9b0f71614aafcd4610d941170dbcca9be1b5cdfa3bc3fd0c5134b3d1ce52b9ff.png
fd0cf2235a87379dc09c54fc13840018085827926429ce571270fa510adc3261,fd0cf2235a87379dc09c54fc13840018085827926429ce571270fa510adc3261,sara,batch_01_sara,representative,ComplexDataLab/OpenFake,real,low,0.8201159834861755,0.8201159834861755,0.17578250169754028,0.004101598169654608,resnet50_imagenet1k_v2_layer4_fc_final_v1,images/fd0cf2235a87379dc09c54fc13840018085827926429ce571270fa510adc3261.jpg,images/fd0cf2235a87379dc09c54fc13840018085827926429ce571270fa510adc3261.jpg
4273c48a13b70f0adc5d682c7c5eb9c53f1a8070bf9811fd5a035fa95c4b162a,4273c48a13b70f0adc5d682c7c5eb9c53f1a8070bf9811fd5a035fa95c4b162a,sara,batch_01_sara,representative,saberzl/SID_Set,fake,medium,0.7566336989402771,0.24271324276924133,0.7566336989402771,0.0006530245300382376,resnet50_imagenet1k_v2_layer4_fc_final_v1,images/4273c48a13b70f0adc5d682c7c5eb9c53f1a8070bf9811fd5a035fa95c4b162a.png,images/4273c48a13b70f0adc5d682c7c5eb9c53f1a8070bf9811fd5a035fa95c4b162a.png
f8f7fe33cdb07e2859b1d28b5bec8a5e865ae54f193e9e75329a875166516bd9,f8f7fe33cdb07e2859b1d28b5bec8a5e865ae54f193e9e75329a875166516bd9,sara,batch_01_sara,targeted,saberzl/SID_Set,real,medium,0.4071252942085266,0.21077874302864075,0.4071252942085266,0.38209599256515503,resnet50_imagenet1k_v2_layer4_fc_final_v1,images/f8f7fe33cdb07e2859b1d28b5bec8a5e865ae54f193e9e75329a875166516bd9.jpg,images/f8f7fe33cdb07e2859b1d28b5bec8a5e865ae54f193e9e75329a875166516bd9.jpg
21aee744ba7ffaa3ac5a4d4f8a1c7d4b50fd19b45ffe0d0f15b527bc96f4209b,21aee744ba7ffaa3ac5a4d4f8a1c7d4b50fd19b45ffe0d0f15b527bc96f4209b,sara,batch_01_sara,representative,ComplexDataLab/OpenFake,real,medium,0.8509001731872559,0.10983949154615402,0.8509001731872559,0.03926032781600952,resnet50_imagenet1k_v2_layer4_fc_final_v1,images/21aee744ba7ffaa3ac5a4d4f8a1c7d4b50fd19b45ffe0d0f15b527bc96f4209b.jpg,images/21aee744ba7ffaa3ac5a4d4f8a1c7d4b50fd19b45ffe0d0f15b527bc96f4209b.jpg
2457330713fd03ba2d0c72c7c5cf58c050a4202d08e558879a50b903af5e34a0,2457330713fd03ba2d0c72c7c5cf58c050a4202d08e558879a50b903af5e34a0,sara,batch_01_sara,representative,saberzl/SID_Set,fake,medium,0.4572237730026245,0.2887669801712036,0.4572237730026245,0.25400930643081665,resnet50_imagenet1k_v2_layer4_fc_final_v1,images/2457330713fd03ba2d0c72c7c5cf58c050a4202d08e558879a50b903af5e34a0.png,images/2457330713fd03ba2d0c72c7c5cf58c050a4202d08e558879a50b903af5e34a0.png
8e471287b8396300676b51527ed46aaca17be49862515d8457b989e8ea91fc33,8e471287b8396300676b51527ed46aaca17be49862515d8457b989e8ea91fc33,sara,batch_01_sara,representative,saberzl/SID_Set,real,medium,0.9443139433860779,0.04368870332837105,0.9443139433860779,0.011997380293905735,resnet50_imagenet1k_v2_layer4_fc_final_v1,images/8e471287b8396300676b51527ed46aaca17be49862515d8457b989e8ea91fc33.jpg,images/8e471287b8396300676b51527ed46aaca17be49862515d8457b989e8ea91fc33.jpg
935927ac6d46933f1b10d425e54e4ac73960adafce2f2bc237f4d99ac02cae0d,935927ac6d46933f1b10d425e54e4ac73960adafce2f2bc237f4d99ac02cae0d,sara,batch_01_sara,representative,ComplexDataLab/OpenFake,fake,low,0.5178767442703247,0.5178767442703247,0.4812966287136078,0.0008266208460554481,resnet50_imagenet1k_v2_layer4_fc_final_v1,images/935927ac6d46933f1b10d425e54e4ac73960adafce2f2bc237f4d99ac02cae0d.webp,images/935927ac6d46933f1b10d425e54e4ac73960adafce2f2bc237f4d99ac02cae0d.webp
f70dcaf04040c3640f7568ee80be961f9a8fc6bd80f5935e0b55c9f6ab2d53c0,f70dcaf04040c3640f7568ee80be961f9a8fc6bd80f5935e0b55c9f6ab2d53c0,sara,batch_01_sara,targeted,ComplexDataLab/OpenFake,real,high,0.686490535736084,0.09825056046247482,0.2152588814496994,0.686490535736084,resnet50_imagenet1k_v2_layer4_fc_final_v1,images/f70dcaf04040c3640f7568ee80be961f9a8fc6bd80f5935e0b55c9f6ab2d53c0.jpg,images/f70dcaf04040c3640f7568ee80be961f9a8fc6bd80f5935e0b55c9f6ab2d53c0.jpg
560b112829fa68e9dc1aa1ea8df7792497b8d75da9a6d2fed6665c70c6180d49,560b112829fa68e9dc1aa1ea8df7792497b8d75da9a6d2fed6665c70c6180d49,sara,batch_01_sara,representative,ComplexDataLab/OpenFake,fake,medium,0.6649462580680847,0.03978622332215309,0.6649462580680847,0.2952675223350525,resnet50_imagenet1k_v2_layer4_fc_final_v1,images/560b112829fa68e9dc1aa1ea8df7792497b8d75da9a6d2fed6665c70c6180d49.png,images/560b112829fa68e9dc1aa1ea8df7792497b8d75da9a6d2fed6665c70c6180d49.png
d541e1808be7102aaf8b6e008d7bf4214d2671d5b22d4d37dfadd11f80606a8a,d541e1808be7102aaf8b6e008d7bf4214d2671d5b22d4d37dfadd11f80606a8a,sara,batch_01_sara,targeted,saberzl/SID_Set,real,high,0.39707744121551514,0.3134273290634155,0.2894952595233917,0.39707744121551514,resnet50_imagenet1k_v2_layer4_fc_final_v1,images/d541e1808be7102aaf8b6e008d7bf4214d2671d5b22d4d37dfadd11f80606a8a.jpg,images/d541e1808be7102aaf8b6e008d7bf4214d2671d5b22d4d37dfadd11f80606a8a.jpg
5cc1e37ea190936b40c7bb7b6fee4a1d1a9fd12cd7c17ec95fcb3647291ce07e,5cc1e37ea190936b40c7bb7b6fee4a1d1a9fd12cd7c17ec95fcb3647291ce07e,sara,batch_01_sara,representative,saberzl/SID_Set,real,medium,0.5552878975868225,0.4445551633834839,0.5552878975868225,0.00015686822007410228,resnet50_imagenet1k_v2_layer4_fc_final_v1,images/5cc1e37ea190936b40c7bb7b6fee4a1d1a9fd12cd7c17ec95fcb3647291ce07e.jpg,images/5cc1e37ea190936b40c7bb7b6fee4a1d1a9fd12cd7c17ec95fcb3647291ce07e.jpg
07e12ede05a01457fec05feecbad284bc870747af5501a9a998c13e138ea498a,07e12ede05a01457fec05feecbad284bc870747af5501a9a998c13e138ea498a,sara,batch_01_sara,representative,RRDataset,fake,medium,0.9159513115882874,0.04807339981198311,0.9159513115882874,0.03597528114914894,resnet50_imagenet1k_v2_layer4_fc_final_v1,images/07e12ede05a01457fec05feecbad284bc870747af5501a9a998c13e138ea498a.png,images/07e12ede05a01457fec05feecbad284bc870747af5501a9a998c13e138ea498a.png
312b5db959c1bcce5e6668324223f2e44e9dabb8ee0410c623c22c2749cab509,312b5db959c1bcce5e6668324223f2e44e9dabb8ee0410c623c22c2749cab509,sara,batch_01_sara,representative,saberzl/SID_Set,fake,low,0.5587188601493835,0.5587188601493835,0.34598851203918457,0.09529265016317368,resnet50_imagenet1k_v2_layer4_fc_final_v1,images/312b5db959c1bcce5e6668324223f2e44e9dabb8ee0410c623c22c2749cab509.png,images/312b5db959c1bcce5e6668324223f2e44e9dabb8ee0410c623c22c2749cab509.png
ddbb6e7eb3376cee6269c2ff595e1180502bbd8a714183cbc2e1c61571590f71,ddbb6e7eb3376cee6269c2ff595e1180502bbd8a714183cbc2e1c61571590f71,sara,batch_01_sara,representative,ComplexDataLab/OpenFake,fake,medium,0.924116849899292,0.04906077682971954,0.924116849899292,0.0268224086612463,resnet50_imagenet1k_v2_layer4_fc_final_v1,images/ddbb6e7eb3376cee6269c2ff595e1180502bbd8a714183cbc2e1c61571590f71.png,images/ddbb6e7eb3376cee6269c2ff595e1180502bbd8a714183cbc2e1c61571590f71.png
45a5da20d6760b8d81d046f8fb9c600283022760496f725aedc5cd84e1b74842,45a5da20d6760b8d81d046f8fb9c600283022760496f725aedc5cd84e1b74842,sara,batch_01_sara,representative,RRDataset,real,low,0.8068636655807495,0.8068636655807495,0.16753803193569183,0.025598354637622833,resnet50_imagenet1k_v2_layer4_fc_final_v1,images/45a5da20d6760b8d81d046f8fb9c600283022760496f725aedc5cd84e1b74842.jpg,images/45a5da20d6760b8d81d046f8fb9c600283022760496f725aedc5cd84e1b74842.jpg
3869871b4f3e9300f0de426692053d6190c0c8a5df269cc149b2a6e05bdb0b87,3869871b4f3e9300f0de426692053d6190c0c8a5df269cc149b2a6e05bdb0b87,sara,batch_01_sara,targeted,RRDataset,fake,high,0.7807726263999939,0.009886032901704311,0.209341362118721,0.7807726263999939,resnet50_imagenet1k_v2_layer4_fc_final_v1,images/3869871b4f3e9300f0de426692053d6190c0c8a5df269cc149b2a6e05bdb0b87.png,images/3869871b4f3e9300f0de426692053d6190c0c8a5df269cc149b2a6e05bdb0b87.png
06f827bf1da25a8736f1c07da9723ebcd1f1d6023efb7f4cbe14950c78fe58b2,06f827bf1da25a8736f1c07da9723ebcd1f1d6023efb7f4cbe14950c78fe58b2,sara,batch_01_sara,representative,saberzl/SID_Set,fake,low,0.6437884569168091,0.6437884569168091,0.29601991176605225,0.06019159033894539,resnet50_imagenet1k_v2_layer4_fc_final_v1,images/06f827bf1da25a8736f1c07da9723ebcd1f1d6023efb7f4cbe14950c78fe58b2.png,images/06f827bf1da25a8736f1c07da9723ebcd1f1d6023efb7f4cbe14950c78fe58b2.png
5243921af7a23309ed6755a7a6ee896f7a01659292b3828c40e804dd46d04bd9,5243921af7a23309ed6755a7a6ee896f7a01659292b3828c40e804dd46d04bd9,sara,batch_01_sara,targeted,RRDataset,fake,high,0.8535438776016235,0.003725561546161771,0.14273051917552948,0.8535438776016235,resnet50_imagenet1k_v2_layer4_fc_final_v1,images/5243921af7a23309ed6755a7a6ee896f7a01659292b3828c40e804dd46d04bd9.png,images/5243921af7a23309ed6755a7a6ee896f7a01659292b3828c40e804dd46d04bd9.png
14c3155a8eb37b344c101c2fb306ef4054ac1266510b7391b18f4483f8bae30b,14c3155a8eb37b344c101c2fb306ef4054ac1266510b7391b18f4483f8bae30b,sara,batch_01_sara,representative,RRDataset,fake,medium,0.9767141342163086,0.006661068648099899,0.9767141342163086,0.01662479154765606,resnet50_imagenet1k_v2_layer4_fc_final_v1,images/14c3155a8eb37b344c101c2fb306ef4054ac1266510b7391b18f4483f8bae30b.png,images/14c3155a8eb37b344c101c2fb306ef4054ac1266510b7391b18f4483f8bae30b.png
7362e9f1dec9ae41539098fea1de699640c43b6c212af62bafc1a9082cf13fed,7362e9f1dec9ae41539098fea1de699640c43b6c212af62bafc1a9082cf13fed,sara,batch_01_sara,targeted,RRDataset,fake,high,0.761435866355896,0.02979312278330326,0.2087709754705429,0.761435866355896,resnet50_imagenet1k_v2_layer4_fc_final_v1,images/7362e9f1dec9ae41539098fea1de699640c43b6c212af62bafc1a9082cf13fed.png,images/7362e9f1dec9ae41539098fea1de699640c43b6c212af62bafc1a9082cf13fed.png
7f551c77d784ee7c318cab56b28ef53653398c148af984d5455a66daa988e2f2,7f551c77d784ee7c318cab56b28ef53653398c148af984d5455a66daa988e2f2,sara,batch_01_sara,representative,saberzl/SID_Set,fake,medium,0.7183219194412231,0.2000250369310379,0.7183219194412231,0.08165302872657776,resnet50_imagenet1k_v2_layer4_fc_final_v1,images/7f551c77d784ee7c318cab56b28ef53653398c148af984d5455a66daa988e2f2.png,images/7f551c77d784ee7c318cab56b28ef53653398c148af984d5455a66daa988e2f2.png
f5ef525db5eb7fdbe6fadd13b4292b573b1a27dabc92730cb8cb32c9d6d2111d,f5ef525db5eb7fdbe6fadd13b4292b573b1a27dabc92730cb8cb32c9d6d2111d,sara,batch_01_sara,targeted,RRDataset,fake,high,0.9614419341087341,0.01730106957256794,0.021257057785987854,0.9614419341087341,resnet50_imagenet1k_v2_layer4_fc_final_v1,images/f5ef525db5eb7fdbe6fadd13b4292b573b1a27dabc92730cb8cb32c9d6d2111d.png,images/f5ef525db5eb7fdbe6fadd13b4292b573b1a27dabc92730cb8cb32c9d6d2111d.png
6e329c7f99c629d0b4d86effd47782aa9f1f2d9a554650050f4f8c968a4217e6,6e329c7f99c629d0b4d86effd47782aa9f1f2d9a554650050f4f8c968a4217e6,sara,batch_01_sara,representative,ComplexDataLab/OpenFake,real,medium,0.8343724012374878,0.1507594883441925,0.8343724012374878,0.014868104830384254,resnet50_imagenet1k_v2_layer4_fc_final_v1,images/6e329c7f99c629d0b4d86effd47782aa9f1f2d9a554650050f4f8c968a4217e6.jpg,images/6e329c7f99c629d0b4d86effd47782aa9f1f2d9a554650050f4f8c968a4217e6.jpg
cf774f3804a5ef30574080d2efacf759e812456849a483229fe5357d0048b1d4,cf774f3804a5ef30574080d2efacf759e812456849a483229fe5357d0048b1d4,sara,batch_01_sara,representative,RRDataset,real,medium,0.5004816055297852,0.49634167551994324,0.5004816055297852,0.0031767310574650764,resnet50_imagenet1k_v2_layer4_fc_final_v1,images/cf774f3804a5ef30574080d2efacf759e812456849a483229fe5357d0048b1d4.jpg,images/cf774f3804a5ef30574080d2efacf759e812456849a483229fe5357d0048b1d4.jpg
02b4ff836d7f3edf0e68eaaa2a045baec77cbb402246f9baff14194db49fdde7,02b4ff836d7f3edf0e68eaaa2a045baec77cbb402246f9baff14194db49fdde7,sara,batch_01_sara,representative,ComplexDataLab/OpenFake,real,medium,0.9125097393989563,0.06616048514842987,0.9125097393989563,0.021329812705516815,resnet50_imagenet1k_v2_layer4_fc_final_v1,images/02b4ff836d7f3edf0e68eaaa2a045baec77cbb402246f9baff14194db49fdde7.jpg,images/02b4ff836d7f3edf0e68eaaa2a045baec77cbb402246f9baff14194db49fdde7.jpg
c3f8209a71f2a5a7632d98cfe19bd27f5315cee4e0f182eb28e33cd439460aa5,c3f8209a71f2a5a7632d98cfe19bd27f5315cee4e0f182eb28e33cd439460aa5,sara,batch_01_sara,targeted,saberzl/SID_Set,real,high,0.5154968500137329,0.05059201642870903,0.4339110851287842,0.5154968500137329,resnet50_imagenet1k_v2_layer4_fc_final_v1,images/c3f8209a71f2a5a7632d98cfe19bd27f5315cee4e0f182eb28e33cd439460aa5.jpg,images/c3f8209a71f2a5a7632d98cfe19bd27f5315cee4e0f182eb28e33cd439460aa5.jpg
bf41dcc472b4f69f666fe4491d71469084f925479b9d3d304bd03a793b17e624,bf41dcc472b4f69f666fe4491d71469084f925479b9d3d304bd03a793b17e624,sara,batch_01_sara,targeted,RRDataset,fake,high,0.5310196280479431,0.18718643486499786,0.2817939817905426,0.5310196280479431,resnet50_imagenet1k_v2_layer4_fc_final_v1,images/bf41dcc472b4f69f666fe4491d71469084f925479b9d3d304bd03a793b17e624.png,images/bf41dcc472b4f69f666fe4491d71469084f925479b9d3d304bd03a793b17e624.png
42e94a5523885583256316c9ab6fdaef36c161d0cc666ead6d35099879487579,42e94a5523885583256316c9ab6fdaef36c161d0cc666ead6d35099879487579,sara,batch_01_sara,targeted,RRDataset,fake,high,0.8622488975524902,0.012678274884819984,0.12507283687591553,0.8622488975524902,resnet50_imagenet1k_v2_layer4_fc_final_v1,images/42e94a5523885583256316c9ab6fdaef36c161d0cc666ead6d35099879487579.png,images/42e94a5523885583256316c9ab6fdaef36c161d0cc666ead6d35099879487579.png
5328cff8b13f2a2c8a169ae22539f709c129d85c5af17469467bc786d54f4593,5328cff8b13f2a2c8a169ae22539f709c129d85c5af17469467bc786d54f4593,sara,batch_01_sara,representative,RRDataset,fake,medium,0.5151998400688171,0.2516120970249176,0.5151998400688171,0.23318806290626526,resnet50_imagenet1k_v2_layer4_fc_final_v1,images/5328cff8b13f2a2c8a169ae22539f709c129d85c5af17469467bc786d54f4593.png,images/5328cff8b13f2a2c8a169ae22539f709c129d85c5af17469467bc786d54f4593.png
f3a64c0c2315add4df76498b73a7baa811211e18adb61de2abf6ae07c404f22e,f3a64c0c2315add4df76498b73a7baa811211e18adb61de2abf6ae07c404f22e,sara,batch_01_sara,targeted,RRDataset,fake,high,0.7099217176437378,0.07926524430513382,0.2108130306005478,0.7099217176437378,resnet50_imagenet1k_v2_layer4_fc_final_v1,images/f3a64c0c2315add4df76498b73a7baa811211e18adb61de2abf6ae07c404f22e.png,images/f3a64c0c2315add4df76498b73a7baa811211e18adb61de2abf6ae07c404f22e.png
ad16d1aceb56b59eb531fde31690cb96925d93ef91243cc019230ef1b4d69d67,ad16d1aceb56b59eb531fde31690cb96925d93ef91243cc019230ef1b4d69d67,sara,batch_01_sara,targeted,RRDataset,fake,high,0.7972300052642822,0.13033846020698547,0.07243160903453827,0.7972300052642822,resnet50_imagenet1k_v2_layer4_fc_final_v1,images/ad16d1aceb56b59eb531fde31690cb96925d93ef91243cc019230ef1b4d69d67.png,images/ad16d1aceb56b59eb531fde31690cb96925d93ef91243cc019230ef1b4d69d67.png
061cfae20dd48e05b75e569295942b30572ab19ae9a170d79851d92368926b30,061cfae20dd48e05b75e569295942b30572ab19ae9a170d79851d92368926b30,sara,batch_01_sara,representative,RRDataset,fake,low,0.6475294232368469,0.6475294232368469,0.24532730877399445,0.10714330524206161,resnet50_imagenet1k_v2_layer4_fc_final_v1,images/061cfae20dd48e05b75e569295942b30572ab19ae9a170d79851d92368926b30.png,images/061cfae20dd48e05b75e569295942b30572ab19ae9a170d79851d92368926b30.png
b36405f5b003015e0e77730044c8d9c045d185f38f664074b8a49c0e7c8572d4,b36405f5b003015e0e77730044c8d9c045d185f38f664074b8a49c0e7c8572d4,sara,batch_01_sara,representative,ComplexDataLab/OpenFake,real,low,0.9090294241905212,0.9090294241905212,0.09060991555452347,0.00036065513268113136,resnet50_imagenet1k_v2_layer4_fc_final_v1,images/b36405f5b003015e0e77730044c8d9c045d185f38f664074b8a49c0e7c8572d4.jpg,images/b36405f5b003015e0e77730044c8d9c045d185f38f664074b8a49c0e7c8572d4.jpg
06e0c0d0a0607c6f63e7b6c769905f01b4822f070478dffc96f1b50af5273953,06e0c0d0a0607c6f63e7b6c769905f01b4822f070478dffc96f1b50af5273953,sara,batch_01_sara,representative,saberzl/SID_Set,real,low,0.5766680836677551,0.5766680836677551,0.2790299952030182,0.1443018615245819,resnet50_imagenet1k_v2_layer4_fc_final_v1,images/06e0c0d0a0607c6f63e7b6c769905f01b4822f070478dffc96f1b50af5273953.jpg,images/06e0c0d0a0607c6f63e7b6c769905f01b4822f070478dffc96f1b50af5273953.jpg
9705162c44a6c91e6cd3cd4731b33c5407c384817d35c2abdc3b31d8397fe059,9705162c44a6c91e6cd3cd4731b33c5407c384817d35c2abdc3b31d8397fe059,sara,batch_01_sara,representative,ComplexDataLab/OpenFake,real,medium,0.9439501166343689,0.019540119916200638,0.9439501166343689,0.03650979697704315,resnet50_imagenet1k_v2_layer4_fc_final_v1,images/9705162c44a6c91e6cd3cd4731b33c5407c384817d35c2abdc3b31d8397fe059.jpg,images/9705162c44a6c91e6cd3cd4731b33c5407c384817d35c2abdc3b31d8397fe059.jpg
23b6fd5b96ea00ed7aa0d460ce7a12649b3020b1fc137200ce78353de630fa6e,23b6fd5b96ea00ed7aa0d460ce7a12649b3020b1fc137200ce78353de630fa6e,sara,batch_01_sara,targeted,RRDataset,fake,medium,0.399263471364975,0.2567594349384308,0.399263471364975,0.34397706389427185,resnet50_imagenet1k_v2_layer4_fc_final_v1,images/23b6fd5b96ea00ed7aa0d460ce7a12649b3020b1fc137200ce78353de630fa6e.png,images/23b6fd5b96ea00ed7aa0d460ce7a12649b3020b1fc137200ce78353de630fa6e.png
42cd2a96d784190526146334d1c1e5b3993915cc8064529fe7275af9876d0361,42cd2a96d784190526146334d1c1e5b3993915cc8064529fe7275af9876d0361,sara,batch_01_sara,targeted,ComplexDataLab/OpenFake,real,low,0.37955552339553833,0.37955552339553833,0.3388004004955292,0.2816440463066101,resnet50_imagenet1k_v2_layer4_fc_final_v1,images/42cd2a96d784190526146334d1c1e5b3993915cc8064529fe7275af9876d0361.jpg,images/42cd2a96d784190526146334d1c1e5b3993915cc8064529fe7275af9876d0361.jpg
bdf6bc960890c6f28c0bd3b42928ff08c7f1224bc3f41a5b0904840752270915,bdf6bc960890c6f28c0bd3b42928ff08c7f1224bc3f41a5b0904840752270915,sara,batch_01_sara,representative,RRDataset,real,low,0.5353342890739441,0.5353342890739441,0.15720562636852264,0.30746009945869446,resnet50_imagenet1k_v2_layer4_fc_final_v1,images/bdf6bc960890c6f28c0bd3b42928ff08c7f1224bc3f41a5b0904840752270915.jpg,images/bdf6bc960890c6f28c0bd3b42928ff08c7f1224bc3f41a5b0904840752270915.jpg
adf70639c140b6e8fc7773e00d3bad84071a38d2e59b918672c34cb8f982d449,adf70639c140b6e8fc7773e00d3bad84071a38d2e59b918672c34cb8f982d449,sara,batch_01_sara,representative,ComplexDataLab/OpenFake,fake,medium,0.6177388429641724,0.37973377108573914,0.6177388429641724,0.002527375938370824,resnet50_imagenet1k_v2_layer4_fc_final_v1,images/adf70639c140b6e8fc7773e00d3bad84071a38d2e59b918672c34cb8f982d449.png,images/adf70639c140b6e8fc7773e00d3bad84071a38d2e59b918672c34cb8f982d449.png
da8831ffc37c78b3115ebe1097314420b46815f932d32cf909fbc50de11d4926,da8831ffc37c78b3115ebe1097314420b46815f932d32cf909fbc50de11d4926,sara,batch_01_sara,targeted,RRDataset,fake,high,0.6597091555595398,0.1470276415348053,0.1932632476091385,0.6597091555595398,resnet50_imagenet1k_v2_layer4_fc_final_v1,images/da8831ffc37c78b3115ebe1097314420b46815f932d32cf909fbc50de11d4926.png,images/da8831ffc37c78b3115ebe1097314420b46815f932d32cf909fbc50de11d4926.png
204e2917f387ef3b3953f2993ad6e95a032eed89f66f267e2b209e3734446ace,204e2917f387ef3b3953f2993ad6e95a032eed89f66f267e2b209e3734446ace,sara,batch_01_sara,targeted,ComplexDataLab/OpenFake,fake,medium,0.5094290971755981,0.48217734694480896,0.5094290971755981,0.008393591269850731,resnet50_imagenet1k_v2_layer4_fc_final_v1,images/204e2917f387ef3b3953f2993ad6e95a032eed89f66f267e2b209e3734446ace.png,images/204e2917f387ef3b3953f2993ad6e95a032eed89f66f267e2b209e3734446ace.png
9258cee1a3bd3ef4382c5ab7b15eba9843502beef8be5a519f431fe93a5c5c41,9258cee1a3bd3ef4382c5ab7b15eba9843502beef8be5a519f431fe93a5c5c41,sara,batch_01_sara,representative,RRDataset,real,medium,0.5846484303474426,0.22617997229099274,0.5846484303474426,0.18917155265808105,resnet50_imagenet1k_v2_layer4_fc_final_v1,images/9258cee1a3bd3ef4382c5ab7b15eba9843502beef8be5a519f431fe93a5c5c41.jpg,images/9258cee1a3bd3ef4382c5ab7b15eba9843502beef8be5a519f431fe93a5c5c41.jpg
05ac0359d577325e72e93d1f7de77d76d58aec86402d792f8274648287ef037a,05ac0359d577325e72e93d1f7de77d76d58aec86402d792f8274648287ef037a,sara,batch_01_sara,targeted,ComplexDataLab/OpenFake,fake,high,0.4010975956916809,0.22462086379528046,0.37428152561187744,0.4010975956916809,resnet50_imagenet1k_v2_layer4_fc_final_v1,images/05ac0359d577325e72e93d1f7de77d76d58aec86402d792f8274648287ef037a.png,images/05ac0359d577325e72e93d1f7de77d76d58aec86402d792f8274648287ef037a.png
419657173bd94a33db8cc1df617ee80f8e341d754bc774876e63875651b5abe3,419657173bd94a33db8cc1df617ee80f8e341d754bc774876e63875651b5abe3,sara,batch_01_sara,representative,RRDataset,real,medium,0.8564686179161072,0.12313959002494812,0.8564686179161072,0.02039182558655739,resnet50_imagenet1k_v2_layer4_fc_final_v1,images/419657173bd94a33db8cc1df617ee80f8e341d754bc774876e63875651b5abe3.jpg,images/419657173bd94a33db8cc1df617ee80f8e341d754bc774876e63875651b5abe3.jpg
b86638534a7cc70f637f51c5440f87b718c86457a0a0c01c6507196f2b75c77e,b86638534a7cc70f637f51c5440f87b718c86457a0a0c01c6507196f2b75c77e,sara,batch_01_sara,representative,ComplexDataLab/OpenFake,fake,low,0.6252058148384094,0.6252058148384094,0.37262076139450073,0.0021734137553721666,resnet50_imagenet1k_v2_layer4_fc_final_v1,images/b86638534a7cc70f637f51c5440f87b718c86457a0a0c01c6507196f2b75c77e.png,images/b86638534a7cc70f637f51c5440f87b718c86457a0a0c01c6507196f2b75c77e.png
4c940ae5a629c93c32344264cec793bc23f3f91d0358be0fc598416b63026507,4c940ae5a629c93c32344264cec793bc23f3f91d0358be0fc598416b63026507,sara,batch_01_sara,targeted,ComplexDataLab/OpenFake,fake,medium,0.39882874488830566,0.3291006088256836,0.39882874488830566,0.27207064628601074,resnet50_imagenet1k_v2_layer4_fc_final_v1,images/4c940ae5a629c93c32344264cec793bc23f3f91d0358be0fc598416b63026507.png,images/4c940ae5a629c93c32344264cec793bc23f3f91d0358be0fc598416b63026507.png
1290f01483406bc80be692f0fa10aeb1989c29e063c234f29095f39e208b7ca1,1290f01483406bc80be692f0fa10aeb1989c29e063c234f29095f39e208b7ca1,sara,batch_01_sara,targeted,RRDataset,fake,high,0.8369336128234863,0.018951136618852615,0.14411523938179016,0.8369336128234863,resnet50_imagenet1k_v2_layer4_fc_final_v1,images/1290f01483406bc80be692f0fa10aeb1989c29e063c234f29095f39e208b7ca1.png,images/1290f01483406bc80be692f0fa10aeb1989c29e063c234f29095f39e208b7ca1.png
e8aed9f118b84313b3312190ab6ff95e8e7f70101ca02f8404916424f3cce28a,e8aed9f118b84313b3312190ab6ff95e8e7f70101ca02f8404916424f3cce28a,sara,batch_01_sara,representative,saberzl/SID_Set,real,medium,0.8657224178314209,0.13314871490001678,0.8657224178314209,0.001128810690715909,resnet50_imagenet1k_v2_layer4_fc_final_v1,images/e8aed9f118b84313b3312190ab6ff95e8e7f70101ca02f8404916424f3cce28a.jpg,images/e8aed9f118b84313b3312190ab6ff95e8e7f70101ca02f8404916424f3cce28a.jpg
fcaac3b1e9d4bdcf359fafced9e92ddead0a5f6bf5baa11e05234ab840fa95b6,fcaac3b1e9d4bdcf359fafced9e92ddead0a5f6bf5baa11e05234ab840fa95b6,sara,batch_01_sara,targeted,ComplexDataLab/OpenFake,fake,medium,0.3994215428829193,0.2834157645702362,0.3994215428829193,0.3171626925468445,resnet50_imagenet1k_v2_layer4_fc_final_v1,images/fcaac3b1e9d4bdcf359fafced9e92ddead0a5f6bf5baa11e05234ab840fa95b6.png,images/fcaac3b1e9d4bdcf359fafced9e92ddead0a5f6bf5baa11e05234ab840fa95b6.png
f2ac198210301203cea5e801b77bf4f82ba4beafcc350244f536bd2f030397d8,f2ac198210301203cea5e801b77bf4f82ba4beafcc350244f536bd2f030397d8,sara,batch_01_sara,targeted,RRDataset,fake,high,0.6844921708106995,0.21743814647197723,0.09806975722312927,0.6844921708106995,resnet50_imagenet1k_v2_layer4_fc_final_v1,images/f2ac198210301203cea5e801b77bf4f82ba4beafcc350244f536bd2f030397d8.png,images/f2ac198210301203cea5e801b77bf4f82ba4beafcc350244f536bd2f030397d8.png
7515b6800b681eb21faccb88df3708211e39aa9668eb5cd3bc62cbad8064f1ac,7515b6800b681eb21faccb88df3708211e39aa9668eb5cd3bc62cbad8064f1ac,sara,batch_01_sara,targeted,saberzl/SID_Set,real,high,0.38279375433921814,0.236363485455513,0.38084277510643005,0.38279375433921814,resnet50_imagenet1k_v2_layer4_fc_final_v1,images/7515b6800b681eb21faccb88df3708211e39aa9668eb5cd3bc62cbad8064f1ac.jpg,images/7515b6800b681eb21faccb88df3708211e39aa9668eb5cd3bc62cbad8064f1ac.jpg
b0272bf1d4b0e492f288f0fa065d01ec249670a1b2ff87d7c9859c84d8751e4a,b0272bf1d4b0e492f288f0fa065d01ec249670a1b2ff87d7c9859c84d8751e4a,sara,batch_01_sara,representative,RRDataset,fake,medium,0.9895805716514587,0.0011711064726114273,0.9895805716514587,0.009248306974768639,resnet50_imagenet1k_v2_layer4_fc_final_v1,images/b0272bf1d4b0e492f288f0fa065d01ec249670a1b2ff87d7c9859c84d8751e4a.png,images/b0272bf1d4b0e492f288f0fa065d01ec249670a1b2ff87d7c9859c84d8751e4a.png
4d4cd2bb88de63931a32d0e6aba257d84effff01bf0112276975ca7207453252,4d4cd2bb88de63931a32d0e6aba257d84effff01bf0112276975ca7207453252,sara,batch_01_sara,targeted,saberzl/SID_Set,real,low,0.3609504997730255,0.3609504997730255,0.29319310188293457,0.34585633873939514,resnet50_imagenet1k_v2_layer4_fc_final_v1,images/4d4cd2bb88de63931a32d0e6aba257d84effff01bf0112276975ca7207453252.jpg,images/4d4cd2bb88de63931a32d0e6aba257d84effff01bf0112276975ca7207453252.jpg
bd2c64d2b71f34752e28190483d7b8d837d70d0d5dff5cac2b63b8a7dfb0fb94,bd2c64d2b71f34752e28190483d7b8d837d70d0d5dff5cac2b63b8a7dfb0fb94,sara,batch_01_sara,representative,RRDataset,real,medium,0.7058435082435608,0.29106149077415466,0.7058435082435608,0.003094982821494341,resnet50_imagenet1k_v2_layer4_fc_final_v1,images/bd2c64d2b71f34752e28190483d7b8d837d70d0d5dff5cac2b63b8a7dfb0fb94.jpg,images/bd2c64d2b71f34752e28190483d7b8d837d70d0d5dff5cac2b63b8a7dfb0fb94.jpg
2935e4b2a63b9fb1a71feb61b7bced75600389677263b098f383d7e91f166cef,2935e4b2a63b9fb1a71feb61b7bced75600389677263b098f383d7e91f166cef,sara,batch_01_sara,representative,RRDataset,fake,low,0.8861889839172363,0.8861889839172363,0.07553470879793167,0.03827625885605812,resnet50_imagenet1k_v2_layer4_fc_final_v1,images/2935e4b2a63b9fb1a71feb61b7bced75600389677263b098f383d7e91f166cef.png,images/2935e4b2a63b9fb1a71feb61b7bced75600389677263b098f383d7e91f166cef.png
e5b62dc872df9c7a5d27c6440bc2a15034e68de462fb8deb37186006a9177e9e,e5b62dc872df9c7a5d27c6440bc2a15034e68de462fb8deb37186006a9177e9e,sara,batch_01_sara,representative,saberzl/SID_Set,real,medium,0.628289520740509,0.19158153235912323,0.628289520740509,0.18012894690036774,resnet50_imagenet1k_v2_layer4_fc_final_v1,images/e5b62dc872df9c7a5d27c6440bc2a15034e68de462fb8deb37186006a9177e9e.jpg,images/e5b62dc872df9c7a5d27c6440bc2a15034e68de462fb8deb37186006a9177e9e.jpg
610bb04f5cc17bc394a8bd56ae5299c8351ef50a31762d1a12d3ed00834ec2a2,610bb04f5cc17bc394a8bd56ae5299c8351ef50a31762d1a12d3ed00834ec2a2,sara,batch_01_sara,representative,RRDataset,fake,medium,0.7639328241348267,0.19439777731895447,0.7639328241348267,0.04166940972208977,resnet50_imagenet1k_v2_layer4_fc_final_v1,images/610bb04f5cc17bc394a8bd56ae5299c8351ef50a31762d1a12d3ed00834ec2a2.png,images/610bb04f5cc17bc394a8bd56ae5299c8351ef50a31762d1a12d3ed00834ec2a2.png
3cb3229bb57dbb977069fd11116d86ba77df4808bd669afca0ce8855b35bfcc9,3cb3229bb57dbb977069fd11116d86ba77df4808bd669afca0ce8855b35bfcc9,sara,batch_01_sara,targeted,RRDataset,fake,high,0.45275911688804626,0.272140234708786,0.27510061860084534,0.45275911688804626,resnet50_imagenet1k_v2_layer4_fc_final_v1,images/3cb3229bb57dbb977069fd11116d86ba77df4808bd669afca0ce8855b35bfcc9.png,images/3cb3229bb57dbb977069fd11116d86ba77df4808bd669afca0ce8855b35bfcc9.png
5841c2218d94bc88674c21bad6a4d71d48bee771ec32a2f3cb04022a9ba3ed90,5841c2218d94bc88674c21bad6a4d71d48bee771ec32a2f3cb04022a9ba3ed90,sara,batch_01_sara,targeted,RRDataset,fake,high,0.8204078078269958,0.03977295383810997,0.13981929421424866,0.8204078078269958,resnet50_imagenet1k_v2_layer4_fc_final_v1,images/5841c2218d94bc88674c21bad6a4d71d48bee771ec32a2f3cb04022a9ba3ed90.png,images/5841c2218d94bc88674c21bad6a4d71d48bee771ec32a2f3cb04022a9ba3ed90.png
0a98527f49c1d40989de6eb1c8bcdb9b28e291a0f769e7b56f8e254670da7a4c,0a98527f49c1d40989de6eb1c8bcdb9b28e291a0f769e7b56f8e254670da7a4c,sara,batch_01_sara,representative,saberzl/SID_Set,fake,medium,0.5401729941368103,0.45847371220588684,0.5401729941368103,0.0013533345190808177,resnet50_imagenet1k_v2_layer4_fc_final_v1,images/0a98527f49c1d40989de6eb1c8bcdb9b28e291a0f769e7b56f8e254670da7a4c.png,images/0a98527f49c1d40989de6eb1c8bcdb9b28e291a0f769e7b56f8e254670da7a4c.png
ac335e2d5520d7d96bc4689dfc400d054642558e36aa49bfc8e1bcd27dc6646b,ac335e2d5520d7d96bc4689dfc400d054642558e36aa49bfc8e1bcd27dc6646b,sara,batch_01_sara,representative,saberzl/SID_Set,fake,medium,0.967228353023529,0.029517829418182373,0.967228353023529,0.0032538294326514006,resnet50_imagenet1k_v2_layer4_fc_final_v1,images/ac335e2d5520d7d96bc4689dfc400d054642558e36aa49bfc8e1bcd27dc6646b.png,images/ac335e2d5520d7d96bc4689dfc400d054642558e36aa49bfc8e1bcd27dc6646b.png
cc166fa01e3d9980098e56d745573893af8343d5e031df5e377e1bbe99201b8b,cc166fa01e3d9980098e56d745573893af8343d5e031df5e377e1bbe99201b8b,sara,batch_01_sara,representative,RRDataset,fake,high,0.8971717357635498,0.032302893698215485,0.07052536308765411,0.8971717357635498,resnet50_imagenet1k_v2_layer4_fc_final_v1,images/cc166fa01e3d9980098e56d745573893af8343d5e031df5e377e1bbe99201b8b.png,images/cc166fa01e3d9980098e56d745573893af8343d5e031df5e377e1bbe99201b8b.png
92176df0bbc457c1494bfd1291cf2bfe460afadfc0da9c7b968cd43c274e7c9e,92176df0bbc457c1494bfd1291cf2bfe460afadfc0da9c7b968cd43c274e7c9e,sara,batch_01_sara,targeted,RRDataset,fake,high,0.48045265674591064,0.10369855165481567,0.41584885120391846,0.48045265674591064,resnet50_imagenet1k_v2_layer4_fc_final_v1,images/92176df0bbc457c1494bfd1291cf2bfe460afadfc0da9c7b968cd43c274e7c9e.png,images/92176df0bbc457c1494bfd1291cf2bfe460afadfc0da9c7b968cd43c274e7c9e.png
3707eb2fe7ccf1868df8252ea22c35856cdbdc7b0a4c68c7a4000fbce73434e4,3707eb2fe7ccf1868df8252ea22c35856cdbdc7b0a4c68c7a4000fbce73434e4,sara,batch_01_sara,representative,saberzl/SID_Set,real,low,0.9353809952735901,0.9353809952735901,0.061552900820970535,0.003066032426431775,resnet50_imagenet1k_v2_layer4_fc_final_v1,images/3707eb2fe7ccf1868df8252ea22c35856cdbdc7b0a4c68c7a4000fbce73434e4.jpg,images/3707eb2fe7ccf1868df8252ea22c35856cdbdc7b0a4c68c7a4000fbce73434e4.jpg
1d223ba5c28ea1ff99c242bb1ff9ffb57707d9e2dca2516a819de97301b8c904,1d223ba5c28ea1ff99c242bb1ff9ffb57707d9e2dca2516a819de97301b8c904,sara,batch_01_sara,targeted,ComplexDataLab/OpenFake,fake,low,0.5075128674507141,0.5075128674507141,0.48449182510375977,0.0079953009262681,resnet50_imagenet1k_v2_layer4_fc_final_v1,images/1d223ba5c28ea1ff99c242bb1ff9ffb57707d9e2dca2516a819de97301b8c904.png,images/1d223ba5c28ea1ff99c242bb1ff9ffb57707d9e2dca2516a819de97301b8c904.png
dadef9aceefd232e46c0282f4e535f13dcf3880ecec87e1a67210d63a5ffaa0d,dadef9aceefd232e46c0282f4e535f13dcf3880ecec87e1a67210d63a5ffaa0d,sara,batch_01_sara,targeted,RRDataset,fake,high,0.8990307450294495,0.006452912464737892,0.09451639652252197,0.8990307450294495,resnet50_imagenet1k_v2_layer4_fc_final_v1,images/dadef9aceefd232e46c0282f4e535f13dcf3880ecec87e1a67210d63a5ffaa0d.png,images/dadef9aceefd232e46c0282f4e535f13dcf3880ecec87e1a67210d63a5ffaa0d.png
9f9188f23a7afebdcf16783a3d963c592186142924bb6e8ed04f12df362ef59b,9f9188f23a7afebdcf16783a3d963c592186142924bb6e8ed04f12df362ef59b,sara,batch_01_sara,targeted,saberzl/SID_Set,real,medium,0.35338345170021057,0.31037697196006775,0.35338345170021057,0.33623960614204407,resnet50_imagenet1k_v2_layer4_fc_final_v1,images/9f9188f23a7afebdcf16783a3d963c592186142924bb6e8ed04f12df362ef59b.jpg,images/9f9188f23a7afebdcf16783a3d963c592186142924bb6e8ed04f12df362ef59b.jpg
94d878bc780e521536f9a2b9067f3fc6bc53a4378d45c3f7217867fdf9aeebfe,94d878bc780e521536f9a2b9067f3fc6bc53a4378d45c3f7217867fdf9aeebfe,sara,batch_01_sara,representative,ComplexDataLab/OpenFake,fake,medium,0.9939568042755127,0.002892659045755863,0.9939568042755127,0.003150531090795994,resnet50_imagenet1k_v2_layer4_fc_final_v1,images/94d878bc780e521536f9a2b9067f3fc6bc53a4378d45c3f7217867fdf9aeebfe.png,images/94d878bc780e521536f9a2b9067f3fc6bc53a4378d45c3f7217867fdf9aeebfe.png
a1bf7dd9f82cc35738bdd0fdd9be62df693f0a851b1d80d7c20a63921670988b,a1bf7dd9f82cc35738bdd0fdd9be62df693f0a851b1d80d7c20a63921670988b,sara,batch_01_sara,representative,RRDataset,real,medium,0.6351467370986938,0.21444813907146454,0.6351467370986938,0.15040509402751923,resnet50_imagenet1k_v2_layer4_fc_final_v1,images/a1bf7dd9f82cc35738bdd0fdd9be62df693f0a851b1d80d7c20a63921670988b.jpg,images/a1bf7dd9f82cc35738bdd0fdd9be62df693f0a851b1d80d7c20a63921670988b.jpg
960de94de580411e43ffa4ad820e393180864543015b4aeda9d575a5090bd7ca,960de94de580411e43ffa4ad820e393180864543015b4aeda9d575a5090bd7ca,sara,batch_01_sara,representative,RRDataset,real,medium,0.8113967180252075,0.0883035734295845,0.8113967180252075,0.10029969364404678,resnet50_imagenet1k_v2_layer4_fc_final_v1,images/960de94de580411e43ffa4ad820e393180864543015b4aeda9d575a5090bd7ca.jpg,images/960de94de580411e43ffa4ad820e393180864543015b4aeda9d575a5090bd7ca.jpg
974f1f6568316db93a7beef9e0637621a5aa33aea4c710383d28c2e1e7c17544,974f1f6568316db93a7beef9e0637621a5aa33aea4c710383d28c2e1e7c17544,sara,batch_01_sara,targeted,saberzl/SID_Set,fake,low,0.3640499413013458,0.3640499413013458,0.3330528438091278,0.302897185087204,resnet50_imagenet1k_v2_layer4_fc_final_v1,images/974f1f6568316db93a7beef9e0637621a5aa33aea4c710383d28c2e1e7c17544.png,images/974f1f6568316db93a7beef9e0637621a5aa33aea4c710383d28c2e1e7c17544.png
ff31b93a087854ef123c312ea9f34f4cb3c681f680df5d0dc2698d9169625ebc,ff31b93a087854ef123c312ea9f34f4cb3c681f680df5d0dc2698d9169625ebc,sara,batch_01_sara,representative,ComplexDataLab/OpenFake,fake,medium,0.8764198422431946,0.026440294459462166,0.8764198422431946,0.09713982045650482,resnet50_imagenet1k_v2_layer4_fc_final_v1,images/ff31b93a087854ef123c312ea9f34f4cb3c681f680df5d0dc2698d9169625ebc.png,images/ff31b93a087854ef123c312ea9f34f4cb3c681f680df5d0dc2698d9169625ebc.png
ac27b5b1b6093fb6071de03ee0b2387c93478ebee03726373c9ecd668c30a9be,ac27b5b1b6093fb6071de03ee0b2387c93478ebee03726373c9ecd668c30a9be,sara,batch_01_sara,representative,RRDataset,fake,high,0.7964536547660828,0.08599086850881577,0.11755558103322983,0.7964536547660828,resnet50_imagenet1k_v2_layer4_fc_final_v1,images/ac27b5b1b6093fb6071de03ee0b2387c93478ebee03726373c9ecd668c30a9be.png,images/ac27b5b1b6093fb6071de03ee0b2387c93478ebee03726373c9ecd668c30a9be.png
02fc55f36e68646fcb41c0234e3cad56c7b3768529c45ea9242d05597f789ae6,02fc55f36e68646fcb41c0234e3cad56c7b3768529c45ea9242d05597f789ae6,sara,batch_01_sara,targeted,saberzl/SID_Set,real,medium,0.40434885025024414,0.24121350049972534,0.40434885025024414,0.3544377088546753,resnet50_imagenet1k_v2_layer4_fc_final_v1,images/02fc55f36e68646fcb41c0234e3cad56c7b3768529c45ea9242d05597f789ae6.jpg,images/02fc55f36e68646fcb41c0234e3cad56c7b3768529c45ea9242d05597f789ae6.jpg
b2ade3507df358993f3278c95ede5a31b740f730c952c1dc050b98204e6fd888,b2ade3507df358993f3278c95ede5a31b740f730c952c1dc050b98204e6fd888,sara,batch_01_sara,targeted,ComplexDataLab/OpenFake,fake,low,0.41615650057792664,0.41615650057792664,0.31646591424942017,0.2673775851726532,resnet50_imagenet1k_v2_layer4_fc_final_v1,images/b2ade3507df358993f3278c95ede5a31b740f730c952c1dc050b98204e6fd888.png,images/b2ade3507df358993f3278c95ede5a31b740f730c952c1dc050b98204e6fd888.png
d6369deca538be1f43b01e0a7ca07a5b2054075d75854215cb9ce9e7cd1160f1,d6369deca538be1f43b01e0a7ca07a5b2054075d75854215cb9ce9e7cd1160f1,sara,batch_01_sara,representative,RRDataset,fake,high,0.981631875038147,0.005082302261143923,0.013285849243402481,0.981631875038147,resnet50_imagenet1k_v2_layer4_fc_final_v1,images/d6369deca538be1f43b01e0a7ca07a5b2054075d75854215cb9ce9e7cd1160f1.png,images/d6369deca538be1f43b01e0a7ca07a5b2054075d75854215cb9ce9e7cd1160f1.png
bafce57435f4a88111d2a86496fd3ee89e842f0d72c0f7a827f005f5744a803e,bafce57435f4a88111d2a86496fd3ee89e842f0d72c0f7a827f005f5744a803e,sara,batch_01_sara,targeted,RRDataset,fake,medium,0.44057491421699524,0.4181821346282959,0.44057491421699524,0.14124290645122528,resnet50_imagenet1k_v2_layer4_fc_final_v1,images/bafce57435f4a88111d2a86496fd3ee89e842f0d72c0f7a827f005f5744a803e.png,images/bafce57435f4a88111d2a86496fd3ee89e842f0d72c0f7a827f005f5744a803e.png
d72ceae9d59fda5588c156669dbb5695ecb36ecc5f8dd768d6b97cc6a6c66337,d72ceae9d59fda5588c156669dbb5695ecb36ecc5f8dd768d6b97cc6a6c66337,sara,batch_01_sara,representative,ComplexDataLab/OpenFake,real,low,0.7153321504592896,0.7153321504592896,0.28370267152786255,0.0009651478030718863,resnet50_imagenet1k_v2_layer4_fc_final_v1,images/d72ceae9d59fda5588c156669dbb5695ecb36ecc5f8dd768d6b97cc6a6c66337.jpg,images/d72ceae9d59fda5588c156669dbb5695ecb36ecc5f8dd768d6b97cc6a6c66337.jpg
5e21147d8937ea41a69d815511a65e24ea75e727cf6108856e4437734e33855b,5e21147d8937ea41a69d815511a65e24ea75e727cf6108856e4437734e33855b,sara,batch_01_sara,representative,saberzl/SID_Set,real,medium,0.8989659547805786,0.009321602061390877,0.8989659547805786,0.09171250462532043,resnet50_imagenet1k_v2_layer4_fc_final_v1,images/5e21147d8937ea41a69d815511a65e24ea75e727cf6108856e4437734e33855b.jpg,images/5e21147d8937ea41a69d815511a65e24ea75e727cf6108856e4437734e33855b.jpg
e8dfe80b14382ae7e7413d167a3b3e88a9b1d050e0ad8879b01c5971d2fc6948,e8dfe80b14382ae7e7413d167a3b3e88a9b1d050e0ad8879b01c5971d2fc6948,sara,batch_01_sara,representative,ComplexDataLab/OpenFake,real,medium,0.6349329948425293,0.3629600703716278,0.6349329948425293,0.0021069508511573076,resnet50_imagenet1k_v2_layer4_fc_final_v1,images/e8dfe80b14382ae7e7413d167a3b3e88a9b1d050e0ad8879b01c5971d2fc6948.jpg,images/e8dfe80b14382ae7e7413d167a3b3e88a9b1d050e0ad8879b01c5971d2fc6948.jpg
270c5de8b1642e10e28105974382134caa9c631f7dce25554f24023dea8d8e6e,270c5de8b1642e10e28105974382134caa9c631f7dce25554f24023dea8d8e6e,sara,batch_01_sara,representative,saberzl/SID_Set,real,medium,0.557354748249054,0.3228837549686432,0.557354748249054,0.11976146697998047,resnet50_imagenet1k_v2_layer4_fc_final_v1,images/270c5de8b1642e10e28105974382134caa9c631f7dce25554f24023dea8d8e6e.jpg,images/270c5de8b1642e10e28105974382134caa9c631f7dce25554f24023dea8d8e6e.jpg
53aa723769acd47abdedfaab2d366f3620df3acf04f45eee7bb0dbef20e6908f,53aa723769acd47abdedfaab2d366f3620df3acf04f45eee7bb0dbef20e6908f,sara,batch_01_sara,targeted,RRDataset,fake,high,0.949997067451477,0.012767701409757137,0.03723520785570145,0.949997067451477,resnet50_imagenet1k_v2_layer4_fc_final_v1,images/53aa723769acd47abdedfaab2d366f3620df3acf04f45eee7bb0dbef20e6908f.png,images/53aa723769acd47abdedfaab2d366f3620df3acf04f45eee7bb0dbef20e6908f.png
921e48283bcf71ff99ae210451d3adf0b3babfbfa834ed4b00eff7f1e0a81bc1,921e48283bcf71ff99ae210451d3adf0b3babfbfa834ed4b00eff7f1e0a81bc1,sara,batch_01_sara,representative,RRDataset,real,low,0.7205763459205627,0.7205763459205627,0.2647477686405182,0.014675939455628395,resnet50_imagenet1k_v2_layer4_fc_final_v1,images/921e48283bcf71ff99ae210451d3adf0b3babfbfa834ed4b00eff7f1e0a81bc1.jpg,images/921e48283bcf71ff99ae210451d3adf0b3babfbfa834ed4b00eff7f1e0a81bc1.jpg
ddb040a68339753cd4e0e14f39cdac9b3f17cc689808de9cbd85f2899fe1a59e,ddb040a68339753cd4e0e14f39cdac9b3f17cc689808de9cbd85f2899fe1a59e,sara,batch_01_sara,targeted,RRDataset,fake,high,0.6273306608200073,0.03352408483624458,0.3391452431678772,0.6273306608200073,resnet50_imagenet1k_v2_layer4_fc_final_v1,images/ddb040a68339753cd4e0e14f39cdac9b3f17cc689808de9cbd85f2899fe1a59e.png,images/ddb040a68339753cd4e0e14f39cdac9b3f17cc689808de9cbd85f2899fe1a59e.png
c5b60bff36a159885d17f1a589a775763883b8f49126b88f5ad6ac86f6514565,c5b60bff36a159885d17f1a589a775763883b8f49126b88f5ad6ac86f6514565,sara,batch_01_sara,representative,ComplexDataLab/OpenFake,fake,medium,0.728081226348877,0.15729697048664093,0.728081226348877,0.1146218404173851,resnet50_imagenet1k_v2_layer4_fc_final_v1,images/c5b60bff36a159885d17f1a589a775763883b8f49126b88f5ad6ac86f6514565.png,images/c5b60bff36a159885d17f1a589a775763883b8f49126b88f5ad6ac86f6514565.png
34b45ef8ba1df2d07f8a6a517d2e9d169a6eaa0bf79a634f381162bf8c9f25c1,34b45ef8ba1df2d07f8a6a517d2e9d169a6eaa0bf79a634f381162bf8c9f25c1,sara,batch_01_sara,representative,saberzl/SID_Set,real,low,0.8573331832885742,0.8573331832885742,0.1378544718027115,0.004812350496649742,resnet50_imagenet1k_v2_layer4_fc_final_v1,images/34b45ef8ba1df2d07f8a6a517d2e9d169a6eaa0bf79a634f381162bf8c9f25c1.jpg,images/34b45ef8ba1df2d07f8a6a517d2e9d169a6eaa0bf79a634f381162bf8c9f25c1.jpg
870d84f389bded46362c3d4dd2a3cbfbddc0010063fbe5be04646810512dda79,870d84f389bded46362c3d4dd2a3cbfbddc0010063fbe5be04646810512dda79,sara,batch_01_sara,representative,ComplexDataLab/OpenFake,fake,medium,0.6489579081535339,0.3499758839607239,0.6489579081535339,0.0010662449058145285,resnet50_imagenet1k_v2_layer4_fc_final_v1,images/870d84f389bded46362c3d4dd2a3cbfbddc0010063fbe5be04646810512dda79.png,images/870d84f389bded46362c3d4dd2a3cbfbddc0010063fbe5be04646810512dda79.png
de8c9545e2bada94e2d31acbf9a964ad4a591d37da5d379e7a1a2b401714c5ec,de8c9545e2bada94e2d31acbf9a964ad4a591d37da5d379e7a1a2b401714c5ec,sara,batch_01_sara,representative,RRDataset,real,medium,0.9636521935462952,0.020960215479135513,0.9636521935462952,0.015387550927698612,resnet50_imagenet1k_v2_layer4_fc_final_v1,images/de8c9545e2bada94e2d31acbf9a964ad4a591d37da5d379e7a1a2b401714c5ec.jpg,images/de8c9545e2bada94e2d31acbf9a964ad4a591d37da5d379e7a1a2b401714c5ec.jpg
de8acfe3cbd87b8397b5cd7c53e49c65d1e570552d73591e65510b677d00f01a,de8acfe3cbd87b8397b5cd7c53e49c65d1e570552d73591e65510b677d00f01a,sara,batch_01_sara,representative,saberzl/SID_Set,real,low,0.45433732867240906,0.45433732867240906,0.3460032045841217,0.1996595412492752,resnet50_imagenet1k_v2_layer4_fc_final_v1,images/de8acfe3cbd87b8397b5cd7c53e49c65d1e570552d73591e65510b677d00f01a.jpg,images/de8acfe3cbd87b8397b5cd7c53e49c65d1e570552d73591e65510b677d00f01a.jpg
584d821442850c5df3d5e82804e809f57f2e615d817ebaef2e55f4dd9707e5c9,584d821442850c5df3d5e82804e809f57f2e615d817ebaef2e55f4dd9707e5c9,sara,batch_01_sara,targeted,RRDataset,fake,high,0.8468438386917114,0.028443487361073494,0.12471260130405426,0.8468438386917114,resnet50_imagenet1k_v2_layer4_fc_final_v1,images/584d821442850c5df3d5e82804e809f57f2e615d817ebaef2e55f4dd9707e5c9.png,images/584d821442850c5df3d5e82804e809f57f2e615d817ebaef2e55f4dd9707e5c9.png
ee67bd63bc93a14e48e92397bb8abf5f8409d60822e59935c2c134d22393a8f0,ee67bd63bc93a14e48e92397bb8abf5f8409d60822e59935c2c134d22393a8f0,sara,batch_01_sara,targeted,RRDataset,fake,high,0.7028295397758484,0.0623449981212616,0.23482543230056763,0.7028295397758484,resnet50_imagenet1k_v2_layer4_fc_final_v1,images/ee67bd63bc93a14e48e92397bb8abf5f8409d60822e59935c2c134d22393a8f0.png,images/ee67bd63bc93a14e48e92397bb8abf5f8409d60822e59935c2c134d22393a8f0.png
036f70333998ec27791d7595d9315bf278d7c55b7d96a6b0983b35960a9af1aa,036f70333998ec27791d7595d9315bf278d7c55b7d96a6b0983b35960a9af1aa,sara,batch_01_sara,representative,RRDataset,fake,medium,0.9688411951065063,0.020261479541659355,0.9688411951065063,0.01089734397828579,resnet50_imagenet1k_v2_layer4_fc_final_v1,images/036f70333998ec27791d7595d9315bf278d7c55b7d96a6b0983b35960a9af1aa.png,images/036f70333998ec27791d7595d9315bf278d7c55b7d96a6b0983b35960a9af1aa.png
4e5e796c28a3b22e3326b42503dbcc52dc2d8a059197ca0ce2d47ee38e3c4090,4e5e796c28a3b22e3326b42503dbcc52dc2d8a059197ca0ce2d47ee38e3c4090,sara,batch_01_sara,representative,ComplexDataLab/OpenFake,fake,medium,0.8623046875,0.06830655038356781,0.8623046875,0.06938870251178741,resnet50_imagenet1k_v2_layer4_fc_final_v1,images/4e5e796c28a3b22e3326b42503dbcc52dc2d8a059197ca0ce2d47ee38e3c4090.png,images/4e5e796c28a3b22e3326b42503dbcc52dc2d8a059197ca0ce2d47ee38e3c4090.png
9fdc9907db7a1ee239cf8c1e8fd1db6dbc4fee908398eb7dd9de000c753c37f1,9fdc9907db7a1ee239cf8c1e8fd1db6dbc4fee908398eb7dd9de000c753c37f1,sara,batch_01_sara,representative,saberzl/SID_Set,real,low,0.576294481754303,0.576294481754303,0.31569305062294006,0.10801250487565994,resnet50_imagenet1k_v2_layer4_fc_final_v1,images/9fdc9907db7a1ee239cf8c1e8fd1db6dbc4fee908398eb7dd9de000c753c37f1.jpg,images/9fdc9907db7a1ee239cf8c1e8fd1db6dbc4fee908398eb7dd9de000c753c37f1.jpg
fc41d233bafefb8846e305b3400d203d8492b59bd629e7eb46eebca02e63c756,fc41d233bafefb8846e305b3400d203d8492b59bd629e7eb46eebca02e63c756,sara,batch_01_sara,representative,saberzl/SID_Set,real,low,0.8330659866333008,0.8330659866333008,0.16367311775684357,0.003260951954871416,resnet50_imagenet1k_v2_layer4_fc_final_v1,images/fc41d233bafefb8846e305b3400d203d8492b59bd629e7eb46eebca02e63c756.jpg,images/fc41d233bafefb8846e305b3400d203d8492b59bd629e7eb46eebca02e63c756.jpg
d9694f5fbec4eb4fd65ce37c74986ef3ec1721954e551a4d1142f18b2a628dc6,d9694f5fbec4eb4fd65ce37c74986ef3ec1721954e551a4d1142f18b2a628dc6,sara,batch_01_sara,representative,ComplexDataLab/OpenFake,real,medium,0.9664484262466431,0.03221217915415764,0.9664484262466431,0.0013394319685176015,resnet50_imagenet1k_v2_layer4_fc_final_v1,images/d9694f5fbec4eb4fd65ce37c74986ef3ec1721954e551a4d1142f18b2a628dc6.jpg,images/d9694f5fbec4eb4fd65ce37c74986ef3ec1721954e551a4d1142f18b2a628dc6.jpg
52795be0b32de643a566d426c7857bae6a5be58f88cd9f30c4a05b4a6808fc9c,52795be0b32de643a566d426c7857bae6a5be58f88cd9f30c4a05b4a6808fc9c,sara,batch_01_sara,targeted,saberzl/SID_Set,real,high,0.754569411277771,0.12293988466262817,0.12249071896076202,0.754569411277771,resnet50_imagenet1k_v2_layer4_fc_final_v1,images/52795be0b32de643a566d426c7857bae6a5be58f88cd9f30c4a05b4a6808fc9c.jpg,images/52795be0b32de643a566d426c7857bae6a5be58f88cd9f30c4a05b4a6808fc9c.jpg
964307d54d096f8ad4f3bbdf5aa3a2c8d3e461918ffd289b5219c90c955d8772,964307d54d096f8ad4f3bbdf5aa3a2c8d3e461918ffd289b5219c90c955d8772,sara,batch_01_sara,representative,saberzl/SID_Set,fake,low,0.6129426956176758,0.6129426956176758,0.3000425696372986,0.08701477199792862,resnet50_imagenet1k_v2_layer4_fc_final_v1,images/964307d54d096f8ad4f3bbdf5aa3a2c8d3e461918ffd289b5219c90c955d8772.png,images/964307d54d096f8ad4f3bbdf5aa3a2c8d3e461918ffd289b5219c90c955d8772.png
a6f8644b2e1f40fa19e77571907627e6adab01ecfd2cfd729dbb96d7ec9e2457,a6f8644b2e1f40fa19e77571907627e6adab01ecfd2cfd729dbb96d7ec9e2457,sara,batch_01_sara,representative,ComplexDataLab/OpenFake,real,low,0.5225634574890137,0.5225634574890137,0.43919116258621216,0.03824532404541969,resnet50_imagenet1k_v2_layer4_fc_final_v1,images/a6f8644b2e1f40fa19e77571907627e6adab01ecfd2cfd729dbb96d7ec9e2457.jpg,images/a6f8644b2e1f40fa19e77571907627e6adab01ecfd2cfd729dbb96d7ec9e2457.jpg
48384cc5d7aa2f5dc39dd96e326d283bea6c1e2f525faa4b072800a7efb467e3,48384cc5d7aa2f5dc39dd96e326d283bea6c1e2f525faa4b072800a7efb467e3,sara,batch_01_sara,representative,ComplexDataLab/OpenFake,fake,low,0.6059916019439697,0.6059916019439697,0.3934778571128845,0.000530550314579159,resnet50_imagenet1k_v2_layer4_fc_final_v1,images/48384cc5d7aa2f5dc39dd96e326d283bea6c1e2f525faa4b072800a7efb467e3.webp,images/48384cc5d7aa2f5dc39dd96e326d283bea6c1e2f525faa4b072800a7efb467e3.webp
f7c94ca070c5b725db3269e1960a6eae9b979fe7d05ec0176116ac0ee152a5d5,f7c94ca070c5b725db3269e1960a6eae9b979fe7d05ec0176116ac0ee152a5d5,sara,batch_01_sara,targeted,RRDataset,fake,high,0.7612791657447815,0.09768640249967575,0.14103439450263977,0.7612791657447815,resnet50_imagenet1k_v2_layer4_fc_final_v1,images/f7c94ca070c5b725db3269e1960a6eae9b979fe7d05ec0176116ac0ee152a5d5.png,images/f7c94ca070c5b725db3269e1960a6eae9b979fe7d05ec0176116ac0ee152a5d5.png
c5b00e14eb9bd2e8d1107f945298e17d4913731800fbdba1e3d29e890ce37af0,c5b00e14eb9bd2e8d1107f945298e17d4913731800fbdba1e3d29e890ce37af0,sara,batch_01_sara,representative,saberzl/SID_Set,fake,low,0.8345751166343689,0.8345751166343689,0.15441134572029114,0.01101352833211422,resnet50_imagenet1k_v2_layer4_fc_final_v1,images/c5b00e14eb9bd2e8d1107f945298e17d4913731800fbdba1e3d29e890ce37af0.png,images/c5b00e14eb9bd2e8d1107f945298e17d4913731800fbdba1e3d29e890ce37af0.png
61f3d0ee0f0a347146006c71f380deb2a92fdbf3028176338dfb2c8c42db839d,61f3d0ee0f0a347146006c71f380deb2a92fdbf3028176338dfb2c8c42db839d,sara,batch_01_sara,representative,saberzl/SID_Set,fake,medium,0.580394446849823,0.15386463701725006,0.580394446849823,0.26574093103408813,resnet50_imagenet1k_v2_layer4_fc_final_v1,images/61f3d0ee0f0a347146006c71f380deb2a92fdbf3028176338dfb2c8c42db839d.png,images/61f3d0ee0f0a347146006c71f380deb2a92fdbf3028176338dfb2c8c42db839d.png
dfd60377be7ab73a367161530b4f68ecbe458f5c0dbb3d43c2f94bf66449e4b5,dfd60377be7ab73a367161530b4f68ecbe458f5c0dbb3d43c2f94bf66449e4b5,sara,batch_01_sara,targeted,RRDataset,fake,low,0.4624261260032654,0.4624261260032654,0.4583278000354767,0.07924602180719376,resnet50_imagenet1k_v2_layer4_fc_final_v1,images/dfd60377be7ab73a367161530b4f68ecbe458f5c0dbb3d43c2f94bf66449e4b5.png,images/dfd60377be7ab73a367161530b4f68ecbe458f5c0dbb3d43c2f94bf66449e4b5.png
98f8fc479ec627a43d0f2321474995d50f04cbefa2007e93ffb22e072c6e7bb9,98f8fc479ec627a43d0f2321474995d50f04cbefa2007e93ffb22e072c6e7bb9,sara,batch_01_sara,representative,ComplexDataLab/OpenFake,fake,low,0.8560805320739746,0.8560805320739746,0.12752439081668854,0.016395045444369316,resnet50_imagenet1k_v2_layer4_fc_final_v1,images/98f8fc479ec627a43d0f2321474995d50f04cbefa2007e93ffb22e072c6e7bb9.png,images/98f8fc479ec627a43d0f2321474995d50f04cbefa2007e93ffb22e072c6e7bb9.png
f2de8b1fc1b98838cd7286c123bb5bf88c23be6253c6302a15858570d5279eca,f2de8b1fc1b98838cd7286c123bb5bf88c23be6253c6302a15858570d5279eca,sara,batch_01_sara,representative,saberzl/SID_Set,fake,low,0.5541590452194214,0.5541590452194214,0.4420221745967865,0.003818764816969633,resnet50_imagenet1k_v2_layer4_fc_final_v1,images/f2de8b1fc1b98838cd7286c123bb5bf88c23be6253c6302a15858570d5279eca.png,images/f2de8b1fc1b98838cd7286c123bb5bf88c23be6253c6302a15858570d5279eca.png
0e5ba798bf9da944aaa7d06a54b36814bec1223c41aa60e1716d5c1f4f148ed7,0e5ba798bf9da944aaa7d06a54b36814bec1223c41aa60e1716d5c1f4f148ed7,sara,batch_01_sara,targeted,saberzl/SID_Set,fake,high,0.47853758931159973,0.29212096333503723,0.22934135794639587,0.47853758931159973,resnet50_imagenet1k_v2_layer4_fc_final_v1,images/0e5ba798bf9da944aaa7d06a54b36814bec1223c41aa60e1716d5c1f4f148ed7.png,images/0e5ba798bf9da944aaa7d06a54b36814bec1223c41aa60e1716d5c1f4f148ed7.png
e814d5b553e88c77c7c429ed598c156d1f2b5a9f29ba81929c0d28d4471cca91,e814d5b553e88c77c7c429ed598c156d1f2b5a9f29ba81929c0d28d4471cca91,sara,batch_01_sara,representative,saberzl/SID_Set,real,medium,0.900661289691925,0.03128001466393471,0.900661289691925,0.06805865466594696,resnet50_imagenet1k_v2_layer4_fc_final_v1,images/e814d5b553e88c77c7c429ed598c156d1f2b5a9f29ba81929c0d28d4471cca91.jpg,images/e814d5b553e88c77c7c429ed598c156d1f2b5a9f29ba81929c0d28d4471cca91.jpg
61f909b06febecc48f4fe174c45f462125dc383bb777051fcf03639d4e9f7ac7,61f909b06febecc48f4fe174c45f462125dc383bb777051fcf03639d4e9f7ac7,sara,batch_01_sara,targeted,ComplexDataLab/OpenFake,fake,high,0.3617555797100067,0.29302477836608887,0.3452196419239044,0.3617555797100067,resnet50_imagenet1k_v2_layer4_fc_final_v1,images/61f909b06febecc48f4fe174c45f462125dc383bb777051fcf03639d4e9f7ac7.png,images/61f909b06febecc48f4fe174c45f462125dc383bb777051fcf03639d4e9f7ac7.png
fb8e0b788b1b682bb1982509e6cb0426b2c5ebbfdc0ef17cba01ad211e574a54,fb8e0b788b1b682bb1982509e6cb0426b2c5ebbfdc0ef17cba01ad211e574a54,sara,batch_01_sara,targeted,ComplexDataLab/OpenFake,real,medium,0.42005032300949097,0.3123187720775604,0.42005032300949097,0.267630934715271,resnet50_imagenet1k_v2_layer4_fc_final_v1,images/fb8e0b788b1b682bb1982509e6cb0426b2c5ebbfdc0ef17cba01ad211e574a54.jpg,images/fb8e0b788b1b682bb1982509e6cb0426b2c5ebbfdc0ef17cba01ad211e574a54.jpg
84811dced43edefaa56e7f98db9fe6ab7a3799a52afceec264f4e03b2a698b08,84811dced43edefaa56e7f98db9fe6ab7a3799a52afceec264f4e03b2a698b08,sara,batch_01_sara,targeted,ComplexDataLab/OpenFake,fake,high,0.7808564901351929,0.1670656055212021,0.05207787826657295,0.7808564901351929,resnet50_imagenet1k_v2_layer4_fc_final_v1,images/84811dced43edefaa56e7f98db9fe6ab7a3799a52afceec264f4e03b2a698b08.jpg,images/84811dced43edefaa56e7f98db9fe6ab7a3799a52afceec264f4e03b2a698b08.jpg
b63735d990e0ccb253dc1227489b870fd181c591fcb29f940bdee85c8a772525,b63735d990e0ccb253dc1227489b870fd181c591fcb29f940bdee85c8a772525,sara,batch_01_sara,representative,ComplexDataLab/OpenFake,real,medium,0.7325925827026367,0.2601426839828491,0.7325925827026367,0.007264687214046717,resnet50_imagenet1k_v2_layer4_fc_final_v1,images/b63735d990e0ccb253dc1227489b870fd181c591fcb29f940bdee85c8a772525.jpg,images/b63735d990e0ccb253dc1227489b870fd181c591fcb29f940bdee85c8a772525.jpg
4e1337d599180611b20ff5202c67329a6b216f326300cfc7c91ceb6957d0f43b,4e1337d599180611b20ff5202c67329a6b216f326300cfc7c91ceb6957d0f43b,sara,batch_01_sara,targeted,RRDataset,real,high,0.650599479675293,0.06093645840883255,0.2884640097618103,0.650599479675293,resnet50_imagenet1k_v2_layer4_fc_final_v1,images/4e1337d599180611b20ff5202c67329a6b216f326300cfc7c91ceb6957d0f43b.jpg,images/4e1337d599180611b20ff5202c67329a6b216f326300cfc7c91ceb6957d0f43b.jpg
e7586f21bc6e435c64a007d203f29c1454ad972287159a67308c9659a567d5ea,e7586f21bc6e435c64a007d203f29c1454ad972287159a67308c9659a567d5ea,sara,batch_01_sara,representative,ComplexDataLab/OpenFake,fake,medium,0.9367460608482361,0.04882490634918213,0.9367460608482361,0.01442895457148552,resnet50_imagenet1k_v2_layer4_fc_final_v1,images/e7586f21bc6e435c64a007d203f29c1454ad972287159a67308c9659a567d5ea.png,images/e7586f21bc6e435c64a007d203f29c1454ad972287159a67308c9659a567d5ea.png
9581bfaa13e63b8915c5cf746dd6ec5e8b61e51de5344d6d81ab66e7fb209a06,9581bfaa13e63b8915c5cf746dd6ec5e8b61e51de5344d6d81ab66e7fb209a06,sara,batch_01_sara,representative,RRDataset,real,low,0.6375101208686829,0.6375101208686829,0.3344394266605377,0.028050497174263,resnet50_imagenet1k_v2_layer4_fc_final_v1,images/9581bfaa13e63b8915c5cf746dd6ec5e8b61e51de5344d6d81ab66e7fb209a06.jpg,images/9581bfaa13e63b8915c5cf746dd6ec5e8b61e51de5344d6d81ab66e7fb209a06.jpg
2b9e888aedeba4bfebc80a21a81d25423bc5b5d3117d8c31efa5f2db4c136962,2b9e888aedeba4bfebc80a21a81d25423bc5b5d3117d8c31efa5f2db4c136962,sara,batch_01_sara,representative,ComplexDataLab/OpenFake,real,medium,0.9262515306472778,0.0699426680803299,0.9262515306472778,0.0038058608770370483,resnet50_imagenet1k_v2_layer4_fc_final_v1,images/2b9e888aedeba4bfebc80a21a81d25423bc5b5d3117d8c31efa5f2db4c136962.jpg,images/2b9e888aedeba4bfebc80a21a81d25423bc5b5d3117d8c31efa5f2db4c136962.jpg
db610dc0b9cde73a73a5805be0f7028398b3b2ccdd85855715931e3247c4e3e4,db610dc0b9cde73a73a5805be0f7028398b3b2ccdd85855715931e3247c4e3e4,sara,batch_01_sara,targeted,ComplexDataLab/OpenFake,fake,low,0.46228769421577454,0.46228769421577454,0.4602656960487366,0.0774465948343277,resnet50_imagenet1k_v2_layer4_fc_final_v1,images/db610dc0b9cde73a73a5805be0f7028398b3b2ccdd85855715931e3247c4e3e4.png,images/db610dc0b9cde73a73a5805be0f7028398b3b2ccdd85855715931e3247c4e3e4.png
e37b1117f955cadc49b70ce95e8d68c8709fa28577cd558c17642ce7acfb2732,e37b1117f955cadc49b70ce95e8d68c8709fa28577cd558c17642ce7acfb2732,sara,batch_01_sara,targeted,saberzl/SID_Set,real,high,0.48602405190467834,0.17849206924438477,0.3354838192462921,0.48602405190467834,resnet50_imagenet1k_v2_layer4_fc_final_v1,images/e37b1117f955cadc49b70ce95e8d68c8709fa28577cd558c17642ce7acfb2732.jpg,images/e37b1117f955cadc49b70ce95e8d68c8709fa28577cd558c17642ce7acfb2732.jpg
cf2efba522504d98986b5fff949cb6c61730b8455362f621b616b93d07eb9dfc,cf2efba522504d98986b5fff949cb6c61730b8455362f621b616b93d07eb9dfc,sara,batch_01_sara,representative,RRDataset,fake,medium,0.7181413769721985,0.11832626909017563,0.7181413769721985,0.1635323464870453,resnet50_imagenet1k_v2_layer4_fc_final_v1,images/cf2efba522504d98986b5fff949cb6c61730b8455362f621b616b93d07eb9dfc.png,images/cf2efba522504d98986b5fff949cb6c61730b8455362f621b616b93d07eb9dfc.png
b06fe9bfbccc361c79f6c2e6df7f7d79c6530b41d7cc427c6971cf7c27514671,b06fe9bfbccc361c79f6c2e6df7f7d79c6530b41d7cc427c6971cf7c27514671,sara,batch_01_sara,representative,ComplexDataLab/OpenFake,real,medium,0.6326702833175659,0.36576175689697266,0.6326702833175659,0.0015679995995014906,resnet50_imagenet1k_v2_layer4_fc_final_v1,images/b06fe9bfbccc361c79f6c2e6df7f7d79c6530b41d7cc427c6971cf7c27514671.jpg,images/b06fe9bfbccc361c79f6c2e6df7f7d79c6530b41d7cc427c6971cf7c27514671.jpg
77dfa0d7abc2e44d1956ad4e2d782d9d4fbec12d69a640ca6d501b39a1a5ff60,77dfa0d7abc2e44d1956ad4e2d782d9d4fbec12d69a640ca6d501b39a1a5ff60,sara,batch_01_sara,representative,saberzl/SID_Set,real,low,0.7560352087020874,0.7560352087020874,0.21750935912132263,0.026455458253622055,resnet50_imagenet1k_v2_layer4_fc_final_v1,images/77dfa0d7abc2e44d1956ad4e2d782d9d4fbec12d69a640ca6d501b39a1a5ff60.jpg,images/77dfa0d7abc2e44d1956ad4e2d782d9d4fbec12d69a640ca6d501b39a1a5ff60.jpg
372703ea61dd0d50ec23a493bc53dedb970309486c807d5a5750aa86ebb8130d,372703ea61dd0d50ec23a493bc53dedb970309486c807d5a5750aa86ebb8130d,sara,batch_01_sara,targeted,RRDataset,fake,high,0.9679384827613831,0.0032745543867349625,0.02878689393401146,0.9679384827613831,resnet50_imagenet1k_v2_layer4_fc_final_v1,images/372703ea61dd0d50ec23a493bc53dedb970309486c807d5a5750aa86ebb8130d.png,images/372703ea61dd0d50ec23a493bc53dedb970309486c807d5a5750aa86ebb8130d.png
d18ec6d35a3ca5e5e8c7842b7a175c80d480df8e7367c2b713191c06e90b8c5d,d18ec6d35a3ca5e5e8c7842b7a175c80d480df8e7367c2b713191c06e90b8c5d,sara,batch_01_sara,targeted,saberzl/SID_Set,real,high,0.5777825713157654,0.1677778661251068,0.2544395625591278,0.5777825713157654,resnet50_imagenet1k_v2_layer4_fc_final_v1,images/d18ec6d35a3ca5e5e8c7842b7a175c80d480df8e7367c2b713191c06e90b8c5d.jpg,images/d18ec6d35a3ca5e5e8c7842b7a175c80d480df8e7367c2b713191c06e90b8c5d.jpg
0d8a92c8f05d8bb03966bdd7565e66b05adf6426016b791d07b7258d865ae12f,0d8a92c8f05d8bb03966bdd7565e66b05adf6426016b791d07b7258d865ae12f,sara,batch_01_sara,targeted,saberzl/SID_Set,real,low,0.40900471806526184,0.40900471806526184,0.39268258213996887,0.1983126699924469,resnet50_imagenet1k_v2_layer4_fc_final_v1,images/0d8a92c8f05d8bb03966bdd7565e66b05adf6426016b791d07b7258d865ae12f.jpg,images/0d8a92c8f05d8bb03966bdd7565e66b05adf6426016b791d07b7258d865ae12f.jpg
1c282873f278b2b62b5503e56e36d0db96614c2f21f00f74b9cb27a3dd4b28be,1c282873f278b2b62b5503e56e36d0db96614c2f21f00f74b9cb27a3dd4b28be,sara,batch_01_sara,representative,saberzl/SID_Set,fake,low,0.7755594849586487,0.7755594849586487,0.16023670136928558,0.06420376896858215,resnet50_imagenet1k_v2_layer4_fc_final_v1,images/1c282873f278b2b62b5503e56e36d0db96614c2f21f00f74b9cb27a3dd4b28be.png,images/1c282873f278b2b62b5503e56e36d0db96614c2f21f00f74b9cb27a3dd4b28be.png
846bfd89713e303a1e3d7f0692079a971443733afb7c0ff3ba950ff91c90bfd5,846bfd89713e303a1e3d7f0692079a971443733afb7c0ff3ba950ff91c90bfd5,sara,batch_01_sara,targeted,RRDataset,fake,high,0.7997643947601318,0.08558584749698639,0.11464978009462357,0.7997643947601318,resnet50_imagenet1k_v2_layer4_fc_final_v1,images/846bfd89713e303a1e3d7f0692079a971443733afb7c0ff3ba950ff91c90bfd5.png,images/846bfd89713e303a1e3d7f0692079a971443733afb7c0ff3ba950ff91c90bfd5.png
0fb6b36b89ab83f004de9cb59ddcb3e59eb7d21b4e2a615b3aa773bd571a5c6c,0fb6b36b89ab83f004de9cb59ddcb3e59eb7d21b4e2a615b3aa773bd571a5c6c,sara,batch_01_sara,representative,ComplexDataLab/OpenFake,fake,low,0.7601288557052612,0.7601288557052612,0.2348794937133789,0.0049916706047952175,resnet50_imagenet1k_v2_layer4_fc_final_v1,images/0fb6b36b89ab83f004de9cb59ddcb3e59eb7d21b4e2a615b3aa773bd571a5c6c.png,images/0fb6b36b89ab83f004de9cb59ddcb3e59eb7d21b4e2a615b3aa773bd571a5c6c.png
af88819feae5e3514d3b334fa1ab60c6c9e4136891b7c3b863bbbd0cf42342ac,af88819feae5e3514d3b334fa1ab60c6c9e4136891b7c3b863bbbd0cf42342ac,sara,batch_01_sara,representative,saberzl/SID_Set,real,medium,0.8871524930000305,0.07121947407722473,0.8871524930000305,0.041628047823905945,resnet50_imagenet1k_v2_layer4_fc_final_v1,images/af88819feae5e3514d3b334fa1ab60c6c9e4136891b7c3b863bbbd0cf42342ac.jpg,images/af88819feae5e3514d3b334fa1ab60c6c9e4136891b7c3b863bbbd0cf42342ac.jpg
bff186d88d7a3c1462c164aef46879f065a40e6957d7b92a812ceefa9d855fd4,bff186d88d7a3c1462c164aef46879f065a40e6957d7b92a812ceefa9d855fd4,sara,batch_01_sara,targeted,RRDataset,fake,medium,0.4106493294239044,0.40583887696266174,0.4106493294239044,0.18351174890995026,resnet50_imagenet1k_v2_layer4_fc_final_v1,images/bff186d88d7a3c1462c164aef46879f065a40e6957d7b92a812ceefa9d855fd4.png,images/bff186d88d7a3c1462c164aef46879f065a40e6957d7b92a812ceefa9d855fd4.png
71a413aa7a68d61919180d9eb48cc45565ff2e5eda39f9d0b286fdc48e37dd3f,71a413aa7a68d61919180d9eb48cc45565ff2e5eda39f9d0b286fdc48e37dd3f,sara,batch_01_sara,targeted,ComplexDataLab/OpenFake,real,high,0.5151654481887817,0.02949914149940014,0.45533543825149536,0.5151654481887817,resnet50_imagenet1k_v2_layer4_fc_final_v1,images/71a413aa7a68d61919180d9eb48cc45565ff2e5eda39f9d0b286fdc48e37dd3f.jpg,images/71a413aa7a68d61919180d9eb48cc45565ff2e5eda39f9d0b286fdc48e37dd3f.jpg
a2c587254ae6dee0be37696f48ddf220b938c07a7b68bc252a28694be3df3418,a2c587254ae6dee0be37696f48ddf220b938c07a7b68bc252a28694be3df3418,sara,batch_01_sara,representative,saberzl/SID_Set,fake,high,0.5139200091362,0.18664167821407318,0.29943835735321045,0.5139200091362,resnet50_imagenet1k_v2_layer4_fc_final_v1,images/a2c587254ae6dee0be37696f48ddf220b938c07a7b68bc252a28694be3df3418.png,images/a2c587254ae6dee0be37696f48ddf220b938c07a7b68bc252a28694be3df3418.png
03fea5da992e31226d60b47fabc9099bb9150804e563b7a5d1bf1a970acaecdc,03fea5da992e31226d60b47fabc9099bb9150804e563b7a5d1bf1a970acaecdc,sara,batch_01_sara,targeted,RRDataset,fake,high,0.5684821009635925,0.05775666981935501,0.37376120686531067,0.5684821009635925,resnet50_imagenet1k_v2_layer4_fc_final_v1,images/03fea5da992e31226d60b47fabc9099bb9150804e563b7a5d1bf1a970acaecdc.png,images/03fea5da992e31226d60b47fabc9099bb9150804e563b7a5d1bf1a970acaecdc.png
9573ecdab134858b16d49dff7430eb1b205d5f083003a810c8fbf0baa82c5831,9573ecdab134858b16d49dff7430eb1b205d5f083003a810c8fbf0baa82c5831,sara,batch_01_sara,representative,ComplexDataLab/OpenFake,fake,medium,0.7666064500808716,0.2321939766407013,0.7666064500808716,0.0011995178647339344,resnet50_imagenet1k_v2_layer4_fc_final_v1,images/9573ecdab134858b16d49dff7430eb1b205d5f083003a810c8fbf0baa82c5831.png,images/9573ecdab134858b16d49dff7430eb1b205d5f083003a810c8fbf0baa82c5831.png
c1a41bf800af141a7fd44cec425018e8b2eba7c3518b8f0b1a0e524916747697,c1a41bf800af141a7fd44cec425018e8b2eba7c3518b8f0b1a0e524916747697,sara,batch_01_sara,targeted,RRDataset,fake,high,0.8910965323448181,0.06437133997678757,0.04453212022781372,0.8910965323448181,resnet50_imagenet1k_v2_layer4_fc_final_v1,images/c1a41bf800af141a7fd44cec425018e8b2eba7c3518b8f0b1a0e524916747697.png,images/c1a41bf800af141a7fd44cec425018e8b2eba7c3518b8f0b1a0e524916747697.png
952c5ea06cc977cdfb2a4887dc1e322c2fd706b4e114c12b39d3c60c258b9f92,952c5ea06cc977cdfb2a4887dc1e322c2fd706b4e114c12b39d3c60c258b9f92,sara,batch_01_sara,targeted,ComplexDataLab/OpenFake,real,high,0.41758695244789124,0.28787800669670105,0.2945350110530853,0.41758695244789124,resnet50_imagenet1k_v2_layer4_fc_final_v1,images/952c5ea06cc977cdfb2a4887dc1e322c2fd706b4e114c12b39d3c60c258b9f92.jpg,images/952c5ea06cc977cdfb2a4887dc1e322c2fd706b4e114c12b39d3c60c258b9f92.jpg
b54a4942138550b7a206ee4b3cda403d4f26eb9076edd006b0a74a55efd86001,b54a4942138550b7a206ee4b3cda403d4f26eb9076edd006b0a74a55efd86001,sara,batch_01_sara,representative,RRDataset,real,low,0.6849963665008545,0.6849963665008545,0.3028145134449005,0.012189168483018875,resnet50_imagenet1k_v2_layer4_fc_final_v1,images/b54a4942138550b7a206ee4b3cda403d4f26eb9076edd006b0a74a55efd86001.jpg,images/b54a4942138550b7a206ee4b3cda403d4f26eb9076edd006b0a74a55efd86001.jpg
ba1928265f88311afa5184f12e8cfc47ac7b5eaf52bb2d63e0239a5e5f4330c6,ba1928265f88311afa5184f12e8cfc47ac7b5eaf52bb2d63e0239a5e5f4330c6,sara,batch_01_sara,targeted,RRDataset,fake,high,0.732288122177124,0.048219118267297745,0.21949277818202972,0.732288122177124,resnet50_imagenet1k_v2_layer4_fc_final_v1,images/ba1928265f88311afa5184f12e8cfc47ac7b5eaf52bb2d63e0239a5e5f4330c6.png,images/ba1928265f88311afa5184f12e8cfc47ac7b5eaf52bb2d63e0239a5e5f4330c6.png
00c0435d508a73bbeda582d06bf261b98b6913a56226e7cf29da67737ddd5e20,00c0435d508a73bbeda582d06bf261b98b6913a56226e7cf29da67737ddd5e20,sara,batch_01_sara,representative,ComplexDataLab/OpenFake,fake,low,0.47638943791389465,0.47638943791389465,0.2722136974334717,0.25139689445495605,resnet50_imagenet1k_v2_layer4_fc_final_v1,images/00c0435d508a73bbeda582d06bf261b98b6913a56226e7cf29da67737ddd5e20.webp,images/00c0435d508a73bbeda582d06bf261b98b6913a56226e7cf29da67737ddd5e20.webp
ba5d3ac82d33f45fda862601c15667d042248ec61cfb9870276725ab9a65edb4,ba5d3ac82d33f45fda862601c15667d042248ec61cfb9870276725ab9a65edb4,sara,batch_01_sara,representative,RRDataset,fake,medium,0.6316449642181396,0.36415091156959534,0.6316449642181396,0.004204146564006805,resnet50_imagenet1k_v2_layer4_fc_final_v1,images/ba5d3ac82d33f45fda862601c15667d042248ec61cfb9870276725ab9a65edb4.png,images/ba5d3ac82d33f45fda862601c15667d042248ec61cfb9870276725ab9a65edb4.png
8f8424bb53f8c1845e370b62066dc75a89afa0fd59ba9cecb9925ebd09a0ec34,8f8424bb53f8c1845e370b62066dc75a89afa0fd59ba9cecb9925ebd09a0ec34,sara,batch_01_sara,representative,ComplexDataLab/OpenFake,fake,medium,0.6782397031784058,0.299752801656723,0.6782397031784058,0.02200750634074211,resnet50_imagenet1k_v2_layer4_fc_final_v1,images/8f8424bb53f8c1845e370b62066dc75a89afa0fd59ba9cecb9925ebd09a0ec34.png,images/8f8424bb53f8c1845e370b62066dc75a89afa0fd59ba9cecb9925ebd09a0ec34.png
06d9af988efd8d6d3ff49e4b253efa2f87950c83d1b77aa1c383311700baaa81,06d9af988efd8d6d3ff49e4b253efa2f87950c83d1b77aa1c383311700baaa81,sara,batch_01_sara,representative,ComplexDataLab/OpenFake,real,medium,0.7349351644515991,0.25973206758499146,0.7349351644515991,0.0053327372297644615,resnet50_imagenet1k_v2_layer4_fc_final_v1,images/06d9af988efd8d6d3ff49e4b253efa2f87950c83d1b77aa1c383311700baaa81.jpg,images/06d9af988efd8d6d3ff49e4b253efa2f87950c83d1b77aa1c383311700baaa81.jpg
15018cefbb446f63493e6520460bc42bc1e23085b805fff7199a262ea706b90d,15018cefbb446f63493e6520460bc42bc1e23085b805fff7199a262ea706b90d,sara,batch_01_sara,targeted,RRDataset,fake,high,0.933961033821106,0.017674431204795837,0.04836457595229149,0.933961033821106,resnet50_imagenet1k_v2_layer4_fc_final_v1,images/15018cefbb446f63493e6520460bc42bc1e23085b805fff7199a262ea706b90d.png,images/15018cefbb446f63493e6520460bc42bc1e23085b805fff7199a262ea706b90d.png
15ae8374438d5cc4db199621967bb1de849004e3e9b332e829a1596aed8ef51b,15ae8374438d5cc4db199621967bb1de849004e3e9b332e829a1596aed8ef51b,sara,batch_01_sara,representative,saberzl/SID_Set,real,medium,0.8843907117843628,0.1150139644742012,0.8843907117843628,0.0005953220534138381,resnet50_imagenet1k_v2_layer4_fc_final_v1,images/15ae8374438d5cc4db199621967bb1de849004e3e9b332e829a1596aed8ef51b.jpg,images/15ae8374438d5cc4db199621967bb1de849004e3e9b332e829a1596aed8ef51b.jpg
3c5f6623db091f3e28649f439541931b4c5be9c844e90af4c682f9c2e1eb6303,3c5f6623db091f3e28649f439541931b4c5be9c844e90af4c682f9c2e1eb6303,sara,batch_01_sara,targeted,RRDataset,fake,high,0.8705558180809021,0.07232297956943512,0.057121142745018005,0.8705558180809021,resnet50_imagenet1k_v2_layer4_fc_final_v1,images/3c5f6623db091f3e28649f439541931b4c5be9c844e90af4c682f9c2e1eb6303.png,images/3c5f6623db091f3e28649f439541931b4c5be9c844e90af4c682f9c2e1eb6303.png
8281952d554b2713ea0f7d2655aa11dbaf7759afbeb20bad7b62cd51e22b3b83,8281952d554b2713ea0f7d2655aa11dbaf7759afbeb20bad7b62cd51e22b3b83,sara,batch_01_sara,representative,ComplexDataLab/OpenFake,real,low,0.5928890705108643,0.5928890705108643,0.40114641189575195,0.005964505486190319,resnet50_imagenet1k_v2_layer4_fc_final_v1,images/8281952d554b2713ea0f7d2655aa11dbaf7759afbeb20bad7b62cd51e22b3b83.jpg,images/8281952d554b2713ea0f7d2655aa11dbaf7759afbeb20bad7b62cd51e22b3b83.jpg
bc2894416c267c34cad190fba2f1667894af6d6b2a09ab365fb8ab0b6434a4a2,bc2894416c267c34cad190fba2f1667894af6d6b2a09ab365fb8ab0b6434a4a2,sara,batch_01_sara,targeted,ComplexDataLab/OpenFake,real,high,0.49419155716896057,0.04555704817175865,0.46025142073631287,0.49419155716896057,resnet50_imagenet1k_v2_layer4_fc_final_v1,images/bc2894416c267c34cad190fba2f1667894af6d6b2a09ab365fb8ab0b6434a4a2.jpg,images/bc2894416c267c34cad190fba2f1667894af6d6b2a09ab365fb8ab0b6434a4a2.jpg
31e667fc7f286991cc50729f201ce5e6c0c8a7c36e1e2512648976e54e7bc7da,31e667fc7f286991cc50729f201ce5e6c0c8a7c36e1e2512648976e54e7bc7da,sara,batch_01_sara,targeted,ComplexDataLab/OpenFake,fake,low,0.5042940974235535,0.5042940974235535,0.4864312410354614,0.009274579584598541,resnet50_imagenet1k_v2_layer4_fc_final_v1,images/31e667fc7f286991cc50729f201ce5e6c0c8a7c36e1e2512648976e54e7bc7da.png,images/31e667fc7f286991cc50729f201ce5e6c0c8a7c36e1e2512648976e54e7bc7da.png
4a5a02ab3b7c26194d674b1f9dbd9f8dcaa7477b17342fd427d38c702cd88784,4a5a02ab3b7c26194d674b1f9dbd9f8dcaa7477b17342fd427d38c702cd88784,sara,batch_01_sara,targeted,RRDataset,fake,medium,0.4220711290836334,0.4076753258705139,0.4220711290836334,0.17025350034236908,resnet50_imagenet1k_v2_layer4_fc_final_v1,images/4a5a02ab3b7c26194d674b1f9dbd9f8dcaa7477b17342fd427d38c702cd88784.png,images/4a5a02ab3b7c26194d674b1f9dbd9f8dcaa7477b17342fd427d38c702cd88784.png
775d1a149b575d0c52430f930f013e5b131531ee313c8f35e6646bb5ac872f3c,775d1a149b575d0c52430f930f013e5b131531ee313c8f35e6646bb5ac872f3c,sara,batch_01_sara,representative,ComplexDataLab/OpenFake,real,medium,0.6088950037956238,0.38635802268981934,0.6088950037956238,0.004746908787637949,resnet50_imagenet1k_v2_layer4_fc_final_v1,images/775d1a149b575d0c52430f930f013e5b131531ee313c8f35e6646bb5ac872f3c.jpg,images/775d1a149b575d0c52430f930f013e5b131531ee313c8f35e6646bb5ac872f3c.jpg
a204c1f740057ef704e666b2dfa5ea0811211c9f48fae9a14c3b71c1ec91d203,a204c1f740057ef704e666b2dfa5ea0811211c9f48fae9a14c3b71c1ec91d203,sara,batch_01_sara,representative,saberzl/SID_Set,fake,medium,0.9105185866355896,0.08476472645998001,0.9105185866355896,0.004716707859188318,resnet50_imagenet1k_v2_layer4_fc_final_v1,images/a204c1f740057ef704e666b2dfa5ea0811211c9f48fae9a14c3b71c1ec91d203.png,images/a204c1f740057ef704e666b2dfa5ea0811211c9f48fae9a14c3b71c1ec91d203.png
a2781df96da8b59a866ad4459c8ae49ddb9730db7ddbb94420253221bae5cc1c,a2781df96da8b59a866ad4459c8ae49ddb9730db7ddbb94420253221bae5cc1c,sara,batch_01_sara,representative,RRDataset,real,medium,0.996536374092102,0.0021964546758681536,0.996536374092102,0.0012671651784330606,resnet50_imagenet1k_v2_layer4_fc_final_v1,images/a2781df96da8b59a866ad4459c8ae49ddb9730db7ddbb94420253221bae5cc1c.jpg,images/a2781df96da8b59a866ad4459c8ae49ddb9730db7ddbb94420253221bae5cc1c.jpg
2cbf5bdf85dd014677ee32e5283e408882cb4de3ca90a4ab8788d85b67118528,2cbf5bdf85dd014677ee32e5283e408882cb4de3ca90a4ab8788d85b67118528,sara,batch_01_sara,representative,RRDataset,fake,medium,0.5343875288963318,0.44796377420425415,0.5343875288963318,0.017648719251155853,resnet50_imagenet1k_v2_layer4_fc_final_v1,images/2cbf5bdf85dd014677ee32e5283e408882cb4de3ca90a4ab8788d85b67118528.png,images/2cbf5bdf85dd014677ee32e5283e408882cb4de3ca90a4ab8788d85b67118528.png
bc40b51fba3000368a7f8eb7702b9aa778eed4504b22b33ccbc88b24c6e57fa5,bc40b51fba3000368a7f8eb7702b9aa778eed4504b22b33ccbc88b24c6e57fa5,sara,batch_01_sara,targeted,RRDataset,fake,high,0.9065446257591248,0.031663741916418076,0.061791643500328064,0.9065446257591248,resnet50_imagenet1k_v2_layer4_fc_final_v1,images/bc40b51fba3000368a7f8eb7702b9aa778eed4504b22b33ccbc88b24c6e57fa5.png,images/bc40b51fba3000368a7f8eb7702b9aa778eed4504b22b33ccbc88b24c6e57fa5.png
0b68ce702d9e3b9f25b515a29bc352cf543d3a7273d3bf5777ea580b390f852b,0b68ce702d9e3b9f25b515a29bc352cf543d3a7273d3bf5777ea580b390f852b,sara,batch_01_sara,targeted,ComplexDataLab/OpenFake,fake,low,0.47291192412376404,0.47291192412376404,0.4103604257106781,0.11672761291265488,resnet50_imagenet1k_v2_layer4_fc_final_v1,images/0b68ce702d9e3b9f25b515a29bc352cf543d3a7273d3bf5777ea580b390f852b.jpg,images/0b68ce702d9e3b9f25b515a29bc352cf543d3a7273d3bf5777ea580b390f852b.jpg
bce0347144deee1d01dbe38ec2a48b46978406bcc61dcfb226f84bdeea2093e9,bce0347144deee1d01dbe38ec2a48b46978406bcc61dcfb226f84bdeea2093e9,sara,batch_01_sara,representative,ComplexDataLab/OpenFake,fake,medium,0.6437298059463501,0.3272179663181305,0.6437298059463501,0.029052196070551872,resnet50_imagenet1k_v2_layer4_fc_final_v1,images/bce0347144deee1d01dbe38ec2a48b46978406bcc61dcfb226f84bdeea2093e9.png,images/bce0347144deee1d01dbe38ec2a48b46978406bcc61dcfb226f84bdeea2093e9.png
811ed4c00e228d89dfc81787aeef2f6f565d9b98262daf4034f837a4dbca4eb7,811ed4c00e228d89dfc81787aeef2f6f565d9b98262daf4034f837a4dbca4eb7,sara,batch_01_sara,targeted,saberzl/SID_Set,fake,high,0.5743544101715088,0.0903104618191719,0.3353351056575775,0.5743544101715088,resnet50_imagenet1k_v2_layer4_fc_final_v1,images/811ed4c00e228d89dfc81787aeef2f6f565d9b98262daf4034f837a4dbca4eb7.png,images/811ed4c00e228d89dfc81787aeef2f6f565d9b98262daf4034f837a4dbca4eb7.png
1bc86717d2c636c94375ac7004f5d4f6e54bf18c27138c7dc48d8b06f69d0c2a,1bc86717d2c636c94375ac7004f5d4f6e54bf18c27138c7dc48d8b06f69d0c2a,sara,batch_01_sara,representative,RRDataset,fake,low,0.6201988458633423,0.6201988458633423,0.37614905834198,0.0036521274596452713,resnet50_imagenet1k_v2_layer4_fc_final_v1,images/1bc86717d2c636c94375ac7004f5d4f6e54bf18c27138c7dc48d8b06f69d0c2a.png,images/1bc86717d2c636c94375ac7004f5d4f6e54bf18c27138c7dc48d8b06f69d0c2a.png
380672c314f71e9e19c884f55add6650694d8d9e6c8136b6bf4b69b1c528b81b,380672c314f71e9e19c884f55add6650694d8d9e6c8136b6bf4b69b1c528b81b,sara,batch_01_sara,representative,RRDataset,fake,medium,0.7685511708259583,0.1771664172410965,0.7685511708259583,0.05428235977888107,resnet50_imagenet1k_v2_layer4_fc_final_v1,images/380672c314f71e9e19c884f55add6650694d8d9e6c8136b6bf4b69b1c528b81b.png,images/380672c314f71e9e19c884f55add6650694d8d9e6c8136b6bf4b69b1c528b81b.png
249ced550c605549f65fb91397e111932c4a91930484391541ce23e84d24b95c,249ced550c605549f65fb91397e111932c4a91930484391541ce23e84d24b95c,sara,batch_01_sara,targeted,saberzl/SID_Set,real,low,0.40153783559799194,0.40153783559799194,0.3894994556903839,0.20896275341510773,resnet50_imagenet1k_v2_layer4_fc_final_v1,images/249ced550c605549f65fb91397e111932c4a91930484391541ce23e84d24b95c.jpg,images/249ced550c605549f65fb91397e111932c4a91930484391541ce23e84d24b95c.jpg
1e9abc5be8602f3c103acf6047dbc17528e682fd001edcf6da09613d1c6e4bc4,1e9abc5be8602f3c103acf6047dbc17528e682fd001edcf6da09613d1c6e4bc4,sara,batch_01_sara,representative,RRDataset,real,medium,0.7042820453643799,0.0047136349603533745,0.7042820453643799,0.2910042405128479,resnet50_imagenet1k_v2_layer4_fc_final_v1,images/1e9abc5be8602f3c103acf6047dbc17528e682fd001edcf6da09613d1c6e4bc4.jpg,images/1e9abc5be8602f3c103acf6047dbc17528e682fd001edcf6da09613d1c6e4bc4.jpg
c898469bff552eb4c3b26e6aea58fba2febb9ad00b013f6785f8a3da6662929f,c898469bff552eb4c3b26e6aea58fba2febb9ad00b013f6785f8a3da6662929f,sara,batch_01_sara,representative,saberzl/SID_Set,real,medium,0.9915741086006165,0.008358614519238472,0.9915741086006165,6.728067091898993e-05,resnet50_imagenet1k_v2_layer4_fc_final_v1,images/c898469bff552eb4c3b26e6aea58fba2febb9ad00b013f6785f8a3da6662929f.jpg,images/c898469bff552eb4c3b26e6aea58fba2febb9ad00b013f6785f8a3da6662929f.jpg
96a558053e39957dee48bc6310c30cd0126b640a6761068e91e98f7748083e7d,96a558053e39957dee48bc6310c30cd0126b640a6761068e91e98f7748083e7d,sara,batch_01_sara,representative,ComplexDataLab/OpenFake,real,high,0.6379219889640808,0.07416853308677673,0.28790947794914246,0.6379219889640808,resnet50_imagenet1k_v2_layer4_fc_final_v1,images/96a558053e39957dee48bc6310c30cd0126b640a6761068e91e98f7748083e7d.jpg,images/96a558053e39957dee48bc6310c30cd0126b640a6761068e91e98f7748083e7d.jpg
32430a235982cadd1c83eb796692cda70d353915cba2d8f63bfc120bb9d383e2,32430a235982cadd1c83eb796692cda70d353915cba2d8f63bfc120bb9d383e2,sara,batch_01_sara,representative,saberzl/SID_Set,fake,low,0.45338308811187744,0.45338308811187744,0.45208048820495605,0.09453647583723068,resnet50_imagenet1k_v2_layer4_fc_final_v1,images/32430a235982cadd1c83eb796692cda70d353915cba2d8f63bfc120bb9d383e2.png,images/32430a235982cadd1c83eb796692cda70d353915cba2d8f63bfc120bb9d383e2.png
28bf8d1c263f3e03ab9bd6f04909e4f18626d546b9380196e3fec945db71a959,28bf8d1c263f3e03ab9bd6f04909e4f18626d546b9380196e3fec945db71a959,sara,batch_01_sara,targeted,ComplexDataLab/OpenFake,real,high,0.5348923802375793,0.29426395893096924,0.17084360122680664,0.5348923802375793,resnet50_imagenet1k_v2_layer4_fc_final_v1,images/28bf8d1c263f3e03ab9bd6f04909e4f18626d546b9380196e3fec945db71a959.jpg,images/28bf8d1c263f3e03ab9bd6f04909e4f18626d546b9380196e3fec945db71a959.jpg
29797f9829711b497c7836f9e3a87599dc76c68664bd14905af5ed3dfb020587,29797f9829711b497c7836f9e3a87599dc76c68664bd14905af5ed3dfb020587,sara,batch_01_sara,representative,saberzl/SID_Set,fake,medium,0.7474561333656311,0.22233209013938904,0.7474561333656311,0.030211767181754112,resnet50_imagenet1k_v2_layer4_fc_final_v1,images/29797f9829711b497c7836f9e3a87599dc76c68664bd14905af5ed3dfb020587.png,images/29797f9829711b497c7836f9e3a87599dc76c68664bd14905af5ed3dfb020587.png
64543249e02f16b04ca96069bc481af9a8b71f5fa7fa270f6581eff9581014a9,64543249e02f16b04ca96069bc481af9a8b71f5fa7fa270f6581eff9581014a9,sara,batch_01_sara,representative,ComplexDataLab/OpenFake,real,low,0.6236695647239685,0.6236695647239685,0.3712283670902252,0.00510210357606411,resnet50_imagenet1k_v2_layer4_fc_final_v1,images/64543249e02f16b04ca96069bc481af9a8b71f5fa7fa270f6581eff9581014a9.jpg,images/64543249e02f16b04ca96069bc481af9a8b71f5fa7fa270f6581eff9581014a9.jpg
0bacb3b70b4c94da9c0e62827e200dbe1a58e095787ce4a3bd82db25e1c32b33,0bacb3b70b4c94da9c0e62827e200dbe1a58e095787ce4a3bd82db25e1c32b33,sara,batch_01_sara,targeted,saberzl/SID_Set,real,high,0.8711315989494324,0.016264116391539574,0.11260432004928589,0.8711315989494324,resnet50_imagenet1k_v2_layer4_fc_final_v1,images/0bacb3b70b4c94da9c0e62827e200dbe1a58e095787ce4a3bd82db25e1c32b33.jpg,images/0bacb3b70b4c94da9c0e62827e200dbe1a58e095787ce4a3bd82db25e1c32b33.jpg
845f7ad9bd937ad6ca0d5973edd10fb05cb1d320a3e2f960d2d3f15c15df3ca9,845f7ad9bd937ad6ca0d5973edd10fb05cb1d320a3e2f960d2d3f15c15df3ca9,sara,batch_01_sara,targeted,RRDataset,fake,high,0.8425715565681458,0.02866423688828945,0.12876419723033905,0.8425715565681458,resnet50_imagenet1k_v2_layer4_fc_final_v1,images/845f7ad9bd937ad6ca0d5973edd10fb05cb1d320a3e2f960d2d3f15c15df3ca9.png,images/845f7ad9bd937ad6ca0d5973edd10fb05cb1d320a3e2f960d2d3f15c15df3ca9.png
49eed0dca63365128918a899970661b0e147b64254730d2ed4d85fc5b356093e,49eed0dca63365128918a899970661b0e147b64254730d2ed4d85fc5b356093e,sara,batch_01_sara,representative,ComplexDataLab/OpenFake,fake,medium,0.7048127055168152,0.2925828695297241,0.7048127055168152,0.002604467561468482,resnet50_imagenet1k_v2_layer4_fc_final_v1,images/49eed0dca63365128918a899970661b0e147b64254730d2ed4d85fc5b356093e.png,images/49eed0dca63365128918a899970661b0e147b64254730d2ed4d85fc5b356093e.png
d8ba0315b1285e458dcd0f2721adc8678c9bf3108f3dbda4735770bfc83eecde,d8ba0315b1285e458dcd0f2721adc8678c9bf3108f3dbda4735770bfc83eecde,sara,batch_01_sara,representative,saberzl/SID_Set,real,low,0.5355144739151001,0.5355144739151001,0.36652788519859314,0.09795762598514557,resnet50_imagenet1k_v2_layer4_fc_final_v1,images/d8ba0315b1285e458dcd0f2721adc8678c9bf3108f3dbda4735770bfc83eecde.jpg,images/d8ba0315b1285e458dcd0f2721adc8678c9bf3108f3dbda4735770bfc83eecde.jpg
d15f320d8bb6685747c16b85350c6a51191d295f8441cd9f765aa8e0d1d9f6d7,d15f320d8bb6685747c16b85350c6a51191d295f8441cd9f765aa8e0d1d9f6d7,sara,batch_01_sara,representative,RRDataset,real,medium,0.9301680326461792,0.06669970601797104,0.9301680326461792,0.003132290905341506,resnet50_imagenet1k_v2_layer4_fc_final_v1,images/d15f320d8bb6685747c16b85350c6a51191d295f8441cd9f765aa8e0d1d9f6d7.jpg,images/d15f320d8bb6685747c16b85350c6a51191d295f8441cd9f765aa8e0d1d9f6d7.jpg
13eaf3f006a205859c056a62b1fbad814fc90a268bfd4129b442feffc38a4cec,13eaf3f006a205859c056a62b1fbad814fc90a268bfd4129b442feffc38a4cec,sara,batch_01_sara,targeted,ComplexDataLab/OpenFake,real,low,0.37483373284339905,0.37483373284339905,0.3494989573955536,0.27566730976104736,resnet50_imagenet1k_v2_layer4_fc_final_v1,images/13eaf3f006a205859c056a62b1fbad814fc90a268bfd4129b442feffc38a4cec.jpg,images/13eaf3f006a205859c056a62b1fbad814fc90a268bfd4129b442feffc38a4cec.jpg
be34c6c6be47d183ee322a2dfa7f8ba7e2798bdb56d15e18af2bce57531bf0b2,be34c6c6be47d183ee322a2dfa7f8ba7e2798bdb56d15e18af2bce57531bf0b2,sara,batch_01_sara,representative,saberzl/SID_Set,fake,low,0.7170778512954712,0.7170778512954712,0.2639560103416443,0.018966127187013626,resnet50_imagenet1k_v2_layer4_fc_final_v1,images/be34c6c6be47d183ee322a2dfa7f8ba7e2798bdb56d15e18af2bce57531bf0b2.png,images/be34c6c6be47d183ee322a2dfa7f8ba7e2798bdb56d15e18af2bce57531bf0b2.png
990f14c836f9f033b00d7839a45005e269bed9cebe048e26c2851b56d5a21c45,990f14c836f9f033b00d7839a45005e269bed9cebe048e26c2851b56d5a21c45,sara,batch_01_sara,representative,saberzl/SID_Set,fake,medium,0.6644578576087952,0.32916322350502014,0.6644578576087952,0.006378947291523218,resnet50_imagenet1k_v2_layer4_fc_final_v1,images/990f14c836f9f033b00d7839a45005e269bed9cebe048e26c2851b56d5a21c45.png,images/990f14c836f9f033b00d7839a45005e269bed9cebe048e26c2851b56d5a21c45.png
16c14f1512289686074b3c869540122c654ed5b851f31b72dbb7dc6f861b78a6,16c14f1512289686074b3c869540122c654ed5b851f31b72dbb7dc6f861b78a6,sara,batch_01_sara,targeted,saberzl/SID_Set,real,high,0.5206404328346252,0.14970548450946808,0.3296540081501007,0.5206404328346252,resnet50_imagenet1k_v2_layer4_fc_final_v1,images/16c14f1512289686074b3c869540122c654ed5b851f31b72dbb7dc6f861b78a6.jpg,images/16c14f1512289686074b3c869540122c654ed5b851f31b72dbb7dc6f861b78a6.jpg
a91df7934dd4adf3e40d9e9fe7942318121390a46ee5beb726ee2341a9c8604b,a91df7934dd4adf3e40d9e9fe7942318121390a46ee5beb726ee2341a9c8604b,sara,batch_01_sara,targeted,RRDataset,fake,high,0.6738379001617432,0.033190466463565826,0.292971670627594,0.6738379001617432,resnet50_imagenet1k_v2_layer4_fc_final_v1,images/a91df7934dd4adf3e40d9e9fe7942318121390a46ee5beb726ee2341a9c8604b.png,images/a91df7934dd4adf3e40d9e9fe7942318121390a46ee5beb726ee2341a9c8604b.png
c0dbb5500c450e2b2bcd8d25199a0dffbc05efdd575b854d7f52f001f02529c4,c0dbb5500c450e2b2bcd8d25199a0dffbc05efdd575b854d7f52f001f02529c4,sara,batch_01_sara,representative,ComplexDataLab/OpenFake,real,medium,0.8053596615791321,0.18018940091133118,0.8053596615791321,0.014450916089117527,resnet50_imagenet1k_v2_layer4_fc_final_v1,images/c0dbb5500c450e2b2bcd8d25199a0dffbc05efdd575b854d7f52f001f02529c4.png,images/c0dbb5500c450e2b2bcd8d25199a0dffbc05efdd575b854d7f52f001f02529c4.png
693a20425091c33eb3d9aa7f59c534700dd686af26257509a27e473b620eb3e4,693a20425091c33eb3d9aa7f59c534700dd686af26257509a27e473b620eb3e4,sara,batch_01_sara,targeted,ComplexDataLab/OpenFake,real,high,0.4251987636089325,0.21082104742527008,0.36398017406463623,0.4251987636089325,resnet50_imagenet1k_v2_layer4_fc_final_v1,images/693a20425091c33eb3d9aa7f59c534700dd686af26257509a27e473b620eb3e4.jpg,images/693a20425091c33eb3d9aa7f59c534700dd686af26257509a27e473b620eb3e4.jpg
2e58e17899ace162ae471cb588b7b18bb0061b5399224604528778d0da05356f,2e58e17899ace162ae471cb588b7b18bb0061b5399224604528778d0da05356f,sara,batch_01_sara,targeted,ComplexDataLab/OpenFake,fake,low,0.43663835525512695,0.43663835525512695,0.4310525357723236,0.13230906426906586,resnet50_imagenet1k_v2_layer4_fc_final_v1,images/2e58e17899ace162ae471cb588b7b18bb0061b5399224604528778d0da05356f.png,images/2e58e17899ace162ae471cb588b7b18bb0061b5399224604528778d0da05356f.png
ddc5dcb131258fb47d899362a6e5ff6b647f7e03a940f09a66e4b2ad76e8136c,ddc5dcb131258fb47d899362a6e5ff6b647f7e03a940f09a66e4b2ad76e8136c,sara,batch_01_sara,representative,saberzl/SID_Set,fake,medium,0.9760111570358276,0.02290123887360096,0.9760111570358276,0.00108760641887784,resnet50_imagenet1k_v2_layer4_fc_final_v1,images/ddc5dcb131258fb47d899362a6e5ff6b647f7e03a940f09a66e4b2ad76e8136c.png,images/ddc5dcb131258fb47d899362a6e5ff6b647f7e03a940f09a66e4b2ad76e8136c.png
929d24da580bb743d6b86edd4d443cf6eb93c77c2387d88347e9bc7f172a5fff,929d24da580bb743d6b86edd4d443cf6eb93c77c2387d88347e9bc7f172a5fff,sara,batch_01_sara,representative,ComplexDataLab/OpenFake,fake,high,0.6462176442146301,0.03048904426395893,0.3232933282852173,0.6462176442146301,resnet50_imagenet1k_v2_layer4_fc_final_v1,images/929d24da580bb743d6b86edd4d443cf6eb93c77c2387d88347e9bc7f172a5fff.png,images/929d24da580bb743d6b86edd4d443cf6eb93c77c2387d88347e9bc7f172a5fff.png
0adeda896144232fcedede0b977e248f1cbbca50c2d3afeec7110c9e972cb84d,0adeda896144232fcedede0b977e248f1cbbca50c2d3afeec7110c9e972cb84d,lorenzo,batch_01_lorenzo,targeted,RRDataset,fake,high,0.8164152503013611,0.042274657636880875,0.14131005108356476,0.8164152503013611,resnet50_imagenet1k_v2_layer4_fc_final_v1,images/0adeda896144232fcedede0b977e248f1cbbca50c2d3afeec7110c9e972cb84d.png,images/0adeda896144232fcedede0b977e248f1cbbca50c2d3afeec7110c9e972cb84d.png
70210097a9375d45c49262416ca86f599677b5ff7d1ee47a9acb85d9d552f9e5,70210097a9375d45c49262416ca86f599677b5ff7d1ee47a9acb85d9d552f9e5,lorenzo,batch_01_lorenzo,targeted,ComplexDataLab/OpenFake,real,low,0.4794004261493683,0.4794004261493683,0.4766830801963806,0.0439164862036705,resnet50_imagenet1k_v2_layer4_fc_final_v1,images/70210097a9375d45c49262416ca86f599677b5ff7d1ee47a9acb85d9d552f9e5.jpg,images/70210097a9375d45c49262416ca86f599677b5ff7d1ee47a9acb85d9d552f9e5.jpg
0099b30765280306e279de6db498ce56bfaf71b2784b5645442dc565dc49473a,0099b30765280306e279de6db498ce56bfaf71b2784b5645442dc565dc49473a,lorenzo,batch_01_lorenzo,representative,RRDataset,real,medium,0.5822367668151855,0.41720646619796753,0.5822367668151855,0.0005567301413975656,resnet50_imagenet1k_v2_layer4_fc_final_v1,images/0099b30765280306e279de6db498ce56bfaf71b2784b5645442dc565dc49473a.jpg,images/0099b30765280306e279de6db498ce56bfaf71b2784b5645442dc565dc49473a.jpg
d19c7b07f6ac89e5cd186b50431d3be5cb4f92ceb31e5145f34262db6c05488b,d19c7b07f6ac89e5cd186b50431d3be5cb4f92ceb31e5145f34262db6c05488b,lorenzo,batch_01_lorenzo,targeted,RRDataset,fake,high,0.8986887335777283,0.011079204268753529,0.09023208171129227,0.8986887335777283,resnet50_imagenet1k_v2_layer4_fc_final_v1,images/d19c7b07f6ac89e5cd186b50431d3be5cb4f92ceb31e5145f34262db6c05488b.png,images/d19c7b07f6ac89e5cd186b50431d3be5cb4f92ceb31e5145f34262db6c05488b.png
9698512cff795b05cc0984b4f81bbd55b9589c802bd262784fb5701cd1c93373,9698512cff795b05cc0984b4f81bbd55b9589c802bd262784fb5701cd1c93373,lorenzo,batch_01_lorenzo,representative,RRDataset,fake,high,0.8546333909034729,0.016755009070038795,0.1286115199327469,0.8546333909034729,resnet50_imagenet1k_v2_layer4_fc_final_v1,images/9698512cff795b05cc0984b4f81bbd55b9589c802bd262784fb5701cd1c93373.png,images/9698512cff795b05cc0984b4f81bbd55b9589c802bd262784fb5701cd1c93373.png
6e338dca86ab6929ba2f196ae5fdca76045571e76825285b2f4178716f25b085,6e338dca86ab6929ba2f196ae5fdca76045571e76825285b2f4178716f25b085,lorenzo,batch_01_lorenzo,representative,RRDataset,real,medium,0.9426147937774658,0.02971557341516018,0.9426147937774658,0.02766968496143818,resnet50_imagenet1k_v2_layer4_fc_final_v1,images/6e338dca86ab6929ba2f196ae5fdca76045571e76825285b2f4178716f25b085.jpg,images/6e338dca86ab6929ba2f196ae5fdca76045571e76825285b2f4178716f25b085.jpg
dc650b29ba49c9decef434fe6ff36e154c94f57021d8aabaa35d4901d9dcdea7,dc650b29ba49c9decef434fe6ff36e154c94f57021d8aabaa35d4901d9dcdea7,lorenzo,batch_01_lorenzo,representative,RRDataset,real,medium,0.937666654586792,0.058710984885692596,0.937666654586792,0.0036222999915480614,resnet50_imagenet1k_v2_layer4_fc_final_v1,images/dc650b29ba49c9decef434fe6ff36e154c94f57021d8aabaa35d4901d9dcdea7.jpg,images/dc650b29ba49c9decef434fe6ff36e154c94f57021d8aabaa35d4901d9dcdea7.jpg
9d7f0f3794d165ed74895c9f0dc2e4e6e5415e99fc563c493c907020f59cdbb2,9d7f0f3794d165ed74895c9f0dc2e4e6e5415e99fc563c493c907020f59cdbb2,lorenzo,batch_01_lorenzo,targeted,saberzl/SID_Set,fake,high,0.5388172268867493,0.2199019491672516,0.24128080904483795,0.5388172268867493,resnet50_imagenet1k_v2_layer4_fc_final_v1,images/9d7f0f3794d165ed74895c9f0dc2e4e6e5415e99fc563c493c907020f59cdbb2.png,images/9d7f0f3794d165ed74895c9f0dc2e4e6e5415e99fc563c493c907020f59cdbb2.png
d5429345687161ca008a3a78d324e15d804a04fd96e1eb2db4258d61ca12af97,d5429345687161ca008a3a78d324e15d804a04fd96e1eb2db4258d61ca12af97,lorenzo,batch_01_lorenzo,targeted,ComplexDataLab/OpenFake,fake,medium,0.4748457074165344,0.4322424829006195,0.4748457074165344,0.09291180223226547,resnet50_imagenet1k_v2_layer4_fc_final_v1,images/d5429345687161ca008a3a78d324e15d804a04fd96e1eb2db4258d61ca12af97.webp,images/d5429345687161ca008a3a78d324e15d804a04fd96e1eb2db4258d61ca12af97.webp
27f9fff865bd98c471eee710adf305ce3fec4832653e1580fa45f265c8c3489a,27f9fff865bd98c471eee710adf305ce3fec4832653e1580fa45f265c8c3489a,lorenzo,batch_01_lorenzo,targeted,RRDataset,fake,high,0.6692889928817749,0.21237868070602417,0.11833229660987854,0.6692889928817749,resnet50_imagenet1k_v2_layer4_fc_final_v1,images/27f9fff865bd98c471eee710adf305ce3fec4832653e1580fa45f265c8c3489a.png,images/27f9fff865bd98c471eee710adf305ce3fec4832653e1580fa45f265c8c3489a.png
44f6f72ab117ac83f9d77d8719766b089f315fa364739215aa85d0f3a2cb19a4,44f6f72ab117ac83f9d77d8719766b089f315fa364739215aa85d0f3a2cb19a4,lorenzo,batch_01_lorenzo,representative,saberzl/SID_Set,fake,low,0.6670824885368347,0.6670824885368347,0.3288220763206482,0.004095391370356083,resnet50_imagenet1k_v2_layer4_fc_final_v1,images/44f6f72ab117ac83f9d77d8719766b089f315fa364739215aa85d0f3a2cb19a4.png,images/44f6f72ab117ac83f9d77d8719766b089f315fa364739215aa85d0f3a2cb19a4.png
18a86c9bef8206bf37e3d41dd3d5df8fa34e06b299db11eaabf7cd2c004ddaa7,18a86c9bef8206bf37e3d41dd3d5df8fa34e06b299db11eaabf7cd2c004ddaa7,lorenzo,batch_01_lorenzo,representative,ComplexDataLab/OpenFake,fake,medium,0.8899362087249756,0.0900096744298935,0.8899362087249756,0.020054103806614876,resnet50_imagenet1k_v2_layer4_fc_final_v1,images/18a86c9bef8206bf37e3d41dd3d5df8fa34e06b299db11eaabf7cd2c004ddaa7.jpg,images/18a86c9bef8206bf37e3d41dd3d5df8fa34e06b299db11eaabf7cd2c004ddaa7.jpg
b9a4c4ffb8e7379f308ddbeca682765246039dc08eaf7b432a788c3fe81010cb,b9a4c4ffb8e7379f308ddbeca682765246039dc08eaf7b432a788c3fe81010cb,lorenzo,batch_01_lorenzo,representative,ComplexDataLab/OpenFake,fake,medium,0.5932402014732361,0.33702048659324646,0.5932402014732361,0.06973932683467865,resnet50_imagenet1k_v2_layer4_fc_final_v1,images/b9a4c4ffb8e7379f308ddbeca682765246039dc08eaf7b432a788c3fe81010cb.png,images/b9a4c4ffb8e7379f308ddbeca682765246039dc08eaf7b432a788c3fe81010cb.png
ae054ba0aefe238b4654defefe781888917eb50ff8c1b3b8ddd5fa7557d540b7,ae054ba0aefe238b4654defefe781888917eb50ff8c1b3b8ddd5fa7557d540b7,lorenzo,batch_01_lorenzo,representative,saberzl/SID_Set,fake,medium,0.6971601843833923,0.2718910574913025,0.6971601843833923,0.030948713421821594,resnet50_imagenet1k_v2_layer4_fc_final_v1,images/ae054ba0aefe238b4654defefe781888917eb50ff8c1b3b8ddd5fa7557d540b7.png,images/ae054ba0aefe238b4654defefe781888917eb50ff8c1b3b8ddd5fa7557d540b7.png
3d332ac21be146054fa5c9aace0e2f72e9753100cafb1e8c6e68bf8a3684475d,3d332ac21be146054fa5c9aace0e2f72e9753100cafb1e8c6e68bf8a3684475d,lorenzo,batch_01_lorenzo,representative,RRDataset,fake,medium,0.5542133450508118,0.3964451551437378,0.5542133450508118,0.049341458827257156,resnet50_imagenet1k_v2_layer4_fc_final_v1,images/3d332ac21be146054fa5c9aace0e2f72e9753100cafb1e8c6e68bf8a3684475d.png,images/3d332ac21be146054fa5c9aace0e2f72e9753100cafb1e8c6e68bf8a3684475d.png
3472b378ba5684e266307c1be123518115fd738e276e5433f150126696832555,3472b378ba5684e266307c1be123518115fd738e276e5433f150126696832555,lorenzo,batch_01_lorenzo,targeted,RRDataset,fake,high,0.5225256681442261,0.23499621450901031,0.2424781322479248,0.5225256681442261,resnet50_imagenet1k_v2_layer4_fc_final_v1,images/3472b378ba5684e266307c1be123518115fd738e276e5433f150126696832555.png,images/3472b378ba5684e266307c1be123518115fd738e276e5433f150126696832555.png
e9ffd0d6e3d69e32f05d0393abb4feae7ccaba5bf2535a064907cd24683a864c,e9ffd0d6e3d69e32f05d0393abb4feae7ccaba5bf2535a064907cd24683a864c,lorenzo,batch_01_lorenzo,representative,saberzl/SID_Set,real,medium,0.49534153938293457,0.050008032470941544,0.49534153938293457,0.4546504318714142,resnet50_imagenet1k_v2_layer4_fc_final_v1,images/e9ffd0d6e3d69e32f05d0393abb4feae7ccaba5bf2535a064907cd24683a864c.jpg,images/e9ffd0d6e3d69e32f05d0393abb4feae7ccaba5bf2535a064907cd24683a864c.jpg
e5010a1df55419c3f93e2cba0cf85c753fc34aabb456de01c9a062b2dd22e058,e5010a1df55419c3f93e2cba0cf85c753fc34aabb456de01c9a062b2dd22e058,lorenzo,batch_01_lorenzo,representative,RRDataset,fake,low,0.8812094330787659,0.8812094330787659,0.11303491145372391,0.0057555935345590115,resnet50_imagenet1k_v2_layer4_fc_final_v1,images/e5010a1df55419c3f93e2cba0cf85c753fc34aabb456de01c9a062b2dd22e058.png,images/e5010a1df55419c3f93e2cba0cf85c753fc34aabb456de01c9a062b2dd22e058.png
e29296f1067afdc14c4bcb5078d5d39eb092fdbbb283b91d2cb2150a73987833,e29296f1067afdc14c4bcb5078d5d39eb092fdbbb283b91d2cb2150a73987833,lorenzo,batch_01_lorenzo,representative,saberzl/SID_Set,fake,low,0.7047556042671204,0.7047556042671204,0.28813594579696655,0.007108448073267937,resnet50_imagenet1k_v2_layer4_fc_final_v1,images/e29296f1067afdc14c4bcb5078d5d39eb092fdbbb283b91d2cb2150a73987833.png,images/e29296f1067afdc14c4bcb5078d5d39eb092fdbbb283b91d2cb2150a73987833.png
006ee61f66b7d52d7c5e51f48e5824f2a032cf318f31e3a470dee6743999f343,006ee61f66b7d52d7c5e51f48e5824f2a032cf318f31e3a470dee6743999f343,lorenzo,batch_01_lorenzo,targeted,saberzl/SID_Set,fake,high,0.5042885541915894,0.1120234951376915,0.38368794322013855,0.5042885541915894,resnet50_imagenet1k_v2_layer4_fc_final_v1,images/006ee61f66b7d52d7c5e51f48e5824f2a032cf318f31e3a470dee6743999f343.png,images/006ee61f66b7d52d7c5e51f48e5824f2a032cf318f31e3a470dee6743999f343.png
a7fc59057a322d10c7bdd331a0835e86fb785bae267c44cce7f721d09dbf89eb,a7fc59057a322d10c7bdd331a0835e86fb785bae267c44cce7f721d09dbf89eb,lorenzo,batch_01_lorenzo,representative,ComplexDataLab/OpenFake,fake,low,0.9380558729171753,0.9380558729171753,0.059048738330602646,0.00289538293145597,resnet50_imagenet1k_v2_layer4_fc_final_v1,images/a7fc59057a322d10c7bdd331a0835e86fb785bae267c44cce7f721d09dbf89eb.jpg,images/a7fc59057a322d10c7bdd331a0835e86fb785bae267c44cce7f721d09dbf89eb.jpg
5fad4b8db531276b73263edc137e35e9177d34890b0cb4332c52cc97ad62c310,5fad4b8db531276b73263edc137e35e9177d34890b0cb4332c52cc97ad62c310,lorenzo,batch_01_lorenzo,representative,RRDataset,real,medium,0.5454123020172119,0.45095938444137573,0.5454123020172119,0.003628287697210908,resnet50_imagenet1k_v2_layer4_fc_final_v1,images/5fad4b8db531276b73263edc137e35e9177d34890b0cb4332c52cc97ad62c310.jpg,images/5fad4b8db531276b73263edc137e35e9177d34890b0cb4332c52cc97ad62c310.jpg
d36efdd710d2d64a71ebec4320df2db0a47f6b9f8f5dd3bdfb8894153b1a7c54,d36efdd710d2d64a71ebec4320df2db0a47f6b9f8f5dd3bdfb8894153b1a7c54,lorenzo,batch_01_lorenzo,targeted,ComplexDataLab/OpenFake,fake,high,0.6835924983024597,0.123436838388443,0.1929706335067749,0.6835924983024597,resnet50_imagenet1k_v2_layer4_fc_final_v1,images/d36efdd710d2d64a71ebec4320df2db0a47f6b9f8f5dd3bdfb8894153b1a7c54.png,images/d36efdd710d2d64a71ebec4320df2db0a47f6b9f8f5dd3bdfb8894153b1a7c54.png
e020b31cbf0a3fb6384278f845d8cbf47ce4e51c6131f32fa579cd7a9dbead1a,e020b31cbf0a3fb6384278f845d8cbf47ce4e51c6131f32fa579cd7a9dbead1a,lorenzo,batch_01_lorenzo,representative,ComplexDataLab/OpenFake,real,low,0.5964048504829407,0.5964048504829407,0.38265570998191833,0.02093941532075405,resnet50_imagenet1k_v2_layer4_fc_final_v1,images/e020b31cbf0a3fb6384278f845d8cbf47ce4e51c6131f32fa579cd7a9dbead1a.jpg,images/e020b31cbf0a3fb6384278f845d8cbf47ce4e51c6131f32fa579cd7a9dbead1a.jpg
084a08a6996a0abefc7917c4489bae34db649a00a64fc9224778d0e7d58bd323,084a08a6996a0abefc7917c4489bae34db649a00a64fc9224778d0e7d58bd323,lorenzo,batch_01_lorenzo,representative,saberzl/SID_Set,fake,low,0.8368676900863647,0.8368676900863647,0.1312284916639328,0.03190380334854126,resnet50_imagenet1k_v2_layer4_fc_final_v1,images/084a08a6996a0abefc7917c4489bae34db649a00a64fc9224778d0e7d58bd323.png,images/084a08a6996a0abefc7917c4489bae34db649a00a64fc9224778d0e7d58bd323.png
a60e3e9ec3ffa6f14a6a0214726559cf45c87cdf9ad143c1eb0a85ebd623542e,a60e3e9ec3ffa6f14a6a0214726559cf45c87cdf9ad143c1eb0a85ebd623542e,lorenzo,batch_01_lorenzo,targeted,RRDataset,fake,high,0.9168737530708313,0.004337808582931757,0.07878850400447845,0.9168737530708313,resnet50_imagenet1k_v2_layer4_fc_final_v1,images/a60e3e9ec3ffa6f14a6a0214726559cf45c87cdf9ad143c1eb0a85ebd623542e.png,images/a60e3e9ec3ffa6f14a6a0214726559cf45c87cdf9ad143c1eb0a85ebd623542e.png
0126a08492ae133193d23d77abf6c6fc5e8ec10e44c8cfebce7e6ac0e4e243d8,0126a08492ae133193d23d77abf6c6fc5e8ec10e44c8cfebce7e6ac0e4e243d8,lorenzo,batch_01_lorenzo,representative,saberzl/SID_Set,real,medium,0.6672738194465637,0.32780420780181885,0.6672738194465637,0.004922003019601107,resnet50_imagenet1k_v2_layer4_fc_final_v1,images/0126a08492ae133193d23d77abf6c6fc5e8ec10e44c8cfebce7e6ac0e4e243d8.jpg,images/0126a08492ae133193d23d77abf6c6fc5e8ec10e44c8cfebce7e6ac0e4e243d8.jpg
67bcae7cb7b01d98d49c5163eab96fa873c8ef30e7c0b3e509a0fb6f8c39dd90,67bcae7cb7b01d98d49c5163eab96fa873c8ef30e7c0b3e509a0fb6f8c39dd90,lorenzo,batch_01_lorenzo,targeted,ComplexDataLab/OpenFake,fake,high,0.8994952440261841,0.011116587556898594,0.08938824385404587,0.8994952440261841,resnet50_imagenet1k_v2_layer4_fc_final_v1,images/67bcae7cb7b01d98d49c5163eab96fa873c8ef30e7c0b3e509a0fb6f8c39dd90.png,images/67bcae7cb7b01d98d49c5163eab96fa873c8ef30e7c0b3e509a0fb6f8c39dd90.png
1ae5bd41b7fae39eeeb67c0a5b47d298e4bb5d13d84446edad8b9ad6a2ceadc4,1ae5bd41b7fae39eeeb67c0a5b47d298e4bb5d13d84446edad8b9ad6a2ceadc4,lorenzo,batch_01_lorenzo,representative,saberzl/SID_Set,real,low,0.7173051834106445,0.7173051834106445,0.26435980200767517,0.0183350071310997,resnet50_imagenet1k_v2_layer4_fc_final_v1,images/1ae5bd41b7fae39eeeb67c0a5b47d298e4bb5d13d84446edad8b9ad6a2ceadc4.jpg,images/1ae5bd41b7fae39eeeb67c0a5b47d298e4bb5d13d84446edad8b9ad6a2ceadc4.jpg
0d83baf45e27609072fd220aeb8d7306bfe14b0b7d18e5b1c3c3da96f7babc4a,0d83baf45e27609072fd220aeb8d7306bfe14b0b7d18e5b1c3c3da96f7babc4a,lorenzo,batch_01_lorenzo,representative,saberzl/SID_Set,fake,low,0.7968817353248596,0.7968817353248596,0.18347403407096863,0.019644254818558693,resnet50_imagenet1k_v2_layer4_fc_final_v1,images/0d83baf45e27609072fd220aeb8d7306bfe14b0b7d18e5b1c3c3da96f7babc4a.png,images/0d83baf45e27609072fd220aeb8d7306bfe14b0b7d18e5b1c3c3da96f7babc4a.png
00dbdda9142f5479d8506dd10cfc3ea4956f31937f39aa824c657ee300b65c55,00dbdda9142f5479d8506dd10cfc3ea4956f31937f39aa824c657ee300b65c55,lorenzo,batch_01_lorenzo,representative,saberzl/SID_Set,real,low,0.8866413831710815,0.8866413831710815,0.10433472692966461,0.00902385264635086,resnet50_imagenet1k_v2_layer4_fc_final_v1,images/00dbdda9142f5479d8506dd10cfc3ea4956f31937f39aa824c657ee300b65c55.jpg,images/00dbdda9142f5479d8506dd10cfc3ea4956f31937f39aa824c657ee300b65c55.jpg
c986e249b579192a6f753205ab530e701908d8b3c90573534cacaa90be4d616f,c986e249b579192a6f753205ab530e701908d8b3c90573534cacaa90be4d616f,lorenzo,batch_01_lorenzo,representative,saberzl/SID_Set,real,low,0.5649896264076233,0.5649896264076233,0.28841713070869446,0.14659321308135986,resnet50_imagenet1k_v2_layer4_fc_final_v1,images/c986e249b579192a6f753205ab530e701908d8b3c90573534cacaa90be4d616f.jpg,images/c986e249b579192a6f753205ab530e701908d8b3c90573534cacaa90be4d616f.jpg
7cab84885b831e181471fd422759aaa6755a96b4daf2aaff22b546b4454babb2,7cab84885b831e181471fd422759aaa6755a96b4daf2aaff22b546b4454babb2,lorenzo,batch_01_lorenzo,targeted,RRDataset,fake,high,0.4559411108493805,0.17467032372951508,0.36938855051994324,0.4559411108493805,resnet50_imagenet1k_v2_layer4_fc_final_v1,images/7cab84885b831e181471fd422759aaa6755a96b4daf2aaff22b546b4454babb2.png,images/7cab84885b831e181471fd422759aaa6755a96b4daf2aaff22b546b4454babb2.png
958669004ea4ede7a824c1aa5036332f4850b9179e68254917cf9efc1612dfe4,958669004ea4ede7a824c1aa5036332f4850b9179e68254917cf9efc1612dfe4,lorenzo,batch_01_lorenzo,targeted,RRDataset,fake,high,0.8528003096580505,0.013268670067191124,0.1339309811592102,0.8528003096580505,resnet50_imagenet1k_v2_layer4_fc_final_v1,images/958669004ea4ede7a824c1aa5036332f4850b9179e68254917cf9efc1612dfe4.png,images/958669004ea4ede7a824c1aa5036332f4850b9179e68254917cf9efc1612dfe4.png
d7cf8ae21987e7c784dca74ad2bf64df76bc8c67630d999105307206a07b249a,d7cf8ae21987e7c784dca74ad2bf64df76bc8c67630d999105307206a07b249a,lorenzo,batch_01_lorenzo,targeted,RRDataset,fake,medium,0.3863472640514374,0.3419753313064575,0.3863472640514374,0.2716773450374603,resnet50_imagenet1k_v2_layer4_fc_final_v1,images/d7cf8ae21987e7c784dca74ad2bf64df76bc8c67630d999105307206a07b249a.png,images/d7cf8ae21987e7c784dca74ad2bf64df76bc8c67630d999105307206a07b249a.png
c127980528b84ff9062c102dcb7cf9b337c5a910a2bde3b1ba4231afcee5186c,c127980528b84ff9062c102dcb7cf9b337c5a910a2bde3b1ba4231afcee5186c,lorenzo,batch_01_lorenzo,representative,ComplexDataLab/OpenFake,real,medium,0.9193854331970215,0.07801967114210129,0.9193854331970215,0.0025949005503207445,resnet50_imagenet1k_v2_layer4_fc_final_v1,images/c127980528b84ff9062c102dcb7cf9b337c5a910a2bde3b1ba4231afcee5186c.jpg,images/c127980528b84ff9062c102dcb7cf9b337c5a910a2bde3b1ba4231afcee5186c.jpg
21cd061cb0650a4449a8f73ddf335f17e924e52beab9784846cd124801c9a99b,21cd061cb0650a4449a8f73ddf335f17e924e52beab9784846cd124801c9a99b,lorenzo,batch_01_lorenzo,targeted,RRDataset,fake,high,0.7101540565490723,0.19957976043224335,0.0902661457657814,0.7101540565490723,resnet50_imagenet1k_v2_layer4_fc_final_v1,images/21cd061cb0650a4449a8f73ddf335f17e924e52beab9784846cd124801c9a99b.png,images/21cd061cb0650a4449a8f73ddf335f17e924e52beab9784846cd124801c9a99b.png
7f78fcc79c5a70f4bb9c22d95760338cf9ea8f01a5d7114d2660bad15d2cae05,7f78fcc79c5a70f4bb9c22d95760338cf9ea8f01a5d7114d2660bad15d2cae05,lorenzo,batch_01_lorenzo,targeted,RRDataset,fake,high,0.6062754392623901,0.09894178062677383,0.29478272795677185,0.6062754392623901,resnet50_imagenet1k_v2_layer4_fc_final_v1,images/7f78fcc79c5a70f4bb9c22d95760338cf9ea8f01a5d7114d2660bad15d2cae05.png,images/7f78fcc79c5a70f4bb9c22d95760338cf9ea8f01a5d7114d2660bad15d2cae05.png
736f9d880dbb9751c7d016ab8450630e589a7dd5a03caaf5bc4ffe44a600f2ab,736f9d880dbb9751c7d016ab8450630e589a7dd5a03caaf5bc4ffe44a600f2ab,lorenzo,batch_01_lorenzo,targeted,RRDataset,fake,high,0.6790391802787781,0.025585349649190903,0.2953755259513855,0.6790391802787781,resnet50_imagenet1k_v2_layer4_fc_final_v1,images/736f9d880dbb9751c7d016ab8450630e589a7dd5a03caaf5bc4ffe44a600f2ab.png,images/736f9d880dbb9751c7d016ab8450630e589a7dd5a03caaf5bc4ffe44a600f2ab.png
a56e99a651d4ce3df9f78882d22ce27676c32c12f454bfd94c573a06f61ed24e,a56e99a651d4ce3df9f78882d22ce27676c32c12f454bfd94c573a06f61ed24e,lorenzo,batch_01_lorenzo,representative,saberzl/SID_Set,fake,low,0.6819440722465515,0.6819440722465515,0.2848493158817291,0.03320667892694473,resnet50_imagenet1k_v2_layer4_fc_final_v1,images/a56e99a651d4ce3df9f78882d22ce27676c32c12f454bfd94c573a06f61ed24e.png,images/a56e99a651d4ce3df9f78882d22ce27676c32c12f454bfd94c573a06f61ed24e.png
f029f440c45f2e5a461b4a2d96fc75b9616cc9d0f0d2695dda11642fa9d455f2,f029f440c45f2e5a461b4a2d96fc75b9616cc9d0f0d2695dda11642fa9d455f2,lorenzo,batch_01_lorenzo,representative,saberzl/SID_Set,fake,medium,0.9361658692359924,0.04767697677016258,0.9361658692359924,0.016157178208231926,resnet50_imagenet1k_v2_layer4_fc_final_v1,images/f029f440c45f2e5a461b4a2d96fc75b9616cc9d0f0d2695dda11642fa9d455f2.png,images/f029f440c45f2e5a461b4a2d96fc75b9616cc9d0f0d2695dda11642fa9d455f2.png
e677265ae1ef2920fef1d27a93c33800e43036d3e90c1140ee3afb7bcffbbbe7,e677265ae1ef2920fef1d27a93c33800e43036d3e90c1140ee3afb7bcffbbbe7,lorenzo,batch_01_lorenzo,representative,saberzl/SID_Set,fake,medium,0.9432121515274048,0.04150042310357094,0.9432121515274048,0.015287426300346851,resnet50_imagenet1k_v2_layer4_fc_final_v1,images/e677265ae1ef2920fef1d27a93c33800e43036d3e90c1140ee3afb7bcffbbbe7.png,images/e677265ae1ef2920fef1d27a93c33800e43036d3e90c1140ee3afb7bcffbbbe7.png
c521d38bf560a5f19b842c7f4d80e3486e2d5f99977b44e736b23fddf7cef42a,c521d38bf560a5f19b842c7f4d80e3486e2d5f99977b44e736b23fddf7cef42a,lorenzo,batch_01_lorenzo,targeted,ComplexDataLab/OpenFake,fake,medium,0.5065670609474182,0.48424747586250305,0.5065670609474182,0.00918547622859478,resnet50_imagenet1k_v2_layer4_fc_final_v1,images/c521d38bf560a5f19b842c7f4d80e3486e2d5f99977b44e736b23fddf7cef42a.png,images/c521d38bf560a5f19b842c7f4d80e3486e2d5f99977b44e736b23fddf7cef42a.png
3628d787935f375938ac6a70317aef92ebcbf6c49e43e5d089ef6b7139499444,3628d787935f375938ac6a70317aef92ebcbf6c49e43e5d089ef6b7139499444,lorenzo,batch_01_lorenzo,representative,ComplexDataLab/OpenFake,real,medium,0.8078173995018005,0.030705725774168968,0.8078173995018005,0.16147686541080475,resnet50_imagenet1k_v2_layer4_fc_final_v1,images/3628d787935f375938ac6a70317aef92ebcbf6c49e43e5d089ef6b7139499444.jpg,images/3628d787935f375938ac6a70317aef92ebcbf6c49e43e5d089ef6b7139499444.jpg
e23c5f97c3c0819f7d70bafa2a2535809ec47896f11c9f20561b1af807e8a9a5,e23c5f97c3c0819f7d70bafa2a2535809ec47896f11c9f20561b1af807e8a9a5,lorenzo,batch_01_lorenzo,targeted,saberzl/SID_Set,fake,high,0.5300841331481934,0.1678927093744278,0.30202317237854004,0.5300841331481934,resnet50_imagenet1k_v2_layer4_fc_final_v1,images/e23c5f97c3c0819f7d70bafa2a2535809ec47896f11c9f20561b1af807e8a9a5.png,images/e23c5f97c3c0819f7d70bafa2a2535809ec47896f11c9f20561b1af807e8a9a5.png
bcb972071e3d2f8fae434bbc4cb0007f499ca748de827192dbaaa86770ebd5d1,bcb972071e3d2f8fae434bbc4cb0007f499ca748de827192dbaaa86770ebd5d1,lorenzo,batch_01_lorenzo,targeted,ComplexDataLab/OpenFake,real,low,0.5110321640968323,0.5110321640968323,0.48475223779678345,0.004215633030980825,resnet50_imagenet1k_v2_layer4_fc_final_v1,images/bcb972071e3d2f8fae434bbc4cb0007f499ca748de827192dbaaa86770ebd5d1.jpg,images/bcb972071e3d2f8fae434bbc4cb0007f499ca748de827192dbaaa86770ebd5d1.jpg
4ce5fe8692e303ef108d7f3d01c6880db5397e3229ada484ea732a354756f883,4ce5fe8692e303ef108d7f3d01c6880db5397e3229ada484ea732a354756f883,lorenzo,batch_01_lorenzo,representative,saberzl/SID_Set,real,low,0.5747349858283997,0.5747349858283997,0.3219888508319855,0.10327621549367905,resnet50_imagenet1k_v2_layer4_fc_final_v1,images/4ce5fe8692e303ef108d7f3d01c6880db5397e3229ada484ea732a354756f883.jpg,images/4ce5fe8692e303ef108d7f3d01c6880db5397e3229ada484ea732a354756f883.jpg
8224ecf821b73db9b37114848f76318322152aa6a5a5d8f5108ef63e3efaefce,8224ecf821b73db9b37114848f76318322152aa6a5a5d8f5108ef63e3efaefce,lorenzo,batch_01_lorenzo,targeted,RRDataset,fake,high,0.4013172686100006,0.23184026777744293,0.36684244871139526,0.4013172686100006,resnet50_imagenet1k_v2_layer4_fc_final_v1,images/8224ecf821b73db9b37114848f76318322152aa6a5a5d8f5108ef63e3efaefce.png,images/8224ecf821b73db9b37114848f76318322152aa6a5a5d8f5108ef63e3efaefce.png
5b83f86ed3a765c93b7dc581fa9caadf6b56db3d536e57918cda483b2a3ddb5d,5b83f86ed3a765c93b7dc581fa9caadf6b56db3d536e57918cda483b2a3ddb5d,lorenzo,batch_01_lorenzo,representative,saberzl/SID_Set,fake,low,0.5126183032989502,0.5126183032989502,0.4551256597042084,0.03225600719451904,resnet50_imagenet1k_v2_layer4_fc_final_v1,images/5b83f86ed3a765c93b7dc581fa9caadf6b56db3d536e57918cda483b2a3ddb5d.png,images/5b83f86ed3a765c93b7dc581fa9caadf6b56db3d536e57918cda483b2a3ddb5d.png
718425999d0d9a1a5e6fd574d86d604b9241143c81303c4d5efd3966e50f8833,718425999d0d9a1a5e6fd574d86d604b9241143c81303c4d5efd3966e50f8833,lorenzo,batch_01_lorenzo,targeted,saberzl/SID_Set,real,high,0.8349621295928955,0.035334765911102295,0.12970304489135742,0.8349621295928955,resnet50_imagenet1k_v2_layer4_fc_final_v1,images/718425999d0d9a1a5e6fd574d86d604b9241143c81303c4d5efd3966e50f8833.jpg,images/718425999d0d9a1a5e6fd574d86d604b9241143c81303c4d5efd3966e50f8833.jpg
131b0390999bd8e399ae533c5c7a0478a519c644fcd4243bbef419644c9e7f7d,131b0390999bd8e399ae533c5c7a0478a519c644fcd4243bbef419644c9e7f7d,lorenzo,batch_01_lorenzo,representative,saberzl/SID_Set,real,low,0.472993940114975,0.472993940114975,0.2746448814868927,0.2523612380027771,resnet50_imagenet1k_v2_layer4_fc_final_v1,images/131b0390999bd8e399ae533c5c7a0478a519c644fcd4243bbef419644c9e7f7d.jpg,images/131b0390999bd8e399ae533c5c7a0478a519c644fcd4243bbef419644c9e7f7d.jpg
a700b20162e022a552f81c5d13a29d34a74dc06c1801b044bf43304f348afa2b,a700b20162e022a552f81c5d13a29d34a74dc06c1801b044bf43304f348afa2b,lorenzo,batch_01_lorenzo,representative,ComplexDataLab/OpenFake,real,medium,0.7996258735656738,0.19207940995693207,0.7996258735656738,0.008294723927974701,resnet50_imagenet1k_v2_layer4_fc_final_v1,images/a700b20162e022a552f81c5d13a29d34a74dc06c1801b044bf43304f348afa2b.jpg,images/a700b20162e022a552f81c5d13a29d34a74dc06c1801b044bf43304f348afa2b.jpg
b67d959293387352e0d38c8e9f7c97a03d6cbb155148fb9721d840fff1d8485c,b67d959293387352e0d38c8e9f7c97a03d6cbb155148fb9721d840fff1d8485c,lorenzo,batch_01_lorenzo,representative,ComplexDataLab/OpenFake,real,low,0.5855122208595276,0.5855122208595276,0.40272074937820435,0.011767010204494,resnet50_imagenet1k_v2_layer4_fc_final_v1,images/b67d959293387352e0d38c8e9f7c97a03d6cbb155148fb9721d840fff1d8485c.jpg,images/b67d959293387352e0d38c8e9f7c97a03d6cbb155148fb9721d840fff1d8485c.jpg
805c68b99ed198b2fd233caa6200d7f5bd52459557a62ef38cd0703ab4310302,805c68b99ed198b2fd233caa6200d7f5bd52459557a62ef38cd0703ab4310302,lorenzo,batch_01_lorenzo,representative,RRDataset,fake,low,0.6279957890510559,0.6279957890510559,0.20575425028800964,0.16624996066093445,resnet50_imagenet1k_v2_layer4_fc_final_v1,images/805c68b99ed198b2fd233caa6200d7f5bd52459557a62ef38cd0703ab4310302.png,images/805c68b99ed198b2fd233caa6200d7f5bd52459557a62ef38cd0703ab4310302.png
ec2788963a5cdd73874380a360fbc93d38ccdfc669ab8ae521973e92952bb7e7,ec2788963a5cdd73874380a360fbc93d38ccdfc669ab8ae521973e92952bb7e7,lorenzo,batch_01_lorenzo,representative,ComplexDataLab/OpenFake,real,low,0.7524083852767944,0.7524083852767944,0.245332270860672,0.002259328030049801,resnet50_imagenet1k_v2_layer4_fc_final_v1,images/ec2788963a5cdd73874380a360fbc93d38ccdfc669ab8ae521973e92952bb7e7.jpg,images/ec2788963a5cdd73874380a360fbc93d38ccdfc669ab8ae521973e92952bb7e7.jpg
5a5c27a6615916e32fcc6a465eef05d00b8dad4e611224e40bfbe43e0fb50b59,5a5c27a6615916e32fcc6a465eef05d00b8dad4e611224e40bfbe43e0fb50b59,lorenzo,batch_01_lorenzo,targeted,RRDataset,fake,high,0.8076246976852417,0.027802566066384315,0.16457267105579376,0.8076246976852417,resnet50_imagenet1k_v2_layer4_fc_final_v1,images/5a5c27a6615916e32fcc6a465eef05d00b8dad4e611224e40bfbe43e0fb50b59.png,images/5a5c27a6615916e32fcc6a465eef05d00b8dad4e611224e40bfbe43e0fb50b59.png
c2881379492dd71284ac4b63a8d3c629baa2b448c2c9359b65063d36490e1f3a,c2881379492dd71284ac4b63a8d3c629baa2b448c2c9359b65063d36490e1f3a,lorenzo,batch_01_lorenzo,representative,saberzl/SID_Set,fake,medium,0.8658240437507629,0.10056287050247192,0.8658240437507629,0.03361313045024872,resnet50_imagenet1k_v2_layer4_fc_final_v1,images/c2881379492dd71284ac4b63a8d3c629baa2b448c2c9359b65063d36490e1f3a.png,images/c2881379492dd71284ac4b63a8d3c629baa2b448c2c9359b65063d36490e1f3a.png
35e47f8ca87424ebba5b2eb391a9ba902f2f10d8db10b7b0f7fff6f763cf7a36,35e47f8ca87424ebba5b2eb391a9ba902f2f10d8db10b7b0f7fff6f763cf7a36,lorenzo,batch_01_lorenzo,targeted,ComplexDataLab/OpenFake,real,high,0.5552095770835876,0.09550873935222626,0.3492816686630249,0.5552095770835876,resnet50_imagenet1k_v2_layer4_fc_final_v1,images/35e47f8ca87424ebba5b2eb391a9ba902f2f10d8db10b7b0f7fff6f763cf7a36.jpg,images/35e47f8ca87424ebba5b2eb391a9ba902f2f10d8db10b7b0f7fff6f763cf7a36.jpg
de0b635df4dfd7e35ff0254c151d1102e50458c65b50e785eb1a57fbede2184a,de0b635df4dfd7e35ff0254c151d1102e50458c65b50e785eb1a57fbede2184a,lorenzo,batch_01_lorenzo,representative,saberzl/SID_Set,real,low,0.6680616140365601,0.6680616140365601,0.2841741144657135,0.04776420444250107,resnet50_imagenet1k_v2_layer4_fc_final_v1,images/de0b635df4dfd7e35ff0254c151d1102e50458c65b50e785eb1a57fbede2184a.jpg,images/de0b635df4dfd7e35ff0254c151d1102e50458c65b50e785eb1a57fbede2184a.jpg
c661aa408c18fe45635909cef13019f38480e081c74574a95b8a225cd87cdeca,c661aa408c18fe45635909cef13019f38480e081c74574a95b8a225cd87cdeca,lorenzo,batch_01_lorenzo,targeted,ComplexDataLab/OpenFake,real,high,0.4377845525741577,0.16061344742774963,0.40160197019577026,0.4377845525741577,resnet50_imagenet1k_v2_layer4_fc_final_v1,images/c661aa408c18fe45635909cef13019f38480e081c74574a95b8a225cd87cdeca.jpg,images/c661aa408c18fe45635909cef13019f38480e081c74574a95b8a225cd87cdeca.jpg
d1406b63b8991e1afe2721c5485149eb68085b65b9334faae7070864c4018c55,d1406b63b8991e1afe2721c5485149eb68085b65b9334faae7070864c4018c55,lorenzo,batch_01_lorenzo,representative,saberzl/SID_Set,fake,low,0.6352205276489258,0.6352205276489258,0.3567197322845459,0.008059712126851082,resnet50_imagenet1k_v2_layer4_fc_final_v1,images/d1406b63b8991e1afe2721c5485149eb68085b65b9334faae7070864c4018c55.png,images/d1406b63b8991e1afe2721c5485149eb68085b65b9334faae7070864c4018c55.png
f45e11654db2d7af65034d9103421209ef801c685e7587052edfeaaa60ad995c,f45e11654db2d7af65034d9103421209ef801c685e7587052edfeaaa60ad995c,lorenzo,batch_01_lorenzo,targeted,saberzl/SID_Set,fake,medium,0.36858564615249634,0.29442939162254333,0.36858564615249634,0.3369849920272827,resnet50_imagenet1k_v2_layer4_fc_final_v1,images/f45e11654db2d7af65034d9103421209ef801c685e7587052edfeaaa60ad995c.png,images/f45e11654db2d7af65034d9103421209ef801c685e7587052edfeaaa60ad995c.png
f37d0c78bd258f62f15ad6459f53183b43a087737846ba8f36d8187a61bf9b6c,f37d0c78bd258f62f15ad6459f53183b43a087737846ba8f36d8187a61bf9b6c,lorenzo,batch_01_lorenzo,targeted,RRDataset,fake,high,0.4508654475212097,0.21634408831596375,0.3327903747558594,0.4508654475212097,resnet50_imagenet1k_v2_layer4_fc_final_v1,images/f37d0c78bd258f62f15ad6459f53183b43a087737846ba8f36d8187a61bf9b6c.png,images/f37d0c78bd258f62f15ad6459f53183b43a087737846ba8f36d8187a61bf9b6c.png
236b80771a781ba9f0489b5be2993bafd0ac9d785140c14629b48db21fa8dbe9,236b80771a781ba9f0489b5be2993bafd0ac9d785140c14629b48db21fa8dbe9,lorenzo,batch_01_lorenzo,representative,RRDataset,fake,low,0.4794386625289917,0.4794386625289917,0.0841045007109642,0.4364568293094635,resnet50_imagenet1k_v2_layer4_fc_final_v1,images/236b80771a781ba9f0489b5be2993bafd0ac9d785140c14629b48db21fa8dbe9.png,images/236b80771a781ba9f0489b5be2993bafd0ac9d785140c14629b48db21fa8dbe9.png
af49f5b7e1f568ab3b7e461d7e8ecb1bd8de72df02189e1f7f2d9fb1e608779a,af49f5b7e1f568ab3b7e461d7e8ecb1bd8de72df02189e1f7f2d9fb1e608779a,lorenzo,batch_01_lorenzo,representative,ComplexDataLab/OpenFake,real,low,0.6970710754394531,0.6970710754394531,0.25285398960113525,0.050074879080057144,resnet50_imagenet1k_v2_layer4_fc_final_v1,images/af49f5b7e1f568ab3b7e461d7e8ecb1bd8de72df02189e1f7f2d9fb1e608779a.jpg,images/af49f5b7e1f568ab3b7e461d7e8ecb1bd8de72df02189e1f7f2d9fb1e608779a.jpg
e5657ebaf73c003442c84f52ddbc5988c3b01ea959d9e882c69478739322fd25,e5657ebaf73c003442c84f52ddbc5988c3b01ea959d9e882c69478739322fd25,lorenzo,batch_01_lorenzo,targeted,RRDataset,fake,high,0.623813271522522,0.1453476995229721,0.23083898425102234,0.623813271522522,resnet50_imagenet1k_v2_layer4_fc_final_v1,images/e5657ebaf73c003442c84f52ddbc5988c3b01ea959d9e882c69478739322fd25.png,images/e5657ebaf73c003442c84f52ddbc5988c3b01ea959d9e882c69478739322fd25.png
e2ced96352ff6218c6b0998b365863ea1f2b2cf379638cb31bbe5522accf2898,e2ced96352ff6218c6b0998b365863ea1f2b2cf379638cb31bbe5522accf2898,lorenzo,batch_01_lorenzo,representative,ComplexDataLab/OpenFake,fake,medium,0.9209161996841431,0.07860902696847916,0.9209161996841431,0.00047474549501203,resnet50_imagenet1k_v2_layer4_fc_final_v1,images/e2ced96352ff6218c6b0998b365863ea1f2b2cf379638cb31bbe5522accf2898.jpg,images/e2ced96352ff6218c6b0998b365863ea1f2b2cf379638cb31bbe5522accf2898.jpg
091fad4af1b62a2001892ab1b2c045364c580616c8202cd9416b649a74aec05b,091fad4af1b62a2001892ab1b2c045364c580616c8202cd9416b649a74aec05b,lorenzo,batch_01_lorenzo,targeted,RRDataset,fake,high,0.7429471015930176,0.14193318784236908,0.11511971801519394,0.7429471015930176,resnet50_imagenet1k_v2_layer4_fc_final_v1,images/091fad4af1b62a2001892ab1b2c045364c580616c8202cd9416b649a74aec05b.png,images/091fad4af1b62a2001892ab1b2c045364c580616c8202cd9416b649a74aec05b.png
593b9336dd895b1c2a597ad59a86ca7e6235f69ec876d2dbea692ec28789d039,593b9336dd895b1c2a597ad59a86ca7e6235f69ec876d2dbea692ec28789d039,lorenzo,batch_01_lorenzo,representative,RRDataset,real,medium,0.7437475323677063,0.07312938570976257,0.7437475323677063,0.18312303721904755,resnet50_imagenet1k_v2_layer4_fc_final_v1,images/593b9336dd895b1c2a597ad59a86ca7e6235f69ec876d2dbea692ec28789d039.jpg,images/593b9336dd895b1c2a597ad59a86ca7e6235f69ec876d2dbea692ec28789d039.jpg
6efe31afb087b7a213ea48b5baaa1b278b499d75ad9ce3fb6a64ba98055484c9,6efe31afb087b7a213ea48b5baaa1b278b499d75ad9ce3fb6a64ba98055484c9,lorenzo,batch_01_lorenzo,representative,ComplexDataLab/OpenFake,fake,low,0.5734777450561523,0.5734777450561523,0.42561763525009155,0.0009045758633874357,resnet50_imagenet1k_v2_layer4_fc_final_v1,images/6efe31afb087b7a213ea48b5baaa1b278b499d75ad9ce3fb6a64ba98055484c9.png,images/6efe31afb087b7a213ea48b5baaa1b278b499d75ad9ce3fb6a64ba98055484c9.png
35d5fa6f62864bdcf5b419a707642e65924e89bd73f97c9a1d70860aa4b7fb2f,35d5fa6f62864bdcf5b419a707642e65924e89bd73f97c9a1d70860aa4b7fb2f,lorenzo,batch_01_lorenzo,targeted,RRDataset,fake,high,0.47871050238609314,0.08029366284608841,0.44099584221839905,0.47871050238609314,resnet50_imagenet1k_v2_layer4_fc_final_v1,images/35d5fa6f62864bdcf5b419a707642e65924e89bd73f97c9a1d70860aa4b7fb2f.png,images/35d5fa6f62864bdcf5b419a707642e65924e89bd73f97c9a1d70860aa4b7fb2f.png
7870a49e2d9a6d30946984447b8358b87db072268ae95fea528d2c8403139c8a,7870a49e2d9a6d30946984447b8358b87db072268ae95fea528d2c8403139c8a,lorenzo,batch_01_lorenzo,representative,ComplexDataLab/OpenFake,real,high,0.41179969906806946,0.2495214194059372,0.33867883682250977,0.41179969906806946,resnet50_imagenet1k_v2_layer4_fc_final_v1,images/7870a49e2d9a6d30946984447b8358b87db072268ae95fea528d2c8403139c8a.jpg,images/7870a49e2d9a6d30946984447b8358b87db072268ae95fea528d2c8403139c8a.jpg
2ef9deb9e5df67e7051de34343e46a1724872bbb050445255ffa4922b3b5429b,2ef9deb9e5df67e7051de34343e46a1724872bbb050445255ffa4922b3b5429b,lorenzo,batch_01_lorenzo,representative,ComplexDataLab/OpenFake,real,medium,0.9796496629714966,0.019421949982643127,0.9796496629714966,0.0009283259860239923,resnet50_imagenet1k_v2_layer4_fc_final_v1,images/2ef9deb9e5df67e7051de34343e46a1724872bbb050445255ffa4922b3b5429b.jpg,images/2ef9deb9e5df67e7051de34343e46a1724872bbb050445255ffa4922b3b5429b.jpg
f8e1d7a5f5e660156be0aeac542c9aa4c27cb2ea8509d93ef10de38d6d84875f,f8e1d7a5f5e660156be0aeac542c9aa4c27cb2ea8509d93ef10de38d6d84875f,lorenzo,batch_01_lorenzo,representative,saberzl/SID_Set,fake,medium,0.6336272954940796,0.36484476923942566,0.6336272954940796,0.0015279114013537765,resnet50_imagenet1k_v2_layer4_fc_final_v1,images/f8e1d7a5f5e660156be0aeac542c9aa4c27cb2ea8509d93ef10de38d6d84875f.png,images/f8e1d7a5f5e660156be0aeac542c9aa4c27cb2ea8509d93ef10de38d6d84875f.png
9b0d52e5196dbb89a18908c41e9cd09c160a17a0b011437080b15dfe66de3007,9b0d52e5196dbb89a18908c41e9cd09c160a17a0b011437080b15dfe66de3007,lorenzo,batch_01_lorenzo,representative,ComplexDataLab/OpenFake,fake,low,0.6315930485725403,0.6315930485725403,0.36213839054107666,0.006268551107496023,resnet50_imagenet1k_v2_layer4_fc_final_v1,images/9b0d52e5196dbb89a18908c41e9cd09c160a17a0b011437080b15dfe66de3007.jpg,images/9b0d52e5196dbb89a18908c41e9cd09c160a17a0b011437080b15dfe66de3007.jpg
c8fb068bda13b7001df93d1e0411fad895cc6f4f5603a5ed0ee2e978672d9457,c8fb068bda13b7001df93d1e0411fad895cc6f4f5603a5ed0ee2e978672d9457,lorenzo,batch_01_lorenzo,targeted,saberzl/SID_Set,fake,high,0.41153034567832947,0.2502959370613098,0.3381737470626831,0.41153034567832947,resnet50_imagenet1k_v2_layer4_fc_final_v1,images/c8fb068bda13b7001df93d1e0411fad895cc6f4f5603a5ed0ee2e978672d9457.png,images/c8fb068bda13b7001df93d1e0411fad895cc6f4f5603a5ed0ee2e978672d9457.png
6db972a4b41af08c5c504682cb0bbc9b616756392441f6c68f5e0bc41a33bddb,6db972a4b41af08c5c504682cb0bbc9b616756392441f6c68f5e0bc41a33bddb,lorenzo,batch_01_lorenzo,targeted,RRDataset,real,high,0.6413040161132812,0.05235565826296806,0.3063402771949768,0.6413040161132812,resnet50_imagenet1k_v2_layer4_fc_final_v1,images/6db972a4b41af08c5c504682cb0bbc9b616756392441f6c68f5e0bc41a33bddb.jpg,images/6db972a4b41af08c5c504682cb0bbc9b616756392441f6c68f5e0bc41a33bddb.jpg
bdbd094814aee8248a08ac9c2dc86ed41a21a7dc8bf0dab20c1d3c8dfe8ab0ec,bdbd094814aee8248a08ac9c2dc86ed41a21a7dc8bf0dab20c1d3c8dfe8ab0ec,lorenzo,batch_01_lorenzo,targeted,ComplexDataLab/OpenFake,fake,high,0.8060100674629211,0.029535626992583275,0.1644543558359146,0.8060100674629211,resnet50_imagenet1k_v2_layer4_fc_final_v1,images/bdbd094814aee8248a08ac9c2dc86ed41a21a7dc8bf0dab20c1d3c8dfe8ab0ec.png,images/bdbd094814aee8248a08ac9c2dc86ed41a21a7dc8bf0dab20c1d3c8dfe8ab0ec.png
a4930bcf2f8ebd665cf9518718eb798bf15a57774a1cedee49e285ae92015a12,a4930bcf2f8ebd665cf9518718eb798bf15a57774a1cedee49e285ae92015a12,lorenzo,batch_01_lorenzo,targeted,RRDataset,fake,high,0.7522330284118652,0.06249812990427017,0.18526875972747803,0.7522330284118652,resnet50_imagenet1k_v2_layer4_fc_final_v1,images/a4930bcf2f8ebd665cf9518718eb798bf15a57774a1cedee49e285ae92015a12.png,images/a4930bcf2f8ebd665cf9518718eb798bf15a57774a1cedee49e285ae92015a12.png
51124bf8da03ecf6ba29e7a6faa6316df4654c2ff21253fbc228aa9c18a51ae1,51124bf8da03ecf6ba29e7a6faa6316df4654c2ff21253fbc228aa9c18a51ae1,lorenzo,batch_01_lorenzo,representative,ComplexDataLab/OpenFake,fake,medium,0.46442142128944397,0.14061425626277924,0.46442142128944397,0.39496439695358276,resnet50_imagenet1k_v2_layer4_fc_final_v1,images/51124bf8da03ecf6ba29e7a6faa6316df4654c2ff21253fbc228aa9c18a51ae1.png,images/51124bf8da03ecf6ba29e7a6faa6316df4654c2ff21253fbc228aa9c18a51ae1.png
fd232ae9bddbadb813fac597202ace2e189cbfffc1d82f07bbc3c11c3b8bf1f5,fd232ae9bddbadb813fac597202ace2e189cbfffc1d82f07bbc3c11c3b8bf1f5,lorenzo,batch_01_lorenzo,targeted,RRDataset,fake,high,0.8411802649497986,0.018984565511345863,0.1398352086544037,0.8411802649497986,resnet50_imagenet1k_v2_layer4_fc_final_v1,images/fd232ae9bddbadb813fac597202ace2e189cbfffc1d82f07bbc3c11c3b8bf1f5.png,images/fd232ae9bddbadb813fac597202ace2e189cbfffc1d82f07bbc3c11c3b8bf1f5.png
30b9eccbf9c76256a014540d505719d96380de0c54951bbb3d50da2a985c7619,30b9eccbf9c76256a014540d505719d96380de0c54951bbb3d50da2a985c7619,lorenzo,batch_01_lorenzo,targeted,ComplexDataLab/OpenFake,real,high,0.4361063241958618,0.24105240404605865,0.3228412866592407,0.4361063241958618,resnet50_imagenet1k_v2_layer4_fc_final_v1,images/30b9eccbf9c76256a014540d505719d96380de0c54951bbb3d50da2a985c7619.jpg,images/30b9eccbf9c76256a014540d505719d96380de0c54951bbb3d50da2a985c7619.jpg
0f6d3a2db252e38772e399e4805c703d539fe0fede5294ef40726f6c5ad6396d,0f6d3a2db252e38772e399e4805c703d539fe0fede5294ef40726f6c5ad6396d,lorenzo,batch_01_lorenzo,representative,saberzl/SID_Set,real,medium,0.8205890655517578,0.14205411076545715,0.8205890655517578,0.03735685348510742,resnet50_imagenet1k_v2_layer4_fc_final_v1,images/0f6d3a2db252e38772e399e4805c703d539fe0fede5294ef40726f6c5ad6396d.jpg,images/0f6d3a2db252e38772e399e4805c703d539fe0fede5294ef40726f6c5ad6396d.jpg
239befe410762a4de63d6ad9dc9d8f43d3472c1839a9f5a0cf380ae233c8a7a0,239befe410762a4de63d6ad9dc9d8f43d3472c1839a9f5a0cf380ae233c8a7a0,lorenzo,batch_01_lorenzo,targeted,RRDataset,fake,high,0.543390154838562,0.15669764578342438,0.2999122142791748,0.543390154838562,resnet50_imagenet1k_v2_layer4_fc_final_v1,images/239befe410762a4de63d6ad9dc9d8f43d3472c1839a9f5a0cf380ae233c8a7a0.png,images/239befe410762a4de63d6ad9dc9d8f43d3472c1839a9f5a0cf380ae233c8a7a0.png
775391a468799350ecdeb4a0e60af47ec93609b2f3bd12e8081249e4e23cce15,775391a468799350ecdeb4a0e60af47ec93609b2f3bd12e8081249e4e23cce15,lorenzo,batch_01_lorenzo,representative,ComplexDataLab/OpenFake,fake,medium,0.5603567361831665,0.14318306744098663,0.5603567361831665,0.29646018147468567,resnet50_imagenet1k_v2_layer4_fc_final_v1,images/775391a468799350ecdeb4a0e60af47ec93609b2f3bd12e8081249e4e23cce15.png,images/775391a468799350ecdeb4a0e60af47ec93609b2f3bd12e8081249e4e23cce15.png
de78cfb6ac87519955fccf7d2852a5207aca84b275edad0c65c117377783f053,de78cfb6ac87519955fccf7d2852a5207aca84b275edad0c65c117377783f053,lorenzo,batch_01_lorenzo,representative,ComplexDataLab/OpenFake,real,medium,0.8728209733963013,0.12386522442102432,0.8728209733963013,0.0033138087019324303,resnet50_imagenet1k_v2_layer4_fc_final_v1,images/de78cfb6ac87519955fccf7d2852a5207aca84b275edad0c65c117377783f053.jpg,images/de78cfb6ac87519955fccf7d2852a5207aca84b275edad0c65c117377783f053.jpg
104cefa638a2fdb4f0a9cdeb0a427efbe2f96b6dd0d52e2fd68694b48d82b610,104cefa638a2fdb4f0a9cdeb0a427efbe2f96b6dd0d52e2fd68694b48d82b610,lorenzo,batch_01_lorenzo,representative,RRDataset,real,low,0.7529407143592834,0.7529407143592834,0.24356034398078918,0.0034989509731531143,resnet50_imagenet1k_v2_layer4_fc_final_v1,images/104cefa638a2fdb4f0a9cdeb0a427efbe2f96b6dd0d52e2fd68694b48d82b610.jpg,images/104cefa638a2fdb4f0a9cdeb0a427efbe2f96b6dd0d52e2fd68694b48d82b610.jpg
3acac594a2a9404d62f1b546d5b93311f64caf40363a6f75a416cda54cfab5eb,3acac594a2a9404d62f1b546d5b93311f64caf40363a6f75a416cda54cfab5eb,lorenzo,batch_01_lorenzo,representative,RRDataset,fake,medium,0.9500256776809692,0.007180312182754278,0.9500256776809692,0.04279404878616333,resnet50_imagenet1k_v2_layer4_fc_final_v1,images/3acac594a2a9404d62f1b546d5b93311f64caf40363a6f75a416cda54cfab5eb.png,images/3acac594a2a9404d62f1b546d5b93311f64caf40363a6f75a416cda54cfab5eb.png
9b6361d82fe1f12556072048d7115bb2272a327fa7ebdbd11e34a482e3c592b8,9b6361d82fe1f12556072048d7115bb2272a327fa7ebdbd11e34a482e3c592b8,lorenzo,batch_01_lorenzo,representative,ComplexDataLab/OpenFake,fake,medium,0.8227080702781677,0.17607541382312775,0.8227080702781677,0.0012165313819423318,resnet50_imagenet1k_v2_layer4_fc_final_v1,images/9b6361d82fe1f12556072048d7115bb2272a327fa7ebdbd11e34a482e3c592b8.png,images/9b6361d82fe1f12556072048d7115bb2272a327fa7ebdbd11e34a482e3c592b8.png
e16566fc8a79d68d5a30f05fbee3f43a7336774915ee7509be7ea6d7ef9e1ed5,e16566fc8a79d68d5a30f05fbee3f43a7336774915ee7509be7ea6d7ef9e1ed5,lorenzo,batch_01_lorenzo,representative,saberzl/SID_Set,fake,medium,0.681431770324707,0.31611597537994385,0.681431770324707,0.002452203305438161,resnet50_imagenet1k_v2_layer4_fc_final_v1,images/e16566fc8a79d68d5a30f05fbee3f43a7336774915ee7509be7ea6d7ef9e1ed5.png,images/e16566fc8a79d68d5a30f05fbee3f43a7336774915ee7509be7ea6d7ef9e1ed5.png
41954ba76074ab5b5d9c17ab162d6826afd0e4250b30ca02ae89e8d96cce664a,41954ba76074ab5b5d9c17ab162d6826afd0e4250b30ca02ae89e8d96cce664a,lorenzo,batch_01_lorenzo,representative,RRDataset,real,low,0.5479416251182556,0.5479416251182556,0.44945189356803894,0.0026064531411975622,resnet50_imagenet1k_v2_layer4_fc_final_v1,images/41954ba76074ab5b5d9c17ab162d6826afd0e4250b30ca02ae89e8d96cce664a.jpg,images/41954ba76074ab5b5d9c17ab162d6826afd0e4250b30ca02ae89e8d96cce664a.jpg
d5097ab54b80237393c20da8078215bf18ddc7f517afa7a06dfd3e8768b155ac,d5097ab54b80237393c20da8078215bf18ddc7f517afa7a06dfd3e8768b155ac,lorenzo,batch_01_lorenzo,targeted,ComplexDataLab/OpenFake,fake,low,0.4045105576515198,0.4045105576515198,0.19603680074214935,0.39945265650749207,resnet50_imagenet1k_v2_layer4_fc_final_v1,images/d5097ab54b80237393c20da8078215bf18ddc7f517afa7a06dfd3e8768b155ac.png,images/d5097ab54b80237393c20da8078215bf18ddc7f517afa7a06dfd3e8768b155ac.png
acb9b26f990de446b527c0d3c7434457e4b0714f106b1884240d30da24640fac,acb9b26f990de446b527c0d3c7434457e4b0714f106b1884240d30da24640fac,lorenzo,batch_01_lorenzo,representative,RRDataset,real,medium,0.6690182089805603,0.3167545795440674,0.6690182089805603,0.014227177947759628,resnet50_imagenet1k_v2_layer4_fc_final_v1,images/acb9b26f990de446b527c0d3c7434457e4b0714f106b1884240d30da24640fac.jpg,images/acb9b26f990de446b527c0d3c7434457e4b0714f106b1884240d30da24640fac.jpg
22c62153792403ad5d7223c93ee68daa44da0bb2c7f5bbad9d6dc92212293a2e,22c62153792403ad5d7223c93ee68daa44da0bb2c7f5bbad9d6dc92212293a2e,lorenzo,batch_01_lorenzo,representative,saberzl/SID_Set,real,medium,0.7489240169525146,0.17144009470939636,0.7489240169525146,0.07963583618402481,resnet50_imagenet1k_v2_layer4_fc_final_v1,images/22c62153792403ad5d7223c93ee68daa44da0bb2c7f5bbad9d6dc92212293a2e.jpg,images/22c62153792403ad5d7223c93ee68daa44da0bb2c7f5bbad9d6dc92212293a2e.jpg
2c2d40c41e091183540f595a9f2703cd977ace11415a13e25a04ab566186af59,2c2d40c41e091183540f595a9f2703cd977ace11415a13e25a04ab566186af59,lorenzo,batch_01_lorenzo,representative,ComplexDataLab/OpenFake,fake,low,0.7745222449302673,0.7745222449302673,0.2182534635066986,0.0072243064641952515,resnet50_imagenet1k_v2_layer4_fc_final_v1,images/2c2d40c41e091183540f595a9f2703cd977ace11415a13e25a04ab566186af59.png,images/2c2d40c41e091183540f595a9f2703cd977ace11415a13e25a04ab566186af59.png
816b3cebb6a491059bf8e50ade322f38f743b4773b93b53ee4c004490091cbf8,816b3cebb6a491059bf8e50ade322f38f743b4773b93b53ee4c004490091cbf8,lorenzo,batch_01_lorenzo,targeted,ComplexDataLab/OpenFake,fake,medium,0.5098013281822205,0.4889056384563446,0.5098013281822205,0.0012930314987897873,resnet50_imagenet1k_v2_layer4_fc_final_v1,images/816b3cebb6a491059bf8e50ade322f38f743b4773b93b53ee4c004490091cbf8.png,images/816b3cebb6a491059bf8e50ade322f38f743b4773b93b53ee4c004490091cbf8.png
3714cb6f6c940b672f66b77efe3650e3be661817b3ae22b80a2925c6f4d26524,3714cb6f6c940b672f66b77efe3650e3be661817b3ae22b80a2925c6f4d26524,lorenzo,batch_01_lorenzo,targeted,saberzl/SID_Set,fake,medium,0.38055717945098877,0.3765062093734741,0.38055717945098877,0.24293659627437592,resnet50_imagenet1k_v2_layer4_fc_final_v1,images/3714cb6f6c940b672f66b77efe3650e3be661817b3ae22b80a2925c6f4d26524.png,images/3714cb6f6c940b672f66b77efe3650e3be661817b3ae22b80a2925c6f4d26524.png
fb4488bc21fcc5025f60fc1fd6b6197877e040576aa47baeb32428214516da70,fb4488bc21fcc5025f60fc1fd6b6197877e040576aa47baeb32428214516da70,lorenzo,batch_01_lorenzo,representative,saberzl/SID_Set,real,medium,0.9377515912055969,0.028812821954488754,0.9377515912055969,0.03343553841114044,resnet50_imagenet1k_v2_layer4_fc_final_v1,images/fb4488bc21fcc5025f60fc1fd6b6197877e040576aa47baeb32428214516da70.jpg,images/fb4488bc21fcc5025f60fc1fd6b6197877e040576aa47baeb32428214516da70.jpg
3fdfdc7ec0146aedde1b9e79d33de83bc52dcc9821538b7b0e0206b2e9ec755a,3fdfdc7ec0146aedde1b9e79d33de83bc52dcc9821538b7b0e0206b2e9ec755a,lorenzo,batch_01_lorenzo,targeted,saberzl/SID_Set,real,low,0.3648351728916168,0.3648351728916168,0.3508639633655548,0.284300833940506,resnet50_imagenet1k_v2_layer4_fc_final_v1,images/3fdfdc7ec0146aedde1b9e79d33de83bc52dcc9821538b7b0e0206b2e9ec755a.jpg,images/3fdfdc7ec0146aedde1b9e79d33de83bc52dcc9821538b7b0e0206b2e9ec755a.jpg
51e127ff27783e703771bdef616cc59317a0171234ff1307d7c0b3a493d39d17,51e127ff27783e703771bdef616cc59317a0171234ff1307d7c0b3a493d39d17,lorenzo,batch_01_lorenzo,representative,ComplexDataLab/OpenFake,fake,low,0.7815732955932617,0.7815732955932617,0.18995307385921478,0.02847365289926529,resnet50_imagenet1k_v2_layer4_fc_final_v1,images/51e127ff27783e703771bdef616cc59317a0171234ff1307d7c0b3a493d39d17.png,images/51e127ff27783e703771bdef616cc59317a0171234ff1307d7c0b3a493d39d17.png
0d6910967163e37fb6263f3e96f8a381a6f4e8e6e2846f348bb54bd7057972eb,0d6910967163e37fb6263f3e96f8a381a6f4e8e6e2846f348bb54bd7057972eb,lorenzo,batch_01_lorenzo,targeted,ComplexDataLab/OpenFake,fake,medium,0.5107861757278442,0.4860924184322357,0.5107861757278442,0.0031214349437505007,resnet50_imagenet1k_v2_layer4_fc_final_v1,images/0d6910967163e37fb6263f3e96f8a381a6f4e8e6e2846f348bb54bd7057972eb.png,images/0d6910967163e37fb6263f3e96f8a381a6f4e8e6e2846f348bb54bd7057972eb.png
df6808b76272bc58b91db76b4f8852df72f41128b172bb9916129aabb8ea867c,df6808b76272bc58b91db76b4f8852df72f41128b172bb9916129aabb8ea867c,lorenzo,batch_01_lorenzo,representative,ComplexDataLab/OpenFake,fake,high,0.7407518029212952,0.031050194054841995,0.22819802165031433,0.7407518029212952,resnet50_imagenet1k_v2_layer4_fc_final_v1,images/df6808b76272bc58b91db76b4f8852df72f41128b172bb9916129aabb8ea867c.png,images/df6808b76272bc58b91db76b4f8852df72f41128b172bb9916129aabb8ea867c.png
c761710b14fb12f076f4420c3ce9ec3fcf543487cc7dd9ab042df7782207c4c8,c761710b14fb12f076f4420c3ce9ec3fcf543487cc7dd9ab042df7782207c4c8,lorenzo,batch_01_lorenzo,representative,RRDataset,real,medium,0.829328715801239,0.1675693839788437,0.829328715801239,0.0031019155867397785,resnet50_imagenet1k_v2_layer4_fc_final_v1,images/c761710b14fb12f076f4420c3ce9ec3fcf543487cc7dd9ab042df7782207c4c8.jpg,images/c761710b14fb12f076f4420c3ce9ec3fcf543487cc7dd9ab042df7782207c4c8.jpg
d85b9ebf78b29c0ac3eed7edfd45ffd0207772a9994d808a77af7bcc48b4b8c3,d85b9ebf78b29c0ac3eed7edfd45ffd0207772a9994d808a77af7bcc48b4b8c3,lorenzo,batch_01_lorenzo,representative,ComplexDataLab/OpenFake,fake,medium,0.9010966420173645,0.09749599546194077,0.9010966420173645,0.0014072968624532223,resnet50_imagenet1k_v2_layer4_fc_final_v1,images/d85b9ebf78b29c0ac3eed7edfd45ffd0207772a9994d808a77af7bcc48b4b8c3.png,images/d85b9ebf78b29c0ac3eed7edfd45ffd0207772a9994d808a77af7bcc48b4b8c3.png
f3087ec42b093a0d95d1e819991be4ed37264fb9fd43c4fa0daa0d9ecf05c376,f3087ec42b093a0d95d1e819991be4ed37264fb9fd43c4fa0daa0d9ecf05c376,lorenzo,batch_01_lorenzo,targeted,ComplexDataLab/OpenFake,fake,high,0.5284900665283203,0.28068435192108154,0.19082550704479218,0.5284900665283203,resnet50_imagenet1k_v2_layer4_fc_final_v1,images/f3087ec42b093a0d95d1e819991be4ed37264fb9fd43c4fa0daa0d9ecf05c376.png,images/f3087ec42b093a0d95d1e819991be4ed37264fb9fd43c4fa0daa0d9ecf05c376.png
90b04581e49b1c5859e40f80c988d9b7498dbbc04a061afbeea5c509e7bd43d1,90b04581e49b1c5859e40f80c988d9b7498dbbc04a061afbeea5c509e7bd43d1,lorenzo,batch_01_lorenzo,targeted,saberzl/SID_Set,fake,medium,0.4252636432647705,0.42223039269447327,0.4252636432647705,0.15250597894191742,resnet50_imagenet1k_v2_layer4_fc_final_v1,images/90b04581e49b1c5859e40f80c988d9b7498dbbc04a061afbeea5c509e7bd43d1.png,images/90b04581e49b1c5859e40f80c988d9b7498dbbc04a061afbeea5c509e7bd43d1.png
f139ccb0b4a740824efbd9819764ff392803742f7439ce201879a5c7bfb6ca16,f139ccb0b4a740824efbd9819764ff392803742f7439ce201879a5c7bfb6ca16,lorenzo,batch_01_lorenzo,representative,RRDataset,real,medium,0.49888116121292114,0.4707653522491455,0.49888116121292114,0.03035346232354641,resnet50_imagenet1k_v2_layer4_fc_final_v1,images/f139ccb0b4a740824efbd9819764ff392803742f7439ce201879a5c7bfb6ca16.jpg,images/f139ccb0b4a740824efbd9819764ff392803742f7439ce201879a5c7bfb6ca16.jpg
a1f4f63efff9aaf30f5cf6af5c986815dd714543b7549c4ddfc900984235d3ad,a1f4f63efff9aaf30f5cf6af5c986815dd714543b7549c4ddfc900984235d3ad,lorenzo,batch_01_lorenzo,targeted,RRDataset,fake,high,0.7570911645889282,0.1465376913547516,0.0963711142539978,0.7570911645889282,resnet50_imagenet1k_v2_layer4_fc_final_v1,images/a1f4f63efff9aaf30f5cf6af5c986815dd714543b7549c4ddfc900984235d3ad.png,images/a1f4f63efff9aaf30f5cf6af5c986815dd714543b7549c4ddfc900984235d3ad.png
6dd62d94597404c86d0e70a822526bbd6da2d24a791f63ef92f0bb8bab330ef3,6dd62d94597404c86d0e70a822526bbd6da2d24a791f63ef92f0bb8bab330ef3,lorenzo,batch_01_lorenzo,representative,RRDataset,fake,high,0.7449173927307129,0.014771400950849056,0.2403111308813095,0.7449173927307129,resnet50_imagenet1k_v2_layer4_fc_final_v1,images/6dd62d94597404c86d0e70a822526bbd6da2d24a791f63ef92f0bb8bab330ef3.png,images/6dd62d94597404c86d0e70a822526bbd6da2d24a791f63ef92f0bb8bab330ef3.png
5f1d99385759cba91ae16d14781b311ce2af47cee5b6c6e4646d19f58d33dc18,5f1d99385759cba91ae16d14781b311ce2af47cee5b6c6e4646d19f58d33dc18,lorenzo,batch_01_lorenzo,targeted,saberzl/SID_Set,real,high,0.36281880736351013,0.28346750140190125,0.35371366143226624,0.36281880736351013,resnet50_imagenet1k_v2_layer4_fc_final_v1,images/5f1d99385759cba91ae16d14781b311ce2af47cee5b6c6e4646d19f58d33dc18.jpg,images/5f1d99385759cba91ae16d14781b311ce2af47cee5b6c6e4646d19f58d33dc18.jpg
ca2bdbe192319fee0afeddba0a82110cf1c8a67c74cc17db53bf2440b8163360,ca2bdbe192319fee0afeddba0a82110cf1c8a67c74cc17db53bf2440b8163360,lorenzo,batch_01_lorenzo,representative,ComplexDataLab/OpenFake,real,medium,0.7635858058929443,0.13657404482364655,0.7635858058929443,0.09984015673398972,resnet50_imagenet1k_v2_layer4_fc_final_v1,images/ca2bdbe192319fee0afeddba0a82110cf1c8a67c74cc17db53bf2440b8163360.png,images/ca2bdbe192319fee0afeddba0a82110cf1c8a67c74cc17db53bf2440b8163360.png
e05fdca77a4778e708789a5e98bac79205025b51d6ccc88463037c44b22b3a51,e05fdca77a4778e708789a5e98bac79205025b51d6ccc88463037c44b22b3a51,lorenzo,batch_01_lorenzo,representative,saberzl/SID_Set,fake,medium,0.7929388284683228,0.20290210843086243,0.7929388284683228,0.004159074742347002,resnet50_imagenet1k_v2_layer4_fc_final_v1,images/e05fdca77a4778e708789a5e98bac79205025b51d6ccc88463037c44b22b3a51.png,images/e05fdca77a4778e708789a5e98bac79205025b51d6ccc88463037c44b22b3a51.png
5a5011515f37f5446fd97444d68f27cf252040b7dbb3598b222e42e78fc664b8,5a5011515f37f5446fd97444d68f27cf252040b7dbb3598b222e42e78fc664b8,lorenzo,batch_01_lorenzo,representative,RRDataset,fake,medium,0.4961404502391815,0.4411478042602539,0.4961404502391815,0.06271177530288696,resnet50_imagenet1k_v2_layer4_fc_final_v1,images/5a5011515f37f5446fd97444d68f27cf252040b7dbb3598b222e42e78fc664b8.png,images/5a5011515f37f5446fd97444d68f27cf252040b7dbb3598b222e42e78fc664b8.png
7aa24c7e73f7ab6d011e3c03350f075f6d71813cf0b32a73a1734906f19e0671,7aa24c7e73f7ab6d011e3c03350f075f6d71813cf0b32a73a1734906f19e0671,lorenzo,batch_01_lorenzo,representative,saberzl/SID_Set,fake,medium,0.8538020849227905,0.1122247651219368,0.8538020849227905,0.03397317975759506,resnet50_imagenet1k_v2_layer4_fc_final_v1,images/7aa24c7e73f7ab6d011e3c03350f075f6d71813cf0b32a73a1734906f19e0671.png,images/7aa24c7e73f7ab6d011e3c03350f075f6d71813cf0b32a73a1734906f19e0671.png
b6970f4435d5d661d649657b34af410258a5fa092a7e439c4642741fdf13e368,b6970f4435d5d661d649657b34af410258a5fa092a7e439c4642741fdf13e368,lorenzo,batch_01_lorenzo,representative,ComplexDataLab/OpenFake,fake,low,0.5423834323883057,0.5423834323883057,0.44880321621894836,0.008813328109681606,resnet50_imagenet1k_v2_layer4_fc_final_v1,images/b6970f4435d5d661d649657b34af410258a5fa092a7e439c4642741fdf13e368.png,images/b6970f4435d5d661d649657b34af410258a5fa092a7e439c4642741fdf13e368.png
c5cecca0bbd71422ad42e3462031c0b2b1956cb1ace18ab3407faf4587f03556,c5cecca0bbd71422ad42e3462031c0b2b1956cb1ace18ab3407faf4587f03556,lorenzo,batch_01_lorenzo,representative,ComplexDataLab/OpenFake,real,medium,0.7255467772483826,0.27152562141418457,0.7255467772483826,0.0029276295099407434,resnet50_imagenet1k_v2_layer4_fc_final_v1,images/c5cecca0bbd71422ad42e3462031c0b2b1956cb1ace18ab3407faf4587f03556.jpg,images/c5cecca0bbd71422ad42e3462031c0b2b1956cb1ace18ab3407faf4587f03556.jpg
f9a86a3dfc787ba1425161e00fa6687f18da123fbceb78716744ddbd3789676d,f9a86a3dfc787ba1425161e00fa6687f18da123fbceb78716744ddbd3789676d,lorenzo,batch_01_lorenzo,representative,RRDataset,real,low,0.6294091939926147,0.6294091939926147,0.366940438747406,0.0036503621377050877,resnet50_imagenet1k_v2_layer4_fc_final_v1,images/f9a86a3dfc787ba1425161e00fa6687f18da123fbceb78716744ddbd3789676d.jpg,images/f9a86a3dfc787ba1425161e00fa6687f18da123fbceb78716744ddbd3789676d.jpg
93742dcffb3c4aee5da22027f7f790791f99665f57b572f512368eac0e5770f7,93742dcffb3c4aee5da22027f7f790791f99665f57b572f512368eac0e5770f7,lorenzo,batch_01_lorenzo,targeted,RRDataset,fake,high,0.5440786480903625,0.04684808477759361,0.4090732932090759,0.5440786480903625,resnet50_imagenet1k_v2_layer4_fc_final_v1,images/93742dcffb3c4aee5da22027f7f790791f99665f57b572f512368eac0e5770f7.png,images/93742dcffb3c4aee5da22027f7f790791f99665f57b572f512368eac0e5770f7.png
a4fa55a28df775acece4ab89fb7ee9460bc6b90cfa6d0d16117bc9784ec3cd32,a4fa55a28df775acece4ab89fb7ee9460bc6b90cfa6d0d16117bc9784ec3cd32,lorenzo,batch_01_lorenzo,targeted,RRDataset,fake,high,0.8910391330718994,0.010347497649490833,0.09861330687999725,0.8910391330718994,resnet50_imagenet1k_v2_layer4_fc_final_v1,images/a4fa55a28df775acece4ab89fb7ee9460bc6b90cfa6d0d16117bc9784ec3cd32.png,images/a4fa55a28df775acece4ab89fb7ee9460bc6b90cfa6d0d16117bc9784ec3cd32.png
77744259595a40262969a7975c0adb33fa122befbe9b8c9dd5a38ec2a8502ce2,77744259595a40262969a7975c0adb33fa122befbe9b8c9dd5a38ec2a8502ce2,lorenzo,batch_01_lorenzo,targeted,RRDataset,fake,high,0.5299866199493408,0.0037528760731220245,0.46626055240631104,0.5299866199493408,resnet50_imagenet1k_v2_layer4_fc_final_v1,images/77744259595a40262969a7975c0adb33fa122befbe9b8c9dd5a38ec2a8502ce2.png,images/77744259595a40262969a7975c0adb33fa122befbe9b8c9dd5a38ec2a8502ce2.png
8bd6a4eff9cb694312151e3c86f733b062b4aa418b0474d206a3d0fcec4e03a8,8bd6a4eff9cb694312151e3c86f733b062b4aa418b0474d206a3d0fcec4e03a8,lorenzo,batch_01_lorenzo,representative,ComplexDataLab/OpenFake,real,medium,0.6594851016998291,0.2689303159713745,0.6594851016998291,0.071584552526474,resnet50_imagenet1k_v2_layer4_fc_final_v1,images/8bd6a4eff9cb694312151e3c86f733b062b4aa418b0474d206a3d0fcec4e03a8.jpg,images/8bd6a4eff9cb694312151e3c86f733b062b4aa418b0474d206a3d0fcec4e03a8.jpg
384017e7c90e09a745bd2b5fc0bae6561d7a2fc27e0d26ece34e9aa3a7ccb6bf,384017e7c90e09a745bd2b5fc0bae6561d7a2fc27e0d26ece34e9aa3a7ccb6bf,lorenzo,batch_01_lorenzo,representative,saberzl/SID_Set,real,medium,0.7422749996185303,0.25458958745002747,0.7422749996185303,0.0031354024540632963,resnet50_imagenet1k_v2_layer4_fc_final_v1,images/384017e7c90e09a745bd2b5fc0bae6561d7a2fc27e0d26ece34e9aa3a7ccb6bf.jpg,images/384017e7c90e09a745bd2b5fc0bae6561d7a2fc27e0d26ece34e9aa3a7ccb6bf.jpg
f16ce232a6650ab53f89a0e8fdbafd585b9b51d48387a3efa2ee09e0d05c4c96,f16ce232a6650ab53f89a0e8fdbafd585b9b51d48387a3efa2ee09e0d05c4c96,lorenzo,batch_01_lorenzo,representative,RRDataset,real,low,0.8070306777954102,0.8070306777954102,0.18354742228984833,0.009421871975064278,resnet50_imagenet1k_v2_layer4_fc_final_v1,images/f16ce232a6650ab53f89a0e8fdbafd585b9b51d48387a3efa2ee09e0d05c4c96.jpg,images/f16ce232a6650ab53f89a0e8fdbafd585b9b51d48387a3efa2ee09e0d05c4c96.jpg
afc50a40411a47c64eb9542c21ca3cb3761b6a0a64d20492bf2f25e5ae00780d,afc50a40411a47c64eb9542c21ca3cb3761b6a0a64d20492bf2f25e5ae00780d,lorenzo,batch_01_lorenzo,representative,RRDataset,real,medium,0.6989153027534485,0.29979684948921204,0.6989153027534485,0.0012878364650532603,resnet50_imagenet1k_v2_layer4_fc_final_v1,images/afc50a40411a47c64eb9542c21ca3cb3761b6a0a64d20492bf2f25e5ae00780d.jpg,images/afc50a40411a47c64eb9542c21ca3cb3761b6a0a64d20492bf2f25e5ae00780d.jpg
b37d7459799ec8d00492778d3fc9a0428bd613cb998c780200c1c85aaae3eaf4,b37d7459799ec8d00492778d3fc9a0428bd613cb998c780200c1c85aaae3eaf4,lorenzo,batch_01_lorenzo,representative,saberzl/SID_Set,real,medium,0.5433086156845093,0.4350574314594269,0.5433086156845093,0.021633945405483246,resnet50_imagenet1k_v2_layer4_fc_final_v1,images/b37d7459799ec8d00492778d3fc9a0428bd613cb998c780200c1c85aaae3eaf4.jpg,images/b37d7459799ec8d00492778d3fc9a0428bd613cb998c780200c1c85aaae3eaf4.jpg
cf88ccaf4d8daa16f8e9a9a3e209a9594f322f325bb03475ccb7068b4407beac,cf88ccaf4d8daa16f8e9a9a3e209a9594f322f325bb03475ccb7068b4407beac,lorenzo,batch_01_lorenzo,representative,RRDataset,fake,medium,0.8002256155014038,0.007961826398968697,0.8002256155014038,0.19181255996227264,resnet50_imagenet1k_v2_layer4_fc_final_v1,images/cf88ccaf4d8daa16f8e9a9a3e209a9594f322f325bb03475ccb7068b4407beac.png,images/cf88ccaf4d8daa16f8e9a9a3e209a9594f322f325bb03475ccb7068b4407beac.png
d931f69279a1ce072f0cb8b4090b93d1843a8f74f7dbb68c66e4ea7577c7100e,d931f69279a1ce072f0cb8b4090b93d1843a8f74f7dbb68c66e4ea7577c7100e,lorenzo,batch_01_lorenzo,targeted,ComplexDataLab/OpenFake,real,low,0.5074502825737,0.5074502825737,0.49035635590553284,0.0021933289244771004,resnet50_imagenet1k_v2_layer4_fc_final_v1,images/d931f69279a1ce072f0cb8b4090b93d1843a8f74f7dbb68c66e4ea7577c7100e.jpg,images/d931f69279a1ce072f0cb8b4090b93d1843a8f74f7dbb68c66e4ea7577c7100e.jpg
14cb61472007671f150ef1f7d9d1b5449344eed3f11cbe23eb0fb4b905fc103e,14cb61472007671f150ef1f7d9d1b5449344eed3f11cbe23eb0fb4b905fc103e,lorenzo,batch_01_lorenzo,targeted,RRDataset,fake,high,0.8950347900390625,0.039972566068172455,0.06499263644218445,0.8950347900390625,resnet50_imagenet1k_v2_layer4_fc_final_v1,images/14cb61472007671f150ef1f7d9d1b5449344eed3f11cbe23eb0fb4b905fc103e.png,images/14cb61472007671f150ef1f7d9d1b5449344eed3f11cbe23eb0fb4b905fc103e.png
eebc5a29824d06d848f92ad4b7a868a27099cafe6d8df5a3a63d53e7a7b6bfdd,eebc5a29824d06d848f92ad4b7a868a27099cafe6d8df5a3a63d53e7a7b6bfdd,lorenzo,batch_01_lorenzo,targeted,ComplexDataLab/OpenFake,real,high,0.4956289827823639,0.23227836191654205,0.27209270000457764,0.4956289827823639,resnet50_imagenet1k_v2_layer4_fc_final_v1,images/eebc5a29824d06d848f92ad4b7a868a27099cafe6d8df5a3a63d53e7a7b6bfdd.jpg,images/eebc5a29824d06d848f92ad4b7a868a27099cafe6d8df5a3a63d53e7a7b6bfdd.jpg
c2e8417242aefcba4f35ca5cc77090d74b8dfd00d9f17e49e776889f2a7ea5a0,c2e8417242aefcba4f35ca5cc77090d74b8dfd00d9f17e49e776889f2a7ea5a0,lorenzo,batch_01_lorenzo,targeted,ComplexDataLab/OpenFake,real,medium,0.5002322196960449,0.4976845681667328,0.5002322196960449,0.002083193976432085,resnet50_imagenet1k_v2_layer4_fc_final_v1,images/c2e8417242aefcba4f35ca5cc77090d74b8dfd00d9f17e49e776889f2a7ea5a0.jpg,images/c2e8417242aefcba4f35ca5cc77090d74b8dfd00d9f17e49e776889f2a7ea5a0.jpg
00e6cc2b98100da4a8d2fb7868de812fd6b6cedf7277d43c1e60470535a23e9f,00e6cc2b98100da4a8d2fb7868de812fd6b6cedf7277d43c1e60470535a23e9f,lorenzo,batch_01_lorenzo,representative,RRDataset,real,medium,0.9645681381225586,0.035291191190481186,0.9645681381225586,0.0001406349620083347,resnet50_imagenet1k_v2_layer4_fc_final_v1,images/00e6cc2b98100da4a8d2fb7868de812fd6b6cedf7277d43c1e60470535a23e9f.jpg,images/00e6cc2b98100da4a8d2fb7868de812fd6b6cedf7277d43c1e60470535a23e9f.jpg
4e325ee609e319dbbccf2b04ee8610d2c502122c3be1d1306e53a240b0d93e9e,4e325ee609e319dbbccf2b04ee8610d2c502122c3be1d1306e53a240b0d93e9e,lorenzo,batch_01_lorenzo,targeted,RRDataset,fake,high,0.8324795365333557,0.06747747957706451,0.10004307329654694,0.8324795365333557,resnet50_imagenet1k_v2_layer4_fc_final_v1,images/4e325ee609e319dbbccf2b04ee8610d2c502122c3be1d1306e53a240b0d93e9e.png,images/4e325ee609e319dbbccf2b04ee8610d2c502122c3be1d1306e53a240b0d93e9e.png
0dcf474ea85097b91a069757505632b7ee4966270d31bbc8ac93ab48ef4d736f,0dcf474ea85097b91a069757505632b7ee4966270d31bbc8ac93ab48ef4d736f,lorenzo,batch_01_lorenzo,representative,saberzl/SID_Set,fake,low,0.9439062476158142,0.9439062476158142,0.05318877473473549,0.0029049578588455915,resnet50_imagenet1k_v2_layer4_fc_final_v1,images/0dcf474ea85097b91a069757505632b7ee4966270d31bbc8ac93ab48ef4d736f.png,images/0dcf474ea85097b91a069757505632b7ee4966270d31bbc8ac93ab48ef4d736f.png
60dcc7088f535f4f0a79a9a9d58889ddd6a92bc1f300d01a4489688d7c1b34db,60dcc7088f535f4f0a79a9a9d58889ddd6a92bc1f300d01a4489688d7c1b34db,lorenzo,batch_01_lorenzo,representative,RRDataset,fake,high,0.92066490650177,0.008363695815205574,0.07097137719392776,0.92066490650177,resnet50_imagenet1k_v2_layer4_fc_final_v1,images/60dcc7088f535f4f0a79a9a9d58889ddd6a92bc1f300d01a4489688d7c1b34db.png,images/60dcc7088f535f4f0a79a9a9d58889ddd6a92bc1f300d01a4489688d7c1b34db.png
661d168ccaf6ba46979ec6d2f28d667a56b700f0ca434210cb5eeee11e94723e,661d168ccaf6ba46979ec6d2f28d667a56b700f0ca434210cb5eeee11e94723e,lorenzo,batch_01_lorenzo,targeted,ComplexDataLab/OpenFake,fake,low,0.37836000323295593,0.37836000323295593,0.3263143002986908,0.29532575607299805,resnet50_imagenet1k_v2_layer4_fc_final_v1,images/661d168ccaf6ba46979ec6d2f28d667a56b700f0ca434210cb5eeee11e94723e.png,images/661d168ccaf6ba46979ec6d2f28d667a56b700f0ca434210cb5eeee11e94723e.png
f68f7534f9d407c72e0b4d982372945f96153166d2bb91068ec2f63ee9e44ecf,f68f7534f9d407c72e0b4d982372945f96153166d2bb91068ec2f63ee9e44ecf,lorenzo,batch_01_lorenzo,targeted,ComplexDataLab/OpenFake,fake,medium,0.4200108051300049,0.3890710175037384,0.4200108051300049,0.19091816246509552,resnet50_imagenet1k_v2_layer4_fc_final_v1,images/f68f7534f9d407c72e0b4d982372945f96153166d2bb91068ec2f63ee9e44ecf.png,images/f68f7534f9d407c72e0b4d982372945f96153166d2bb91068ec2f63ee9e44ecf.png
e9b62a2d97b009a091d155b8bb73b73561ca417e9889ecb8fca3b1915e6545be,e9b62a2d97b009a091d155b8bb73b73561ca417e9889ecb8fca3b1915e6545be,lorenzo,batch_01_lorenzo,representative,saberzl/SID_Set,real,medium,0.9775311350822449,0.022428646683692932,0.9775311350822449,4.021577842650004e-05,resnet50_imagenet1k_v2_layer4_fc_final_v1,images/e9b62a2d97b009a091d155b8bb73b73561ca417e9889ecb8fca3b1915e6545be.jpg,images/e9b62a2d97b009a091d155b8bb73b73561ca417e9889ecb8fca3b1915e6545be.jpg
fbf404aa98dcf57b5bdafeb40c953ed4c33690ef9e53bef54a7f36fda41e0034,fbf404aa98dcf57b5bdafeb40c953ed4c33690ef9e53bef54a7f36fda41e0034,lorenzo,batch_01_lorenzo,targeted,RRDataset,fake,high,0.9415280222892761,0.01020535547286272,0.0482666976749897,0.9415280222892761,resnet50_imagenet1k_v2_layer4_fc_final_v1,images/fbf404aa98dcf57b5bdafeb40c953ed4c33690ef9e53bef54a7f36fda41e0034.png,images/fbf404aa98dcf57b5bdafeb40c953ed4c33690ef9e53bef54a7f36fda41e0034.png
a75b43c425c42f72f8417d7379655f7528816fd7afa05c5187947844530cd929,a75b43c425c42f72f8417d7379655f7528816fd7afa05c5187947844530cd929,lorenzo,batch_01_lorenzo,targeted,saberzl/SID_Set,real,high,0.8139282464981079,0.06454000622034073,0.12153179943561554,0.8139282464981079,resnet50_imagenet1k_v2_layer4_fc_final_v1,images/a75b43c425c42f72f8417d7379655f7528816fd7afa05c5187947844530cd929.jpg,images/a75b43c425c42f72f8417d7379655f7528816fd7afa05c5187947844530cd929.jpg
279cc96aa5a815ac379898e3a41e9107cfbb9873b843654265e22cf576ada49f,279cc96aa5a815ac379898e3a41e9107cfbb9873b843654265e22cf576ada49f,lorenzo,batch_01_lorenzo,representative,RRDataset,real,medium,0.7203645706176758,0.23665234446525574,0.7203645706176758,0.04298313334584236,resnet50_imagenet1k_v2_layer4_fc_final_v1,images/279cc96aa5a815ac379898e3a41e9107cfbb9873b843654265e22cf576ada49f.jpg,images/279cc96aa5a815ac379898e3a41e9107cfbb9873b843654265e22cf576ada49f.jpg
b2db9a5933cb0d8157bf8530007891406a7486c3be447c8cf9a62c8d4333f90d,b2db9a5933cb0d8157bf8530007891406a7486c3be447c8cf9a62c8d4333f90d,lorenzo,batch_01_lorenzo,representative,ComplexDataLab/OpenFake,fake,medium,0.7775468230247498,0.2201051115989685,0.7775468230247498,0.0023481077514588833,resnet50_imagenet1k_v2_layer4_fc_final_v1,images/b2db9a5933cb0d8157bf8530007891406a7486c3be447c8cf9a62c8d4333f90d.png,images/b2db9a5933cb0d8157bf8530007891406a7486c3be447c8cf9a62c8d4333f90d.png
c35ff2c605a4ef1f11ab52198ace902cf95f69ecfc1133b36801bd82ba8dd153,c35ff2c605a4ef1f11ab52198ace902cf95f69ecfc1133b36801bd82ba8dd153,lorenzo,batch_01_lorenzo,representative,ComplexDataLab/OpenFake,fake,medium,0.5513525605201721,0.17134475708007812,0.5513525605201721,0.277302622795105,resnet50_imagenet1k_v2_layer4_fc_final_v1,images/c35ff2c605a4ef1f11ab52198ace902cf95f69ecfc1133b36801bd82ba8dd153.png,images/c35ff2c605a4ef1f11ab52198ace902cf95f69ecfc1133b36801bd82ba8dd153.png
81d462e32a82ad4178326f0ef5f3fa8dd2fb94d9b49d31b37b44363582851041,81d462e32a82ad4178326f0ef5f3fa8dd2fb94d9b49d31b37b44363582851041,lorenzo,batch_01_lorenzo,representative,ComplexDataLab/OpenFake,real,medium,0.7362953424453735,0.12593534588813782,0.7362953424453735,0.13776926696300507,resnet50_imagenet1k_v2_layer4_fc_final_v1,images/81d462e32a82ad4178326f0ef5f3fa8dd2fb94d9b49d31b37b44363582851041.jpg,images/81d462e32a82ad4178326f0ef5f3fa8dd2fb94d9b49d31b37b44363582851041.jpg
8899e3d311ef896f9f2c85da634c4d21eae01f028e124dfb0f89b57a1e648dae,8899e3d311ef896f9f2c85da634c4d21eae01f028e124dfb0f89b57a1e648dae,lorenzo,batch_01_lorenzo,targeted,ComplexDataLab/OpenFake,fake,medium,0.48563194274902344,0.44183626770973206,0.48563194274902344,0.07253170758485794,resnet50_imagenet1k_v2_layer4_fc_final_v1,images/8899e3d311ef896f9f2c85da634c4d21eae01f028e124dfb0f89b57a1e648dae.png,images/8899e3d311ef896f9f2c85da634c4d21eae01f028e124dfb0f89b57a1e648dae.png
eacf05b6e480566f6e181e8d28b15b8cce0f6ce394740ab921bfa8ef75ad2697,eacf05b6e480566f6e181e8d28b15b8cce0f6ce394740ab921bfa8ef75ad2697,lorenzo,batch_01_lorenzo,targeted,RRDataset,fake,high,0.8729304075241089,0.018927350640296936,0.10814223438501358,0.8729304075241089,resnet50_imagenet1k_v2_layer4_fc_final_v1,images/eacf05b6e480566f6e181e8d28b15b8cce0f6ce394740ab921bfa8ef75ad2697.png,images/eacf05b6e480566f6e181e8d28b15b8cce0f6ce394740ab921bfa8ef75ad2697.png
8c5838b6fc7b7dd26c2799ca0d29fc745fdde0392ce49c9ce5d9fab0b3cba914,8c5838b6fc7b7dd26c2799ca0d29fc745fdde0392ce49c9ce5d9fab0b3cba914,lorenzo,batch_01_lorenzo,representative,RRDataset,real,medium,0.7635746598243713,0.2104412466287613,0.7635746598243713,0.025984114035964012,resnet50_imagenet1k_v2_layer4_fc_final_v1,images/8c5838b6fc7b7dd26c2799ca0d29fc745fdde0392ce49c9ce5d9fab0b3cba914.jpg,images/8c5838b6fc7b7dd26c2799ca0d29fc745fdde0392ce49c9ce5d9fab0b3cba914.jpg
ae8693055ed42b56d656453c0b0f0a5152967f269463e74558a241b745d448e0,ae8693055ed42b56d656453c0b0f0a5152967f269463e74558a241b745d448e0,lorenzo,batch_01_lorenzo,representative,saberzl/SID_Set,fake,medium,0.8962695598602295,0.08586949855089188,0.8962695598602295,0.01786096766591072,resnet50_imagenet1k_v2_layer4_fc_final_v1,images/ae8693055ed42b56d656453c0b0f0a5152967f269463e74558a241b745d448e0.png,images/ae8693055ed42b56d656453c0b0f0a5152967f269463e74558a241b745d448e0.png
e6a26fab0a9c25131d461c353f1989e242717af454a99406807e3e16bf0917c3,e6a26fab0a9c25131d461c353f1989e242717af454a99406807e3e16bf0917c3,lorenzo,batch_01_lorenzo,representative,RRDataset,fake,medium,0.6201202273368835,0.3191766142845154,0.6201202273368835,0.06070313975214958,resnet50_imagenet1k_v2_layer4_fc_final_v1,images/e6a26fab0a9c25131d461c353f1989e242717af454a99406807e3e16bf0917c3.png,images/e6a26fab0a9c25131d461c353f1989e242717af454a99406807e3e16bf0917c3.png
5a008e204b2f80043f17b8cbdf545e1d29a19d6147b7b4b09c83dfad0f264123,5a008e204b2f80043f17b8cbdf545e1d29a19d6147b7b4b09c83dfad0f264123,lorenzo,batch_01_lorenzo,representative,saberzl/SID_Set,real,medium,0.9443408250808716,0.044173140078783035,0.9443408250808716,0.011486047878861427,resnet50_imagenet1k_v2_layer4_fc_final_v1,images/5a008e204b2f80043f17b8cbdf545e1d29a19d6147b7b4b09c83dfad0f264123.jpg,images/5a008e204b2f80043f17b8cbdf545e1d29a19d6147b7b4b09c83dfad0f264123.jpg
1a10e13de0f7ba5709ede61ba4eae47b5f9837118f98f838e63d7277d9375e0d,1a10e13de0f7ba5709ede61ba4eae47b5f9837118f98f838e63d7277d9375e0d,lorenzo,batch_01_lorenzo,representative,ComplexDataLab/OpenFake,real,medium,0.8030080199241638,0.18996892869472504,0.8030080199241638,0.00702306255698204,resnet50_imagenet1k_v2_layer4_fc_final_v1,images/1a10e13de0f7ba5709ede61ba4eae47b5f9837118f98f838e63d7277d9375e0d.jpg,images/1a10e13de0f7ba5709ede61ba4eae47b5f9837118f98f838e63d7277d9375e0d.jpg
98da6a17e4c20c88bfd0c09251adfb926f3027f36840d16981c120d7317cc6cb,98da6a17e4c20c88bfd0c09251adfb926f3027f36840d16981c120d7317cc6cb,lorenzo,batch_01_lorenzo,representative,saberzl/SID_Set,fake,medium,0.8086743354797363,0.09327439963817596,0.8086743354797363,0.09805122762918472,resnet50_imagenet1k_v2_layer4_fc_final_v1,images/98da6a17e4c20c88bfd0c09251adfb926f3027f36840d16981c120d7317cc6cb.png,images/98da6a17e4c20c88bfd0c09251adfb926f3027f36840d16981c120d7317cc6cb.png
2900b6e799ecbab10ef1acbc88c6fdfa3f136118d16c22e816b7466b8fb012a9,2900b6e799ecbab10ef1acbc88c6fdfa3f136118d16c22e816b7466b8fb012a9,lorenzo,batch_01_lorenzo,representative,saberzl/SID_Set,real,high,0.6402751207351685,0.05559191852807999,0.30413302779197693,0.6402751207351685,resnet50_imagenet1k_v2_layer4_fc_final_v1,images/2900b6e799ecbab10ef1acbc88c6fdfa3f136118d16c22e816b7466b8fb012a9.jpg,images/2900b6e799ecbab10ef1acbc88c6fdfa3f136118d16c22e816b7466b8fb012a9.jpg
e9a63cfba25176df1091dcabb5e1fec57f5568eb751811e16966e62cd11e8e04,e9a63cfba25176df1091dcabb5e1fec57f5568eb751811e16966e62cd11e8e04,lorenzo,batch_01_lorenzo,targeted,saberzl/SID_Set,fake,medium,0.420737624168396,0.4160810708999634,0.420737624168396,0.16318126022815704,resnet50_imagenet1k_v2_layer4_fc_final_v1,images/e9a63cfba25176df1091dcabb5e1fec57f5568eb751811e16966e62cd11e8e04.png,images/e9a63cfba25176df1091dcabb5e1fec57f5568eb751811e16966e62cd11e8e04.png
5ca94d8f9a88b2d264ad08098bb49a19bca654b3338ab1d8a3de90560113cc10,5ca94d8f9a88b2d264ad08098bb49a19bca654b3338ab1d8a3de90560113cc10,lorenzo,batch_01_lorenzo,targeted,ComplexDataLab/OpenFake,fake,medium,0.4524853527545929,0.37857115268707275,0.4524853527545929,0.16894353926181793,resnet50_imagenet1k_v2_layer4_fc_final_v1,images/5ca94d8f9a88b2d264ad08098bb49a19bca654b3338ab1d8a3de90560113cc10.png,images/5ca94d8f9a88b2d264ad08098bb49a19bca654b3338ab1d8a3de90560113cc10.png
c19455560d953cbf4cf4beffce2b830482ebb24e1b1db4538d4ff38d21ec804f,c19455560d953cbf4cf4beffce2b830482ebb24e1b1db4538d4ff38d21ec804f,lorenzo,batch_01_lorenzo,representative,RRDataset,fake,medium,0.9452033638954163,0.006022568326443434,0.9452033638954163,0.04877408221364021,resnet50_imagenet1k_v2_layer4_fc_final_v1,images/c19455560d953cbf4cf4beffce2b830482ebb24e1b1db4538d4ff38d21ec804f.png,images/c19455560d953cbf4cf4beffce2b830482ebb24e1b1db4538d4ff38d21ec804f.png
3f4dbf2689855d27e14b8c3495b9d01acb3e1e6b50e4c637bfd64360b3168f4e,3f4dbf2689855d27e14b8c3495b9d01acb3e1e6b50e4c637bfd64360b3168f4e,lorenzo,batch_01_lorenzo,representative,ComplexDataLab/OpenFake,real,medium,0.9110119342803955,0.08839675784111023,0.9110119342803955,0.0005912975175306201,resnet50_imagenet1k_v2_layer4_fc_final_v1,images/3f4dbf2689855d27e14b8c3495b9d01acb3e1e6b50e4c637bfd64360b3168f4e.jpg,images/3f4dbf2689855d27e14b8c3495b9d01acb3e1e6b50e4c637bfd64360b3168f4e.jpg
a7ea814b8b418096b50c8ae8a72450ffca38df4f43e703d2a6bc06acb6fb2c1b,a7ea814b8b418096b50c8ae8a72450ffca38df4f43e703d2a6bc06acb6fb2c1b,lorenzo,batch_01_lorenzo,targeted,RRDataset,fake,low,0.42831510305404663,0.42831510305404663,0.38475558161735535,0.18692933022975922,resnet50_imagenet1k_v2_layer4_fc_final_v1,images/a7ea814b8b418096b50c8ae8a72450ffca38df4f43e703d2a6bc06acb6fb2c1b.png,images/a7ea814b8b418096b50c8ae8a72450ffca38df4f43e703d2a6bc06acb6fb2c1b.png
97b2a446625850197d31efe18105213ad49b227a3bd98ac64c6e693ab538edf0,97b2a446625850197d31efe18105213ad49b227a3bd98ac64c6e693ab538edf0,lorenzo,batch_01_lorenzo,targeted,saberzl/SID_Set,real,low,0.40071505308151245,0.40071505308151245,0.3652709424495697,0.23401397466659546,resnet50_imagenet1k_v2_layer4_fc_final_v1,images/97b2a446625850197d31efe18105213ad49b227a3bd98ac64c6e693ab538edf0.jpg,images/97b2a446625850197d31efe18105213ad49b227a3bd98ac64c6e693ab538edf0.jpg
e39fed98c359c77819fe68978447873c0353a1f0c120f6127e0ac947d3838725,e39fed98c359c77819fe68978447873c0353a1f0c120f6127e0ac947d3838725,lorenzo,batch_01_lorenzo,targeted,saberzl/SID_Set,fake,medium,0.3754855692386627,0.28225183486938477,0.3754855692386627,0.3422626256942749,resnet50_imagenet1k_v2_layer4_fc_final_v1,images/e39fed98c359c77819fe68978447873c0353a1f0c120f6127e0ac947d3838725.png,images/e39fed98c359c77819fe68978447873c0353a1f0c120f6127e0ac947d3838725.png
f479516e7f1638748716ae8eeb4934dafeb4f012fba9b97823937f670179468f,f479516e7f1638748716ae8eeb4934dafeb4f012fba9b97823937f670179468f,lorenzo,batch_01_lorenzo,targeted,RRDataset,fake,high,0.7168333530426025,0.02122708223760128,0.26193955540657043,0.7168333530426025,resnet50_imagenet1k_v2_layer4_fc_final_v1,images/f479516e7f1638748716ae8eeb4934dafeb4f012fba9b97823937f670179468f.png,images/f479516e7f1638748716ae8eeb4934dafeb4f012fba9b97823937f670179468f.png
9839d99fec2f61fba9f6a722bfcb8d86f58ee33d880695545fbf8830b245a8f0,9839d99fec2f61fba9f6a722bfcb8d86f58ee33d880695545fbf8830b245a8f0,lorenzo,batch_01_lorenzo,targeted,ComplexDataLab/OpenFake,real,high,0.39972183108329773,0.2218630313873291,0.37841513752937317,0.39972183108329773,resnet50_imagenet1k_v2_layer4_fc_final_v1,images/9839d99fec2f61fba9f6a722bfcb8d86f58ee33d880695545fbf8830b245a8f0.jpg,images/9839d99fec2f61fba9f6a722bfcb8d86f58ee33d880695545fbf8830b245a8f0.jpg
b049fb5d805ef3233ce5489c831582c36018dcb564c7ce3190f40f1a15d6cef1,b049fb5d805ef3233ce5489c831582c36018dcb564c7ce3190f40f1a15d6cef1,lorenzo,batch_01_lorenzo,targeted,saberzl/SID_Set,real,low,0.3818569481372833,0.3818569481372833,0.3685952425003052,0.2495478242635727,resnet50_imagenet1k_v2_layer4_fc_final_v1,images/b049fb5d805ef3233ce5489c831582c36018dcb564c7ce3190f40f1a15d6cef1.jpg,images/b049fb5d805ef3233ce5489c831582c36018dcb564c7ce3190f40f1a15d6cef1.jpg
99ae7a66ebf585cef8203536c8c606eca6e9c9bc159cffefce0d0029dd0237fa,99ae7a66ebf585cef8203536c8c606eca6e9c9bc159cffefce0d0029dd0237fa,lorenzo,batch_01_lorenzo,representative,RRDataset,fake,medium,0.9460705518722534,0.03966260328888893,0.9460705518722534,0.01426687277853489,resnet50_imagenet1k_v2_layer4_fc_final_v1,images/99ae7a66ebf585cef8203536c8c606eca6e9c9bc159cffefce0d0029dd0237fa.png,images/99ae7a66ebf585cef8203536c8c606eca6e9c9bc159cffefce0d0029dd0237fa.png
16085a68c11ec7e38156aeaf0c08eb5ba0e70a21ef0d8c5b6c8ba7743fa7c50e,16085a68c11ec7e38156aeaf0c08eb5ba0e70a21ef0d8c5b6c8ba7743fa7c50e,lorenzo,batch_01_lorenzo,representative,saberzl/SID_Set,fake,medium,0.41390055418014526,0.2725602090358734,0.41390055418014526,0.31353920698165894,resnet50_imagenet1k_v2_layer4_fc_final_v1,images/16085a68c11ec7e38156aeaf0c08eb5ba0e70a21ef0d8c5b6c8ba7743fa7c50e.png,images/16085a68c11ec7e38156aeaf0c08eb5ba0e70a21ef0d8c5b6c8ba7743fa7c50e.png
1f69e0ebfad23ce45ca1b6ec6f59195f7ffe6d774cb8c360bce54ee3341ca7e0,1f69e0ebfad23ce45ca1b6ec6f59195f7ffe6d774cb8c360bce54ee3341ca7e0,lorenzo,batch_01_lorenzo,representative,RRDataset,fake,medium,0.7573540806770325,0.2205353081226349,0.7573540806770325,0.022110596299171448,resnet50_imagenet1k_v2_layer4_fc_final_v1,images/1f69e0ebfad23ce45ca1b6ec6f59195f7ffe6d774cb8c360bce54ee3341ca7e0.png,images/1f69e0ebfad23ce45ca1b6ec6f59195f7ffe6d774cb8c360bce54ee3341ca7e0.png
ae0bb66822c42d759761a80c01651468cb7e34c62e853a671aaa0bf20c9137c3,ae0bb66822c42d759761a80c01651468cb7e34c62e853a671aaa0bf20c9137c3,lorenzo,batch_01_lorenzo,representative,saberzl/SID_Set,real,low,0.7161915302276611,0.7161915302276611,0.17206834256649017,0.11174017190933228,resnet50_imagenet1k_v2_layer4_fc_final_v1,images/ae0bb66822c42d759761a80c01651468cb7e34c62e853a671aaa0bf20c9137c3.jpg,images/ae0bb66822c42d759761a80c01651468cb7e34c62e853a671aaa0bf20c9137c3.jpg
bf9c8cad99e8971f0b91ee168894faa3b226c5413ff4e2f08778fa10a78756a6,bf9c8cad99e8971f0b91ee168894faa3b226c5413ff4e2f08778fa10a78756a6,lorenzo,batch_01_lorenzo,targeted,RRDataset,real,low,0.3752545118331909,0.3752545118331909,0.3424496054649353,0.28229591250419617,resnet50_imagenet1k_v2_layer4_fc_final_v1,images/bf9c8cad99e8971f0b91ee168894faa3b226c5413ff4e2f08778fa10a78756a6.jpg,images/bf9c8cad99e8971f0b91ee168894faa3b226c5413ff4e2f08778fa10a78756a6.jpg
72dcf37742f15e59380689af91c0dc2b04db0cd3c4d7d548eb743a5ee03a4916,72dcf37742f15e59380689af91c0dc2b04db0cd3c4d7d548eb743a5ee03a4916,lorenzo,batch_01_lorenzo,representative,ComplexDataLab/OpenFake,real,low,0.8171546459197998,0.8171546459197998,0.17816492915153503,0.004680452402681112,resnet50_imagenet1k_v2_layer4_fc_final_v1,images/72dcf37742f15e59380689af91c0dc2b04db0cd3c4d7d548eb743a5ee03a4916.jpg,images/72dcf37742f15e59380689af91c0dc2b04db0cd3c4d7d548eb743a5ee03a4916.jpg
4b99e36987a89fa071a9f8ba3aa950b24c5c3caf8f38f45e418353e72b34aed3,4b99e36987a89fa071a9f8ba3aa950b24c5c3caf8f38f45e418353e72b34aed3,lorenzo,batch_01_lorenzo,targeted,RRDataset,fake,high,0.9559436440467834,0.006202891003340483,0.03785350173711777,0.9559436440467834,resnet50_imagenet1k_v2_layer4_fc_final_v1,images/4b99e36987a89fa071a9f8ba3aa950b24c5c3caf8f38f45e418353e72b34aed3.png,images/4b99e36987a89fa071a9f8ba3aa950b24c5c3caf8f38f45e418353e72b34aed3.png
f6ceb1e38c8bb0fcdc424d00db65429ae8099aafc28c16d07b688bf7c8a561e1,f6ceb1e38c8bb0fcdc424d00db65429ae8099aafc28c16d07b688bf7c8a561e1,lorenzo,batch_01_lorenzo,targeted,RRDataset,fake,high,0.9648783802986145,0.008187323808670044,0.026934340596199036,0.9648783802986145,resnet50_imagenet1k_v2_layer4_fc_final_v1,images/f6ceb1e38c8bb0fcdc424d00db65429ae8099aafc28c16d07b688bf7c8a561e1.png,images/f6ceb1e38c8bb0fcdc424d00db65429ae8099aafc28c16d07b688bf7c8a561e1.png
fa8b0cbd0eb3f08901f9d3820bbf0ad85b72d84537427cbf69c4125e94c5e6bf,fa8b0cbd0eb3f08901f9d3820bbf0ad85b72d84537427cbf69c4125e94c5e6bf,lorenzo,batch_01_lorenzo,representative,ComplexDataLab/OpenFake,real,medium,0.5554316639900208,0.43872490525245667,0.5554316639900208,0.00584341399371624,resnet50_imagenet1k_v2_layer4_fc_final_v1,images/fa8b0cbd0eb3f08901f9d3820bbf0ad85b72d84537427cbf69c4125e94c5e6bf.jpg,images/fa8b0cbd0eb3f08901f9d3820bbf0ad85b72d84537427cbf69c4125e94c5e6bf.jpg
019fc1983980f42b9b079ffd92a806050fe3dffa10128486f7cd6a3c85082a8a,019fc1983980f42b9b079ffd92a806050fe3dffa10128486f7cd6a3c85082a8a,lorenzo,batch_01_lorenzo,representative,RRDataset,fake,medium,0.9785409569740295,0.02030497044324875,0.9785409569740295,0.0011540754931047559,resnet50_imagenet1k_v2_layer4_fc_final_v1,images/019fc1983980f42b9b079ffd92a806050fe3dffa10128486f7cd6a3c85082a8a.png,images/019fc1983980f42b9b079ffd92a806050fe3dffa10128486f7cd6a3c85082a8a.png
f36b6935ef2b0e36c9eff8de94a6e12e3c7c348c5f163c6c675a09ca9e980434,f36b6935ef2b0e36c9eff8de94a6e12e3c7c348c5f163c6c675a09ca9e980434,lorenzo,batch_01_lorenzo,targeted,ComplexDataLab/OpenFake,fake,medium,0.4085005521774292,0.3743929862976074,0.4085005521774292,0.217106431722641,resnet50_imagenet1k_v2_layer4_fc_final_v1,images/f36b6935ef2b0e36c9eff8de94a6e12e3c7c348c5f163c6c675a09ca9e980434.png,images/f36b6935ef2b0e36c9eff8de94a6e12e3c7c348c5f163c6c675a09ca9e980434.png
afb2c113fd9c7872d582a97ead1b65be98858fdf44daaccd063bf8e6a9637958,afb2c113fd9c7872d582a97ead1b65be98858fdf44daaccd063bf8e6a9637958,lorenzo,batch_01_lorenzo,targeted,RRDataset,fake,high,0.9733138680458069,0.006838563829660416,0.01984752155840397,0.9733138680458069,resnet50_imagenet1k_v2_layer4_fc_final_v1,images/afb2c113fd9c7872d582a97ead1b65be98858fdf44daaccd063bf8e6a9637958.png,images/afb2c113fd9c7872d582a97ead1b65be98858fdf44daaccd063bf8e6a9637958.png
f2afa7ea9e49b1cb778cbac98a4f98c87854882b66c4ffeca87dcbe496221ad7,f2afa7ea9e49b1cb778cbac98a4f98c87854882b66c4ffeca87dcbe496221ad7,lorenzo,batch_01_lorenzo,representative,RRDataset,fake,medium,0.8917980194091797,0.025503676384687424,0.8917980194091797,0.0826982855796814,resnet50_imagenet1k_v2_layer4_fc_final_v1,images/f2afa7ea9e49b1cb778cbac98a4f98c87854882b66c4ffeca87dcbe496221ad7.png,images/f2afa7ea9e49b1cb778cbac98a4f98c87854882b66c4ffeca87dcbe496221ad7.png
215fc319b724f92612b408c7c975f3148125687f75c1bd5cdfcb52cde613cab0,215fc319b724f92612b408c7c975f3148125687f75c1bd5cdfcb52cde613cab0,lorenzo,batch_01_lorenzo,representative,saberzl/SID_Set,real,medium,0.538616418838501,0.37775370478630066,0.538616418838501,0.08362984657287598,resnet50_imagenet1k_v2_layer4_fc_final_v1,images/215fc319b724f92612b408c7c975f3148125687f75c1bd5cdfcb52cde613cab0.jpg,images/215fc319b724f92612b408c7c975f3148125687f75c1bd5cdfcb52cde613cab0.jpg
250c950db0e8dd1b3fdfae71328a90eb435dc794eead422a361c1b3f3f8e1a6b,250c950db0e8dd1b3fdfae71328a90eb435dc794eead422a361c1b3f3f8e1a6b,lorenzo,batch_01_lorenzo,representative,saberzl/SID_Set,fake,low,0.8660925626754761,0.8660925626754761,0.1273767203092575,0.006530695594847202,resnet50_imagenet1k_v2_layer4_fc_final_v1,images/250c950db0e8dd1b3fdfae71328a90eb435dc794eead422a361c1b3f3f8e1a6b.png,images/250c950db0e8dd1b3fdfae71328a90eb435dc794eead422a361c1b3f3f8e1a6b.png
00dce87d8dc797286f65edb6be61a2c53108e35134b76defb3c2ade3b95c1954,00dce87d8dc797286f65edb6be61a2c53108e35134b76defb3c2ade3b95c1954,lorenzo,batch_01_lorenzo,targeted,saberzl/SID_Set,fake,high,0.6732158660888672,0.1286780834197998,0.198106050491333,0.6732158660888672,resnet50_imagenet1k_v2_layer4_fc_final_v1,images/00dce87d8dc797286f65edb6be61a2c53108e35134b76defb3c2ade3b95c1954.png,images/00dce87d8dc797286f65edb6be61a2c53108e35134b76defb3c2ade3b95c1954.png
44e9c9246c2682caee60c2de2186d9ab444a4bbe50956523120635bc1b3aeb34,44e9c9246c2682caee60c2de2186d9ab444a4bbe50956523120635bc1b3aeb34,lorenzo,batch_01_lorenzo,targeted,ComplexDataLab/OpenFake,fake,high,0.7641586661338806,0.016334371641278267,0.21950691938400269,0.7641586661338806,resnet50_imagenet1k_v2_layer4_fc_final_v1,images/44e9c9246c2682caee60c2de2186d9ab444a4bbe50956523120635bc1b3aeb34.png,images/44e9c9246c2682caee60c2de2186d9ab444a4bbe50956523120635bc1b3aeb34.png
66ec07f3268afb98181f2731532e73529c0f8f5063b1b1031364da558e81340b,66ec07f3268afb98181f2731532e73529c0f8f5063b1b1031364da558e81340b,lorenzo,batch_01_lorenzo,representative,saberzl/SID_Set,real,medium,0.814577043056488,0.18474583327770233,0.814577043056488,0.0006770855979993939,resnet50_imagenet1k_v2_layer4_fc_final_v1,images/66ec07f3268afb98181f2731532e73529c0f8f5063b1b1031364da558e81340b.jpg,images/66ec07f3268afb98181f2731532e73529c0f8f5063b1b1031364da558e81340b.jpg
e41c0cf3db2646d0de3fd23e9cb6c05b5a8b0db3c70672861b713db030d78f91,e41c0cf3db2646d0de3fd23e9cb6c05b5a8b0db3c70672861b713db030d78f91,lorenzo,batch_01_lorenzo,representative,RRDataset,real,low,0.5273347496986389,0.5273347496986389,0.2910293638706207,0.18163587152957916,resnet50_imagenet1k_v2_layer4_fc_final_v1,images/e41c0cf3db2646d0de3fd23e9cb6c05b5a8b0db3c70672861b713db030d78f91.jpg,images/e41c0cf3db2646d0de3fd23e9cb6c05b5a8b0db3c70672861b713db030d78f91.jpg
33ec00f664817cab50c1ba97732b7214d71400e7fd474fcc9eb729ccb9d015d9,33ec00f664817cab50c1ba97732b7214d71400e7fd474fcc9eb729ccb9d015d9,lorenzo,batch_01_lorenzo,representative,ComplexDataLab/OpenFake,fake,medium,0.9499171376228333,0.04248732700943947,0.9499171376228333,0.00759551115334034,resnet50_imagenet1k_v2_layer4_fc_final_v1,images/33ec00f664817cab50c1ba97732b7214d71400e7fd474fcc9eb729ccb9d015d9.png,images/33ec00f664817cab50c1ba97732b7214d71400e7fd474fcc9eb729ccb9d015d9.png
9b9bfdb6464b0c6920554447ad3e40e4d5500c7a95e293f038fa12b881b03c50,9b9bfdb6464b0c6920554447ad3e40e4d5500c7a95e293f038fa12b881b03c50,lorenzo,batch_01_lorenzo,representative,ComplexDataLab/OpenFake,real,medium,0.6969507336616516,0.29303017258644104,0.6969507336616516,0.010019081644713879,resnet50_imagenet1k_v2_layer4_fc_final_v1,images/9b9bfdb6464b0c6920554447ad3e40e4d5500c7a95e293f038fa12b881b03c50.jpg,images/9b9bfdb6464b0c6920554447ad3e40e4d5500c7a95e293f038fa12b881b03c50.jpg
adf0c724a0bb9899fd4c14ddc1e445ed31c7f6da8ed0163ceb5bd6e377a96171,adf0c724a0bb9899fd4c14ddc1e445ed31c7f6da8ed0163ceb5bd6e377a96171,lorenzo,batch_01_lorenzo,targeted,RRDataset,fake,high,0.49371203780174255,0.3683813214302063,0.13790659606456757,0.49371203780174255,resnet50_imagenet1k_v2_layer4_fc_final_v1,images/adf0c724a0bb9899fd4c14ddc1e445ed31c7f6da8ed0163ceb5bd6e377a96171.png,images/adf0c724a0bb9899fd4c14ddc1e445ed31c7f6da8ed0163ceb5bd6e377a96171.png
e693e0de14c7bf14e43f1defe408ec51e6e5adbceeb3480b5dbf3836bcab763b,e693e0de14c7bf14e43f1defe408ec51e6e5adbceeb3480b5dbf3836bcab763b,lorenzo,batch_01_lorenzo,targeted,ComplexDataLab/OpenFake,fake,high,0.42529797554016113,0.2524428963661194,0.3222591280937195,0.42529797554016113,resnet50_imagenet1k_v2_layer4_fc_final_v1,images/e693e0de14c7bf14e43f1defe408ec51e6e5adbceeb3480b5dbf3836bcab763b.png,images/e693e0de14c7bf14e43f1defe408ec51e6e5adbceeb3480b5dbf3836bcab763b.png
b7b04b65b39c02404ee447c89c82e217f543ea22fea5b8ce7cb5bea08d6fa3c7,b7b04b65b39c02404ee447c89c82e217f543ea22fea5b8ce7cb5bea08d6fa3c7,lorenzo,batch_01_lorenzo,representative,ComplexDataLab/OpenFake,fake,medium,0.6675068736076355,0.32870855927467346,0.6675068736076355,0.003784557105973363,resnet50_imagenet1k_v2_layer4_fc_final_v1,images/b7b04b65b39c02404ee447c89c82e217f543ea22fea5b8ce7cb5bea08d6fa3c7.png,images/b7b04b65b39c02404ee447c89c82e217f543ea22fea5b8ce7cb5bea08d6fa3c7.png
cb1ac85c9a939f067798036dce4f58bc4fca29d9c29b53d1136d9d6b04a3c053,cb1ac85c9a939f067798036dce4f58bc4fca29d9c29b53d1136d9d6b04a3c053,lorenzo,batch_01_lorenzo,representative,RRDataset,fake,high,0.6129506826400757,0.19902001321315765,0.1880292445421219,0.6129506826400757,resnet50_imagenet1k_v2_layer4_fc_final_v1,images/cb1ac85c9a939f067798036dce4f58bc4fca29d9c29b53d1136d9d6b04a3c053.png,images/cb1ac85c9a939f067798036dce4f58bc4fca29d9c29b53d1136d9d6b04a3c053.png
6d857834f94e59341e09429ba1dc66d1aa6c04b4ae2675c1bdf24989b0e7f298,6d857834f94e59341e09429ba1dc66d1aa6c04b4ae2675c1bdf24989b0e7f298,lorenzo,batch_01_lorenzo,representative,RRDataset,fake,low,0.5932797789573669,0.5932797789573669,0.38786202669143677,0.018858149647712708,resnet50_imagenet1k_v2_layer4_fc_final_v1,images/6d857834f94e59341e09429ba1dc66d1aa6c04b4ae2675c1bdf24989b0e7f298.png,images/6d857834f94e59341e09429ba1dc66d1aa6c04b4ae2675c1bdf24989b0e7f298.png
3a5fcda1f3a71105e640911ebda63673fbdf393b45ed99b2572e0b22474cf7c0,3a5fcda1f3a71105e640911ebda63673fbdf393b45ed99b2572e0b22474cf7c0,lorenzo,batch_01_lorenzo,targeted,RRDataset,fake,high,0.577673077583313,0.009630441665649414,0.41269651055336,0.577673077583313,resnet50_imagenet1k_v2_layer4_fc_final_v1,images/3a5fcda1f3a71105e640911ebda63673fbdf393b45ed99b2572e0b22474cf7c0.png,images/3a5fcda1f3a71105e640911ebda63673fbdf393b45ed99b2572e0b22474cf7c0.png
36169fe47a6bf1078b7aca697a1b63085c2df2bee3125b79e487da1c9f44c35d,36169fe47a6bf1078b7aca697a1b63085c2df2bee3125b79e487da1c9f44c35d,lorenzo,batch_01_lorenzo,representative,ComplexDataLab/OpenFake,fake,medium,0.8440111875534058,0.1353512853384018,0.8440111875534058,0.02063748426735401,resnet50_imagenet1k_v2_layer4_fc_final_v1,images/36169fe47a6bf1078b7aca697a1b63085c2df2bee3125b79e487da1c9f44c35d.webp,images/36169fe47a6bf1078b7aca697a1b63085c2df2bee3125b79e487da1c9f44c35d.webp
887e459f049ac9edf296816a6404e9bb920d124ccf5311532b8ba157f799cd27,887e459f049ac9edf296816a6404e9bb920d124ccf5311532b8ba157f799cd27,lorenzo,batch_01_lorenzo,targeted,ComplexDataLab/OpenFake,real,low,0.48107507824897766,0.48107507824897766,0.4501560926437378,0.06876888126134872,resnet50_imagenet1k_v2_layer4_fc_final_v1,images/887e459f049ac9edf296816a6404e9bb920d124ccf5311532b8ba157f799cd27.jpg,images/887e459f049ac9edf296816a6404e9bb920d124ccf5311532b8ba157f799cd27.jpg
5b75695d3e9d041c42c49cdfed94c8e9698fb8d2931e81aa59498f9758cc663d,5b75695d3e9d041c42c49cdfed94c8e9698fb8d2931e81aa59498f9758cc663d,lorenzo,batch_01_lorenzo,representative,ComplexDataLab/OpenFake,real,medium,0.6938253045082092,0.3028504252433777,0.6938253045082092,0.0033242672216147184,resnet50_imagenet1k_v2_layer4_fc_final_v1,images/5b75695d3e9d041c42c49cdfed94c8e9698fb8d2931e81aa59498f9758cc663d.jpg,images/5b75695d3e9d041c42c49cdfed94c8e9698fb8d2931e81aa59498f9758cc663d.jpg
da8515567a811f559176046bbd7ca71dae325f0b173de06b52f171e4f5f043b6,da8515567a811f559176046bbd7ca71dae325f0b173de06b52f171e4f5f043b6,lorenzo,batch_01_lorenzo,representative,ComplexDataLab/OpenFake,fake,medium,0.6207941770553589,0.362572580575943,0.6207941770553589,0.016633249819278717,resnet50_imagenet1k_v2_layer4_fc_final_v1,images/da8515567a811f559176046bbd7ca71dae325f0b173de06b52f171e4f5f043b6.png,images/da8515567a811f559176046bbd7ca71dae325f0b173de06b52f171e4f5f043b6.png
534b8c403c5b8a55a2b2be1d4fb04dd1a74d39bf1f8dcf8dbe2dd4ad375d9d95,534b8c403c5b8a55a2b2be1d4fb04dd1a74d39bf1f8dcf8dbe2dd4ad375d9d95,lorenzo,batch_01_lorenzo,representative,saberzl/SID_Set,real,medium,0.9069045782089233,0.06540973484516144,0.9069045782089233,0.027685733512043953,resnet50_imagenet1k_v2_layer4_fc_final_v1,images/534b8c403c5b8a55a2b2be1d4fb04dd1a74d39bf1f8dcf8dbe2dd4ad375d9d95.jpg,images/534b8c403c5b8a55a2b2be1d4fb04dd1a74d39bf1f8dcf8dbe2dd4ad375d9d95.jpg
05622c361cd2560c875a1395e127903ef94f3d757355e8f4653a67f6e8bf3b6a,05622c361cd2560c875a1395e127903ef94f3d757355e8f4653a67f6e8bf3b6a,lorenzo,batch_01_lorenzo,targeted,RRDataset,real,high,0.813926637172699,0.022937612608075142,0.16313570737838745,0.813926637172699,resnet50_imagenet1k_v2_layer4_fc_final_v1,images/05622c361cd2560c875a1395e127903ef94f3d757355e8f4653a67f6e8bf3b6a.jpg,images/05622c361cd2560c875a1395e127903ef94f3d757355e8f4653a67f6e8bf3b6a.jpg
c4bd6f92cac183d61bbec7029ee3ddce84d3bf567c8196541f2b3e494bc6262f,c4bd6f92cac183d61bbec7029ee3ddce84d3bf567c8196541f2b3e494bc6262f,lorenzo,batch_01_lorenzo,representative,saberzl/SID_Set,fake,low,0.8116687536239624,0.8116687536239624,0.15729133784770966,0.031039955094456673,resnet50_imagenet1k_v2_layer4_fc_final_v1,images/c4bd6f92cac183d61bbec7029ee3ddce84d3bf567c8196541f2b3e494bc6262f.png,images/c4bd6f92cac183d61bbec7029ee3ddce84d3bf567c8196541f2b3e494bc6262f.png
92ee34455347356d30ffcac9663f0cb1f76514fc9216c043d9466343a172d662,92ee34455347356d30ffcac9663f0cb1f76514fc9216c043d9466343a172d662,lorenzo,batch_01_lorenzo,representative,RRDataset,real,low,0.9470986127853394,0.9470986127853394,0.04938346892595291,0.003517993725836277,resnet50_imagenet1k_v2_layer4_fc_final_v1,images/92ee34455347356d30ffcac9663f0cb1f76514fc9216c043d9466343a172d662.jpg,images/92ee34455347356d30ffcac9663f0cb1f76514fc9216c043d9466343a172d662.jpg
cf55db9bc4ff3888a5edcd8417ebd5c6bd475d27020412b5be459a42a772ad66,cf55db9bc4ff3888a5edcd8417ebd5c6bd475d27020412b5be459a42a772ad66,lorenzo,batch_01_lorenzo,representative,saberzl/SID_Set,real,medium,0.7079446911811829,0.2795226573944092,0.7079446911811829,0.012532622553408146,resnet50_imagenet1k_v2_layer4_fc_final_v1,images/cf55db9bc4ff3888a5edcd8417ebd5c6bd475d27020412b5be459a42a772ad66.jpg,images/cf55db9bc4ff3888a5edcd8417ebd5c6bd475d27020412b5be459a42a772ad66.jpg
291ed8d64a11d62e45c507d5c44add44d264f8b69dc07f32fec160aa91d51282,291ed8d64a11d62e45c507d5c44add44d264f8b69dc07f32fec160aa91d51282,lorenzo,batch_01_lorenzo,representative,RRDataset,fake,medium,0.8874078392982483,0.014115923084318638,0.8874078392982483,0.09847626090049744,resnet50_imagenet1k_v2_layer4_fc_final_v1,images/291ed8d64a11d62e45c507d5c44add44d264f8b69dc07f32fec160aa91d51282.png,images/291ed8d64a11d62e45c507d5c44add44d264f8b69dc07f32fec160aa91d51282.png
0af482d1882ef23560905432e0601bf39ac2d3a7fbaaf341c899444a703b9ede,0af482d1882ef23560905432e0601bf39ac2d3a7fbaaf341c899444a703b9ede,lorenzo,batch_01_lorenzo,representative,RRDataset,real,medium,0.7266842126846313,0.17842157185077667,0.7266842126846313,0.09489420801401138,resnet50_imagenet1k_v2_layer4_fc_final_v1,images/0af482d1882ef23560905432e0601bf39ac2d3a7fbaaf341c899444a703b9ede.jpg,images/0af482d1882ef23560905432e0601bf39ac2d3a7fbaaf341c899444a703b9ede.jpg
960325a7058c872ef54f4ad763642da4185271c5794adf7bd489e6d6d4822ce7,960325a7058c872ef54f4ad763642da4185271c5794adf7bd489e6d6d4822ce7,giovanni,batch_01_giovanni,representative,RRDataset,real,medium,0.6300685405731201,0.36557701230049133,0.6300685405731201,0.004354443401098251,resnet50_imagenet1k_v2_layer4_fc_final_v1,images/960325a7058c872ef54f4ad763642da4185271c5794adf7bd489e6d6d4822ce7.jpg,images/960325a7058c872ef54f4ad763642da4185271c5794adf7bd489e6d6d4822ce7.jpg
b6a344c6fa89f6214cfd9f9dd42475f3e66eedab3e8f38449adee7c03dbb3f5b,b6a344c6fa89f6214cfd9f9dd42475f3e66eedab3e8f38449adee7c03dbb3f5b,giovanni,batch_01_giovanni,targeted,RRDataset,fake,high,0.8596211075782776,0.012932530604302883,0.12744642794132233,0.8596211075782776,resnet50_imagenet1k_v2_layer4_fc_final_v1,images/b6a344c6fa89f6214cfd9f9dd42475f3e66eedab3e8f38449adee7c03dbb3f5b.png,images/b6a344c6fa89f6214cfd9f9dd42475f3e66eedab3e8f38449adee7c03dbb3f5b.png
0733874ff23a178f8df2b3fc91ce2b851726008d29456debb199e183a1be25e2,0733874ff23a178f8df2b3fc91ce2b851726008d29456debb199e183a1be25e2,giovanni,batch_01_giovanni,representative,saberzl/SID_Set,fake,medium,0.4718325436115265,0.3965206742286682,0.4718325436115265,0.13164681196212769,resnet50_imagenet1k_v2_layer4_fc_final_v1,images/0733874ff23a178f8df2b3fc91ce2b851726008d29456debb199e183a1be25e2.png,images/0733874ff23a178f8df2b3fc91ce2b851726008d29456debb199e183a1be25e2.png
e5b1ffcc2ce581ccff59b48c1fc66debe301a4523a505e988ef9c5f0562dcb63,e5b1ffcc2ce581ccff59b48c1fc66debe301a4523a505e988ef9c5f0562dcb63,giovanni,batch_01_giovanni,targeted,RRDataset,fake,high,0.8027021288871765,0.1316184103488922,0.06567950546741486,0.8027021288871765,resnet50_imagenet1k_v2_layer4_fc_final_v1,images/e5b1ffcc2ce581ccff59b48c1fc66debe301a4523a505e988ef9c5f0562dcb63.png,images/e5b1ffcc2ce581ccff59b48c1fc66debe301a4523a505e988ef9c5f0562dcb63.png
3c9d19f0f80b2f4ef3a572610a18b726c2c65f9dbd7c9905265c5588bc9a8478,3c9d19f0f80b2f4ef3a572610a18b726c2c65f9dbd7c9905265c5588bc9a8478,giovanni,batch_01_giovanni,representative,ComplexDataLab/OpenFake,fake,low,0.9145385026931763,0.9145385026931763,0.07176409661769867,0.013697493821382523,resnet50_imagenet1k_v2_layer4_fc_final_v1,images/3c9d19f0f80b2f4ef3a572610a18b726c2c65f9dbd7c9905265c5588bc9a8478.jpg,images/3c9d19f0f80b2f4ef3a572610a18b726c2c65f9dbd7c9905265c5588bc9a8478.jpg
1c2b8f1d874d78e86dec0ef527ab337b3cef94333f7ab22470384b99399dc225,1c2b8f1d874d78e86dec0ef527ab337b3cef94333f7ab22470384b99399dc225,giovanni,batch_01_giovanni,representative,ComplexDataLab/OpenFake,real,medium,0.6970205903053284,0.29978707432746887,0.6970205903053284,0.0031923491042107344,resnet50_imagenet1k_v2_layer4_fc_final_v1,images/1c2b8f1d874d78e86dec0ef527ab337b3cef94333f7ab22470384b99399dc225.jpg,images/1c2b8f1d874d78e86dec0ef527ab337b3cef94333f7ab22470384b99399dc225.jpg
09a2ec7304869e844a671161cf44a987c6a33f91b4e2cd92a9eebb982326cd0f,09a2ec7304869e844a671161cf44a987c6a33f91b4e2cd92a9eebb982326cd0f,giovanni,batch_01_giovanni,targeted,RRDataset,fake,high,0.7277086973190308,0.11699704080820084,0.1552942395210266,0.7277086973190308,resnet50_imagenet1k_v2_layer4_fc_final_v1,images/09a2ec7304869e844a671161cf44a987c6a33f91b4e2cd92a9eebb982326cd0f.png,images/09a2ec7304869e844a671161cf44a987c6a33f91b4e2cd92a9eebb982326cd0f.png
457afb78c783da1c16521c973c008d5d1057c51a220627177e8dd9d3d72f9a4d,457afb78c783da1c16521c973c008d5d1057c51a220627177e8dd9d3d72f9a4d,giovanni,batch_01_giovanni,representative,RRDataset,real,medium,0.9389675259590149,0.054581139236688614,0.9389675259590149,0.006451367400586605,resnet50_imagenet1k_v2_layer4_fc_final_v1,images/457afb78c783da1c16521c973c008d5d1057c51a220627177e8dd9d3d72f9a4d.jpg,images/457afb78c783da1c16521c973c008d5d1057c51a220627177e8dd9d3d72f9a4d.jpg
de8715638e477f01341583d52c0a349524c262c268df89c0c7b2fb4c81672257,de8715638e477f01341583d52c0a349524c262c268df89c0c7b2fb4c81672257,giovanni,batch_01_giovanni,representative,saberzl/SID_Set,real,medium,0.8047553300857544,0.17131012678146362,0.8047553300857544,0.023934558033943176,resnet50_imagenet1k_v2_layer4_fc_final_v1,images/de8715638e477f01341583d52c0a349524c262c268df89c0c7b2fb4c81672257.jpg,images/de8715638e477f01341583d52c0a349524c262c268df89c0c7b2fb4c81672257.jpg
b44c9a053998797db98f9150636ced9dda2e5f916f76546f33eae271ba3274aa,b44c9a053998797db98f9150636ced9dda2e5f916f76546f33eae271ba3274aa,giovanni,batch_01_giovanni,targeted,ComplexDataLab/OpenFake,fake,high,0.5041632056236267,0.34474703669548035,0.15108975768089294,0.5041632056236267,resnet50_imagenet1k_v2_layer4_fc_final_v1,images/b44c9a053998797db98f9150636ced9dda2e5f916f76546f33eae271ba3274aa.jpg,images/b44c9a053998797db98f9150636ced9dda2e5f916f76546f33eae271ba3274aa.jpg
21ccf6fafb3f31f0231951aa7f44c3bd205c2b918b1b562b6dd289ff9389b8d6,21ccf6fafb3f31f0231951aa7f44c3bd205c2b918b1b562b6dd289ff9389b8d6,giovanni,batch_01_giovanni,representative,saberzl/SID_Set,real,low,0.5023407340049744,0.5023407340049744,0.49741172790527344,0.0002475180372130126,resnet50_imagenet1k_v2_layer4_fc_final_v1,images/21ccf6fafb3f31f0231951aa7f44c3bd205c2b918b1b562b6dd289ff9389b8d6.jpg,images/21ccf6fafb3f31f0231951aa7f44c3bd205c2b918b1b562b6dd289ff9389b8d6.jpg
2e049d87c003219e194c90864b3124a00434f7911d850806a9e361bb5f44753d,2e049d87c003219e194c90864b3124a00434f7911d850806a9e361bb5f44753d,giovanni,batch_01_giovanni,representative,RRDataset,real,low,0.89365154504776,0.89365154504776,0.0854448527097702,0.020903587341308594,resnet50_imagenet1k_v2_layer4_fc_final_v1,images/2e049d87c003219e194c90864b3124a00434f7911d850806a9e361bb5f44753d.jpg,images/2e049d87c003219e194c90864b3124a00434f7911d850806a9e361bb5f44753d.jpg
18bce8b97cd36ee7286152fe7db043ec0138ef174361203b2ed4f83350f299c9,18bce8b97cd36ee7286152fe7db043ec0138ef174361203b2ed4f83350f299c9,giovanni,batch_01_giovanni,representative,ComplexDataLab/OpenFake,real,low,0.7775868773460388,0.7775868773460388,0.2128627747297287,0.009550290182232857,resnet50_imagenet1k_v2_layer4_fc_final_v1,images/18bce8b97cd36ee7286152fe7db043ec0138ef174361203b2ed4f83350f299c9.jpg,images/18bce8b97cd36ee7286152fe7db043ec0138ef174361203b2ed4f83350f299c9.jpg
14acc8c0d89e4492d79d2b43068916e924ed4f629248e6ac2913528168425830,14acc8c0d89e4492d79d2b43068916e924ed4f629248e6ac2913528168425830,giovanni,batch_01_giovanni,targeted,ComplexDataLab/OpenFake,real,high,0.47370532155036926,0.14893998205661774,0.3773546814918518,0.47370532155036926,resnet50_imagenet1k_v2_layer4_fc_final_v1,images/14acc8c0d89e4492d79d2b43068916e924ed4f629248e6ac2913528168425830.jpg,images/14acc8c0d89e4492d79d2b43068916e924ed4f629248e6ac2913528168425830.jpg
5da22bdd0697c9f2324b06e4fe04c320460f0cb06429e5fb562837d9552a2959,5da22bdd0697c9f2324b06e4fe04c320460f0cb06429e5fb562837d9552a2959,giovanni,batch_01_giovanni,representative,saberzl/SID_Set,real,medium,0.9881392121315002,0.009807078167796135,0.9881392121315002,0.002053722972050309,resnet50_imagenet1k_v2_layer4_fc_final_v1,images/5da22bdd0697c9f2324b06e4fe04c320460f0cb06429e5fb562837d9552a2959.jpg,images/5da22bdd0697c9f2324b06e4fe04c320460f0cb06429e5fb562837d9552a2959.jpg
7bfcd1ecd23cb53efabb081060ff5b367c31fb0cbbd9a9a8dca5c50476a2af62,7bfcd1ecd23cb53efabb081060ff5b367c31fb0cbbd9a9a8dca5c50476a2af62,giovanni,batch_01_giovanni,representative,ComplexDataLab/OpenFake,fake,medium,0.6216790676116943,0.3350282311439514,0.6216790676116943,0.043292731046676636,resnet50_imagenet1k_v2_layer4_fc_final_v1,images/7bfcd1ecd23cb53efabb081060ff5b367c31fb0cbbd9a9a8dca5c50476a2af62.png,images/7bfcd1ecd23cb53efabb081060ff5b367c31fb0cbbd9a9a8dca5c50476a2af62.png
7784427b3949bf3ba8d085ca625db76664282b3090ec13f1e0c7cb7030283bc6,7784427b3949bf3ba8d085ca625db76664282b3090ec13f1e0c7cb7030283bc6,giovanni,batch_01_giovanni,targeted,RRDataset,fake,high,0.7691910862922668,0.021972114220261574,0.2088368684053421,0.7691910862922668,resnet50_imagenet1k_v2_layer4_fc_final_v1,images/7784427b3949bf3ba8d085ca625db76664282b3090ec13f1e0c7cb7030283bc6.png,images/7784427b3949bf3ba8d085ca625db76664282b3090ec13f1e0c7cb7030283bc6.png
ca3a7670f11788f0d42a4470534927e86a7d66ac993e94bd01c9c576aa2c431e,ca3a7670f11788f0d42a4470534927e86a7d66ac993e94bd01c9c576aa2c431e,giovanni,batch_01_giovanni,targeted,saberzl/SID_Set,real,medium,0.36551982164382935,0.32766830921173096,0.36551982164382935,0.3068118989467621,resnet50_imagenet1k_v2_layer4_fc_final_v1,images/ca3a7670f11788f0d42a4470534927e86a7d66ac993e94bd01c9c576aa2c431e.jpg,images/ca3a7670f11788f0d42a4470534927e86a7d66ac993e94bd01c9c576aa2c431e.jpg
5c4a0e356d98d03271a23c8e0e151d04296297b3c37decc258f2dc75b153e50e,5c4a0e356d98d03271a23c8e0e151d04296297b3c37decc258f2dc75b153e50e,giovanni,batch_01_giovanni,representative,RRDataset,fake,medium,0.7107102870941162,0.047521475702524185,0.7107102870941162,0.2417682707309723,resnet50_imagenet1k_v2_layer4_fc_final_v1,images/5c4a0e356d98d03271a23c8e0e151d04296297b3c37decc258f2dc75b153e50e.png,images/5c4a0e356d98d03271a23c8e0e151d04296297b3c37decc258f2dc75b153e50e.png
7b775b5b0165109298c7f70606db55431acc2a12beb18f8f67cd496833dce02b,7b775b5b0165109298c7f70606db55431acc2a12beb18f8f67cd496833dce02b,giovanni,batch_01_giovanni,representative,saberzl/SID_Set,fake,medium,0.9197102189064026,0.0771334320306778,0.9197102189064026,0.003156388644129038,resnet50_imagenet1k_v2_layer4_fc_final_v1,images/7b775b5b0165109298c7f70606db55431acc2a12beb18f8f67cd496833dce02b.png,images/7b775b5b0165109298c7f70606db55431acc2a12beb18f8f67cd496833dce02b.png
52fae2b4c4f07411ffeb08e24bffa2c5aff57bf0e7472dc727da7c55f7a3fc57,52fae2b4c4f07411ffeb08e24bffa2c5aff57bf0e7472dc727da7c55f7a3fc57,giovanni,batch_01_giovanni,representative,ComplexDataLab/OpenFake,fake,medium,0.7174669504165649,0.2579028606414795,0.7174669504165649,0.02463020756840706,resnet50_imagenet1k_v2_layer4_fc_final_v1,images/52fae2b4c4f07411ffeb08e24bffa2c5aff57bf0e7472dc727da7c55f7a3fc57.png,images/52fae2b4c4f07411ffeb08e24bffa2c5aff57bf0e7472dc727da7c55f7a3fc57.png
e88e4605f88f7ccfa42792abc0bc3a22110d19d74b30b32b3773541d0eeef4b8,e88e4605f88f7ccfa42792abc0bc3a22110d19d74b30b32b3773541d0eeef4b8,giovanni,batch_01_giovanni,representative,saberzl/SID_Set,fake,medium,0.7252806425094604,0.27321580052375793,0.7252806425094604,0.0015035939868539572,resnet50_imagenet1k_v2_layer4_fc_final_v1,images/e88e4605f88f7ccfa42792abc0bc3a22110d19d74b30b32b3773541d0eeef4b8.png,images/e88e4605f88f7ccfa42792abc0bc3a22110d19d74b30b32b3773541d0eeef4b8.png
43a7b439ef8fa21744e89c30159e6f897eaf017e3b9a3b84a62351ce888c4b1e,43a7b439ef8fa21744e89c30159e6f897eaf017e3b9a3b84a62351ce888c4b1e,giovanni,batch_01_giovanni,targeted,ComplexDataLab/OpenFake,real,medium,0.45092839002609253,0.17485760152339935,0.45092839002609253,0.3742140233516693,resnet50_imagenet1k_v2_layer4_fc_final_v1,images/43a7b439ef8fa21744e89c30159e6f897eaf017e3b9a3b84a62351ce888c4b1e.jpg,images/43a7b439ef8fa21744e89c30159e6f897eaf017e3b9a3b84a62351ce888c4b1e.jpg
e0b8553d1bc047c1bd237eb4c5f83cbc3e79fe0a66360eeb54bbd3e1f062a6a7,e0b8553d1bc047c1bd237eb4c5f83cbc3e79fe0a66360eeb54bbd3e1f062a6a7,giovanni,batch_01_giovanni,representative,ComplexDataLab/OpenFake,fake,medium,0.8823609352111816,0.10272044688463211,0.8823609352111816,0.014918609522283077,resnet50_imagenet1k_v2_layer4_fc_final_v1,images/e0b8553d1bc047c1bd237eb4c5f83cbc3e79fe0a66360eeb54bbd3e1f062a6a7.png,images/e0b8553d1bc047c1bd237eb4c5f83cbc3e79fe0a66360eeb54bbd3e1f062a6a7.png
c970f2345461bbca047be3f8d7f6d67ce013b9707d91008bf6e50080a57f97eb,c970f2345461bbca047be3f8d7f6d67ce013b9707d91008bf6e50080a57f97eb,giovanni,batch_01_giovanni,targeted,ComplexDataLab/OpenFake,real,high,0.4850221872329712,0.27692776918411255,0.23805001378059387,0.4850221872329712,resnet50_imagenet1k_v2_layer4_fc_final_v1,images/c970f2345461bbca047be3f8d7f6d67ce013b9707d91008bf6e50080a57f97eb.jpg,images/c970f2345461bbca047be3f8d7f6d67ce013b9707d91008bf6e50080a57f97eb.jpg
5c761c87c8906ee8d7fb7ef37b972dff24738f954e5e43a87ec6c60a77dcf818,5c761c87c8906ee8d7fb7ef37b972dff24738f954e5e43a87ec6c60a77dcf818,giovanni,batch_01_giovanni,representative,RRDataset,fake,low,0.8753970861434937,0.8753970861434937,0.11824209988117218,0.0063608549535274506,resnet50_imagenet1k_v2_layer4_fc_final_v1,images/5c761c87c8906ee8d7fb7ef37b972dff24738f954e5e43a87ec6c60a77dcf818.png,images/5c761c87c8906ee8d7fb7ef37b972dff24738f954e5e43a87ec6c60a77dcf818.png
1bac358d8c506545f2bd3e16e402036ff24bb3ae17fd1f469e0a0c8e0e77db11,1bac358d8c506545f2bd3e16e402036ff24bb3ae17fd1f469e0a0c8e0e77db11,giovanni,batch_01_giovanni,representative,saberzl/SID_Set,real,medium,0.6761459708213806,0.273640900850296,0.6761459708213806,0.05021316930651665,resnet50_imagenet1k_v2_layer4_fc_final_v1,images/1bac358d8c506545f2bd3e16e402036ff24bb3ae17fd1f469e0a0c8e0e77db11.jpg,images/1bac358d8c506545f2bd3e16e402036ff24bb3ae17fd1f469e0a0c8e0e77db11.jpg
5bb40db9aaf8825f9f45a580b866934c5104e9807221a65f6f288aadd02774d2,5bb40db9aaf8825f9f45a580b866934c5104e9807221a65f6f288aadd02774d2,giovanni,batch_01_giovanni,targeted,RRDataset,fake,high,0.5791342854499817,0.015947820618748665,0.4049178659915924,0.5791342854499817,resnet50_imagenet1k_v2_layer4_fc_final_v1,images/5bb40db9aaf8825f9f45a580b866934c5104e9807221a65f6f288aadd02774d2.png,images/5bb40db9aaf8825f9f45a580b866934c5104e9807221a65f6f288aadd02774d2.png
e61ad10ca797b541696215d240a3481edb66fb09979d3f7264f8e0ebe5b39a7c,e61ad10ca797b541696215d240a3481edb66fb09979d3f7264f8e0ebe5b39a7c,giovanni,batch_01_giovanni,targeted,ComplexDataLab/OpenFake,fake,high,0.6963719129562378,0.10681171715259552,0.19681639969348907,0.6963719129562378,resnet50_imagenet1k_v2_layer4_fc_final_v1,images/e61ad10ca797b541696215d240a3481edb66fb09979d3f7264f8e0ebe5b39a7c.jpg,images/e61ad10ca797b541696215d240a3481edb66fb09979d3f7264f8e0ebe5b39a7c.jpg
56c19c0ac399f6e74eeff4b6e2ce73ed3b32c4d09b7206270ded912997cca808,56c19c0ac399f6e74eeff4b6e2ce73ed3b32c4d09b7206270ded912997cca808,giovanni,batch_01_giovanni,representative,ComplexDataLab/OpenFake,fake,medium,0.6989594101905823,0.19548064470291138,0.6989594101905823,0.10555997490882874,resnet50_imagenet1k_v2_layer4_fc_final_v1,images/56c19c0ac399f6e74eeff4b6e2ce73ed3b32c4d09b7206270ded912997cca808.png,images/56c19c0ac399f6e74eeff4b6e2ce73ed3b32c4d09b7206270ded912997cca808.png
4c611beec246562e4797340761b1f6ce3443ffc94160da408b02d0ee6e65bd00,4c611beec246562e4797340761b1f6ce3443ffc94160da408b02d0ee6e65bd00,giovanni,batch_01_giovanni,representative,saberzl/SID_Set,fake,low,0.896331250667572,0.896331250667572,0.09060747176408768,0.013061258010566235,resnet50_imagenet1k_v2_layer4_fc_final_v1,images/4c611beec246562e4797340761b1f6ce3443ffc94160da408b02d0ee6e65bd00.png,images/4c611beec246562e4797340761b1f6ce3443ffc94160da408b02d0ee6e65bd00.png
c5e2821a1b8943a164d1a0634dca60d1169721b78d90f6a2af32c432e092ca8f,c5e2821a1b8943a164d1a0634dca60d1169721b78d90f6a2af32c432e092ca8f,giovanni,batch_01_giovanni,representative,RRDataset,fake,medium,0.8440387845039368,0.11584310978651047,0.8440387845039368,0.04011807590723038,resnet50_imagenet1k_v2_layer4_fc_final_v1,images/c5e2821a1b8943a164d1a0634dca60d1169721b78d90f6a2af32c432e092ca8f.png,images/c5e2821a1b8943a164d1a0634dca60d1169721b78d90f6a2af32c432e092ca8f.png
5e3291047201d2b36c9e330a0ca17eb3e36944520045620aac562fae27cba36a,5e3291047201d2b36c9e330a0ca17eb3e36944520045620aac562fae27cba36a,giovanni,batch_01_giovanni,representative,RRDataset,fake,medium,0.49065208435058594,0.18257330358028412,0.49065208435058594,0.3267746567726135,resnet50_imagenet1k_v2_layer4_fc_final_v1,images/5e3291047201d2b36c9e330a0ca17eb3e36944520045620aac562fae27cba36a.png,images/5e3291047201d2b36c9e330a0ca17eb3e36944520045620aac562fae27cba36a.png
87c28d384f7b1ac716c49ab8883a2c2094b82e4f27f3efca4051c9fab37549bd,87c28d384f7b1ac716c49ab8883a2c2094b82e4f27f3efca4051c9fab37549bd,giovanni,batch_01_giovanni,representative,ComplexDataLab/OpenFake,real,medium,0.8397679924964905,0.1541789472103119,0.8397679924964905,0.006053093820810318,resnet50_imagenet1k_v2_layer4_fc_final_v1,images/87c28d384f7b1ac716c49ab8883a2c2094b82e4f27f3efca4051c9fab37549bd.jpg,images/87c28d384f7b1ac716c49ab8883a2c2094b82e4f27f3efca4051c9fab37549bd.jpg
0044cb3e58cacc4afc961798a33f77b3e83bc5b43787ea5a66f97b7095241392,0044cb3e58cacc4afc961798a33f77b3e83bc5b43787ea5a66f97b7095241392,giovanni,batch_01_giovanni,targeted,saberzl/SID_Set,fake,high,0.6728639602661133,0.131189227104187,0.1959468424320221,0.6728639602661133,resnet50_imagenet1k_v2_layer4_fc_final_v1,images/0044cb3e58cacc4afc961798a33f77b3e83bc5b43787ea5a66f97b7095241392.png,images/0044cb3e58cacc4afc961798a33f77b3e83bc5b43787ea5a66f97b7095241392.png
75feee742e9b8e0bcb6f06ec52bdbf72fab911c82c183c752b0eb7800794f318,75feee742e9b8e0bcb6f06ec52bdbf72fab911c82c183c752b0eb7800794f318,giovanni,batch_01_giovanni,representative,saberzl/SID_Set,fake,low,0.5512453317642212,0.5512453317642212,0.4054550528526306,0.04329956695437431,resnet50_imagenet1k_v2_layer4_fc_final_v1,images/75feee742e9b8e0bcb6f06ec52bdbf72fab911c82c183c752b0eb7800794f318.png,images/75feee742e9b8e0bcb6f06ec52bdbf72fab911c82c183c752b0eb7800794f318.png
8ef1ec1465af0c7debf9836720bc858ce886a4c5256da2bc08d83313f48de61b,8ef1ec1465af0c7debf9836720bc858ce886a4c5256da2bc08d83313f48de61b,giovanni,batch_01_giovanni,representative,ComplexDataLab/OpenFake,real,medium,0.8605323433876038,0.12085611373186111,0.8605323433876038,0.018611565232276917,resnet50_imagenet1k_v2_layer4_fc_final_v1,images/8ef1ec1465af0c7debf9836720bc858ce886a4c5256da2bc08d83313f48de61b.jpg,images/8ef1ec1465af0c7debf9836720bc858ce886a4c5256da2bc08d83313f48de61b.jpg
8dc88c106724fa58a16649772d6b7cb112162c955beb8e45c9aa67141d2119f0,8dc88c106724fa58a16649772d6b7cb112162c955beb8e45c9aa67141d2119f0,giovanni,batch_01_giovanni,representative,RRDataset,fake,medium,0.6472088098526001,0.097907654941082,0.6472088098526001,0.2548835575580597,resnet50_imagenet1k_v2_layer4_fc_final_v1,images/8dc88c106724fa58a16649772d6b7cb112162c955beb8e45c9aa67141d2119f0.png,images/8dc88c106724fa58a16649772d6b7cb112162c955beb8e45c9aa67141d2119f0.png
339f4941d4aacda4a4133de2c0caac004f7c23e3c5671dfbff8523128e11d053,339f4941d4aacda4a4133de2c0caac004f7c23e3c5671dfbff8523128e11d053,giovanni,batch_01_giovanni,representative,RRDataset,fake,medium,0.9139859676361084,0.06800184398889542,0.9139859676361084,0.01801218092441559,resnet50_imagenet1k_v2_layer4_fc_final_v1,images/339f4941d4aacda4a4133de2c0caac004f7c23e3c5671dfbff8523128e11d053.png,images/339f4941d4aacda4a4133de2c0caac004f7c23e3c5671dfbff8523128e11d053.png
117e42fa351f1cf0d260521fbce2307db7093cb73b497ed9364c71e9222ade3b,117e42fa351f1cf0d260521fbce2307db7093cb73b497ed9364c71e9222ade3b,giovanni,batch_01_giovanni,targeted,ComplexDataLab/OpenFake,real,medium,0.4346669018268585,0.37989288568496704,0.4346669018268585,0.18544019758701324,resnet50_imagenet1k_v2_layer4_fc_final_v1,images/117e42fa351f1cf0d260521fbce2307db7093cb73b497ed9364c71e9222ade3b.jpg,images/117e42fa351f1cf0d260521fbce2307db7093cb73b497ed9364c71e9222ade3b.jpg
3a468808c81deb8a1d0578061640035bd166c657d1740388c2da954b2214122d,3a468808c81deb8a1d0578061640035bd166c657d1740388c2da954b2214122d,giovanni,batch_01_giovanni,representative,ComplexDataLab/OpenFake,fake,medium,0.9523462653160095,0.04671639949083328,0.9523462653160095,0.0009373565553687513,resnet50_imagenet1k_v2_layer4_fc_final_v1,images/3a468808c81deb8a1d0578061640035bd166c657d1740388c2da954b2214122d.png,images/3a468808c81deb8a1d0578061640035bd166c657d1740388c2da954b2214122d.png
a070f352e00fbbdb8d3e0abe152c4af4972780aed9f6bd88df2a770cd76999b4,a070f352e00fbbdb8d3e0abe152c4af4972780aed9f6bd88df2a770cd76999b4,giovanni,batch_01_giovanni,targeted,RRDataset,fake,high,0.8801531195640564,0.022740375250577927,0.09710654616355896,0.8801531195640564,resnet50_imagenet1k_v2_layer4_fc_final_v1,images/a070f352e00fbbdb8d3e0abe152c4af4972780aed9f6bd88df2a770cd76999b4.png,images/a070f352e00fbbdb8d3e0abe152c4af4972780aed9f6bd88df2a770cd76999b4.png
3513cdf7a346cfa6d1f5a1d10fbea34e5159d6481fc7aea6853470fd80af63e9,3513cdf7a346cfa6d1f5a1d10fbea34e5159d6481fc7aea6853470fd80af63e9,giovanni,batch_01_giovanni,representative,saberzl/SID_Set,real,low,0.6976744532585144,0.6976744532585144,0.2402946501970291,0.06203088536858559,resnet50_imagenet1k_v2_layer4_fc_final_v1,images/3513cdf7a346cfa6d1f5a1d10fbea34e5159d6481fc7aea6853470fd80af63e9.jpg,images/3513cdf7a346cfa6d1f5a1d10fbea34e5159d6481fc7aea6853470fd80af63e9.jpg
6302fc45b66e8edecec30b745b4c49971e5487938b63515bb3281b3e42160bde,6302fc45b66e8edecec30b745b4c49971e5487938b63515bb3281b3e42160bde,giovanni,batch_01_giovanni,representative,saberzl/SID_Set,fake,low,0.784288227558136,0.784288227558136,0.201923668384552,0.01378808543086052,resnet50_imagenet1k_v2_layer4_fc_final_v1,images/6302fc45b66e8edecec30b745b4c49971e5487938b63515bb3281b3e42160bde.png,images/6302fc45b66e8edecec30b745b4c49971e5487938b63515bb3281b3e42160bde.png
c27fbaa7f75648c42fd28f8b7a3cd2f1a58ad107aa454be774a412b9fc08f271,c27fbaa7f75648c42fd28f8b7a3cd2f1a58ad107aa454be774a412b9fc08f271,giovanni,batch_01_giovanni,targeted,ComplexDataLab/OpenFake,real,low,0.5099523067474365,0.5099523067474365,0.4894407391548157,0.0006069966475479305,resnet50_imagenet1k_v2_layer4_fc_final_v1,images/c27fbaa7f75648c42fd28f8b7a3cd2f1a58ad107aa454be774a412b9fc08f271.jpg,images/c27fbaa7f75648c42fd28f8b7a3cd2f1a58ad107aa454be774a412b9fc08f271.jpg
b59dffcdb61633919a78d980b8f3e1da63dfa460177fc837f5b63df0e16fa4d5,b59dffcdb61633919a78d980b8f3e1da63dfa460177fc837f5b63df0e16fa4d5,giovanni,batch_01_giovanni,representative,RRDataset,fake,high,0.7789155840873718,0.0071105617098510265,0.2139737904071808,0.7789155840873718,resnet50_imagenet1k_v2_layer4_fc_final_v1,images/b59dffcdb61633919a78d980b8f3e1da63dfa460177fc837f5b63df0e16fa4d5.png,images/b59dffcdb61633919a78d980b8f3e1da63dfa460177fc837f5b63df0e16fa4d5.png
bbd2c225293f03ee1cafa4ff129564146db562efc0d162a3399e0b5768247022,bbd2c225293f03ee1cafa4ff129564146db562efc0d162a3399e0b5768247022,giovanni,batch_01_giovanni,targeted,RRDataset,fake,high,0.6047272086143494,0.22713549435138702,0.168137326836586,0.6047272086143494,resnet50_imagenet1k_v2_layer4_fc_final_v1,images/bbd2c225293f03ee1cafa4ff129564146db562efc0d162a3399e0b5768247022.png,images/bbd2c225293f03ee1cafa4ff129564146db562efc0d162a3399e0b5768247022.png
a10e416e008b49ffdc3d436cdc92896d627c5b64fd99ab5bbf4cc59e04a2251e,a10e416e008b49ffdc3d436cdc92896d627c5b64fd99ab5bbf4cc59e04a2251e,giovanni,batch_01_giovanni,representative,saberzl/SID_Set,fake,low,0.6399184465408325,0.6399184465408325,0.2127469927072525,0.1473345011472702,resnet50_imagenet1k_v2_layer4_fc_final_v1,images/a10e416e008b49ffdc3d436cdc92896d627c5b64fd99ab5bbf4cc59e04a2251e.png,images/a10e416e008b49ffdc3d436cdc92896d627c5b64fd99ab5bbf4cc59e04a2251e.png
5b618322d727d8a206499a375dbe62b6d78d0bebdf16d28ddb44d65c25659558,5b618322d727d8a206499a375dbe62b6d78d0bebdf16d28ddb44d65c25659558,giovanni,batch_01_giovanni,representative,saberzl/SID_Set,fake,medium,0.7993833422660828,0.19754987955093384,0.7993833422660828,0.0030667625833302736,resnet50_imagenet1k_v2_layer4_fc_final_v1,images/5b618322d727d8a206499a375dbe62b6d78d0bebdf16d28ddb44d65c25659558.png,images/5b618322d727d8a206499a375dbe62b6d78d0bebdf16d28ddb44d65c25659558.png
563d735fc629a0326781d4b1279dbd69dba1df7ce8d0ce0ee6eaa0bae57b4295,563d735fc629a0326781d4b1279dbd69dba1df7ce8d0ce0ee6eaa0bae57b4295,giovanni,batch_01_giovanni,representative,saberzl/SID_Set,real,low,0.8751304149627686,0.8751304149627686,0.1132684275507927,0.011601170524954796,resnet50_imagenet1k_v2_layer4_fc_final_v1,images/563d735fc629a0326781d4b1279dbd69dba1df7ce8d0ce0ee6eaa0bae57b4295.jpg,images/563d735fc629a0326781d4b1279dbd69dba1df7ce8d0ce0ee6eaa0bae57b4295.jpg
3d5fb0459f6bb6fc3d149b07ea1edc602a7fd9aa74ab0000cf0e828f3bff7997,3d5fb0459f6bb6fc3d149b07ea1edc602a7fd9aa74ab0000cf0e828f3bff7997,giovanni,batch_01_giovanni,representative,saberzl/SID_Set,real,medium,0.7568479776382446,0.24256934225559235,0.7568479776382446,0.000582636974286288,resnet50_imagenet1k_v2_layer4_fc_final_v1,images/3d5fb0459f6bb6fc3d149b07ea1edc602a7fd9aa74ab0000cf0e828f3bff7997.jpg,images/3d5fb0459f6bb6fc3d149b07ea1edc602a7fd9aa74ab0000cf0e828f3bff7997.jpg
78f0a48098b58addf6e0c24181856e2f2ce3fe688ae5d2d3d7c38c47b415d2a6,78f0a48098b58addf6e0c24181856e2f2ce3fe688ae5d2d3d7c38c47b415d2a6,giovanni,batch_01_giovanni,targeted,RRDataset,fake,high,0.9354743361473083,0.005449100397527218,0.05907654017210007,0.9354743361473083,resnet50_imagenet1k_v2_layer4_fc_final_v1,images/78f0a48098b58addf6e0c24181856e2f2ce3fe688ae5d2d3d7c38c47b415d2a6.png,images/78f0a48098b58addf6e0c24181856e2f2ce3fe688ae5d2d3d7c38c47b415d2a6.png
d2f8824d919c1283b29a55c338333d47cd7dc61888e794f6ea3b63c7b792abff,d2f8824d919c1283b29a55c338333d47cd7dc61888e794f6ea3b63c7b792abff,giovanni,batch_01_giovanni,representative,RRDataset,real,medium,0.7430734038352966,0.09628760069608688,0.7430734038352966,0.1606389731168747,resnet50_imagenet1k_v2_layer4_fc_final_v1,images/d2f8824d919c1283b29a55c338333d47cd7dc61888e794f6ea3b63c7b792abff.jpg,images/d2f8824d919c1283b29a55c338333d47cd7dc61888e794f6ea3b63c7b792abff.jpg
dad9b5c204423d31effe2ceb0f2f8897d746799079cbf38fe413fee811a1a48a,dad9b5c204423d31effe2ceb0f2f8897d746799079cbf38fe413fee811a1a48a,giovanni,batch_01_giovanni,representative,ComplexDataLab/OpenFake,real,medium,0.941825807094574,0.05402267351746559,0.941825807094574,0.004151563160121441,resnet50_imagenet1k_v2_layer4_fc_final_v1,images/dad9b5c204423d31effe2ceb0f2f8897d746799079cbf38fe413fee811a1a48a.jpg,images/dad9b5c204423d31effe2ceb0f2f8897d746799079cbf38fe413fee811a1a48a.jpg
1f63843ff6f2f8dbe07fbf2d65fed8c884e1bdab06904ce31b33132ac47b3275,1f63843ff6f2f8dbe07fbf2d65fed8c884e1bdab06904ce31b33132ac47b3275,giovanni,batch_01_giovanni,representative,ComplexDataLab/OpenFake,real,low,0.4591446816921234,0.4591446816921234,0.4306025207042694,0.1102527603507042,resnet50_imagenet1k_v2_layer4_fc_final_v1,images/1f63843ff6f2f8dbe07fbf2d65fed8c884e1bdab06904ce31b33132ac47b3275.jpg,images/1f63843ff6f2f8dbe07fbf2d65fed8c884e1bdab06904ce31b33132ac47b3275.jpg
cbfbc22ff9c68dd39579b3a5b309646e2882de98ae9f3bb143e1b2285c6ced39,cbfbc22ff9c68dd39579b3a5b309646e2882de98ae9f3bb143e1b2285c6ced39,giovanni,batch_01_giovanni,representative,ComplexDataLab/OpenFake,fake,low,0.6829171180725098,0.6829171180725098,0.2899414598941803,0.027141379192471504,resnet50_imagenet1k_v2_layer4_fc_final_v1,images/cbfbc22ff9c68dd39579b3a5b309646e2882de98ae9f3bb143e1b2285c6ced39.png,images/cbfbc22ff9c68dd39579b3a5b309646e2882de98ae9f3bb143e1b2285c6ced39.png
b43c0207ee78e0074472379305bfc7c35e5358c358b9c832f3949cf1c82b7012,b43c0207ee78e0074472379305bfc7c35e5358c358b9c832f3949cf1c82b7012,giovanni,batch_01_giovanni,targeted,RRDataset,real,high,0.8287659287452698,0.07225058227777481,0.09898348897695541,0.8287659287452698,resnet50_imagenet1k_v2_layer4_fc_final_v1,images/b43c0207ee78e0074472379305bfc7c35e5358c358b9c832f3949cf1c82b7012.jpg,images/b43c0207ee78e0074472379305bfc7c35e5358c358b9c832f3949cf1c82b7012.jpg
bd7468a900ffedc02cbf783f68394ecb35d7425c554e97beb576c0b06e659133,bd7468a900ffedc02cbf783f68394ecb35d7425c554e97beb576c0b06e659133,giovanni,batch_01_giovanni,representative,ComplexDataLab/OpenFake,fake,medium,0.6849815249443054,0.3135131001472473,0.6849815249443054,0.0015053261304274201,resnet50_imagenet1k_v2_layer4_fc_final_v1,images/bd7468a900ffedc02cbf783f68394ecb35d7425c554e97beb576c0b06e659133.jpg,images/bd7468a900ffedc02cbf783f68394ecb35d7425c554e97beb576c0b06e659133.jpg
034a3d4070847840505a010c78888746d367be6658457fc770780c5d5f9e0681,034a3d4070847840505a010c78888746d367be6658457fc770780c5d5f9e0681,giovanni,batch_01_giovanni,representative,ComplexDataLab/OpenFake,real,medium,0.8181745409965515,0.13123376667499542,0.8181745409965515,0.050591710954904556,resnet50_imagenet1k_v2_layer4_fc_final_v1,images/034a3d4070847840505a010c78888746d367be6658457fc770780c5d5f9e0681.jpg,images/034a3d4070847840505a010c78888746d367be6658457fc770780c5d5f9e0681.jpg
1d2b01a82b5deb013e265141ffa79161b90ec884a25e3a740acf34fc758f29f7,1d2b01a82b5deb013e265141ffa79161b90ec884a25e3a740acf34fc758f29f7,giovanni,batch_01_giovanni,representative,RRDataset,real,medium,0.5768660306930542,0.4116193354129791,0.5768660306930542,0.011514607816934586,resnet50_imagenet1k_v2_layer4_fc_final_v1,images/1d2b01a82b5deb013e265141ffa79161b90ec884a25e3a740acf34fc758f29f7.jpg,images/1d2b01a82b5deb013e265141ffa79161b90ec884a25e3a740acf34fc758f29f7.jpg
f2cf874d18986bc566922694ba632ff39aa095654fae5bc2788489317b1624f8,f2cf874d18986bc566922694ba632ff39aa095654fae5bc2788489317b1624f8,giovanni,batch_01_giovanni,representative,ComplexDataLab/OpenFake,fake,medium,0.5046398639678955,0.3515022397041321,0.5046398639678955,0.14385786652565002,resnet50_imagenet1k_v2_layer4_fc_final_v1,images/f2cf874d18986bc566922694ba632ff39aa095654fae5bc2788489317b1624f8.png,images/f2cf874d18986bc566922694ba632ff39aa095654fae5bc2788489317b1624f8.png
2a99484982bb0adad44a10648158002e076573b230500276bee93350f6562505,2a99484982bb0adad44a10648158002e076573b230500276bee93350f6562505,giovanni,batch_01_giovanni,representative,ComplexDataLab/OpenFake,fake,low,0.6095983386039734,0.6095983386039734,0.22375981509685516,0.16664180159568787,resnet50_imagenet1k_v2_layer4_fc_final_v1,images/2a99484982bb0adad44a10648158002e076573b230500276bee93350f6562505.png,images/2a99484982bb0adad44a10648158002e076573b230500276bee93350f6562505.png
1de8ff484628a27bb205d608025a78770d840783b71745eeb0625b98d4640521,1de8ff484628a27bb205d608025a78770d840783b71745eeb0625b98d4640521,giovanni,batch_01_giovanni,targeted,RRDataset,fake,high,0.6376962065696716,0.2360842078924179,0.12621960043907166,0.6376962065696716,resnet50_imagenet1k_v2_layer4_fc_final_v1,images/1de8ff484628a27bb205d608025a78770d840783b71745eeb0625b98d4640521.png,images/1de8ff484628a27bb205d608025a78770d840783b71745eeb0625b98d4640521.png
559fbab371ba0f1aeef357a608096804f5c04c916e4ba5b493d2b5000d395a82,559fbab371ba0f1aeef357a608096804f5c04c916e4ba5b493d2b5000d395a82,giovanni,batch_01_giovanni,representative,RRDataset,real,low,0.7756567001342773,0.7756567001342773,0.22225609421730042,0.0020872007589787245,resnet50_imagenet1k_v2_layer4_fc_final_v1,images/559fbab371ba0f1aeef357a608096804f5c04c916e4ba5b493d2b5000d395a82.jpg,images/559fbab371ba0f1aeef357a608096804f5c04c916e4ba5b493d2b5000d395a82.jpg
5129dec49c0b4e72663b97ee264e702ccaee9660f16b04fa460d01e81fc1240e,5129dec49c0b4e72663b97ee264e702ccaee9660f16b04fa460d01e81fc1240e,giovanni,batch_01_giovanni,targeted,RRDataset,fake,high,0.6359724402427673,0.1766408532857895,0.1873866766691208,0.6359724402427673,resnet50_imagenet1k_v2_layer4_fc_final_v1,images/5129dec49c0b4e72663b97ee264e702ccaee9660f16b04fa460d01e81fc1240e.png,images/5129dec49c0b4e72663b97ee264e702ccaee9660f16b04fa460d01e81fc1240e.png
bd773cf15c84d53a56b80a27c31f1235f9166a2dadcf9ebf2afa5610e20da22c,bd773cf15c84d53a56b80a27c31f1235f9166a2dadcf9ebf2afa5610e20da22c,giovanni,batch_01_giovanni,targeted,ComplexDataLab/OpenFake,real,medium,0.5060780644416809,0.4828724265098572,0.5060780644416809,0.011049543507397175,resnet50_imagenet1k_v2_layer4_fc_final_v1,images/bd773cf15c84d53a56b80a27c31f1235f9166a2dadcf9ebf2afa5610e20da22c.jpg,images/bd773cf15c84d53a56b80a27c31f1235f9166a2dadcf9ebf2afa5610e20da22c.jpg
5b37681261d067f5e354de7d6e84b20cf5ca2b05fe6ab8a685f1704819ae4d2a,5b37681261d067f5e354de7d6e84b20cf5ca2b05fe6ab8a685f1704819ae4d2a,giovanni,batch_01_giovanni,targeted,saberzl/SID_Set,real,low,0.34820273518562317,0.34820273518562317,0.3194136321544647,0.3323836624622345,resnet50_imagenet1k_v2_layer4_fc_final_v1,images/5b37681261d067f5e354de7d6e84b20cf5ca2b05fe6ab8a685f1704819ae4d2a.jpg,images/5b37681261d067f5e354de7d6e84b20cf5ca2b05fe6ab8a685f1704819ae4d2a.jpg
d2fa49d263bf944fd959e358325b53e3ccc1fac088d360906653843a8f808cac,d2fa49d263bf944fd959e358325b53e3ccc1fac088d360906653843a8f808cac,giovanni,batch_01_giovanni,targeted,saberzl/SID_Set,fake,high,0.5633004307746887,0.20382338762283325,0.23287612199783325,0.5633004307746887,resnet50_imagenet1k_v2_layer4_fc_final_v1,images/d2fa49d263bf944fd959e358325b53e3ccc1fac088d360906653843a8f808cac.png,images/d2fa49d263bf944fd959e358325b53e3ccc1fac088d360906653843a8f808cac.png
5fb9cfb7d232a25cf83b54f01776597b1716c9b11785fac80f169ff24b582535,5fb9cfb7d232a25cf83b54f01776597b1716c9b11785fac80f169ff24b582535,giovanni,batch_01_giovanni,targeted,RRDataset,fake,high,0.9498975276947021,0.006818681955337524,0.04328380525112152,0.9498975276947021,resnet50_imagenet1k_v2_layer4_fc_final_v1,images/5fb9cfb7d232a25cf83b54f01776597b1716c9b11785fac80f169ff24b582535.png,images/5fb9cfb7d232a25cf83b54f01776597b1716c9b11785fac80f169ff24b582535.png
4d4bb71d9db36eb3eb796a3d3f2f6a1a1622cc0a26f9e1d8be7f8ec401ffac54,4d4bb71d9db36eb3eb796a3d3f2f6a1a1622cc0a26f9e1d8be7f8ec401ffac54,giovanni,batch_01_giovanni,representative,RRDataset,real,low,0.6662130355834961,0.6662130355834961,0.25011739134788513,0.08366962522268295,resnet50_imagenet1k_v2_layer4_fc_final_v1,images/4d4bb71d9db36eb3eb796a3d3f2f6a1a1622cc0a26f9e1d8be7f8ec401ffac54.jpg,images/4d4bb71d9db36eb3eb796a3d3f2f6a1a1622cc0a26f9e1d8be7f8ec401ffac54.jpg
a0bc0606caa4dfaddc7e9f431636ffc9dd3525e7d9e6193f9f2663df8e5b0f9a,a0bc0606caa4dfaddc7e9f431636ffc9dd3525e7d9e6193f9f2663df8e5b0f9a,giovanni,batch_01_giovanni,targeted,RRDataset,fake,high,0.898225724697113,0.014638875611126423,0.08713537454605103,0.898225724697113,resnet50_imagenet1k_v2_layer4_fc_final_v1,images/a0bc0606caa4dfaddc7e9f431636ffc9dd3525e7d9e6193f9f2663df8e5b0f9a.png,images/a0bc0606caa4dfaddc7e9f431636ffc9dd3525e7d9e6193f9f2663df8e5b0f9a.png
c621fa97e8fd92973e5b2ca7077a8ffe8a5fbf5f844c33a6cdf30c3bf1224b3e,c621fa97e8fd92973e5b2ca7077a8ffe8a5fbf5f844c33a6cdf30c3bf1224b3e,giovanni,batch_01_giovanni,targeted,RRDataset,fake,high,0.9642636775970459,0.002312637632712722,0.03342369571328163,0.9642636775970459,resnet50_imagenet1k_v2_layer4_fc_final_v1,images/c621fa97e8fd92973e5b2ca7077a8ffe8a5fbf5f844c33a6cdf30c3bf1224b3e.png,images/c621fa97e8fd92973e5b2ca7077a8ffe8a5fbf5f844c33a6cdf30c3bf1224b3e.png
c454359a220ea4121f6c34758bad4a93494cd56ff2aa931a13d4e634bb05d546,c454359a220ea4121f6c34758bad4a93494cd56ff2aa931a13d4e634bb05d546,giovanni,batch_01_giovanni,representative,RRDataset,real,low,0.9686620831489563,0.9686620831489563,0.030116315931081772,0.0012215853203088045,resnet50_imagenet1k_v2_layer4_fc_final_v1,images/c454359a220ea4121f6c34758bad4a93494cd56ff2aa931a13d4e634bb05d546.jpg,images/c454359a220ea4121f6c34758bad4a93494cd56ff2aa931a13d4e634bb05d546.jpg
a521d1fdfd0e4b57d319684c72302e0073c79293de40c115f3ad5c47d5d44de2,a521d1fdfd0e4b57d319684c72302e0073c79293de40c115f3ad5c47d5d44de2,giovanni,batch_01_giovanni,representative,saberzl/SID_Set,fake,low,0.44830840826034546,0.44830840826034546,0.19624872505664825,0.3554428219795227,resnet50_imagenet1k_v2_layer4_fc_final_v1,images/a521d1fdfd0e4b57d319684c72302e0073c79293de40c115f3ad5c47d5d44de2.png,images/a521d1fdfd0e4b57d319684c72302e0073c79293de40c115f3ad5c47d5d44de2.png
a011ca0531302944873f8351bbce41180bc950f38a6c36198b4d25252d4db896,a011ca0531302944873f8351bbce41180bc950f38a6c36198b4d25252d4db896,giovanni,batch_01_giovanni,representative,ComplexDataLab/OpenFake,fake,low,0.6268444657325745,0.6268444657325745,0.3433226943016052,0.029832886531949043,resnet50_imagenet1k_v2_layer4_fc_final_v1,images/a011ca0531302944873f8351bbce41180bc950f38a6c36198b4d25252d4db896.png,images/a011ca0531302944873f8351bbce41180bc950f38a6c36198b4d25252d4db896.png
caa083948312f7d3794e0992e6a6de9c18b072aa426dbc2fe1599f69affa8ffa,caa083948312f7d3794e0992e6a6de9c18b072aa426dbc2fe1599f69affa8ffa,giovanni,batch_01_giovanni,representative,saberzl/SID_Set,real,medium,0.5993888974189758,0.21906620264053345,0.5993888974189758,0.18154489994049072,resnet50_imagenet1k_v2_layer4_fc_final_v1,images/caa083948312f7d3794e0992e6a6de9c18b072aa426dbc2fe1599f69affa8ffa.jpg,images/caa083948312f7d3794e0992e6a6de9c18b072aa426dbc2fe1599f69affa8ffa.jpg
1760bc29f8e686101c530e292b18fb3234d79abd3d4d70266d340dbd50625587,1760bc29f8e686101c530e292b18fb3234d79abd3d4d70266d340dbd50625587,giovanni,batch_01_giovanni,targeted,saberzl/SID_Set,real,low,0.43936076760292053,0.43936076760292053,0.4329865276813507,0.12765273451805115,resnet50_imagenet1k_v2_layer4_fc_final_v1,images/1760bc29f8e686101c530e292b18fb3234d79abd3d4d70266d340dbd50625587.jpg,images/1760bc29f8e686101c530e292b18fb3234d79abd3d4d70266d340dbd50625587.jpg
2d406380fa01bb0f69caf279087582f0bffb617b2c0de877a9ec75611c83ea26,2d406380fa01bb0f69caf279087582f0bffb617b2c0de877a9ec75611c83ea26,giovanni,batch_01_giovanni,targeted,ComplexDataLab/OpenFake,fake,high,0.6362563967704773,0.07192618399858475,0.29181742668151855,0.6362563967704773,resnet50_imagenet1k_v2_layer4_fc_final_v1,images/2d406380fa01bb0f69caf279087582f0bffb617b2c0de877a9ec75611c83ea26.png,images/2d406380fa01bb0f69caf279087582f0bffb617b2c0de877a9ec75611c83ea26.png
d95a7a05137c451a9403f6731e2e9a80d8071402c1b64b4ef6c0df03795db4a1,d95a7a05137c451a9403f6731e2e9a80d8071402c1b64b4ef6c0df03795db4a1,giovanni,batch_01_giovanni,representative,saberzl/SID_Set,fake,medium,0.6065996885299683,0.3800041079521179,0.6065996885299683,0.013396229594945908,resnet50_imagenet1k_v2_layer4_fc_final_v1,images/d95a7a05137c451a9403f6731e2e9a80d8071402c1b64b4ef6c0df03795db4a1.png,images/d95a7a05137c451a9403f6731e2e9a80d8071402c1b64b4ef6c0df03795db4a1.png
0147939617332895c4c6c426c1c4ea6fd587365762d02e1b3188f5712e0673a7,0147939617332895c4c6c426c1c4ea6fd587365762d02e1b3188f5712e0673a7,giovanni,batch_01_giovanni,representative,RRDataset,real,low,0.7360191345214844,0.7360191345214844,0.18757960200309753,0.07640129327774048,resnet50_imagenet1k_v2_layer4_fc_final_v1,images/0147939617332895c4c6c426c1c4ea6fd587365762d02e1b3188f5712e0673a7.jpg,images/0147939617332895c4c6c426c1c4ea6fd587365762d02e1b3188f5712e0673a7.jpg
0d1ad29bda23bfda16ca625c43a0ec0a23de6d9b43204312bfd98858ecb75517,0d1ad29bda23bfda16ca625c43a0ec0a23de6d9b43204312bfd98858ecb75517,giovanni,batch_01_giovanni,representative,RRDataset,fake,medium,0.8941513895988464,0.09299247711896896,0.8941513895988464,0.012856128625571728,resnet50_imagenet1k_v2_layer4_fc_final_v1,images/0d1ad29bda23bfda16ca625c43a0ec0a23de6d9b43204312bfd98858ecb75517.png,images/0d1ad29bda23bfda16ca625c43a0ec0a23de6d9b43204312bfd98858ecb75517.png
1c332d5e8e126675bb473827e28520c1898f73a756a3df5d6cde9cfbd5787f6b,1c332d5e8e126675bb473827e28520c1898f73a756a3df5d6cde9cfbd5787f6b,giovanni,batch_01_giovanni,representative,ComplexDataLab/OpenFake,fake,low,0.7217832803726196,0.7217832803726196,0.25611695647239685,0.022099792957305908,resnet50_imagenet1k_v2_layer4_fc_final_v1,images/1c332d5e8e126675bb473827e28520c1898f73a756a3df5d6cde9cfbd5787f6b.png,images/1c332d5e8e126675bb473827e28520c1898f73a756a3df5d6cde9cfbd5787f6b.png
526ac60fe7c463160267100e6bd9bbef79b833e3a03ed4812c536e4a5f56d38d,526ac60fe7c463160267100e6bd9bbef79b833e3a03ed4812c536e4a5f56d38d,giovanni,batch_01_giovanni,representative,ComplexDataLab/OpenFake,fake,medium,0.7127434015274048,0.2854960858821869,0.7127434015274048,0.001760511426255107,resnet50_imagenet1k_v2_layer4_fc_final_v1,images/526ac60fe7c463160267100e6bd9bbef79b833e3a03ed4812c536e4a5f56d38d.png,images/526ac60fe7c463160267100e6bd9bbef79b833e3a03ed4812c536e4a5f56d38d.png
8d51860c6e18e12fd9777a473c865bb4d31e28ab71c2bc386b468fa6f05a5d52,8d51860c6e18e12fd9777a473c865bb4d31e28ab71c2bc386b468fa6f05a5d52,giovanni,batch_01_giovanni,targeted,RRDataset,fake,high,0.8912502527236938,0.011644531972706318,0.09710519015789032,0.8912502527236938,resnet50_imagenet1k_v2_layer4_fc_final_v1,images/8d51860c6e18e12fd9777a473c865bb4d31e28ab71c2bc386b468fa6f05a5d52.png,images/8d51860c6e18e12fd9777a473c865bb4d31e28ab71c2bc386b468fa6f05a5d52.png
2de9dcb0fe618e0fe267e257bc944ec2e58fbed405feef3ffbb59b0045196ce0,2de9dcb0fe618e0fe267e257bc944ec2e58fbed405feef3ffbb59b0045196ce0,giovanni,batch_01_giovanni,targeted,RRDataset,fake,high,0.8233637809753418,0.05410952866077423,0.12252667546272278,0.8233637809753418,resnet50_imagenet1k_v2_layer4_fc_final_v1,images/2de9dcb0fe618e0fe267e257bc944ec2e58fbed405feef3ffbb59b0045196ce0.png,images/2de9dcb0fe618e0fe267e257bc944ec2e58fbed405feef3ffbb59b0045196ce0.png
643dde2fdf01a33db8803fc887059cd4e667578d001218a2805a52b6d40bc46c,643dde2fdf01a33db8803fc887059cd4e667578d001218a2805a52b6d40bc46c,giovanni,batch_01_giovanni,targeted,RRDataset,fake,high,0.5514780282974243,0.3157205581665039,0.13280145823955536,0.5514780282974243,resnet50_imagenet1k_v2_layer4_fc_final_v1,images/643dde2fdf01a33db8803fc887059cd4e667578d001218a2805a52b6d40bc46c.png,images/643dde2fdf01a33db8803fc887059cd4e667578d001218a2805a52b6d40bc46c.png
9b737a9c5189a61f7b157fab007d42f354c209717d3750786fdcf4b238880761,9b737a9c5189a61f7b157fab007d42f354c209717d3750786fdcf4b238880761,giovanni,batch_01_giovanni,representative,RRDataset,real,medium,0.7430384159088135,0.2503700852394104,0.7430384159088135,0.00659152353182435,resnet50_imagenet1k_v2_layer4_fc_final_v1,images/9b737a9c5189a61f7b157fab007d42f354c209717d3750786fdcf4b238880761.jpg,images/9b737a9c5189a61f7b157fab007d42f354c209717d3750786fdcf4b238880761.jpg
59717c34e433bd3d8178fe6c687c69c2c2dc30dd6410ccf68d41825a1271d32f,59717c34e433bd3d8178fe6c687c69c2c2dc30dd6410ccf68d41825a1271d32f,giovanni,batch_01_giovanni,representative,RRDataset,fake,medium,0.9285709857940674,0.06169850379228592,0.9285709857940674,0.00973050482571125,resnet50_imagenet1k_v2_layer4_fc_final_v1,images/59717c34e433bd3d8178fe6c687c69c2c2dc30dd6410ccf68d41825a1271d32f.png,images/59717c34e433bd3d8178fe6c687c69c2c2dc30dd6410ccf68d41825a1271d32f.png
05f91619bc57703b921503b38c585515445fc6c9c41e9cad81774510dc6e146c,05f91619bc57703b921503b38c585515445fc6c9c41e9cad81774510dc6e146c,giovanni,batch_01_giovanni,representative,saberzl/SID_Set,fake,medium,0.9594811201095581,0.04020785167813301,0.9594811201095581,0.0003110830148216337,resnet50_imagenet1k_v2_layer4_fc_final_v1,images/05f91619bc57703b921503b38c585515445fc6c9c41e9cad81774510dc6e146c.png,images/05f91619bc57703b921503b38c585515445fc6c9c41e9cad81774510dc6e146c.png
1bfa76f151ce782e2d59b37f2ceb3f07aad397bd581f3a1d058ac9a104d62ad4,1bfa76f151ce782e2d59b37f2ceb3f07aad397bd581f3a1d058ac9a104d62ad4,giovanni,batch_01_giovanni,representative,ComplexDataLab/OpenFake,fake,medium,0.9585852026939392,0.03989000245928764,0.9585852026939392,0.0015247408300638199,resnet50_imagenet1k_v2_layer4_fc_final_v1,images/1bfa76f151ce782e2d59b37f2ceb3f07aad397bd581f3a1d058ac9a104d62ad4.png,images/1bfa76f151ce782e2d59b37f2ceb3f07aad397bd581f3a1d058ac9a104d62ad4.png
6a7c1c271c979f90de66842f8030b0f2d0ec75c40e6b39218918b87b0c871f23,6a7c1c271c979f90de66842f8030b0f2d0ec75c40e6b39218918b87b0c871f23,giovanni,batch_01_giovanni,representative,RRDataset,fake,low,0.6418611407279968,0.6418611407279968,0.3305055797100067,0.027633320540189743,resnet50_imagenet1k_v2_layer4_fc_final_v1,images/6a7c1c271c979f90de66842f8030b0f2d0ec75c40e6b39218918b87b0c871f23.png,images/6a7c1c271c979f90de66842f8030b0f2d0ec75c40e6b39218918b87b0c871f23.png
57ff6260b17769edc60ba8b6f3016fd1912e4fb3313d521e6ea3ab1af2f572d1,57ff6260b17769edc60ba8b6f3016fd1912e4fb3313d521e6ea3ab1af2f572d1,giovanni,batch_01_giovanni,representative,saberzl/SID_Set,real,low,0.7944148778915405,0.7944148778915405,0.14056997001171112,0.06501516699790955,resnet50_imagenet1k_v2_layer4_fc_final_v1,images/57ff6260b17769edc60ba8b6f3016fd1912e4fb3313d521e6ea3ab1af2f572d1.jpg,images/57ff6260b17769edc60ba8b6f3016fd1912e4fb3313d521e6ea3ab1af2f572d1.jpg
c3547d5d3389266a9e52cdee97d7cb5d10592b539e0c40bfa95837bff6f38cb9,c3547d5d3389266a9e52cdee97d7cb5d10592b539e0c40bfa95837bff6f38cb9,giovanni,batch_01_giovanni,representative,saberzl/SID_Set,real,medium,0.8565810918807983,0.11361508071422577,0.8565810918807983,0.029803836718201637,resnet50_imagenet1k_v2_layer4_fc_final_v1,images/c3547d5d3389266a9e52cdee97d7cb5d10592b539e0c40bfa95837bff6f38cb9.jpg,images/c3547d5d3389266a9e52cdee97d7cb5d10592b539e0c40bfa95837bff6f38cb9.jpg
433936eda1a98eb2f1ed4f329b116fd5cd91f98cad65c9e16323ad5abfe82617,433936eda1a98eb2f1ed4f329b116fd5cd91f98cad65c9e16323ad5abfe82617,giovanni,batch_01_giovanni,representative,ComplexDataLab/OpenFake,fake,low,0.7651975154876709,0.7651975154876709,0.23169419169425964,0.003108308417722583,resnet50_imagenet1k_v2_layer4_fc_final_v1,images/433936eda1a98eb2f1ed4f329b116fd5cd91f98cad65c9e16323ad5abfe82617.jpg,images/433936eda1a98eb2f1ed4f329b116fd5cd91f98cad65c9e16323ad5abfe82617.jpg
66d1c75663ae34ad18d2851f9f84f8ea3d30d2db53494ff60c49e84435e3a26c,66d1c75663ae34ad18d2851f9f84f8ea3d30d2db53494ff60c49e84435e3a26c,giovanni,batch_01_giovanni,representative,saberzl/SID_Set,real,medium,0.8727458715438843,0.08750030398368835,0.8727458715438843,0.039753831923007965,resnet50_imagenet1k_v2_layer4_fc_final_v1,images/66d1c75663ae34ad18d2851f9f84f8ea3d30d2db53494ff60c49e84435e3a26c.jpg,images/66d1c75663ae34ad18d2851f9f84f8ea3d30d2db53494ff60c49e84435e3a26c.jpg
dcb7e0a966b9aca437f85e9ccd85c15a2ab4f5cca2068750ecc3497b1aa56d3e,dcb7e0a966b9aca437f85e9ccd85c15a2ab4f5cca2068750ecc3497b1aa56d3e,giovanni,batch_01_giovanni,representative,RRDataset,real,medium,0.7227669954299927,0.24355918169021606,0.7227669954299927,0.033673837780952454,resnet50_imagenet1k_v2_layer4_fc_final_v1,images/dcb7e0a966b9aca437f85e9ccd85c15a2ab4f5cca2068750ecc3497b1aa56d3e.jpg,images/dcb7e0a966b9aca437f85e9ccd85c15a2ab4f5cca2068750ecc3497b1aa56d3e.jpg
c5e4daa0c50f9a7f6bca93abde9ec3e3fa3d106580385e570ad3e7dcb7079938,c5e4daa0c50f9a7f6bca93abde9ec3e3fa3d106580385e570ad3e7dcb7079938,giovanni,batch_01_giovanni,representative,ComplexDataLab/OpenFake,real,medium,0.5941418409347534,0.396107017993927,0.5941418409347534,0.00975112896412611,resnet50_imagenet1k_v2_layer4_fc_final_v1,images/c5e4daa0c50f9a7f6bca93abde9ec3e3fa3d106580385e570ad3e7dcb7079938.jpg,images/c5e4daa0c50f9a7f6bca93abde9ec3e3fa3d106580385e570ad3e7dcb7079938.jpg
cb0776613b69ff80a3f69c009f755369b05ca6bd3666e4f6a98f3aca7529efb2,cb0776613b69ff80a3f69c009f755369b05ca6bd3666e4f6a98f3aca7529efb2,giovanni,batch_01_giovanni,targeted,ComplexDataLab/OpenFake,real,medium,0.45164570212364197,0.14854688942432404,0.45164570212364197,0.3998074233531952,resnet50_imagenet1k_v2_layer4_fc_final_v1,images/cb0776613b69ff80a3f69c009f755369b05ca6bd3666e4f6a98f3aca7529efb2.jpg,images/cb0776613b69ff80a3f69c009f755369b05ca6bd3666e4f6a98f3aca7529efb2.jpg
b1a2be2dfe8cea3b1c5e5569e4bc41458528cf52e3739176fd9347c584f25bf9,b1a2be2dfe8cea3b1c5e5569e4bc41458528cf52e3739176fd9347c584f25bf9,giovanni,batch_01_giovanni,representative,RRDataset,fake,low,0.4534389078617096,0.4534389078617096,0.4411059319972992,0.10545513033866882,resnet50_imagenet1k_v2_layer4_fc_final_v1,images/b1a2be2dfe8cea3b1c5e5569e4bc41458528cf52e3739176fd9347c584f25bf9.png,images/b1a2be2dfe8cea3b1c5e5569e4bc41458528cf52e3739176fd9347c584f25bf9.png
5d6476bcf232392a62e824ddd2ac3a1cc32cae40c2b8ab004150e3479fdd1afc,5d6476bcf232392a62e824ddd2ac3a1cc32cae40c2b8ab004150e3479fdd1afc,giovanni,batch_01_giovanni,targeted,ComplexDataLab/OpenFake,real,medium,0.5029534101486206,0.4953165352344513,0.5029534101486206,0.001730021322146058,resnet50_imagenet1k_v2_layer4_fc_final_v1,images/5d6476bcf232392a62e824ddd2ac3a1cc32cae40c2b8ab004150e3479fdd1afc.jpg,images/5d6476bcf232392a62e824ddd2ac3a1cc32cae40c2b8ab004150e3479fdd1afc.jpg
bbe50a0de2043abbf2adcfd607f4fc6f455f2a009109210f55ddbbf52b8c5836,bbe50a0de2043abbf2adcfd607f4fc6f455f2a009109210f55ddbbf52b8c5836,giovanni,batch_01_giovanni,representative,RRDataset,fake,medium,0.961316704750061,0.015062768943607807,0.961316704750061,0.02362058497965336,resnet50_imagenet1k_v2_layer4_fc_final_v1,images/bbe50a0de2043abbf2adcfd607f4fc6f455f2a009109210f55ddbbf52b8c5836.png,images/bbe50a0de2043abbf2adcfd607f4fc6f455f2a009109210f55ddbbf52b8c5836.png
367d52ae5fd6bf69503dc142703028fd54f72e7d2851e825dfab65288cb945a8,367d52ae5fd6bf69503dc142703028fd54f72e7d2851e825dfab65288cb945a8,giovanni,batch_01_giovanni,targeted,RRDataset,fake,high,0.737263023853302,0.02265620417892933,0.2400808334350586,0.737263023853302,resnet50_imagenet1k_v2_layer4_fc_final_v1,images/367d52ae5fd6bf69503dc142703028fd54f72e7d2851e825dfab65288cb945a8.png,images/367d52ae5fd6bf69503dc142703028fd54f72e7d2851e825dfab65288cb945a8.png
500669c41768718f99142d1666fb753e99b5e0c622a8b345eba63b7e8028ea7a,500669c41768718f99142d1666fb753e99b5e0c622a8b345eba63b7e8028ea7a,giovanni,batch_01_giovanni,targeted,RRDataset,real,high,0.5062680244445801,0.06361016631126404,0.4301217496395111,0.5062680244445801,resnet50_imagenet1k_v2_layer4_fc_final_v1,images/500669c41768718f99142d1666fb753e99b5e0c622a8b345eba63b7e8028ea7a.jpg,images/500669c41768718f99142d1666fb753e99b5e0c622a8b345eba63b7e8028ea7a.jpg
df83ef1f337d3609cb6b9f2de19be047ae7f3129cc41cd0eb89bda39588885df,df83ef1f337d3609cb6b9f2de19be047ae7f3129cc41cd0eb89bda39588885df,giovanni,batch_01_giovanni,representative,RRDataset,fake,high,0.5827327370643616,0.28653955459594727,0.13072778284549713,0.5827327370643616,resnet50_imagenet1k_v2_layer4_fc_final_v1,images/df83ef1f337d3609cb6b9f2de19be047ae7f3129cc41cd0eb89bda39588885df.png,images/df83ef1f337d3609cb6b9f2de19be047ae7f3129cc41cd0eb89bda39588885df.png
8fe1ba1797a4b823bff2285be87c0da98dced31b873e7719399ab5e28252170e,8fe1ba1797a4b823bff2285be87c0da98dced31b873e7719399ab5e28252170e,giovanni,batch_01_giovanni,targeted,RRDataset,fake,high,0.7079728841781616,0.0634281262755394,0.22859899699687958,0.7079728841781616,resnet50_imagenet1k_v2_layer4_fc_final_v1,images/8fe1ba1797a4b823bff2285be87c0da98dced31b873e7719399ab5e28252170e.png,images/8fe1ba1797a4b823bff2285be87c0da98dced31b873e7719399ab5e28252170e.png
a5ab23851bd0ef445f3b14709099d9aed893b458039a34776af433bdb61c5cd3,a5ab23851bd0ef445f3b14709099d9aed893b458039a34776af433bdb61c5cd3,giovanni,batch_01_giovanni,representative,ComplexDataLab/OpenFake,fake,medium,0.8691498637199402,0.13054534792900085,0.8691498637199402,0.00030479594715870917,resnet50_imagenet1k_v2_layer4_fc_final_v1,images/a5ab23851bd0ef445f3b14709099d9aed893b458039a34776af433bdb61c5cd3.jpg,images/a5ab23851bd0ef445f3b14709099d9aed893b458039a34776af433bdb61c5cd3.jpg
7d38082eb1f1f715812b500e5549ee8bcb74c0126cef99f1bf0cb07cb93dbb90,7d38082eb1f1f715812b500e5549ee8bcb74c0126cef99f1bf0cb07cb93dbb90,giovanni,batch_01_giovanni,representative,ComplexDataLab/OpenFake,real,medium,0.8799947500228882,0.0579085610806942,0.8799947500228882,0.06209667772054672,resnet50_imagenet1k_v2_layer4_fc_final_v1,images/7d38082eb1f1f715812b500e5549ee8bcb74c0126cef99f1bf0cb07cb93dbb90.jpg,images/7d38082eb1f1f715812b500e5549ee8bcb74c0126cef99f1bf0cb07cb93dbb90.jpg
9500acf31087a643675ae7129276cf8122004a7646f0579e91a679b7cbb4b282,9500acf31087a643675ae7129276cf8122004a7646f0579e91a679b7cbb4b282,giovanni,batch_01_giovanni,representative,saberzl/SID_Set,real,medium,0.9540314674377441,0.03566465899348259,0.9540314674377441,0.01030390802770853,resnet50_imagenet1k_v2_layer4_fc_final_v1,images/9500acf31087a643675ae7129276cf8122004a7646f0579e91a679b7cbb4b282.jpg,images/9500acf31087a643675ae7129276cf8122004a7646f0579e91a679b7cbb4b282.jpg
7826ffe3562bfec183b0e1b4a2af4c76f8d26273535f4165756fd8dff66fcabe,7826ffe3562bfec183b0e1b4a2af4c76f8d26273535f4165756fd8dff66fcabe,giovanni,batch_01_giovanni,targeted,ComplexDataLab/OpenFake,fake,low,0.5007285475730896,0.5007285475730896,0.4879675507545471,0.01130395196378231,resnet50_imagenet1k_v2_layer4_fc_final_v1,images/7826ffe3562bfec183b0e1b4a2af4c76f8d26273535f4165756fd8dff66fcabe.png,images/7826ffe3562bfec183b0e1b4a2af4c76f8d26273535f4165756fd8dff66fcabe.png
248f69db77d07800d75d4814c27f97d502961597cd3f22d67a7eb1a61deb4a28,248f69db77d07800d75d4814c27f97d502961597cd3f22d67a7eb1a61deb4a28,giovanni,batch_01_giovanni,representative,saberzl/SID_Set,real,low,0.6544874906539917,0.6544874906539917,0.22191983461380005,0.12359265983104706,resnet50_imagenet1k_v2_layer4_fc_final_v1,images/248f69db77d07800d75d4814c27f97d502961597cd3f22d67a7eb1a61deb4a28.jpg,images/248f69db77d07800d75d4814c27f97d502961597cd3f22d67a7eb1a61deb4a28.jpg
b3004b19f46d50349f3cf2426846b8f9d711de0296ecb759feccc79c93407175,b3004b19f46d50349f3cf2426846b8f9d711de0296ecb759feccc79c93407175,giovanni,batch_01_giovanni,targeted,RRDataset,fake,high,0.702623188495636,0.012977092526853085,0.28439968824386597,0.702623188495636,resnet50_imagenet1k_v2_layer4_fc_final_v1,images/b3004b19f46d50349f3cf2426846b8f9d711de0296ecb759feccc79c93407175.png,images/b3004b19f46d50349f3cf2426846b8f9d711de0296ecb759feccc79c93407175.png
41ab96294f8deaad18c7754c46c366dd8646e9435dd4d0f0cb3252bee9c95ab8,41ab96294f8deaad18c7754c46c366dd8646e9435dd4d0f0cb3252bee9c95ab8,giovanni,batch_01_giovanni,targeted,RRDataset,fake,high,0.8055615425109863,0.04079367220401764,0.15364480018615723,0.8055615425109863,resnet50_imagenet1k_v2_layer4_fc_final_v1,images/41ab96294f8deaad18c7754c46c366dd8646e9435dd4d0f0cb3252bee9c95ab8.png,images/41ab96294f8deaad18c7754c46c366dd8646e9435dd4d0f0cb3252bee9c95ab8.png
742d0d08ca7253bd39793f915d738e80b6af835f8228f2b7b58e007ccfc6ea39,742d0d08ca7253bd39793f915d738e80b6af835f8228f2b7b58e007ccfc6ea39,giovanni,batch_01_giovanni,representative,saberzl/SID_Set,fake,medium,0.6946489214897156,0.04907463490962982,0.6946489214897156,0.2562764585018158,resnet50_imagenet1k_v2_layer4_fc_final_v1,images/742d0d08ca7253bd39793f915d738e80b6af835f8228f2b7b58e007ccfc6ea39.png,images/742d0d08ca7253bd39793f915d738e80b6af835f8228f2b7b58e007ccfc6ea39.png
51fe05f90ff6d0769e0f78b7fe29857b715059e3acd8d3d74c2403181927bef1,51fe05f90ff6d0769e0f78b7fe29857b715059e3acd8d3d74c2403181927bef1,giovanni,batch_01_giovanni,targeted,ComplexDataLab/OpenFake,real,high,0.8036503791809082,0.05465231090784073,0.14169730246067047,0.8036503791809082,resnet50_imagenet1k_v2_layer4_fc_final_v1,images/51fe05f90ff6d0769e0f78b7fe29857b715059e3acd8d3d74c2403181927bef1.jpg,images/51fe05f90ff6d0769e0f78b7fe29857b715059e3acd8d3d74c2403181927bef1.jpg
87a3b230bd0e45d37f872dee56b4af7fc39ce013758fc83eb0897a8233dbd0cc,87a3b230bd0e45d37f872dee56b4af7fc39ce013758fc83eb0897a8233dbd0cc,giovanni,batch_01_giovanni,targeted,ComplexDataLab/OpenFake,real,low,0.40622204542160034,0.40622204542160034,0.3504883944988251,0.2432895451784134,resnet50_imagenet1k_v2_layer4_fc_final_v1,images/87a3b230bd0e45d37f872dee56b4af7fc39ce013758fc83eb0897a8233dbd0cc.jpg,images/87a3b230bd0e45d37f872dee56b4af7fc39ce013758fc83eb0897a8233dbd0cc.jpg
d6f4c81461a1eb55b8cdf6a1a92d047fde6317eecb901432ec1b6ad20ace2741,d6f4c81461a1eb55b8cdf6a1a92d047fde6317eecb901432ec1b6ad20ace2741,giovanni,batch_01_giovanni,representative,ComplexDataLab/OpenFake,real,low,0.7086359262466431,0.7086359262466431,0.25782373547554016,0.03354037180542946,resnet50_imagenet1k_v2_layer4_fc_final_v1,images/d6f4c81461a1eb55b8cdf6a1a92d047fde6317eecb901432ec1b6ad20ace2741.jpg,images/d6f4c81461a1eb55b8cdf6a1a92d047fde6317eecb901432ec1b6ad20ace2741.jpg
f4d72e9350d6e895afa449b70653ab7d5a2a43ad9f8034096ca3ae2500cc05b2,f4d72e9350d6e895afa449b70653ab7d5a2a43ad9f8034096ca3ae2500cc05b2,giovanni,batch_01_giovanni,targeted,saberzl/SID_Set,fake,high,0.4216991364955902,0.20985887944698334,0.36844199895858765,0.4216991364955902,resnet50_imagenet1k_v2_layer4_fc_final_v1,images/f4d72e9350d6e895afa449b70653ab7d5a2a43ad9f8034096ca3ae2500cc05b2.png,images/f4d72e9350d6e895afa449b70653ab7d5a2a43ad9f8034096ca3ae2500cc05b2.png
40fd2955b9f05361aad03e1544039a6b6a83884c3f15cbd588f1cc8265615ecf,40fd2955b9f05361aad03e1544039a6b6a83884c3f15cbd588f1cc8265615ecf,giovanni,batch_01_giovanni,representative,RRDataset,real,medium,0.6671702861785889,0.28398004174232483,0.6671702861785889,0.0488496795296669,resnet50_imagenet1k_v2_layer4_fc_final_v1,images/40fd2955b9f05361aad03e1544039a6b6a83884c3f15cbd588f1cc8265615ecf.jpg,images/40fd2955b9f05361aad03e1544039a6b6a83884c3f15cbd588f1cc8265615ecf.jpg
3b39d9bed2394b3d40e7a20c6011f03a0e45658a8f6c97bd41a77af002735230,3b39d9bed2394b3d40e7a20c6011f03a0e45658a8f6c97bd41a77af002735230,giovanni,batch_01_giovanni,representative,saberzl/SID_Set,fake,medium,0.8896259665489197,0.11003057658672333,0.8896259665489197,0.0003434408863540739,resnet50_imagenet1k_v2_layer4_fc_final_v1,images/3b39d9bed2394b3d40e7a20c6011f03a0e45658a8f6c97bd41a77af002735230.png,images/3b39d9bed2394b3d40e7a20c6011f03a0e45658a8f6c97bd41a77af002735230.png
e249671c3ed8d7ed79103b7e69fc40fd23a2ba201175d7a6ca65a0a73f1b67c4,e249671c3ed8d7ed79103b7e69fc40fd23a2ba201175d7a6ca65a0a73f1b67c4,giovanni,batch_01_giovanni,targeted,ComplexDataLab/OpenFake,real,medium,0.4215920567512512,0.36188167333602905,0.4215920567512512,0.21652626991271973,resnet50_imagenet1k_v2_layer4_fc_final_v1,images/e249671c3ed8d7ed79103b7e69fc40fd23a2ba201175d7a6ca65a0a73f1b67c4.jpg,images/e249671c3ed8d7ed79103b7e69fc40fd23a2ba201175d7a6ca65a0a73f1b67c4.jpg
c87fe0223ed4a9289e3094af7904de124cad56f14af49a5c619bda099a535bcd,c87fe0223ed4a9289e3094af7904de124cad56f14af49a5c619bda099a535bcd,giovanni,batch_01_giovanni,representative,saberzl/SID_Set,real,medium,0.9836544394493103,0.013264949433505535,0.9836544394493103,0.003080576192587614,resnet50_imagenet1k_v2_layer4_fc_final_v1,images/c87fe0223ed4a9289e3094af7904de124cad56f14af49a5c619bda099a535bcd.jpg,images/c87fe0223ed4a9289e3094af7904de124cad56f14af49a5c619bda099a535bcd.jpg
45535c786a78f574847dac231933b5f80f3007442ccc54f139e36688fecd0e06,45535c786a78f574847dac231933b5f80f3007442ccc54f139e36688fecd0e06,giovanni,batch_01_giovanni,representative,saberzl/SID_Set,fake,low,0.5633052587509155,0.5633052587509155,0.42248302698135376,0.014211760833859444,resnet50_imagenet1k_v2_layer4_fc_final_v1,images/45535c786a78f574847dac231933b5f80f3007442ccc54f139e36688fecd0e06.png,images/45535c786a78f574847dac231933b5f80f3007442ccc54f139e36688fecd0e06.png
43de6804b6e253bba24e76ec8ee718aa339284c9b42a8d2caaaffa8e154d3545,43de6804b6e253bba24e76ec8ee718aa339284c9b42a8d2caaaffa8e154d3545,giovanni,batch_01_giovanni,representative,ComplexDataLab/OpenFake,real,low,0.5177977085113525,0.5177977085113525,0.4810442626476288,0.0011580107966437936,resnet50_imagenet1k_v2_layer4_fc_final_v1,images/43de6804b6e253bba24e76ec8ee718aa339284c9b42a8d2caaaffa8e154d3545.jpg,images/43de6804b6e253bba24e76ec8ee718aa339284c9b42a8d2caaaffa8e154d3545.jpg
74eea140d46b745f321641b6e37b55aa97e8c6b54b02440d7585c539f0a2c0dc,74eea140d46b745f321641b6e37b55aa97e8c6b54b02440d7585c539f0a2c0dc,giovanni,batch_01_giovanni,targeted,ComplexDataLab/OpenFake,real,high,0.4091094136238098,0.34376704692840576,0.24712352454662323,0.4091094136238098,resnet50_imagenet1k_v2_layer4_fc_final_v1,images/74eea140d46b745f321641b6e37b55aa97e8c6b54b02440d7585c539f0a2c0dc.jpg,images/74eea140d46b745f321641b6e37b55aa97e8c6b54b02440d7585c539f0a2c0dc.jpg
27bd2140e36ee16d66e0b0ee2aad1636b95331545b1f7484d50f278775a32719,27bd2140e36ee16d66e0b0ee2aad1636b95331545b1f7484d50f278775a32719,giovanni,batch_01_giovanni,targeted,saberzl/SID_Set,real,high,0.5176383852958679,0.07632169127464294,0.40603992342948914,0.5176383852958679,resnet50_imagenet1k_v2_layer4_fc_final_v1,images/27bd2140e36ee16d66e0b0ee2aad1636b95331545b1f7484d50f278775a32719.jpg,images/27bd2140e36ee16d66e0b0ee2aad1636b95331545b1f7484d50f278775a32719.jpg
0de8454c0539f8fbefe8c4a9e785afa495bcfc4febc9ff0ec70dde106b560dcc,0de8454c0539f8fbefe8c4a9e785afa495bcfc4febc9ff0ec70dde106b560dcc,giovanni,batch_01_giovanni,representative,ComplexDataLab/OpenFake,real,medium,0.37345829606056213,0.3011350631713867,0.37345829606056213,0.3254067003726959,resnet50_imagenet1k_v2_layer4_fc_final_v1,images/0de8454c0539f8fbefe8c4a9e785afa495bcfc4febc9ff0ec70dde106b560dcc.jpg,images/0de8454c0539f8fbefe8c4a9e785afa495bcfc4febc9ff0ec70dde106b560dcc.jpg
8045c389f5f33d57d42856e23b03591a84a5dffeac4a9f2017a7f0ef5ad5dc7f,8045c389f5f33d57d42856e23b03591a84a5dffeac4a9f2017a7f0ef5ad5dc7f,giovanni,batch_01_giovanni,targeted,ComplexDataLab/OpenFake,fake,low,0.4224761128425598,0.4224761128425598,0.41047897934913635,0.1670449823141098,resnet50_imagenet1k_v2_layer4_fc_final_v1,images/8045c389f5f33d57d42856e23b03591a84a5dffeac4a9f2017a7f0ef5ad5dc7f.jpg,images/8045c389f5f33d57d42856e23b03591a84a5dffeac4a9f2017a7f0ef5ad5dc7f.jpg
55b089b9040dd334b9d4cae37bd1cbd51322e75c69a04c071f3d18d4da66abc9,55b089b9040dd334b9d4cae37bd1cbd51322e75c69a04c071f3d18d4da66abc9,giovanni,batch_01_giovanni,targeted,RRDataset,fake,high,0.9083685278892517,0.017275836318731308,0.0743555948138237,0.9083685278892517,resnet50_imagenet1k_v2_layer4_fc_final_v1,images/55b089b9040dd334b9d4cae37bd1cbd51322e75c69a04c071f3d18d4da66abc9.png,images/55b089b9040dd334b9d4cae37bd1cbd51322e75c69a04c071f3d18d4da66abc9.png
b8458bdcad8e15399844d58bda23312b744156dcdb620e84e1b12a205b472707,b8458bdcad8e15399844d58bda23312b744156dcdb620e84e1b12a205b472707,giovanni,batch_01_giovanni,representative,ComplexDataLab/OpenFake,fake,medium,0.725892961025238,0.26374751329421997,0.725892961025238,0.010359562002122402,resnet50_imagenet1k_v2_layer4_fc_final_v1,images/b8458bdcad8e15399844d58bda23312b744156dcdb620e84e1b12a205b472707.jpg,images/b8458bdcad8e15399844d58bda23312b744156dcdb620e84e1b12a205b472707.jpg
8b3a786fb801a037c214d143b2b10a57dda443c0b523971767af1af87e67eebb,8b3a786fb801a037c214d143b2b10a57dda443c0b523971767af1af87e67eebb,giovanni,batch_01_giovanni,targeted,ComplexDataLab/OpenFake,fake,medium,0.4077882170677185,0.18873172998428345,0.4077882170677185,0.40348008275032043,resnet50_imagenet1k_v2_layer4_fc_final_v1,images/8b3a786fb801a037c214d143b2b10a57dda443c0b523971767af1af87e67eebb.png,images/8b3a786fb801a037c214d143b2b10a57dda443c0b523971767af1af87e67eebb.png
c415f91fa599171187377580d8f8d922f1f9709634e88f113391ed9581758e44,c415f91fa599171187377580d8f8d922f1f9709634e88f113391ed9581758e44,giovanni,batch_01_giovanni,targeted,saberzl/SID_Set,real,medium,0.40664663910865784,0.23767895996570587,0.40664663910865784,0.3556743562221527,resnet50_imagenet1k_v2_layer4_fc_final_v1,images/c415f91fa599171187377580d8f8d922f1f9709634e88f113391ed9581758e44.jpg,images/c415f91fa599171187377580d8f8d922f1f9709634e88f113391ed9581758e44.jpg
e314602590c3e81ebd45a1a693782bc64289028b7ed2e4a1ffb5421ea5587f58,e314602590c3e81ebd45a1a693782bc64289028b7ed2e4a1ffb5421ea5587f58,giovanni,batch_01_giovanni,targeted,RRDataset,fake,high,0.41349613666534424,0.3854134976863861,0.20109032094478607,0.41349613666534424,resnet50_imagenet1k_v2_layer4_fc_final_v1,images/e314602590c3e81ebd45a1a693782bc64289028b7ed2e4a1ffb5421ea5587f58.png,images/e314602590c3e81ebd45a1a693782bc64289028b7ed2e4a1ffb5421ea5587f58.png
0c4e7d25a02e169dc3433a340c940e5cd5b673da8c27299ee32a5e7b52875a6c,0c4e7d25a02e169dc3433a340c940e5cd5b673da8c27299ee32a5e7b52875a6c,giovanni,batch_01_giovanni,representative,RRDataset,fake,medium,0.949616014957428,0.04361341521143913,0.949616014957428,0.006770567502826452,resnet50_imagenet1k_v2_layer4_fc_final_v1,images/0c4e7d25a02e169dc3433a340c940e5cd5b673da8c27299ee32a5e7b52875a6c.png,images/0c4e7d25a02e169dc3433a340c940e5cd5b673da8c27299ee32a5e7b52875a6c.png
e46ff2e485d9909cdc692e499c5edb55e367f3a7a7243702cb35c864ff25fd28,e46ff2e485d9909cdc692e499c5edb55e367f3a7a7243702cb35c864ff25fd28,giovanni,batch_01_giovanni,representative,RRDataset,real,medium,0.5660742521286011,0.41990211606025696,0.5660742521286011,0.014023632742464542,resnet50_imagenet1k_v2_layer4_fc_final_v1,images/e46ff2e485d9909cdc692e499c5edb55e367f3a7a7243702cb35c864ff25fd28.jpg,images/e46ff2e485d9909cdc692e499c5edb55e367f3a7a7243702cb35c864ff25fd28.jpg
8fa26a1b4725b07fb808da5ff749972faf174f7384d4d036140990fa42523d9a,8fa26a1b4725b07fb808da5ff749972faf174f7384d4d036140990fa42523d9a,giovanni,batch_01_giovanni,representative,RRDataset,fake,low,0.6756492257118225,0.6756492257118225,0.2915634214878082,0.03278736770153046,resnet50_imagenet1k_v2_layer4_fc_final_v1,images/8fa26a1b4725b07fb808da5ff749972faf174f7384d4d036140990fa42523d9a.png,images/8fa26a1b4725b07fb808da5ff749972faf174f7384d4d036140990fa42523d9a.png
a575d940bbc7717532296d40aeba3fc3b84afbfa6c99545461929ebf46b493a7,a575d940bbc7717532296d40aeba3fc3b84afbfa6c99545461929ebf46b493a7,giovanni,batch_01_giovanni,representative,saberzl/SID_Set,fake,low,0.5712886452674866,0.5712886452674866,0.4281468093395233,0.0005645795026794076,resnet50_imagenet1k_v2_layer4_fc_final_v1,images/a575d940bbc7717532296d40aeba3fc3b84afbfa6c99545461929ebf46b493a7.png,images/a575d940bbc7717532296d40aeba3fc3b84afbfa6c99545461929ebf46b493a7.png
c5c443056171b8db68e2d7a2383ecf4bf834d115cdb977cdd55f71c4b57b48bd,c5c443056171b8db68e2d7a2383ecf4bf834d115cdb977cdd55f71c4b57b48bd,giovanni,batch_01_giovanni,targeted,saberzl/SID_Set,real,medium,0.37344038486480713,0.2989412844181061,0.37344038486480713,0.3276183307170868,resnet50_imagenet1k_v2_layer4_fc_final_v1,images/c5c443056171b8db68e2d7a2383ecf4bf834d115cdb977cdd55f71c4b57b48bd.jpg,images/c5c443056171b8db68e2d7a2383ecf4bf834d115cdb977cdd55f71c4b57b48bd.jpg
e56b3828903a53fa1edda000007e6a1b7a4c6e360c341a15e6d327dc2bcd086e,e56b3828903a53fa1edda000007e6a1b7a4c6e360c341a15e6d327dc2bcd086e,giovanni,batch_01_giovanni,representative,RRDataset,real,medium,0.9790533185005188,0.002909330418333411,0.9790533185005188,0.01803736574947834,resnet50_imagenet1k_v2_layer4_fc_final_v1,images/e56b3828903a53fa1edda000007e6a1b7a4c6e360c341a15e6d327dc2bcd086e.jpg,images/e56b3828903a53fa1edda000007e6a1b7a4c6e360c341a15e6d327dc2bcd086e.jpg
d445b7e3a3a3139d8babee04415810b15de5ce4ca11cf4fedcd8c9537f7bf6fc,d445b7e3a3a3139d8babee04415810b15de5ce4ca11cf4fedcd8c9537f7bf6fc,giovanni,batch_01_giovanni,targeted,RRDataset,real,medium,0.36254939436912537,0.3229597210884094,0.36254939436912537,0.3144908547401428,resnet50_imagenet1k_v2_layer4_fc_final_v1,images/d445b7e3a3a3139d8babee04415810b15de5ce4ca11cf4fedcd8c9537f7bf6fc.jpg,images/d445b7e3a3a3139d8babee04415810b15de5ce4ca11cf4fedcd8c9537f7bf6fc.jpg
70dca709174c90654c4ce6d832a0a7e5cdd4b98231a37b53614cf9b585102861,70dca709174c90654c4ce6d832a0a7e5cdd4b98231a37b53614cf9b585102861,giovanni,batch_01_giovanni,targeted,saberzl/SID_Set,real,high,0.7535946369171143,0.09904897958040237,0.147356316447258,0.7535946369171143,resnet50_imagenet1k_v2_layer4_fc_final_v1,images/70dca709174c90654c4ce6d832a0a7e5cdd4b98231a37b53614cf9b585102861.jpg,images/70dca709174c90654c4ce6d832a0a7e5cdd4b98231a37b53614cf9b585102861.jpg
7a507b97c1247b2f7c0fa25ce85a611d58526c8fbd1b65c91183f231e3578b96,7a507b97c1247b2f7c0fa25ce85a611d58526c8fbd1b65c91183f231e3578b96,giovanni,batch_01_giovanni,targeted,saberzl/SID_Set,real,high,0.5906897187232971,0.031616467982530594,0.3776938319206238,0.5906897187232971,resnet50_imagenet1k_v2_layer4_fc_final_v1,images/7a507b97c1247b2f7c0fa25ce85a611d58526c8fbd1b65c91183f231e3578b96.jpg,images/7a507b97c1247b2f7c0fa25ce85a611d58526c8fbd1b65c91183f231e3578b96.jpg
979f8ac3ed0b2b00a0dfe6ece073f31223b0b87bb57171d91f301aabb823e4c2,979f8ac3ed0b2b00a0dfe6ece073f31223b0b87bb57171d91f301aabb823e4c2,giovanni,batch_01_giovanni,targeted,saberzl/SID_Set,fake,high,0.511776864528656,0.14762528240680695,0.34059786796569824,0.511776864528656,resnet50_imagenet1k_v2_layer4_fc_final_v1,images/979f8ac3ed0b2b00a0dfe6ece073f31223b0b87bb57171d91f301aabb823e4c2.png,images/979f8ac3ed0b2b00a0dfe6ece073f31223b0b87bb57171d91f301aabb823e4c2.png
4e9ab0fbf799a985bf1b92557a3219f36e33a5c1d79aadb8808990f04ed7d382,4e9ab0fbf799a985bf1b92557a3219f36e33a5c1d79aadb8808990f04ed7d382,giovanni,batch_01_giovanni,targeted,ComplexDataLab/OpenFake,fake,medium,0.4559967815876007,0.3804222643375397,0.4559967815876007,0.16358092427253723,resnet50_imagenet1k_v2_layer4_fc_final_v1,images/4e9ab0fbf799a985bf1b92557a3219f36e33a5c1d79aadb8808990f04ed7d382.png,images/4e9ab0fbf799a985bf1b92557a3219f36e33a5c1d79aadb8808990f04ed7d382.png
5f12ab5667503acd5c6574b29b840dff45e2139d867b7431f0bd8a0e10dbd853,5f12ab5667503acd5c6574b29b840dff45e2139d867b7431f0bd8a0e10dbd853,giovanni,batch_01_giovanni,representative,saberzl/SID_Set,fake,low,0.7221941947937012,0.7221941947937012,0.27516159415245056,0.002644130028784275,resnet50_imagenet1k_v2_layer4_fc_final_v1,images/5f12ab5667503acd5c6574b29b840dff45e2139d867b7431f0bd8a0e10dbd853.png,images/5f12ab5667503acd5c6574b29b840dff45e2139d867b7431f0bd8a0e10dbd853.png
3ae81164b8904b1b4023f5db79ba10a788031fd879152ed4468e87171fdd8116,3ae81164b8904b1b4023f5db79ba10a788031fd879152ed4468e87171fdd8116,giovanni,batch_01_giovanni,representative,saberzl/SID_Set,fake,low,0.9239597916603088,0.9239597916603088,0.059911590069532394,0.016128534451127052,resnet50_imagenet1k_v2_layer4_fc_final_v1,images/3ae81164b8904b1b4023f5db79ba10a788031fd879152ed4468e87171fdd8116.png,images/3ae81164b8904b1b4023f5db79ba10a788031fd879152ed4468e87171fdd8116.png
d6182b916886325a9bda543eb5c7af784ab53a1500a33f903d052de2c8a2a359,d6182b916886325a9bda543eb5c7af784ab53a1500a33f903d052de2c8a2a359,giovanni,batch_01_giovanni,representative,saberzl/SID_Set,real,low,0.44330301880836487,0.44330301880836487,0.38651546835899353,0.1701814979314804,resnet50_imagenet1k_v2_layer4_fc_final_v1,images/d6182b916886325a9bda543eb5c7af784ab53a1500a33f903d052de2c8a2a359.jpg,images/d6182b916886325a9bda543eb5c7af784ab53a1500a33f903d052de2c8a2a359.jpg
36ad9c6dddf721a9ce52ca7d07054d031ee8e6d68a0465fab09dc84efe48060b,36ad9c6dddf721a9ce52ca7d07054d031ee8e6d68a0465fab09dc84efe48060b,giovanni,batch_01_giovanni,representative,saberzl/SID_Set,fake,low,0.7485963106155396,0.7485963106155396,0.22114908695220947,0.03025452047586441,resnet50_imagenet1k_v2_layer4_fc_final_v1,images/36ad9c6dddf721a9ce52ca7d07054d031ee8e6d68a0465fab09dc84efe48060b.png,images/36ad9c6dddf721a9ce52ca7d07054d031ee8e6d68a0465fab09dc84efe48060b.png
794f1e3f058d6dc9f0e60494000b98b10a4eb9838715a63323fd8581874c80cd,794f1e3f058d6dc9f0e60494000b98b10a4eb9838715a63323fd8581874c80cd,giovanni,batch_01_giovanni,targeted,RRDataset,fake,high,0.8714700937271118,0.031099360436201096,0.09743055701255798,0.8714700937271118,resnet50_imagenet1k_v2_layer4_fc_final_v1,images/794f1e3f058d6dc9f0e60494000b98b10a4eb9838715a63323fd8581874c80cd.png,images/794f1e3f058d6dc9f0e60494000b98b10a4eb9838715a63323fd8581874c80cd.png
42962d1cae2eeaf382c8cd751523b2add2658a49f00e32631278d4ed63b2d1fb,42962d1cae2eeaf382c8cd751523b2add2658a49f00e32631278d4ed63b2d1fb,giovanni,batch_01_giovanni,representative,RRDataset,real,low,0.6696634292602539,0.6696634292602539,0.32626402378082275,0.004072556737810373,resnet50_imagenet1k_v2_layer4_fc_final_v1,images/42962d1cae2eeaf382c8cd751523b2add2658a49f00e32631278d4ed63b2d1fb.jpg,images/42962d1cae2eeaf382c8cd751523b2add2658a49f00e32631278d4ed63b2d1fb.jpg
c17e55474a72dd86fe3d7426860f6280ae65c83c5d807b06798ba82ee5728a45,c17e55474a72dd86fe3d7426860f6280ae65c83c5d807b06798ba82ee5728a45,giovanni,batch_01_giovanni,targeted,RRDataset,fake,high,0.7677170634269714,0.04606592282652855,0.18621696531772614,0.7677170634269714,resnet50_imagenet1k_v2_layer4_fc_final_v1,images/c17e55474a72dd86fe3d7426860f6280ae65c83c5d807b06798ba82ee5728a45.png,images/c17e55474a72dd86fe3d7426860f6280ae65c83c5d807b06798ba82ee5728a45.png
f81ad959e29e3167639afe7e5dea831837c3e7558668f1e1c66fdd2f4632a930,f81ad959e29e3167639afe7e5dea831837c3e7558668f1e1c66fdd2f4632a930,giovanni,batch_01_giovanni,targeted,ComplexDataLab/OpenFake,fake,medium,0.48728084564208984,0.45285505056381226,0.48728084564208984,0.05986407399177551,resnet50_imagenet1k_v2_layer4_fc_final_v1,images/f81ad959e29e3167639afe7e5dea831837c3e7558668f1e1c66fdd2f4632a930.jpg,images/f81ad959e29e3167639afe7e5dea831837c3e7558668f1e1c66fdd2f4632a930.jpg
84742b95f02315a331989bcc2339c8f407e90d5d4edec032048b42e743d6123c,84742b95f02315a331989bcc2339c8f407e90d5d4edec032048b42e743d6123c,giovanni,batch_01_giovanni,targeted,saberzl/SID_Set,fake,medium,0.3706936836242676,0.3469948470592499,0.3706936836242676,0.28231143951416016,resnet50_imagenet1k_v2_layer4_fc_final_v1,images/84742b95f02315a331989bcc2339c8f407e90d5d4edec032048b42e743d6123c.png,images/84742b95f02315a331989bcc2339c8f407e90d5d4edec032048b42e743d6123c.png
8a654e8fa4e71fcfffd991c8eb712ff82579b682df579a702741fce9c9de8221,8a654e8fa4e71fcfffd991c8eb712ff82579b682df579a702741fce9c9de8221,giovanni,batch_01_giovanni,targeted,ComplexDataLab/OpenFake,fake,medium,0.4964810907840729,0.4869438707828522,0.4964810907840729,0.016575098037719727,resnet50_imagenet1k_v2_layer4_fc_final_v1,images/8a654e8fa4e71fcfffd991c8eb712ff82579b682df579a702741fce9c9de8221.png,images/8a654e8fa4e71fcfffd991c8eb712ff82579b682df579a702741fce9c9de8221.png
64b8981cad627b8a4ea522fd7f9b4665a2e7ac294ee7c603d493de48c23de7a4,64b8981cad627b8a4ea522fd7f9b4665a2e7ac294ee7c603d493de48c23de7a4,giovanni,batch_01_giovanni,targeted,saberzl/SID_Set,fake,high,0.8284836411476135,0.06540156900882721,0.10611479729413986,0.8284836411476135,resnet50_imagenet1k_v2_layer4_fc_final_v1,images/64b8981cad627b8a4ea522fd7f9b4665a2e7ac294ee7c603d493de48c23de7a4.png,images/64b8981cad627b8a4ea522fd7f9b4665a2e7ac294ee7c603d493de48c23de7a4.png
dee3994889b4447c84cafc498b56c70472d38c6a735a1036df9bfa8f5f033786,dee3994889b4447c84cafc498b56c70472d38c6a735a1036df9bfa8f5f033786,giovanni,batch_01_giovanni,representative,saberzl/SID_Set,real,medium,0.7333658337593079,0.22383347153663635,0.7333658337593079,0.04280073940753937,resnet50_imagenet1k_v2_layer4_fc_final_v1,images/dee3994889b4447c84cafc498b56c70472d38c6a735a1036df9bfa8f5f033786.jpg,images/dee3994889b4447c84cafc498b56c70472d38c6a735a1036df9bfa8f5f033786.jpg
31b3713409f03cafa12d0ae7de7778fc25b3816441998997c04a8a3758bbee35,31b3713409f03cafa12d0ae7de7778fc25b3816441998997c04a8a3758bbee35,giovanni,batch_01_giovanni,representative,saberzl/SID_Set,real,medium,0.5435986518859863,0.4338572025299072,0.5435986518859863,0.022544125095009804,resnet50_imagenet1k_v2_layer4_fc_final_v1,images/31b3713409f03cafa12d0ae7de7778fc25b3816441998997c04a8a3758bbee35.jpg,images/31b3713409f03cafa12d0ae7de7778fc25b3816441998997c04a8a3758bbee35.jpg
161a24d079a4cbaca93de55ee2af8a40aa1b60871e63a61e03dcef0f6d964310,161a24d079a4cbaca93de55ee2af8a40aa1b60871e63a61e03dcef0f6d964310,giovanni,batch_01_giovanni,targeted,RRDataset,real,medium,0.4381527602672577,0.40249767899513245,0.4381527602672577,0.15934956073760986,resnet50_imagenet1k_v2_layer4_fc_final_v1,images/161a24d079a4cbaca93de55ee2af8a40aa1b60871e63a61e03dcef0f6d964310.jpg,images/161a24d079a4cbaca93de55ee2af8a40aa1b60871e63a61e03dcef0f6d964310.jpg
35764b7184e822678846f5ad28dfe2de8ce85b509ad4fd38d3afbab4b55de1f8,35764b7184e822678846f5ad28dfe2de8ce85b509ad4fd38d3afbab4b55de1f8,giovanni,batch_01_giovanni,targeted,ComplexDataLab/OpenFake,real,high,0.39043551683425903,0.32326674461364746,0.28629767894744873,0.39043551683425903,resnet50_imagenet1k_v2_layer4_fc_final_v1,images/35764b7184e822678846f5ad28dfe2de8ce85b509ad4fd38d3afbab4b55de1f8.jpg,images/35764b7184e822678846f5ad28dfe2de8ce85b509ad4fd38d3afbab4b55de1f8.jpg
2e6cbae2a2050133a6acff458b9af36dc4192eb027c039456ca248484fbf607b,2e6cbae2a2050133a6acff458b9af36dc4192eb027c039456ca248484fbf607b,giovanni,batch_01_giovanni,representative,ComplexDataLab/OpenFake,real,medium,0.8736686110496521,0.12206806242465973,0.8736686110496521,0.004263351671397686,resnet50_imagenet1k_v2_layer4_fc_final_v1,images/2e6cbae2a2050133a6acff458b9af36dc4192eb027c039456ca248484fbf607b.jpg,images/2e6cbae2a2050133a6acff458b9af36dc4192eb027c039456ca248484fbf607b.jpg
c9af3937b2a3e94204b0b363cab953ab7fb52d3658bbd0d6f2761e88e1afb270,c9af3937b2a3e94204b0b363cab953ab7fb52d3658bbd0d6f2761e88e1afb270,giovanni,batch_01_giovanni,targeted,RRDataset,fake,high,0.5889356732368469,0.009412789717316628,0.4016515016555786,0.5889356732368469,resnet50_imagenet1k_v2_layer4_fc_final_v1,images/c9af3937b2a3e94204b0b363cab953ab7fb52d3658bbd0d6f2761e88e1afb270.png,images/c9af3937b2a3e94204b0b363cab953ab7fb52d3658bbd0d6f2761e88e1afb270.png
48e7ebc76990e709db19e990f04471a64e425c37ceb04fe25a12881783997017,48e7ebc76990e709db19e990f04471a64e425c37ceb04fe25a12881783997017,giovanni,batch_01_giovanni,representative,saberzl/SID_Set,real,low,0.9178922176361084,0.9178922176361084,0.07512673735618591,0.0069809346459805965,resnet50_imagenet1k_v2_layer4_fc_final_v1,images/48e7ebc76990e709db19e990f04471a64e425c37ceb04fe25a12881783997017.jpg,images/48e7ebc76990e709db19e990f04471a64e425c37ceb04fe25a12881783997017.jpg
0d07d71e4534f5a7004a7f6542a282e0587dc895be3018de552d99dc24f1f59b,0d07d71e4534f5a7004a7f6542a282e0587dc895be3018de552d99dc24f1f59b,giovanni,batch_01_giovanni,representative,RRDataset,real,medium,0.9919935464859009,0.006550557911396027,0.9919935464859009,0.0014558745315298438,resnet50_imagenet1k_v2_layer4_fc_final_v1,images/0d07d71e4534f5a7004a7f6542a282e0587dc895be3018de552d99dc24f1f59b.jpg,images/0d07d71e4534f5a7004a7f6542a282e0587dc895be3018de552d99dc24f1f59b.jpg
825d6bb45fd2a06c620325cac98f761ad8e9a491a568a96223b2573301427d75,825d6bb45fd2a06c620325cac98f761ad8e9a491a568a96223b2573301427d75,giovanni,batch_01_giovanni,representative,ComplexDataLab/OpenFake,fake,low,0.7141644954681396,0.7141644954681396,0.2796970307826996,0.006138504482805729,resnet50_imagenet1k_v2_layer4_fc_final_v1,images/825d6bb45fd2a06c620325cac98f761ad8e9a491a568a96223b2573301427d75.png,images/825d6bb45fd2a06c620325cac98f761ad8e9a491a568a96223b2573301427d75.png
4063afc36c23d938021610b1aa5f1f4edd2843498bd3a484448c5859f525c747,4063afc36c23d938021610b1aa5f1f4edd2843498bd3a484448c5859f525c747,giovanni,batch_01_giovanni,targeted,RRDataset,fake,high,0.8329017758369446,0.049960583448410034,0.11713762581348419,0.8329017758369446,resnet50_imagenet1k_v2_layer4_fc_final_v1,images/4063afc36c23d938021610b1aa5f1f4edd2843498bd3a484448c5859f525c747.png,images/4063afc36c23d938021610b1aa5f1f4edd2843498bd3a484448c5859f525c747.png
ceeadebc5a96112d2c81fd7a062a69653090a235d1ce435ba09b5c0579215248,ceeadebc5a96112d2c81fd7a062a69653090a235d1ce435ba09b5c0579215248,giovanni,batch_01_giovanni,targeted,ComplexDataLab/OpenFake,fake,high,0.507622241973877,0.19886921346187592,0.2935085594654083,0.507622241973877,resnet50_imagenet1k_v2_layer4_fc_final_v1,images/ceeadebc5a96112d2c81fd7a062a69653090a235d1ce435ba09b5c0579215248.png,images/ceeadebc5a96112d2c81fd7a062a69653090a235d1ce435ba09b5c0579215248.png
9ba7eed1ab1b771de829c671a5c53a8c9ddd4e715e709d3719cb30468c4a1a03,9ba7eed1ab1b771de829c671a5c53a8c9ddd4e715e709d3719cb30468c4a1a03,giovanni,batch_01_giovanni,representative,RRDataset,fake,medium,0.7715941667556763,0.21676231920719147,0.7715941667556763,0.011643492616713047,resnet50_imagenet1k_v2_layer4_fc_final_v1,images/9ba7eed1ab1b771de829c671a5c53a8c9ddd4e715e709d3719cb30468c4a1a03.png,images/9ba7eed1ab1b771de829c671a5c53a8c9ddd4e715e709d3719cb30468c4a1a03.png
ded341dd7ab8ba5c320464b548e9944a030c22ff3637e3541e2d9083ce4f250a,ded341dd7ab8ba5c320464b548e9944a030c22ff3637e3541e2d9083ce4f250a,giovanni,batch_01_giovanni,representative,ComplexDataLab/OpenFake,real,medium,0.9410445690155029,0.051619432866573334,0.9410445690155029,0.007335974369198084,resnet50_imagenet1k_v2_layer4_fc_final_v1,images/ded341dd7ab8ba5c320464b548e9944a030c22ff3637e3541e2d9083ce4f250a.jpg,images/ded341dd7ab8ba5c320464b548e9944a030c22ff3637e3541e2d9083ce4f250a.jpg
44d1ae471bb988815ada651cb4766e11ee2ee298ae2ee1c89f94bda6a847fa00,44d1ae471bb988815ada651cb4766e11ee2ee298ae2ee1c89f94bda6a847fa00,giovanni,batch_01_giovanni,targeted,ComplexDataLab/OpenFake,real,high,0.5294406414031982,0.00426372978836298,0.46629562973976135,0.5294406414031982,resnet50_imagenet1k_v2_layer4_fc_final_v1,images/44d1ae471bb988815ada651cb4766e11ee2ee298ae2ee1c89f94bda6a847fa00.jpg,images/44d1ae471bb988815ada651cb4766e11ee2ee298ae2ee1c89f94bda6a847fa00.jpg
866814b3af2af4f237bcbea16866c6d983249807c09fabfdd599d5e1aaf753c1,866814b3af2af4f237bcbea16866c6d983249807c09fabfdd599d5e1aaf753c1,giovanni,batch_01_giovanni,representative,ComplexDataLab/OpenFake,real,medium,0.9063605666160583,0.09279591590166092,0.9063605666160583,0.0008435033960267901,resnet50_imagenet1k_v2_layer4_fc_final_v1,images/866814b3af2af4f237bcbea16866c6d983249807c09fabfdd599d5e1aaf753c1.jpg,images/866814b3af2af4f237bcbea16866c6d983249807c09fabfdd599d5e1aaf753c1.jpg
18751ab204d7dc3c37bc1c5e23b749cc6b3c5c3eb014f1165a85421f1396070e,18751ab204d7dc3c37bc1c5e23b749cc6b3c5c3eb014f1165a85421f1396070e,giovanni,batch_01_giovanni,representative,ComplexDataLab/OpenFake,real,medium,0.5644915699958801,0.391832560300827,0.5644915699958801,0.043675824999809265,resnet50_imagenet1k_v2_layer4_fc_final_v1,images/18751ab204d7dc3c37bc1c5e23b749cc6b3c5c3eb014f1165a85421f1396070e.jpg,images/18751ab204d7dc3c37bc1c5e23b749cc6b3c5c3eb014f1165a85421f1396070e.jpg
9c400453c24e6265d940a11ad1d04e8527cb28f99d23492400ad924e9b85d98d,9c400453c24e6265d940a11ad1d04e8527cb28f99d23492400ad924e9b85d98d,giovanni,batch_01_giovanni,representative,RRDataset,real,medium,0.7908238172531128,0.18269817531108856,0.7908238172531128,0.026478003710508347,resnet50_imagenet1k_v2_layer4_fc_final_v1,images/9c400453c24e6265d940a11ad1d04e8527cb28f99d23492400ad924e9b85d98d.jpg,images/9c400453c24e6265d940a11ad1d04e8527cb28f99d23492400ad924e9b85d98d.jpg
b40c4c33b33726176e880cfe8c274e3a735bfd3abf680974ade71c4c63375c2f,b40c4c33b33726176e880cfe8c274e3a735bfd3abf680974ade71c4c63375c2f,giovanni,batch_01_giovanni,representative,RRDataset,fake,high,0.3788522779941559,0.348213791847229,0.27293387055397034,0.3788522779941559,resnet50_imagenet1k_v2_layer4_fc_final_v1,images/b40c4c33b33726176e880cfe8c274e3a735bfd3abf680974ade71c4c63375c2f.png,images/b40c4c33b33726176e880cfe8c274e3a735bfd3abf680974ade71c4c63375c2f.png
9da4f07ec984ea1b7ca91bdc11de88f18662c40339129bafd57bf5c177157937,9da4f07ec984ea1b7ca91bdc11de88f18662c40339129bafd57bf5c177157937,giovanni,batch_01_giovanni,representative,ComplexDataLab/OpenFake,real,medium,0.5204705595970154,0.4680345058441162,0.5204705595970154,0.011494937352836132,resnet50_imagenet1k_v2_layer4_fc_final_v1,images/9da4f07ec984ea1b7ca91bdc11de88f18662c40339129bafd57bf5c177157937.jpg,images/9da4f07ec984ea1b7ca91bdc11de88f18662c40339129bafd57bf5c177157937.jpg
b4597167dc83abb60faaca3719f92b6da9451bc17a55b972f6c10dcd1d74addd,b4597167dc83abb60faaca3719f92b6da9451bc17a55b972f6c10dcd1d74addd,giovanni,batch_01_giovanni,representative,ComplexDataLab/OpenFake,fake,medium,0.9433888792991638,0.035117898136377335,0.9433888792991638,0.021493207663297653,resnet50_imagenet1k_v2_layer4_fc_final_v1,images/b4597167dc83abb60faaca3719f92b6da9451bc17a55b972f6c10dcd1d74addd.png,images/b4597167dc83abb60faaca3719f92b6da9451bc17a55b972f6c10dcd1d74addd.png
8a7d88d37d834d86c0beccbb41c89e497b151c8b0e12fffa09213b068a2aaf7f,8a7d88d37d834d86c0beccbb41c89e497b151c8b0e12fffa09213b068a2aaf7f,giovanni,batch_01_giovanni,representative,RRDataset,real,medium,0.899290144443512,0.09164725244045258,0.899290144443512,0.009062645956873894,resnet50_imagenet1k_v2_layer4_fc_final_v1,images/8a7d88d37d834d86c0beccbb41c89e497b151c8b0e12fffa09213b068a2aaf7f.jpg,images/8a7d88d37d834d86c0beccbb41c89e497b151c8b0e12fffa09213b068a2aaf7f.jpg
f24f1ab79a5caa159240a0501560786822b1b8f67721503b6e76ceae15630b01,f24f1ab79a5caa159240a0501560786822b1b8f67721503b6e76ceae15630b01,giovanni,batch_01_giovanni,representative,RRDataset,fake,low,0.884718120098114,0.884718120098114,0.1089743822813034,0.006307558156549931,resnet50_imagenet1k_v2_layer4_fc_final_v1,images/f24f1ab79a5caa159240a0501560786822b1b8f67721503b6e76ceae15630b01.png,images/f24f1ab79a5caa159240a0501560786822b1b8f67721503b6e76ceae15630b01.png
c3b15dd0213564889cf6dc0503b0a22c76b42ea98572550f3cb69f6cbe1ddca2,c3b15dd0213564889cf6dc0503b0a22c76b42ea98572550f3cb69f6cbe1ddca2,giovanni,batch_01_giovanni,representative,saberzl/SID_Set,real,low,0.6903305053710938,0.6903305053710938,0.3083253502845764,0.0013440708862617612,resnet50_imagenet1k_v2_layer4_fc_final_v1,images/c3b15dd0213564889cf6dc0503b0a22c76b42ea98572550f3cb69f6cbe1ddca2.jpg,images/c3b15dd0213564889cf6dc0503b0a22c76b42ea98572550f3cb69f6cbe1ddca2.jpg
ef4863a111dc7c276a15afb91b889562661e3321d1045711b20bd6efb5b0fdbb,ef4863a111dc7c276a15afb91b889562661e3321d1045711b20bd6efb5b0fdbb,giovanni,batch_01_giovanni,representative,ComplexDataLab/OpenFake,real,low,0.5744747519493103,0.5744747519493103,0.41685521602630615,0.008669992908835411,resnet50_imagenet1k_v2_layer4_fc_final_v1,images/ef4863a111dc7c276a15afb91b889562661e3321d1045711b20bd6efb5b0fdbb.jpg,images/ef4863a111dc7c276a15afb91b889562661e3321d1045711b20bd6efb5b0fdbb.jpg
873f182eafbc3efa1afe62c067ed79ad322302d7e1ce9191477922a432b571c8,873f182eafbc3efa1afe62c067ed79ad322302d7e1ce9191477922a432b571c8,giovanni,batch_01_giovanni,representative,ComplexDataLab/OpenFake,real,low,0.6956572532653809,0.6956572532653809,0.24320323765277863,0.06113947927951813,resnet50_imagenet1k_v2_layer4_fc_final_v1,images/873f182eafbc3efa1afe62c067ed79ad322302d7e1ce9191477922a432b571c8.jpg,images/873f182eafbc3efa1afe62c067ed79ad322302d7e1ce9191477922a432b571c8.jpg
85a451298d359a306d06e3a05ec404731072fcbb7dfe8ea6532e5c00b011929d,85a451298d359a306d06e3a05ec404731072fcbb7dfe8ea6532e5c00b011929d,giovanni,batch_01_giovanni,representative,saberzl/SID_Set,real,medium,0.9396465420722961,0.010790081694722176,0.9396465420722961,0.049563419073820114,resnet50_imagenet1k_v2_layer4_fc_final_v1,images/85a451298d359a306d06e3a05ec404731072fcbb7dfe8ea6532e5c00b011929d.jpg,images/85a451298d359a306d06e3a05ec404731072fcbb7dfe8ea6532e5c00b011929d.jpg
1202c6ac23afd4e543149bbaa8624af3799aac9875b725b2323a2ef4c224a332,1202c6ac23afd4e543149bbaa8624af3799aac9875b725b2323a2ef4c224a332,giovanni,batch_01_giovanni,representative,RRDataset,fake,medium,0.6754449605941772,0.23488125205039978,0.6754449605941772,0.08967377990484238,resnet50_imagenet1k_v2_layer4_fc_final_v1,images/1202c6ac23afd4e543149bbaa8624af3799aac9875b725b2323a2ef4c224a332.png,images/1202c6ac23afd4e543149bbaa8624af3799aac9875b725b2323a2ef4c224a332.png
d19cb270e4bcab9a280501759878d5045502d6cf43a990520c74103b9c72cf20,d19cb270e4bcab9a280501759878d5045502d6cf43a990520c74103b9c72cf20,giovanni,batch_01_giovanni,representative,ComplexDataLab/OpenFake,fake,medium,0.39845210313796997,0.3567923903465271,0.39845210313796997,0.24475549161434174,resnet50_imagenet1k_v2_layer4_fc_final_v1,images/d19cb270e4bcab9a280501759878d5045502d6cf43a990520c74103b9c72cf20.webp,images/d19cb270e4bcab9a280501759878d5045502d6cf43a990520c74103b9c72cf20.webp
50320b95a2fd247b0ca876c609c3294e470da2e5a80cd657b8c6696cec998016,50320b95a2fd247b0ca876c609c3294e470da2e5a80cd657b8c6696cec998016,giovanni,batch_01_giovanni,targeted,ComplexDataLab/OpenFake,fake,low,0.3998193144798279,0.3998193144798279,0.3472842574119568,0.25289642810821533,resnet50_imagenet1k_v2_layer4_fc_final_v1,images/50320b95a2fd247b0ca876c609c3294e470da2e5a80cd657b8c6696cec998016.png,images/50320b95a2fd247b0ca876c609c3294e470da2e5a80cd657b8c6696cec998016.png
068db8c05195270f3286986a368a5bef069e41717bf99415e460f5ed6e3ca84b,068db8c05195270f3286986a368a5bef069e41717bf99415e460f5ed6e3ca84b,giovanni,batch_01_giovanni,targeted,RRDataset,fake,high,0.9650936126708984,0.010264680720865726,0.02464165911078453,0.9650936126708984,resnet50_imagenet1k_v2_layer4_fc_final_v1,images/068db8c05195270f3286986a368a5bef069e41717bf99415e460f5ed6e3ca84b.png,images/068db8c05195270f3286986a368a5bef069e41717bf99415e460f5ed6e3ca84b.png
bc66daccc5e4ee5b8134e33319620871c7cd212d19e28eea63598188a76566cd,bc66daccc5e4ee5b8134e33319620871c7cd212d19e28eea63598188a76566cd,giovanni,batch_01_giovanni,representative,saberzl/SID_Set,fake,medium,0.8903535008430481,0.09510794281959534,0.8903535008430481,0.014538600109517574,resnet50_imagenet1k_v2_layer4_fc_final_v1,images/bc66daccc5e4ee5b8134e33319620871c7cd212d19e28eea63598188a76566cd.png,images/bc66daccc5e4ee5b8134e33319620871c7cd212d19e28eea63598188a76566cd.png
c8fae1ed4dcd5e7a5dc3f320cf12591249279e2ff2be81a9939640499251944d,c8fae1ed4dcd5e7a5dc3f320cf12591249279e2ff2be81a9939640499251944d,giovanni,batch_01_giovanni,targeted,RRDataset,fake,high,0.8227573037147522,0.026076646521687508,0.15116608142852783,0.8227573037147522,resnet50_imagenet1k_v2_layer4_fc_final_v1,images/c8fae1ed4dcd5e7a5dc3f320cf12591249279e2ff2be81a9939640499251944d.png,images/c8fae1ed4dcd5e7a5dc3f320cf12591249279e2ff2be81a9939640499251944d.png
aa9508ff8794f2b1151073df6b25eab2eed788814959e1580bc21653625f35d7,aa9508ff8794f2b1151073df6b25eab2eed788814959e1580bc21653625f35d7,giovanni,batch_01_giovanni,targeted,ComplexDataLab/OpenFake,real,medium,0.4421159029006958,0.3488762378692627,0.4421159029006958,0.20900781452655792,resnet50_imagenet1k_v2_layer4_fc_final_v1,images/aa9508ff8794f2b1151073df6b25eab2eed788814959e1580bc21653625f35d7.jpg,images/aa9508ff8794f2b1151073df6b25eab2eed788814959e1580bc21653625f35d7.jpg
de4d7fbaafaa47a8ac7134048787404d7b63e2d96140967c0754e97fc92eb6c6,de4d7fbaafaa47a8ac7134048787404d7b63e2d96140967c0754e97fc92eb6c6,giovanni,batch_01_giovanni,representative,RRDataset,real,medium,0.952967643737793,0.025539424270391464,0.952967643737793,0.021492961794137955,resnet50_imagenet1k_v2_layer4_fc_final_v1,images/de4d7fbaafaa47a8ac7134048787404d7b63e2d96140967c0754e97fc92eb6c6.jpg,images/de4d7fbaafaa47a8ac7134048787404d7b63e2d96140967c0754e97fc92eb6c6.jpg
32c116aceda440db46fb33a8e69ddaff4a37d642c5a86ea0c13d17ff2673c754,32c116aceda440db46fb33a8e69ddaff4a37d642c5a86ea0c13d17ff2673c754,giovanni,batch_01_giovanni,targeted,ComplexDataLab/OpenFake,fake,low,0.5049985647201538,0.5049985647201538,0.4930126667022705,0.0019887688104063272,resnet50_imagenet1k_v2_layer4_fc_final_v1,images/32c116aceda440db46fb33a8e69ddaff4a37d642c5a86ea0c13d17ff2673c754.png,images/32c116aceda440db46fb33a8e69ddaff4a37d642c5a86ea0c13d17ff2673c754.png
37de2ea4edc4b86bced9d43b6f1883478a38df7fb5845f5f81d972295a7be129,37de2ea4edc4b86bced9d43b6f1883478a38df7fb5845f5f81d972295a7be129,giovanni,batch_01_giovanni,targeted,RRDataset,fake,high,0.9774963855743408,0.002766146557405591,0.019737541675567627,0.9774963855743408,resnet50_imagenet1k_v2_layer4_fc_final_v1,images/37de2ea4edc4b86bced9d43b6f1883478a38df7fb5845f5f81d972295a7be129.png,images/37de2ea4edc4b86bced9d43b6f1883478a38df7fb5845f5f81d972295a7be129.png
94aa6a19fd3bc77a71f3e7116224a4dda23c71ea169578c30b05f7f05579765d,94aa6a19fd3bc77a71f3e7116224a4dda23c71ea169578c30b05f7f05579765d,giovanni,batch_01_giovanni,targeted,RRDataset,fake,high,0.567963182926178,0.01671244390308857,0.4153243601322174,0.567963182926178,resnet50_imagenet1k_v2_layer4_fc_final_v1,images/94aa6a19fd3bc77a71f3e7116224a4dda23c71ea169578c30b05f7f05579765d.png,images/94aa6a19fd3bc77a71f3e7116224a4dda23c71ea169578c30b05f7f05579765d.png
bcfe5b4b191d23fd4a65e014e91c78162f1e934b01f3f7cba523b5c81dc59438,bcfe5b4b191d23fd4a65e014e91c78162f1e934b01f3f7cba523b5c81dc59438,giovanni,batch_01_giovanni,targeted,RRDataset,fake,medium,0.3720650374889374,0.29848605394363403,0.3720650374889374,0.3294488787651062,resnet50_imagenet1k_v2_layer4_fc_final_v1,images/bcfe5b4b191d23fd4a65e014e91c78162f1e934b01f3f7cba523b5c81dc59438.png,images/bcfe5b4b191d23fd4a65e014e91c78162f1e934b01f3f7cba523b5c81dc59438.png
f256757b021be3cf32fdfaf1a3b85f9e4552e2b9647a1a8eda5222b83c361d2b,f256757b021be3cf32fdfaf1a3b85f9e4552e2b9647a1a8eda5222b83c361d2b,giovanni,batch_01_giovanni,targeted,RRDataset,real,high,0.34818437695503235,0.33148059248924255,0.3203350305557251,0.34818437695503235,resnet50_imagenet1k_v2_layer4_fc_final_v1,images/f256757b021be3cf32fdfaf1a3b85f9e4552e2b9647a1a8eda5222b83c361d2b.jpg,images/f256757b021be3cf32fdfaf1a3b85f9e4552e2b9647a1a8eda5222b83c361d2b.jpg
76aa711b25a405880bfd483ffc6cb764d9bab78b55fac2400e42d153d87179dd,76aa711b25a405880bfd483ffc6cb764d9bab78b55fac2400e42d153d87179dd,giovanni,batch_01_giovanni,representative,ComplexDataLab/OpenFake,real,medium,0.8811523914337158,0.07496751844882965,0.8811523914337158,0.04388001561164856,resnet50_imagenet1k_v2_layer4_fc_final_v1,images/76aa711b25a405880bfd483ffc6cb764d9bab78b55fac2400e42d153d87179dd.jpg,images/76aa711b25a405880bfd483ffc6cb764d9bab78b55fac2400e42d153d87179dd.jpg
34a5359b509d9e1d80698e25688af0ba376489aae7488426fb89eef2e311fab8,34a5359b509d9e1d80698e25688af0ba376489aae7488426fb89eef2e311fab8,giovanni,batch_01_giovanni,targeted,saberzl/SID_Set,fake,high,0.4847460091114044,0.30519020557403564,0.2100638449192047,0.4847460091114044,resnet50_imagenet1k_v2_layer4_fc_final_v1,images/34a5359b509d9e1d80698e25688af0ba376489aae7488426fb89eef2e311fab8.png,images/34a5359b509d9e1d80698e25688af0ba376489aae7488426fb89eef2e311fab8.png
b5cd6d04d6f1749674abb50c0633c2aadaaa2344908aede43a947207eee7bed4,b5cd6d04d6f1749674abb50c0633c2aadaaa2344908aede43a947207eee7bed4,giovanni,batch_01_giovanni,targeted,saberzl/SID_Set,fake,high,0.4798319935798645,0.08838918060064316,0.43177881836891174,0.4798319935798645,resnet50_imagenet1k_v2_layer4_fc_final_v1,images/b5cd6d04d6f1749674abb50c0633c2aadaaa2344908aede43a947207eee7bed4.png,images/b5cd6d04d6f1749674abb50c0633c2aadaaa2344908aede43a947207eee7bed4.png
fac653ac9b9fc45620cca5b6565841acd7c2fea82c77f9053ae1b51708d5121a,fac653ac9b9fc45620cca5b6565841acd7c2fea82c77f9053ae1b51708d5121a,giovanni,batch_01_giovanni,targeted,RRDataset,fake,high,0.4445367753505707,0.13531279563903809,0.4201504588127136,0.4445367753505707,resnet50_imagenet1k_v2_layer4_fc_final_v1,images/fac653ac9b9fc45620cca5b6565841acd7c2fea82c77f9053ae1b51708d5121a.png,images/fac653ac9b9fc45620cca5b6565841acd7c2fea82c77f9053ae1b51708d5121a.png
1e42e2aef08ddfe7d7325a55ac54fda825b3e5ba5131ec6d7e3edfb09bb70bcb,1e42e2aef08ddfe7d7325a55ac54fda825b3e5ba5131ec6d7e3edfb09bb70bcb,giovanni,batch_01_giovanni,representative,saberzl/SID_Set,real,medium,0.39714571833610535,0.3517637550830841,0.39714571833610535,0.25109055638313293,resnet50_imagenet1k_v2_layer4_fc_final_v1,images/1e42e2aef08ddfe7d7325a55ac54fda825b3e5ba5131ec6d7e3edfb09bb70bcb.jpg,images/1e42e2aef08ddfe7d7325a55ac54fda825b3e5ba5131ec6d7e3edfb09bb70bcb.jpg
596282bbfe113a20fb4b4ee0a5401006205cf09b9c91cf03cf4083a4a33cc129,596282bbfe113a20fb4b4ee0a5401006205cf09b9c91cf03cf4083a4a33cc129,giovanni,batch_01_giovanni,representative,saberzl/SID_Set,fake,medium,0.6860777139663696,0.09194349497556686,0.6860777139663696,0.2219787836074829,resnet50_imagenet1k_v2_layer4_fc_final_v1,images/596282bbfe113a20fb4b4ee0a5401006205cf09b9c91cf03cf4083a4a33cc129.png,images/596282bbfe113a20fb4b4ee0a5401006205cf09b9c91cf03cf4083a4a33cc129.png
deb5c137a6cfb0f0651e6960166159761901873ec6764ce292d51b98ce1dd31e,deb5c137a6cfb0f0651e6960166159761901873ec6764ce292d51b98ce1dd31e,giovanni,batch_01_giovanni,representative,saberzl/SID_Set,fake,medium,0.714928388595581,0.26630228757858276,0.714928388595581,0.01876930147409439,resnet50_imagenet1k_v2_layer4_fc_final_v1,images/deb5c137a6cfb0f0651e6960166159761901873ec6764ce292d51b98ce1dd31e.png,images/deb5c137a6cfb0f0651e6960166159761901873ec6764ce292d51b98ce1dd31e.png
