content_hash,image_path,source_dataset,sensitivity_level,label,probability_fake
001ad8105761a89f2cc74f833b1e90df1c60c65d7948cf206180b609259d050c,data/datasets/RRDataset/selection_1500/sara/ai/War_&_Conflict_Scenes_000748.png,RRDataset,medium,1,0.8887396454811096
0039e56521cb74a8136fd71a536f14433e0c2339eb94a802e1d862029395d856,data/datasets/RRDataset/selection_1500/lorenzo/ai/normal_008876.png,RRDataset,medium,1,0.9317491054534912
0099b30765280306e279de6db498ce56bfaf71b2784b5645442dc565dc49473a,data/datasets/RRDataset/selection_1500/lorenzo/real/real_003615.jpg,RRDataset,medium,0,0.9611600637435913
00a2a87a21e1216dfb65da2511a8477d85d1fac37cfeef68db07ae2750d92219,data/datasets/RRDataset/selection_1500/lorenzo/real/real_004397.jpg,RRDataset,low,0,0.21316809952259064
00e6cc2b98100da4a8d2fb7868de812fd6b6cedf7277d43c1e60470535a23e9f,data/datasets/RRDataset/selection_1500/sara/real/real_002483.jpg,RRDataset,low,0,0.9464271664619446
0147939617332895c4c6c426c1c4ea6fd587365762d02e1b3188f5712e0673a7,data/datasets/RRDataset/selection_1500/sara/real/real_001245.jpg,RRDataset,low,0,0.4541860818862915
0163dc1d55055170b162bf8676cd49a2ee0c2183584a71aba699866c4df180d6,data/datasets/RRDataset/selection_1500/lorenzo/ai/normal_008560.png,RRDataset,low,1,0.5203151702880859
019fc1983980f42b9b079ffd92a806050fe3dffa10128486f7cd6a3c85082a8a,data/datasets/RRDataset/selection_1500/sara/ai/Medical_&_Public_Health_000726.png,RRDataset,medium,1,0.9254338145256042
01ecbd45201eefdebf5ac6c60b505e4c1532bc4ae871566b83690d393e1ce8f7,data/datasets/RRDataset/selection_1500/sara/real/real_003106.jpg,RRDataset,low,0,0.9115363955497742
01ed0f495a735cebf575445b4080359d4371638b3e6ae1ae156492ed1b006f44,data/datasets/RRDataset/selection_1500/giovanni/real/real_003418.jpg,RRDataset,medium,0,0.06871207058429718
02246355c564a6bf91290473432288859ee14c77c2da95802df2fae992d9b261,data/datasets/RRDataset/selection_1500/lorenzo/real/real_001725.jpg,RRDataset,medium,0,0.4269222021102905
02386a52b1b73b5fe1b4f9d5e32618571533c7271b2185107e11c13f68246f41,data/datasets/RRDataset/selection_1500/giovanni/real/real_008927.jpg,RRDataset,medium,0,0.6661049127578735
024121446d9b4c927e70c286c359bf61324585372cae6ea98c1bf41d597582c6,data/datasets/RRDataset/selection_1500/sara/ai/War_&_Conflict_Scenes_000468.png,RRDataset,medium,1,0.9728043675422668
025491dce15d071c5e15aaa21b0e00402c4b7ebe88998548a850752645f53650,data/datasets/RRDataset/selection_1500/sara/ai/War_&_Conflict_Scenes_000061.png,RRDataset,medium,1,0.9506436586380005
0299ebb3a3c083dc84694d45979865e9982a7772b08b115b12dafbb460078fd2,data/datasets/RRDataset/selection_1500/sara/ai/Culture_&_Religion_000655.png,RRDataset,medium,1,0.9680286645889282
032d42075a67e2372443a952268daf731f8529db7f3c78994cf4575b3ccd2f26,data/datasets/RRDataset/selection_1500/giovanni/real/real_001354.jpg,RRDataset,medium,0,0.4593081772327423
036304a4c432ccbb930f006425afff9ea0ccd6e0ccd28fd4004c03d0979914b0,data/datasets/RRDataset/selection_1500/sara/real/real_000388.jpg,RRDataset,medium,0,0.8400893211364746
036f70333998ec27791d7595d9315bf278d7c55b7d96a6b0983b35960a9af1aa,data/datasets/RRDataset/selection_1500/lorenzo/ai/Political_&_Social_Events_000101.png,RRDataset,medium,1,0.9686708450317383
0384a4e4cde6eb15445960c67345e442b99fcfd4f50dae4dd91a0bc65a358419,data/datasets/RRDataset/selection_1500/lorenzo/real/real_002598.jpg,RRDataset,medium,0,0.359791100025177
039c6a10e9760ad25aee5291f61c34588f938d3a57b0d1edd7101837e37dc18d,data/datasets/RRDataset/selection_1500/lorenzo/ai/War_&_Conflict_Scenes_000523.png,RRDataset,high,1,0.7378768920898438
03bcfea1219f53baa2446be2be51b574ff75e3721ab8d0a3204ac1eb140a88f9,data/datasets/RRDataset/selection_1500/sara/ai/Political_&_Social_Events_000784.png,RRDataset,medium,1,0.9941233992576599
03d9f1b3182b07231aa95c0fee478d45c5f5ed0e3e87053129237c36ca14cd58,data/datasets/RRDataset/selection_1500/lorenzo/ai/Political_&_Social_Events_000587.png,RRDataset,medium,1,0.9234283566474915
03fea5da992e31226d60b47fabc9099bb9150804e563b7a5d1bf1a970acaecdc,data/datasets/RRDataset/selection_1500/giovanni/ai/War_&_Conflict_Scenes_000724.png,RRDataset,high,1,0.9774754047393799
041604145251570586a59390ec61b720cf131a5686547d68b0f28ad6bed2f181,data/datasets/RRDataset/selection_1500/sara/real/real_000715.jpg,RRDataset,medium,0,0.3497341275215149
0444a8dbadba66ac8169e326ab74f6153e6307d043e42b9b3421f7065cb99388,data/datasets/RRDataset/selection_1500/sara/real/real_000694.jpg,RRDataset,medium,0,0.9946250319480896
04c4d0637769e0efaed8de9d1dc7fe72fde874d71bd5d94209d4bde3a8393ba2,data/datasets/RRDataset/selection_1500/sara/ai/Natural_Disasters_&_Accidents_000066.png,RRDataset,low,1,0.639197587966919
04ff629a92b0be237e5872ab65749303d0de15df814f00635e8183625a6cfaaf,data/datasets/RRDataset/selection_1500/giovanni/real/real_007135.jpg,RRDataset,medium,0,0.9757948517799377
05622c361cd2560c875a1395e127903ef94f3d757355e8f4653a67f6e8bf3b6a,data/datasets/RRDataset/selection_1500/sara/real/real_002398.jpg,RRDataset,high,0,0.7269667387008667
0568406b7f243e4c578199527ae3c0cfd501be529960a0d81b25b491a758ea07,data/datasets/RRDataset/selection_1500/sara/real/real_005962.jpg,RRDataset,medium,0,0.071692556142807
0587fcafd0685e006818ffaa7b52f096fbd667906b462fdd290af096ec1becc6,data/datasets/RRDataset/selection_1500/giovanni/ai/normal_008801.png,RRDataset,low,1,0.9874855875968933
05cf1baa0f57118dc42efc4670dd70afc952ec4d75c977214fb93a369d4056d8,data/datasets/RRDataset/selection_1500/giovanni/ai/Natural_Disasters_&_Accidents_000496.png,RRDataset,medium,1,0.9649109840393066
061cfae20dd48e05b75e569295942b30572ab19ae9a170d79851d92368926b30,data/datasets/RRDataset/selection_1500/lorenzo/ai/normal_008286.png,RRDataset,low,1,0.9929853081703186
063ca4ef077d8f4a537cf22d74429c0b343c9fb87ac87dd315ea6cdfc07c5a39,data/datasets/RRDataset/selection_1500/giovanni/real/real_001234.jpg,RRDataset,medium,0,0.9602094888687134
06893fad7e7c21359cecc402386bb8c8dac0123c23467a7e1daacbf0b61f07e7,data/datasets/RRDataset/selection_1500/sara/real/real_003519.jpg,RRDataset,low,0,0.9914897680282593
068db8c05195270f3286986a368a5bef069e41717bf99415e460f5ed6e3ca84b,data/datasets/RRDataset/selection_1500/sara/ai/War_&_Conflict_Scenes_000867.png,RRDataset,high,1,0.9840500950813293
076b6e1b9585511997caab0ab3481b2b06b8bd2aeebbb3112707760bf4c159e1,data/datasets/RRDataset/selection_1500/lorenzo/ai/Medical_&_Public_Health_000738.png,RRDataset,medium,1,0.9189029335975647
07ac9cad597a17c8a8a0a0f986888e3b53fd692703562e85c276c69bafb6056c,data/datasets/RRDataset/selection_1500/giovanni/real/real_005682.jpg,RRDataset,medium,0,0.4811653792858124
07e12ede05a01457fec05feecbad284bc870747af5501a9a998c13e138ea498a,data/datasets/RRDataset/selection_1500/lorenzo/ai/production_000147.png,RRDataset,medium,1,0.9878040552139282
07eeb2f407ebff2653f8e581286a656ede979cf97b8a0c4f1be689bc88e4756c,data/datasets/RRDataset/selection_1500/lorenzo/ai/Political_&_Social_Events_000432.png,RRDataset,high,1,0.9654862284660339
082c9244b2f98754068d696ae42cc29ba67c4d481b6a905cce21db15359e724e,data/datasets/RRDataset/selection_1500/lorenzo/real/real_000369.jpg,RRDataset,medium,0,0.3248603641986847
0846ac50b39b5be3285e616c7c70e81ce2d5941b9821ed5816ee8200fe8548e0,data/datasets/RRDataset/selection_1500/lorenzo/real/real_000562.jpg,RRDataset,medium,0,0.9785178899765015
08470e962f4fdb243582952b2b8cedded288f8e02ba227c941ed0035c5af078d,data/datasets/RRDataset/selection_1500/giovanni/real/real_006091.jpg,RRDataset,low,0,0.8091326355934143
084dde582b54191f43f2fba0adbf0b3558de98b2333707ebc663c0054ceb3601,data/datasets/RRDataset/selection_1500/lorenzo/ai/Natural_Disasters_&_Accidents_000705.png,RRDataset,low,1,0.9974270462989807
091fad4af1b62a2001892ab1b2c045364c580616c8202cd9416b649a74aec05b,data/datasets/RRDataset/selection_1500/sara/ai/War_&_Conflict_Scenes_000090.png,RRDataset,medium,1,0.9200228452682495
092887997d51f7815df6460cea8ab51c106aecb080de7aeaf8fe9ae3febb233a,data/datasets/RRDataset/selection_1500/giovanni/real/real_007124.jpg,RRDataset,medium,0,0.9241631627082825
0952277d830d647fb5c53ab7161e0231d697e8640397095488bba286cd0b194d,data/datasets/RRDataset/selection_1500/lorenzo/ai/Natural_Disasters_&_Accidents_000906.png,RRDataset,medium,1,0.9832040071487427
09a2ec7304869e844a671161cf44a987c6a33f91b4e2cd92a9eebb982326cd0f,data/datasets/RRDataset/selection_1500/lorenzo/ai/War_&_Conflict_Scenes_000337.png,RRDataset,high,1,0.8656410574913025
09dbde884ac39b4c0c0f2bde9116035f313f55f7acfd8cf159272efdcd846e99,data/datasets/RRDataset/selection_1500/sara/real/real_004282.jpg,RRDataset,low,0,0.9970318078994751
0a1f85e3743cacc16ca52b322c5ee9897bc7fd37af17d639f70f4091da816039,data/datasets/RRDataset/selection_1500/sara/real/real_009930.jpg,RRDataset,low,0,0.9696704149246216
0a7467011599631aeae28960a22663b95716ef3415ad8132eb11c8c91f02be6a,data/datasets/RRDataset/selection_1500/lorenzo/real/real_005219.jpg,RRDataset,medium,0,0.2661799192428589
0ab44341e182a1e9de811e24e39b9a6c8d22362b88cbc517c4b9969a30cbb44c,data/datasets/RRDataset/selection_1500/sara/real/real_002874.jpg,RRDataset,medium,0,0.9388875365257263
0adeda896144232fcedede0b977e248f1cbbca50c2d3afeec7110c9e972cb84d,data/datasets/RRDataset/selection_1500/sara/ai/War_&_Conflict_Scenes_000718.png,RRDataset,high,1,0.9903379678726196
0af482d1882ef23560905432e0601bf39ac2d3a7fbaaf341c899444a703b9ede,data/datasets/RRDataset/selection_1500/lorenzo/real/real_000336.jpg,RRDataset,medium,0,0.6729695200920105
0b17025705bf49b28ccffcd659a7931c6ba53c02d1151a848de0ef72ebbf2d97,data/datasets/RRDataset/selection_1500/lorenzo/real/real_002082.jpg,RRDataset,medium,0,0.08525380492210388
0b56a0ed2cec66509db65427be8462292864b58647c34b02abb551cffed2c642,data/datasets/RRDataset/selection_1500/giovanni/real/real_006883.jpg,RRDataset,medium,0,0.9889718890190125
0b5f344910e00d8df72cd42b16c1d3dc1260245903e227cdb56809fe73884cbf,data/datasets/RRDataset/selection_1500/lorenzo/real/real_006599.jpg,RRDataset,medium,0,0.9900116324424744
0b98c8696a045fdbd7d86234717cd7bf5c3f823e2556d6fd1f486819fcf311e2,data/datasets/RRDataset/selection_1500/lorenzo/ai/Culture_&_Religion_000895.png,RRDataset,medium,1,0.9923862218856812
0c4e7d25a02e169dc3433a340c940e5cd5b673da8c27299ee32a5e7b52875a6c,data/datasets/RRDataset/selection_1500/lorenzo/ai/Political_&_Social_Events_000356.png,RRDataset,medium,1,0.8511140942573547
0c6144c8afc39dd5cabf7eb8571b35bf3c2796aa279dd33cc760dcba73581637,data/datasets/RRDataset/selection_1500/sara/ai/Culture_&_Religion_000128.png,RRDataset,medium,1,0.8895542621612549
0c74f2927e3a9e1481c576943b89a2214b892d03077ce13891fb0974c7a2c970,data/datasets/RRDataset/selection_1500/giovanni/ai/Medical_&_Public_Health_000128.png,RRDataset,medium,1,0.7644646167755127
0ca6f1f357555a0fac588b0c7dffee165e42298d168a9d10eef0dc4a5ec896f0,data/datasets/RRDataset/selection_1500/lorenzo/real/real_006098.jpg,RRDataset,medium,0,0.977853000164032
0d07d71e4534f5a7004a7f6542a282e0587dc895be3018de552d99dc24f1f59b,data/datasets/RRDataset/selection_1500/sara/real/real_002954.jpg,RRDataset,medium,0,0.8676875233650208
0d1ad29bda23bfda16ca625c43a0ec0a23de6d9b43204312bfd98858ecb75517,data/datasets/RRDataset/selection_1500/lorenzo/ai/production_000196.png,RRDataset,medium,1,0.9845125675201416
0d286c848d9db9e3b209ba021d812fda170caa2ac02f197d59fceff43fb6b6a3,data/datasets/RRDataset/selection_1500/lorenzo/ai/normal_007382.png,RRDataset,medium,1,0.9981746673583984
0d4956b5612ce285a17026fb39073fd280e3d4289a023e904e1a0626654d9e6e,data/datasets/RRDataset/selection_1500/lorenzo/ai/Natural_Disasters_&_Accidents_000598.png,RRDataset,low,1,0.99604332447052
0d6c0787cf440536f527fa38314b3b464ae138c8240334baae79d3f4252f6c2d,data/datasets/RRDataset/selection_1500/lorenzo/ai/Culture_&_Religion_000266.png,RRDataset,medium,1,0.9350146055221558
0da1632426e629999225ddb1b9c964792096c14270e527a5c4e9c14d0b42625d,data/datasets/RRDataset/selection_1500/lorenzo/real/real_003280.jpg,RRDataset,medium,0,0.3067893087863922
0dc31d5f410094d6dce37ba0701877ed06ab08773de69de6cf813f43f3435abe,data/datasets/RRDataset/selection_1500/giovanni/ai/War_&_Conflict_Scenes_000913.png,RRDataset,medium,1,0.998347282409668
0dd146b4c2f5d574188e65a716e7e94d03f020ca47f2ed99a192d95b895e5f6a,data/datasets/RRDataset/selection_1500/giovanni/ai/normal_007300.png,RRDataset,low,1,0.924711287021637
0deb3d98375d72fa1814f65f1ae36155eec327fd19bbcf534da775efb12c84e2,data/datasets/RRDataset/selection_1500/giovanni/real/real_008307.jpg,RRDataset,medium,0,0.971404492855072
0e1adcf1938bffe75354b08d731f1bfe20fdd5794f92bd85edff315ea0949525,data/datasets/RRDataset/selection_1500/lorenzo/real/real_003381.jpg,RRDataset,medium,0,0.17080557346343994
0e203ae2a1de6ea5cc20dda84ae8a8ea983dd79a0d32fb80bd385597f37a84a9,data/datasets/RRDataset/selection_1500/giovanni/real/real_000931.jpg,RRDataset,medium,0,0.8186236023902893
0e2dd64a1864740a4521b8f9c0abe12c108dada250062e8fb923de45cee03e75,data/datasets/RRDataset/selection_1500/sara/real/real_000924.jpg,RRDataset,medium,0,0.002034845994785428
0e34ed22d367a36fe41a4ffb4fcfa163372bd140c55f7688af17e1b9e84ededd,data/datasets/RRDataset/selection_1500/giovanni/real/real_005065.jpg,RRDataset,medium,0,0.7937597632408142
0e3939d15aa671baf3379244de712eaece3c97429496d4008a06af8703a90a05,data/datasets/RRDataset/selection_1500/giovanni/real/real_006449.jpg,RRDataset,medium,0,0.8690475225448608
0e9d4e2ea6ee279becbc88801d0a2c08c10f5f76042dffa611974c548c7d12aa,data/datasets/RRDataset/selection_1500/lorenzo/ai/Culture_&_Religion_000351.png,RRDataset,medium,1,0.9980746507644653
0f1556f57e68c39ad76d806b905a5174d6edbc727b85fcc10d1a71d5226e776a,data/datasets/RRDataset/selection_1500/giovanni/real/real_001403.jpg,RRDataset,medium,0,0.7880587577819824
0f6b25013150853b93bb8890f4b4c9c5fb29b8c8f5e9d6f6e2e0b97d25406a30,data/datasets/RRDataset/selection_1500/giovanni/ai/production_000096.png,RRDataset,medium,1,0.9863016605377197
0fac9657a5cf8e240e93292f6fe6284bb0dffb565bf58df50d9269a32da6673f,data/datasets/RRDataset/selection_1500/sara/real/real_001876.jpg,RRDataset,medium,0,0.431949645280838
0facca7b2063f90684caad74284ceedabd39d94e8f0b80fe7a0f661cc5b6e223,data/datasets/RRDataset/selection_1500/lorenzo/ai/Natural_Disasters_&_Accidents_000716.png,RRDataset,low,1,0.9947831034660339
0fe8a3aca679b2c8034507382c588c747656d4bde9b3a23f48f38d5150333cb9,data/datasets/RRDataset/selection_1500/sara/real/real_001814.jpg,RRDataset,medium,0,0.909349262714386
0ffe738612c5825e47c7c70df0902ce4577a92ef8ede19ec10e40d1b8cbff650,data/datasets/RRDataset/selection_1500/lorenzo/real/real_006987.jpg,RRDataset,medium,0,0.9893669486045837
101efb0250eb3b4c830b89c117ceb7de5894862f69c281c8daf3160e1073fda7,data/datasets/RRDataset/selection_1500/lorenzo/real/real_000744.jpg,RRDataset,medium,0,0.9240102767944336
103733339b37e2f8da3121679eb1fc941ca1f5bf1878995d326487b7202d7225,data/datasets/RRDataset/selection_1500/giovanni/ai/Culture_&_Religion_000782.png,RRDataset,medium,1,0.9702474474906921
104cefa638a2fdb4f0a9cdeb0a427efbe2f96b6dd0d52e2fd68694b48d82b610,data/datasets/RRDataset/selection_1500/giovanni/real/real_005760.jpg,RRDataset,medium,0,0.9479846358299255
1054bffb343917580d4e1fb4a57f0859c5db1630ba41f01ba3cd8a063b3465a3,data/datasets/RRDataset/selection_1500/lorenzo/real/real_009259.jpg,RRDataset,low,0,0.7122509479522705
10ade2ca695b42527103f8f79815bb3b9de805bb2451d76d039f30c5d7593424,data/datasets/RRDataset/selection_1500/lorenzo/ai/War_&_Conflict_Scenes_000855.png,RRDataset,high,1,0.9824445843696594
10b319992dbedceea21924e8b375699cf217da96c1ad11c85d5031dcd363ef4c,data/datasets/RRDataset/selection_1500/giovanni/ai/normal_007695.png,RRDataset,low,1,0.9971542358398438
113f795aaf262c182e4e780bfdc398fbd85ad9168e26a9f35f7de67f4760b887,data/datasets/RRDataset/selection_1500/giovanni/ai/Culture_&_Religion_000937.png,RRDataset,high,1,0.9983450174331665
115f9bbab3fa8043909de18ad980e8792323e3186fe559b7debc18b511b06f22,data/datasets/RRDataset/selection_1500/giovanni/ai/Natural_Disasters_&_Accidents_000816.png,RRDataset,medium,1,0.6153935790061951
116648816a9d870730937c1d01038b1c986e0b088fb38a12ecff5cdf35e4fb5f,data/datasets/RRDataset/selection_1500/sara/real/real_005225.jpg,RRDataset,medium,0,0.766120970249176
117b6c517f2c532877290daf8e9807e21abf9e850e29ec1a73fc2cebdae74a49,data/datasets/RRDataset/selection_1500/sara/ai/normal_007137.png,RRDataset,low,1,0.9782061576843262
1202c6ac23afd4e543149bbaa8624af3799aac9875b725b2323a2ef4c224a332,data/datasets/RRDataset/selection_1500/lorenzo/ai/Natural_Disasters_&_Accidents_000029.png,RRDataset,high,1,0.9934307932853699
1256cabdff0d36d908ba739bd1feda661708e9a39160282d57c7300ad0e2eb6e,data/datasets/RRDataset/selection_1500/giovanni/ai/production_000038.png,RRDataset,medium,1,0.9888415932655334
125bcd2065702fc5f67aec337894776d51083a2ccceddc7197c9234b3d49e108,data/datasets/RRDataset/selection_1500/sara/ai/War_&_Conflict_Scenes_000212.png,RRDataset,high,1,0.9636842012405396
1290f01483406bc80be692f0fa10aeb1989c29e063c234f29095f39e208b7ca1,data/datasets/RRDataset/selection_1500/giovanni/ai/War_&_Conflict_Scenes_000939.png,RRDataset,high,1,0.8677912354469299
130d7cea6e90db4c96403a4047a616b2a9e9825260c79cbc568f33e95c8f6007,data/datasets/RRDataset/selection_1500/giovanni/ai/normal_006967.jpg,RRDataset,low,1,0.9602436423301697
13667e7b59f8d594b3c71a2dc1f75b52cf896a28c5a1a7e1c3acdc97f0b4fc05,data/datasets/RRDataset/selection_1500/sara/real/real_008673.jpg,RRDataset,medium,0,0.22756564617156982
13819db5f47508eeddad4594bd6da492486e99265a77decb3f9101d9fe1f399b,data/datasets/RRDataset/selection_1500/lorenzo/real/real_005387.jpg,RRDataset,medium,0,0.08716122806072235
13f57c8262f0aa97180bac351e36a3159eade642b20faec3cbddf328e343bfe2,data/datasets/RRDataset/selection_1500/giovanni/real/real_008806.jpg,RRDataset,low,0,0.9824503660202026
1434df2cec3248215c2ce1de789b53deeb7607de561b5f2ef8893702c0e5982d,data/datasets/RRDataset/selection_1500/lorenzo/real/real_001967.jpg,RRDataset,medium,0,0.7652220726013184
1476ccacb2ca15cba18839c8b9e6262d91a7f366c4342717d45f05abc0aec035,data/datasets/RRDataset/selection_1500/sara/ai/normal_009411.png,RRDataset,medium,1,0.9993532299995422
149931cebcd8c382e290da8378a1e6fe3647dc8d503e02722306b30149cdef49,data/datasets/RRDataset/selection_1500/sara/real/real_009860.jpg,RRDataset,low,0,0.0014664138434454799
14c3155a8eb37b344c101c2fb306ef4054ac1266510b7391b18f4483f8bae30b,data/datasets/RRDataset/selection_1500/lorenzo/ai/Political_&_Social_Events_000791.png,RRDataset,medium,1,0.9943068623542786
14cb61472007671f150ef1f7d9d1b5449344eed3f11cbe23eb0fb4b905fc103e,data/datasets/RRDataset/selection_1500/giovanni/ai/War_&_Conflict_Scenes_000382.png,RRDataset,high,1,0.9456176161766052
14df3a280afb698df7227ced3333c17a812c53cb601255b12fbe2a61ff021a75,data/datasets/RRDataset/selection_1500/giovanni/real/real_001904.jpg,RRDataset,medium,0,0.8776184320449829
14f133ac02937287717ddfe843ee9eb62294c215bed590366cf9193ecb9f66f0,data/datasets/RRDataset/selection_1500/lorenzo/real/real_009541.jpg,RRDataset,low,0,0.026069827377796173
15018cefbb446f63493e6520460bc42bc1e23085b805fff7199a262ea706b90d,data/datasets/RRDataset/selection_1500/sara/ai/War_&_Conflict_Scenes_000392.png,RRDataset,high,1,0.9832711815834045
150e252b157d1adc11b58a1487676d599e40aeb02a1f82cc61870eba77502bf3,data/datasets/RRDataset/selection_1500/sara/ai/Culture_&_Religion_000292.png,RRDataset,medium,1,0.978286623954773
1589d1fd225b765173ac4cb7b458f48991a239f5085f9eaf8a1c1a2468ccb28c,data/datasets/RRDataset/selection_1500/giovanni/real/real_006130.jpg,RRDataset,medium,0,0.9445534944534302
15d3a422fe6d65815ca6cd46b2d8c98621c5be9f2c7a261f446052b2bd374959,data/datasets/RRDataset/selection_1500/sara/real/real_007717.jpg,RRDataset,medium,0,0.5620002746582031
1603b655f1a252ef2fd038bf46a74f1921d61f971cd593b8a569103d06d5aaa4,data/datasets/RRDataset/selection_1500/sara/real/real_004165.jpg,RRDataset,low,0,0.7401870489120483
161336700b74174362a3674dc9e35be86390fd3f8368538a33c8ca5d127c8c24,data/datasets/RRDataset/selection_1500/sara/real/real_008890.jpg,RRDataset,low,0,0.0038372159469872713
161a24d079a4cbaca93de55ee2af8a40aa1b60871e63a61e03dcef0f6d964310,data/datasets/RRDataset/selection_1500/giovanni/real/real_005826.jpg,RRDataset,medium,0,0.98759925365448
161f202bb986abd629905ea2fefd16a7679a0e38574e9efe1af8692090b7cad2,data/datasets/RRDataset/selection_1500/sara/ai/War_&_Conflict_Scenes_000764.png,RRDataset,medium,1,0.9059655070304871
16203f9e3abbe615f54b91ff6a4d2adc7396e7f2d6456b8e72796337a2977498,data/datasets/RRDataset/selection_1500/sara/real/real_009101.jpg,RRDataset,medium,0,0.036913152784109116
163a24d309dd6100490490a3b7ea2a8723a1cb39ce9cdce52201e20042326903,data/datasets/RRDataset/selection_1500/giovanni/real/real_005955.jpg,RRDataset,low,0,0.8647375702857971
1656a6983fa457bd6216fe8a2dadb2c7b472b0eccdef41349853ff6ebebde2a5,data/datasets/RRDataset/selection_1500/giovanni/ai/normal_008449.png,RRDataset,low,1,0.9932418465614319
1791df1df480fc3a6f30681c165bad3597ba27ec7aaac2356f2bc409e9ad472c,data/datasets/RRDataset/selection_1500/lorenzo/real/real_000448.jpg,RRDataset,high,0,0.44385725259780884
17f202a8e24bf91d33f3890c01e3ccfa472e185ca8f6025866befaafe48397a2,data/datasets/RRDataset/selection_1500/lorenzo/real/real_001614.jpg,RRDataset,low,0,0.9712140560150146
185cfdabf02f426c7dba49ed11c5f5dc8d39e7653336223f05418a0c7826589e,data/datasets/RRDataset/selection_1500/lorenzo/ai/Medical_&_Public_Health_000462.png,RRDataset,high,1,0.9465010762214661
1863f9968a510cd7ccce2a9ea0bf7689417bb78e044045decfccd6886d60b8f5,data/datasets/RRDataset/selection_1500/giovanni/real/real_000154.jpg,RRDataset,medium,0,0.22232717275619507
18677039b1d14ceed604c80d4207873d1f48bd6b1510ceb1a6ff3836b1c67a22,data/datasets/RRDataset/selection_1500/sara/real/real_004336.jpg,RRDataset,medium,0,0.14678886532783508
186a7c729029dec4ee8964638fd861cd7152a392320d4928fd8ce5f21bcb317f,data/datasets/RRDataset/selection_1500/lorenzo/ai/Culture_&_Religion_000806.png,RRDataset,medium,1,0.9434368014335632
187a6890f0e1601169e483821043f73f14473a907d7612c8d56c3d579a1e43a2,data/datasets/RRDataset/selection_1500/lorenzo/ai/normal_007808.png,RRDataset,medium,1,0.9880039691925049
18944f1fd5863581fe8a8fc3c3e8f5a65986a6258a5fc9d1498175c0fe8bb74b,data/datasets/RRDataset/selection_1500/giovanni/real/real_007929.jpg,RRDataset,low,0,0.9855349063873291
18b5a703fb533639ae5b1edecc8d97ec8a5e240275173b1f39f0aad59f6314c4,data/datasets/RRDataset/selection_1500/giovanni/ai/production_000515.png,RRDataset,medium,1,0.9982709884643555
190320a4e59fa09919d18f69d30a62701793a665c9c518b6159c8aacef055741,data/datasets/RRDataset/selection_1500/sara/real/real_006655.jpg,RRDataset,low,0,0.8187397718429565
196c80108d6be6d6f4133298647e279118b7df27ce9cf55312b48774d9b07c0d,data/datasets/RRDataset/selection_1500/giovanni/ai/Culture_&_Religion_000182.png,RRDataset,medium,1,0.8606728911399841
1982c891e00bd396f991e132074adcc3a15e939be57371ecc1b833522e1f72eb,data/datasets/RRDataset/selection_1500/lorenzo/real/real_008250.jpg,RRDataset,medium,0,0.873511791229248
198b4ee4455104444b096016a7f3071069f75c4fbfd3755f8d4ad8842bdde63e,data/datasets/RRDataset/selection_1500/sara/real/real_004694.jpg,RRDataset,medium,0,0.9259418249130249
1991834aa6ef561567cf37ce3ce5aadc0eecbaf46b75c6daf4b3261a07a3a0bc,data/datasets/RRDataset/selection_1500/sara/real/real_003258.jpg,RRDataset,medium,0,0.8406676650047302
19a5a634bd497453962877b07938da263d71755c511d16ba99aa4c759d92af09,data/datasets/RRDataset/selection_1500/giovanni/real/real_005660.jpg,RRDataset,medium,0,0.3452509641647339
19bf0fa724fffaf5ce31b3e1db8269548ab488537a8bdd608df390715fdedfb4,data/datasets/RRDataset/selection_1500/lorenzo/real/real_006848.jpg,RRDataset,medium,0,0.9096657037734985
1a0e11c91101eec96a63246f145b4f7f379c3378b0241e97c77bc421b36e5ead,data/datasets/RRDataset/selection_1500/giovanni/real/real_008162.jpg,RRDataset,low,0,0.9989224672317505
1aa8dacde65b3ad32eb51e296ff5d0d674f24a2b16a3439012f6d95f6e504c3b,data/datasets/RRDataset/selection_1500/sara/ai/normal_006582.jpg,RRDataset,low,1,0.8414322137832642
1ab16642b8f631407df60b9e51c0ef35140598ebe3c0cf17a3f03c42d8053484,data/datasets/RRDataset/selection_1500/lorenzo/real/real_003983.jpg,RRDataset,medium,0,0.6124315857887268
1ae640c6e6fa423867b305b25e8b382a5f065061f8ce101e6394b62717254a7a,data/datasets/RRDataset/selection_1500/giovanni/real/real_000014.png,RRDataset,medium,0,0.9145846366882324
1b04a6b945ce39449a7cc7fbd80beafb7a3e5f441b16887746291fcfe5d5c461,data/datasets/RRDataset/selection_1500/lorenzo/ai/Medical_&_Public_Health_000578.png,RRDataset,medium,1,0.9828240871429443
1b459410cf618d8a1732e8efc08b2f975b711d1d4318658deb056baede230d49,data/datasets/RRDataset/selection_1500/sara/ai/normal_007738.png,RRDataset,low,1,0.9968758821487427
1b9e7c61734bbe03aee1ceabd294cabae982d0cb4cdd27604820a6eda101f702,data/datasets/RRDataset/selection_1500/giovanni/ai/Culture_&_Religion_000797.png,RRDataset,medium,1,0.9897449612617493
1bc86717d2c636c94375ac7004f5d4f6e54bf18c27138c7dc48d8b06f69d0c2a,data/datasets/RRDataset/selection_1500/sara/ai/Medical_&_Public_Health_000627.png,RRDataset,medium,1,0.9838776588439941
1ce02e67b5980d1a7a57a0f7673fa6b291b17545e72829a02ce7f203cd6dee8d,data/datasets/RRDataset/selection_1500/sara/ai/Political_&_Social_Events_000181.png,RRDataset,medium,1,0.8673150539398193
1ce5f20d7c4c95c0a6eeb3d912e2f63c98a1103d2636f9ad3b5d4999eea63d58,data/datasets/RRDataset/selection_1500/sara/real/real_002632.jpg,RRDataset,medium,0,0.9567857980728149
1d1261608065a9ea83831a17f7caf671b1f5f8dd6681d440b2026ee28598bb8e,data/datasets/RRDataset/selection_1500/giovanni/ai/production_000340.png,RRDataset,medium,1,0.9873806238174438
1d2b01a82b5deb013e265141ffa79161b90ec884a25e3a740acf34fc758f29f7,data/datasets/RRDataset/selection_1500/sara/real/real_006708.jpg,RRDataset,medium,0,0.9088109731674194
1d38a1a5e788bbe0b72ab69b1f96a917dbb6d14a0dbee3a4ef4f1b868c3c42f6,data/datasets/RRDataset/selection_1500/giovanni/ai/Natural_Disasters_&_Accidents_000546.png,RRDataset,medium,1,0.9961329698562622
1d3af13ed305243ce8483c2a4e4f1c46d630e5a20932d2cd4e9427e3c979ec76,data/datasets/RRDataset/selection_1500/lorenzo/real/real_000828.jpg,RRDataset,low,0,0.24930578470230103
1d416e0072a0de791cd53abd061c7dabbb4a98e6d390e7133f32597995e37c74,data/datasets/RRDataset/selection_1500/giovanni/real/real_002175.jpg,RRDataset,medium,0,0.9219331741333008
1d4c9715c5236643c209c5b671dfba7f397ba025ed77f00d832897728017c69c,data/datasets/RRDataset/selection_1500/lorenzo/ai/Natural_Disasters_&_Accidents_000525.png,RRDataset,medium,1,0.9966772794723511
1db2cd6eb74b1ab30074042ca1d6628da91c25b99918d5e8fb0991c4732fe07e,data/datasets/RRDataset/selection_1500/lorenzo/ai/Culture_&_Religion_000512.png,RRDataset,medium,1,0.9919008612632751
1dbb0d6bf2cf47801bd23a8cb7495d2afb549a14c27a36c0dc6552c50c273dcf,data/datasets/RRDataset/selection_1500/giovanni/ai/Medical_&_Public_Health_000524.png,RRDataset,medium,1,0.9587291479110718
1dd1c8e1a84098bd8b5eb3808d106b3e7484b646a8ecc4c138174addddec9a9d,data/datasets/RRDataset/selection_1500/giovanni/real/real_005078.jpg,RRDataset,low,0,0.362379252910614
1dd3fc6d04b62244e91fc03733f773190a43094dd7a27448003dcb1e02715592,data/datasets/RRDataset/selection_1500/giovanni/ai/Political_&_Social_Events_000261.png,RRDataset,high,1,0.9828821420669556
1dd46c338f93c65f3bde4ff043098b7d27617b7c7ff5b74ed1df45fcdb820cd5,data/datasets/RRDataset/selection_1500/giovanni/real/real_006182.jpg,RRDataset,low,0,0.9670748114585876
1dd99550cb2a67daeeae33105925c19dd780d12f0b99713d2d73771b372d747c,data/datasets/RRDataset/selection_1500/lorenzo/real/real_000919.jpg,RRDataset,low,0,0.13980649411678314
1de8ff484628a27bb205d608025a78770d840783b71745eeb0625b98d4640521,data/datasets/RRDataset/selection_1500/lorenzo/ai/War_&_Conflict_Scenes_000833.png,RRDataset,high,1,0.6455519199371338
1e372c98cdb127e8d772bc13a52419c858bc3651ee512dfa36215b15ec4c3132,data/datasets/RRDataset/selection_1500/sara/ai/Culture_&_Religion_000736.png,RRDataset,medium,1,0.9551034569740295
1e3be06384c93825b2826c82758a2e22895f1e8d13827e7c7b98ab44892b04a5,data/datasets/RRDataset/selection_1500/sara/ai/Culture_&_Religion_000870.png,RRDataset,medium,1,0.9886854887008667
1e61be02e41e4e225d4ab7dac7c375150b1bf86a5f45a90c4616762e89849298,data/datasets/RRDataset/selection_1500/sara/real/real_000995.jpg,RRDataset,medium,0,0.8515183925628662
1e62c12b75e125c85c52008a78b113a5be0af9c0fd6cc455a708ee34e2847dd4,data/datasets/RRDataset/selection_1500/giovanni/real/real_009203.jpg,RRDataset,low,0,0.06095203384757042
1e9abc5be8602f3c103acf6047dbc17528e682fd001edcf6da09613d1c6e4bc4,data/datasets/RRDataset/selection_1500/giovanni/real/real_000337.jpg,RRDataset,high,0,0.6704844832420349
1ebd600fca149613da67c19fe286b7caa221c0afa35cc1be3d78efa8178ae71b,data/datasets/RRDataset/selection_1500/sara/ai/production_000325.png,RRDataset,medium,1,0.9933890104293823
1f1bfa461cd5d8581fccf011d4d94281f2e8d169b4f00e4fecb8f61a352ba812,data/datasets/RRDataset/selection_1500/sara/ai/normal_008768.png,RRDataset,low,1,0.9465526342391968
1f579705ff91e78cd07f4c5a37c21d74ca7ad1f7a931eb36f5c0dbea365617ec,data/datasets/RRDataset/selection_1500/sara/real/real_006573.jpg,RRDataset,medium,0,0.5632189512252808
1f69e0ebfad23ce45ca1b6ec6f59195f7ffe6d774cb8c360bce54ee3341ca7e0,data/datasets/RRDataset/selection_1500/giovanni/ai/Political_&_Social_Events_000135.png,RRDataset,medium,1,0.912589430809021
1fb12562bf72750061ae14c46388f494c7458e400fa33d3b4df37a4cef7d1c59,data/datasets/RRDataset/selection_1500/sara/real/real_003631.jpg,RRDataset,medium,0,0.027592573314905167
201921e4a39180fb5e0f990275bd17e4c783a4adaa8365a2581fa879d1849062,data/datasets/RRDataset/selection_1500/sara/ai/Culture_&_Religion_000763.png,RRDataset,medium,1,0.9994906187057495
201d225455d69cde9bf12c03a28460c3c671815efb3697117a6d28feab863bde,data/datasets/RRDataset/selection_1500/lorenzo/real/real_006816.jpg,RRDataset,low,0,0.9957761168479919
2095bd17fb54e13f0ba9966df4b8ef27a7ebc3e4117608a64ffaf6edc3c3e6f3,data/datasets/RRDataset/selection_1500/lorenzo/real/real_009156.jpg,RRDataset,medium,0,0.0016316560795530677
20bc833ac6a1884f8fca53f03d3e419bb4866fcb0287769333f9555c9051afef,data/datasets/RRDataset/selection_1500/lorenzo/ai/Natural_Disasters_&_Accidents_000529.png,RRDataset,medium,1,0.9985162615776062
20fd7dcb90c630ad7009a7ea6faa3d1b829d026c8c01618b1b981bd093d88e76,data/datasets/RRDataset/selection_1500/giovanni/ai/Culture_&_Religion_000511.png,RRDataset,medium,1,0.9943511486053467
2108c6cb939d1d8d6da6d656fb51268d443a28fbc212c81c1b370495becd3761,data/datasets/RRDataset/selection_1500/sara/real/real_000485.jpg,RRDataset,medium,0,0.4851292669773102
2120ab66203a98af3c9d88410ef4716e29ab37487b6e4823a7ced411aad21e88,data/datasets/RRDataset/selection_1500/giovanni/real/real_006913.jpg,RRDataset,medium,0,0.3011198937892914
21907924817d76b700ab9d3f96dd2e91ec6970f18a26307797dfc67b22cb81b2,data/datasets/RRDataset/selection_1500/giovanni/real/real_003265.jpg,RRDataset,low,0,0.9142032265663147
219a080014e0bc6397e72dbb87a5479c0e1c8bd8b0ddcb9ca04f612ca76a6339,data/datasets/RRDataset/selection_1500/giovanni/ai/Natural_Disasters_&_Accidents_000848.png,RRDataset,medium,1,0.9934053421020508
21ab27fd4f26bc06653dda259fb604f1b23b4c95e2cad1f33f02ab3f7325697e,data/datasets/RRDataset/selection_1500/giovanni/real/real_008736.jpg,RRDataset,medium,0,0.01798720471560955
21cd061cb0650a4449a8f73ddf335f17e924e52beab9784846cd124801c9a99b,data/datasets/RRDataset/selection_1500/lorenzo/ai/War_&_Conflict_Scenes_000316.png,RRDataset,high,1,0.7042414546012878
2201cecdd3684bdf909ad8d9c444ac6cfe19aed34b6a0420298866273d70f02d,data/datasets/RRDataset/selection_1500/giovanni/ai/Culture_&_Religion_000139.png,RRDataset,medium,1,0.9599665403366089
220b3bb0c02c94f87ea3ca68c216caf799e0d0561c132bd494678b1f634eb633,data/datasets/RRDataset/selection_1500/lorenzo/ai/Political_&_Social_Events_000072.png,RRDataset,high,1,0.987078070640564
221f4bf5cf93edc6765b243d396293b20441395e48e0b390daa4cf1edcf850a5,data/datasets/RRDataset/selection_1500/sara/real/real_001091.jpg,RRDataset,low,0,0.9138944745063782
22a8bfa9505d2ea49dd3bc6ff9c05616da93ba235473178a667bbebe5a048368,data/datasets/RRDataset/selection_1500/lorenzo/real/real_009738.jpg,RRDataset,low,0,0.9435715675354004
22baa876d6617bc1d3e776486fe0d9c5c3a7d7c86c97bd7ded970b807e070bc5,data/datasets/RRDataset/selection_1500/giovanni/ai/Political_&_Social_Events_000629.png,RRDataset,medium,1,0.9997438788414001
22dff736e50cc3296bac82444053f2e6357402ec5f47cc55828e2f95734a7709,data/datasets/RRDataset/selection_1500/giovanni/ai/Culture_&_Religion_000237.png,RRDataset,high,1,0.7880609631538391
236b80771a781ba9f0489b5be2993bafd0ac9d785140c14629b48db21fa8dbe9,data/datasets/RRDataset/selection_1500/giovanni/ai/Natural_Disasters_&_Accidents_000575.png,RRDataset,high,1,0.9695813059806824
238f3f97f7aa7d51e8b51f42cf43558963d24bb428107062086cb1b43debe4df,data/datasets/RRDataset/selection_1500/sara/real/real_000223.jpg,RRDataset,medium,0,0.48278552293777466
239befe410762a4de63d6ad9dc9d8f43d3472c1839a9f5a0cf380ae233c8a7a0,data/datasets/RRDataset/selection_1500/sara/ai/production_000933.png,RRDataset,medium,1,0.9903665781021118
23b6fd5b96ea00ed7aa0d460ce7a12649b3020b1fc137200ce78353de630fa6e,data/datasets/RRDataset/selection_1500/sara/ai/War_&_Conflict_Scenes_000736.png,RRDataset,medium,1,0.998167872428894
23ce68dba52b13b525d1eecd7d7dd44bc386626a7e5280702bfc4d78829d02ce,data/datasets/RRDataset/selection_1500/giovanni/ai/Medical_&_Public_Health_000147.png,RRDataset,medium,1,0.959932267665863
23f3b1096d550aee6857c7fe84842c7cab41f5d403b2697a8078ed2debba07fd,data/datasets/RRDataset/selection_1500/lorenzo/real/real_005274.jpg,RRDataset,low,0,0.9441623687744141
23fc2a5e914f881f35d2ee2c6ae8d0e48b147e2645dc8f060bcf28b5cce2c155,data/datasets/RRDataset/selection_1500/lorenzo/ai/production_000015.png,RRDataset,medium,1,0.6706794500350952
240065ce4fb297a8aa6d9ed3b7b017531124c27050465cabdd751b7526f9d600,data/datasets/RRDataset/selection_1500/giovanni/ai/War_&_Conflict_Scenes_000023.png,RRDataset,medium,1,0.8941829800605774
2425df686c4ebb5e3e0b5434242f3bac26b9530f63ac0e3234a9c3d57c338a71,data/datasets/RRDataset/selection_1500/giovanni/ai/Natural_Disasters_&_Accidents_000013.png,RRDataset,medium,1,0.8267548680305481
242e086db920de3955a343d8eb63dad5ac3ba06e4106b2f68863761f4a72f0f3,data/datasets/RRDataset/selection_1500/lorenzo/real/real_005440.jpg,RRDataset,medium,0,0.8556097745895386
2464ffea6ce769bd90e3a9fbbe112c208def23ca724c9cec8d643f646ef02f07,data/datasets/RRDataset/selection_1500/giovanni/real/real_003763.jpg,RRDataset,low,0,0.9557754397392273
249ed2311afff5c2337482ce2f19767ce5ee31877cc83e4b778e2818adb1ace0,data/datasets/RRDataset/selection_1500/lorenzo/ai/War_&_Conflict_Scenes_000747.png,RRDataset,medium,1,0.9951175451278687
24c39ba27133cd8011df2aa1cb4753ad40f7b5d5af6959fac199b824f6fe33e8,data/datasets/RRDataset/selection_1500/lorenzo/real/real_004420.jpg,RRDataset,low,0,0.960342288017273
24fc6ffd7b7d2feaf8e591a3c16222c41590ec0f286a478043c56992f7d52caa,data/datasets/RRDataset/selection_1500/giovanni/real/real_002323.jpg,RRDataset,medium,0,0.9689695835113525
25075697d21dec2a3be2c216625a8dc03306d1be27c3518210be1bcee7964c2b,data/datasets/RRDataset/selection_1500/lorenzo/ai/War_&_Conflict_Scenes_000646.png,RRDataset,medium,1,0.9623459577560425
2537dad7ba2cdf047b3e22060a047e58bbb9d4e9e845b024530a813d49c02efc,data/datasets/RRDataset/selection_1500/lorenzo/real/real_004447.jpg,RRDataset,medium,0,0.9304541349411011
25451d167b7458ffd4c10e668935eba0a56bce9e11301b93e119b07321b358fd,data/datasets/RRDataset/selection_1500/lorenzo/real/real_000614.jpg,RRDataset,medium,0,0.145164355635643
2561b5aef1af714dc2ad6572b1e0aa8307ee3c28307a41d41b707548d7b48049,data/datasets/RRDataset/selection_1500/giovanni/ai/Medical_&_Public_Health_000052.png,RRDataset,medium,1,0.9453722834587097
25d07d57f81624369be866dcd8fecd85ad963fc948fab84d03b28fa6f66f087e,data/datasets/RRDataset/selection_1500/lorenzo/ai/Culture_&_Religion_000033.png,RRDataset,medium,1,0.9776132702827454
25dbc9bb5f629818a89bffefe0d640280652b4cbef2fa34f02dc519dd1812618,data/datasets/RRDataset/selection_1500/giovanni/real/real_007327.jpg,RRDataset,medium,0,0.37698128819465637
25e0c5d9723a6e1bb4eecbfdcc74b7c73fa96b65655e623a63ae531b47b2a935,data/datasets/RRDataset/selection_1500/giovanni/ai/Medical_&_Public_Health_000930.png,RRDataset,medium,1,0.9636893272399902
265c668fca3ce9611be49ba48d4bc207f787ca53c92ad8af7e50fd722275729a,data/datasets/RRDataset/selection_1500/sara/ai/normal_008141.png,RRDataset,low,1,0.8582154512405396
2663d79c294868c77e98dbd8820d8050d2d7dedde2457222aa012471a5a2c8fe,data/datasets/RRDataset/selection_1500/lorenzo/ai/normal_006403.jpg,RRDataset,low,1,0.8829632997512817
26a0736a96d9e3dfa212abb09eb940a3fac70f6d1893d127d6211ca0ff4eed0e,data/datasets/RRDataset/selection_1500/lorenzo/ai/Natural_Disasters_&_Accidents_000672.png,RRDataset,medium,1,0.9982724189758301
270f6736a2490a238b1a6ed9c97d76adc0a80fad88e3f3e47a9053db2fdc56f5,data/datasets/RRDataset/selection_1500/giovanni/ai/Culture_&_Religion_000244.png,RRDataset,medium,1,0.8960787653923035
270fc41ca21933672cbe26c4a416c29ee77960dc6c1a7d517e4e35d0fa913ab4,data/datasets/RRDataset/selection_1500/lorenzo/ai/Political_&_Social_Events_000238.png,RRDataset,medium,1,0.9694530963897705
274bfe7ff8a246a7504670a9e62b7ded3b7c7355206da3bc8ddbd26fd1ec9f00,data/datasets/RRDataset/selection_1500/lorenzo/real/real_002512.jpg,RRDataset,medium,0,0.8715513944625854
27958940f4f32e432400360f307197349233d84f18b01bcf7860c2d0b2db4966,data/datasets/RRDataset/selection_1500/lorenzo/ai/War_&_Conflict_Scenes_000275.png,RRDataset,medium,1,0.9801060557365417
279cc96aa5a815ac379898e3a41e9107cfbb9873b843654265e22cf576ada49f,data/datasets/RRDataset/selection_1500/sara/real/real_008380.jpg,RRDataset,medium,0,0.9896796941757202
27bac3f84c7ce9a35e80c48e466ef30e4a5c0951f021a15f546c8f60d22cf429,data/datasets/RRDataset/selection_1500/giovanni/real/real_002952.jpg,RRDataset,medium,0,0.9487547874450684
27f9fff865bd98c471eee710adf305ce3fec4832653e1580fa45f265c8c3489a,data/datasets/RRDataset/selection_1500/sara/ai/Natural_Disasters_&_Accidents_000406.png,RRDataset,low,1,0.9406031966209412
286d9b91142b63d04c6fc188791f5548471277e634a32fad2c7fe907153b1fe3,data/datasets/RRDataset/selection_1500/lorenzo/ai/Culture_&_Religion_000876.png,RRDataset,medium,1,0.9868865609169006
2885a5072993bac19f66407d19c14f3f48b6bff88b6becaef4e2ddc51adcbc83,data/datasets/RRDataset/selection_1500/lorenzo/real/real_003223.jpg,RRDataset,medium,0,0.19301940500736237
2896e9ee6e0a02103f7c252ab54f66d6e699e4480e860083a15070c6bc5d4e0b,data/datasets/RRDataset/selection_1500/sara/ai/Political_&_Social_Events_000958.png,RRDataset,medium,1,0.9971318244934082
28a9df12939258b439a3fad4aefdc05fd09fb5bf4c9e4903658767cc06259477,data/datasets/RRDataset/selection_1500/giovanni/ai/normal_006866.jpg,RRDataset,medium,1,0.8932428359985352
28aad55f47cc94fac797b797c40ef886632c61d770031b77ef253ee2f8f4cb75,data/datasets/RRDataset/selection_1500/giovanni/ai/Culture_&_Religion_000934.png,RRDataset,medium,1,0.9978525638580322
291ed8d64a11d62e45c507d5c44add44d264f8b69dc07f32fec160aa91d51282,data/datasets/RRDataset/selection_1500/giovanni/ai/Culture_&_Religion_000859.png,RRDataset,medium,1,0.9806113243103027
2927a80afb120ff2261f3b0f169e56e7380a34395003d4c57b113cb7f0bd09a3,data/datasets/RRDataset/selection_1500/lorenzo/real/real_009042.jpg,RRDataset,low,0,0.0199426282197237
2930055d08fb8850cf48359d18c1120bba66466447d88478c734ce2084502544,data/datasets/RRDataset/selection_1500/lorenzo/ai/War_&_Conflict_Scenes_000807.png,RRDataset,high,1,0.708833634853363
2935e4b2a63b9fb1a71feb61b7bced75600389677263b098f383d7e91f166cef,data/datasets/RRDataset/selection_1500/lorenzo/ai/normal_009238.png,RRDataset,low,1,0.7185000777244568
29a3654ae40ffb4317969610caa2668b26bf36abd97199a33d5c3a828a4012ea,data/datasets/RRDataset/selection_1500/sara/real/real_007211.jpg,RRDataset,medium,0,0.866009533405304
2a0f8aa142baf462488190b5901f67be6927bc4a0760ebcea00235ad5385a7b5,data/datasets/RRDataset/selection_1500/sara/real/real_000352.jpg,RRDataset,low,0,0.184153214097023
2a24b12d7abf65766baa4e95ee2713627c16858f406f2590e5ded8f5fbf4e006,data/datasets/RRDataset/selection_1500/sara/real/real_008662.jpg,RRDataset,low,0,0.0014910359168425202
2a2cd840c95a61bfc5f515039591f5f5276464e737a19cf325fa04cf5527ce5f,data/datasets/RRDataset/selection_1500/sara/real/real_006556.jpg,RRDataset,low,0,0.9783810973167419
2a2dae5c8c368a180bd5bb6a244b4ed579432e49aed447816fa23a95422791f0,data/datasets/RRDataset/selection_1500/sara/real/real_002263.jpg,RRDataset,medium,0,0.9025745391845703
2a452213aae98a21e7bf6abce3035c5d3c7c57db33eaeb20614eadc27c7b84b5,data/datasets/RRDataset/selection_1500/giovanni/ai/War_&_Conflict_Scenes_000492.png,RRDataset,high,1,0.9757272005081177
2aaceb0e8e00881cd6c05a1db9ff58605921a24b7e06ccc410645e00a45cf9e3,data/datasets/RRDataset/selection_1500/sara/real/real_006320.jpg,RRDataset,medium,0,0.8960126042366028
2ac9177444263973f36c8a885913841ac881cd7e43fa29fdd7c5fa0d051faf2b,data/datasets/RRDataset/selection_1500/giovanni/ai/Political_&_Social_Events_000096.png,RRDataset,medium,1,0.8940790295600891
2b061dbdb2f7997638b074a6c46c527a6b3ce96d72004edf5abe095c99cb1283,data/datasets/RRDataset/selection_1500/giovanni/ai/normal_009350.png,RRDataset,low,1,0.9982002973556519
2b1492034c8be174af5a505272a20e2507b001473567615d4c0b45d96284bb25,data/datasets/RRDataset/selection_1500/lorenzo/real/real_000362.jpg,RRDataset,medium,0,0.6944267153739929
2b2ac564e369183734573985705ff4560a97d7a45122d11d0782eb887169cb55,data/datasets/RRDataset/selection_1500/lorenzo/ai/Political_&_Social_Events_000295.png,RRDataset,medium,1,0.9828284382820129
2b2c58d58c1dea1f4517af7c9ba93c1762c35420f903eea52fd9038873c847dc,data/datasets/RRDataset/selection_1500/lorenzo/real/real_007440.jpg,RRDataset,medium,0,0.13367187976837158
2bad6545769eb0eda280565963ae92cd261388a316f91ddbbb208cf68a82d598,data/datasets/RRDataset/selection_1500/giovanni/real/real_002417.jpg,RRDataset,high,0,0.8981052041053772
2bc07619cfd384449fdf0cd3a2a5a3d7eb0a4dc8822389060670d1670685987b,data/datasets/RRDataset/selection_1500/sara/real/real_008055.jpg,RRDataset,low,0,0.9194256663322449
2bcdbdde3859de338d907b58581b0e9442863796e871e38263a651d9e7eb96a7,data/datasets/RRDataset/selection_1500/giovanni/ai/normal_008613.png,RRDataset,low,1,0.9833035469055176
2bec92a2edfe95c1ad52b61f043b094a0865aeb26cf4c6df677155d2a7193591,data/datasets/RRDataset/selection_1500/giovanni/real/real_000776.jpg,RRDataset,medium,0,0.08336260169744492
2c16f8e7e37401d5e6b43dc529c8358f1178a46082940c92713cd07a1a8b4b33,data/datasets/RRDataset/selection_1500/sara/real/real_002342.jpg,RRDataset,medium,0,0.6195088624954224
2c1e2af504ffce84a1527da7070ca92b08b16444a1bbbcbe6fbc874dc143e7ea,data/datasets/RRDataset/selection_1500/lorenzo/ai/normal_006061.jpg,RRDataset,medium,1,0.2375655323266983
2c306e2e32a6ccc63a489ed617ab92e895616c29a6194e296d763780c7abbd88,data/datasets/RRDataset/selection_1500/lorenzo/real/real_005924.jpg,RRDataset,low,0,0.3939357101917267
2c75550c7fa6507e0090ee20fc830929209a972eec8fa22df5e5c13b21d5c513,data/datasets/RRDataset/selection_1500/lorenzo/ai/Natural_Disasters_&_Accidents_000691.png,RRDataset,medium,1,0.9887930750846863
2c78191d83992e731b62b547939e68e30de8c9850fcdf39181aa10039ae73c84,data/datasets/RRDataset/selection_1500/lorenzo/real/real_003881.jpg,RRDataset,medium,0,0.912220299243927
2cbf5bdf85dd014677ee32e5283e408882cb4de3ca90a4ab8788d85b67118528,data/datasets/RRDataset/selection_1500/lorenzo/ai/Medical_&_Public_Health_000071.png,RRDataset,low,1,0.9308733344078064
2cd302268bcb1b5470907211340d97c0a808cd4f5079925826838b61938bb96b,data/datasets/RRDataset/selection_1500/sara/real/real_005291.jpg,RRDataset,medium,0,0.9032297134399414
2cf956554468751388825ab0845762abd0791056e3279437e24ff687fec05205,data/datasets/RRDataset/selection_1500/giovanni/real/real_008545.jpg,RRDataset,medium,0,0.9806244969367981
2d1d1b0034d983c3552cd0a6842080e0a0ffa8e45bc3974cf4d593da53f44825,data/datasets/RRDataset/selection_1500/lorenzo/ai/Political_&_Social_Events_000215.png,RRDataset,medium,1,0.897673487663269
2d2acd2eebd94248083eff02c6894ec76fbb58446d3060b21d83cc6bc70c6216,data/datasets/RRDataset/selection_1500/sara/ai/normal_007828.png,RRDataset,low,1,0.9947277903556824
2d856cdac84a8f101f6e915e898ff8c6f146759d2fdb0f981ec4ea59bed3cb62,data/datasets/RRDataset/selection_1500/lorenzo/ai/normal_006349.jpg,RRDataset,low,1,0.848747968673706
2de9dcb0fe618e0fe267e257bc944ec2e58fbed405feef3ffbb59b0045196ce0,data/datasets/RRDataset/selection_1500/lorenzo/ai/production_000295.png,RRDataset,high,1,0.992652416229248
2e025f6d395309f0b4c489a4efddaf3467ed23518bad3e1468d3f190155bf7c3,data/datasets/RRDataset/selection_1500/sara/real/real_002205.jpg,RRDataset,medium,0,0.5678932666778564
2e049d87c003219e194c90864b3124a00434f7911d850806a9e361bb5f44753d,data/datasets/RRDataset/selection_1500/giovanni/real/real_006841.jpg,RRDataset,low,0,0.9745147228240967
2e1914ab09691e55c6f49ca4d481b0e36265b74f98c8737ca432288d202c5bae,data/datasets/RRDataset/selection_1500/lorenzo/real/real_005523.jpg,RRDataset,medium,0,0.9880373477935791
2e1ff99c1f4cd9306a6fa9255334eb54cc2e68f796c7144549435fd5a1008ca7,data/datasets/RRDataset/selection_1500/giovanni/ai/Natural_Disasters_&_Accidents_000376.png,RRDataset,medium,1,0.8560684323310852
2e2057104c6913d55bf44b57479bd6126bcf6c33eb4ccd8469787b4587efeb84,data/datasets/RRDataset/selection_1500/giovanni/real/real_001702.jpg,RRDataset,medium,0,0.2913542091846466
2e34205327010e31e5a4d55e4b66d2aa9715990701c62d60e4b204cb8948901f,data/datasets/RRDataset/selection_1500/lorenzo/real/real_005106.jpg,RRDataset,medium,0,0.9458597898483276
2e97f4ff303aa19c9485a9def34289bb6314b012d91941f8b06aa34b2310c2a9,data/datasets/RRDataset/selection_1500/lorenzo/real/real_000737.jpg,RRDataset,medium,0,0.23625785112380981
2edfd530ede74b54ea89d8c6cc0336937263d8ac737be19114a0c4775b19ecc3,data/datasets/RRDataset/selection_1500/giovanni/real/real_009418.jpg,RRDataset,medium,0,0.9748552441596985
2f078c8010aef235e6d0fcff95dfa218956c8a4ab0ee1c472b6c33f6a2d51bc2,data/datasets/RRDataset/selection_1500/sara/ai/production_000277.png,RRDataset,medium,1,0.9334834218025208
2f50e5b10e7942a4a438ac4d35a041ec8125effcf600625abd80bcc10568615f,data/datasets/RRDataset/selection_1500/lorenzo/real/real_002014.jpg,RRDataset,medium,0,0.8478325605392456
2f6710bfbad7a6464ab7122d444c68191b2827aa2736bf8cc8879843591d82e3,data/datasets/RRDataset/selection_1500/sara/real/real_006737.jpg,RRDataset,medium,0,0.9978698492050171
2f715c1d6a6e245d4319a4eb351947e23088146f2d9ee7648404082989056fa3,data/datasets/RRDataset/selection_1500/sara/real/real_005476.jpg,RRDataset,medium,0,0.2490270435810089
2f9270b47fb2c46f51e204d1d3fc260ab3628d1b52fa23d9257859ffe8f09402,data/datasets/RRDataset/selection_1500/sara/real/real_004351.jpg,RRDataset,medium,0,0.020609287545084953
304ac65815c86f645739662978efea6b32456385c59ce1c1418d76729da13bbc,data/datasets/RRDataset/selection_1500/lorenzo/real/real_001047.jpg,RRDataset,medium,0,0.781314492225647
306d8832218b1cdb8be8dc8976ad5f04ab10be030468034c078c3300ee791e5b,data/datasets/RRDataset/selection_1500/lorenzo/ai/War_&_Conflict_Scenes_000755.png,RRDataset,high,1,0.9964300990104675
30bbeeebf2154d6e1244199bee24ffd07f687dee3e8d19bdccad83455b3f3281,data/datasets/RRDataset/selection_1500/giovanni/ai/War_&_Conflict_Scenes_000581.png,RRDataset,medium,1,0.6021822094917297
313cce82f3c03c637047ef4b59efd76e69a9baf6729b30d971da75fe60bce2ea,data/datasets/RRDataset/selection_1500/giovanni/ai/Medical_&_Public_Health_000145.png,RRDataset,medium,1,0.9339361786842346
3174fe2a4ab8ef6794a39c7b22ae3419bd9b03fff2ee7b3fd9af5af54957fa2a,data/datasets/RRDataset/selection_1500/lorenzo/real/real_003577.jpg,RRDataset,medium,0,0.6673516631126404
31e1d3356de88098d8c6df6cb2cd7ceb4d54c1fe30427be90525de8777351b91,data/datasets/RRDataset/selection_1500/sara/real/real_003213.jpg,RRDataset,low,0,0.830108642578125
32065675afc7fb5b8a8196675c978130f00681b9f2b64cdf977f6508e49da7d0,data/datasets/RRDataset/selection_1500/sara/ai/War_&_Conflict_Scenes_000092.png,RRDataset,medium,1,0.9814857840538025
324a9a40366c76e5b55a995f9d60fe960dadfa74a184fbc013cb4d360f70f266,data/datasets/RRDataset/selection_1500/sara/real/real_000632.jpg,RRDataset,low,0,0.7745885252952576
325c238e9cd9dbe55f55c9087c3dfc51e450b1f158fdbbdd4d68eff344f6020b,data/datasets/RRDataset/selection_1500/sara/real/real_008505.jpg,RRDataset,low,0,0.9654006958007812
32f4c3813e9ed8c16bbff628ffe3becfd1bb6320d5a3f7488150d9baa4cf2896,data/datasets/RRDataset/selection_1500/sara/ai/War_&_Conflict_Scenes_000017.png,RRDataset,medium,1,0.9377949833869934
330f404ffd3d6dbec9f8dd5ad04355854da70cb19b3a16cb390be41f72c51dca,data/datasets/RRDataset/selection_1500/sara/real/real_005129.jpg,RRDataset,medium,0,0.134303018450737
3319a8d5a61e03641e170d16073df1db85d5337e39fa4c4449d0e8332801ebbd,data/datasets/RRDataset/selection_1500/sara/real/real_002912.jpg,RRDataset,low,0,0.22665585577487946
335fe38c59ae1f845cabd5d063d20f4c9019f19f78de4cfa3779a644f0d8f462,data/datasets/RRDataset/selection_1500/sara/real/real_005249.jpg,RRDataset,medium,0,0.9603253602981567
33752ff4140bba5607f4567fa8b4a0c34cf8a2dcb26b8d0b576f035437891a30,data/datasets/RRDataset/selection_1500/sara/ai/War_&_Conflict_Scenes_000963.png,RRDataset,medium,1,0.9878102540969849
339f4941d4aacda4a4133de2c0caac004f7c23e3c5671dfbff8523128e11d053,data/datasets/RRDataset/selection_1500/giovanni/ai/Political_&_Social_Events_000378.png,RRDataset,medium,1,0.5742543339729309
33a1b26d3485cfc9f23634a7026fb65523fbf5e4a1a73f407c7c4abad9947c9d,data/datasets/RRDataset/selection_1500/sara/real/real_002027.jpg,RRDataset,medium,0,0.4682577848434448
33ef181b98b1c81f18e6db7b805686d0441fbe009c6ac97b53479dab03909a23,data/datasets/RRDataset/selection_1500/lorenzo/ai/Political_&_Social_Events_000508.png,RRDataset,medium,1,0.9969774484634399
33f63c292351a238a642fabcbfafb9a33048e51593fa413d6b8d3345a16c2cb1,data/datasets/RRDataset/selection_1500/giovanni/ai/Natural_Disasters_&_Accidents_000285.png,RRDataset,medium,1,0.9637495279312134
341c8af4a6dd2ef217d3e9e5a3c18bf5f083d9bb0b08235e38ca258d2165d516,data/datasets/RRDataset/selection_1500/sara/real/real_004804.jpg,RRDataset,low,0,0.8407264351844788
3446665c6c53a9ca5aac0d98f1d325ab42c489e1603a973777b14b9d9cff5254,data/datasets/RRDataset/selection_1500/giovanni/real/real_004979.jpg,RRDataset,low,0,0.9994283318519592
344f699e4b73aafdda3a8bc284655662bfb26cdd0ad172b8d67b9b4950b00dda,data/datasets/RRDataset/selection_1500/sara/real/real_002964.jpg,RRDataset,medium,0,0.011374968104064465
3472b378ba5684e266307c1be123518115fd738e276e5433f150126696832555,data/datasets/RRDataset/selection_1500/lorenzo/ai/Culture_&_Religion_000048.png,RRDataset,medium,1,0.7738934755325317
3482eda7e6b9737bb23222fb54bb318c125396f7bc6312dc796dcd8938df532e,data/datasets/RRDataset/selection_1500/lorenzo/real/real_002643.jpg,RRDataset,medium,0,0.7597078084945679
3494151258f3106a6dea2dcb1009dfe83e16ffbb317a98f76120971944af6153,data/datasets/RRDataset/selection_1500/lorenzo/ai/normal_006353.jpg,RRDataset,low,1,0.31223225593566895
349ce5ac4f6f4fe39518c678d347053a76da7ba1407a21c44250d7f3bb9d1d17,data/datasets/RRDataset/selection_1500/lorenzo/ai/War_&_Conflict_Scenes_000713.png,RRDataset,medium,1,0.9992204904556274
34f7ebbb6addd3a6a4acaa41aac3476db1ab11bf0b96f57ce4fd6d27f9dffe5d,data/datasets/RRDataset/selection_1500/giovanni/real/real_006142.jpg,RRDataset,low,0,0.7223423719406128
35cd683364a740fd9216886c42b6f0217e7722d223fa1213e6854310f7ff9e8a,data/datasets/RRDataset/selection_1500/sara/real/real_007458.jpg,RRDataset,low,0,0.8306320309638977
35d5fa6f62864bdcf5b419a707642e65924e89bd73f97c9a1d70860aa4b7fb2f,data/datasets/RRDataset/selection_1500/lorenzo/ai/production_000270.png,RRDataset,medium,1,0.9870785474777222
35db23871430e4c9c56ee864eda06ed2208b4da5a5085a11a6b5cfd3c3fbe551,data/datasets/RRDataset/selection_1500/giovanni/ai/normal_006626.jpg,RRDataset,low,1,0.9877827763557434
363a3906f7b9ed934457d80d8a13b8ad2e1415a55b5fa98d3d95a6717470d1bf,data/datasets/RRDataset/selection_1500/sara/ai/Medical_&_Public_Health_000516.png,RRDataset,medium,1,0.9796665906906128
367d52ae5fd6bf69503dc142703028fd54f72e7d2851e825dfab65288cb945a8,data/datasets/RRDataset/selection_1500/lorenzo/ai/Medical_&_Public_Health_000963.png,RRDataset,high,1,0.9833406805992126
369ab2bab4336bb12f4250fda9b4eeb44a7f05d437eedc253e8f0d14a6537b90,data/datasets/RRDataset/selection_1500/sara/real/real_000093.jpg,RRDataset,high,0,0.7689103484153748
369d68a03b96d9abe306f43eb513e27676d5d64c859f68a279613e5d1b955602,data/datasets/RRDataset/selection_1500/lorenzo/ai/normal_007739.png,RRDataset,low,1,0.9783087372779846
3720995f1c964d3a7b9a39f5b11c23a29b4775030b60b56f428e7e1571c82df1,data/datasets/RRDataset/selection_1500/giovanni/real/real_001039.jpg,RRDataset,medium,0,0.564530611038208
372703ea61dd0d50ec23a493bc53dedb970309486c807d5a5750aa86ebb8130d,data/datasets/RRDataset/selection_1500/lorenzo/ai/Political_&_Social_Events_000767.png,RRDataset,high,1,0.9829309582710266
3732205d474dd6f2933b51987e5ce4046c4c6208ef2c80560495cbbea76e7c4b,data/datasets/RRDataset/selection_1500/sara/ai/Natural_Disasters_&_Accidents_000118.png,RRDataset,medium,1,0.9430958032608032
3785aa39a5ec31bac9ce1a02a4c1defe531faf964166d772af69dd30d2538e93,data/datasets/RRDataset/selection_1500/sara/real/real_002709.jpg,RRDataset,medium,0,0.7605261206626892
3799eacf28997d3de78cc6da17d1a2d803ba38d4079ebd8ce2ef223264e74e01,data/datasets/RRDataset/selection_1500/giovanni/ai/Culture_&_Religion_000132.png,RRDataset,medium,1,0.36118876934051514
37de2ea4edc4b86bced9d43b6f1883478a38df7fb5845f5f81d972295a7be129,data/datasets/RRDataset/selection_1500/sara/ai/Culture_&_Religion_000188.png,RRDataset,high,1,0.877096951007843
380672c314f71e9e19c884f55add6650694d8d9e6c8136b6bf4b69b1c528b81b,data/datasets/RRDataset/selection_1500/lorenzo/ai/production_000956.png,RRDataset,medium,1,0.9982759952545166
3807a5a64f279e119f2d349ab5e9f681d678609764fe2be0f9d5479a408da515,data/datasets/RRDataset/selection_1500/lorenzo/real/real_005588.jpg,RRDataset,medium,0,0.9151381850242615
382d5c64659d86fdd3776f728b758b0ab3fef711383a2085877f55e443355449,data/datasets/RRDataset/selection_1500/lorenzo/ai/Natural_Disasters_&_Accidents_000925.png,RRDataset,low,1,0.5243368744850159
38408b71ae34dfdcf428f75a5e9b985db4e420c13f9436612999b6014de676b6,data/datasets/RRDataset/selection_1500/giovanni/real/real_004785.jpg,RRDataset,medium,0,0.8496145606040955
38653f34c83b8f742e0114c93ee7b29bffb2fbaf1f78b9393cb06c9afe90082a,data/datasets/RRDataset/selection_1500/sara/ai/Natural_Disasters_&_Accidents_000666.png,RRDataset,medium,1,0.9849335551261902
3869871b4f3e9300f0de426692053d6190c0c8a5df269cc149b2a6e05bdb0b87,data/datasets/RRDataset/selection_1500/giovanni/ai/War_&_Conflict_Scenes_000620.png,RRDataset,high,1,0.6170551180839539
38ba1962126b50a828b34daf2c1982f0b68cc223903950bca70d2d93c6ac888b,data/datasets/RRDataset/selection_1500/giovanni/real/real_006328.jpg,RRDataset,medium,0,0.6040018796920776
38d4033ad01e549f999d36aad37fb039478ee2d95f1f4a4b939d39f09c877b86,data/datasets/RRDataset/selection_1500/giovanni/ai/Political_&_Social_Events_000021.png,RRDataset,medium,1,0.9390772581100464
38e3e55b7c4258fa7f1709e4fbb7cbb1aa1ab30f61d4d722d0d0f4eaa7edf0bc,data/datasets/RRDataset/selection_1500/sara/ai/War_&_Conflict_Scenes_000127.png,RRDataset,high,1,0.8425977230072021
38fb6a733da658d0b7098204def683619672dbad203731296f22f7d4b6743226,data/datasets/RRDataset/selection_1500/giovanni/ai/Medical_&_Public_Health_000550.png,RRDataset,medium,1,0.9963679313659668
394f7b0c0b0f90d2d8c2308a543ce64b2d5a407c62518c71231b2b9e1294bb1d,data/datasets/RRDataset/selection_1500/giovanni/real/real_000383.jpg,RRDataset,medium,0,0.8236952424049377
39c43ebc67f8b71a289b13be425e28f309e305e345d466fd0e2b7c69adf94816,data/datasets/RRDataset/selection_1500/lorenzo/real/real_004905.jpg,RRDataset,low,0,0.932833731174469
39ec16041769b6a7b68ad08b8c382f4d9086f549fdd5f747bc23f0abf1ed456b,data/datasets/RRDataset/selection_1500/lorenzo/real/real_006063.jpg,RRDataset,medium,0,0.3614376187324524
3a10a9cc33efd41c3aa8b5bdb21add2ffc5eff2dca81f733e77356c2275157ff,data/datasets/RRDataset/selection_1500/sara/ai/normal_008431.png,RRDataset,low,1,0.8707348108291626
3a10e2a35e5ac0a621f3ab1d7901378d4e3fb01b2ec50ca91d79b68e10a284e6,data/datasets/RRDataset/selection_1500/lorenzo/real/real_008570.jpg,RRDataset,medium,0,0.5410067439079285
3a36954b3c87b356a943b12a8121c75cfdac0a7153bfefa176585a2fc89b6a22,data/datasets/RRDataset/selection_1500/sara/real/real_007815.jpg,RRDataset,medium,0,0.05242275446653366
3a4a22a4c9e24e2219880b752ab037c35ea1285e0b5edec3ba7d8e256cb93890,data/datasets/RRDataset/selection_1500/lorenzo/real/real_009055.jpg,RRDataset,low,0,0.977706253528595
3a50717b05f390c160398cbc3caffe9b32240b8c721fef28a05e43bbd3adaafe,data/datasets/RRDataset/selection_1500/giovanni/real/real_003908.jpg,RRDataset,medium,0,0.2557411193847656
3a51feb366a0274427191e1d4b284a1cdacfe446a1f9ac43046d1012251f2f67,data/datasets/RRDataset/selection_1500/lorenzo/ai/Natural_Disasters_&_Accidents_000521.png,RRDataset,medium,1,0.9824326038360596
3a5fcda1f3a71105e640911ebda63673fbdf393b45ed99b2572e0b22474cf7c0,data/datasets/RRDataset/selection_1500/sara/ai/Political_&_Social_Events_000960.png,RRDataset,high,1,0.9964802861213684
3a609a65ec97ccc88b8b67cb777cc18c6418c0373c4b3cca2165c1ed1f07ae4c,data/datasets/RRDataset/selection_1500/sara/real/real_006286.jpg,RRDataset,medium,0,0.9810567498207092
3a666e59cac7c62bebcefae78b0099f48e248df6e7618418dfa6a3def488adab,data/datasets/RRDataset/selection_1500/giovanni/ai/Medical_&_Public_Health_000484.png,RRDataset,medium,1,0.8451348543167114
3a98c87359896e9499d9212614376e24ab97d33f774eb6bf547da84ddcd720c0,data/datasets/RRDataset/selection_1500/sara/real/real_005668.jpg,RRDataset,medium,0,0.9672372937202454
3a9ceb553eff6f25cfd4bbe782172756842460b30e4b46207f9a6b2a5b6fcb35,data/datasets/RRDataset/selection_1500/giovanni/real/real_003805.jpg,RRDataset,medium,0,0.8750693202018738
3ac853c567da6b4a080d3e6ff6d07224a15acf8ad4aaee91c10b44f331e76ee5,data/datasets/RRDataset/selection_1500/giovanni/real/real_007396.jpg,RRDataset,medium,0,0.8846743702888489
3acac594a2a9404d62f1b546d5b93311f64caf40363a6f75a416cda54cfab5eb,data/datasets/RRDataset/selection_1500/lorenzo/ai/Culture_&_Religion_000776.png,RRDataset,medium,1,0.9938424825668335
3acd5ffcca2544d2fdf958a228c20fd88ebb8542cf3d2a7cdf9ff79acd82b4f5,data/datasets/RRDataset/selection_1500/lorenzo/real/real_008132.jpg,RRDataset,low,0,0.9656943082809448
3aeb061be090cc73aef679f61e0561d6b0e799c327f62db9e98901d6257e5022,data/datasets/RRDataset/selection_1500/sara/real/real_001057.jpg,RRDataset,low,0,0.9206801652908325
3b482396c4b186ecd715d5b4e4611ea08e550e402f8b6293f4097f9e36e1fe06,data/datasets/RRDataset/selection_1500/sara/ai/Political_&_Social_Events_000857.png,RRDataset,high,1,0.9676792025566101
3b50ae7635e7145389bf8f03e9ba9ed885347e767dbaa7365a4ecbf95cac99ba,data/datasets/RRDataset/selection_1500/lorenzo/ai/Culture_&_Religion_000956.png,RRDataset,medium,1,0.9930922985076904
3b62f6aba7765a06e8ddb2a49357aadabccb569c339c0f559d889ade5023aa2c,data/datasets/RRDataset/selection_1500/sara/ai/Medical_&_Public_Health_000648.png,RRDataset,medium,1,0.4806469976902008
3b6d7c90db39de1924f8670e706a9f9abbe1ec55ccf9d1563c908b10c92c48a4,data/datasets/RRDataset/selection_1500/sara/ai/Medical_&_Public_Health_000832.png,RRDataset,medium,1,0.977944552898407
3bbd3c773ade6c603ccfffc3f506a6752d55db2b09507307594247b79609a44f,data/datasets/RRDataset/selection_1500/giovanni/real/real_002304.jpg,RRDataset,medium,0,0.5206893086433411
3c01fb7c07552f0533396a0eeb6914c2a1015c26a1ce82899db3643b638daa0c,data/datasets/RRDataset/selection_1500/giovanni/real/real_003909.jpg,RRDataset,medium,0,0.8806647062301636
3c3bf9dec76cf79ab9f1b0c62c702c3e4c171e8f71f9fd0525f8a9985808adb8,data/datasets/RRDataset/selection_1500/sara/ai/Medical_&_Public_Health_000074.png,RRDataset,low,1,0.5391936302185059
3c3ca36c23da06bb17c80b73d93bf1edb095537f53b0298584e6e5367b985ae2,data/datasets/RRDataset/selection_1500/lorenzo/ai/Culture_&_Religion_000318.png,RRDataset,medium,1,0.9581027030944824
3c5f6623db091f3e28649f439541931b4c5be9c844e90af4c682f9c2e1eb6303,data/datasets/RRDataset/selection_1500/giovanni/ai/War_&_Conflict_Scenes_000388.png,RRDataset,high,1,0.8465639352798462
3caf43ab59094c5bd21b167fda8193ffc6f07b45de67ddbd04cf4307b0f19aff,data/datasets/RRDataset/selection_1500/sara/ai/Medical_&_Public_Health_000307.png,RRDataset,medium,1,0.9120709896087646
3cb3229bb57dbb977069fd11116d86ba77df4808bd669afca0ce8855b35bfcc9,data/datasets/RRDataset/selection_1500/sara/ai/War_&_Conflict_Scenes_000213.png,RRDataset,high,1,0.9858956933021545
3ced37de20490498c2b0fedd148ae1f13782d24872b858753f7811e1626a7892,data/datasets/RRDataset/selection_1500/sara/ai/production_000159.png,RRDataset,medium,1,0.9775156378746033
3d0e796532d57db452912631983175a4d388fb908f794b1cdc6ac1a80b6f8ebb,data/datasets/RRDataset/selection_1500/sara/ai/Political_&_Social_Events_000516.png,RRDataset,medium,1,0.9973393082618713
3d1b2e3dfefa5fa16f7b2668cd357afe880a90fa1c84120d0a3a873ba6eef782,data/datasets/RRDataset/selection_1500/giovanni/real/real_002376.jpg,RRDataset,medium,0,0.4989028573036194
3d332ac21be146054fa5c9aace0e2f72e9753100cafb1e8c6e68bf8a3684475d,data/datasets/RRDataset/selection_1500/sara/ai/production_000734.png,RRDataset,medium,1,0.9942122101783752
3d3bd6b5a771625beaacc2deddd4baee956cc5427673d788409de50460a02972,data/datasets/RRDataset/selection_1500/lorenzo/real/real_008383.jpg,RRDataset,medium,0,0.9968644976615906
3d85681430eec9cbbe738f468ab3d7dcfe073659f315d128f2255f012790b030,data/datasets/RRDataset/selection_1500/sara/real/real_004419.jpg,RRDataset,medium,0,0.6973397731781006
3db38d9e78fc5bb9044f0c2a31166be27fc0b726557059699277c6ed001854f6,data/datasets/RRDataset/selection_1500/lorenzo/real/real_007904.jpg,RRDataset,low,0,0.9889116287231445
3dec42caecc52c65f795f4b4922f6234f1e99e8c0647f4ca15002ca54f0a3dd8,data/datasets/RRDataset/selection_1500/lorenzo/real/real_001007.jpg,RRDataset,medium,0,0.971362829208374
3df7861925443b286387cf5776b7cd81ceb944dc9a4b91e912f5722e72b193d6,data/datasets/RRDataset/selection_1500/sara/real/real_000990.jpg,RRDataset,medium,0,0.018956495448946953
3e16a70d024d5fff6ea5ee6d9419bfa94e09bb9e66ae1c332cc535a721b26fec,data/datasets/RRDataset/selection_1500/lorenzo/real/real_008635.jpg,RRDataset,low,0,0.7733147740364075
3e1bfc9f191163416c02cfe64485706387fa338460157f056b7f7986d736c561,data/datasets/RRDataset/selection_1500/lorenzo/ai/production_000757.png,RRDataset,medium,1,0.9979937076568604
3e51220c56bebcbd6e1f40f1e0ddbe32eb4fe4261e8c06b64572a55ae28f9642,data/datasets/RRDataset/selection_1500/sara/real/real_000040.jpg,RRDataset,medium,0,0.10084637999534607
3e614a8bc503a2eeb4da765c0a1260f1fda8beb9ec93f46af041d7d41ad9d93b,data/datasets/RRDataset/selection_1500/sara/real/real_002982.jpg,RRDataset,medium,0,0.7598347067832947
3e8389003484b3c69c0bd892d43d36391a48143bf01c3715c9109cb29249f7b8,data/datasets/RRDataset/selection_1500/sara/real/real_003336.jpg,RRDataset,medium,0,0.41614076495170593
3ee5841bf1e8877db11276d47008eb1411c1de46bc3606034292ffbd9e7d5847,data/datasets/RRDataset/selection_1500/lorenzo/real/real_007532.jpg,RRDataset,medium,0,0.8163978457450867
3efaf7aaf9a1329e5b2886ab64ddbccd0535464314590121d94b9640d0dbaf03,data/datasets/RRDataset/selection_1500/sara/real/real_006267.jpg,RRDataset,medium,0,0.7809438705444336
3f4119d90c1af68cae24f106cbe02e4be7234616e75034e07d1fa842cb85b197,data/datasets/RRDataset/selection_1500/giovanni/ai/Natural_Disasters_&_Accidents_000044.png,RRDataset,medium,1,0.9789607524871826
3f682c5fe722340dd1f619667a080efa2978e9b36f5ac1d9a3ec7460931eba55,data/datasets/RRDataset/selection_1500/lorenzo/real/real_005776.jpg,RRDataset,medium,0,0.9376161694526672
3f729b582f929355d177079a7595d68475fa817a8c199a960d9fae9f3135673d,data/datasets/RRDataset/selection_1500/sara/real/real_005356.jpg,RRDataset,medium,0,0.7749626636505127
4063afc36c23d938021610b1aa5f1f4edd2843498bd3a484448c5859f525c747,data/datasets/RRDataset/selection_1500/lorenzo/ai/Culture_&_Religion_000149.png,RRDataset,high,1,0.8884558081626892
40a294405b89f7ccbdce6d09f2ec910ca5ed047a77663e0b4b55c5a1e625b86a,data/datasets/RRDataset/selection_1500/lorenzo/ai/normal_009230.png,RRDataset,low,1,0.8582890033721924
40a4f24635818f5c1e95007b871d99b019e82c69389628fe7497fe93537bf975,data/datasets/RRDataset/selection_1500/lorenzo/real/real_003719.jpg,RRDataset,medium,0,0.06885784864425659
40bacbe9365bb8aa11d2f150cbbca113942a89ed0534add3db00da642d89f3d9,data/datasets/RRDataset/selection_1500/sara/ai/Culture_&_Religion_000863.png,RRDataset,medium,1,0.9946185350418091
40fd2955b9f05361aad03e1544039a6b6a83884c3f15cbd588f1cc8265615ecf,data/datasets/RRDataset/selection_1500/lorenzo/real/real_007863.jpg,RRDataset,low,0,0.9340420961380005
4123300be20248b20c174b9b2ac932bd5c9e28d689673b046783f1c389cfa5e3,data/datasets/RRDataset/selection_1500/sara/ai/War_&_Conflict_Scenes_000358.png,RRDataset,medium,1,0.8969449996948242
4128ac2fb8a8b0b6f23879dab8e0fa369db84daaa33f85b23e1c55efa8132a3b,data/datasets/RRDataset/selection_1500/lorenzo/ai/Culture_&_Religion_000850.png,RRDataset,medium,1,0.9445171356201172
4174d4c3d19cabda413f6c5c91eba76182a20754bc685ed35b5de8eb11dc9242,data/datasets/RRDataset/selection_1500/giovanni/ai/Culture_&_Religion_000715.png,RRDataset,medium,1,0.9528182148933411
41948c5e80c693c01123f81120e8c8cbd3db07b037cda51d6267518fc054536a,data/datasets/RRDataset/selection_1500/lorenzo/real/real_006834.jpg,RRDataset,low,0,0.9835838675498962
41954ba76074ab5b5d9c17ab162d6826afd0e4250b30ca02ae89e8d96cce664a,data/datasets/RRDataset/selection_1500/sara/real/real_006683.jpg,RRDataset,low,0,0.9700544476509094
419657173bd94a33db8cc1df617ee80f8e341d754bc774876e63875651b5abe3,data/datasets/RRDataset/selection_1500/sara/real/real_003995.jpg,RRDataset,medium,0,0.9224655032157898
41ab96294f8deaad18c7754c46c366dd8646e9435dd4d0f0cb3252bee9c95ab8,data/datasets/RRDataset/selection_1500/lorenzo/ai/production_000275.png,RRDataset,high,1,0.9984641075134277
41bd3a3819bed2c50e810ad9df6a92d2ef9f64a685198349601ed457ac2b22d6,data/datasets/RRDataset/selection_1500/lorenzo/ai/Political_&_Social_Events_000376.png,RRDataset,high,1,0.7919997572898865
41f3155507f0e393139cbb2ebf3af8ae39bf6288cfdfcdace2075c6e322b823b,data/datasets/RRDataset/selection_1500/giovanni/ai/Political_&_Social_Events_000227.png,RRDataset,low,1,0.9833752512931824
423244a617b1b1cdd5ec17bf9fccbcae9cc2db76e26f4f0aefc2f5a52da178ce,data/datasets/RRDataset/selection_1500/lorenzo/real/real_009113.jpg,RRDataset,medium,0,0.8429478406906128
42613f61f8f4c5e11acafaa94ecb094b27d77ab10b42c0d028e028610c7d9163,data/datasets/RRDataset/selection_1500/sara/ai/War_&_Conflict_Scenes_000697.png,RRDataset,medium,1,0.9245647192001343
4266dfa817608e6bc5a4f372b03ffccd9b73a8ba0478fee63452ffe81b5dbd8e,data/datasets/RRDataset/selection_1500/giovanni/real/real_009298.jpg,RRDataset,medium,0,0.6989220976829529
426e9be24f0e038bfa61e1aa0a8cf8501e18921c506a1e9cabfe4bcc148b83d7,data/datasets/RRDataset/selection_1500/sara/ai/Political_&_Social_Events_000035.png,RRDataset,medium,1,0.9599093794822693
42962d1cae2eeaf382c8cd751523b2add2658a49f00e32631278d4ed63b2d1fb,data/datasets/RRDataset/selection_1500/sara/real/real_006684.jpg,RRDataset,medium,0,0.7184386849403381
42997c5a8200ac7cfa2fe08bef72925b256e376ff5c0df180c4f5874e0603107,data/datasets/RRDataset/selection_1500/giovanni/real/real_006808.jpg,RRDataset,medium,0,0.9873184561729431
42ac5c88083cc769c51fed2a6a6e1ca5dd64be3a792e9d357d21ea00f638fa42,data/datasets/RRDataset/selection_1500/lorenzo/ai/Political_&_Social_Events_000048.png,RRDataset,medium,1,0.9200199246406555
42ad326fc684530d2e7d86cd52c9bd38b54af77a6dd3d4acd13f938afcb16c08,data/datasets/RRDataset/selection_1500/lorenzo/ai/Natural_Disasters_&_Accidents_000313.png,RRDataset,medium,1,0.986977756023407
42b45b6ea9a4f43023017f782e8f732ec4779100f0df7b1f5dc71bfc112924a8,data/datasets/RRDataset/selection_1500/sara/real/real_004640.jpg,RRDataset,medium,0,0.9489269256591797
42e94a5523885583256316c9ab6fdaef36c161d0cc666ead6d35099879487579,data/datasets/RRDataset/selection_1500/giovanni/ai/Medical_&_Public_Health_000158.png,RRDataset,high,1,0.8897051215171814
42f9a03ad2bc280eda6af17c5ceb54fa96f677a214e23cf2ef56faf99b185a24,data/datasets/RRDataset/selection_1500/giovanni/ai/production_000090.png,RRDataset,medium,1,0.870074987411499
42fe11fc8fd5c15bb01532996a5a6a8387933d1aa1ce6a47d493f5ae64cb1476,data/datasets/RRDataset/selection_1500/giovanni/real/real_003398.jpg,RRDataset,medium,0,0.9433648586273193
4335650a6f492c8d3274cce4bcc03faf3afb461c10afa9ce58ae7b6ff4d01552,data/datasets/RRDataset/selection_1500/sara/ai/Medical_&_Public_Health_000688.png,RRDataset,medium,1,0.9804018139839172
435061c0bcf67a2607c3dc44a730871ff9bbc1e7459d1436b068356fcfb8d56d,data/datasets/RRDataset/selection_1500/lorenzo/real/real_009727.jpg,RRDataset,low,0,0.0013455080334097147
4391c7ccb7649fe9a3e3ed3782e98cdf0901ada84a2c35c8ffad9405fce06cf9,data/datasets/RRDataset/selection_1500/giovanni/real/real_007450.jpg,RRDataset,medium,0,0.8503056764602661
43b99caf8d601e53f410d111a06609651e60bd9131e90ae8e9ea8d6c3ee80baf,data/datasets/RRDataset/selection_1500/giovanni/real/real_005256.jpg,RRDataset,low,0,0.8674243688583374
43bc8176fb1aa535f139a1646d29469a8b54f6f14ba6e9efd8d5a34cddf3befa,data/datasets/RRDataset/selection_1500/giovanni/real/real_009264.jpg,RRDataset,medium,0,0.21979938447475433
43c0d9048df9fedb30d2e7307711f9d5b2b7b8bef21e227b58ac7865190b0ac3,data/datasets/RRDataset/selection_1500/giovanni/real/real_009301.jpg,RRDataset,low,0,0.4578423798084259
43d4634a01b344cdfc742c9bab279c2ad83018988c39ece1baacd768c33a448a,data/datasets/RRDataset/selection_1500/giovanni/ai/Natural_Disasters_&_Accidents_000560.png,RRDataset,medium,1,0.9710997343063354
440325bbac7f25cfe5a8495ba91e686236ea9fe82d6f07f7d2dfeea83c8aa575,data/datasets/RRDataset/selection_1500/giovanni/ai/Natural_Disasters_&_Accidents_000468.png,RRDataset,medium,1,0.9444090723991394
44d576e65bf2ed829fd3ae3be9b24c1f7bff69dedf4c5df9d456768a95d9c14e,data/datasets/RRDataset/selection_1500/lorenzo/real/real_008531.jpg,RRDataset,low,0,0.9914069175720215
44f868fde594fa82e98a4ed2e9c23694f032ae915c6b76aece7670d36e598083,data/datasets/RRDataset/selection_1500/lorenzo/ai/normal_007339.png,RRDataset,low,1,0.9914469718933105
451a8a668c7badfb3c69e93f8280da41358f21a978444a5288be36e0830fe67a,data/datasets/RRDataset/selection_1500/sara/real/real_007608.jpg,RRDataset,medium,0,0.9846924543380737
45407f9ed7650b1e72a6b110afddacd1ce851e442150493a0b842250d121aff4,data/datasets/RRDataset/selection_1500/giovanni/real/real_007935.jpg,RRDataset,low,0,0.8858738541603088
4576e9b245a9ce36026d1faaf0a0217385f40f4236b8687b7cec0fee13422823,data/datasets/RRDataset/selection_1500/sara/ai/Medical_&_Public_Health_000999.png,RRDataset,high,1,0.9616180658340454
457afb78c783da1c16521c973c008d5d1057c51a220627177e8dd9d3d72f9a4d,data/datasets/RRDataset/selection_1500/giovanni/real/real_005621.jpg,RRDataset,low,0,0.9354174137115479
45a5da20d6760b8d81d046f8fb9c600283022760496f725aedc5cd84e1b74842,data/datasets/RRDataset/selection_1500/giovanni/real/real_003966.jpg,RRDataset,low,0,0.9821494221687317
45edaf4f1ffdd09020d6b8f6ee1aa14f75d569ec10a2493f66e3527c93c4de45,data/datasets/RRDataset/selection_1500/giovanni/real/real_005719.jpg,RRDataset,medium,0,0.3428524434566498
45f11e2788f9f3eedeea270437b9996e7e14006e9432526448cef3df13e324c0,data/datasets/RRDataset/selection_1500/sara/ai/production_000889.png,RRDataset,medium,1,0.9959267377853394
460a14b90bdb2ecc73355bfc45a3429b272bc6630d407e7c7ef014eae6e35348,data/datasets/RRDataset/selection_1500/sara/real/real_000556.jpg,RRDataset,low,0,0.9991167187690735
46421c8368d2782aa0253366d610cacab620fca828b29a87e106e1b48a16ab09,data/datasets/RRDataset/selection_1500/giovanni/real/real_004271.jpg,RRDataset,medium,0,0.9997106194496155
4643b257e9bb09a0d74a39a8f4bc47603b9aae013f7301d3662db10cd80a0ebb,data/datasets/RRDataset/selection_1500/lorenzo/ai/production_000112.png,RRDataset,medium,1,0.9906774759292603
464cdfacf6c9ea19386ed17f195377e81b958ee8ca80d3b7d6e4dfcef369c74d,data/datasets/RRDataset/selection_1500/giovanni/ai/production_000330.png,RRDataset,medium,1,0.9960777163505554
4654735cea8b6e773b754fb0600b539720630d44561edfccf7206c13764c7235,data/datasets/RRDataset/selection_1500/sara/ai/War_&_Conflict_Scenes_000052.png,RRDataset,medium,1,0.9584778547286987
4671a1295edc54518ab99a0c8507af87581bcb2aff662d4b2c5dec73ed80a8e9,data/datasets/RRDataset/selection_1500/giovanni/real/real_000880.jpg,RRDataset,low,0,0.9574496746063232
467976be761ba63029456ab880f0fe98d17f68ed31c398e04f994ec78e7dbbf3,data/datasets/RRDataset/selection_1500/sara/real/real_007662.jpg,RRDataset,medium,0,0.165202796459198
46bb7ff160c1e9a67457188e75aaecc3ce83f1c7e267c31735bf1913a06b082b,data/datasets/RRDataset/selection_1500/giovanni/real/real_000588.jpg,RRDataset,low,0,0.927926242351532
46dae22331edbeec8d376a5f4b49b47f84f84cb006a9cfb486a168e19a642f1d,data/datasets/RRDataset/selection_1500/sara/ai/production_000555.png,RRDataset,medium,1,0.9971776008605957
46e14a4eb8a94616715feba35cf67596d03ab88e26c8e1386358a5e50d56de0c,data/datasets/RRDataset/selection_1500/sara/ai/normal_008054.png,RRDataset,low,1,0.1278124749660492
4713435243a272e77f55d35de5000281cf308f452a8f113eb71f727f455d6bdb,data/datasets/RRDataset/selection_1500/giovanni/ai/Culture_&_Religion_000977.png,RRDataset,medium,1,0.9931477904319763
472afb192d0021023efa5eaf203c5a53c4b7fe256df388c1fbb04553eebe2ae4,data/datasets/RRDataset/selection_1500/sara/ai/Natural_Disasters_&_Accidents_000707.png,RRDataset,medium,1,0.993675172328949
4782f0d7bfe9d760f36a3001c9e1d658952fa8d4a0551b436aa312858d7e90b4,data/datasets/RRDataset/selection_1500/giovanni/ai/Medical_&_Public_Health_000626.png,RRDataset,medium,1,0.9196221828460693
47f8089b9f4aa54a48b0e79e84a3214ea7116c2f879d044662bf9741418d4855,data/datasets/RRDataset/selection_1500/sara/real/real_004859.jpg,RRDataset,medium,0,0.13664081692695618
48179f6e885daddff6722f664eaaddd6015fa393ac25d6ed6df87b06da08d07c,data/datasets/RRDataset/selection_1500/sara/ai/Natural_Disasters_&_Accidents_000440.png,RRDataset,medium,1,0.9344022870063782
48276e598d3e693e2df9a0a5cea1b886be4625478cedae5d52db22886bf66311,data/datasets/RRDataset/selection_1500/sara/real/real_008833.jpg,RRDataset,low,0,0.016844598576426506
490e0afdc79cfa11bb9b1a5030d9db43c1385a0cf6b82d452223068f6f295329,data/datasets/RRDataset/selection_1500/giovanni/real/real_005512.jpg,RRDataset,medium,0,0.6730575561523438
49718f5912571b65419367db4a90700e5a40bdeb059febeb9f9809fe6f275c53,data/datasets/RRDataset/selection_1500/giovanni/real/real_003541.jpg,RRDataset,medium,0,0.7918825149536133
499e3649ad15404a498c5cfd5b42cbac915283b6f262e25209993eb14c82bd98,data/datasets/RRDataset/selection_1500/giovanni/real/real_006872.jpg,RRDataset,low,0,0.9612722992897034
49f4addb464ccad840b38abb5b51255e277c200805c380cb9d6fecff58dcc374,data/datasets/RRDataset/selection_1500/lorenzo/ai/Culture_&_Religion_000766.png,RRDataset,medium,1,0.9966356158256531
4a5a02ab3b7c26194d674b1f9dbd9f8dcaa7477b17342fd427d38c702cd88784,data/datasets/RRDataset/selection_1500/sara/ai/Natural_Disasters_&_Accidents_000415.png,RRDataset,low,1,0.9909858703613281
4a81a49d9b9a9c19689e94baef69e250dc9f38f35f124e48bec23f7a2f3bcc86,data/datasets/RRDataset/selection_1500/lorenzo/ai/Medical_&_Public_Health_000138.png,RRDataset,medium,1,0.9319515824317932
4a885a4b225d1c2859d9128d61b0f90579d6983bacfbbe8bb4b43f3586a210f4,data/datasets/RRDataset/selection_1500/giovanni/real/real_004657.jpg,RRDataset,medium,0,0.4913204610347748
4a91debc330eaebc7f510716332845282b8be49d7015dfd0cd12ef4d7cdda0d4,data/datasets/RRDataset/selection_1500/lorenzo/ai/Medical_&_Public_Health_000276.png,RRDataset,medium,1,0.8740090131759644
4aa1875e8ff01140b45ea267f64bd1ef8bafb883a66af5a264614d8d00aa5225,data/datasets/RRDataset/selection_1500/lorenzo/real/real_007515.jpg,RRDataset,medium,0,0.9580876231193542
4ad63ac1d5a04010b2ec8337bc6da311dc95a75ace24119dbcd3ea8e8c0f8818,data/datasets/RRDataset/selection_1500/giovanni/real/real_009717.jpg,RRDataset,medium,0,0.9608622193336487
4b3ea374e121b01509cf8baf3dd3956f0748dece256346d872c94e3bb02e9f3d,data/datasets/RRDataset/selection_1500/giovanni/ai/Medical_&_Public_Health_000945.png,RRDataset,medium,1,0.9646579623222351
4b46898a8685499eb15524f1bcd1d1bed8536cb3fc821d141b9f996de69551f4,data/datasets/RRDataset/selection_1500/lorenzo/real/real_006531.jpg,RRDataset,medium,0,0.9288142323493958
4b56499445de4bcd8077da03e2c411496488dd2dc092002c9fe8d6d486869dde,data/datasets/RRDataset/selection_1500/sara/real/real_001681.jpg,RRDataset,medium,0,0.9387073516845703
4b75a9f3a60308515ce3406ef6ff64bb0acb8b9f50f39259bf036aec7ec79994,data/datasets/RRDataset/selection_1500/sara/real/real_008773.jpg,RRDataset,low,0,0.7644273638725281
4b7680ba1ae32bb4cef72e27ee8aaa1ec29502e4e384240d242d979db928678d,data/datasets/RRDataset/selection_1500/lorenzo/ai/Political_&_Social_Events_000256.png,RRDataset,medium,1,0.9427478313446045
4b78e21d9feb56864a935fa777559480b5506639aea4390e068b38bb0f0c2b81,data/datasets/RRDataset/selection_1500/sara/real/real_003997.jpg,RRDataset,medium,0,0.8826161623001099
4b7dc20191b9043343b98650f5773bb7acc53113801bf61e7e43b51dc795f336,data/datasets/RRDataset/selection_1500/giovanni/real/real_009737.jpg,RRDataset,medium,0,0.940696120262146
4b8eec7ad9acfb670f05fbeccbb69be2b10def5ad649433906d2e51bfebfabc6,data/datasets/RRDataset/selection_1500/lorenzo/ai/production_000035.png,RRDataset,medium,1,0.9330071210861206
4b99e36987a89fa071a9f8ba3aa950b24c5c3caf8f38f45e418353e72b34aed3,data/datasets/RRDataset/selection_1500/lorenzo/ai/Culture_&_Religion_000181.png,RRDataset,high,1,0.7307384610176086
4bc748a1809a254b2538913da79a3ae9faf339c5793c7f2c4421ff148bc8a252,data/datasets/RRDataset/selection_1500/giovanni/ai/normal_008302.png,RRDataset,low,1,0.9900499582290649
4bcc426935827e241f5a6b9d64be1cfe8d9e345b6bb496d393ba15de3d155226,data/datasets/RRDataset/selection_1500/lorenzo/real/real_008719.jpg,RRDataset,low,0,0.015986453741788864
4bdbbcd24e4c697c788565cec9a2bb5ca7b1ecde868142e3356cf1c1927be2ce,data/datasets/RRDataset/selection_1500/lorenzo/real/real_005916.jpg,RRDataset,medium,0,0.9828960299491882
4c0a600357e713c2402af465f646f0fdc7235f2cce0741329553f4ab5a8f8dcc,data/datasets/RRDataset/selection_1500/sara/real/real_005401.jpg,RRDataset,low,0,0.9954403638839722
4c252bca26b0326e1bc592ef3759b88d567bf598f049e5d1a4dd1ac98746ba98,data/datasets/RRDataset/selection_1500/lorenzo/real/real_001244.jpg,RRDataset,low,0,0.9979335069656372
4c6fc9842ca174d4c9604b7e68bd8735b82d09236608968e780ce73c8655577c,data/datasets/RRDataset/selection_1500/lorenzo/ai/production_000076.png,RRDataset,medium,1,0.9872683882713318
4cc965a92715ed189ce100929122084ccc7e0feb346c735da10f08dbef4a7899,data/datasets/RRDataset/selection_1500/giovanni/ai/Political_&_Social_Events_000479.png,RRDataset,high,1,0.9641775488853455
4d0089efc4df6ab6db49dbb0a9a8dff807ff7a331a05b7874ce334655ad61e5b,data/datasets/RRDataset/selection_1500/sara/real/real_007373.jpg,RRDataset,medium,0,0.6017971634864807
4d4bb71d9db36eb3eb796a3d3f2f6a1a1622cc0a26f9e1d8be7f8ec401ffac54,data/datasets/RRDataset/selection_1500/lorenzo/real/real_009555.jpg,RRDataset,low,0,0.7560300230979919
4d74beb663738b31aabb2a58bf0c84eb0c15a734bac4aea93ef831af1a124474,data/datasets/RRDataset/selection_1500/giovanni/ai/Political_&_Social_Events_000451.png,RRDataset,medium,1,0.9800264835357666
4da4a915ba2c553a2bb61ef810221f6d9fad814a1f4b0f879343bff1a13fed22,data/datasets/RRDataset/selection_1500/sara/real/real_008675.jpg,RRDataset,low,0,0.9670380353927612
4de1503ccec655c6d8e198af453eeb5889ac76c409f269b1a99301a9957d5e57,data/datasets/RRDataset/selection_1500/giovanni/real/real_003132.jpg,RRDataset,medium,0,0.9456232786178589
4de9bcf28c070f539306d5f2a234b1d2d5fd47f2748b0ddfe27eae139c915135,data/datasets/RRDataset/selection_1500/giovanni/ai/normal_006790.jpg,RRDataset,low,1,0.2936627268791199
4df879527c292351f90ac0403cd573982fac279864c602f3ef315394c5b174bf,data/datasets/RRDataset/selection_1500/giovanni/real/real_008314.jpg,RRDataset,medium,0,0.9680420160293579
4e0fbb6434c1808a9ae4e53fde33e06a515cf84e20df04f3fc0d3d68a71ec70c,data/datasets/RRDataset/selection_1500/lorenzo/real/real_003597.jpg,RRDataset,medium,0,0.2661401033401489
4e1337d599180611b20ff5202c67329a6b216f326300cfc7c91ceb6957d0f43b,data/datasets/RRDataset/selection_1500/giovanni/real/real_003764.jpg,RRDataset,medium,0,0.9509618878364563
4e2c5b03a97b8649a74723a9160d5ddd0ffefae02abbdf3b006ae32c88b4838b,data/datasets/RRDataset/selection_1500/sara/real/real_000548.jpg,RRDataset,low,0,0.9175461530685425
4e325ee609e319dbbccf2b04ee8610d2c502122c3be1d1306e53a240b0d93e9e,data/datasets/RRDataset/selection_1500/lorenzo/ai/War_&_Conflict_Scenes_000570.png,RRDataset,high,1,0.942744255065918
4e5e8830f312a2409c32d5aefa75433860f3c05162ebde6c75de9942c790e352,data/datasets/RRDataset/selection_1500/lorenzo/ai/production_000185.png,RRDataset,medium,1,0.9634297490119934
4ea402e4f95e3a3b275b418cbc35f8667bdb99633fdc6cd7084e04b5cbf94e12,data/datasets/RRDataset/selection_1500/lorenzo/real/real_008741.jpg,RRDataset,medium,0,0.08159204572439194
4ec9f1bb6af31f482308ce900416941a6f2f7b79a9f948166b22b1c794d5af3e,data/datasets/RRDataset/selection_1500/lorenzo/ai/Culture_&_Religion_000829.png,RRDataset,medium,1,0.9885838031768799
4ed43b7c8aead172c0d7a9bb3212ed20ca6e8c26c8d05c10b367a0fa3a383390,data/datasets/RRDataset/selection_1500/giovanni/real/real_006365.jpg,RRDataset,medium,0,0.47082817554473877
4f1941ab02b7dd231f59f22faf97dfb1e2cca65fe6f7e58fd9c94e1b2194ef47,data/datasets/RRDataset/selection_1500/lorenzo/ai/Medical_&_Public_Health_000771.png,RRDataset,medium,1,0.9928613305091858
4f57a52c76f896a4d438802369c5fb251f7d8442cd66b5d833578cbdec5bc787,data/datasets/RRDataset/selection_1500/sara/ai/normal_007402.png,RRDataset,low,1,0.8567012548446655
4fb931462b0f6f0fd5d528c3659ee3bb192359886b85b94887a4b33f07cd8c81,data/datasets/RRDataset/selection_1500/giovanni/real/real_001316.jpg,RRDataset,medium,0,0.2036491483449936
5003b67708614ce17aa5e25640c6b76ddb9c6a66a682a2279135cbc25e7ad61b,data/datasets/RRDataset/selection_1500/giovanni/real/real_008702.jpg,RRDataset,low,0,0.9137939214706421
500669c41768718f99142d1666fb753e99b5e0c622a8b345eba63b7e8028ea7a,data/datasets/RRDataset/selection_1500/sara/real/real_008560.jpg,RRDataset,high,0,0.0031580193899571896
50198b631b59d022c64339abee9defec842f82ced3009775b0ba92f6085bbb27,data/datasets/RRDataset/selection_1500/lorenzo/real/real_004121.jpg,RRDataset,low,0,0.9872360825538635
502a499f410a57e99a220665684228decd287b9644591f90db46d6b88056090b,data/datasets/RRDataset/selection_1500/lorenzo/real/real_000596.jpg,RRDataset,medium,0,0.5317212343215942
50381af0a67c597aa7f11a603eb3189d3f4c2c4f71aa50d620342dfb67ff7c38,data/datasets/RRDataset/selection_1500/sara/ai/normal_007148.png,RRDataset,low,1,0.9905531406402588
506477a138ecad09106ba55c2109ce17f5996bf4ba598a8c7280545c16564670,data/datasets/RRDataset/selection_1500/giovanni/real/real_006157.jpg,RRDataset,medium,0,0.976107120513916
50f67913e672916c3bf7e0833ae89c8bc7c6a2d86bcb6fefb4027a74a7f698ae,data/datasets/RRDataset/selection_1500/sara/ai/Natural_Disasters_&_Accidents_000410.png,RRDataset,low,1,0.9806200265884399
50fa8870fc269dabec40c6cf77ec57d37e57c48c37bd2752b894a50d4582989c,data/datasets/RRDataset/selection_1500/sara/ai/Culture_&_Religion_000443.png,RRDataset,medium,1,0.9554705619812012
5129dec49c0b4e72663b97ee264e702ccaee9660f16b04fa460d01e81fc1240e,data/datasets/RRDataset/selection_1500/lorenzo/ai/War_&_Conflict_Scenes_000328.png,RRDataset,high,1,0.25820326805114746
512f38b3088e9d70c1a986865d78ef32bd2530d37e2f816d119edf799305df6c,data/datasets/RRDataset/selection_1500/lorenzo/ai/normal_008857.png,RRDataset,low,1,0.9863344430923462
514f247e0acdf03fa6c5912c39c891ccffe8dd285e15f19c9fdab9b26b09ae57,data/datasets/RRDataset/selection_1500/sara/ai/Medical_&_Public_Health_000245.png,RRDataset,medium,1,0.9802989363670349
51813e7bfe1bc937c32edae57134a4684debd792c3bdf19958ff40f6193050c5,data/datasets/RRDataset/selection_1500/giovanni/ai/production_000607.png,RRDataset,medium,1,0.99880051612854
51ab75c0238ade1d70f6b7ac5efa6dee40d328072584573ac4740120fb037d20,data/datasets/RRDataset/selection_1500/sara/ai/production_000591.png,RRDataset,medium,1,0.9900262355804443
51df077eb79e4f969a1e9424b7281a33d8215a062619b570e3160a4aa24f2a57,data/datasets/RRDataset/selection_1500/sara/real/real_002133.jpg,RRDataset,medium,0,0.5587195754051208
520cccf45b5116ee5b2054d3c2182fe476e4ea55e3a1e8e2a14cc05450870267,data/datasets/RRDataset/selection_1500/lorenzo/real/real_004274.jpg,RRDataset,medium,0,0.20215150713920593
5243921af7a23309ed6755a7a6ee896f7a01659292b3828c40e804dd46d04bd9,data/datasets/RRDataset/selection_1500/lorenzo/ai/War_&_Conflict_Scenes_000938.png,RRDataset,high,1,0.9783105850219727
524eb8ff2aee64a9c1c268d7ec7e10d385f9226712637cffc97255d39c6b180d,data/datasets/RRDataset/selection_1500/sara/real/real_006823.jpg,RRDataset,medium,0,0.9475482702255249
5259276f0f0d645e8e11afa32a2bdf7e5862c5443d0d584d12364825c69decc1,data/datasets/RRDataset/selection_1500/sara/real/real_000103.jpg,RRDataset,medium,0,0.5175142288208008
528331bcffc802b9d6c5998c607d361ff3ba370457390685fb278951ad36217d,data/datasets/RRDataset/selection_1500/lorenzo/real/real_008027.jpg,RRDataset,low,0,0.7229853868484497
52a496695829316323a3990137732b121cb8f315f3326d83104fea44b47df8d9,data/datasets/RRDataset/selection_1500/giovanni/ai/Natural_Disasters_&_Accidents_000499.png,RRDataset,low,1,0.9206767678260803
52a8ea174d6f3034b4bafbde5b5c8f577cd61d2e2dc16e7b058816a11f2c47c3,data/datasets/RRDataset/selection_1500/giovanni/ai/Natural_Disasters_&_Accidents_000007.png,RRDataset,medium,1,0.9849154949188232
530e153040b2316ddbf2da674c97217a690ac56d551de6be3946adc9fc80d6c1,data/datasets/RRDataset/selection_1500/sara/ai/Medical_&_Public_Health_000997.png,RRDataset,high,1,0.9107375741004944
531d2fecea1326acbb7e9b3ea8c9ed74fc3b0344779af5f695c5418a76911f44,data/datasets/RRDataset/selection_1500/giovanni/real/real_004826.jpg,RRDataset,medium,0,0.5177193284034729
5323ebaf35009df88d9e7fd792d677dbc26668e5695c3e9790cd461a8d572662,data/datasets/RRDataset/selection_1500/sara/ai/production_000368.png,RRDataset,high,1,0.9933391213417053
5328cff8b13f2a2c8a169ae22539f709c129d85c5af17469467bc786d54f4593,data/datasets/RRDataset/selection_1500/giovanni/ai/normal_007194.png,RRDataset,low,1,0.9956289529800415
53572dbaa686a1bf166eff67ecef1a8ded44646071cd6165c4141ee1294b5cce,data/datasets/RRDataset/selection_1500/lorenzo/ai/Natural_Disasters_&_Accidents_000462.png,RRDataset,medium,1,0.9628344178199768
53639ce3e88d8bf5a8cefc4144f261b5be9c04ed16059ddb6fa426f17db200ab,data/datasets/RRDataset/selection_1500/giovanni/real/real_005526.jpg,RRDataset,medium,0,0.8970599174499512
5372aceef0626a7bba926dd39f362a9bfca655ec0cdb4204ce11e4d0eb572732,data/datasets/RRDataset/selection_1500/giovanni/ai/Political_&_Social_Events_000350.png,RRDataset,medium,1,0.9364477396011353
538c6c7ae38d4f27dd6867ed4774f1d8388ca3519366f86ab89417cf2f180238,data/datasets/RRDataset/selection_1500/lorenzo/ai/Natural_Disasters_&_Accidents_000576.png,RRDataset,medium,1,0.985207200050354
538f483df822501d95d31e9e9fc80a5f133e35984f6174cca521f692e2d4ca0b,data/datasets/RRDataset/selection_1500/lorenzo/real/real_005159.jpg,RRDataset,medium,0,0.09542488306760788
539e840ae7f2b3bebadcd5b29056e1040523351deac982637a3d2a34691a69d6,data/datasets/RRDataset/selection_1500/lorenzo/real/real_009405.jpg,RRDataset,medium,0,0.07080936431884766
53aa723769acd47abdedfaab2d366f3620df3acf04f45eee7bb0dbef20e6908f,data/datasets/RRDataset/selection_1500/lorenzo/ai/War_&_Conflict_Scenes_000895.png,RRDataset,high,1,0.9766277074813843
53cb3a074456888fe0ba02cb1d693e8d75ab342d0ba65da9d6cbff42e55aaa62,data/datasets/RRDataset/selection_1500/sara/ai/normal_008499.png,RRDataset,low,1,0.9584702253341675
53eba60c4598acb6f22825a467cca71bbe2af660aab7015ad602ca5126d2dc7a,data/datasets/RRDataset/selection_1500/giovanni/real/real_005357.jpg,RRDataset,medium,0,0.4496265947818756
53eeb11d322439498d6316f6bab1d28b69847e72ab2bdb614e88a638a56695c3,data/datasets/RRDataset/selection_1500/sara/ai/Natural_Disasters_&_Accidents_000293.png,RRDataset,medium,1,0.9920254349708557
53f30ce7c894b9c8eee5fd8c46779c2da1c16811c098748836f756edd700974c,data/datasets/RRDataset/selection_1500/giovanni/ai/production_000630.png,RRDataset,medium,1,0.9974338412284851
542723ce3ea39844fc0c4e15c945358a34d1d001b3e96266d0a9590db8237aef,data/datasets/RRDataset/selection_1500/sara/real/real_003850.jpg,RRDataset,medium,0,0.8397067189216614
54624aed0c459e67c3e2ebab1b7b1ea8164896d975d4f2703059431c4927b013,data/datasets/RRDataset/selection_1500/lorenzo/real/real_008611.jpg,RRDataset,medium,0,0.9088428616523743
54dc7eec19d134ec7a79d17e313378c150ae1a1d9f5e106cc51e5a1b3f8e6b69,data/datasets/RRDataset/selection_1500/lorenzo/real/real_006118.jpg,RRDataset,medium,0,0.9883149862289429
556e9ff6b6b9be59df13a596048f4fe458a9995505c80028ada7677afa2a074d,data/datasets/RRDataset/selection_1500/sara/ai/Medical_&_Public_Health_000017.png,RRDataset,medium,1,0.9680675268173218
558b1128b969dc8af61dd26749900ef99baa549b8e1ee9fd320f9616aa5e1b97,data/datasets/RRDataset/selection_1500/giovanni/real/real_001531.jpg,RRDataset,medium,0,0.4178658127784729
559fbab371ba0f1aeef357a608096804f5c04c916e4ba5b493d2b5000d395a82,data/datasets/RRDataset/selection_1500/sara/real/real_006201.jpg,RRDataset,low,0,0.9924151301383972
55b089b9040dd334b9d4cae37bd1cbd51322e75c69a04c071f3d18d4da66abc9,data/datasets/RRDataset/selection_1500/lorenzo/ai/Medical_&_Public_Health_000003.png,RRDataset,high,1,0.9246107935905457
5601590a4682fd0e17fbdcbab445fd0925bedeb8559b5fa79c3cc24fa9036c50,data/datasets/RRDataset/selection_1500/lorenzo/real/real_001977.jpg,RRDataset,medium,0,0.6408220529556274
560916b2623f679bbd66fd17c16d07c0961b584a80dd3b251b6f578bcdd16757,data/datasets/RRDataset/selection_1500/giovanni/real/real_003502.jpg,RRDataset,medium,0,0.1403544396162033
560ca1ed3ae38681f2ef9297852a2e981c132fabcca6754edf2462ad800d7689,data/datasets/RRDataset/selection_1500/sara/real/real_002374.jpg,RRDataset,medium,0,0.8435418605804443
5610e8f69473d4608a03968fc2b8de8372b500b7cf494a111af0fb7b29c7d416,data/datasets/RRDataset/selection_1500/lorenzo/ai/Culture_&_Religion_000915.png,RRDataset,medium,1,0.998116135597229
56129ab07db592a745279ddb4050d01b90eac666c7aaae7f88b9d1d7aecf13ce,data/datasets/RRDataset/selection_1500/sara/real/real_001414.jpg,RRDataset,medium,0,0.5823825001716614
561dcf3fd6fc39bade95182cade0e311cb40627aa9f72230ed9a9bce6891967c,data/datasets/RRDataset/selection_1500/giovanni/ai/production_000645.png,RRDataset,medium,1,0.9994055032730103
561e423c0b2c92c01f473433179f86c280025207214c509aa9c07d348f538c1c,data/datasets/RRDataset/selection_1500/lorenzo/ai/Natural_Disasters_&_Accidents_000265.png,RRDataset,low,1,0.9788303971290588
56232e07993c4a389a2a8c69f6c755839bb785f30b4cbacf5073f275d935db3d,data/datasets/RRDataset/selection_1500/lorenzo/ai/production_000019.png,RRDataset,medium,1,0.9800658226013184
5668dc794f486a9662782cfec9380bfdd6a2c5a65a54682fed03be1b04bb8b00,data/datasets/RRDataset/selection_1500/lorenzo/ai/Culture_&_Religion_000179.png,RRDataset,medium,1,0.5986248254776001
56c6424013c2e4b8e02a361ad504636c7243c562b5d8707ceb37d2e1c2a69ab3,data/datasets/RRDataset/selection_1500/giovanni/ai/normal_008681.png,RRDataset,low,1,0.9917789101600647
56de53fd05e26aed9e2d69d32334d1f2a987b93b77ba360b02568c487435f27b,data/datasets/RRDataset/selection_1500/giovanni/ai/Culture_&_Religion_000142.png,RRDataset,medium,1,0.8885722160339355
57070ac3f9a4a41939bb5208db8f8017bd1c122df2ee863913452294602ee7aa,data/datasets/RRDataset/selection_1500/sara/real/real_009421.jpg,RRDataset,medium,0,0.36746689677238464
573bfb6a4d9fa7e7029469d9127037184fdc7d3fba56918593e838e42d73f631,data/datasets/RRDataset/selection_1500/sara/real/real_002551.jpg,RRDataset,medium,0,0.8015831708908081
573d5e0c91dc49b79f5d68a487ddd6996cd36bc5a8d2ce56684d5c1c5452b133,data/datasets/RRDataset/selection_1500/giovanni/real/real_000968.jpg,RRDataset,medium,0,0.501887321472168
5755ba7de4b6ae2c9424a42ebfa29cd31834154c028c2d993f4ca2496b51dadf,data/datasets/RRDataset/selection_1500/giovanni/real/real_008171.jpg,RRDataset,low,0,0.9986727237701416
576c13a5ef7add172a7d97f738853738fb06b8c71bdff581f49953cedcf3bb5a,data/datasets/RRDataset/selection_1500/giovanni/ai/War_&_Conflict_Scenes_000225.png,RRDataset,medium,1,0.9924196600914001
578184d56f4a3468e756c95618077da879dfdc954dd8291886c48401d29ce9e3,data/datasets/RRDataset/selection_1500/giovanni/real/real_009474.jpg,RRDataset,low,0,0.9752205014228821
5841c2218d94bc88674c21bad6a4d71d48bee771ec32a2f3cb04022a9ba3ed90,data/datasets/RRDataset/selection_1500/lorenzo/ai/Medical_&_Public_Health_000413.png,RRDataset,high,1,0.9720163345336914
584d821442850c5df3d5e82804e809f57f2e615d817ebaef2e55f4dd9707e5c9,data/datasets/RRDataset/selection_1500/sara/ai/production_000522.png,RRDataset,high,1,0.9990227222442627
58ab4d486bd89081482e90d2066096316cfb9e9de5f5f80ab50662d972bb077f,data/datasets/RRDataset/selection_1500/lorenzo/ai/Medical_&_Public_Health_000955.png,RRDataset,high,1,0.9554826021194458
58d7a302a72e7a36af8cf81d616935989994694744d8b10b35233c306f3140a0,data/datasets/RRDataset/selection_1500/sara/ai/production_000497.png,RRDataset,medium,1,0.9919479489326477
59366b2e91d465033d94e740ad1fc5a4ed71f520cbe985cb57a54475c9caa6f0,data/datasets/RRDataset/selection_1500/lorenzo/ai/Natural_Disasters_&_Accidents_000993.png,RRDataset,medium,1,0.9750558137893677
593b9336dd895b1c2a597ad59a86ca7e6235f69ec876d2dbea692ec28789d039,data/datasets/RRDataset/selection_1500/giovanni/real/real_002966.jpg,RRDataset,medium,0,0.9065046310424805
595f5ed23193939926fb01597c757f3f325fe38b3885444a2ca9fd89ced79fa8,data/datasets/RRDataset/selection_1500/sara/ai/War_&_Conflict_Scenes_000452.png,RRDataset,high,1,0.9522031545639038
59717c34e433bd3d8178fe6c687c69c2c2dc30dd6410ccf68d41825a1271d32f,data/datasets/RRDataset/selection_1500/giovanni/ai/War_&_Conflict_Scenes_000278.png,RRDataset,medium,1,0.9760562181472778
59a1a44c2885021c1f73710bd0af2d8e29b9de1c4ac08ef61c0cad0ea5b4e948,data/datasets/RRDataset/selection_1500/sara/real/real_009392.jpg,RRDataset,low,0,0.026349907740950584
59a97a4b94b6ca276fb86ac25b83b833e0aa96414192f77f2e84cf3e3ccc759a,data/datasets/RRDataset/selection_1500/sara/real/real_006587.jpg,RRDataset,medium,0,0.9726009368896484
59ba9a5bf0e39081402aab13866822ba506f27810ee081f54df7bdd5b65bf6cc,data/datasets/RRDataset/selection_1500/giovanni/ai/Political_&_Social_Events_000303.png,RRDataset,high,1,0.9856469035148621
5a074c710a6aa3c11a20b79e09d0b26eea80c689bedc8dda55721e61b061298d,data/datasets/RRDataset/selection_1500/lorenzo/real/real_009901.jpg,RRDataset,low,0,0.9958693385124207
5a137a43c13ba94d8b578f5ca7e78179f078f96cc35df834118ac5dd48507a7b,data/datasets/RRDataset/selection_1500/lorenzo/real/real_006705.jpg,RRDataset,medium,0,0.9629716873168945
5a5011515f37f5446fd97444d68f27cf252040b7dbb3598b222e42e78fc664b8,data/datasets/RRDataset/selection_1500/lorenzo/ai/production_000405.png,RRDataset,medium,1,0.9819245338439941
5a5c27a6615916e32fcc6a465eef05d00b8dad4e611224e40bfbe43e0fb50b59,data/datasets/RRDataset/selection_1500/giovanni/ai/War_&_Conflict_Scenes_000629.png,RRDataset,high,1,0.963478147983551
5a6a19c4f24683a219765990cf78a25a458d0c8be021b9d03f491f425a2bef89,data/datasets/RRDataset/selection_1500/sara/real/real_000114.jpg,RRDataset,medium,0,0.30411672592163086
5bb40db9aaf8825f9f45a580b866934c5104e9807221a65f6f288aadd02774d2,data/datasets/RRDataset/selection_1500/giovanni/ai/Medical_&_Public_Health_000478.png,RRDataset,high,1,0.8828843235969543
5bc0016c9583ab2272825ad427f2acc1abb069034b91a0fa3a77f60e05f6dac3,data/datasets/RRDataset/selection_1500/giovanni/ai/Culture_&_Religion_000445.png,RRDataset,medium,1,0.8949272036552429
5c140c356233ec5efeb77c9de5a86bad8ee27537f133b6c88456b26470ffc88d,data/datasets/RRDataset/selection_1500/giovanni/ai/Medical_&_Public_Health_000958.png,RRDataset,high,1,0.9119545817375183
5c2682360b82c98a7b9c430bf2b03bc596a3bcaf974986ef8233aeb0f6d2877e,data/datasets/RRDataset/selection_1500/giovanni/real/real_004903.jpg,RRDataset,low,0,0.9939648509025574
5c32335ecc2a185d2e3f77e3698dd4f4592beb2459a31a4364f1b8efccf3f058,data/datasets/RRDataset/selection_1500/sara/real/real_005024.jpg,RRDataset,medium,0,0.4592010974884033
5c403e6f916091b5dd069a7d1c81674dc85aeb32d6beeb7948f9bcf3697f0fed,data/datasets/RRDataset/selection_1500/giovanni/ai/Natural_Disasters_&_Accidents_000566.png,RRDataset,medium,1,0.9930258989334106
5c4a0e356d98d03271a23c8e0e151d04296297b3c37decc258f2dc75b153e50e,data/datasets/RRDataset/selection_1500/sara/ai/Culture_&_Religion_000701.png,RRDataset,high,1,0.9572407603263855
5c4b801015566c6454e87fd8f09a04d0b25e48de7ca0a12228cb2b6527e63975,data/datasets/RRDataset/selection_1500/sara/real/real_008169.jpg,RRDataset,low,0,0.9853687882423401
5c761c87c8906ee8d7fb7ef37b972dff24738f954e5e43a87ec6c60a77dcf818,data/datasets/RRDataset/selection_1500/giovanni/ai/normal_008421.png,RRDataset,low,1,0.9663781523704529
5d0587e2d07c1aaaa82a3b70b58b3f435b64823fd4e1d2721c38020b590ecd5e,data/datasets/RRDataset/selection_1500/lorenzo/real/real_003980.jpg,RRDataset,medium,0,0.7160291075706482
5d255f93568bb585f6a2b01c9d9512cadf162326ca0784aee4462a7a930e83a3,data/datasets/RRDataset/selection_1500/giovanni/real/real_009507.jpg,RRDataset,medium,0,0.00870518572628498
5d5bdda640de8cd371df16e371277137ec357085c312c82f66425804a33c6991,data/datasets/RRDataset/selection_1500/sara/real/real_004551.jpg,RRDataset,low,0,0.21428801119327545
5d6277307f8b594dd63c77dc4b78252084efdbfa55f6c5900b33992d7507aeaa,data/datasets/RRDataset/selection_1500/giovanni/ai/Medical_&_Public_Health_000922.png,RRDataset,medium,1,0.9873720407485962
5d680e860d975bc682a40a2529fc9e30cb32960b91b05dfbb2e9ca57d038c262,data/datasets/RRDataset/selection_1500/giovanni/ai/Political_&_Social_Events_000110.png,RRDataset,medium,1,0.7771843671798706
5d68a824448c765b75cfff0e7906f43dbd6e34c19ae6950196304cc08b18c031,data/datasets/RRDataset/selection_1500/sara/real/real_000899.jpg,RRDataset,low,0,0.16478286683559418
5d7f679b9113bc0d3ee84f48f6329c2ff4bd63386d440ace3729bfe8edca4fb8,data/datasets/RRDataset/selection_1500/sara/ai/Culture_&_Religion_000153.png,RRDataset,medium,1,0.9098563194274902
5db9757d6f5339a1daa591c1140a5307fa676d461ac5af4bd350f8982a75238e,data/datasets/RRDataset/selection_1500/lorenzo/ai/War_&_Conflict_Scenes_000655.png,RRDataset,medium,1,0.9327138066291809
5e3291047201d2b36c9e330a0ca17eb3e36944520045620aac562fae27cba36a,data/datasets/RRDataset/selection_1500/lorenzo/ai/War_&_Conflict_Scenes_000988.png,RRDataset,high,1,0.987036943435669
5e4b05dadd92d70fa86753ba0a8bebbdba645b003cb2fc9f7c122a0edd77f13c,data/datasets/RRDataset/selection_1500/lorenzo/ai/Political_&_Social_Events_000323.png,RRDataset,high,1,0.9452089071273804
5e8bec1107620387d0adca987c185b75c7f3f9cc0e94e9debc8ee8ba83bc810d,data/datasets/RRDataset/selection_1500/giovanni/real/real_006539.jpg,RRDataset,low,0,0.9720702171325684
5ed0fb025fef1934945dcf9c02abdf052778da49c9f303c8c04cf416783c9d8a,data/datasets/RRDataset/selection_1500/lorenzo/ai/War_&_Conflict_Scenes_000021.png,RRDataset,medium,1,0.967596173286438
5f1c663c2af3bb9ecd16f18453a10aba89475506884e5c2ae9899aaea1b019da,data/datasets/RRDataset/selection_1500/sara/real/real_003229.jpg,RRDataset,low,0,0.9943874478340149
5fad4b8db531276b73263edc137e35e9177d34890b0cb4332c52cc97ad62c310,data/datasets/RRDataset/selection_1500/giovanni/real/real_005137.jpg,RRDataset,medium,0,0.9511786103248596
5fb9cfb7d232a25cf83b54f01776597b1716c9b11785fac80f169ff24b582535,data/datasets/RRDataset/selection_1500/giovanni/ai/Political_&_Social_Events_000952.png,RRDataset,high,1,0.9895269870758057
5ffd28ec43fd2c0d2113f106e36297db49b076050cf088443d7af8cebcc46fba,data/datasets/RRDataset/selection_1500/sara/real/real_005087.jpg,RRDataset,medium,0,0.8801596760749817
60846da2b60eb5caa454ac73a8daaab0ba5f5760909341e24f7f5130a6479967,data/datasets/RRDataset/selection_1500/giovanni/real/real_004418.jpg,RRDataset,medium,0,0.7272287011146545
60dcc7088f535f4f0a79a9a9d58889ddd6a92bc1f300d01a4489688d7c1b34db,data/datasets/RRDataset/selection_1500/sara/ai/Medical_&_Public_Health_000953.png,RRDataset,high,1,0.8769112825393677
61089498fa6e67451c15424db649e69423e797c675e6df2832c8f2ae9c1c7611,data/datasets/RRDataset/selection_1500/lorenzo/ai/War_&_Conflict_Scenes_000578.png,RRDataset,high,1,0.8794629573822021
6109fc8aa8891dbc6bb37be63ea216d99c1cfa49f4dbcff78586274cccab45c7,data/datasets/RRDataset/selection_1500/lorenzo/ai/production_000960.png,RRDataset,medium,1,0.9996180534362793
610bb04f5cc17bc394a8bd56ae5299c8351ef50a31762d1a12d3ed00834ec2a2,data/datasets/RRDataset/selection_1500/giovanni/ai/Natural_Disasters_&_Accidents_000473.png,RRDataset,medium,1,0.9805489182472229
6110517bdff70a5bb1bcf0b679c93c4e89890a78e7d1210b8720263896616d30,data/datasets/RRDataset/selection_1500/giovanni/ai/Political_&_Social_Events_000927.png,RRDataset,high,1,0.9704415202140808
612a346113d6db642be0adcd7daeefcd79c927a13968b250d5cf64f8f627cc3c,data/datasets/RRDataset/selection_1500/giovanni/ai/Culture_&_Religion_000319.png,RRDataset,medium,1,0.838387668132782
613a64fcec133ac62d3086f33d31d7d132dc9d004c2572fc94917073e75e823f,data/datasets/RRDataset/selection_1500/giovanni/ai/Political_&_Social_Events_000574.png,RRDataset,medium,1,0.9918859004974365
613bb2077fdc6a8a933961eb7be4242d0c8f6dba0d73b581b1ce4a989b99ecc9,data/datasets/RRDataset/selection_1500/sara/ai/production_000778.png,RRDataset,low,1,0.9945104122161865
614a50c1242f57701db2051e9734db8a1d53cdd47c413de0591eceb5b8b8bc33,data/datasets/RRDataset/selection_1500/lorenzo/real/real_004244.jpg,RRDataset,medium,0,0.9690840840339661
614d4e0e7f9ee043ee784c2f84575d80884091a0150deeaaee84a71e21009e61,data/datasets/RRDataset/selection_1500/giovanni/ai/normal_007996.png,RRDataset,low,1,0.9509989619255066
615e300f9cafcb2ba83520e279f4cea5412663893d740b24919aae1aa8c2c939,data/datasets/RRDataset/selection_1500/lorenzo/real/real_008861.jpg,RRDataset,medium,0,0.11110758781433105
61a8146c4e21d0998b1801e85166aaa050c009ca6e05500200e10e7cfbd639e8,data/datasets/RRDataset/selection_1500/lorenzo/ai/Political_&_Social_Events_000639.png,RRDataset,medium,1,0.997703492641449
620807e87e4f47b68eac67708d228ce5302b65ed5947d269a36e213af1161ddb,data/datasets/RRDataset/selection_1500/sara/ai/Medical_&_Public_Health_000002.png,RRDataset,high,1,0.7809945940971375
620eb343068463d85204241abf4a94a59cca9afc23b283245d7a10a4dbca5582,data/datasets/RRDataset/selection_1500/giovanni/ai/Culture_&_Religion_000904.png,RRDataset,medium,1,0.9997243285179138
6218b395e0d1888bad7f627be967b4c5bb80456a3950ee6c2d6db67c1151191b,data/datasets/RRDataset/selection_1500/giovanni/ai/Medical_&_Public_Health_000590.png,RRDataset,medium,1,0.8827800154685974
621abc25f1e83b40b1148f220db6c562c7f938bbf8daa9b1898bd9d5c68d0954,data/datasets/RRDataset/selection_1500/giovanni/ai/Natural_Disasters_&_Accidents_000221.png,RRDataset,medium,1,0.8205240368843079
622cff069a36d5da6b4061157cf155e4058c9ed7066a5323ebd957abe9c0e2d9,data/datasets/RRDataset/selection_1500/sara/ai/War_&_Conflict_Scenes_000437.png,RRDataset,medium,1,0.9894910454750061
626b732637ed5859a1eb394609f82d4de50d262722b7664dd463087b3e3a7ccb,data/datasets/RRDataset/selection_1500/lorenzo/real/real_006812.jpg,RRDataset,medium,0,0.9800959825515747
6280dffb6c193a22ea8f3281ce09816bac93fb7eab5602934bb6c53d8653b476,data/datasets/RRDataset/selection_1500/giovanni/real/real_003402.jpg,RRDataset,low,0,0.6303020715713501
62e3c8bf91b6801c660dbee1ffaaf7189f3820822c38bf9d8b2e427180ab69d9,data/datasets/RRDataset/selection_1500/giovanni/ai/War_&_Conflict_Scenes_000155.png,RRDataset,high,1,0.8027064204216003
634189c5987c5e5f68775d5b5df219b6eb58e6b8a59fe9f9361afd232dbfe042,data/datasets/RRDataset/selection_1500/lorenzo/real/real_004479.jpg,RRDataset,medium,0,0.4179476201534271
634d46bf724f7672a188dbf23db4e3fc3d789700da13e628e9a118284241fb64,data/datasets/RRDataset/selection_1500/sara/ai/Medical_&_Public_Health_000367.png,RRDataset,medium,1,0.9605520963668823
63fa6303271aca3f50865c41e8bae8414a1c2ff8c7591ae8a7cf848ca9a85247,data/datasets/RRDataset/selection_1500/giovanni/ai/production_000220.png,RRDataset,medium,1,0.8604087829589844
6433af075246cd9dd88b6f87958cc18deb2d1f520881f31e1d8798d88bad4309,data/datasets/RRDataset/selection_1500/sara/real/real_004174.jpg,RRDataset,medium,0,0.9135210514068604
643dde2fdf01a33db8803fc887059cd4e667578d001218a2805a52b6d40bc46c,data/datasets/RRDataset/selection_1500/sara/ai/War_&_Conflict_Scenes_000303.png,RRDataset,high,1,0.7755199074745178
64a073c77cad3cabf5d89d4dcad69564015ffa10b9e2871792aa67628556084e,data/datasets/RRDataset/selection_1500/giovanni/ai/Political_&_Social_Events_000579.png,RRDataset,medium,1,0.8637680411338806
64b32851cf7610a6725d4325315dc7df8ae079fad6931102a2957a42f63e133b,data/datasets/RRDataset/selection_1500/giovanni/real/real_008270.jpg,RRDataset,low,0,0.9918564558029175
64cfc18eb94db8fcb01419115e6348cd744f8ac4fcc48404fd9c764cd38b9ae7,data/datasets/RRDataset/selection_1500/sara/real/real_005454.jpg,RRDataset,medium,0,0.3840908110141754
64e6bb1101dc3d0a513c1730d71644058ff961c2218f1644dd2a6febd3c0b5ef,data/datasets/RRDataset/selection_1500/sara/real/real_002825.jpg,RRDataset,low,0,0.5831586718559265
653496e0b05c19dcd1ddc944e0ba065bce354ada9e084d54d6923cc4df542809,data/datasets/RRDataset/selection_1500/lorenzo/ai/production_000854.png,RRDataset,low,1,0.9991979002952576
6541e738c03aca6839224b03fc23392e8bdd223e8913fe0444b3f8c4a5a761f8,data/datasets/RRDataset/selection_1500/giovanni/real/real_004390.jpg,RRDataset,medium,0,0.21092632412910461
65c77270a9ed29a7db33664374c0f6911fac6097b12da4fca47f42c7c05beeca,data/datasets/RRDataset/selection_1500/lorenzo/ai/Culture_&_Religion_000818.png,RRDataset,medium,1,0.969353437423706
6620796d29f788aee268e3f412385e011bb4d7bec735e6c93781555e38096743,data/datasets/RRDataset/selection_1500/giovanni/real/real_003602.jpg,RRDataset,low,0,0.9541628956794739
6676f8daa910bdaef79ecb280bb21b4a001490a775fbb6916ce05ee1db348d01,data/datasets/RRDataset/selection_1500/sara/ai/production_000492.png,RRDataset,medium,1,0.9724108576774597
66fa8781915ddfc34d1e12e2d4861664c6b79be980548c93f8ef45fdb324adad,data/datasets/RRDataset/selection_1500/giovanni/real/real_005723.jpg,RRDataset,medium,0,0.08988551050424576
671898b909b5469641f2b38722cde001fa6d1d96572ea1bf279c1736d6ed4021,data/datasets/RRDataset/selection_1500/lorenzo/real/real_009458.jpg,RRDataset,medium,0,0.02794492430984974
67327cf80c807aded2cdc3de3f07c8db1f6e420e650a52c0665b137f696aeb6d,data/datasets/RRDataset/selection_1500/giovanni/real/real_007934.jpg,RRDataset,low,0,0.4528479278087616
673e22fe4de49eb8d349c55010c64daec7b10f5bee7a5dcb304c21f3ef13bf34,data/datasets/RRDataset/selection_1500/lorenzo/real/real_004709.jpg,RRDataset,low,0,0.975678563117981
6769a6b4ac533d4eb8d12c4d29790c7e409fe2cfd982bec91e8690c220d3e8f9,data/datasets/RRDataset/selection_1500/giovanni/real/real_005209.jpg,RRDataset,medium,0,0.6037880182266235
67713c1f9fbdc01790fb8bcc69c25f1e5e44485c1788f2939cee4e758c44fa17,data/datasets/RRDataset/selection_1500/lorenzo/real/real_006476.jpg,RRDataset,medium,0,0.9998133778572083
67de5aa21677d23c0030c30f9da077dfd66f44b3646c8a8ae6a128c2e9c8e64b,data/datasets/RRDataset/selection_1500/lorenzo/real/real_007278.jpg,RRDataset,medium,0,0.9578680396080017
6863ced20abed1eb154ab61072e2fab6b9a65d839186d9c3e783a9f0335a6f4f,data/datasets/RRDataset/selection_1500/giovanni/real/real_005241.jpg,RRDataset,medium,0,0.8799686431884766
6923ba4b7a9c1fd0c09aa48d11ef0ce72084c5f911b13144b5397011c8dd65d0,data/datasets/RRDataset/selection_1500/sara/real/real_003259.jpg,RRDataset,medium,0,0.5686882138252258
6938e3d8070de85a2d2d9e1d62136902dd0050c035d70441eacbd97ecc0b89a0,data/datasets/RRDataset/selection_1500/lorenzo/real/real_005400.jpg,RRDataset,medium,0,0.9834166765213013
6997e7f523b94a6363c5ae6fbaf4034aac6959923186e8ad00ecfc97175a67c2,data/datasets/RRDataset/selection_1500/lorenzo/ai/War_&_Conflict_Scenes_000738.png,RRDataset,medium,1,0.9991177916526794
69f7ef7c05de9c25355e5fa54ab129d2e56b6ce866f2c37bf48303b6228bc556,data/datasets/RRDataset/selection_1500/giovanni/real/real_006844.jpg,RRDataset,medium,0,0.9947015643119812
6a7c1c271c979f90de66842f8030b0f2d0ec75c40e6b39218918b87b0c871f23,data/datasets/RRDataset/selection_1500/lorenzo/ai/normal_007261.png,RRDataset,low,1,0.871947705745697
6adef498610766a4153723e0101578303b6f7638fdc6ed204edba2266d0414ea,data/datasets/RRDataset/selection_1500/giovanni/real/real_009548.jpg,RRDataset,medium,0,0.006219029426574707
6bc00517739f4402e21a07f8482137fc5526052c50ac45d58672bdea3519fd23,data/datasets/RRDataset/selection_1500/giovanni/ai/Natural_Disasters_&_Accidents_000911.png,RRDataset,low,1,0.9954795837402344
6bcee2ec451bdf8c856a06be11bd0c4714a73d278f2a7e0615af1efb6aeaa17d,data/datasets/RRDataset/selection_1500/lorenzo/ai/Medical_&_Public_Health_000318.png,RRDataset,medium,1,0.9755443334579468
6c0f2ed8f2953a45e3b7068c3d7ab17a876081920fcb5981f726a6836cec60fc,data/datasets/RRDataset/selection_1500/giovanni/real/real_001984.jpg,RRDataset,medium,0,0.9171393513679504
6c35ff429686aaa64588e89aa36c79d1e0e6d5efb4c2100c73cf77b08586e16e,data/datasets/RRDataset/selection_1500/lorenzo/ai/Culture_&_Religion_000190.png,RRDataset,medium,1,0.9391005039215088
6c8ea1c7f942c0f08ceaefd7bcc9497765361360dd7629099ecb9e5fe8176a68,data/datasets/RRDataset/selection_1500/sara/ai/normal_007488.png,RRDataset,low,1,0.9981428384780884
6d1be0a2476b458f1efcb10f69ce39497b2bbd3f17d66e49bcd5789efefc0fc7,data/datasets/RRDataset/selection_1500/giovanni/ai/normal_008597.png,RRDataset,low,1,0.9911729693412781
6d1dd26c722324045c9d3e5fcec6d6f1b9576ea46744db4b0fcf630d1758cf99,data/datasets/RRDataset/selection_1500/lorenzo/ai/Medical_&_Public_Health_000315.png,RRDataset,medium,1,0.8702701330184937
6d39a889cb7d73eb72f7aa1cef2bfba7ff430779b31ea861b528a106d6353a87,data/datasets/RRDataset/selection_1500/lorenzo/real/real_007714.jpg,RRDataset,medium,0,0.4713330566883087
6d45587509dbd1840be7e37b12d8595efdd47553b64ce98c9742376c311c8dc4,data/datasets/RRDataset/selection_1500/sara/ai/Medical_&_Public_Health_000250.png,RRDataset,medium,1,0.9434845447540283
6d857834f94e59341e09429ba1dc66d1aa6c04b4ae2675c1bdf24989b0e7f298,data/datasets/RRDataset/selection_1500/lorenzo/ai/normal_007238.png,RRDataset,medium,1,0.9901089668273926
6db972a4b41af08c5c504682cb0bbc9b616756392441f6c68f5e0bc41a33bddb,data/datasets/RRDataset/selection_1500/giovanni/real/real_001768.jpg,RRDataset,high,0,0.5459771752357483
6dcfbc763efc415c1819150828efcb3ab75dd620b0c2a5c280224ae17452913f,data/datasets/RRDataset/selection_1500/lorenzo/real/real_001709.jpg,RRDataset,low,0,0.9739106297492981
6dd62d94597404c86d0e70a822526bbd6da2d24a791f63ef92f0bb8bab330ef3,data/datasets/RRDataset/selection_1500/lorenzo/ai/Political_&_Social_Events_000225.png,RRDataset,high,1,0.9201425909996033
6e01e5a9e67156c9a8d1eeba104b985d8d9b801a8317c11e430916ba01372c5d,data/datasets/RRDataset/selection_1500/giovanni/real/real_001461.jpg,RRDataset,medium,0,0.8161472082138062
6e191d310c71a7293dafbe290297e35053d23a9b97094e92fdd59898c2ec841b,data/datasets/RRDataset/selection_1500/giovanni/ai/normal_006734.jpg,RRDataset,low,1,0.9375474452972412
6e2f3eed879f77b08b4e40d5e62ff0d2f1f06aa7c153bfd38af03943b6bd7121,data/datasets/RRDataset/selection_1500/giovanni/real/real_003031.jpg,RRDataset,high,0,0.5559304356575012
6e2fc3b916425d91196d59e0a0882568ca5a65022cd5e456da5bbca575a6885d,data/datasets/RRDataset/selection_1500/giovanni/real/real_001986.jpg,RRDataset,medium,0,0.8290249705314636
6e338dca86ab6929ba2f196ae5fdca76045571e76825285b2f4178716f25b085,data/datasets/RRDataset/selection_1500/sara/real/real_001348.jpg,RRDataset,medium,0,0.9662153124809265
6e6c841fa6a4474109ba708a69bc19610f590e0a58eafe593082bc234db98b97,data/datasets/RRDataset/selection_1500/sara/real/real_004748.jpg,RRDataset,medium,0,0.9896953105926514
6e7e935d673fa401faa1f8c00d1d4fa7aea959d1d2b5e9768fd86876bc311721,data/datasets/RRDataset/selection_1500/sara/ai/normal_006890.jpg,RRDataset,medium,1,0.33682045340538025
6ead2a18fa4f67a73f3c505b05ade4b49f19a49e7c2ed04117516f7b1705901c,data/datasets/RRDataset/selection_1500/sara/real/real_004456.jpg,RRDataset,medium,0,0.8578332662582397
6f4aa8043f842929f56dfc497c898bdbe151fa705fed4149776aba752c38e990,data/datasets/RRDataset/selection_1500/lorenzo/ai/Natural_Disasters_&_Accidents_000832.png,RRDataset,medium,1,0.8512837290763855
6f5b55f54d93f096b1062d9634334f25087d69408dac29a1f34e65687c5f0d66,data/datasets/RRDataset/selection_1500/lorenzo/real/real_003620.jpg,RRDataset,low,0,0.9907283782958984
6f7cf272200c1fec49af30d26e3f37cdb4d4eb270fcda88e03367f23ed64f7c1,data/datasets/RRDataset/selection_1500/lorenzo/real/real_006410.jpg,RRDataset,medium,0,0.9532502293586731
6f984ac5e1a5c53c8008ba6979c8014443482b850830fe48c6a2647439b5ffb5,data/datasets/RRDataset/selection_1500/lorenzo/real/real_006884.jpg,RRDataset,medium,0,0.9920381307601929
6f9a207483fdb543bb81eefdef526f069a0800455cdd4a0563f425ee3f6db2ce,data/datasets/RRDataset/selection_1500/lorenzo/ai/Natural_Disasters_&_Accidents_000033.png,RRDataset,medium,1,0.7680456042289734
6ffc049108776487bd3ae4b1f29b4eec0d3d92ad8d9e0e05077221103f7a0a67,data/datasets/RRDataset/selection_1500/giovanni/real/real_004063.jpg,RRDataset,medium,0,0.2839664816856384
708be2cfc6657cbf143798e549f880b8475105db3737113adf7e03e645d6774b,data/datasets/RRDataset/selection_1500/lorenzo/ai/War_&_Conflict_Scenes_000991.png,RRDataset,medium,1,0.9092587232589722
7092f64372de916345e95a1ed03bd16e489c331ea6dcac6ea861ad5d8a1b5762,data/datasets/RRDataset/selection_1500/giovanni/real/real_000804.jpg,RRDataset,medium,0,0.2785574793815613
70a22a5f0552ba2ccba497633a00aa8e833fcc797e69bddc96631bad79843ad9,data/datasets/RRDataset/selection_1500/sara/real/real_007534.jpg,RRDataset,medium,0,0.7772599458694458
70a6c75bfc03d9f519c34e7ad04b608826d703e5f0981581e046051d9123beab,data/datasets/RRDataset/selection_1500/lorenzo/real/real_006297.jpg,RRDataset,medium,0,0.907596230506897
70aa7f6a58066c4fd93d05ed5b03228385aa7250a9caebc468fa8be34f71e2e4,data/datasets/RRDataset/selection_1500/giovanni/real/real_004507.jpg,RRDataset,medium,0,0.678731381893158
716d6a1f3d05c298a01385b8b24963d388687b9644516d26eafccfe0157886e1,data/datasets/RRDataset/selection_1500/sara/real/real_004581.jpg,RRDataset,medium,0,0.9626353979110718
71dd542d7c9d6642adb7ee44f289c195689ebf363f3e3725bd339663032eab5f,data/datasets/RRDataset/selection_1500/sara/ai/War_&_Conflict_Scenes_000222.png,RRDataset,medium,1,0.9364956021308899
71ed52186c729ebce1f08353e0e4f575cca0ab092cc4e77438d2cacf9a1f385f,data/datasets/RRDataset/selection_1500/lorenzo/ai/Political_&_Social_Events_000724.png,RRDataset,medium,1,0.9753283262252808
721948175c89508b6dd52529ab42e0d0c97f3765ecf2966ed6d8b22299b447af,data/datasets/RRDataset/selection_1500/lorenzo/real/real_000196.jpg,RRDataset,medium,0,0.23433466255664825
725a705daf5a3488c5b13269bfbd714aa721a4c7116dbf7ed36887b475df7ae7,data/datasets/RRDataset/selection_1500/lorenzo/real/real_003474.jpg,RRDataset,medium,0,0.8731358051300049
729db014ea5dce9407544b23d5ca383de8bd0aea4f15e10c0f4eef099199aacf,data/datasets/RRDataset/selection_1500/giovanni/real/real_001322.jpg,RRDataset,low,0,0.5927188992500305
72aa195d63299e96c9ce6e1094df89330a6d1847aeda7700296a6878d50c7e0f,data/datasets/RRDataset/selection_1500/giovanni/real/real_008799.jpg,RRDataset,medium,0,0.4719020128250122
732bee5fab7e0c778df9df01b4eb359f0f5ce6c59c096eba9497e339fe89d519,data/datasets/RRDataset/selection_1500/giovanni/ai/Medical_&_Public_Health_000304.png,RRDataset,medium,1,0.9201363325119019
7342d93bf98dfc21dbc15d636bedcf03b68e92ecd1c6f876cc075f508d26ac8a,data/datasets/RRDataset/selection_1500/lorenzo/real/real_008697.jpg,RRDataset,medium,0,0.034308046102523804
735986b1226ec088e657663e2e83677dbaed4e83fb9dded44ceef2b916a7431d,data/datasets/RRDataset/selection_1500/sara/ai/Political_&_Social_Events_000137.png,RRDataset,medium,1,0.9042373299598694
7362e9f1dec9ae41539098fea1de699640c43b6c212af62bafc1a9082cf13fed,data/datasets/RRDataset/selection_1500/sara/ai/Culture_&_Religion_000728.png,RRDataset,high,1,0.9468950033187866
736f9d880dbb9751c7d016ab8450630e589a7dd5a03caaf5bc4ffe44a600f2ab,data/datasets/RRDataset/selection_1500/lorenzo/ai/Political_&_Social_Events_000421.png,RRDataset,high,1,0.9314270615577698
7378d0f734f4421b7b295f8556a2d67fd32a5316eb7532e9a0678289fe0c5439,data/datasets/RRDataset/selection_1500/lorenzo/real/real_004603.jpg,RRDataset,medium,0,0.14607729017734528
73cf1562f92a78833246c93951ed647b91167a12598a826aa969d749785f863e,data/datasets/RRDataset/selection_1500/giovanni/ai/normal_007973.png,RRDataset,low,1,0.9883467555046082
73d1c6b02e363db41e92897e97f6d9aa5389313c4a1530aa0828d67927fac5c5,data/datasets/RRDataset/selection_1500/giovanni/real/real_004984.jpg,RRDataset,medium,0,0.5629266500473022
73d3afcf8c06b05d707fbbfb31f685a479eb22fabe7335bba0ae01549b01fc17,data/datasets/RRDataset/selection_1500/lorenzo/real/real_008917.jpg,RRDataset,low,0,0.8707432150840759
73f89f32a2c0c165654f142af51276e11e4d36e0743fdeca47ae33ab6bfd6c76,data/datasets/RRDataset/selection_1500/lorenzo/ai/War_&_Conflict_Scenes_000927.png,RRDataset,high,1,0.798944890499115
740293eb0bf739810e862b297714cafda2b5cbb47862884f9ab4e004d0cf7094,data/datasets/RRDataset/selection_1500/lorenzo/ai/Political_&_Social_Events_000602.png,RRDataset,medium,1,0.9969730377197266
74087cb9c3457ed9b7ac915122f2e7be33432744eca9843b530ae30506e75b6f,data/datasets/RRDataset/selection_1500/giovanni/ai/Political_&_Social_Events_000160.png,RRDataset,medium,1,0.955621600151062
742e44b76da063bac0a7230548bd0ef4ba08ba8726f45805578516d731559ef3,data/datasets/RRDataset/selection_1500/lorenzo/ai/Political_&_Social_Events_000570.png,RRDataset,medium,1,0.9951562881469727
7438e104ee9ac7c0f1805afa7aa14902abf969ec84163e243abd81d6c8816086,data/datasets/RRDataset/selection_1500/sara/real/real_009218.jpg,RRDataset,medium,0,0.22126510739326477
743f88d7c27236c555f848eb2745796d45329db9256c5d0e5020a2e630b9e93a,data/datasets/RRDataset/selection_1500/lorenzo/ai/Medical_&_Public_Health_000833.png,RRDataset,medium,1,0.9915387034416199
74593cb78a00ce9967848087379b601ec5ebf3498e47781f5991e9955dcba0a6,data/datasets/RRDataset/selection_1500/sara/real/real_008615.jpg,RRDataset,medium,0,0.9755631685256958
7479c44b9db36a9a7b435f885286d6b08fd6350f5f5cffc898e9a8a2e1c4e468,data/datasets/RRDataset/selection_1500/lorenzo/ai/Culture_&_Religion_000221.png,RRDataset,medium,1,0.6248245239257812
74c48f374b92ddf4a32a47a885fe0deb55e89f30b7e17e7ec722eb6aafcf5674,data/datasets/RRDataset/selection_1500/giovanni/ai/Natural_Disasters_&_Accidents_000336.png,RRDataset,low,1,0.8361110091209412
74d8e13891d647f066cab3cd3fec7a85257ce5ac8b7d5a267d1107eced6bf6d2,data/datasets/RRDataset/selection_1500/giovanni/ai/production_000746.png,RRDataset,low,1,0.9877511262893677
74ded0d233e03cd707b27df87d5e11df0b983a824d72849e7ab9ac6ec36194a5,data/datasets/RRDataset/selection_1500/lorenzo/ai/Political_&_Social_Events_000486.png,RRDataset,medium,1,0.9416732788085938
75932facc3e74a85c1d4d2c8852e48b1f2cf9f429960d03738578275b10c7bba,data/datasets/RRDataset/selection_1500/lorenzo/ai/normal_007690.png,RRDataset,low,1,0.9954174757003784
75973646b12ef7dfdb84b39df8afe41f8d4ebaafb62d0c27a3be2e0571e98392,data/datasets/RRDataset/selection_1500/giovanni/ai/production_000896.png,RRDataset,medium,1,0.9941868782043457
75c4f3b91f19e3dac3002506e67b6b48d084b9041c56e982493380269381b154,data/datasets/RRDataset/selection_1500/giovanni/ai/Medical_&_Public_Health_000700.png,RRDataset,medium,1,0.8226941823959351
75d907ee6cebc52bcfdf5934a01ba83e8b2cfb711b1b5355b1eee22baa42c330,data/datasets/RRDataset/selection_1500/lorenzo/ai/Medical_&_Public_Health_000531.png,RRDataset,medium,1,0.963625431060791
7618c58f76e45ece7ad2dcc9f7ea2fa764f1aa6ff6ab6aaa204ebb5a855f224c,data/datasets/RRDataset/selection_1500/giovanni/real/real_008256.jpg,RRDataset,low,0,0.9910723567008972
76204b4f620c5a32f2e1a649adb9147b1e3c7990a4c81b9a33a42e1b3738a3d9,data/datasets/RRDataset/selection_1500/giovanni/ai/Political_&_Social_Events_000340.png,RRDataset,medium,1,0.9778690934181213
769d4559798c3ec6e67392cd08fe52ec2a276830a3420bdcb48a5abea962071b,data/datasets/RRDataset/selection_1500/sara/ai/Medical_&_Public_Health_000562.png,RRDataset,low,1,0.9786538481712341
76f1dbff2ff43628c8337048837c940941c72103c93487ac3f8458c3dbd5e5f9,data/datasets/RRDataset/selection_1500/sara/ai/War_&_Conflict_Scenes_000114.png,RRDataset,medium,1,0.9927514791488647
7707ab7ffa6072ad533199d6113438aa1413604b844c7915614eddf3ca6de3b0,data/datasets/RRDataset/selection_1500/lorenzo/real/real_007316.jpg,RRDataset,medium,0,0.1280607432126999
7713596f4e46946555c276359514d9f84d45f26d60e4d995832ca1735524fc55,data/datasets/RRDataset/selection_1500/sara/real/real_006788.jpg,RRDataset,medium,0,0.955893874168396
77390138b1b8bc3db5b9d110d54530af7642a50b2612eaf711b90c97cfc7553a,data/datasets/RRDataset/selection_1500/sara/real/real_008937.jpg,RRDataset,medium,0,0.0009473874233663082
7758711718c959b9ae3a29fdccf988d2f43159202f30676327c5a0ae5a571370,data/datasets/RRDataset/selection_1500/giovanni/real/real_006795.jpg,RRDataset,medium,0,0.6125662326812744
77638f5a44b913f37561cd7c630cd40c8cb68e69a7b2857b38b7d181df3d9417,data/datasets/RRDataset/selection_1500/sara/ai/Medical_&_Public_Health_000866.png,RRDataset,medium,1,0.9973781108856201
77744259595a40262969a7975c0adb33fa122befbe9b8c9dd5a38ec2a8502ce2,data/datasets/RRDataset/selection_1500/giovanni/ai/Natural_Disasters_&_Accidents_000639.png,RRDataset,high,1,0.9885779619216919
7784427b3949bf3ba8d085ca625db76664282b3090ec13f1e0c7cb7030283bc6,data/datasets/RRDataset/selection_1500/giovanni/ai/War_&_Conflict_Scenes_000216.png,RRDataset,high,1,0.8840671181678772
778b3e9f1f298f6cc16e33953203e25f401514df283eb0e92c4091b63b33f2e1,data/datasets/RRDataset/selection_1500/lorenzo/ai/normal_006820.jpg,RRDataset,medium,1,0.8541556596755981
780a42dd6c7ef88e9e922d5c39979d9d67c2be5dc8985e055ac46b981d090b3f,data/datasets/RRDataset/selection_1500/sara/real/real_003368.jpg,RRDataset,medium,0,0.6123164296150208
7836772d91390c365f94a588541885364de2ef4694a4cfabfab2f3fcd2a5ee50,data/datasets/RRDataset/selection_1500/lorenzo/real/real_004072.jpg,RRDataset,medium,0,0.951321542263031
785be602c61205000761b8d8c8b069b0345cac50529b7a0ab60b14b5c04b0d4d,data/datasets/RRDataset/selection_1500/sara/ai/Political_&_Social_Events_000149.png,RRDataset,medium,1,0.784087598323822
786ca93614e440353cb0f7849a0973efa39a4ba7199b5142024041490931be3c,data/datasets/RRDataset/selection_1500/lorenzo/real/real_000116.jpg,RRDataset,medium,0,0.7446755766868591
7871abca572c0d400174dd1d42e298423627d8c902d2d9bb1b3940498f221899,data/datasets/RRDataset/selection_1500/lorenzo/real/real_001781.jpg,RRDataset,medium,0,0.3289644420146942
78c77628147070b832628a46f843b25398bc690aeb85314e3e51bda8773bff32,data/datasets/RRDataset/selection_1500/giovanni/real/real_009061.jpg,RRDataset,medium,0,0.9924569129943848
78f0a48098b58addf6e0c24181856e2f2ce3fe688ae5d2d3d7c38c47b415d2a6,data/datasets/RRDataset/selection_1500/lorenzo/ai/War_&_Conflict_Scenes_000857.png,RRDataset,high,1,0.9861698150634766
78f33e2730ed0f5c343ceeccaf92d9dbcd54d541b4c65bd0c9137476767d55da,data/datasets/RRDataset/selection_1500/giovanni/ai/Political_&_Social_Events_000399.png,RRDataset,medium,1,0.8028187155723572
7933f72252be17a2a24394411d8b09aaff97efca5222412c445eb7ffdebeecb6,data/datasets/RRDataset/selection_1500/lorenzo/real/real_004846.jpg,RRDataset,medium,0,0.15333528816699982
794f1e3f058d6dc9f0e60494000b98b10a4eb9838715a63323fd8581874c80cd,data/datasets/RRDataset/selection_1500/lorenzo/ai/Medical_&_Public_Health_000453.png,RRDataset,high,1,0.8876548409461975
797678d7c07f0273c7528ca87d495e79dcf9715b79e7c91176407a2149875fd3,data/datasets/RRDataset/selection_1500/lorenzo/ai/Culture_&_Religion_000735.png,RRDataset,high,1,0.865805447101593
7a127d12fc949a8f4c533c7dda69de353f5218c7fc78a43a708b3edf5a9e1220,data/datasets/RRDataset/selection_1500/lorenzo/ai/War_&_Conflict_Scenes_000331.png,RRDataset,medium,1,0.7716943621635437
7a33fd76a0d80353172c7d115e85345744575eb98d5b31a2cff34de26c01ee9a,data/datasets/RRDataset/selection_1500/sara/real/real_004005.jpg,RRDataset,medium,0,0.6534131169319153
7a5556c04f2b539df59baa8b5762a1431bc4707462b309d64f18186a50fa2332,data/datasets/RRDataset/selection_1500/lorenzo/ai/Political_&_Social_Events_000709.png,RRDataset,medium,1,0.9695278406143188
7a893e70eda2725a305d77ebc17fe0ead981b08fe9af4bb28eb23abe10c6338e,data/datasets/RRDataset/selection_1500/sara/real/real_001527.jpg,RRDataset,low,0,0.940077006816864
7b309bc07eb0d8264784dffbb8fbda82bbc86c55843b07c593aa06ad590eee8c,data/datasets/RRDataset/selection_1500/giovanni/ai/Natural_Disasters_&_Accidents_000952.png,RRDataset,low,1,0.6455187201499939
7b3f99ee04763aac44efe1fe85fcba9777918d6e0d3504d54952379b71ea5d5f,data/datasets/RRDataset/selection_1500/giovanni/real/real_005832.jpg,RRDataset,medium,0,0.9159916043281555
7b4ecd6f9121a8aca64af711cac2ecc80472949a000e6bd679ac1dd184bbfe2e,data/datasets/RRDataset/selection_1500/sara/ai/Natural_Disasters_&_Accidents_000451.png,RRDataset,medium,1,0.9595230221748352
7bbe2ba0e97bf624886507a4b7a31e42cf7d0fa761ddd009e906debddf5acd80,data/datasets/RRDataset/selection_1500/sara/real/real_002102.jpg,RRDataset,medium,0,0.4360803961753845
7bc7406ac31ef26e7a1cf22f8fdae2ce4b4ad0d9631e07b5469b7112d11e5e12,data/datasets/RRDataset/selection_1500/sara/ai/Political_&_Social_Events_000800.png,RRDataset,medium,1,0.993989109992981
7bc7f7f363c91b0d26c775e6d5011125297783cad1be47c4d773ad49f9b0821c,data/datasets/RRDataset/selection_1500/sara/real/real_009983.jpg,RRDataset,low,0,0.6328543424606323
7bd972aaa9e4813504a3e3aaf68a8efef8bcfe10eadcbc292395440a2a2b4f9e,data/datasets/RRDataset/selection_1500/giovanni/ai/production_000262.png,RRDataset,medium,1,0.9798589944839478
7be72deeb180224db56e51464c3eff72107d0864f27821f122d89abeab08fe64,data/datasets/RRDataset/selection_1500/sara/ai/Political_&_Social_Events_000148.png,RRDataset,medium,1,0.6847594976425171
7c548e181d16dbbc0bb8e63b94b9138ffc00a3828a0e0404d9a27f79b69b4b5e,data/datasets/RRDataset/selection_1500/lorenzo/ai/Medical_&_Public_Health_000338.png,RRDataset,medium,1,0.9687300324440002
7c8525ad50f03bcb1b57691c29721db8d20141f2a5132b7bd4715ee698aa030d,data/datasets/RRDataset/selection_1500/giovanni/real/real_003085.jpg,RRDataset,medium,0,0.010516837239265442
7c85bc6d53957bda55297295043b2288bf8bc92800a30ea7b6c00effc1a2cfe1,data/datasets/RRDataset/selection_1500/giovanni/real/real_006431.jpg,RRDataset,medium,0,0.9957184195518494
7ca443e3cdcb1de8722455b56fa4841e5b52cb21ca0badbfbec1b085c837e9da,data/datasets/RRDataset/selection_1500/lorenzo/real/real_003019.jpg,RRDataset,medium,0,0.9270873665809631
7cab84885b831e181471fd422759aaa6755a96b4daf2aaff22b546b4454babb2,data/datasets/RRDataset/selection_1500/lorenzo/ai/Medical_&_Public_Health_000521.png,RRDataset,medium,1,0.970958411693573
7cac4e9ee971802e5150099a684f3370b295ba199f4b7cb30fc37f5f811def6b,data/datasets/RRDataset/selection_1500/giovanni/real/real_003124.jpg,RRDataset,medium,0,0.9025928974151611
7cd7cb1045dcc0486584c08362507f26a7dcbd52e667e30ee5b979bd7159ef66,data/datasets/RRDataset/selection_1500/lorenzo/ai/normal_007835.png,RRDataset,low,1,0.9456321001052856
7ce9a13258d901ca65d0bcd4df16d29000db04e8b9c2cf29014b5ba236068171,data/datasets/RRDataset/selection_1500/giovanni/ai/Natural_Disasters_&_Accidents_000361.png,RRDataset,medium,1,0.8577794432640076
7cec17db3799387e2d9000775d341e9337983eb279356ff3f6e2538bdcf4aad7,data/datasets/RRDataset/selection_1500/sara/real/real_002783.jpg,RRDataset,medium,0,0.26242730021476746
7d24a4642f42ff50ae0698ec540abaefe60349cac94851ce9362d860da8d6247,data/datasets/RRDataset/selection_1500/giovanni/ai/Political_&_Social_Events_000881.png,RRDataset,high,1,0.9977826476097107
7d5c445945a18289de631b239f8e6420dbb1aab05d82d81e94d585dee5a2dcfe,data/datasets/RRDataset/selection_1500/sara/real/real_004616.jpg,RRDataset,low,0,0.9853174090385437
7da3539bdb11b80f109b1ed1e92111b2032293ba55631e11d49dca56b907e7d7,data/datasets/RRDataset/selection_1500/giovanni/ai/Natural_Disasters_&_Accidents_000657.png,RRDataset,medium,1,0.9872509241104126
7db834b7759e20c8c6129afd0b3e07aa7cbd63a46f5e4fbf95e076dfbc836fc5,data/datasets/RRDataset/selection_1500/sara/ai/Political_&_Social_Events_000832.png,RRDataset,high,1,0.9987693428993225
7dbd738e5d107f5604a2ae15fd5fbaa8d246ebd3acb15776c6950045bc2a1272,data/datasets/RRDataset/selection_1500/giovanni/ai/Medical_&_Public_Health_000459.png,RRDataset,medium,1,0.9332475662231445
7dc84b4c565b540da1224d8a5bb1254c5a08c481123583bec09ad77e6a87b712,data/datasets/RRDataset/selection_1500/lorenzo/real/real_000281.jpg,RRDataset,medium,0,0.5103341341018677
7de8a30365e8968d8cde50280423f8e71ecedf4ec0a566520770ce335989f9e3,data/datasets/RRDataset/selection_1500/giovanni/real/real_000109.jpg,RRDataset,medium,0,0.8754139542579651
7eb447a12e04f7d1b9f4179115d2a0ce9bfb1e26154ef303415575dc9e1ffccd,data/datasets/RRDataset/selection_1500/giovanni/ai/production_000314.png,RRDataset,medium,1,0.9879684448242188
7ed2a6661f9f57f421dbf873401c2e7445eb7f67f761cb2c4ffba83ccc555249,data/datasets/RRDataset/selection_1500/giovanni/real/real_009572.jpg,RRDataset,low,0,0.47031769156455994
7ee60c29ea261f440ac29d67097abbcd7752d75a3f0a4b5dd555c4303b0163cd,data/datasets/RRDataset/selection_1500/lorenzo/real/real_001960.jpg,RRDataset,low,0,0.9805814027786255
7f78fcc79c5a70f4bb9c22d95760338cf9ea8f01a5d7114d2660bad15d2cae05,data/datasets/RRDataset/selection_1500/sara/ai/War_&_Conflict_Scenes_000968.png,RRDataset,medium,1,0.9864209890365601
7fc4cb8d909eb12ef737d61f25e3bd663245c15273f961fcee6309ed49a950da,data/datasets/RRDataset/selection_1500/sara/real/real_004881.jpg,RRDataset,low,0,0.8222290277481079
7fc952f7fd00ea4b702a9f57d826e5804f7450a710acb6d0ab8e3fd3004f0906,data/datasets/RRDataset/selection_1500/lorenzo/real/real_002423.jpg,RRDataset,medium,0,0.9545583128929138
7fdde9755f6d1d17e5e32b5af8e76b6b86a553a56dafbbd11af35f1d5b4f9e2d,data/datasets/RRDataset/selection_1500/lorenzo/ai/Natural_Disasters_&_Accidents_000551.png,RRDataset,medium,1,0.44204169511795044
8025c9b6a1ff2ba9a5175bdbbff9cdcaae0631b5fb5da82bc51772fbdabb8191,data/datasets/RRDataset/selection_1500/lorenzo/ai/Natural_Disasters_&_Accidents_000764.png,RRDataset,low,1,0.9425953030586243
8038620dcbda8dd7d585d23ba0dfbbf30f65bbe6a5e2f319ff7881e29768df35,data/datasets/RRDataset/selection_1500/sara/ai/production_000931.png,RRDataset,medium,1,0.9908830523490906
805c68b99ed198b2fd233caa6200d7f5bd52459557a62ef38cd0703ab4310302,data/datasets/RRDataset/selection_1500/giovanni/ai/Natural_Disasters_&_Accidents_000939.png,RRDataset,medium,1,0.950960636138916
807fc7bc3528dd77c29f3f6616dc26c2bab23ed2a0236c1d07d7b2316dd4eb35,data/datasets/RRDataset/selection_1500/lorenzo/real/real_006544.jpg,RRDataset,medium,0,0.9943432807922363
8093cfc2570fc45e3ff570d19684c1dc3b8381acdfa2c4c3ba5d2c2ce3404f25,data/datasets/RRDataset/selection_1500/sara/real/real_008538.jpg,RRDataset,medium,0,0.9783212542533875
809a9566e00a34e70bc7fb1e9af06a439b5408e92a0922a4cbb93321965fa776,data/datasets/RRDataset/selection_1500/lorenzo/ai/normal_007701.png,RRDataset,low,1,0.9978694915771484
80a2b26689ecc6440f19fd3a20dda494cd72fc77eadcca5f951e9068546c6e41,data/datasets/RRDataset/selection_1500/lorenzo/real/real_002760.jpg,RRDataset,medium,0,0.7513867616653442
80a63a2e2c633602cb314f7b3f062cec750d7f88fa7baefd7e4c8251c0713436,data/datasets/RRDataset/selection_1500/lorenzo/real/real_009246.jpg,RRDataset,low,0,0.016382597386837006
80aa692800b66fc045d1aecb03593feb2141596b4855658256aa11c5a39d8741,data/datasets/RRDataset/selection_1500/sara/real/real_005268.jpg,RRDataset,medium,0,0.6201158761978149
81233115617a5bb4b6a7a45c665f6de4acb135465f86c05308ee00580e01c5d4,data/datasets/RRDataset/selection_1500/lorenzo/real/real_005661.jpg,RRDataset,medium,0,0.9829188585281372
812dcaca8a9787eede8dec584e826948673a2c732ffbfdb4bd2a9ccdd8738340,data/datasets/RRDataset/selection_1500/lorenzo/real/real_003201.jpg,RRDataset,medium,0,0.5198312997817993
819639d87e853ad839ede31c5271003c2e69215d617f4e01e007aa3a9d5b21cf,data/datasets/RRDataset/selection_1500/sara/real/real_001863.jpg,RRDataset,medium,0,0.05658545345067978
81aef350a92a3ef21f0d64a5d4dd46e94a9a577951c28416db32c721288295da,data/datasets/RRDataset/selection_1500/giovanni/real/real_004275.jpg,RRDataset,medium,0,0.9795036315917969
81d3e0b4ba168327bed6cd81b25ee1aaea0d2751e51655778dbd5dbc934e4bef,data/datasets/RRDataset/selection_1500/sara/real/real_005177.jpg,RRDataset,medium,0,0.6283599734306335
81f791f1559cd1c94d123e609a9af32afef47bab3199681d816e0fa8d295604a,data/datasets/RRDataset/selection_1500/giovanni/ai/Political_&_Social_Events_000496.png,RRDataset,high,1,0.9647542834281921
82118259e21e4df27abd09f01d3bda7018a51476249c0ebaba491ec0283e18e3,data/datasets/RRDataset/selection_1500/giovanni/ai/Medical_&_Public_Health_000227.png,RRDataset,medium,1,0.9018933176994324
8224ecf821b73db9b37114848f76318322152aa6a5a5d8f5108ef63e3efaefce,data/datasets/RRDataset/selection_1500/sara/ai/production_000774.png,RRDataset,medium,1,0.9952955842018127
82b4c1f74ca723a2429c0505141eb0cacd51881224fa6f676ff6854d1bd2bbdb,data/datasets/RRDataset/selection_1500/giovanni/ai/normal_008533.png,RRDataset,low,1,0.3911140263080597
82c9c8a0396019df0820b7c519ad72d67e91fa4bc99be8376867314f6041f322,data/datasets/RRDataset/selection_1500/sara/real/real_004255.jpg,RRDataset,medium,0,0.5598634481430054
831c8d273698b56f45bd6ba8ba055a8d180ba1854cd68f44ad79cf2ce5d64fa8,data/datasets/RRDataset/selection_1500/lorenzo/ai/Natural_Disasters_&_Accidents_000409.png,RRDataset,low,1,0.9474567770957947
8335254bd311247fa33b94afa01223395350a83d7258ec70ad0991b2b479d225,data/datasets/RRDataset/selection_1500/sara/ai/normal_009607.png,RRDataset,low,1,0.998177170753479
839a18de7ad11488a9535f5ec44ed9043382181981b0cb16d09a0ffe80ac5a70,data/datasets/RRDataset/selection_1500/giovanni/real/real_006792.jpg,RRDataset,medium,0,0.9793624877929688
83b2ad1a95ed8af043e943b8661e8b36d2de50fc54a9d88fc7faa3c44a673c44,data/datasets/RRDataset/selection_1500/lorenzo/real/real_001065.jpg,RRDataset,medium,0,0.07032925635576248
83cf8667393561af5c06770cf33ae00399f5afea717216350f364dee0c10f664,data/datasets/RRDataset/selection_1500/giovanni/ai/Medical_&_Public_Health_000823.png,RRDataset,medium,1,0.9715682864189148
840924248f1a376b73031773396ca4033be3c41ee6b35e9be79982f84fa8fbde,data/datasets/RRDataset/selection_1500/giovanni/real/real_005371.jpg,RRDataset,medium,0,0.06889381259679794
845f7ad9bd937ad6ca0d5973edd10fb05cb1d320a3e2f960d2d3f15c15df3ca9,data/datasets/RRDataset/selection_1500/sara/ai/War_&_Conflict_Scenes_000390.png,RRDataset,high,1,0.9893491268157959
846bfd89713e303a1e3d7f0692079a971443733afb7c0ff3ba950ff91c90bfd5,data/datasets/RRDataset/selection_1500/sara/ai/War_&_Conflict_Scenes_000900.png,RRDataset,high,1,0.7584842443466187
8479a0a2888c8e28382340d0be2111e6ca93f7835343b4aef2256f42cc37dffa,data/datasets/RRDataset/selection_1500/lorenzo/ai/Natural_Disasters_&_Accidents_000130.png,RRDataset,high,1,0.9787390828132629
84d98021cc613e483c4513d769c4fd6622bcc74f576b5081fa7d29e7876d5aff,data/datasets/RRDataset/selection_1500/sara/real/real_002564.jpg,RRDataset,medium,0,0.4506126642227173
84f73ce1d377bafc355425bfa89d1cbff6244e790056935f54383ac78a5d5271,data/datasets/RRDataset/selection_1500/lorenzo/real/real_007414.jpg,RRDataset,medium,0,0.9019373655319214
85072883d5be975f9e19ee510e9032ad37c8aeaa382ea5efe56b1eba82f20567,data/datasets/RRDataset/selection_1500/giovanni/real/real_001629.jpg,RRDataset,medium,0,0.8700461983680725
851a88edaf7e9872409ecb227057439a32abd1c9b030ac6927021606bca52861,data/datasets/RRDataset/selection_1500/sara/real/real_003584.jpg,RRDataset,low,0,0.9782917499542236
854a41c33b4e995964f27edbbab2284806e2a606db27ea804a36705d7ebb58aa,data/datasets/RRDataset/selection_1500/giovanni/real/real_003401.jpg,RRDataset,medium,0,0.9026684761047363
8563cd19239f1dcb82566de5ec26a1b1967e6576a88d9bc2fd87e236e699c675,data/datasets/RRDataset/selection_1500/giovanni/real/real_008710.jpg,RRDataset,medium,0,0.001668902114033699
8573f5491240d6f172345e41586a2be09fdcf110dc9efd1c15beb302cd980be9,data/datasets/RRDataset/selection_1500/giovanni/real/real_007184.jpg,RRDataset,medium,0,0.9771939516067505
85989c54fdef514d1975e68615061c42653d086c46bdaabc23bbdb63ea1e6cce,data/datasets/RRDataset/selection_1500/sara/ai/normal_006279.jpg,RRDataset,low,1,0.27806368470191956
8610b07b8b1623939841f0f112d244868632463cfe941891a0f4d53fb3ec9fe6,data/datasets/RRDataset/selection_1500/lorenzo/ai/Political_&_Social_Events_000891.png,RRDataset,medium,1,0.9742485284805298
862146398cf7f34f69e3379cce283b1a51079f20c46a758c08406e451e9f5851,data/datasets/RRDataset/selection_1500/sara/ai/Natural_Disasters_&_Accidents_000037.png,RRDataset,medium,1,0.9713903069496155
862e6ba03bf1bfa91a809bd17d8b71daa7e3b83fc867ad9d5849ecbf3ba9c26b,data/datasets/RRDataset/selection_1500/giovanni/real/real_008431.jpg,RRDataset,low,0,0.07509955763816833
8655e93181a0f2822c4d67a7dcae2543319edcee9c22aacba1581c979a5bf77a,data/datasets/RRDataset/selection_1500/sara/real/real_006027.jpg,RRDataset,medium,0,0.8960394263267517
8690572b7b55d791d588bca2937c2aeb155e9f925457fc694c61a5305bbdc201,data/datasets/RRDataset/selection_1500/giovanni/real/real_003659.jpg,RRDataset,medium,0,0.4819117486476898
876879ff686df1e81c76ecebe9105c2e0e31b04334248069d26a7f9bc04541d5,data/datasets/RRDataset/selection_1500/giovanni/real/real_008502.jpg,RRDataset,low,0,0.5000208020210266
879290cf44409008b74c8f8f746efa5963302d3b6b2d46bd0b3d2e488c6e850c,data/datasets/RRDataset/selection_1500/lorenzo/real/real_008530.jpg,RRDataset,medium,0,0.945480227470398
87b7b547c66f95e8bdea175182fe679f5672b319a05bdf5b3bdb36b1410b32e7,data/datasets/RRDataset/selection_1500/giovanni/real/real_001575.jpg,RRDataset,medium,0,0.7065639495849609
87ec87ae5c8c1294bf8c7872b6e9f316f7ac1873ddcd8752a5584581eb919b72,data/datasets/RRDataset/selection_1500/sara/real/real_000023.jpg,RRDataset,medium,0,0.42500266432762146
87f17df13612ff7b28a4324e4dbdd50580e9e682d1c2712f1aaa5838dd7e0163,data/datasets/RRDataset/selection_1500/giovanni/real/real_004706.jpg,RRDataset,low,0,0.9731152653694153
87f459197f17b1992f2b776c5280f5f0854a00d572f407304c6f27e19bd3aa30,data/datasets/RRDataset/selection_1500/sara/ai/Culture_&_Religion_000842.png,RRDataset,medium,1,0.9870408177375793
885408d8ac40a04846fe84e2e55a0d5ec78ace473a3925cc82c0bbd74328741d,data/datasets/RRDataset/selection_1500/giovanni/ai/normal_007301.png,RRDataset,low,1,0.9734718203544617
88c99bbb3727bda1e0076b1353b68c76b7e567dc9cd392508c462b1a54ce0afe,data/datasets/RRDataset/selection_1500/lorenzo/ai/production_000118.png,RRDataset,medium,1,0.9846190810203552
88d8e613188803a6e6e4054e8c47b1d104dde5f43e9002a6d7e6eec7f0a6c101,data/datasets/RRDataset/selection_1500/giovanni/real/real_004962.jpg,RRDataset,low,0,0.8291931748390198
88fe7407cab33434b1a09d0219121a519fc1e4e1956773125eee25860f526203,data/datasets/RRDataset/selection_1500/sara/ai/production_000666.png,RRDataset,medium,1,0.9913333058357239
890067cff3afe525bdb8b736c8873ad7e2409d6af4b57b56511810e9abbe3516,data/datasets/RRDataset/selection_1500/lorenzo/real/real_006686.jpg,RRDataset,low,0,0.9212609529495239
89085f2896202886f9c8a8b7cb442e6955c661cfb6e3486013258961b6762714,data/datasets/RRDataset/selection_1500/giovanni/real/real_005192.jpg,RRDataset,medium,0,0.07364041358232498
8963cc9ee39493810a7eea4aa9dacb66a74778eca6a64efb52af630f633e3cc9,data/datasets/RRDataset/selection_1500/sara/real/real_001229.jpg,RRDataset,low,0,0.9758424162864685
89649af81686a557359d757a99f17bc9a88b6f7f3ef9152ccada6526dd3229f4,data/datasets/RRDataset/selection_1500/sara/ai/Culture_&_Religion_000880.png,RRDataset,medium,1,0.9954612851142883
8978c588e308bcc3053b0b7f8032fcd99809cdf08be928991641f9a2433f9106,data/datasets/RRDataset/selection_1500/giovanni/ai/normal_006874.jpg,RRDataset,low,1,0.9295454025268555
89b5bd7cbd1a233edb29b64d825d57710e27bdb0120e12ee4e4dcb32ace3f5fa,data/datasets/RRDataset/selection_1500/lorenzo/real/real_005909.jpg,RRDataset,medium,0,0.1475202739238739
89b8ef86f2024b0b07fff7ee0d0cdd77e161d440dffb8139a153fe21e55d9e38,data/datasets/RRDataset/selection_1500/lorenzo/real/real_003769.jpg,RRDataset,low,0,0.9914907813072205
89d01b2d3788b0b89500e3795d980e4d6eb5aab7ce41c2a82ddada44606d98cf,data/datasets/RRDataset/selection_1500/giovanni/real/real_005423.jpg,RRDataset,medium,0,0.4503805935382843
89d1e0399f3dd7b21c0ede0e804ecbdebb5ab3583655394862a895f5ba0a39e2,data/datasets/RRDataset/selection_1500/giovanni/ai/Political_&_Social_Events_000985.png,RRDataset,medium,1,0.9974997639656067
89dc2f47f2c177c892596df9cd79208b2884d3e583b2ffc734475fc1f9b56fce,data/datasets/RRDataset/selection_1500/giovanni/real/real_003956.jpg,RRDataset,low,0,0.978563129901886
89eb13770dde9a87021c4c85e5512dcd8e799df60f1348838d75470cd1e0c35e,data/datasets/RRDataset/selection_1500/sara/ai/production_000900.png,RRDataset,medium,1,0.9978682994842529
89ff3e5b7f07ca39364e70b4ccacd56ba6e541de808f098d64a4ca1dbf2499ed,data/datasets/RRDataset/selection_1500/sara/ai/production_000789.png,RRDataset,medium,1,0.9889991879463196
8a2377fb6120447925226d8d7e043537bfa29f3013ab9fb98520d71d8b07d0dc,data/datasets/RRDataset/selection_1500/sara/real/real_009949.jpg,RRDataset,medium,0,0.9788118004798889
8a7d88d37d834d86c0beccbb41c89e497b151c8b0e12fffa09213b068a2aaf7f,data/datasets/RRDataset/selection_1500/giovanni/real/real_005634.jpg,RRDataset,medium,0,0.8609071969985962
8ab0232f0c06802058d6b3acd6f00fc425048815fb88651336c1dd9fbbb68780,data/datasets/RRDataset/selection_1500/lorenzo/real/real_000849.jpg,RRDataset,medium,0,0.9785601496696472
8acdb6d094b5c1ec8c201f121d6cfa3afb865cf8824455e192823218c27a569b,data/datasets/RRDataset/selection_1500/sara/ai/Political_&_Social_Events_000363.png,RRDataset,high,1,0.9430860280990601
8b36e2f2a4e153874804ca8e7ebae3af034161cded93fc62f3d2d0878fc4014a,data/datasets/RRDataset/selection_1500/sara/real/real_006545.jpg,RRDataset,medium,0,0.995808482170105
8b5c496b3e2f5605c3f5ecd64aa51111093fabe667d70a1bedbc41ef680825cd,data/datasets/RRDataset/selection_1500/lorenzo/real/real_008180.jpg,RRDataset,medium,0,0.9032042622566223
8b6893b99e0244b9df32b42a211f90288ca21741aaf7c4b43122d2cbed1e8c68,data/datasets/RRDataset/selection_1500/giovanni/real/real_007501.jpg,RRDataset,medium,0,0.9274206757545471
8baadbda6894d60778326dab05225be2910b64ce4ea86d2fd8b270791fa2ff1b,data/datasets/RRDataset/selection_1500/giovanni/ai/Culture_&_Religion_000150.png,RRDataset,medium,1,0.8830199837684631
8bcb5ee1c3c5c5bff343f6b02116c181c847e2906740bd31c70bb4af57cd1d6f,data/datasets/RRDataset/selection_1500/sara/ai/Culture_&_Religion_000202.png,RRDataset,medium,1,0.5962947010993958
8c1b8f7ccaadcf500b20bb9a644e6416c0e4cde3684b9af9e0f43c6a40799911,data/datasets/RRDataset/selection_1500/giovanni/real/real_003641.jpg,RRDataset,low,0,0.7952747941017151
8c5838b6fc7b7dd26c2799ca0d29fc745fdde0392ce49c9ce5d9fab0b3cba914,data/datasets/RRDataset/selection_1500/sara/real/real_006235.jpg,RRDataset,medium,0,0.30702242255210876
8c58b5a826382457176e30525f4ceafebfcae13dbb83315de6b3ff52690de689,data/datasets/RRDataset/selection_1500/lorenzo/ai/Medical_&_Public_Health_000857.png,RRDataset,medium,1,0.982395350933075
8c748368e8aba9b30673d39a267dd05b15d431574b44ac0a28d7104297e85b1e,data/datasets/RRDataset/selection_1500/giovanni/real/real_008951.jpg,RRDataset,low,0,0.6673845648765564
8cbc7f638bfb8877cf08008018ca65b826dbab17b2d501bda3f85518b2da6f8d,data/datasets/RRDataset/selection_1500/sara/ai/Political_&_Social_Events_000974.png,RRDataset,medium,1,0.9948174357414246
8cc8bd108f9cd09b6d271b57aff41f680495bb1d5cee9869b6baef3670bdf272,data/datasets/RRDataset/selection_1500/lorenzo/real/real_001049.jpg,RRDataset,low,0,0.970982015132904
8d51860c6e18e12fd9777a473c865bb4d31e28ab71c2bc386b468fa6f05a5d52,data/datasets/RRDataset/selection_1500/lorenzo/ai/Medical_&_Public_Health_000258.png,RRDataset,high,1,0.7575489282608032
8d53219b5a0c625c6a8f4a8b913662dd30f1fbdd1bf0b6d6f7e69a45763dc97e,data/datasets/RRDataset/selection_1500/lorenzo/real/real_005554.jpg,RRDataset,low,0,0.9989043474197388
8d63c538487fc60cbd408bde7e75483b912c298f0efec5752ec697a20eb83fab,data/datasets/RRDataset/selection_1500/lorenzo/ai/Medical_&_Public_Health_000381.png,RRDataset,medium,1,0.9184623956680298
8d67755ba4855ff5ded094c495dcfbe2fb4b2437f4144e9db9f5a4f622805144,data/datasets/RRDataset/selection_1500/giovanni/real/real_006124.jpg,RRDataset,medium,0,0.9946470856666565
8d7745a126ff385e997791fe47ab44070c6614440b9036d993b08d5611844bb9,data/datasets/RRDataset/selection_1500/sara/real/real_001032.jpg,RRDataset,low,0,0.7891944050788879
8dc74f58df0fe7e6f95b49196f40082cc55f48cf5e802c122804938fb47040da,data/datasets/RRDataset/selection_1500/sara/ai/production_000140.png,RRDataset,medium,1,0.9864943027496338
8dc88c106724fa58a16649772d6b7cb112162c955beb8e45c9aa67141d2119f0,data/datasets/RRDataset/selection_1500/sara/ai/production_000637.png,RRDataset,medium,1,0.9986984729766846
8e09d2051725fa729bde7073e7399ef8279e6cadf82f8e0e28f6c889c138edf4,data/datasets/RRDataset/selection_1500/lorenzo/real/real_008682.jpg,RRDataset,low,0,0.9877612590789795
8e6f77049c2c2322ed31f7c2128efbae50684e4c80560994f2e2f0938eda1478,data/datasets/RRDataset/selection_1500/lorenzo/ai/production_000802.png,RRDataset,medium,1,0.9988190531730652
8ef76556632a08102c638249eb6a975008821ffd1a6a482e71da71d1331e4163,data/datasets/RRDataset/selection_1500/lorenzo/ai/Political_&_Social_Events_000474.png,RRDataset,medium,1,0.9887201189994812
8f14bd714287fa33ca7964c34faabe867bd40c89640cc98319a114fb16898a88,data/datasets/RRDataset/selection_1500/sara/ai/Political_&_Social_Events_000526.png,RRDataset,medium,1,0.9937602877616882
8fa26a1b4725b07fb808da5ff749972faf174f7384d4d036140990fa42523d9a,data/datasets/RRDataset/selection_1500/sara/ai/Natural_Disasters_&_Accidents_000407.png,RRDataset,medium,1,0.8515820503234863
8fa374456b458650d288da1311dd2183ff458ab87b0c1fbac7916b21fd24abf7,data/datasets/RRDataset/selection_1500/lorenzo/ai/Culture_&_Religion_000217.png,RRDataset,medium,1,0.7321861982345581
8fab08a1cd69d966bef7701bea160a72445e59739724a2d140c693a29a1cf034,data/datasets/RRDataset/selection_1500/sara/ai/Medical_&_Public_Health_000009.png,RRDataset,medium,1,0.9483299255371094
8fb53520a3242f99fbd22609756ab12763c65f3fee3219dc2e3c7c699f40dd85,data/datasets/RRDataset/selection_1500/lorenzo/ai/Medical_&_Public_Health_000218.png,RRDataset,medium,1,0.6331123113632202
8fd67aebb12a6d7fa82cbe1c356433331c64ccbbab4a23df2fc5be145f0132ef,data/datasets/RRDataset/selection_1500/giovanni/ai/normal_009188.png,RRDataset,low,1,0.9991804957389832
8fdca0f42a5695a746fbef446551e5d57cf6caad913e9a548b20674f9db2fbaf,data/datasets/RRDataset/selection_1500/lorenzo/ai/Political_&_Social_Events_000847.png,RRDataset,medium,1,0.9977318644523621
8fe1ba1797a4b823bff2285be87c0da98dced31b873e7719399ab5e28252170e,data/datasets/RRDataset/selection_1500/lorenzo/ai/War_&_Conflict_Scenes_000193.png,RRDataset,high,1,0.7361173629760742
90308464841eba6dfa603e6537f4c382f967f39139387e295649a0e657b93062,data/datasets/RRDataset/selection_1500/sara/real/real_002113.jpg,RRDataset,medium,0,0.663640558719635
90353ceea4479167ca404e0d79ecc5e420cc7a6914cfe272e2abf4a23b1590fe,data/datasets/RRDataset/selection_1500/lorenzo/ai/War_&_Conflict_Scenes_000529.png,RRDataset,medium,1,0.8532119989395142
904bd3b760f4afc84446dc561d6deb98997b2c1f1db3ad2a3ee920577edf9db2,data/datasets/RRDataset/selection_1500/sara/ai/Medical_&_Public_Health_000362.png,RRDataset,medium,1,0.9187836050987244
907e2a92d2b6cff527b469e831b4f775386996cc38486e64932d77d51ca24fd4,data/datasets/RRDataset/selection_1500/giovanni/real/real_007222.jpg,RRDataset,medium,0,0.8213441371917725
90b7161e4ed4b93e06e235974bc2949b55c02af5f6166ade767188acadff4516,data/datasets/RRDataset/selection_1500/sara/real/real_002648.jpg,RRDataset,medium,0,0.17677675187587738
90cd233cb809707f81e858fd5176df18849102e27c7984ba7b4ebf3128cf84f3,data/datasets/RRDataset/selection_1500/lorenzo/ai/production_000363.png,RRDataset,medium,1,0.9945918917655945
90fe3ba71607e89988a3a38028a5c83b84d7e8355ad3596f0ec1dcfe9b33e00a,data/datasets/RRDataset/selection_1500/sara/ai/production_000619.png,RRDataset,medium,1,0.9963918328285217
911615ac047bd907f12f1ea157b15334870911d426607eb221fc1705d135d617,data/datasets/RRDataset/selection_1500/lorenzo/real/real_001427.jpg,RRDataset,low,0,0.9215370416641235
913f633e5bade32ff374847384b3e9f6d632beccdedd752e2edcc4c2873b99b3,data/datasets/RRDataset/selection_1500/sara/real/real_005030.jpg,RRDataset,low,0,0.799250066280365
9177fc1f50368d2b38392d857f3463edcd11314d98374d7a42989029c9b3472d,data/datasets/RRDataset/selection_1500/sara/ai/Culture_&_Religion_000689.png,RRDataset,medium,1,0.979790210723877
91d33d33040f3c573454bb381b493e4d42b5682128093b628b4d061a68f7c0cd,data/datasets/RRDataset/selection_1500/lorenzo/real/real_001916.jpg,RRDataset,medium,0,0.5739145874977112
91ef38597d75489d251a1a52053c939b10afd0ae0cca32c198ea4202be9e46e6,data/datasets/RRDataset/selection_1500/sara/real/real_009839.jpg,RRDataset,low,0,0.8624767065048218
91f2324668f09f67d4a497f47d42a410e1f2dbc7e87154001423a4d37837e1e6,data/datasets/RRDataset/selection_1500/giovanni/ai/War_&_Conflict_Scenes_000706.png,RRDataset,high,1,0.9102964997291565
92176df0bbc457c1494bfd1291cf2bfe460afadfc0da9c7b968cd43c274e7c9e,data/datasets/RRDataset/selection_1500/lorenzo/ai/production_000756.png,RRDataset,medium,1,0.9982523322105408
921e48283bcf71ff99ae210451d3adf0b3babfbfa834ed4b00eff7f1e0a81bc1,data/datasets/RRDataset/selection_1500/lorenzo/real/real_004898.jpg,RRDataset,low,0,0.9627751708030701
9258cee1a3bd3ef4382c5ab7b15eba9843502beef8be5a519f431fe93a5c5c41,data/datasets/RRDataset/selection_1500/lorenzo/real/real_008430.jpg,RRDataset,low,0,0.06967169046401978
9275bda7de82ced14c2f385525a978b6d20bc0fa1a3809657028a052453c6b61,data/datasets/RRDataset/selection_1500/giovanni/real/real_004114.jpg,RRDataset,low,0,0.9902644157409668
92a11acf5e1b142b71d4d33464911c51510fde761980fd82b6ebb9b4d88132ee,data/datasets/RRDataset/selection_1500/sara/real/real_008415.jpg,RRDataset,low,0,0.6019029021263123
92ad9e2e5b79a79df6b71a37de8905918077563d9631dd2d663c96b65412ec46,data/datasets/RRDataset/selection_1500/giovanni/real/real_003454.jpg,RRDataset,medium,0,0.156147301197052
92e64736b24fca834a4fd70b7e70ead2a3e4a3ef9f538c9b06445297ef09e5ee,data/datasets/RRDataset/selection_1500/giovanni/ai/normal_008958.png,RRDataset,low,1,0.9864978194236755
92eab66c814fdcb701751d8a715fcfc382eb4860e01a32c2eb47e5b2a1079f7d,data/datasets/RRDataset/selection_1500/sara/real/real_009497.jpg,RRDataset,medium,0,0.0030929099302738905
92ee34455347356d30ffcac9663f0cb1f76514fc9216c043d9466343a172d662,data/datasets/RRDataset/selection_1500/sara/real/real_009823.jpg,RRDataset,low,0,0.08365719020366669
9307331d08913cb7eaa4dee6970042a29f7eba4c9412d7edec366f6e00cde957,data/datasets/RRDataset/selection_1500/giovanni/real/real_003351.jpg,RRDataset,medium,0,0.9857132434844971
9336b1c09a4932cf12c30b3fdc5259a10bee91a8ae8545d0f66e0b3d8d78f975,data/datasets/RRDataset/selection_1500/sara/real/real_003877.jpg,RRDataset,low,0,0.9973434805870056
9343fdb574e7cea7a864f65650b56c5287283fcc3a255b6216f24f79ce2e7ab6,data/datasets/RRDataset/selection_1500/sara/real/real_006309.jpg,RRDataset,medium,0,0.890533447265625
93742dcffb3c4aee5da22027f7f790791f99665f57b572f512368eac0e5770f7,data/datasets/RRDataset/selection_1500/lorenzo/ai/War_&_Conflict_Scenes_000639.png,RRDataset,medium,1,0.9330199360847473
93ccb8e1440f04bb80aad3062a7cc4a383ec5769ed4fd96756ef1024677376fd,data/datasets/RRDataset/selection_1500/giovanni/ai/Culture_&_Religion_000879.png,RRDataset,low,1,0.9829366207122803
94aa6a19fd3bc77a71f3e7116224a4dda23c71ea169578c30b05f7f05579765d,data/datasets/RRDataset/selection_1500/lorenzo/ai/Political_&_Social_Events_000914.png,RRDataset,high,1,0.9967101812362671
94c00b3abc316b5c08895ef80d4fec83782cc6b445d754441727097cb3c433fa,data/datasets/RRDataset/selection_1500/sara/real/real_007277.jpg,RRDataset,medium,0,0.9560426473617554
955e1f3e5ae25b53af972a8b26d1b905f70c184ac6e1b839459d2d747556d5cb,data/datasets/RRDataset/selection_1500/lorenzo/real/real_008827.jpg,RRDataset,low,0,0.9933497309684753
9581bfaa13e63b8915c5cf746dd6ec5e8b61e51de5344d6d81ab66e7fb209a06,data/datasets/RRDataset/selection_1500/sara/real/real_003750.jpg,RRDataset,low,0,0.987174391746521
958669004ea4ede7a824c1aa5036332f4850b9179e68254917cf9efc1612dfe4,data/datasets/RRDataset/selection_1500/giovanni/ai/Medical_&_Public_Health_000047.png,RRDataset,high,1,0.9562106132507324
9586741ca05288d00850b38f0f8f6443807bb4d6a37e5f8aee01326a7441dd86,data/datasets/RRDataset/selection_1500/giovanni/real/real_009658.jpg,RRDataset,low,0,0.18732629716396332
958ae99d7a4f84f145b9bb783e04d77505a724f66f331cdcc7a2b522b00012c7,data/datasets/RRDataset/selection_1500/sara/ai/Culture_&_Religion_000389.png,RRDataset,medium,1,0.9013585448265076
958d92953323a9ce8a445f154313eb1228ee9c0242023a42de6fd738efe1da30,data/datasets/RRDataset/selection_1500/sara/ai/Culture_&_Religion_000923.png,RRDataset,medium,1,0.9770871996879578
95b1557d648ab7a854e40fefaca878f367f831da045d7c0bff31ed68899fb876,data/datasets/RRDataset/selection_1500/sara/real/real_008044.jpg,RRDataset,low,0,0.9952670335769653
95bcc53f407dcae4d9f5fc29c32c164f1660fc2982cde89e5a15a779db3f9c86,data/datasets/RRDataset/selection_1500/lorenzo/ai/Political_&_Social_Events_000971.png,RRDataset,medium,1,0.9962573051452637
960325a7058c872ef54f4ad763642da4185271c5794adf7bd489e6d6d4822ce7,data/datasets/RRDataset/selection_1500/giovanni/real/real_004714.jpg,RRDataset,medium,0,0.9687670469284058
960b56c34bdde5a03c4d949772b4dc61f6f5a0ece9acc7a7463201447245212b,data/datasets/RRDataset/selection_1500/lorenzo/real/real_005585.jpg,RRDataset,medium,0,0.9658192992210388
960de94de580411e43ffa4ad820e393180864543015b4aeda9d575a5090bd7ca,data/datasets/RRDataset/selection_1500/sara/real/real_005351.jpg,RRDataset,medium,0,0.8859145641326904
966ddfeca437daf72cd1c84f9a3abc533e1ab64215827ccdc90d3b668bd2f2f8,data/datasets/RRDataset/selection_1500/lorenzo/real/real_007160.jpg,RRDataset,medium,0,0.9136825203895569
966ed5212355caa3eafa0ed9cd54f85d237d5f000bfd73c68626c5dcf591f0fd,data/datasets/RRDataset/selection_1500/giovanni/real/real_007467.jpg,RRDataset,medium,0,0.19220159947872162
9698512cff795b05cc0984b4f81bbd55b9589c802bd262784fb5701cd1c93373,data/datasets/RRDataset/selection_1500/lorenzo/ai/Political_&_Social_Events_000932.png,RRDataset,medium,1,0.9979397654533386
96be50328512d31aa00ffbdc8845a43f069b40c1ee1afd2239415eba3b735fdd,data/datasets/RRDataset/selection_1500/sara/ai/production_000623.png,RRDataset,medium,1,0.9984506368637085
9706ff89f1d083b7096b818bb95e7ee2e61c5897bce05b21061b406b06d2cd09,data/datasets/RRDataset/selection_1500/lorenzo/real/real_006313.jpg,RRDataset,medium,0,0.8465237021446228
970d8d51a1e640d917d52d3630af0fa1aa907d8078df004609d97f550aff38d4,data/datasets/RRDataset/selection_1500/giovanni/real/real_005164.jpg,RRDataset,medium,0,0.11501512676477432
973157008815b3c13751cdf80f7bb22472768e77509c6b5a2a0b76279c405aca,data/datasets/RRDataset/selection_1500/lorenzo/real/real_002255.jpg,RRDataset,medium,0,0.8852330446243286
976dc133b2a24eb028c0649679159044be3c37263bb8b9dc1a03e4bc44062614,data/datasets/RRDataset/selection_1500/sara/real/real_004235.jpg,RRDataset,medium,0,0.9972527623176575
97abdae7f99137ebe32d0deb1f3b6d0dbdc6cceb560ab99e298f93938d736908,data/datasets/RRDataset/selection_1500/lorenzo/ai/normal_008198.png,RRDataset,low,1,0.6983852386474609
97ced8342eb06fe47ae9cbe6041251a78e452da19336f8608d5b28bc6a7fcb11,data/datasets/RRDataset/selection_1500/sara/ai/Natural_Disasters_&_Accidents_000853.png,RRDataset,medium,1,0.8718598484992981
98ecd534a74274236b988e91bd48d3cf3848d41a36b5a40a0e604975eda4a51f,data/datasets/RRDataset/selection_1500/lorenzo/ai/Political_&_Social_Events_000109.png,RRDataset,medium,1,0.4900703728199005
9925b9aac07eecfbb345abcd7a8baa00cc710f1555af1462f34d9671aeb9c3be,data/datasets/RRDataset/selection_1500/sara/ai/Medical_&_Public_Health_000752.png,RRDataset,medium,1,0.8406962156295776
99408de741e90fbcde83d400118895734a5bc955277d6790609d1c131771205c,data/datasets/RRDataset/selection_1500/lorenzo/real/real_005969.jpg,RRDataset,medium,0,0.922944962978363
99527bb5b5e9be42e58b57b9221139515d06651c36fdb5d9fcf87885c0b16f47,data/datasets/RRDataset/selection_1500/giovanni/real/real_008684.jpg,RRDataset,low,0,0.725128710269928
99acd5936bfb4028d4ac810ca1c01dd5becd51466c6be237c588a3f763b13ee3,data/datasets/RRDataset/selection_1500/lorenzo/ai/Culture_&_Religion_000643.png,RRDataset,medium,1,0.9907790422439575
99ae7a66ebf585cef8203536c8c606eca6e9c9bc159cffefce0d0029dd0237fa,data/datasets/RRDataset/selection_1500/lorenzo/ai/production_000062.png,RRDataset,medium,1,0.9156757593154907
99e8be5a954f1c5fea13c5f9cf3a249b7eddaa196055f32534c6b0c3de87df8e,data/datasets/RRDataset/selection_1500/lorenzo/ai/production_000378.png,RRDataset,medium,1,0.9959642887115479
9a417fde328282f9e2624d47686cb87dda0595b529655718fefd8faf6953b356,data/datasets/RRDataset/selection_1500/lorenzo/real/real_006582.jpg,RRDataset,medium,0,0.9404519200325012
9a4a7a772880fd5ea0225e4fc042a63c9f8c916779bf1ae26c2bff76bbded70c,data/datasets/RRDataset/selection_1500/sara/ai/normal_006737.jpg,RRDataset,medium,1,0.5322107076644897
9a76da226e9ed6bae8f9d584593021a84f5f92c6df59b2551762dee77fbd594b,data/datasets/RRDataset/selection_1500/sara/real/real_002087.jpg,RRDataset,medium,0,0.7795003652572632
9a930a0bd31ed0a9312e2a8821ba003d9540b29247fa535570a79876d4aa6bf4,data/datasets/RRDataset/selection_1500/lorenzo/ai/Medical_&_Public_Health_000072.png,RRDataset,medium,1,0.7107993364334106
9acdcc1abbec2ef66fa55ae84e37a2e307df84e33e078fd28044a4feaf48b9d3,data/datasets/RRDataset/selection_1500/lorenzo/ai/production_000350.png,RRDataset,medium,1,0.9816973805427551
9ad7b44a06740d6f4a70617820270de332716daea427282901902eff5a5e12ad,data/datasets/RRDataset/selection_1500/sara/real/real_006658.jpg,RRDataset,medium,0,0.9957324862480164
9ad8f73b4cebcf2d6b19b851240b5d9445909314a9263a2863012b358faf3b40,data/datasets/RRDataset/selection_1500/sara/real/real_005335.jpg,RRDataset,medium,0,0.9911892414093018
9adf46a85f17699a05227bcd139dc558813c86fc049b54e6c402cb505bea0327,data/datasets/RRDataset/selection_1500/sara/real/real_001101.jpg,RRDataset,low,0,0.9087430238723755
9b339fff811bea2308be8dafa04a42bb50668d74a27c385fdc4fefbce0ff1ea2,data/datasets/RRDataset/selection_1500/giovanni/real/real_000305.jpg,RRDataset,medium,0,0.24009501934051514
9b3b8a017ba693d825922667dc0e5d5986182d295ab43578af13b1e082270976,data/datasets/RRDataset/selection_1500/lorenzo/real/real_000437.jpg,RRDataset,high,0,0.2665034234523773
9b4cd0907680975d5abf6963928e38fdfb44ccf81cf4588582587e941a7208c2,data/datasets/RRDataset/selection_1500/sara/real/real_002397.jpg,RRDataset,medium,0,0.9635816812515259
9b737a9c5189a61f7b157fab007d42f354c209717d3750786fdcf4b238880761,data/datasets/RRDataset/selection_1500/lorenzo/real/real_005975.jpg,RRDataset,medium,0,0.8410341143608093
9ba01ef04d336c2caf1448ea3ea50ca69c29223d79c7fe3a076d653c1b228b25,data/datasets/RRDataset/selection_1500/sara/real/real_000280.jpg,RRDataset,low,0,0.9961563944816589
9ba7eed1ab1b771de829c671a5c53a8c9ddd4e715e709d3719cb30468c4a1a03,data/datasets/RRDataset/selection_1500/giovanni/ai/Medical_&_Public_Health_000927.png,RRDataset,medium,1,0.9892925024032593
9bacf7dfc788642aeb54aba9a5c823a3670bcf1b0e44fc07597ca5d0fc2d4135,data/datasets/RRDataset/selection_1500/giovanni/ai/production_000122.png,RRDataset,medium,1,0.9836367964744568
9bb6c0424c0607fc8d68a37056573d807318ea089fdff59caa2f19beab674128,data/datasets/RRDataset/selection_1500/lorenzo/real/real_004948.jpg,RRDataset,low,0,0.3825380206108093
9be3a8571bcdb565162cfe94bd65efbdad714d8fe2215482d431a0de9077fa0a,data/datasets/RRDataset/selection_1500/lorenzo/ai/Political_&_Social_Events_000995.png,RRDataset,medium,1,0.9954322576522827
9c2496ec15720ea414d0efac8cebaee1b1495c3f199a2c657ba187b5b36d2127,data/datasets/RRDataset/selection_1500/giovanni/real/real_002145.jpg,RRDataset,medium,0,0.1398789882659912
9c2bd64bef5e73a249ecf01ae1ca447cacdf82f43204f8019b54f02e2812c5c9,data/datasets/RRDataset/selection_1500/sara/ai/Natural_Disasters_&_Accidents_000513.png,RRDataset,medium,1,0.9794974327087402
9c400453c24e6265d940a11ad1d04e8527cb28f99d23492400ad924e9b85d98d,data/datasets/RRDataset/selection_1500/sara/real/real_004888.jpg,RRDataset,medium,0,0.9628819227218628
9c4860e8b897f8fa7f9e56973ab2f0e5462db0ffa9b0d4a8d9186df5807e2848,data/datasets/RRDataset/selection_1500/sara/ai/Medical_&_Public_Health_000877.png,RRDataset,medium,1,0.9730808734893799
9c4e177ebd9453f03f51f2e6446d3fa3f203eeb5b7731fb09e19c27fda9aa0a5,data/datasets/RRDataset/selection_1500/lorenzo/ai/War_&_Conflict_Scenes_000647.png,RRDataset,medium,1,0.9995303153991699
9c669f7fd80ddac1b702eee76913d489c0d939a6cb7289bce2ed8d0fa9151bf1,data/datasets/RRDataset/selection_1500/sara/real/real_008332.jpg,RRDataset,low,0,0.9922354817390442
9c6bb34960d426f44ba8f82e6588712edd9671ce36de68a0ef481c4971794fab,data/datasets/RRDataset/selection_1500/sara/ai/production_001000.png,RRDataset,medium,1,0.9989368319511414
9c6edcf4b92b0e6662ce43c93fda1a768343a5ae715d004cdef6057874b4f5a6,data/datasets/RRDataset/selection_1500/giovanni/real/real_009911.jpg,RRDataset,low,0,0.022632483392953873
9c77f20c5aae91e350345108a2b9ba2c16d32fbee01f2837af6944bd193777d3,data/datasets/RRDataset/selection_1500/sara/ai/production_000331.png,RRDataset,medium,1,0.9904352426528931
9d0d6fa16cfed129b60c0914aeeb0afcd16a3a1c73fc16e3b30e6134b5dab1c1,data/datasets/RRDataset/selection_1500/lorenzo/real/real_002307.jpg,RRDataset,medium,0,0.8812465667724609
9d334b7d22c0839f345c1d25a34db8556d0c4cb877f6b4c485f4c17bef597d56,data/datasets/RRDataset/selection_1500/giovanni/ai/production_000990.png,RRDataset,medium,1,0.9979434609413147
9d407ea31ea1143ca788518c66333189c87ff7d194105092dcd8029c2f44bf80,data/datasets/RRDataset/selection_1500/sara/ai/Medical_&_Public_Health_000785.png,RRDataset,medium,1,0.9917928576469421
9d42319e36aea664746daa1c178936e1198e0cdaa55fbf7dc307ba1f56fa19fa,data/datasets/RRDataset/selection_1500/giovanni/ai/Medical_&_Public_Health_000322.png,RRDataset,medium,1,0.9665483236312866
9d45fdd714443d5ad928667c6f0e9a1eced51a19efeb85d805101e80731d3d16,data/datasets/RRDataset/selection_1500/giovanni/real/real_003434.jpg,RRDataset,medium,0,0.8264650106430054
9d4968614dae077c14fa0960724f587e4c67e1f05e35dfeb66bd50c5828ec447,data/datasets/RRDataset/selection_1500/lorenzo/real/real_005978.jpg,RRDataset,medium,0,0.967677652835846
9d8f51ba4f57cf282154a37f36011068723e5e33bd9cdd4705f08dca721d0fc4,data/datasets/RRDataset/selection_1500/lorenzo/real/real_002800.jpg,RRDataset,medium,0,0.5990095734596252
9dbb386bbc643bf8f84c7be0608959f76ad5dd1a6ec78c5de37931835351850c,data/datasets/RRDataset/selection_1500/sara/real/real_007207.jpg,RRDataset,low,0,0.17293719947338104
9e43e2dba505c8e014acf23f237f8aadd6186e217574ffee454e535e80e8b391,data/datasets/RRDataset/selection_1500/sara/real/real_002103.jpg,RRDataset,medium,0,0.16696247458457947
9e6cfcaae10e054dc0133a2d5a16eade1d14e11ab42ee6875b956f26cd537645,data/datasets/RRDataset/selection_1500/giovanni/ai/Culture_&_Religion_000810.png,RRDataset,medium,1,0.970893919467926
9eab8965aa4d807f2e492b9d862c964a4defd29b1f064c4e078b5a46d37d58c7,data/datasets/RRDataset/selection_1500/giovanni/ai/Political_&_Social_Events_000018.png,RRDataset,high,1,0.9909090399742126
9ec38e6d708ab17bf4bb77a7363bef5b7b2905d827f6d6d7ded69b1083ecb5eb,data/datasets/RRDataset/selection_1500/giovanni/ai/normal_007660.png,RRDataset,medium,1,0.9363707900047302
9ec8f11f7fa7caf79be1e88dcc6df4034ee8c3d677ee2ed5a8704afcc58817a2,data/datasets/RRDataset/selection_1500/giovanni/real/real_005842.jpg,RRDataset,medium,0,0.9851813316345215
9f05b0ea094d98e6143277698e59b43e41238cea10e7d0885eae3b8428b8cde9,data/datasets/RRDataset/selection_1500/giovanni/real/real_008030.jpg,RRDataset,low,0,0.8832541108131409
9f06c1643a87b3901804a6761f4b6882046b48658b75bcb64efee8b65ef1fc0c,data/datasets/RRDataset/selection_1500/giovanni/ai/normal_006449.jpg,RRDataset,low,1,0.4892667531967163
9f97ccc65619a780390e7f128b620910e083a9b0c02efedf1975161f3bd80272,data/datasets/RRDataset/selection_1500/giovanni/ai/production_000453.png,RRDataset,medium,1,0.9815969467163086
9fafbf5fa198a104c985c10441ab7b05b4a5c7f1e4a6e57b546e684b05433aa9,data/datasets/RRDataset/selection_1500/lorenzo/ai/Natural_Disasters_&_Accidents_000019.png,RRDataset,medium,1,0.9612632393836975
9fbaefdd979e9625613354d8cabb4ba8b733bcd4f91bc1f3e579b23d1ae0dfb7,data/datasets/RRDataset/selection_1500/giovanni/real/real_005591.jpg,RRDataset,medium,0,0.8657159209251404
9fff46ab29a82ac3f9b25f807dc34b926d191230ceb5392870ac0445481c8efb,data/datasets/RRDataset/selection_1500/sara/ai/Medical_&_Public_Health_000644.png,RRDataset,medium,1,0.8365098834037781
a001fd9231632618d32114c51a658d280d1240ee561610b1eef5f9a52418efd8,data/datasets/RRDataset/selection_1500/sara/ai/War_&_Conflict_Scenes_000880.png,RRDataset,medium,1,0.9931835532188416
a007e6bff7034a15aa0c94380ec0ede19046bd5149bc4eabf83acc12c431e8bf,data/datasets/RRDataset/selection_1500/lorenzo/ai/production_000225.png,RRDataset,medium,1,0.9287461638450623
a008ef2dc30d1f000cd9abddb466cf274ef045409466c49f985d11eb7cf9e7f2,data/datasets/RRDataset/selection_1500/sara/real/real_007169.jpg,RRDataset,medium,0,0.9745927453041077
a0180026629dae545fb8518ba0773e00becf8070fd95625f55cc524faeae0df5,data/datasets/RRDataset/selection_1500/sara/ai/War_&_Conflict_Scenes_000638.png,RRDataset,medium,1,0.9491891264915466
a04ecb0cb349bfad11d0dcd311a2ff8fdcc1a201678b54b382c7ef2103536ee3,data/datasets/RRDataset/selection_1500/sara/real/real_003079.jpg,RRDataset,medium,0,0.03507041558623314
a070f352e00fbbdb8d3e0abe152c4af4972780aed9f6bd88df2a770cd76999b4,data/datasets/RRDataset/selection_1500/giovanni/ai/War_&_Conflict_Scenes_000873.png,RRDataset,high,1,0.9459574818611145
a0afac405d22bb01e4b9a0ee0a5e590a0df99857fc602ec1174b24ba5a5427c5,data/datasets/RRDataset/selection_1500/lorenzo/ai/Culture_&_Religion_000108.png,RRDataset,medium,1,0.8972497582435608
a0bc0606caa4dfaddc7e9f431636ffc9dd3525e7d9e6193f9f2663df8e5b0f9a,data/datasets/RRDataset/selection_1500/sara/ai/Medical_&_Public_Health_000970.png,RRDataset,high,1,0.9410647749900818
a0bde45f3a3c1fdf828374b4dae5fd836976edd114619149b2b793005e958c72,data/datasets/RRDataset/selection_1500/giovanni/ai/Natural_Disasters_&_Accidents_000972.png,RRDataset,low,1,0.8476111888885498
a0ea4781b70a1a6b9b7496488e08ddd1a299ce581665e1a448da7c2358987622,data/datasets/RRDataset/selection_1500/sara/real/real_002108.jpg,RRDataset,medium,0,0.9152033925056458
a12df7db17bbce52565068274cd57314e3a9b2214421c4ca9bb16868de954aa6,data/datasets/RRDataset/selection_1500/lorenzo/ai/production_000178.png,RRDataset,medium,1,0.978320837020874
a148465116c01e450499dccafc29ada4c8010958ea2ce22ae2147faba590d6d0,data/datasets/RRDataset/selection_1500/giovanni/ai/normal_007215.png,RRDataset,low,1,0.4692581593990326
a1548667bfac3eacf208d3e958698e70f151df7560bd82b7153a57ffa375a8be,data/datasets/RRDataset/selection_1500/sara/ai/Natural_Disasters_&_Accidents_000289.png,RRDataset,medium,1,0.9677061438560486
a15c8dd0c2389252b23eb28967ed600f3e95cce8cf8b8b3906ce06ab0a9319db,data/datasets/RRDataset/selection_1500/lorenzo/real/real_002052.jpg,RRDataset,medium,0,0.6959336996078491
a197d4cce810057a74ee77b4be7267ebe0b4fcf1b3bd6a9b77cf075d31f9b647,data/datasets/RRDataset/selection_1500/lorenzo/real/real_006567.jpg,RRDataset,low,0,0.9440586566925049
a1b8e42a32e818032b34662924ee01f0713efdd056e5ddea1e00a424b43d3145,data/datasets/RRDataset/selection_1500/sara/ai/Political_&_Social_Events_000554.png,RRDataset,medium,1,0.9981229901313782
a1b964cceaeaa1c300c5c50d1ad494177f27c0aead9a7b45f01d70fadaaf0f75,data/datasets/RRDataset/selection_1500/lorenzo/real/real_008749.jpg,RRDataset,low,0,0.9849737882614136
a1bf7dd9f82cc35738bdd0fdd9be62df693f0a851b1d80d7c20a63921670988b,data/datasets/RRDataset/selection_1500/lorenzo/real/real_001132.jpg,RRDataset,medium,0,0.011961403302848339
a1f4f63efff9aaf30f5cf6af5c986815dd714543b7549c4ddfc900984235d3ad,data/datasets/RRDataset/selection_1500/giovanni/ai/War_&_Conflict_Scenes_000572.png,RRDataset,medium,1,0.7522635459899902
a2433214d2aae8f17af43af92db1907811e50c980a24523664d9575f210cdcb0,data/datasets/RRDataset/selection_1500/sara/ai/Culture_&_Religion_000883.png,RRDataset,medium,1,0.9872352480888367
a2719ff2211ff896349270ebd154a99fe2c6d2a379271960058f92f0c259ed7a,data/datasets/RRDataset/selection_1500/giovanni/ai/Political_&_Social_Events_000077.png,RRDataset,medium,1,0.9508257508277893
a2781df96da8b59a866ad4459c8ae49ddb9730db7ddbb94420253221bae5cc1c,data/datasets/RRDataset/selection_1500/lorenzo/real/real_004402.jpg,RRDataset,medium,0,0.82622891664505
a27dd4cb0ebb3bcc6fbaa7d180649aba6d1b0b0e99e1581980802fb228dcddb1,data/datasets/RRDataset/selection_1500/lorenzo/ai/production_000525.png,RRDataset,medium,1,0.9993878602981567
a2aee5fa9596aeb98c12aa2c7f58cff6625d12e57ac1f07b3857e41d74c67412,data/datasets/RRDataset/selection_1500/giovanni/ai/Natural_Disasters_&_Accidents_000186.png,RRDataset,medium,1,0.920211136341095
a2b97afb944bf16bb5a3a2908e815b013f14916309a5487ab42a0b51c6b8a99e,data/datasets/RRDataset/selection_1500/sara/ai/Natural_Disasters_&_Accidents_000755.png,RRDataset,low,1,0.9993316531181335
a37649336fedd9a16a71181d7c78cf0ddf14934248486c08eb92c796554f584e,data/datasets/RRDataset/selection_1500/sara/real/real_003350.jpg,RRDataset,medium,0,0.6493025422096252
a39211c3481dd5213001bcfb63961dfd7605741af34237d6c6157671d35f088a,data/datasets/RRDataset/selection_1500/lorenzo/real/real_007340.jpg,RRDataset,medium,0,0.2846192419528961
a41ac26a314970704cbc765646bbaa0fc08cede48ea5b57970be9a51869cd4a8,data/datasets/RRDataset/selection_1500/sara/real/real_005861.jpg,RRDataset,medium,0,0.06727266311645508
a425dc0f32f892551055a121435fc24fd49a3aa03122692088aa752e385269b7,data/datasets/RRDataset/selection_1500/lorenzo/real/real_001371.jpg,RRDataset,medium,0,0.9895427227020264
a4567c3a09342eddc16bda7ecffe45d8f276c827b939bc886bbcd2b8aa584547,data/datasets/RRDataset/selection_1500/giovanni/ai/production_000838.png,RRDataset,medium,1,0.9944522976875305
a467a363235f61add7fcd8c9678267805ad8b034fd44b3327428439ee2c2aa4b,data/datasets/RRDataset/selection_1500/lorenzo/ai/normal_008498.png,RRDataset,low,1,0.9849123954772949
a4930bcf2f8ebd665cf9518718eb798bf15a57774a1cedee49e285ae92015a12,data/datasets/RRDataset/selection_1500/lorenzo/ai/Medical_&_Public_Health_000691.png,RRDataset,medium,1,0.8466437458992004
a4a5dfee89e3e2c9d5fed0c44d2bc9c1ce1238f58d71f3b61a3a6c57973c5f7e,data/datasets/RRDataset/selection_1500/lorenzo/ai/normal_009434.png,RRDataset,low,1,0.9997208714485168
a4ca213e0be259f02d5a3b45e536b07f0ff3c10571152be3b5b0bec30aeca021,data/datasets/RRDataset/selection_1500/sara/real/real_001959.jpg,RRDataset,medium,0,0.8205206990242004
a4cf876a17d94777e3428bd4227b55a702543ec5bd3b8cc845e29609ee079002,data/datasets/RRDataset/selection_1500/lorenzo/real/real_003245.jpg,RRDataset,medium,0,0.9798332452774048
a4fa55a28df775acece4ab89fb7ee9460bc6b90cfa6d0d16117bc9784ec3cd32,data/datasets/RRDataset/selection_1500/giovanni/ai/War_&_Conflict_Scenes_000860.png,RRDataset,high,1,0.995434582233429
a54b918632ebfa36fe3aa032325a7aa18da9eb442bf37b29dfed5746fdb25178,data/datasets/RRDataset/selection_1500/lorenzo/ai/Political_&_Social_Events_000228.png,RRDataset,medium,1,0.9956119060516357
a568ad1b69441665a8e7b5eb3e1138145264d45530aaced2ad81b0513d02fcc7,data/datasets/RRDataset/selection_1500/sara/real/real_002758.jpg,RRDataset,medium,0,0.3952772915363312
a5872be9b14695349f713645b04755400bde9490e001a3becdc057ab44e0f217,data/datasets/RRDataset/selection_1500/giovanni/ai/production_000828.png,RRDataset,medium,1,0.9985999464988708
a5b6c8bd13d00c43a992c0ae0b711b77baedbac11ffcf3f336e1e4cd83bf4c35,data/datasets/RRDataset/selection_1500/giovanni/real/real_001782.jpg,RRDataset,high,0,0.2583028972148895
a5d2b70ef0450a6265a5114e8bdcf50a0fd30a1882a769098a927c81e41fe04f,data/datasets/RRDataset/selection_1500/lorenzo/ai/Natural_Disasters_&_Accidents_000165.png,RRDataset,medium,1,0.9851709008216858
a5f7847a6a5f8552cd87257d757f94db8cde76b58556f1b211db4c936b80285c,data/datasets/RRDataset/selection_1500/sara/ai/Natural_Disasters_&_Accidents_000236.png,RRDataset,medium,1,0.9645678400993347
a60d017e6169458385913f57a608377390b3f145f0ddc953a92aa77bb8b74def,data/datasets/RRDataset/selection_1500/lorenzo/ai/Medical_&_Public_Health_000458.png,RRDataset,high,1,0.8382502794265747
a60e3e9ec3ffa6f14a6a0214726559cf45c87cdf9ad143c1eb0a85ebd623542e,data/datasets/RRDataset/selection_1500/sara/ai/Medical_&_Public_Health_000802.png,RRDataset,high,1,0.9691828489303589
a650c7e987b5a6222dd18253180897318ff73fe752e6c38a986e58c42370be0a,data/datasets/RRDataset/selection_1500/giovanni/real/real_003376.jpg,RRDataset,medium,0,0.8789286017417908
a67c15d7540e16b631c3e0de79dc8a050a1168cb23cccefac2928ae05d1ab870,data/datasets/RRDataset/selection_1500/sara/ai/Political_&_Social_Events_000414.png,RRDataset,medium,1,0.9236743450164795
a68a6cc3bce273a0f2743c7b8704ee5e18954b23df2c1eaeace9a4387009ae8a,data/datasets/RRDataset/selection_1500/giovanni/real/real_005592.jpg,RRDataset,medium,0,0.9489023685455322
a6993b845a8b79a61a22cf5dbe57a9142ca5fb863f6d24525845f9923ea0bd4f,data/datasets/RRDataset/selection_1500/giovanni/real/real_004853.jpg,RRDataset,medium,0,0.5461710691452026
a6db6e90bc2064dc43a12926c05350fda2b5b827ce5acebcc15444f06692418f,data/datasets/RRDataset/selection_1500/lorenzo/real/real_008439.jpg,RRDataset,low,0,0.03754078224301338
a6e54eb185008b4029beab7aee0df9ab20c2ea966c19c2d75c4d6c663e6518fe,data/datasets/RRDataset/selection_1500/giovanni/real/real_006101.jpg,RRDataset,medium,0,0.6047558188438416
a6f10e80a0cd57201b0443d5ac84da8d4e7d8f7b1c42fa78c1eee66b3551fc29,data/datasets/RRDataset/selection_1500/giovanni/real/real_000285.jpg,RRDataset,medium,0,0.9636337161064148
a743d4415bb34e9a8a06dbb1233679200689b86f0a0f7c11f4164c8e4f346a8e,data/datasets/RRDataset/selection_1500/sara/ai/Culture_&_Religion_000396.png,RRDataset,medium,1,0.9806982278823853
a74d4bdefa25374f4aa912aa8d1fbeedeca2fb0f23b473bb3d51275b64126dca,data/datasets/RRDataset/selection_1500/sara/ai/Culture_&_Religion_000910.png,RRDataset,medium,1,0.9965453743934631
a7b014575ea48b652cae323cecdb74aefffbb1b4459a5c2ba0275f75ee8a0efd,data/datasets/RRDataset/selection_1500/sara/real/real_007879.jpg,RRDataset,low,0,0.9656478762626648
a7db1c24aa919036c2114334e8349474e351abd6513ea487f0fb31eacf74d4b0,data/datasets/RRDataset/selection_1500/sara/real/real_003370.jpg,RRDataset,medium,0,0.8351758122444153
a7ea2af2b1d77c143132a975f1bc30c504c56288f95efd58a9e982162890b222,data/datasets/RRDataset/selection_1500/giovanni/real/real_007294.jpg,RRDataset,medium,0,0.9830121397972107
a7ea814b8b418096b50c8ae8a72450ffca38df4f43e703d2a6bc06acb6fb2c1b,data/datasets/RRDataset/selection_1500/lorenzo/ai/normal_009046.png,RRDataset,medium,1,0.8928865194320679
a8224a388d6dcb80ba0799d36a1fd0dbc23c0daeaceb85b1291e7ea705c99a3c,data/datasets/RRDataset/selection_1500/sara/real/real_007650.jpg,RRDataset,medium,0,0.6639150977134705
a82fa4fdefb9a9b59a1936e6386cf32ec70d03c62f936cd1f63cee2d4663b5d6,data/datasets/RRDataset/selection_1500/lorenzo/real/real_005775.jpg,RRDataset,medium,0,0.2354978322982788
a86ea11a62228bc0590587c786b83478a63a30fe30493a2c3c59a5f936cae9d1,data/datasets/RRDataset/selection_1500/giovanni/ai/Natural_Disasters_&_Accidents_000132.png,RRDataset,medium,1,0.9756303429603577
a8821bea5985281e1cb1df753a7fccfcf79662b122508f4c01e5625ce47d60a6,data/datasets/RRDataset/selection_1500/giovanni/real/real_007472.jpg,RRDataset,medium,0,0.8938392400741577
a8a6e233476ec3345e81064f9ccdb41726a4413587b4861345a65ed44fd704dc,data/datasets/RRDataset/selection_1500/sara/ai/War_&_Conflict_Scenes_000079.png,RRDataset,low,1,0.9749499559402466
a8abbad5a01f5da5f42cd55bc32c8ab9d7a89c9f0b198fec778b8aaec7ae47c4,data/datasets/RRDataset/selection_1500/lorenzo/real/real_008134.jpg,RRDataset,low,0,0.8665903210639954
a8d5da27ec8b236d64361e771aecd9605ffd044d760c0a59c5efeb69fddb6e7a,data/datasets/RRDataset/selection_1500/giovanni/ai/production_000294.png,RRDataset,medium,1,0.9907467365264893
a91df7934dd4adf3e40d9e9fe7942318121390a46ee5beb726ee2341a9c8604b,data/datasets/RRDataset/selection_1500/sara/ai/War_&_Conflict_Scenes_000129.png,RRDataset,high,1,0.8304929137229919
a931ab98b58711df06cbb2b69a8ad57e8b83685f99af7b108a9be77534977cfa,data/datasets/RRDataset/selection_1500/sara/ai/Natural_Disasters_&_Accidents_000648.png,RRDataset,medium,1,0.9841104745864868
a93561b8d84663b2d9ad4ab7dedfd8a4b38815fde5b0730e65eaec5788235d13,data/datasets/RRDataset/selection_1500/sara/real/real_004111.jpg,RRDataset,medium,0,0.9881904125213623
a93c9cc9e97b2dd4f3c06713955cfbdbfe1b158be6bd45c6020e0197df075aeb,data/datasets/RRDataset/selection_1500/lorenzo/real/real_005778.jpg,RRDataset,medium,0,0.9716038703918457
a94591a954620a989fde0d01c0d9ed10a0d43a52f9ffdf20f616412d2d869b04,data/datasets/RRDataset/selection_1500/giovanni/real/real_007299.jpg,RRDataset,medium,0,0.9973673224449158
a987eb6d8d60c5b88a56a54d369db92d14883be9a5f4188c740c5d93c6f21bc6,data/datasets/RRDataset/selection_1500/lorenzo/real/real_005162.jpg,RRDataset,medium,0,0.9210253953933716
a99e94fafeb8a6e9b97d6f52f70f5001db9fe19390d3561a233c2f9fc816152f,data/datasets/RRDataset/selection_1500/lorenzo/ai/War_&_Conflict_Scenes_000174.png,RRDataset,medium,1,0.8906214237213135
a9d6bbd62845960ae41c0b88f427d403b42859bcf46b04ac83069ee74b3aff70,data/datasets/RRDataset/selection_1500/lorenzo/real/real_008308.jpg,RRDataset,high,0,0.9975758194923401
aa2ba64c666f6cf811a9dfa91cf805a69ff0e404308fa5e14236dab293684233,data/datasets/RRDataset/selection_1500/lorenzo/real/real_003815.jpg,RRDataset,medium,0,0.6790451407432556
aa3a5f11eccc9fc9db4f8cff4ba7bb67b1f6945618efe8f548bb10cb29c03153,data/datasets/RRDataset/selection_1500/giovanni/ai/Natural_Disasters_&_Accidents_000844.png,RRDataset,medium,1,0.929472029209137
ab839491b79de797dad024e301eefa7d676f690a5af13ff75f42418c06636015,data/datasets/RRDataset/selection_1500/giovanni/real/real_004045.jpg,RRDataset,medium,0,0.44951361417770386
ab929db9d4a1282a2fe5f06acae3402edf6c30a96ba80db33bad6a21f27eba82,data/datasets/RRDataset/selection_1500/sara/real/real_008489.jpg,RRDataset,medium,0,0.39695388078689575
ac27b5b1b6093fb6071de03ee0b2387c93478ebee03726373c9ecd668c30a9be,data/datasets/RRDataset/selection_1500/lorenzo/ai/War_&_Conflict_Scenes_000484.png,RRDataset,high,1,0.9774079918861389
ac4ac06d2a2b5a516ef62e9d7dd3e724a06b171ef78213e2e21f9157d68ab75c,data/datasets/RRDataset/selection_1500/giovanni/real/real_004400.jpg,RRDataset,medium,0,0.7580503821372986
acb9b26f990de446b527c0d3c7434457e4b0714f106b1884240d30da24640fac,data/datasets/RRDataset/selection_1500/giovanni/real/real_003506.jpg,RRDataset,medium,0,0.8455488085746765
ad16d1aceb56b59eb531fde31690cb96925d93ef91243cc019230ef1b4d69d67,data/datasets/RRDataset/selection_1500/giovanni/ai/War_&_Conflict_Scenes_000832.png,RRDataset,high,1,0.9676218628883362
ad188a152cafe67db775967478eff0501f6647f179e56ea6a7e1ac33ae279ea6,data/datasets/RRDataset/selection_1500/lorenzo/ai/Culture_&_Religion_000866.png,RRDataset,medium,1,0.9884019494056702
ad94e251b4bd369268013de51be1b8c263b23ddd45975b80a9a0483ca07c78f9,data/datasets/RRDataset/selection_1500/sara/ai/Political_&_Social_Events_000764.png,RRDataset,medium,1,0.9865060448646545
ada6f45b7d91c772d480ba130dc1f9a9a05f67b2051c13a99595ed020bc604b3,data/datasets/RRDataset/selection_1500/sara/ai/Culture_&_Religion_000794.png,RRDataset,medium,1,0.9974420070648193
adad43d4c97922bbb6101e54d2f27bb895aefa175fc792b5c45d0cde644e571c,data/datasets/RRDataset/selection_1500/giovanni/real/real_006487.jpg,RRDataset,medium,0,0.9661418795585632
ade3c0bb566f4ddc8bfe2aa077d0355e847602f8d230b852656600e396d5f12f,data/datasets/RRDataset/selection_1500/sara/ai/War_&_Conflict_Scenes_000048.png,RRDataset,medium,1,0.9781705737113953
adf0c724a0bb9899fd4c14ddc1e445ed31c7f6da8ed0163ceb5bd6e377a96171,data/datasets/RRDataset/selection_1500/lorenzo/ai/Natural_Disasters_&_Accidents_000109.png,RRDataset,low,1,0.8624132871627808
ae00fe45f55243b26e238dbf0e81a75f696b8ecb1569ac0b0fe362d091ab03c1,data/datasets/RRDataset/selection_1500/giovanni/real/real_009197.jpg,RRDataset,low,0,0.00048518128460273147
ae22e13c966954844c558ffb4bbd9165d4b654893ad60c2e968105d944a2ca2d,data/datasets/RRDataset/selection_1500/giovanni/ai/normal_006901.jpg,RRDataset,low,1,0.9686923027038574
ae8413dc3697f829005241a91667e4cea072672dcc05af9bdfc5470fd30ae09e,data/datasets/RRDataset/selection_1500/giovanni/ai/Medical_&_Public_Health_000153.png,RRDataset,medium,1,0.9811099767684937
aea4e6628ff2aabf11c7e6e00e1f9dcb364be6452e4b9a2659da98451f9242db,data/datasets/RRDataset/selection_1500/lorenzo/real/real_002496.jpg,RRDataset,medium,0,0.6873699426651001
af03c57eb45288062e3b61e4a270360ab21789ab83de492b77ff0a6941c9d38c,data/datasets/RRDataset/selection_1500/lorenzo/real/real_002365.jpg,RRDataset,medium,0,0.9739176630973816
af0a7b067e4129f3afa551d3b649c0a5cf35fc0fcc2c4c0b20e0319dab947703,data/datasets/RRDataset/selection_1500/lorenzo/ai/normal_006361.jpg,RRDataset,medium,1,0.3818761110305786
af0d21915421839d5f638655ee42eceb6fc246002d2f109f71815f332f68991d,data/datasets/RRDataset/selection_1500/sara/ai/Culture_&_Religion_000688.png,RRDataset,medium,1,0.9721987247467041
af552d2341f8d480f6d1dc5287d1fa2d815b12b25b9df7e119f75b1ddbf2e0c0,data/datasets/RRDataset/selection_1500/sara/ai/production_000599.png,RRDataset,medium,1,0.9994722008705139
af7bd97901b1ee0ed632b4d9b0acf6bf9b0d8e53e5e357beb053da3b7c2d388d,data/datasets/RRDataset/selection_1500/lorenzo/ai/Natural_Disasters_&_Accidents_000330.png,RRDataset,medium,1,0.9734894037246704
afb2c113fd9c7872d582a97ead1b65be98858fdf44daaccd063bf8e6a9637958,data/datasets/RRDataset/selection_1500/giovanni/ai/War_&_Conflict_Scenes_000859.png,RRDataset,high,1,0.9864185452461243
afc50a40411a47c64eb9542c21ca3cb3761b6a0a64d20492bf2f25e5ae00780d,data/datasets/RRDataset/selection_1500/lorenzo/real/real_004239.jpg,RRDataset,medium,0,0.3070787191390991
afd911345c125a167d200fc202c1465b94304c00f8cfd4fa95f0b6aead6f307c,data/datasets/RRDataset/selection_1500/giovanni/real/real_005559.jpg,RRDataset,medium,0,0.9961761236190796
b0272bf1d4b0e492f288f0fa065d01ec249670a1b2ff87d7c9859c84d8751e4a,data/datasets/RRDataset/selection_1500/sara/ai/Political_&_Social_Events_000485.png,RRDataset,high,1,0.9710757732391357
b03a25834213a3ff1f25168151e4da9e1de22efa025a672428a2f5bff53c9fa4,data/datasets/RRDataset/selection_1500/sara/real/real_002620.jpg,RRDataset,medium,0,0.8824458718299866
b044d761b47eeb977c91dca7cd674ffb2d326ab62005386df872ff6d5f1d0afc,data/datasets/RRDataset/selection_1500/sara/real/real_003812.jpg,RRDataset,low,0,0.7313721776008606
b0ea220a0aa0f12ecc4746cc79321abe65a5219617b4e99c211cf2c7c27202e1,data/datasets/RRDataset/selection_1500/lorenzo/real/real_001522.jpg,RRDataset,medium,0,0.9501661062240601
b129d59cfd56dfb9246f729b403b6b862d3e311376ddfa541d703a3484ac958c,data/datasets/RRDataset/selection_1500/giovanni/real/real_007990.jpg,RRDataset,low,0,0.9594274163246155
b12d5e337439c3867bbce42d9792d29dd72f59e970d46e041d09794e142f23ff,data/datasets/RRDataset/selection_1500/giovanni/ai/Natural_Disasters_&_Accidents_000447.png,RRDataset,medium,1,0.8346322178840637
b13b8490922833d4fa903a52909b8523a8460230b8e99296b64739d4a483b568,data/datasets/RRDataset/selection_1500/lorenzo/real/real_000876.jpg,RRDataset,low,0,0.7898775935173035
b1a2be2dfe8cea3b1c5e5569e4bc41458528cf52e3739176fd9347c584f25bf9,data/datasets/RRDataset/selection_1500/giovanni/ai/Medical_&_Public_Health_000528.png,RRDataset,low,1,0.9896636605262756
b1a94a035aaf9d7cf3ca9192d1b487f141d5edaee1917f81870ffeed58014492,data/datasets/RRDataset/selection_1500/giovanni/ai/production_000549.png,RRDataset,medium,1,0.9990962743759155
b1cb24a878fa7bea3292f16f93a403ba543b7d65718fdffe96aba7a6358d6fc8,data/datasets/RRDataset/selection_1500/giovanni/ai/normal_008341.png,RRDataset,low,1,0.9908340573310852
b1fb7f7e30e6e6fd84cf46c4d66a73305d76fdef1c5f65a45cde954b9295997a,data/datasets/RRDataset/selection_1500/giovanni/ai/Medical_&_Public_Health_000534.png,RRDataset,medium,1,0.9729612469673157
b22d3a1f90c92c1129ef0ef44e7cc36a0fe29a76f02772f0609f50c45e54753c,data/datasets/RRDataset/selection_1500/lorenzo/ai/normal_009388.png,RRDataset,low,1,0.999882698059082
b273574b519fbaee2b82e0ce851e0078eb3b62ac2ddc360dd6dd95f68eff8e28,data/datasets/RRDataset/selection_1500/lorenzo/real/real_008459.jpg,RRDataset,medium,0,0.8838353157043457
b2bfb372aeb84fd833e7353ba38e54489e59b72c7c37de6e035a42927ca8b4b6,data/datasets/RRDataset/selection_1500/giovanni/real/real_004355.jpg,RRDataset,medium,0,0.34257715940475464
b3004b19f46d50349f3cf2426846b8f9d711de0296ecb759feccc79c93407175,data/datasets/RRDataset/selection_1500/lorenzo/ai/Medical_&_Public_Health_000467.png,RRDataset,high,1,0.8652830123901367
b36123fe0f832d5d8bc01b51ac6d7e6971f057623144503acdf88779fc73c556,data/datasets/RRDataset/selection_1500/giovanni/real/real_007355.jpg,RRDataset,medium,0,0.9988638162612915
b378ec49cb60dd9af8b1727bfa0591eb48083ad89c7f61faf27fb4e03a5dab39,data/datasets/RRDataset/selection_1500/lorenzo/real/real_000373.jpg,RRDataset,medium,0,0.4491150975227356
b3b861ba820feb92a4548f986b3f136b184ae995eb308ed99fca612888b7d1eb,data/datasets/RRDataset/selection_1500/giovanni/ai/Natural_Disasters_&_Accidents_000071.png,RRDataset,low,1,0.9872326850891113
b3d1bb16ea1c0061e8c33af534436e19f5010a953950bdbab3e5b8e32aa3a359,data/datasets/RRDataset/selection_1500/sara/ai/Natural_Disasters_&_Accidents_000541.png,RRDataset,medium,1,0.9934422969818115
b3f685c13c46f9d7e1ac21675ab20b57a983fc783c63678c2f16b4fecadd81d1,data/datasets/RRDataset/selection_1500/lorenzo/ai/Natural_Disasters_&_Accidents_000287.png,RRDataset,medium,1,0.9874730110168457
b40c4c33b33726176e880cfe8c274e3a735bfd3abf680974ade71c4c63375c2f,data/datasets/RRDataset/selection_1500/sara/ai/normal_009833.png,RRDataset,low,1,0.2173749804496765
b42a6f3615b16533332fdb72baef29c550735b2714be64eb0d24f339489f4533,data/datasets/RRDataset/selection_1500/giovanni/real/real_006887.jpg,RRDataset,medium,0,0.9741300344467163
b435ea29a9716c280fb830cbec7e3e45856cafec495295148d13cc790866e848,data/datasets/RRDataset/selection_1500/lorenzo/ai/normal_008485.png,RRDataset,low,1,0.7870511412620544
b43c0207ee78e0074472379305bfc7c35e5358c358b9c832f3949cf1c82b7012,data/datasets/RRDataset/selection_1500/lorenzo/real/real_008008.jpg,RRDataset,high,0,0.7113760709762573
b45160ea8809f91711a57d99266781e3cffc50a597a13ff9e0bf2390a9a23c08,data/datasets/RRDataset/selection_1500/lorenzo/real/real_001202.jpg,RRDataset,low,0,0.1103237047791481
b4c02b8bbf42318e128de114877bd16f58ebba4f19587448425979263b9d233e,data/datasets/RRDataset/selection_1500/sara/real/real_009019.jpg,RRDataset,medium,0,0.26891523599624634
b54a4942138550b7a206ee4b3cda403d4f26eb9076edd006b0a74a55efd86001,data/datasets/RRDataset/selection_1500/giovanni/real/real_008247.jpg,RRDataset,low,0,0.9521388411521912
b5604b7f412b9000bda678e6cbba1c1dfe5b6a1a6dc32209fe7c81bdbdda0c8c,data/datasets/RRDataset/selection_1500/lorenzo/real/real_002091.jpg,RRDataset,medium,0,0.9323317408561707
b5641b7dd6519ece247eb0af6329fe88634d1428d29ffe55c2820103d6d0596d,data/datasets/RRDataset/selection_1500/sara/ai/Medical_&_Public_Health_000686.png,RRDataset,medium,1,0.9901010990142822
b56f030b95a6fe2ebe04e155958f88dd2faf0001ceaad2805fdcf6fde6fa4987,data/datasets/RRDataset/selection_1500/sara/ai/Culture_&_Religion_000429.png,RRDataset,medium,1,0.765661358833313
b58a25d6c28ba354ed0b913bb14ce07dc3cf26a4bd9ffed6884266e510f7b4a3,data/datasets/RRDataset/selection_1500/sara/ai/Culture_&_Religion_000627.png,RRDataset,medium,1,0.9274444580078125
b58f153de4bf3b429398a83d2789fca8c68ef4f90bbcfae26b3208bf36f307a0,data/datasets/RRDataset/selection_1500/sara/ai/War_&_Conflict_Scenes_000305.png,RRDataset,medium,1,0.7981445789337158
b59dffcdb61633919a78d980b8f3e1da63dfa460177fc837f5b63df0e16fa4d5,data/datasets/RRDataset/selection_1500/giovanni/ai/Medical_&_Public_Health_000514.png,RRDataset,high,1,0.9741718173027039
b5af5c5a6e87c5e24549a0ecc95c1b08858ee875e74f02180d4a5c26e3d237ba,data/datasets/RRDataset/selection_1500/giovanni/real/real_009982.jpg,RRDataset,low,0,0.7370160818099976
b5b8d3471d85414511abe85c2808c515b9c05e10ce5eeb034eae6232750e7870,data/datasets/RRDataset/selection_1500/sara/real/real_008316.jpg,RRDataset,medium,0,0.994598388671875
b5d9237b6cdbaa904acd88739454e6f652b8a206f787a825be9c95dd2b515cf7,data/datasets/RRDataset/selection_1500/sara/real/real_009704.jpg,RRDataset,medium,0,0.3708168566226959
b60bc857fa5872d459818ce1c7f3c845986fd8b77a1f0a0937ca09ae2f5f6959,data/datasets/RRDataset/selection_1500/giovanni/ai/Medical_&_Public_Health_000131.png,RRDataset,medium,1,0.9172436594963074
b6a344c6fa89f6214cfd9f9dd42475f3e66eedab3e8f38449adee7c03dbb3f5b,data/datasets/RRDataset/selection_1500/lorenzo/ai/Medical_&_Public_Health_000496.png,RRDataset,high,1,0.9346911311149597
b6d03063921ef50a5f57d336073b86a6e8c5c1bc298eedc91857a3139b6501df,data/datasets/RRDataset/selection_1500/giovanni/ai/production_000796.png,RRDataset,medium,1,0.9917409420013428
b6d9a53c857299f1ab95f183b73bc5ce1274bbe651bdcb8f5950a579ea93726a,data/datasets/RRDataset/selection_1500/giovanni/ai/production_000585.png,RRDataset,medium,1,0.999150276184082
b7972fb4a595680a7ab2bda6046935ed65d5e99eb892491e7552199f56333527,data/datasets/RRDataset/selection_1500/lorenzo/real/real_001601.jpg,RRDataset,medium,0,0.2034010887145996
b7de72ac0879563f66995e729ab90abacddc3bb63356c2fc4a4020a86139a2a4,data/datasets/RRDataset/selection_1500/sara/ai/Culture_&_Religion_000898.png,RRDataset,medium,1,0.9872428178787231
b7fb96df6e6865de4269d930ec4276a00ed6f55a8b13464732548a52c73bf8ef,data/datasets/RRDataset/selection_1500/sara/ai/Culture_&_Religion_000901.png,RRDataset,medium,1,0.9941754937171936
b810e0e63467822367af849f49d0e96e92cc5fdd5672b79a7a60ade4fc7a4fd3,data/datasets/RRDataset/selection_1500/lorenzo/real/real_000389.jpg,RRDataset,medium,0,0.5442624092102051
b82e3bc65d20bfd98d9c60fa81073d9d792bcda9787341df51eb7c8af1be3acd,data/datasets/RRDataset/selection_1500/sara/real/real_008211.jpg,RRDataset,medium,0,0.9914416670799255
b8408cf36e910e197812cccdfec8839a1b56e42adc555e631869aee8b850e6b8,data/datasets/RRDataset/selection_1500/giovanni/ai/Medical_&_Public_Health_000587.png,RRDataset,medium,1,0.9344871640205383
b85ef371ca223fd1533b06b42232ca38e7220b7898e3efde10e9173360ffdc2c,data/datasets/RRDataset/selection_1500/giovanni/ai/Natural_Disasters_&_Accidents_000411.png,RRDataset,low,1,0.9354230165481567
b87fc9aa50921072d678af214c0f88b226150f0c5ee6ac359b2373f428110b5f,data/datasets/RRDataset/selection_1500/sara/ai/production_000639.png,RRDataset,medium,1,0.9993504881858826
b897d8ac22caf227715ef9c27faef9a4005d939a1ee489aeee23bc2cc83ed8d8,data/datasets/RRDataset/selection_1500/sara/ai/Natural_Disasters_&_Accidents_000045.png,RRDataset,medium,1,0.8731942772865295
b91e206a6a6165fbe2f5097e044035885b81588a24a8f3110dfda3e7a172bc04,data/datasets/RRDataset/selection_1500/giovanni/ai/production_000490.png,RRDataset,medium,1,0.9904342889785767
b983e6382417896683aaf320cb55ee2d6f21cee6a833b55b6aae6e4f72e211c6,data/datasets/RRDataset/selection_1500/giovanni/real/real_001303.jpg,RRDataset,medium,0,0.9567198753356934
ba1928265f88311afa5184f12e8cfc47ac7b5eaf52bb2d63e0239a5e5f4330c6,data/datasets/RRDataset/selection_1500/giovanni/ai/Political_&_Social_Events_000347.png,RRDataset,high,1,0.9775450229644775
ba1a70f119ab02530a3ae31a2fcd19fb2d94a77ef5ccf98733ebc8193194b671,data/datasets/RRDataset/selection_1500/giovanni/ai/Political_&_Social_Events_000409.png,RRDataset,medium,1,0.9137744307518005
ba508e63f07060eff4a08bbac8963e1c8764faa898e65434bc44b576ad5da9fa,data/datasets/RRDataset/selection_1500/sara/ai/Natural_Disasters_&_Accidents_000188.png,RRDataset,low,1,0.9049849510192871
ba5d3ac82d33f45fda862601c15667d042248ec61cfb9870276725ab9a65edb4,data/datasets/RRDataset/selection_1500/sara/ai/Natural_Disasters_&_Accidents_000307.png,RRDataset,low,1,0.9777006506919861
bad9c0cc13d6fa31c29ddf5de476661319cfc23d9eca3490a790d28eaa1f2482,data/datasets/RRDataset/selection_1500/sara/real/real_009532.jpg,RRDataset,medium,0,0.9320572018623352
baeaf9465db8b18ce85e4e9be4dd0f70ec54b54c72dd61c7785c169c133edbcb,data/datasets/RRDataset/selection_1500/giovanni/real/real_005999.jpg,RRDataset,medium,0,0.8116999268531799
baf37c94d08d621bcd57d1362ecaea04634e38e8cfaceb2eed20e2cd1cd0d554,data/datasets/RRDataset/selection_1500/lorenzo/ai/Political_&_Social_Events_000354.png,RRDataset,medium,1,0.9692153334617615
bafce57435f4a88111d2a86496fd3ee89e842f0d72c0f7a827f005f5744a803e,data/datasets/RRDataset/selection_1500/giovanni/ai/Natural_Disasters_&_Accidents_000689.png,RRDataset,low,1,0.9849596619606018
bb02e5d4d59f095b00cd2844b129aeab7f23f014d53562e57321e49c87d9a0e9,data/datasets/RRDataset/selection_1500/giovanni/real/real_007359.jpg,RRDataset,medium,0,0.34732940793037415
bb04174781ef7a9ad459cb8527c5b406be335341da42094d4c0dffc574c4a744,data/datasets/RRDataset/selection_1500/lorenzo/ai/Medical_&_Public_Health_000054.png,RRDataset,medium,1,0.9022731184959412
bb2c161425c1f8caed20b17967a36749432ab29776b8f1322876c85631b99387,data/datasets/RRDataset/selection_1500/sara/real/real_003702.jpg,RRDataset,low,0,0.9904500842094421
bb3317c556901bc8495f173708bea67e57fbd3d18e1941a9b0d8d2c41a18b040,data/datasets/RRDataset/selection_1500/giovanni/real/real_003459.jpg,RRDataset,medium,0,0.8691291809082031
bb452f100bcf65a01360a3cbe810c2b2c6620a8cfe1ef2e44b34367a8c968d43,data/datasets/RRDataset/selection_1500/giovanni/ai/Natural_Disasters_&_Accidents_000683.png,RRDataset,medium,1,0.9969170093536377
bb68a7f1af20a8a80fe623a6b2caefaa2a8c1d62fad12ee72e9ff99addbdc710,data/datasets/RRDataset/selection_1500/giovanni/real/real_006391.jpg,RRDataset,low,0,0.9678300619125366
bb695ab8eb44b4302b436345449dab6f752612967ae4058ac5a3e224f0387b57,data/datasets/RRDataset/selection_1500/giovanni/real/real_001441.jpg,RRDataset,low,0,0.9998780488967896
bb7a2b540cb52c08244c6ecaeb67d23dc2617a1178da09aa3746103e0db830a2,data/datasets/RRDataset/selection_1500/lorenzo/real/real_005060.jpg,RRDataset,medium,0,0.9147207140922546
bbd0daa189a015e9d7c06ab85b4f313191447abeb9175c0d9e8a0f54c9563a45,data/datasets/RRDataset/selection_1500/lorenzo/ai/Medical_&_Public_Health_000913.png,RRDataset,high,1,0.9157698750495911
bbd2c225293f03ee1cafa4ff129564146db562efc0d162a3399e0b5768247022,data/datasets/RRDataset/selection_1500/sara/ai/production_000367.png,RRDataset,high,1,0.9918161034584045
bbe50a0de2043abbf2adcfd607f4fc6f455f2a009109210f55ddbbf52b8c5836,data/datasets/RRDataset/selection_1500/lorenzo/ai/War_&_Conflict_Scenes_000165.png,RRDataset,high,1,0.8025901317596436
bc40b51fba3000368a7f8eb7702b9aa778eed4504b22b33ccbc88b24c6e57fa5,data/datasets/RRDataset/selection_1500/giovanni/ai/War_&_Conflict_Scenes_000929.png,RRDataset,high,1,0.9934004545211792
bc75363f356fcb5a7020822978e5a77052da63b2c3a7750e1f5759f123789010,data/datasets/RRDataset/selection_1500/giovanni/real/real_004882.jpg,RRDataset,low,0,0.6776400208473206
bc9520ce41e27a2309067b0e9dafc6aade6e0d44eab801907575c1b44ba538cc,data/datasets/RRDataset/selection_1500/giovanni/ai/normal_006442.jpg,RRDataset,medium,1,0.5058320760726929
bcfe5b4b191d23fd4a65e014e91c78162f1e934b01f3f7cba523b5c81dc59438,data/datasets/RRDataset/selection_1500/lorenzo/ai/Culture_&_Religion_000933.png,RRDataset,medium,1,0.9995680451393127
bd2c64d2b71f34752e28190483d7b8d837d70d0d5dff5cac2b63b8a7dfb0fb94,data/datasets/RRDataset/selection_1500/giovanni/real/real_009191.jpg,RRDataset,medium,0,0.02706645429134369
bd71b955d88229d29e46cac4b02f99374d0e2af35f0ea72e03927ec9b804ef83,data/datasets/RRDataset/selection_1500/sara/ai/normal_006256.jpg,RRDataset,low,1,0.17931155860424042
bdf6bc960890c6f28c0bd3b42928ff08c7f1224bc3f41a5b0904840752270915,data/datasets/RRDataset/selection_1500/giovanni/real/real_001406.jpg,RRDataset,low,0,0.9086667895317078
be02c164a4ef2fd57f0bc58c8029cf15c83407b90b54ce586e49a6b257489cc7,data/datasets/RRDataset/selection_1500/lorenzo/ai/Political_&_Social_Events_000446.png,RRDataset,high,1,0.9923702478408813
be106d82779d2562da9577c3a88557a32c51b57071101d556fee432f866e3635,data/datasets/RRDataset/selection_1500/giovanni/ai/Culture_&_Religion_000101.png,RRDataset,medium,1,0.6485114097595215
be4f37dc0f1bd498c3c5a1497cb70b9c91f534b7be4ab124408325fe6945274b,data/datasets/RRDataset/selection_1500/lorenzo/real/real_005181.jpg,RRDataset,low,0,0.7026814222335815
be68db324af6488fb91dfcdd0daddaff6b26728ee67e41b1b477c9d2c1bd7f63,data/datasets/RRDataset/selection_1500/sara/real/real_000097.jpg,RRDataset,medium,0,0.19320598244667053
bedac26db0675db7d6bf45a495b6ac641e219d193260e587d7833a128b147737,data/datasets/RRDataset/selection_1500/sara/real/real_001570.jpg,RRDataset,medium,0,0.8525746464729309
befae92a3426d61b81393aeecfb8dc2f19325546e954157dcfce1218848d077b,data/datasets/RRDataset/selection_1500/lorenzo/ai/production_000622.png,RRDataset,medium,1,0.9987371563911438
bf20cd4e25fbf686600ec1b52346b5b807c6e55981967c000b8196dcb845d557,data/datasets/RRDataset/selection_1500/sara/real/real_005846.jpg,RRDataset,low,0,0.7239522337913513
bf2edbc0a9708e8a8cde5901e2c2cafb065b2f722c53f93c617a01278de75e66,data/datasets/RRDataset/selection_1500/giovanni/ai/Natural_Disasters_&_Accidents_000929.png,RRDataset,medium,1,0.9568182229995728
bf41dcc472b4f69f666fe4491d71469084f925479b9d3d304bd03a793b17e624,data/datasets/RRDataset/selection_1500/sara/ai/Culture_&_Religion_000450.png,RRDataset,high,1,0.9651245474815369
bf60ebe3dd703c0013c53b9961ba2fdf87c107f2fb44e4eff163c9b23344d641,data/datasets/RRDataset/selection_1500/lorenzo/real/real_007212.jpg,RRDataset,medium,0,0.5119434595108032
bf8f01a05d2b12780ba1a2a3ec1ecbe57d6445b885cb1c1d4844c8d42396985b,data/datasets/RRDataset/selection_1500/sara/ai/production_000842.png,RRDataset,medium,1,0.9911105632781982
bf9244b06b77599cc94ebe02257240e3f5d84ad89441cadd70601eeb4d156660,data/datasets/RRDataset/selection_1500/sara/ai/Culture_&_Religion_000466.png,RRDataset,medium,1,0.5533860325813293
bf9c8cad99e8971f0b91ee168894faa3b226c5413ff4e2f08778fa10a78756a6,data/datasets/RRDataset/selection_1500/giovanni/real/real_008367.jpg,RRDataset,medium,0,0.6527900695800781
bfcf52cef3434ad6c34c1c06a8ff3bd5fd3ce65670c7fd03018fcb608db376f8,data/datasets/RRDataset/selection_1500/giovanni/real/real_001165.jpg,RRDataset,medium,0,0.02834833599627018
bff186d88d7a3c1462c164aef46879f065a40e6957d7b92a812ceefa9d855fd4,data/datasets/RRDataset/selection_1500/giovanni/ai/normal_007328.png,RRDataset,low,1,0.9991224408149719
c02e62ea1a7e029ab7afb32b8240ac1638bd84b92f938968198f71e6f428f732,data/datasets/RRDataset/selection_1500/giovanni/real/real_000158.jpg,RRDataset,medium,0,0.27291154861450195
c03b1be4d25db85dee1e6a6508242e39f954f2d40d1853e91e34ca108d16a78a,data/datasets/RRDataset/selection_1500/sara/real/real_004288.jpg,RRDataset,low,0,0.9732325673103333
c049436e6b62650209ff13ad182abeefa5cc603973d0f1ec2437ead3b4a760e1,data/datasets/RRDataset/selection_1500/sara/real/real_007715.jpg,RRDataset,medium,0,0.14828528463840485
c09bd61aca54190fa488d1814b4ccb714006430347de30ef924dcebfadfaab43,data/datasets/RRDataset/selection_1500/sara/ai/Natural_Disasters_&_Accidents_000752.png,RRDataset,low,1,0.9853402972221375
c0cfe945efc93afbf85660bc40632215f7a05de031ea13b4bbcaddbefa5d27f8,data/datasets/RRDataset/selection_1500/sara/real/real_007535.jpg,RRDataset,low,0,0.6665228009223938
c0d31526e4490dbd76bee32053992abc5ae2c0017204ee96417c4e2af3a78234,data/datasets/RRDataset/selection_1500/giovanni/ai/Political_&_Social_Events_000964.png,RRDataset,high,1,0.9944185018539429
c12de5af6a58750413a431e48979c46742604c110caf24091ee10c538a35f304,data/datasets/RRDataset/selection_1500/giovanni/ai/Political_&_Social_Events_000163.png,RRDataset,medium,1,0.4223264455795288
c1427afac1b8dfde30045d114a14cf6e6766413df7eed365a4fd44dd17470297,data/datasets/RRDataset/selection_1500/lorenzo/real/real_007275.jpg,RRDataset,medium,0,0.42117395997047424
c162a580b060f9df831cdf3536d7f9d040ad059fc1de3197bdd96493cb3bb16b,data/datasets/RRDataset/selection_1500/sara/ai/Culture_&_Religion_000799.png,RRDataset,medium,1,0.9659008979797363
c17e55474a72dd86fe3d7426860f6280ae65c83c5d807b06798ba82ee5728a45,data/datasets/RRDataset/selection_1500/sara/ai/War_&_Conflict_Scenes_000472.png,RRDataset,high,1,0.9339805841445923
c19455560d953cbf4cf4beffce2b830482ebb24e1b1db4538d4ff38d21ec804f,data/datasets/RRDataset/selection_1500/sara/ai/Political_&_Social_Events_000996.png,RRDataset,medium,1,0.9942591190338135
c1a41bf800af141a7fd44cec425018e8b2eba7c3518b8f0b1a0e524916747697,data/datasets/RRDataset/selection_1500/sara/ai/War_&_Conflict_Scenes_000836.png,RRDataset,high,1,0.8663515448570251
c2123646d61778b559df66d6de5e9a67d368efd618e7549a1a0aadb2dfee9ace,data/datasets/RRDataset/selection_1500/lorenzo/real/real_002011.jpg,RRDataset,medium,0,0.8473722338676453
c22b3106d78948d72e28c2e3306bc2c7891b1442ff47a6307158549ad7824181,data/datasets/RRDataset/selection_1500/sara/ai/Medical_&_Public_Health_000539.png,RRDataset,medium,1,0.9699853658676147
c23b528010cae34b2bdac5c82606d12bb7d28b9d7317f009db9a3f2e95cfcdb0,data/datasets/RRDataset/selection_1500/giovanni/ai/War_&_Conflict_Scenes_000001.png,RRDataset,medium,1,0.9698517918586731
c24a48578969a52267ff55a22639201096f5f65a22e82de9d6af7d6486cc16c6,data/datasets/RRDataset/selection_1500/lorenzo/real/real_007568.jpg,RRDataset,medium,0,0.5907167196273804
c253ebd1421b72c8c8851f019351bfdf553999e0c3ba38250f3eb3923b40e474,data/datasets/RRDataset/selection_1500/lorenzo/real/real_000842.jpg,RRDataset,medium,0,0.2356531172990799
c2723ebef8ac42ec44f39f2bd1996c75dfacd2e0e3c0f84529d375a988d36e4b,data/datasets/RRDataset/selection_1500/sara/ai/Natural_Disasters_&_Accidents_000294.png,RRDataset,medium,1,0.9838305711746216
c2ada42c0c8b008831e0affc4710aea1af0342a1bbdf3962acf72ded64e3c931,data/datasets/RRDataset/selection_1500/lorenzo/ai/normal_006326.jpg,RRDataset,low,1,0.7025818228721619
c2ed4667f759d0c78f16220106cee6f7bd5f091bcf84c8ece78c56ef47464988,data/datasets/RRDataset/selection_1500/lorenzo/real/real_006247.jpg,RRDataset,medium,0,0.16278576850891113
c31c092b1251b417ca86eeffa552b9bbea9711076900590f74eeb28a128d7d4e,data/datasets/RRDataset/selection_1500/lorenzo/real/real_008077.jpg,RRDataset,low,0,0.9564082622528076
c395e92c0125e4624b2e66e47c7f8af7bf8ace0f6858ef09cab036cd72a474bd,data/datasets/RRDataset/selection_1500/giovanni/real/real_008858.jpg,RRDataset,low,0,0.16471996903419495
c3dfc6e0ca3c7aa6579ed1accf27c007c3ac59269d07013f9905944e239d6d33,data/datasets/RRDataset/selection_1500/lorenzo/ai/Culture_&_Religion_000510.png,RRDataset,medium,1,0.978590190410614
c3ea3ee89dc98feed7a03bc4d09daa220ddcbd78d6c0c504320c900acaa9f303,data/datasets/RRDataset/selection_1500/sara/real/real_000322.jpg,RRDataset,medium,0,0.020422037690877914
c428e09e973264c800a479d2d3cf8b9331a0d52f485a3d3b06f581dbaaba1f1f,data/datasets/RRDataset/selection_1500/lorenzo/real/real_005466.jpg,RRDataset,low,0,0.988947868347168
c437eac66b8d3a8d354ce2e529639978013c04f0cff7a1ff06a80e84e7288286,data/datasets/RRDataset/selection_1500/sara/ai/Political_&_Social_Events_000595.png,RRDataset,medium,1,0.9985988736152649
c43955d12c0918a6bb0f545632ffb3d35429fb2048680e5bd31a6eec5d468a6b,data/datasets/RRDataset/selection_1500/sara/ai/production_000958.png,RRDataset,medium,1,0.9985307455062866
c454359a220ea4121f6c34758bad4a93494cd56ff2aa931a13d4e634bb05d546,data/datasets/RRDataset/selection_1500/sara/real/real_000149.jpg,RRDataset,low,0,0.8963646292686462
c4783c4049a9805c3cc616653b7a9c1154ba4460e212e4953104651739588e20,data/datasets/RRDataset/selection_1500/sara/ai/normal_007678.png,RRDataset,low,1,0.9481671452522278
c4b7991c3a133ab685958358d2518250fdb4b990a74c904159ef40f4ce21b06d,data/datasets/RRDataset/selection_1500/giovanni/ai/Political_&_Social_Events_000644.png,RRDataset,medium,1,0.9512042999267578
c4be0e7eeb0123ffe4d628d014fdf8afedf5b85e7e6942291f3b9a7154e79a34,data/datasets/RRDataset/selection_1500/sara/ai/production_000539.png,RRDataset,medium,1,0.9984222650527954
c5098bce0337d236402a8deec55627f6e41d0b159bffc9a7b0b9253a816290e2,data/datasets/RRDataset/selection_1500/giovanni/ai/Culture_&_Religion_000001.png,RRDataset,medium,1,0.9893723130226135
c51b5ff267614c664e7428ab41d02d6125898bfa06e9be25af83aae46c2d10ea,data/datasets/RRDataset/selection_1500/lorenzo/real/real_009272.jpg,RRDataset,low,0,0.5331066846847534
c52840132cc9dfc7e8db4c6f2caa1fab0590f497b1abc4340a0b598f253302fc,data/datasets/RRDataset/selection_1500/lorenzo/real/real_000275.jpg,RRDataset,medium,0,0.16615164279937744
c5e2821a1b8943a164d1a0634dca60d1169721b78d90f6a2af32c432e092ca8f,data/datasets/RRDataset/selection_1500/lorenzo/ai/production_000208.png,RRDataset,medium,1,0.9722362756729126
c621fa97e8fd92973e5b2ca7077a8ffe8a5fbf5f844c33a6cdf30c3bf1224b3e,data/datasets/RRDataset/selection_1500/giovanni/ai/War_&_Conflict_Scenes_000912.png,RRDataset,high,1,0.9879512190818787
c624050ffed89033e37507f564f96c0a51e7d2f965b1677eac5287724ab3c446,data/datasets/RRDataset/selection_1500/giovanni/real/real_001603.jpg,RRDataset,medium,0,0.2525901794433594
c628acad8fc8319ab94edf29e4e8b4fbae7b8d7ed51d7d3232171b826a74f32d,data/datasets/RRDataset/selection_1500/sara/ai/Natural_Disasters_&_Accidents_000846.png,RRDataset,medium,1,0.9654718041419983
c64d7c60128530a9e04a90a9c283eee5683407f2e178f7fe723d839e03ea0b03,data/datasets/RRDataset/selection_1500/sara/ai/Natural_Disasters_&_Accidents_000173.png,RRDataset,low,1,0.9621210098266602
c6b43140a0072bcf2f69902864e6b9b8d4119be6e7b8172192fcb2750ac867da,data/datasets/RRDataset/selection_1500/sara/real/real_004558.jpg,RRDataset,low,0,0.899670422077179
c6c998b6334d4499a2474e7262442d124be1f996ee9b1556d94ef173790e3c2d,data/datasets/RRDataset/selection_1500/giovanni/ai/Natural_Disasters_&_Accidents_000903.png,RRDataset,medium,1,0.9716273546218872
c6d0ced2f556cdea35b511a57ece675d663465486208bc5d3029a76390708dce,data/datasets/RRDataset/selection_1500/lorenzo/real/real_006057.jpg,RRDataset,medium,0,0.421700656414032
c6f5d0ab6c49b30dd4080fb3fe7091eb74892afd91175edbaba885a0bc5953a4,data/datasets/RRDataset/selection_1500/lorenzo/ai/Medical_&_Public_Health_000885.png,RRDataset,medium,1,0.9772590398788452
c734eb1791aa6de4f5da41c7723c3e1f1445d6bdcdcf9786a0eac69fb6d68831,data/datasets/RRDataset/selection_1500/sara/ai/Political_&_Social_Events_000042.png,RRDataset,medium,1,0.9807676672935486
c73a2864d430d34bd796e870bdb19f36cb53e51849e9811921906df83b7799fc,data/datasets/RRDataset/selection_1500/lorenzo/real/real_000820.jpg,RRDataset,medium,0,0.6466184258460999
c74101840286243437a3e717797c13a49fba171dca93ef87c687063a1ca0cdbb,data/datasets/RRDataset/selection_1500/lorenzo/real/real_007248.jpg,RRDataset,medium,0,0.7428666949272156
c761710b14fb12f076f4420c3ce9ec3fcf543487cc7dd9ab042df7782207c4c8,data/datasets/RRDataset/selection_1500/sara/real/real_005982.jpg,RRDataset,medium,0,0.11016105860471725
c799ba4e5bf8d5f2207725a5fcd5379473c929e8a93cd910e51d86d13f553fc2,data/datasets/RRDataset/selection_1500/giovanni/ai/Political_&_Social_Events_000908.png,RRDataset,medium,1,0.9905102849006653
c7b6d965c1c462badf3fdfa4c22e6fe793ec31ad1898fe848ab8bea2e7ea6afa,data/datasets/RRDataset/selection_1500/sara/ai/Natural_Disasters_&_Accidents_000274.png,RRDataset,low,1,0.9836898446083069
c7c7a871819613af30c00308641b9d76fb76e55283f88a1dd5992eccacd3c877,data/datasets/RRDataset/selection_1500/sara/real/real_007893.jpg,RRDataset,low,0,0.9990770816802979
c83d2bf22ca4e222dff3065bd58fb45503688eb82a6146df0f6cbfcd831ba173,data/datasets/RRDataset/selection_1500/giovanni/ai/Medical_&_Public_Health_000379.png,RRDataset,medium,1,0.9306529760360718
c8447abf5444315c0b657735157f19acb49524ea4cbf96ec944facabd0356632,data/datasets/RRDataset/selection_1500/sara/ai/Political_&_Social_Events_000841.png,RRDataset,medium,1,0.9806135892868042
c862e2e5fab2a8b358358bf6e0b38a55d35da84e6e774e2edefcb4ab08663273,data/datasets/RRDataset/selection_1500/giovanni/ai/Culture_&_Religion_000294.png,RRDataset,medium,1,0.9724512100219727
c8fae1ed4dcd5e7a5dc3f320cf12591249279e2ff2be81a9939640499251944d,data/datasets/RRDataset/selection_1500/giovanni/ai/Medical_&_Public_Health_000724.png,RRDataset,high,1,0.9417998790740967
c913376fc6700167971531c9ab98061ea83a6dca8e0b8978c45fdf8458e21a0a,data/datasets/RRDataset/selection_1500/lorenzo/real/real_000754.jpg,RRDataset,medium,0,0.8639146685600281
c958c1aadb150c21545a4be99a35bbe3015e3269f8bf9f14b6d40e6b121f7c24,data/datasets/RRDataset/selection_1500/sara/real/real_008601.jpg,RRDataset,medium,0,0.8835654258728027
c9ac696b4b42d4006c18fdfd599f21b7e8ef847aa0f794964c7917c0ad22bb97,data/datasets/RRDataset/selection_1500/giovanni/real/real_001534.jpg,RRDataset,high,0,0.302647203207016
c9af3937b2a3e94204b0b363cab953ab7fb52d3658bbd0d6f2761e88e1afb270,data/datasets/RRDataset/selection_1500/lorenzo/ai/Culture_&_Religion_000152.png,RRDataset,high,1,0.9379745125770569
c9b63d5856933565c276c85abd62ea613f839603c18cbe2dd85c9351098ae6b2,data/datasets/RRDataset/selection_1500/sara/real/real_000473.jpg,RRDataset,medium,0,0.5501930713653564
c9b70f8735073cd00fb46defb7fab43aeed3b5e5ccdb22296d0d1a57da2fc3be,data/datasets/RRDataset/selection_1500/lorenzo/real/real_007148.jpg,RRDataset,medium,0,0.9498314261436462
c9c2ea80e92a4914a1d2c8fbdef8f6fa3126bfbda4aaa8f4231aee71276094d1,data/datasets/RRDataset/selection_1500/sara/real/real_006443.jpg,RRDataset,medium,0,0.8787744641304016
ca20dc9b1cf7f88d14bb9f4106c7789cc26ee0d7bfae98b6055b22fee3003a12,data/datasets/RRDataset/selection_1500/lorenzo/real/real_004407.jpg,RRDataset,medium,0,0.9410102963447571
ca2af21e26d4f282ac841e2166349b30f6af8d6a48439b60e326c90f5fd210a0,data/datasets/RRDataset/selection_1500/giovanni/ai/Medical_&_Public_Health_000364.png,RRDataset,medium,1,0.8947668075561523
ca7b8ebd812b021b9d07476fe4361b8aac368fb68b7f4c36ae695622941f4eaf,data/datasets/RRDataset/selection_1500/sara/ai/normal_009867.png,RRDataset,low,1,0.9725310206413269
ca9499514fe61ec409984dea1b71bc0a2f967ab4522aaec89082563b0b57ecfa,data/datasets/RRDataset/selection_1500/sara/ai/Natural_Disasters_&_Accidents_000931.png,RRDataset,low,1,0.9738905429840088
cadea4edc365c1102298bc36a3338126b25a2a5250d5f1735815dfd69cf02ea9,data/datasets/RRDataset/selection_1500/lorenzo/real/real_004370.jpg,RRDataset,medium,0,0.7975247502326965
cb1ac85c9a939f067798036dce4f58bc4fca29d9c29b53d1136d9d6b04a3c053,data/datasets/RRDataset/selection_1500/giovanni/ai/Culture_&_Religion_000164.png,RRDataset,medium,1,0.9661098122596741
cb32cb9ab304650cc061356acc51c71e44b66cca40fabbe4467dc0d27347ca84,data/datasets/RRDataset/selection_1500/giovanni/ai/Natural_Disasters_&_Accidents_000572.png,RRDataset,medium,1,0.9426807761192322
cb3c107e7f9bb7fdb85c3e801c51382297abcc3aaf82000c1ddad9d46c1164f0,data/datasets/RRDataset/selection_1500/giovanni/real/real_009260.jpg,RRDataset,medium,0,0.9978891015052795
cb470d8e846eb8d41bf74e49be8f95ff37c1605cf5480ad7b6fd234015964b5e,data/datasets/RRDataset/selection_1500/giovanni/real/real_009535.jpg,RRDataset,medium,0,0.335466593503952
cb7a958a7b0f2f8cc915c2a2b4063a96ef6c288d5c1e1e0144e02e7b09fd5741,data/datasets/RRDataset/selection_1500/lorenzo/ai/normal_007789.png,RRDataset,low,1,0.8156946897506714
cc0a51d4be9f571db9b523a55268e2dbf0e950af7dbd393a63e1eba4d61d02ff,data/datasets/RRDataset/selection_1500/lorenzo/real/real_007342.jpg,RRDataset,medium,0,0.9256798624992371
cc166fa01e3d9980098e56d745573893af8343d5e031df5e377e1bbe99201b8b,data/datasets/RRDataset/selection_1500/sara/ai/Medical_&_Public_Health_000473.png,RRDataset,high,1,0.9404599070549011
cc17ff847e589bac491014d2b3b715711520d6ee32a56ead56ada640fe6ad8fe,data/datasets/RRDataset/selection_1500/lorenzo/ai/Natural_Disasters_&_Accidents_000800.png,RRDataset,medium,1,0.8045941591262817
ccdc020bbb88392f6c83ce27e211847088524d3a3d1de95ad692cd2dc5a3b6ad,data/datasets/RRDataset/selection_1500/giovanni/real/real_006869.jpg,RRDataset,medium,0,0.2923887372016907
ccff5eb6a4c140fd11b9acff247e8bbada300d825ecd38121279858a77512cb9,data/datasets/RRDataset/selection_1500/giovanni/real/real_007968.jpg,RRDataset,low,0,0.9971010088920593
cd373b2b10d6ddfd6eeefa77a4b20381052af2c5d5c949cfe463535b3961f926,data/datasets/RRDataset/selection_1500/lorenzo/real/real_001164.jpg,RRDataset,medium,0,0.992215096950531
cd47406f6fb519a0571edf752dbf5574718aba6303fcaa9309036e80d3369f56,data/datasets/RRDataset/selection_1500/sara/ai/Natural_Disasters_&_Accidents_000899.png,RRDataset,medium,1,0.9951935410499573
cd67ceba1cda98526d9c75aaa16ee14d0354234d9ad67fb847b17829ba5336ca,data/datasets/RRDataset/selection_1500/lorenzo/ai/Natural_Disasters_&_Accidents_000605.png,RRDataset,low,1,0.9956436157226562
cd758097cb0340e3d20abe2a022ba468b5d4a82aa1dea0d549c616e3e2bb5809,data/datasets/RRDataset/selection_1500/lorenzo/real/real_008782.jpg,RRDataset,medium,0,0.138792484998703
cde273ea5208cbc5e5dcf49738052713b32f6426eebc10b7b54fe27a05f5e1b0,data/datasets/RRDataset/selection_1500/sara/ai/Political_&_Social_Events_000425.png,RRDataset,medium,1,0.9635754227638245
ce16e1f0b1f4a905a664cae453df8fcc469f4c476392ed34633c8df366b28876,data/datasets/RRDataset/selection_1500/giovanni/real/real_009179.jpg,RRDataset,medium,0,0.062490835785865784
ceb0852e9d56c004286e31c95841f1ea66071d145da96a7f11662b5d0f00a1f8,data/datasets/RRDataset/selection_1500/lorenzo/ai/Natural_Disasters_&_Accidents_000471.png,RRDataset,medium,1,0.9804307818412781
cec0a24d292b0ca1a790d26aa36f4187cb70f7bd1e1fe5daceb97b0ba5472c16,data/datasets/RRDataset/selection_1500/sara/ai/production_000027.png,RRDataset,medium,1,0.991732120513916
cee225ee8487b0c21804da3d7bf543ba25f75e78e97da10cf836a90261db1c7f,data/datasets/RRDataset/selection_1500/sara/ai/Medical_&_Public_Health_000395.png,RRDataset,medium,1,0.9487401843070984
cf2efba522504d98986b5fff949cb6c61730b8455362f621b616b93d07eb9dfc,data/datasets/RRDataset/selection_1500/giovanni/ai/production_000966.png,RRDataset,medium,1,0.9936971068382263
cf627dec794414e42a3a4132a4eb81e28ce00ea1eba251c0d268bf2ba7006984,data/datasets/RRDataset/selection_1500/lorenzo/real/real_004251.jpg,RRDataset,medium,0,0.09077288955450058
cf774f3804a5ef30574080d2efacf759e812456849a483229fe5357d0048b1d4,data/datasets/RRDataset/selection_1500/lorenzo/real/real_002827.jpg,RRDataset,medium,0,0.13960115611553192
cf88ccaf4d8daa16f8e9a9a3e209a9594f322f325bb03475ccb7068b4407beac,data/datasets/RRDataset/selection_1500/sara/ai/Political_&_Social_Events_000012.png,RRDataset,high,1,0.9772018790245056
cfb21d14326be980c3244536b29b34fcea58df986274abde970c98ba5a70571f,data/datasets/RRDataset/selection_1500/sara/real/real_007465.jpeg,RRDataset,medium,0,0.9353569149971008
cfd5e12df2ff11bf2cd9db681356732073194389145f99907faebcb501c1ea85,data/datasets/RRDataset/selection_1500/sara/real/real_003922.jpg,RRDataset,medium,0,0.9629106521606445
d05f78ef7762c69dd7d25184bba8ac3f72cb07c108e63720619b0377201f8eca,data/datasets/RRDataset/selection_1500/lorenzo/ai/Medical_&_Public_Health_000378.png,RRDataset,medium,1,0.9694589376449585
d066fa92015c721afa42138ea2408efdd74734b0cd7e8a23d71f0c4b7cd5873b,data/datasets/RRDataset/selection_1500/giovanni/real/real_005336.jpg,RRDataset,low,0,0.9746042490005493
d090b907d1fb32e2d2447a8f5caf3c961379eea6907b24f210b47218ba016944,data/datasets/RRDataset/selection_1500/lorenzo/ai/production_000654.png,RRDataset,medium,1,0.9986482262611389
d0a3146c57185b0ffa84c527b9a2780442a9d3aca9fa1d39d90f95d3c95f54e6,data/datasets/RRDataset/selection_1500/sara/ai/Natural_Disasters_&_Accidents_000659.png,RRDataset,medium,1,0.9939345717430115
d0bbc735113bb887f6d0d750f5f054870707fafc8d14a13a6990ed2a7e3d54a7,data/datasets/RRDataset/selection_1500/giovanni/real/real_002664.jpg,RRDataset,medium,0,0.6899105310440063
d1196bb04d53db305d19203b7e402bf6f7374cd4b7df22793c98f6ebf9f192db,data/datasets/RRDataset/selection_1500/sara/real/real_008998.jpg,RRDataset,low,0,0.5372829437255859
d11b2b75c29162851fe5f251f5682614684fecf7d61c6a8ee7198a94c59815a5,data/datasets/RRDataset/selection_1500/lorenzo/ai/Political_&_Social_Events_000924.png,RRDataset,medium,1,0.9166813492774963
d1313d2d7e839607f94129179b83931561b17c0ddc3c3833956ebe3a3d731a9c,data/datasets/RRDataset/selection_1500/sara/real/real_007071.jpg,RRDataset,medium,0,0.9814469814300537
d14a6cc4f193256c0abe9f810116ba3300857b6ea536bef9d6fffa3b7132b1c6,data/datasets/RRDataset/selection_1500/giovanni/ai/Medical_&_Public_Health_000358.png,RRDataset,high,1,0.8947461247444153
d15f320d8bb6685747c16b85350c6a51191d295f8441cd9f765aa8e0d1d9f6d7,data/datasets/RRDataset/selection_1500/lorenzo/real/real_003682.jpg,RRDataset,medium,0,0.9574335813522339
d19c7b07f6ac89e5cd186b50431d3be5cb4f92ceb31e5145f34262db6c05488b,data/datasets/RRDataset/selection_1500/giovanni/ai/War_&_Conflict_Scenes_000175.png,RRDataset,high,1,0.5903574228286743
d2a5e3ae0e04d215288df7b97041ce491b2919007f98d9e18768141d25c22f18,data/datasets/RRDataset/selection_1500/sara/ai/Natural_Disasters_&_Accidents_000578.png,RRDataset,medium,1,0.9970531463623047
d2f8824d919c1283b29a55c338333d47cd7dc61888e794f6ea3b63c7b792abff,data/datasets/RRDataset/selection_1500/lorenzo/real/real_001571.jpg,RRDataset,high,0,0.24793601036071777
d31d50204a571cc8e03cefbc64ccb2796d67cbeed40ff3e9abad20643f81d9cb,data/datasets/RRDataset/selection_1500/lorenzo/ai/Natural_Disasters_&_Accidents_000021.png,RRDataset,medium,1,0.8811192512512207
d445b7e3a3a3139d8babee04415810b15de5ce4ca11cf4fedcd8c9537f7bf6fc,data/datasets/RRDataset/selection_1500/sara/real/real_005991.jpg,RRDataset,medium,0,0.6635135412216187
d45ab0501f579037410eae93e2ae9f547629d6597b3c4e4a1846ec682c2d2b87,data/datasets/RRDataset/selection_1500/sara/real/real_004623.jpg,RRDataset,medium,0,0.3198736011981964
d461bee7090caebe59a85ce4475c2259e4fe1c25fb490989b53c7280cfc58de9,data/datasets/RRDataset/selection_1500/lorenzo/real/real_009574.jpg,RRDataset,medium,0,0.03925304114818573
d4a3105cf302ee3fbbc9aaf1cfda538de25a69d370c6caab0d7060d88a25353b,data/datasets/RRDataset/selection_1500/sara/ai/Medical_&_Public_Health_000466.png,RRDataset,high,1,0.9589675664901733
d4c171932f0f7d2f8b4d3626881885b301584838a42007ba6a393f4b1d91a263,data/datasets/RRDataset/selection_1500/giovanni/real/real_006160.jpg,RRDataset,low,0,0.9767458438873291
d4d5856ff8719741a5833cc3ec0f485713d709d8fc0de559d340c869d23fddd6,data/datasets/RRDataset/selection_1500/sara/real/real_009005.jpg,RRDataset,medium,0,0.01417930331081152
d4e41245720f221225591ce627dd9667b696cc9323269ee20deada9f22a9c22d,data/datasets/RRDataset/selection_1500/sara/real/real_008396.jpg,RRDataset,low,0,0.9965848922729492
d51c08281241edce6d52883e708a34e9b5b35e606069560e0a8627ffa8eb14ff,data/datasets/RRDataset/selection_1500/lorenzo/real/real_002728.jpg,RRDataset,medium,0,0.5928733944892883
d5234056628877f05a76a60745967044eac877b6873521286382814eb11307d2,data/datasets/RRDataset/selection_1500/sara/real/real_009797.jpg,RRDataset,low,0,0.8734268546104431
d524d7165a8364654cca478f5beb4dac7d0742179c05a83845084a693e136f21,data/datasets/RRDataset/selection_1500/lorenzo/ai/Political_&_Social_Events_000059.png,RRDataset,medium,1,0.9654896855354309
d53650393d2d53f3295d8307d5c0d0016481de2b23aa9dc2524dd6d340539b30,data/datasets/RRDataset/selection_1500/giovanni/ai/Medical_&_Public_Health_000718.png,RRDataset,medium,1,0.9944631457328796
d5fc8f4525e42123f7adf573f1fb65fc20d839fb7bcaec8a2e1c26c4e46cdd40,data/datasets/RRDataset/selection_1500/lorenzo/ai/normal_008585.png,RRDataset,low,1,0.002377808094024658
d628d50aed746ce27b8d02f53bb8de56937a49cd724ff58b46b0d95bc3020710,data/datasets/RRDataset/selection_1500/lorenzo/real/real_000598.jpg,RRDataset,medium,0,0.18141525983810425
d6369deca538be1f43b01e0a7ca07a5b2054075d75854215cb9ce9e7cd1160f1,data/datasets/RRDataset/selection_1500/giovanni/ai/War_&_Conflict_Scenes_000838.png,RRDataset,high,1,0.9929195046424866
d6544c888ef132d0a48606fbbd093921c31b435d7a974f7b5d759e34aa4d647d,data/datasets/RRDataset/selection_1500/lorenzo/real/real_001846.jpg,RRDataset,medium,0,0.47054997086524963
d65be54baf5a369d786d021f58af1fbd20a539c9eb9ec74424fbd68544732b14,data/datasets/RRDataset/selection_1500/giovanni/real/real_005919.jpg,RRDataset,medium,0,0.5147902369499207
d78236a48786388f75c695822eef98643d176fae0905a8fa0c7ce1b3f92b8a91,data/datasets/RRDataset/selection_1500/sara/ai/Natural_Disasters_&_Accidents_000765.png,RRDataset,low,1,0.9921048879623413
d7bb97122865bd97f29196ee7aedfa4d61b91459d6e37e812e0bf980e4a4a749,data/datasets/RRDataset/selection_1500/lorenzo/real/real_001673.jpg,RRDataset,medium,0,0.37087637186050415
d7cf8ae21987e7c784dca74ad2bf64df76bc8c67630d999105307206a07b249a,data/datasets/RRDataset/selection_1500/lorenzo/ai/Culture_&_Religion_000461.png,RRDataset,medium,1,0.9012898206710815
d87c5247eb2944c87d57d15d89949c79aea2420547b6597954b25a2f4eb40763,data/datasets/RRDataset/selection_1500/lorenzo/real/real_003882.jpg,RRDataset,medium,0,0.46344274282455444
d8afa1cd7427ef11074efdba2183e18ba53871439d2c11b8a6e8d1ab05ac4014,data/datasets/RRDataset/selection_1500/sara/ai/War_&_Conflict_Scenes_000032.png,RRDataset,medium,1,0.9189362525939941
d8bbc6471c5e2e36d240f8b34d048de2b65d09c5dd481e1a21d37618271f2cf0,data/datasets/RRDataset/selection_1500/lorenzo/real/real_008800.jpg,RRDataset,medium,0,0.157532200217247
d8c596cdb123761b5d716c89c98d2050240fa45669cb35c615ca8581b230f2a8,data/datasets/RRDataset/selection_1500/giovanni/real/real_003021.jpg,RRDataset,medium,0,0.9097450375556946
d8c8f114657a867060d7825fb2c5c9dd9bf8e9694264d33b1a8c15bb3550f208,data/datasets/RRDataset/selection_1500/sara/ai/normal_008648.png,RRDataset,low,1,0.9594799876213074
d914f4604156847fa93b7717936cea1cb45e96e661f4ffa487ed3ad56b5f587c,data/datasets/RRDataset/selection_1500/sara/ai/Medical_&_Public_Health_000714.png,RRDataset,medium,1,0.9363906383514404
d9c528d0fc7d9fd45d679b255141e85814c1afb3fc5514e2c71117aba86acdff,data/datasets/RRDataset/selection_1500/sara/real/real_000229.jpg,RRDataset,high,0,0.26333925127983093
d9df633a6781d8e545475865669899c4cc8447a935bd14ef9cfdcff155febcd0,data/datasets/RRDataset/selection_1500/giovanni/ai/normal_006557.jpg,RRDataset,medium,1,0.9235005378723145
da0bc2c3ac61fa54bc6893a4dcc39afcb64c6d0aff944f8b219f1144626d0583,data/datasets/RRDataset/selection_1500/lorenzo/real/real_002142.jpg,RRDataset,medium,0,0.9700838327407837
da2028af791307f06d6a6c182368290163c6d5c0ab845f8c8406b0b25a40567a,data/datasets/RRDataset/selection_1500/sara/ai/normal_007795.png,RRDataset,low,1,0.9832397103309631
da6b9f3fde92d9c7a9641b38c70445746a069ca690c0e0704ad6bd9e563d7446,data/datasets/RRDataset/selection_1500/lorenzo/ai/Political_&_Social_Events_000165.png,RRDataset,medium,1,0.7340149283409119
da81dc1d4b99cc3cdcb46153f08ff47cf01e255793046821192a6e50bd7b665e,data/datasets/RRDataset/selection_1500/lorenzo/real/real_006188.jpg,RRDataset,medium,0,0.999237060546875
da8831ffc37c78b3115ebe1097314420b46815f932d32cf909fbc50de11d4926,data/datasets/RRDataset/selection_1500/giovanni/ai/War_&_Conflict_Scenes_000447.png,RRDataset,high,1,0.9776453971862793
dadef9aceefd232e46c0282f4e535f13dcf3880ecec87e1a67210d63a5ffaa0d,data/datasets/RRDataset/selection_1500/lorenzo/ai/Medical_&_Public_Health_000213.png,RRDataset,high,1,0.706908106803894
dafdc2c30e7a4771e993a1ae762a20c3eccef4a8e644643cb9f649c5aa79e456,data/datasets/RRDataset/selection_1500/sara/real/real_008432.jpg,RRDataset,low,0,0.519491970539093
db0acffe8f2cd2d8d0b8ef9cdf0c0dd099840c8a9dba5d8b36ac101f5c0a620c,data/datasets/RRDataset/selection_1500/giovanni/ai/Natural_Disasters_&_Accidents_000961.png,RRDataset,medium,1,0.9691242575645447
db2fabfc0353c84c068bd833de4c37ccae034908964b187c4bc08ae527b289cb,data/datasets/RRDataset/selection_1500/giovanni/ai/Culture_&_Religion_000121.png,RRDataset,medium,1,0.8976377844810486
db69b313cec6dfe96242ec7f0f6b6962bd44205aa1a35af16375e07c944b09bf,data/datasets/RRDataset/selection_1500/sara/ai/normal_006375.jpg,RRDataset,medium,1,0.8435966968536377
db7d86a00594ffc7587fbc3027a578b7b2dd6ab257583ca78006091dfd544378,data/datasets/RRDataset/selection_1500/lorenzo/ai/normal_007187.png,RRDataset,medium,1,0.9542731642723083
dbeb82aec0aebb9f50a8afe546bef589c7f40526d556db646567978f32674ac5,data/datasets/RRDataset/selection_1500/sara/real/real_003813.jpg,RRDataset,medium,0,0.5185590982437134
dc650b29ba49c9decef434fe6ff36e154c94f57021d8aabaa35d4901d9dcdea7,data/datasets/RRDataset/selection_1500/lorenzo/real/real_000142.jpg,RRDataset,medium,0,0.26393166184425354
dcb5901da460fdb929509373ef6cd89c657a251c9b9830823a2c399cf698bbe8,data/datasets/RRDataset/selection_1500/sara/ai/War_&_Conflict_Scenes_000543.png,RRDataset,medium,1,0.9937356114387512
dcb7e0a966b9aca437f85e9ccd85c15a2ab4f5cca2068750ecc3497b1aa56d3e,data/datasets/RRDataset/selection_1500/sara/real/real_000786.jpg,RRDataset,low,0,0.4083395302295685
dcc0036b11c86b13df34f056cd25eb5fc0d696849bf1a185f2aa876716235db1,data/datasets/RRDataset/selection_1500/sara/real/real_009805.jpg,RRDataset,low,0,0.9326093196868896
dcf870e49f3535e8b289c8a5d636196fe067fc18761997cdbbe2472c11082784,data/datasets/RRDataset/selection_1500/giovanni/real/real_003774.jpg,RRDataset,low,0,0.9992678761482239
dd18dd92e0f38a8abb6a7796fab093260a79557f502e2c28023db43ea016720a,data/datasets/RRDataset/selection_1500/giovanni/real/real_007485.jpg,RRDataset,medium,0,0.2543933689594269
dd415055b8a91e8df0b243828d5258f7ecac38a232325daef0bf03b92f36b7f2,data/datasets/RRDataset/selection_1500/giovanni/real/real_008661.jpg,RRDataset,medium,0,0.7128598093986511
dd66aa9ad208b7284aef93af838765e2203fb3a3b2ee0d3bcb0b30b99512c077,data/datasets/RRDataset/selection_1500/sara/real/real_004328.jpg,RRDataset,medium,0,0.922707200050354
dd8b6082ce48187c64e90dccee5d8a060d60bf7c63ccb6f347487497edfdb551,data/datasets/RRDataset/selection_1500/giovanni/ai/Political_&_Social_Events_000161.png,RRDataset,medium,1,0.9569485187530518
dd9baff72e16b417139661705b4739a7eda9710f629f720e1aa082f62195e98b,data/datasets/RRDataset/selection_1500/giovanni/real/real_002478.jpg,RRDataset,medium,0,0.650428056716919
ddb040a68339753cd4e0e14f39cdac9b3f17cc689808de9cbd85f2899fe1a59e,data/datasets/RRDataset/selection_1500/giovanni/ai/Culture_&_Religion_000551.png,RRDataset,high,1,0.8050386905670166
ddb65eae4e43b66a6261bca0a41fc3f36ebb7f29393a7f95dbffc01daecb3397,data/datasets/RRDataset/selection_1500/giovanni/ai/Culture_&_Religion_000036.png,RRDataset,medium,1,0.8491289019584656
de2eb0e15fc10e36cd6a6dd46fee92afe288b9ecd90d20b4a537cf76c5fa8071,data/datasets/RRDataset/selection_1500/sara/real/real_003446.jpg,RRDataset,medium,0,0.117884062230587
de3e85ed297f71e7f32916d68ba0390d4f943f6c80801c04e42de01ffb7f3222,data/datasets/RRDataset/selection_1500/giovanni/ai/production_000441.png,RRDataset,medium,1,0.9952139854431152
de4d7fbaafaa47a8ac7134048787404d7b63e2d96140967c0754e97fc92eb6c6,data/datasets/RRDataset/selection_1500/giovanni/real/real_003059.jpg,RRDataset,high,0,0.1259918361902237
de8c9545e2bada94e2d31acbf9a964ad4a591d37da5d379e7a1a2b401714c5ec,data/datasets/RRDataset/selection_1500/lorenzo/real/real_003583.jpg,RRDataset,medium,0,0.9902064204216003
dee9c106f843d257ea869e6ca9094d67687ec85fafe9179ab900dca5d0e096fe,data/datasets/RRDataset/selection_1500/sara/real/real_009115.jpg,RRDataset,low,0,0.9648684859275818
df13cd2cc5c701b2573eec3065567221a51703491f835d16b141b998fb505d5c,data/datasets/RRDataset/selection_1500/giovanni/real/real_004206.jpg,RRDataset,medium,0,0.5815261006355286
df4db72ff23c9050a91d24517f2cb31beaa53be74d0a80ed0271c2be00f7c7a9,data/datasets/RRDataset/selection_1500/sara/ai/Natural_Disasters_&_Accidents_000384.png,RRDataset,medium,1,0.7540608644485474
df755405aa5dfdde63fa463bab79e324a50a727be0674ac5cff39bc151f2ba68,data/datasets/RRDataset/selection_1500/lorenzo/real/real_004426.jpg,RRDataset,low,0,0.9264081120491028
df83ef1f337d3609cb6b9f2de19be047ae7f3129cc41cd0eb89bda39588885df,data/datasets/RRDataset/selection_1500/giovanni/ai/Natural_Disasters_&_Accidents_000918.png,RRDataset,high,1,0.9032167792320251
df8b9360752350309e9597edd649700a707282678c7817a7af8e79194c958d2a,data/datasets/RRDataset/selection_1500/giovanni/ai/Culture_&_Religion_000663.png,RRDataset,medium,1,0.9940288066864014
df9dc4cf2e1821c5ec84e22d8e60d26d891571044cfaf5c239ae364a5b07133e,data/datasets/RRDataset/selection_1500/lorenzo/ai/Political_&_Social_Events_000304.png,RRDataset,medium,1,0.9892351031303406
dfb9f650b031d719a92453a8cf2580fb01e6028e15b3d96d04e8becb67ebc595,data/datasets/RRDataset/selection_1500/lorenzo/ai/Natural_Disasters_&_Accidents_000682.png,RRDataset,medium,1,0.9458984732627869
dfcea6caed5ffa0b2448f5ebc1eccf72fa88dccef19c2a940655c3a35199ffc1,data/datasets/RRDataset/selection_1500/lorenzo/ai/Medical_&_Public_Health_000441.png,RRDataset,medium,1,0.9230234622955322
dfd60377be7ab73a367161530b4f68ecbe458f5c0dbb3d43c2f94bf66449e4b5,data/datasets/RRDataset/selection_1500/sara/ai/Medical_&_Public_Health_000842.png,RRDataset,low,1,0.8034821152687073
e032a5a592060536efa6b8d61f238bad0cd0bb6b3eb469ad76f6bb7578bf276f,data/datasets/RRDataset/selection_1500/lorenzo/real/real_000787.jpg,RRDataset,low,0,0.07541614025831223
e05d6678d2f3e85bb0ceb79a6b8609f6083c574f4937391f596f47c015490302,data/datasets/RRDataset/selection_1500/sara/ai/normal_006111.jpg,RRDataset,low,1,0.966479480266571
e06078f71b35717bc5b322608b8e497170a193251554e717fa9fbcfbe55a1875,data/datasets/RRDataset/selection_1500/sara/ai/Political_&_Social_Events_000153.png,RRDataset,medium,1,0.9290976524353027
e125595634b96e2222868c962775a780c1c184d98d433a2520d6a64a51f87c70,data/datasets/RRDataset/selection_1500/lorenzo/ai/War_&_Conflict_Scenes_000950.png,RRDataset,medium,1,0.9918620586395264
e125a48b1603f91859313d156afb76844b03ded95a397175116a0b837eabe048,data/datasets/RRDataset/selection_1500/giovanni/ai/Natural_Disasters_&_Accidents_000243.png,RRDataset,low,1,0.9159833788871765
e13d8e2590d3271364ff4ad25e2835b878ddd2ee2bc14b4b282b0f368bf5e352,data/datasets/RRDataset/selection_1500/lorenzo/ai/Culture_&_Religion_000387.png,RRDataset,medium,1,0.9802383184432983
e17de4bfd241becf8b26c604f90907317b3ac9c1ad081b06adf6a22f6273c124,data/datasets/RRDataset/selection_1500/lorenzo/ai/Medical_&_Public_Health_000078.png,RRDataset,medium,1,0.8680942058563232
e1a2c3f826cd022fff1fd7ce28979163de66828880764c1b68a0c78e4bca47cc,data/datasets/RRDataset/selection_1500/lorenzo/ai/production_000657.png,RRDataset,low,1,0.9948175549507141
e1ad405b8f4f67c03af6fdd9f7e5ec705d6c988baf6ce81a4e17d025b650d562,data/datasets/RRDataset/selection_1500/sara/real/real_001724.jpg,RRDataset,medium,0,0.32957762479782104
e1e05b6376c06d3a3e4e966342b4f9a6f9af5c2beed32b671c4381e459586c8f,data/datasets/RRDataset/selection_1500/sara/ai/production_000493.png,RRDataset,medium,1,0.812160074710846
e1ef27e9de842f6e0b287e44dd6305a80e103167b637bbff1ef409b38ec96a14,data/datasets/RRDataset/selection_1500/giovanni/ai/Medical_&_Public_Health_000810.png,RRDataset,medium,1,0.5749458074569702
e1f4af37999078e15d450a9bfae7b91497136be83027818efb22801f17edb726,data/datasets/RRDataset/selection_1500/lorenzo/real/real_001311.jpg,RRDataset,medium,0,0.9849735498428345
e235433445b5c83e460bffe1ca5c1f1e9137f5b046baf94aef1b3cb2ca7a275e,data/datasets/RRDataset/selection_1500/giovanni/ai/Natural_Disasters_&_Accidents_000527.png,RRDataset,medium,1,0.9401917457580566
e28e653e5ef8d4992337c8472441176737f685750fe5c26b8d09bc1b3f5b9df0,data/datasets/RRDataset/selection_1500/lorenzo/real/real_000829.jpg,RRDataset,low,0,0.9001637697219849
e2c11a95e9b7f8075d381dd950c5a974aa0232a99cc687ee6695b95efa2f0ab3,data/datasets/RRDataset/selection_1500/giovanni/real/real_000082.jpg,RRDataset,low,0,0.6196768283843994
e2c4c8838801862fee61989b4772628118d861c558677f472e3b77f60b2ef43e,data/datasets/RRDataset/selection_1500/sara/ai/normal_006047.jpg,RRDataset,medium,1,0.6935436129570007
e2d6255636985d26486a9b43ad74f084b07a979dc5cdcccf92233a4f3e8ec5f5,data/datasets/RRDataset/selection_1500/giovanni/ai/Culture_&_Religion_000491.png,RRDataset,low,1,0.9871348738670349
e2e0b673eb9749378c970357a210180a5bd64aa4fed05dc8d37f9489ff1ecd30,data/datasets/RRDataset/selection_1500/lorenzo/real/real_001070.jpg,RRDataset,medium,0,0.6243928074836731
e2e14a9a04893146dfbc213737244db3e0f43b3b6413a4d5e471b839cae96701,data/datasets/RRDataset/selection_1500/giovanni/ai/production_000370.png,RRDataset,medium,1,0.9902355074882507
e30ca2e6f339a266660a3449c1a39c81d57bf43ab50d67263b584ced6be82359,data/datasets/RRDataset/selection_1500/lorenzo/real/real_007789.jpg,RRDataset,medium,0,0.8995650410652161
e314602590c3e81ebd45a1a693782bc64289028b7ed2e4a1ffb5421ea5587f58,data/datasets/RRDataset/selection_1500/sara/ai/Natural_Disasters_&_Accidents_000403.png,RRDataset,high,1,0.9370317459106445
e31db1fb816f0824a7c85f5072b5f785bfc284a030ca03afda95d063c8a25bd3,data/datasets/RRDataset/selection_1500/sara/real/real_001638.jpg,RRDataset,low,0,0.6727131605148315
e326f931ed7af3b5ad8de6cf3c2a9479c335f6688cc97118e5c9192ddb296e63,data/datasets/RRDataset/selection_1500/lorenzo/real/real_008768.jpg,RRDataset,low,0,0.023213841021060944
e33aa48af584f11945f0b11ccf99276db5289779e51f38509c6eb3a1d4a1a7b0,data/datasets/RRDataset/selection_1500/giovanni/ai/Medical_&_Public_Health_000711.png,RRDataset,medium,1,0.9894592761993408
e34fc8f953e1553b75f21ad71cde8f46a5640232bdf00139fb2f8b99d37c7b5b,data/datasets/RRDataset/selection_1500/sara/ai/normal_008625.png,RRDataset,low,1,0.9817482829093933
e38e491350b78ef6f8b0d8b672dd2241cf791f4a6c92953ecb79a3f3c683c844,data/datasets/RRDataset/selection_1500/sara/real/real_008475.jpg,RRDataset,medium,0,0.5933319926261902
e3b8c2f228e808baf8dc07277b5f26fb200d001040593b302486ca02d943c1ff,data/datasets/RRDataset/selection_1500/giovanni/real/real_007816.jpg,RRDataset,low,0,0.05548369139432907
e4006e90138861feaf3b9936f087c9c02d2d3946b2fffc7124e47a252cc53c53,data/datasets/RRDataset/selection_1500/lorenzo/real/real_004308.jpg,RRDataset,medium,0,0.8774040341377258
e41c0cf3db2646d0de3fd23e9cb6c05b5a8b0db3c70672861b713db030d78f91,data/datasets/RRDataset/selection_1500/giovanni/real/real_008196.jpg,RRDataset,low,0,0.9984184503555298
e433e0ccb89d2fdd9cd1f9a4205508208390453485efe83f431504f89629c2f8,data/datasets/RRDataset/selection_1500/giovanni/ai/Culture_&_Religion_000619.png,RRDataset,medium,1,0.9927532076835632
e46ff2e485d9909cdc692e499c5edb55e367f3a7a7243702cb35c864ff25fd28,data/datasets/RRDataset/selection_1500/sara/real/real_006009.jpg,RRDataset,low,0,0.9806561470031738
e4ed3c70457a2498e20fc160a50dec441c453e1b1ad93a3ef37985b06b967dfe,data/datasets/RRDataset/selection_1500/giovanni/real/real_000028.jpg,RRDataset,medium,0,0.5040754675865173
e5010a1df55419c3f93e2cba0cf85c753fc34aabb456de01c9a062b2dd22e058,data/datasets/RRDataset/selection_1500/sara/ai/normal_007096.png,RRDataset,low,1,0.9655364751815796
e50a4adec31c2024f723995b30e372bf154a51c58e1c6330ea5ad51b9ede0fe6,data/datasets/RRDataset/selection_1500/lorenzo/ai/Natural_Disasters_&_Accidents_000607.png,RRDataset,low,1,0.8883233666419983
e51a7eeabe67b8de544fab9e4649d572f7a44779eb8e7d00c349464f7a57c16e,data/datasets/RRDataset/selection_1500/lorenzo/real/real_008496.jpg,RRDataset,low,0,0.6973220109939575
e5657ebaf73c003442c84f52ddbc5988c3b01ea959d9e882c69478739322fd25,data/datasets/RRDataset/selection_1500/giovanni/ai/War_&_Conflict_Scenes_000410.png,RRDataset,medium,1,0.8982673287391663
e56b3828903a53fa1edda000007e6a1b7a4c6e360c341a15e6d327dc2bcd086e,data/datasets/RRDataset/selection_1500/lorenzo/real/real_002400.jpg,RRDataset,high,0,0.8251225352287292
e56d4e3b4f233904ffc0246b706d1f688a63cab2f76c2b7f5acc21901c9d45b2,data/datasets/RRDataset/selection_1500/giovanni/real/real_008366.jpg,RRDataset,medium,0,0.7845959663391113
e5837462522907838b0bd72e3cd191ceb4b6124a4c0f27dde75b18a8834385f8,data/datasets/RRDataset/selection_1500/lorenzo/ai/Medical_&_Public_Health_000708.png,RRDataset,medium,1,0.9684479236602783
e5b1ffcc2ce581ccff59b48c1fc66debe301a4523a505e988ef9c5f0562dcb63,data/datasets/RRDataset/selection_1500/sara/ai/Natural_Disasters_&_Accidents_000567.png,RRDataset,high,1,0.995746910572052
e5fc855d62ecbd60020505cf527c30eed00d6adcd99b2dd97d0886c697929748,data/datasets/RRDataset/selection_1500/lorenzo/real/real_007113.jpg,RRDataset,medium,0,0.27541598677635193
e603f8d55ed0b5d0f42c8eb7c10dd62c90b85930654a2148b89059c855995469,data/datasets/RRDataset/selection_1500/lorenzo/real/real_009666.jpg,RRDataset,medium,0,0.8896231651306152
e616abc63471ab5f93c0c69b6b17a194580d92827bef74014952f355e09e5cb7,data/datasets/RRDataset/selection_1500/sara/real/real_002054.jpg,RRDataset,medium,0,0.7761179208755493
e6183e4ed873e9043e43bd9e0593c66b21d52e859f7bc8fcdd8d880a2471aea8,data/datasets/RRDataset/selection_1500/giovanni/ai/normal_009832.png,RRDataset,low,1,0.21485014259815216
e69774aaee18786e61b5a35c107f35a34095cc9865b7b0a2434cfc01894d5b37,data/datasets/RRDataset/selection_1500/sara/real/real_005036.jpg,RRDataset,medium,0,0.03728262707591057
e6a26fab0a9c25131d461c353f1989e242717af454a99406807e3e16bf0917c3,data/datasets/RRDataset/selection_1500/lorenzo/ai/production_000762.png,RRDataset,medium,1,0.9983652234077454
e6c7cdcc0dfb999d5c5a5585ab6f6a464b7e36851f0ddb60095b38aa7744b627,data/datasets/RRDataset/selection_1500/giovanni/real/real_006460.jpg,RRDataset,medium,0,0.9929062128067017
e6ee1e66803b476d5905d40dfa5d3a8d2de79f45a21354fe8569f3d88d6933fc,data/datasets/RRDataset/selection_1500/sara/ai/War_&_Conflict_Scenes_000176.png,RRDataset,medium,1,0.7806140184402466
e71911c9d3f3ca9dc5a69286970ba2e0e4c5c1d29cf69b3228c642f1272e35c4,data/datasets/RRDataset/selection_1500/sara/ai/Culture_&_Religion_000022.png,RRDataset,medium,1,0.9972859621047974
e72072e798ff187464f449d82fa099f928ad2390c32e48474f18dbfb4428032d,data/datasets/RRDataset/selection_1500/sara/real/real_007871.jpg,RRDataset,medium,0,0.9950537085533142
e74920786041216589b6e61c59c9578e208802319309a1b562f180447a039cd0,data/datasets/RRDataset/selection_1500/sara/real/real_003231.jpg,RRDataset,low,0,0.4145238399505615
e7762899f7b8604378d9165052f7c4cc6069075bf35d1a19960ef2790bd0ea30,data/datasets/RRDataset/selection_1500/giovanni/ai/Medical_&_Public_Health_000613.png,RRDataset,high,1,0.9443002343177795
e7939fd793bb9df15f3aa1e262347e7734cd21f76db97772cdc4bf67d9281f1f,data/datasets/RRDataset/selection_1500/sara/ai/Political_&_Social_Events_000481.png,RRDataset,medium,1,0.981871485710144
e79a52a18e9b33be8b745d5d759c30a4e17d9313ae4963fe9b4d02865cb0af6b,data/datasets/RRDataset/selection_1500/lorenzo/real/real_004061.jpg,RRDataset,medium,0,0.7570690512657166
e79d2d7c8bac5a6c1a45ac1963348fd2bcce0a4a81f1209f7924aad687a004f2,data/datasets/RRDataset/selection_1500/lorenzo/real/real_002638.jpg,RRDataset,medium,0,0.6207148432731628
e7b39f79afc86f938208b44ae180b0b5233acd059e70e98fd1703daeab2adf20,data/datasets/RRDataset/selection_1500/giovanni/real/real_008096.jpg,RRDataset,low,0,0.9869822859764099
e7b65cd48c271fd592fd9f9c9affdf7f0d66fa16b42505a86744694e939b22e3,data/datasets/RRDataset/selection_1500/sara/ai/Culture_&_Religion_000846.png,RRDataset,medium,1,0.9894026517868042
e7f04863ac4c76be60d5f7570305b453498b20fccd69028278b8062a29d2f330,data/datasets/RRDataset/selection_1500/giovanni/ai/Medical_&_Public_Health_000171.png,RRDataset,medium,1,0.8209360837936401
e7f19735d4500db885aff88ebae8a1b1b4166463d4035272eaad2de1a5dcc1eb,data/datasets/RRDataset/selection_1500/sara/real/real_006671.jpg,RRDataset,medium,0,0.988906979560852
e7fa64635337e1cd44ac9745b8769af3afd2c8a8ef9771a4662883c0eb4e553b,data/datasets/RRDataset/selection_1500/giovanni/real/real_001640.jpg,RRDataset,medium,0,0.834039032459259
e7fe3e3cc05c4ba147976c67d3dfc8a6cb6a871f43f7fcb1794c38438abf281d,data/datasets/RRDataset/selection_1500/lorenzo/real/real_009587.jpg,RRDataset,low,0,0.012869992293417454
e807901472d504a7c3fd8f9178a6fedb27f294237c8acb247997cc207cc6110f,data/datasets/RRDataset/selection_1500/giovanni/ai/Natural_Disasters_&_Accidents_000350.png,RRDataset,medium,1,0.7797286510467529
e81d73f89f088a01749b5344583f9570a3a9ea8cb9b55ee033119c3dc218cc17,data/datasets/RRDataset/selection_1500/giovanni/real/real_005692.jpg,RRDataset,medium,0,0.3351169526576996
e88a2a8e52e18b391cf2931bb98bb4531093bce3912f4507446bdc0aa07e674b,data/datasets/RRDataset/selection_1500/giovanni/real/real_000186.jpg,RRDataset,low,0,0.8159379363059998
e89ced8ba1895b0a953610962c3ebf79c2374324ec44631e90031185be364db0,data/datasets/RRDataset/selection_1500/sara/real/real_003125.jpg,RRDataset,low,0,0.16706417500972748
e8a4e2f3c8f055421294b0be6948a7c60e2f997b62077709f6a7739f52eb822b,data/datasets/RRDataset/selection_1500/sara/real/real_007880.jpg,RRDataset,low,0,0.8548073768615723
e8c53e6d04aa6181a2e7e6720f036fc92b9efac861a21e433fbfd38d2345a051,data/datasets/RRDataset/selection_1500/lorenzo/real/real_004774.jpg,RRDataset,medium,0,0.5468573570251465
ea1bfb1e40f260397a20b03c45c5ca347d73c1b1df3d630f518a439cf79a4e82,data/datasets/RRDataset/selection_1500/lorenzo/ai/War_&_Conflict_Scenes_000745.png,RRDataset,medium,1,0.8570756912231445
ea1d4e44487dd7b8e320f66d945e8444e0e58e68d066542327f373f1e874881f,data/datasets/RRDataset/selection_1500/giovanni/ai/Culture_&_Religion_000123.png,RRDataset,high,1,0.8536872863769531
ea4e69dae54b71e1210b8142b53c8c8505cc053dcdff3b557965185b1b3e51ca,data/datasets/RRDataset/selection_1500/lorenzo/real/real_002314.jpg,RRDataset,medium,0,0.20760567486286163
ea5dac8c3452616b8c3172f7c4f5e1d56675c62259450f70af93e85c6e967983,data/datasets/RRDataset/selection_1500/giovanni/ai/Political_&_Social_Events_000034.png,RRDataset,high,1,0.9787953495979309
ea60f801cca8cc31a737f933a8c04aa14437207df783fb63bec812f25e594886,data/datasets/RRDataset/selection_1500/giovanni/real/real_002179.jpg,RRDataset,medium,0,0.8171368837356567
eacf05b6e480566f6e181e8d28b15b8cce0f6ce394740ab921bfa8ef75ad2697,data/datasets/RRDataset/selection_1500/lorenzo/ai/War_&_Conflict_Scenes_000177.png,RRDataset,high,1,0.5949001312255859
ead5e90d438a3cfc7c122c68f72844e595d652a9a3e37f22d7ef40a9f10f8c59,data/datasets/RRDataset/selection_1500/sara/real/real_001920.jpg,RRDataset,medium,0,0.9840973019599915
eaef619dc939ca42453191dce2bcaab1ab07cbe7fd655c82a6c10633eea11181,data/datasets/RRDataset/selection_1500/giovanni/ai/Natural_Disasters_&_Accidents_000783.png,RRDataset,medium,1,0.7710387110710144
eb0fb68e703a0e52f46b263b72589d14e6a2aee9bc7249ce16dc86e06aa8cf91,data/datasets/RRDataset/selection_1500/sara/ai/normal_009711.png,RRDataset,low,1,0.9998968839645386
eb1ef9030b8b6923806336ab2289c3185e7d62a2191f1272ebbe8a098b4999b0,data/datasets/RRDataset/selection_1500/lorenzo/ai/Political_&_Social_Events_000076.png,RRDataset,medium,1,0.9273781180381775
eb2f6d9a9da66a46fc045d8f2ecfea9af67b7d06bc99c6b42626872607411b45,data/datasets/RRDataset/selection_1500/sara/real/real_007494.jpg,RRDataset,medium,0,0.9879850745201111
eb707a0ce56a5706e5060584c005b77a16c41dd3b6816efca2db1f995c5deee9,data/datasets/RRDataset/selection_1500/giovanni/real/real_001883.jpg,RRDataset,medium,0,0.3389095366001129
ebe5ffd5a956a99ea75dd03045d1b921441b42dd1aeeba2928a5a8ba640133fb,data/datasets/RRDataset/selection_1500/lorenzo/real/real_008128.jpg,RRDataset,medium,0,0.9976555109024048
ebf8dddf5c5b3be73beec970aaef9fe76d286cd6c550493c261ac3f3de7dac21,data/datasets/RRDataset/selection_1500/lorenzo/real/real_005922.jpg,RRDataset,low,0,0.9341666102409363
ec514d99143b2938d8a7b20e2fba785642d9a3aaecd29fdb89acaab32d72292b,data/datasets/RRDataset/selection_1500/giovanni/real/real_004199.jpg,RRDataset,medium,0,0.7352792024612427
ec5e3b71a9e80c8f2927fce4bc481748fda0970ca968928a402e5d6f0195bc01,data/datasets/RRDataset/selection_1500/sara/ai/Political_&_Social_Events_000005.png,RRDataset,high,1,0.9061721563339233
ec687bc06aa73409c2bd0966b3452da9b69fd0bc8cd4c8b1c9f8d9e8f8fad732,data/datasets/RRDataset/selection_1500/giovanni/real/real_008295.jpg,RRDataset,low,0,0.38975241780281067
ec82175e235fad811f0a997b59f7f5c3c06c462ca072d6097a54102801da6e08,data/datasets/RRDataset/selection_1500/lorenzo/ai/production_000819.png,RRDataset,medium,1,0.9787200093269348
ec99a4c28c2e4837edd86c49dc0451d1b3201711547bf9dd1b89413a6bacc447,data/datasets/RRDataset/selection_1500/sara/ai/Medical_&_Public_Health_000005.png,RRDataset,medium,1,0.9458056688308716
eca0a069e517bacca13a875fff96f0b65364e60a96cefc1db44f99ba5d6cd484,data/datasets/RRDataset/selection_1500/sara/ai/production_000894.png,RRDataset,medium,1,0.9970619082450867
eca82f2017963c5653827357833ae4b16ce0060b386fe439d26e1d6b2f77321b,data/datasets/RRDataset/selection_1500/lorenzo/ai/normal_009275.png,RRDataset,low,1,0.6608737707138062
ed8dca2c0c4ac137dd420cafb4e52079e24eb5cabb574aa2550cf64742c10f1b,data/datasets/RRDataset/selection_1500/giovanni/real/real_006499.jpg,RRDataset,medium,0,0.980984091758728
edece42b56046148558dd1060b5bec988a1fe32cc35a895cc6e5221438f3f1ca,data/datasets/RRDataset/selection_1500/giovanni/real/real_008319.jpg,RRDataset,medium,0,0.7990049123764038
ee2c72b12d41952ba9dbbb3ea16855a1c4226c3792917c22ad3aa282946b6910,data/datasets/RRDataset/selection_1500/giovanni/real/real_002975.jpg,RRDataset,medium,0,0.9722002148628235
ee2e5117ec08d98d4f2070247f254cea9b5c86317066fadb4c15700d0a62fd38,data/datasets/RRDataset/selection_1500/sara/ai/War_&_Conflict_Scenes_000822.png,RRDataset,medium,1,0.9324765801429749
ee41450164f85320da0be996b2709eb769667ccbcf000dd3b2b2f335ed5d52e4,data/datasets/RRDataset/selection_1500/sara/real/real_009022.jpg,RRDataset,medium,0,0.08409895747900009
ee67bd63bc93a14e48e92397bb8abf5f8409d60822e59935c2c134d22393a8f0,data/datasets/RRDataset/selection_1500/lorenzo/ai/Medical_&_Public_Health_000482.png,RRDataset,high,1,0.950347363948822
eea275f3f35b1f7f49b896ae0db49ec34bd6f90e336d63262dc4315039182afb,data/datasets/RRDataset/selection_1500/sara/real/real_001502.jpg,RRDataset,medium,0,0.036396875977516174
ef4cc7d7517a0bc4d17b5ba82ebd9df016b0b30782e5634bc099aeb36389c523,data/datasets/RRDataset/selection_1500/giovanni/ai/production_000730.png,RRDataset,medium,1,0.9882273077964783
ef60b86736935bc8dde2059fd3e0643597ec96cc408ad3e1c6f17a49921f56b7,data/datasets/RRDataset/selection_1500/lorenzo/real/real_000136.jpg,RRDataset,low,0,0.9659324884414673
ef6155a7500102038a289bff05b0c5f6286a9a8ade137f95928187fc4ecc7116,data/datasets/RRDataset/selection_1500/lorenzo/ai/War_&_Conflict_Scenes_000296.png,RRDataset,medium,1,0.20373104512691498
ef6ad4832eab7d9062ba33b6c331e417644362af8e33a3a4c458b22b38bbf200,data/datasets/RRDataset/selection_1500/sara/real/real_008107.jpg,RRDataset,low,0,0.9709921479225159
efb5aafdd190165af4a9329d1afa09eef67634ce743a78fc95d4fa702748efc8,data/datasets/RRDataset/selection_1500/giovanni/ai/production_000278.png,RRDataset,medium,1,0.9906046986579895
efb65a3947c4605db2f3705bbf13ddafd2fe3a3d6a59c57011521897c53edc10,data/datasets/RRDataset/selection_1500/lorenzo/ai/War_&_Conflict_Scenes_000306.png,RRDataset,high,1,0.9383111000061035
efe0dea29b6e6cb317aef10d4c28f59c2015f31296daec1b9cabc1bc66b77da2,data/datasets/RRDataset/selection_1500/giovanni/ai/War_&_Conflict_Scenes_000993.png,RRDataset,medium,1,0.9721757173538208
f09155ac08c55672b8cc43be53c57c4b4987df65d16be059da2a74b05545a698,data/datasets/RRDataset/selection_1500/giovanni/real/real_004490.jpg,RRDataset,medium,0,0.9416154026985168
f09e2bb89e213feb14919506fe2db5045a0d189e28b088388e27d37226eb46a7,data/datasets/RRDataset/selection_1500/sara/ai/normal_008827.png,RRDataset,low,1,0.7922852635383606
f0a0a41a769be6f72a8034519fad8718d63c8ad2a9b6d48a547da91ee4e7f432,data/datasets/RRDataset/selection_1500/sara/real/real_004885.jpg,RRDataset,low,0,0.3485428988933563
f139ccb0b4a740824efbd9819764ff392803742f7439ce201879a5c7bfb6ca16,data/datasets/RRDataset/selection_1500/sara/real/real_005103.jpg,RRDataset,low,0,0.07389596104621887
f14db249c2023ef89fd261af7c73d18f6ff75543753c2d9ce3b43aed41a261ad,data/datasets/RRDataset/selection_1500/lorenzo/real/real_002197.jpg,RRDataset,medium,0,0.9774860143661499
f16ce232a6650ab53f89a0e8fdbafd585b9b51d48387a3efa2ee09e0d05c4c96,data/datasets/RRDataset/selection_1500/giovanni/real/real_008944.jpg,RRDataset,low,0,0.08094655722379684
f18057150d3de4e175b436e9ba7fb7969d835a1ada192ec9d3ea95840455d0e6,data/datasets/RRDataset/selection_1500/lorenzo/ai/production_000240.png,RRDataset,medium,1,0.964897096157074
f1d2770f574e7356d221c3eb4f46c576ce4da8f163c73f574c9c496783504997,data/datasets/RRDataset/selection_1500/giovanni/real/real_006937.jpg,RRDataset,medium,0,0.7010567784309387
f1e20af3adb9fa8ab370c49260fc89f18448dc0de32ca5fbc7622aa438fcf771,data/datasets/RRDataset/selection_1500/lorenzo/ai/Political_&_Social_Events_000039.png,RRDataset,medium,1,0.9837215542793274
f2003a0f62d1dff3cf44e524556e31d000298d981db862078cab7fc3613a4a92,data/datasets/RRDataset/selection_1500/giovanni/ai/Political_&_Social_Events_000301.png,RRDataset,high,1,0.9461181163787842
f22caa39e08d99080071d7c87bd4129768ab56bbafe6e4202df34f7ee12dae40,data/datasets/RRDataset/selection_1500/sara/ai/Medical_&_Public_Health_000314.png,RRDataset,medium,1,0.9893198013305664
f24f1ab79a5caa159240a0501560786822b1b8f67721503b6e76ceae15630b01,data/datasets/RRDataset/selection_1500/sara/ai/normal_007681.png,RRDataset,low,1,0.9918934106826782
f255b0be1724ca4d59e0547ebb34f7895171ff7128b79d9e785edeb9749d563d,data/datasets/RRDataset/selection_1500/giovanni/ai/production_000424.png,RRDataset,medium,1,0.9917843341827393
f256757b021be3cf32fdfaf1a3b85f9e4552e2b9647a1a8eda5222b83c361d2b,data/datasets/RRDataset/selection_1500/giovanni/real/real_009781.jpg,RRDataset,low,0,0.390109121799469
f2946055bce395ce598270394b820dd9b9a573e00ec9fc91eb58a973be796398,data/datasets/RRDataset/selection_1500/giovanni/real/real_009081.jpg,RRDataset,low,0,0.8024517893791199
f29727c576cedae9a34374bff4e9ce81120130379d12f74d051c6a575406fd1e,data/datasets/RRDataset/selection_1500/giovanni/real/real_007090.jpg,RRDataset,medium,0,0.9754794239997864
f2ac198210301203cea5e801b77bf4f82ba4beafcc350244f536bd2f030397d8,data/datasets/RRDataset/selection_1500/sara/ai/Natural_Disasters_&_Accidents_000430.png,RRDataset,high,1,0.9935577511787415
f2afa7ea9e49b1cb778cbac98a4f98c87854882b66c4ffeca87dcbe496221ad7,data/datasets/RRDataset/selection_1500/giovanni/ai/Medical_&_Public_Health_000760.png,RRDataset,medium,1,0.9942982792854309
f2db5f6f7bfac849ef87aa6e17dff54f35427ee629e6d7d7af9c4ef6edc0e81c,data/datasets/RRDataset/selection_1500/lorenzo/real/real_009966.jpg,RRDataset,low,0,0.19414523243904114
f2e0f56971d3bd55cbba0295632a9de40628e63ee6ee61945c700b4f3f6de366,data/datasets/RRDataset/selection_1500/lorenzo/ai/Natural_Disasters_&_Accidents_000277.png,RRDataset,low,1,0.9797239303588867
f300e339c44cbbc2747909c8035188c3dd88fa4e5b55f7a84324e7fdf5f8abd0,data/datasets/RRDataset/selection_1500/lorenzo/real/real_001344.jpg,RRDataset,low,0,0.7525820136070251
f37a5e90c54ec2eff825e4c38e62e67d55307e11085d36c7e11f9b726961e6db,data/datasets/RRDataset/selection_1500/sara/ai/Natural_Disasters_&_Accidents_000078.png,RRDataset,low,1,0.9540196657180786
f37d0c78bd258f62f15ad6459f53183b43a087737846ba8f36d8187a61bf9b6c,data/datasets/RRDataset/selection_1500/giovanni/ai/production_000439.png,RRDataset,medium,1,0.9755095839500427
f393fbaa665b4fa07eee1816be5ff76965e792f72d00a0547171a0ba63940ab2,data/datasets/RRDataset/selection_1500/sara/ai/normal_007514.png,RRDataset,low,1,0.9796268939971924
f3a64c0c2315add4df76498b73a7baa811211e18adb61de2abf6ae07c404f22e,data/datasets/RRDataset/selection_1500/lorenzo/ai/War_&_Conflict_Scenes_000341.png,RRDataset,high,1,0.7545253038406372
f3a8b4afb1fc612de54f174cd641c9e06893093df0da3bc638b4f27715aee8b3,data/datasets/RRDataset/selection_1500/giovanni/real/real_007902.jpg,RRDataset,medium,0,0.9205981492996216
f3c58796400839ce3da6f0f7c8c19ef7c27fcec2cbe45e263f71594c18dcc029,data/datasets/RRDataset/selection_1500/sara/real/real_002443.jpg,RRDataset,medium,0,0.5392993688583374
f3fae82eb58d5c1f609af0ab45d8df0957648fef26952a1cd2958dc3d345f059,data/datasets/RRDataset/selection_1500/giovanni/real/real_006847.jpg,RRDataset,medium,0,0.9230237603187561
f434dbd5d856a9195dd0597df88ef240286527e49f5c1095d16545356d344188,data/datasets/RRDataset/selection_1500/lorenzo/ai/normal_008734.png,RRDataset,medium,1,0.9537292718887329
f469b9dc8dc3170977200073899ce8ca34a6a6f827559c27cad6b6a6122517eb,data/datasets/RRDataset/selection_1500/sara/real/real_009681.jpg,RRDataset,medium,0,0.037545230239629745
f46db00fe1fe2d8073505cfb52a7914d1d9ae1ff69e4ce57d47831f6f378dd62,data/datasets/RRDataset/selection_1500/sara/ai/production_000217.png,RRDataset,medium,1,0.9975784420967102
f479516e7f1638748716ae8eeb4934dafeb4f012fba9b97823937f670179468f,data/datasets/RRDataset/selection_1500/sara/ai/War_&_Conflict_Scenes_000135.png,RRDataset,high,1,0.8809743523597717
f4925222fbe7bd5c718915ddd1cc0c682377da986580e5446b8418d6074d48bd,data/datasets/RRDataset/selection_1500/lorenzo/ai/Political_&_Social_Events_000262.png,RRDataset,high,1,0.9391480088233948
f4a262a639925c241d5d6cf9998217cff37f4fd57b3bf53091f3d0ea90daa756,data/datasets/RRDataset/selection_1500/giovanni/ai/Political_&_Social_Events_000419.png,RRDataset,medium,1,0.7891549468040466
f4cab35f85da82dcdd5924abcdef5b8f36b559dd69b763da4e78243c25783bc8,data/datasets/RRDataset/selection_1500/lorenzo/real/real_003057.jpg,RRDataset,medium,0,0.8706498146057129
f4dae4a212a3cb4aec21fb30755947044fa8ae3424b85f45111eeb31bbc81d66,data/datasets/RRDataset/selection_1500/giovanni/real/real_009645.jpg,RRDataset,medium,0,0.008374301716685295
f550721648558834907d012f2d763b0a7047e09b6422b5a98ee168f7b548ffbb,data/datasets/RRDataset/selection_1500/giovanni/ai/production_000613.png,RRDataset,medium,1,0.9991902709007263
f57cf95c05f4f391b3ce41a2861b55463fd0704c27797dbf69cd9e80f299f870,data/datasets/RRDataset/selection_1500/sara/ai/production_000691.png,RRDataset,medium,1,0.9968799352645874
f5a00e10260abe45efa2fa5f74f11b78d2dea8888d7ea3c170a5ec261fb20d0d,data/datasets/RRDataset/selection_1500/sara/real/real_001631.jpg,RRDataset,medium,0,0.007769052404910326
f5ef525db5eb7fdbe6fadd13b4292b573b1a27dabc92730cb8cb32c9d6d2111d,data/datasets/RRDataset/selection_1500/giovanni/ai/War_&_Conflict_Scenes_000941.png,RRDataset,high,1,0.9959636926651001
f5f9bb0fdfc2a1e3091bea2af07e98fc2b631afd477e9cce3a06f0ea1408f50f,data/datasets/RRDataset/selection_1500/sara/ai/Medical_&_Public_Health_000728.png,RRDataset,medium,1,0.9802932143211365
f618f3ff6eb434c682a424fc117542b2f2a906f68b7416a5905f71c24f924aeb,data/datasets/RRDataset/selection_1500/sara/ai/production_000290.png,RRDataset,medium,1,0.9780824184417725
f62fd45d375e89d3747e4cd4419b2779f69093b997332d0973df98661b5df521,data/datasets/RRDataset/selection_1500/sara/ai/War_&_Conflict_Scenes_000759.png,RRDataset,high,1,0.9747925996780396
f6abf89224950ec01dd73f3fb40eddf03e31f4c9322d15888e42a6851600740b,data/datasets/RRDataset/selection_1500/giovanni/ai/Political_&_Social_Events_000058.png,RRDataset,medium,1,0.9903692603111267
f6ceb1e38c8bb0fcdc424d00db65429ae8099aafc28c16d07b688bf7c8a561e1,data/datasets/RRDataset/selection_1500/giovanni/ai/Culture_&_Religion_000100.png,RRDataset,high,1,0.6593001484870911
f6daab63aa541b9db343cec63a3967b90b3d071192ec252de06d139a1e7cf475,data/datasets/RRDataset/selection_1500/giovanni/ai/Medical_&_Public_Health_000109.png,RRDataset,medium,1,0.9174998998641968
f74ede34c1240542f8ff38133c6777e41cfd5405866faefab8b10d2fcb812f8e,data/datasets/RRDataset/selection_1500/sara/ai/Natural_Disasters_&_Accidents_000784.png,RRDataset,medium,1,0.8155776858329773
f7bffe0787c404e18b6e935851b7981c950efab3a81d4ef958aff6e970ba9379,data/datasets/RRDataset/selection_1500/sara/real/real_001925.jpg,RRDataset,medium,0,0.6093003749847412
f7c3ad154e7338a6929d31f9c0e2daf31c9ae739e7f940e1d35f65317cb9fbb5,data/datasets/RRDataset/selection_1500/giovanni/real/real_005355.jpg,RRDataset,medium,0,0.9119754433631897
f7c94ca070c5b725db3269e1960a6eae9b979fe7d05ec0176116ac0ee152a5d5,data/datasets/RRDataset/selection_1500/sara/ai/War_&_Conflict_Scenes_000440.png,RRDataset,high,1,0.9128705859184265
f7e7b3df3317b399f06c1ea78e2e522f96fd62c7cf3009968797ea870a2caaa8,data/datasets/RRDataset/selection_1500/giovanni/real/real_004867.jpg,RRDataset,medium,0,0.46578729152679443
f7f8f48e61417c47dfd110c7e6a68e07b827092303a01f03e36919ecccae12c8,data/datasets/RRDataset/selection_1500/lorenzo/ai/War_&_Conflict_Scenes_000096.png,RRDataset,medium,1,0.9540582895278931
f7fcedaa67772f7f1892ec3396eeb64155a19dca99e8ebc01e21b1e177a615bb,data/datasets/RRDataset/selection_1500/lorenzo/real/real_000235.jpg,RRDataset,low,0,0.6054063439369202
f80173058d0ca09a330e643d476812f85223ac7f133c8bdbeb211639cfddbc5a,data/datasets/RRDataset/selection_1500/lorenzo/real/real_000374.jpg,RRDataset,medium,0,0.18997487425804138
f82fe438aa258b467e5def1bf2209892437c1ed4ffd84da86d33c0206c21e66e,data/datasets/RRDataset/selection_1500/lorenzo/ai/Natural_Disasters_&_Accidents_000887.png,RRDataset,medium,1,0.9818066358566284
f8b19eb4860edca3308ce0ef16d27bbd819dc5c419cf9b748fa762334ef488a5,data/datasets/RRDataset/selection_1500/sara/ai/production_000808.png,RRDataset,medium,1,0.9983775615692139
f8ce132009296bae02b885c2b0db4b1e8825a17ccdd9000376156d6bd1593862,data/datasets/RRDataset/selection_1500/sara/real/real_005630.jpg,RRDataset,low,0,0.8982036709785461
f8f86db7ad3134938ed4b9a804ab9af892651781a568682c7fc22d1fa53e8f5d,data/datasets/RRDataset/selection_1500/sara/ai/normal_009249.png,RRDataset,low,1,0.9981227517127991
f97c5c445262624d9fd47b4d9f8db4a03a5abfcbc9f216abaa0561f9abbc2e29,data/datasets/RRDataset/selection_1500/giovanni/real/real_001932.jpg,RRDataset,medium,0,0.8818433284759521
f9a86a3dfc787ba1425161e00fa6687f18da123fbceb78716744ddbd3789676d,data/datasets/RRDataset/selection_1500/lorenzo/real/real_006793.jpg,RRDataset,medium,0,0.985450267791748
f9aec907dfa5c447f6919865510995a18d06c355b3db201169ac4c7eca3ebfdb,data/datasets/RRDataset/selection_1500/lorenzo/real/real_002853.jpg,RRDataset,low,0,0.43228408694267273
f9e4ceb23468a89679e41c6b6386b2aa9230ce4455a3aa5eb1f1c724291e8889,data/datasets/RRDataset/selection_1500/lorenzo/real/real_004300.jpg,RRDataset,low,0,0.9803457856178284
fa310a9d42565cc790e135c53b7c09442703c1e20743c278340de2f41b9e7cf6,data/datasets/RRDataset/selection_1500/lorenzo/real/real_005070.jpg,RRDataset,low,0,0.4456465244293213
fa446d95fbbc58317371bba9ac215f35f6394f405afe94c4379ae8728c5e6283,data/datasets/RRDataset/selection_1500/sara/real/real_009955.jpg,RRDataset,low,0,0.05492107570171356
fa5919767d070b0d4b5d621f950b86727f0067922ac6b001a6e5a73c85507ac0,data/datasets/RRDataset/selection_1500/giovanni/ai/normal_006651.jpg,RRDataset,low,1,0.19606345891952515
fa68a12c722324e74eb4fd59ae3e032b6bedeca560eb44960ce3da0d1135d774,data/datasets/RRDataset/selection_1500/sara/ai/production_000680.png,RRDataset,medium,1,0.9985760450363159
fa7337e6573a7413b505573dd3bd67077b62a92f0b4ea4d96198e3e80d0a2aeb,data/datasets/RRDataset/selection_1500/sara/real/real_002455.jpg,RRDataset,medium,0,0.8776610493659973
fa9ddc05f69dd158c8c7c35b99201cd7c169d0093301893757d0b1c6dc4de8f1,data/datasets/RRDataset/selection_1500/giovanni/ai/production_000955.png,RRDataset,medium,1,0.9946916699409485
fac653ac9b9fc45620cca5b6565841acd7c2fea82c77f9053ae1b51708d5121a,data/datasets/RRDataset/selection_1500/sara/ai/Culture_&_Religion_000702.png,RRDataset,high,1,0.9613263607025146
facd0c9eeba3d26736c51a87ccf53ceb512737a3c5973e35ab15e263ebb835b5,data/datasets/RRDataset/selection_1500/giovanni/ai/Medical_&_Public_Health_000434.png,RRDataset,medium,1,0.8360471725463867
fad7b4d2c6511916357cb79988e0fe4a53668e489cb7077997696f64ff437137,data/datasets/RRDataset/selection_1500/giovanni/ai/Culture_&_Religion_000784.png,RRDataset,medium,1,0.9949051141738892
fae78ac30133f7c999a05b18c79c7e952d65d12370a6f43aed2201316a217ff9,data/datasets/RRDataset/selection_1500/sara/real/real_007223.jpg,RRDataset,low,0,0.9679067730903625
fb9244e5723905e6b6300d4ec8d67c79c3887313a761e5bbaa117a7170f1fdbd,data/datasets/RRDataset/selection_1500/lorenzo/real/real_005255.jpg,RRDataset,low,0,0.7905768156051636
fbc4634ff5292aa49332d96c685e01cfe5d08aa58e25265d4f09f4186e3c96b8,data/datasets/RRDataset/selection_1500/lorenzo/ai/Culture_&_Religion_000415.png,RRDataset,medium,1,0.9340551495552063
fbd7f3920e6dbc3021c4f74817602518043a59c7149e5d1edc0fb58a503c563d,data/datasets/RRDataset/selection_1500/sara/real/real_000730.jpg,RRDataset,medium,0,0.9543191194534302
fbf404aa98dcf57b5bdafeb40c953ed4c33690ef9e53bef54a7f36fda41e0034,data/datasets/RRDataset/selection_1500/lorenzo/ai/Political_&_Social_Events_000969.png,RRDataset,high,1,0.9832814335823059
fc1438c4ced503b8001013a05f1dca98b0306ef19b770eb48e70005de23c9ae1,data/datasets/RRDataset/selection_1500/sara/real/real_001627.jpg,RRDataset,medium,0,0.20717740058898926
fc3ea3943af013d79eb072d5a28e273c4f3fe70c1300dfe99bfced77eff6e5c7,data/datasets/RRDataset/selection_1500/giovanni/ai/production_000606.png,RRDataset,medium,1,0.9997419714927673
fc477d82a0292c093d71f878ddfb8bd76251956749624d6cc2ee5989f66a145d,data/datasets/RRDataset/selection_1500/giovanni/real/real_003080.jpg,RRDataset,medium,0,0.8756678104400635
fc6721693659d89e14d0c7ebe2c811bf271397a94e85a6fee7d9911be57e8475,data/datasets/RRDataset/selection_1500/lorenzo/ai/Culture_&_Religion_000902.png,RRDataset,medium,1,0.9918602108955383
fcbe912386f3e0fe1ab093ce42f728216d3fc6ea419f0168536ebecab16953fe,data/datasets/RRDataset/selection_1500/sara/real/real_006310.jpg,RRDataset,medium,0,0.9623007774353027
fcd9e41711ed92555d1e7b264c5401d5647cc2a0082df3335625b79c0c41e5aa,data/datasets/RRDataset/selection_1500/giovanni/ai/Culture_&_Religion_000743.png,RRDataset,high,1,0.9277503490447998
fceec5d2cf8dd7079b764c92a905382e4d9b7d6fb5a4ec2cd0ff0769f01b589a,data/datasets/RRDataset/selection_1500/lorenzo/real/real_005656.jpg,RRDataset,medium,0,0.7030633091926575
fd1ead850829903f435a0e438ec9c0a629aa416245a7a956e195a441eb10fd8c,data/datasets/RRDataset/selection_1500/lorenzo/real/real_008246.jpg,RRDataset,low,0,0.9119886159896851
fd232ae9bddbadb813fac597202ace2e189cbfffc1d82f07bbc3c11c3b8bf1f5,data/datasets/RRDataset/selection_1500/sara/ai/War_&_Conflict_Scenes_000122.png,RRDataset,high,1,0.8284476399421692
fd39b0121e98467edce8d2d58a52bdb5e465ce20a63e5f5a6e3177732ec1e523,data/datasets/RRDataset/selection_1500/giovanni/real/real_006121.jpg,RRDataset,medium,0,0.8142569661140442
fd40d8992cb6b778f97e408c4595173156d3ddd66d4b3dd1e8a837430a96195b,data/datasets/RRDataset/selection_1500/sara/real/real_000066.jpg,RRDataset,medium,0,0.8966057896614075
fd5e6e2d91ed978c26ae1dea46eb894081e808942b995d6d31b27bc2c214b052,data/datasets/RRDataset/selection_1500/sara/ai/Medical_&_Public_Health_000143.png,RRDataset,medium,1,0.8441791534423828
fd919ea4d3045734fd587bfaf80595115e83edccaccb04c010b6e6f753e82342,data/datasets/RRDataset/selection_1500/lorenzo/real/real_001845.jpg,RRDataset,medium,0,0.8104181289672852
fd968ed13352e403f4b06e8f284391db51b0cf0ce5c46cbecf0272712c27abc1,data/datasets/RRDataset/selection_1500/giovanni/real/real_002375.jpg,RRDataset,medium,0,0.8956679105758667
fdad777c1bb52a7c7d99cce69c51494c19ce38d848d4697c3ac7028cf2212a38,data/datasets/RRDataset/selection_1500/lorenzo/real/real_008471.jpg,RRDataset,low,0,0.9741047024726868
fdde77bf7f1e6e02389cdcdfb85272006137a41858c916cabf9335d091a48a66,data/datasets/RRDataset/selection_1500/sara/real/real_000740.jpg,RRDataset,medium,0,0.3375270664691925
fe0669cb7aeaece3921cf48cecb00815660c0f5c0b802f58cdad03398bd9725f,data/datasets/RRDataset/selection_1500/giovanni/real/real_003463.jpg,RRDataset,medium,0,0.7972685098648071
fe077ab06f77a1e03b82c66b4340e04607d33a942ad5b4ad7e417526caaf6c9c,data/datasets/RRDataset/selection_1500/lorenzo/real/real_002414.jpg,RRDataset,low,0,0.7784309983253479
fe1efa0a4ed931ecf87d3ff295336d2b3681cabc81ca765e61aa42ea0ac2df06,data/datasets/RRDataset/selection_1500/sara/real/real_006327.jpg,RRDataset,medium,0,0.9160942435264587
fe3cd5f373d2214f48aadca824c131a6c66669010b44a573d3c8c88410d5c99c,data/datasets/RRDataset/selection_1500/lorenzo/real/real_004012.jpg,RRDataset,medium,0,0.6746909618377686
fec9d216ae3e1943ed5ce2eb3dc826f0df1e55c3aa381c07158513d4cc6096d7,data/datasets/RRDataset/selection_1500/giovanni/ai/normal_006373.jpg,RRDataset,low,1,0.4699004292488098
fef17cc39bab838a9f664d7676a8d2b470628c77240deb1a663e50f6a109511a,data/datasets/RRDataset/selection_1500/giovanni/ai/production_000376.png,RRDataset,medium,1,0.9951215386390686
ff053cf238473f4fa8cca8fab83cc8870da7ca94133d8f40c32a9964d05aba21,data/datasets/RRDataset/selection_1500/sara/ai/War_&_Conflict_Scenes_000299.png,RRDataset,medium,1,0.895529568195343
ff16eb54c52b5199522d32483cdb3cd53cb6e49499015c8b44607340a9789ceb,data/datasets/RRDataset/selection_1500/lorenzo/real/real_002008.jpg,RRDataset,medium,0,0.7808997631072998
ff2258955382dc8ee2ca7dfc9bd7e9ed9302452a2912fdf1382f36bf77d75683,data/datasets/RRDataset/selection_1500/giovanni/real/real_001139.jpg,RRDataset,medium,0,0.7522590756416321
ff51b0b3cb51b76d0f7200a6df0d087e713267423b0038c7fe4b27f2bcae783b,data/datasets/RRDataset/selection_1500/giovanni/ai/Medical_&_Public_Health_000921.png,RRDataset,medium,1,0.9623074531555176
ffca2be20415697186f2b48dd4678fc9b3e4b5030ae9a7aa5486349351fa6f54,data/datasets/RRDataset/selection_1500/giovanni/real/real_007029.jpg,RRDataset,medium,0,0.8886262774467468
