content_hash,image_path,source_dataset,sensitivity_level,label,probability_fake
00294dcb68a832c07c7fede8179e6f9caa0e209ef1622436be2502c9dfdfaa2a,data/datasets/openfake/pilot-600/images/fake/00294dcb68a832c07c7fede8179e6f9caa0e209ef1622436be2502c9dfdfaa2a.png,ComplexDataLab/OpenFake,medium,1,0.9137302041053772
006889a0c3aaec918b4588904790820ec39e1b97c6e08c6b6a803ecae1d8b6e6,data/datasets/openfake/pilot-600/images/fake/006889a0c3aaec918b4588904790820ec39e1b97c6e08c6b6a803ecae1d8b6e6.png,ComplexDataLab/OpenFake,medium,1,0.9414595365524292
006ecef50f937cf692c61c13c25549171f5a6ac3a816f78501353d653cca06da,data/datasets/openfake/additional-900/images/real/006ecef50f937cf692c61c13c25549171f5a6ac3a816f78501353d653cca06da.jpg,ComplexDataLab/OpenFake,medium,0,0.4672873914241791
008594762f20ec8efb62efe09d5cf0dee237e5c2b2e32f60c50c06d911d58f3e,data/datasets/openfake/pilot-600/images/real/008594762f20ec8efb62efe09d5cf0dee237e5c2b2e32f60c50c06d911d58f3e.jpg,ComplexDataLab/OpenFake,medium,0,0.9005652666091919
008829b6c2c12cba65ef788d6276ccef739f2c79c3834da0013a42fb56e91fcf,data/datasets/openfake/additional-900/images/fake/008829b6c2c12cba65ef788d6276ccef739f2c79c3834da0013a42fb56e91fcf.png,ComplexDataLab/OpenFake,medium,1,0.9860337376594543
00b54f4ce2d09f74c2267beb67e77c62fe187aab74972e3ebe2d504fa6c39763,data/datasets/openfake/additional-900/images/fake/00b54f4ce2d09f74c2267beb67e77c62fe187aab74972e3ebe2d504fa6c39763.png,ComplexDataLab/OpenFake,low,1,0.8945500254631042
00c0435d508a73bbeda582d06bf261b98b6913a56226e7cf29da67737ddd5e20,data/datasets/openfake/additional-900/images/fake/00c0435d508a73bbeda582d06bf261b98b6913a56226e7cf29da67737ddd5e20.webp,ComplexDataLab/OpenFake,low,1,0.0489145964384079
00cbc8d789e764ecea4da45bebbcfa52b372608d710ae1de382996d40f9a8dc7,data/datasets/openfake/additional-900/images/fake/00cbc8d789e764ecea4da45bebbcfa52b372608d710ae1de382996d40f9a8dc7.png,ComplexDataLab/OpenFake,medium,1,0.9984402060508728
00d551ef32ea946c29602bb6de3293a4653624b19fa1e84f67408f10d8430132,data/datasets/openfake/pilot-600/images/fake/00d551ef32ea946c29602bb6de3293a4653624b19fa1e84f67408f10d8430132.png,ComplexDataLab/OpenFake,low,1,0.10118786990642548
00e8c18aaa33268122441ad7eb1a2980d9f94dd065c5be4fe79ed4fb6646ad00,data/datasets/openfake/additional-900/images/real/00e8c18aaa33268122441ad7eb1a2980d9f94dd065c5be4fe79ed4fb6646ad00.jpg,ComplexDataLab/OpenFake,medium,0,0.07733520865440369
011a68a2b099883d03cdb2c19dc38a007c65bffe3aeba1fd0d026e4f8d85d933,data/datasets/openfake/additional-900/images/fake/011a68a2b099883d03cdb2c19dc38a007c65bffe3aeba1fd0d026e4f8d85d933.png,ComplexDataLab/OpenFake,medium,1,0.9914807081222534
0127d0b8bcd59b2f90c60f188d68d0299c9d4832df77c4853c0229464648e369,data/datasets/openfake/additional-900/images/fake/0127d0b8bcd59b2f90c60f188d68d0299c9d4832df77c4853c0229464648e369.png,ComplexDataLab/OpenFake,medium,1,0.19355875253677368
01455bc620d7137df3afdbd586bfa68fee8cc931b2511a7fda21a6a98ab4158b,data/datasets/openfake/additional-900/images/fake/01455bc620d7137df3afdbd586bfa68fee8cc931b2511a7fda21a6a98ab4158b.png,ComplexDataLab/OpenFake,low,1,0.22106042504310608
014d02224457fd79efab38f7f55b35f63b2b64d679a455cec9e5c7ccf62cdda5,data/datasets/openfake/additional-900/images/fake/014d02224457fd79efab38f7f55b35f63b2b64d679a455cec9e5c7ccf62cdda5.png,ComplexDataLab/OpenFake,medium,1,0.9988842606544495
018f0dc1e0ebdb5eb8adf57f8b90001a5b03131e7585ee8378d32efbbe5a06be,data/datasets/openfake/additional-900/images/real/018f0dc1e0ebdb5eb8adf57f8b90001a5b03131e7585ee8378d32efbbe5a06be.jpg,ComplexDataLab/OpenFake,low,0,0.0033057699911296368
01901d6963a13165939e31ef73248313565145033418a9613082e0063cceea4d,data/datasets/openfake/additional-900/images/real/01901d6963a13165939e31ef73248313565145033418a9613082e0063cceea4d.jpg,ComplexDataLab/OpenFake,medium,0,0.7741602063179016
01b18ee7f96da180a85c3205e39912b4360d5c11982bbcdf053e167e309238ed,data/datasets/openfake/additional-900/images/real/01b18ee7f96da180a85c3205e39912b4360d5c11982bbcdf053e167e309238ed.jpg,ComplexDataLab/OpenFake,medium,0,8.977448305813596e-05
01b2f2d2e32a785f8e6fc48dbc9862b785f6a6947a58677d3d504368cd9b6214,data/datasets/openfake/pilot-600/images/real/01b2f2d2e32a785f8e6fc48dbc9862b785f6a6947a58677d3d504368cd9b6214.jpg,ComplexDataLab/OpenFake,medium,0,0.05733522027730942
01cbc35952e0819a0ce45a7747eb183974f7cb99a314ebc0e37dcae10d503791,data/datasets/openfake/additional-900/images/fake/01cbc35952e0819a0ce45a7747eb183974f7cb99a314ebc0e37dcae10d503791.png,ComplexDataLab/OpenFake,low,1,0.919834554195404
02704b70f3943efbc63a29c11e2fb5caf68808d596e36035aea48e139919a2cc,data/datasets/openfake/pilot-600/images/real/02704b70f3943efbc63a29c11e2fb5caf68808d596e36035aea48e139919a2cc.jpg,ComplexDataLab/OpenFake,medium,0,0.4608221650123596
028383a2bc29d233f5f1264b66ec16e43fd861654d9ee5978ea8e462b4b43f79,data/datasets/openfake/pilot-600/images/fake/028383a2bc29d233f5f1264b66ec16e43fd861654d9ee5978ea8e462b4b43f79.png,ComplexDataLab/OpenFake,medium,1,0.9089142680168152
02aba247c6abe5b9a067c041a4e0a65cf166b375e2c4cbc44677b288ffbf8446,data/datasets/openfake/additional-900/images/fake/02aba247c6abe5b9a067c041a4e0a65cf166b375e2c4cbc44677b288ffbf8446.png,ComplexDataLab/OpenFake,medium,1,0.9925711750984192
02b4ff836d7f3edf0e68eaaa2a045baec77cbb402246f9baff14194db49fdde7,data/datasets/openfake/additional-900/images/real/02b4ff836d7f3edf0e68eaaa2a045baec77cbb402246f9baff14194db49fdde7.jpg,ComplexDataLab/OpenFake,medium,0,0.5393695831298828
03183ad87f31c3c99a1bec9f37c98e76d7f6dac9d4851eda5d0a4b4605425d75,data/datasets/openfake/additional-900/images/real/03183ad87f31c3c99a1bec9f37c98e76d7f6dac9d4851eda5d0a4b4605425d75.jpg,ComplexDataLab/OpenFake,medium,0,0.025586366653442383
034210a00259d977911df2af667420db2d3c1bfffac5db8089823d9508b1ef36,data/datasets/openfake/pilot-600/images/fake/034210a00259d977911df2af667420db2d3c1bfffac5db8089823d9508b1ef36.png,ComplexDataLab/OpenFake,medium,1,0.7867130637168884
034a3d4070847840505a010c78888746d367be6658457fc770780c5d5f9e0681,data/datasets/openfake/additional-900/images/real/034a3d4070847840505a010c78888746d367be6658457fc770780c5d5f9e0681.jpg,ComplexDataLab/OpenFake,medium,0,0.11016559600830078
035ecfeb940c4d35c80b3cc0ccb914d0ac42a26bcc7c582e59257a3f8b5c9a95,data/datasets/openfake/additional-900/images/fake/035ecfeb940c4d35c80b3cc0ccb914d0ac42a26bcc7c582e59257a3f8b5c9a95.png,ComplexDataLab/OpenFake,medium,1,0.5900999307632446
039d62e7d5a6902bc0ec8e8921cd76d941e08a52b3aff0862ed5267f85dc0078,data/datasets/openfake/pilot-600/images/real/039d62e7d5a6902bc0ec8e8921cd76d941e08a52b3aff0862ed5267f85dc0078.jpg,ComplexDataLab/OpenFake,medium,0,0.0037711006589233875
03bd8c2585b6244c18dae7d992578ac52bcf5c7c31d9cfde18a1d1002670ed96,data/datasets/openfake/pilot-600/images/real/03bd8c2585b6244c18dae7d992578ac52bcf5c7c31d9cfde18a1d1002670ed96.jpg,ComplexDataLab/OpenFake,low,0,0.751550018787384
03de9c707a42412e78c18e974e7a5ee2fc8d7b6e6bc9abbdcb9c9b23f60ecd0a,data/datasets/openfake/pilot-600/images/real/03de9c707a42412e78c18e974e7a5ee2fc8d7b6e6bc9abbdcb9c9b23f60ecd0a.jpg,ComplexDataLab/OpenFake,low,0,0.46476227045059204
03f2e19c06f403e8089f8e58647535b20445590e46225ea4113e463d86a378cb,data/datasets/openfake/additional-900/images/real/03f2e19c06f403e8089f8e58647535b20445590e46225ea4113e463d86a378cb.png,ComplexDataLab/OpenFake,medium,0,0.7498335242271423
04123341d61ed5d2f72ae9d09735f9656e36f2f7cea293c80e6301b0f63a6c73,data/datasets/openfake/additional-900/images/real/04123341d61ed5d2f72ae9d09735f9656e36f2f7cea293c80e6301b0f63a6c73.jpg,ComplexDataLab/OpenFake,medium,0,0.36396390199661255
04362431d32533d243b45dd970bc15714782f46ae568a68d7f3b277f3f82295c,data/datasets/openfake/additional-900/images/real/04362431d32533d243b45dd970bc15714782f46ae568a68d7f3b277f3f82295c.jpg,ComplexDataLab/OpenFake,medium,0,0.04890710487961769
04549a213aeabe11d22655e26efc478344b26eda1d1b56395c034f2177e8c90d,data/datasets/openfake/additional-900/images/real/04549a213aeabe11d22655e26efc478344b26eda1d1b56395c034f2177e8c90d.jpg,ComplexDataLab/OpenFake,medium,0,0.8820500373840332
045fc1c8fe52d12262dde8c3933400944984610a76683bd538f5839a14309555,data/datasets/openfake/pilot-600/images/fake/045fc1c8fe52d12262dde8c3933400944984610a76683bd538f5839a14309555.png,ComplexDataLab/OpenFake,low,1,0.04981870576739311
04c75b94436b1ca0d3bf31ed1205e6e5e4667c1843ddf6eea37d7c950e82522b,data/datasets/openfake/additional-900/images/fake/04c75b94436b1ca0d3bf31ed1205e6e5e4667c1843ddf6eea37d7c950e82522b.png,ComplexDataLab/OpenFake,low,1,0.9573565721511841
05780961af3b73b946fdec53aa3c06bf8b4f3b6bbfc5307c8d25699a5795540a,data/datasets/openfake/additional-900/images/real/05780961af3b73b946fdec53aa3c06bf8b4f3b6bbfc5307c8d25699a5795540a.jpg,ComplexDataLab/OpenFake,low,0,0.908841609954834
05821ee51ef95d0a7de9d81a147b95ad2f0bb57f7608320a6e34e3565e13157e,data/datasets/openfake/pilot-600/images/fake/05821ee51ef95d0a7de9d81a147b95ad2f0bb57f7608320a6e34e3565e13157e.png,ComplexDataLab/OpenFake,medium,1,0.9973827004432678
05ac0359d577325e72e93d1f7de77d76d58aec86402d792f8274648287ef037a,data/datasets/openfake/additional-900/images/fake/05ac0359d577325e72e93d1f7de77d76d58aec86402d792f8274648287ef037a.png,ComplexDataLab/OpenFake,high,1,0.9937394857406616
05c22cb53a298bde3b21ec354fe68620810f437ec2d2a670b26109d085824f2c,data/datasets/openfake/additional-900/images/fake/05c22cb53a298bde3b21ec354fe68620810f437ec2d2a670b26109d085824f2c.jpg,ComplexDataLab/OpenFake,medium,1,0.8719168901443481
06166c8f82123b51c26e8ff512f6479e255aabfcb6d4dc5ae13e239ed2ee1797,data/datasets/openfake/additional-900/images/fake/06166c8f82123b51c26e8ff512f6479e255aabfcb6d4dc5ae13e239ed2ee1797.png,ComplexDataLab/OpenFake,medium,1,0.9793696999549866
061a8efa3d02f3d7905ddafa05f6c5d2a793da27013c6940471335e286b5f7f8,data/datasets/openfake/additional-900/images/real/061a8efa3d02f3d7905ddafa05f6c5d2a793da27013c6940471335e286b5f7f8.jpg,ComplexDataLab/OpenFake,medium,0,0.01057943981140852
068a372b0f7788ee141bc6b9c829f77f4b84b1d5b6e4f29bc628e209d00b5a4c,data/datasets/openfake/additional-900/images/fake/068a372b0f7788ee141bc6b9c829f77f4b84b1d5b6e4f29bc628e209d00b5a4c.png,ComplexDataLab/OpenFake,low,1,0.8789003491401672
06d9af988efd8d6d3ff49e4b253efa2f87950c83d1b77aa1c383311700baaa81,data/datasets/openfake/additional-900/images/real/06d9af988efd8d6d3ff49e4b253efa2f87950c83d1b77aa1c383311700baaa81.jpg,ComplexDataLab/OpenFake,medium,0,0.041224218904972076
07384e302abb3ab518e316c601457622bb1a67460d1fdaca3c5362d347979dd8,data/datasets/openfake/additional-900/images/fake/07384e302abb3ab518e316c601457622bb1a67460d1fdaca3c5362d347979dd8.png,ComplexDataLab/OpenFake,medium,1,0.9957340359687805
073f71bf5482489e2176597cebfac8f16a6d4aed40be299ab4dd4af44d7f3d49,data/datasets/openfake/additional-900/images/fake/073f71bf5482489e2176597cebfac8f16a6d4aed40be299ab4dd4af44d7f3d49.jpg,ComplexDataLab/OpenFake,low,1,0.781133770942688
073f80938d867d05ff759088df4f97ec3821b4e1bc24e9f3703ff8838568f789,data/datasets/openfake/pilot-600/images/fake/073f80938d867d05ff759088df4f97ec3821b4e1bc24e9f3703ff8838568f789.png,ComplexDataLab/OpenFake,low,1,0.19352948665618896
075f59a5226c597a9d67cbd2482a6ab8f87b39fd4b50cf6b850dd9e12e078492,data/datasets/openfake/pilot-600/images/fake/075f59a5226c597a9d67cbd2482a6ab8f87b39fd4b50cf6b850dd9e12e078492.png,ComplexDataLab/OpenFake,medium,1,0.9822680950164795
07add180346a24f4614278d296955acc22d15cc19d955de48e6f66da2aa69807,data/datasets/openfake/additional-900/images/real/07add180346a24f4614278d296955acc22d15cc19d955de48e6f66da2aa69807.jpg,ComplexDataLab/OpenFake,low,0,0.586332380771637
07d4b1e531c83a33816dda5fb4c631c5f27d80bde8970fd35fba8d72ae7074d8,data/datasets/openfake/pilot-600/images/real/07d4b1e531c83a33816dda5fb4c631c5f27d80bde8970fd35fba8d72ae7074d8.jpg,ComplexDataLab/OpenFake,high,0,0.7870898246765137
07ec524c7fed0ab92f5428ac038f1aeeb0ce29c36aea40288cd3a22bea49b1f1,data/datasets/openfake/pilot-600/images/real/07ec524c7fed0ab92f5428ac038f1aeeb0ce29c36aea40288cd3a22bea49b1f1.jpg,ComplexDataLab/OpenFake,low,0,0.0010958095081150532
07f79d4f9cb185b5f2589aeb02f3868288e8a4202cad3dd378236a59d1dfa571,data/datasets/openfake/additional-900/images/fake/07f79d4f9cb185b5f2589aeb02f3868288e8a4202cad3dd378236a59d1dfa571.png,ComplexDataLab/OpenFake,low,1,0.9944118857383728
082c20baf5166a9e86e9a17dd582148bd232ace5186d4a226cd45092b5195df4,data/datasets/openfake/additional-900/images/real/082c20baf5166a9e86e9a17dd582148bd232ace5186d4a226cd45092b5195df4.jpg,ComplexDataLab/OpenFake,medium,0,0.026866365224123
083fea3cfd189f8bb1973fe5866f6fd8c43becec181d20b8c045ea9468482bfd,data/datasets/openfake/additional-900/images/fake/083fea3cfd189f8bb1973fe5866f6fd8c43becec181d20b8c045ea9468482bfd.jpg,ComplexDataLab/OpenFake,medium,1,0.9186974167823792
08438c5fa8410f6bd4bee37721db733715605990536b017200a387a263e79608,data/datasets/openfake/additional-900/images/real/08438c5fa8410f6bd4bee37721db733715605990536b017200a387a263e79608.jpg,ComplexDataLab/OpenFake,low,0,0.0009789332980290055
0893ece1927df58e4306632d0589c0fc02a4ac890c992ad0c0853db2692f3351,data/datasets/openfake/pilot-600/images/fake/0893ece1927df58e4306632d0589c0fc02a4ac890c992ad0c0853db2692f3351.png,ComplexDataLab/OpenFake,medium,1,0.9910953044891357
08a13c2efd3f79c9de49bd372c652a1c463d00afc132f38141a4dd25c6a96330,data/datasets/openfake/pilot-600/images/real/08a13c2efd3f79c9de49bd372c652a1c463d00afc132f38141a4dd25c6a96330.jpg,ComplexDataLab/OpenFake,medium,0,0.4933040738105774
08d5d4ced4a5c0d73f46f7645e6e59ffe5749b60562abdf8f0fa5111c7494820,data/datasets/openfake/additional-900/images/real/08d5d4ced4a5c0d73f46f7645e6e59ffe5749b60562abdf8f0fa5111c7494820.jpg,ComplexDataLab/OpenFake,medium,0,0.22709549963474274
08febd1fa1537337e19f40ca6c33b36303d2545b82a9ce984455dff5b7cabb64,data/datasets/openfake/additional-900/images/fake/08febd1fa1537337e19f40ca6c33b36303d2545b82a9ce984455dff5b7cabb64.png,ComplexDataLab/OpenFake,medium,1,0.7357648015022278
092b5fc5bb75fba66281476a87d4b820d7015a8b6a40d4c204bf53c58f0d8c3f,data/datasets/openfake/additional-900/images/real/092b5fc5bb75fba66281476a87d4b820d7015a8b6a40d4c204bf53c58f0d8c3f.jpg,ComplexDataLab/OpenFake,medium,0,0.09776527434587479
092c39d03b1b2f66a170ae3986f836d0212d55d092f3b7314757b4fd39eabe93,data/datasets/openfake/additional-900/images/real/092c39d03b1b2f66a170ae3986f836d0212d55d092f3b7314757b4fd39eabe93.jpg,ComplexDataLab/OpenFake,medium,0,0.7039432525634766
097db96da5fdf9ac982d53e86e135f7353040781242b5bbdfd762091e6db94b8,data/datasets/openfake/pilot-600/images/fake/097db96da5fdf9ac982d53e86e135f7353040781242b5bbdfd762091e6db94b8.png,ComplexDataLab/OpenFake,low,1,0.9728649854660034
09c0b683f563d2f4a8d8849a1673460ed3567c673fd4c162165e27a1eea6ee23,data/datasets/openfake/pilot-600/images/real/09c0b683f563d2f4a8d8849a1673460ed3567c673fd4c162165e27a1eea6ee23.jpg,ComplexDataLab/OpenFake,medium,0,0.32505685091018677
09d835575205087ba11f9da84e287ae26fc972bf7d6157fb456b3018eb33f352,data/datasets/openfake/additional-900/images/fake/09d835575205087ba11f9da84e287ae26fc972bf7d6157fb456b3018eb33f352.png,ComplexDataLab/OpenFake,medium,1,0.8923169374465942
09f85f76fd7d319a69fc078f7b19181edbda37cadf52ea8c56bdc687d13df2fc,data/datasets/openfake/additional-900/images/real/09f85f76fd7d319a69fc078f7b19181edbda37cadf52ea8c56bdc687d13df2fc.jpg,ComplexDataLab/OpenFake,low,0,5.487802263814956e-05
0a1924792c95a4b35cdef6b40e26f6c921d32b094a2b598d4417a0c144c9ec9a,data/datasets/openfake/pilot-600/images/real/0a1924792c95a4b35cdef6b40e26f6c921d32b094a2b598d4417a0c144c9ec9a.jpg,ComplexDataLab/OpenFake,medium,0,0.007006100378930569
0a45e187cfe351c118e6f7d66d89dd041c4a6ee299f0e2c506643a3364af6e29,data/datasets/openfake/additional-900/images/real/0a45e187cfe351c118e6f7d66d89dd041c4a6ee299f0e2c506643a3364af6e29.jpg,ComplexDataLab/OpenFake,medium,0,0.018336476758122444
0a7e89a52c053f6051f6d8d3264528a762d2731f51a94345796cd42b49d54dc6,data/datasets/openfake/pilot-600/images/fake/0a7e89a52c053f6051f6d8d3264528a762d2731f51a94345796cd42b49d54dc6.png,ComplexDataLab/OpenFake,medium,1,0.9934466481208801
0a8d2c0982c673b69ee45e6f516e19fc970d480a7d5d23a140da784774ed5da5,data/datasets/openfake/additional-900/images/real/0a8d2c0982c673b69ee45e6f516e19fc970d480a7d5d23a140da784774ed5da5.jpg,ComplexDataLab/OpenFake,medium,0,0.00114440789911896
0a921a02ab9e79abccf4ef3e39c2107a511106d0cc0f71137c4f102cee776a1d,data/datasets/openfake/pilot-600/images/fake/0a921a02ab9e79abccf4ef3e39c2107a511106d0cc0f71137c4f102cee776a1d.png,ComplexDataLab/OpenFake,medium,1,0.9921503067016602
0a9f0ea61af3d8d498b9efcfd75471d262e4c792e254b6092d57fb4f61ed0d2a,data/datasets/openfake/pilot-600/images/real/0a9f0ea61af3d8d498b9efcfd75471d262e4c792e254b6092d57fb4f61ed0d2a.jpg,ComplexDataLab/OpenFake,medium,0,0.0003408690681681037
0aa4377c2d3cb7c2ac974e3652d6e10b505f5db14aa0684dc5b770a4cb02b8f2,data/datasets/openfake/pilot-600/images/real/0aa4377c2d3cb7c2ac974e3652d6e10b505f5db14aa0684dc5b770a4cb02b8f2.jpg,ComplexDataLab/OpenFake,low,0,0.05076277628540993
0ab51af85e3d83179b0caf8a5354710e281bac2418f0679e648924cd3e40e541,data/datasets/openfake/additional-900/images/fake/0ab51af85e3d83179b0caf8a5354710e281bac2418f0679e648924cd3e40e541.png,ComplexDataLab/OpenFake,medium,1,0.9533790946006775
0b5a67b5437e537fe8dcff1fbd94b148b9f858815c4e0c993f95d3b8dc7a8734,data/datasets/openfake/pilot-600/images/real/0b5a67b5437e537fe8dcff1fbd94b148b9f858815c4e0c993f95d3b8dc7a8734.jpg,ComplexDataLab/OpenFake,medium,0,0.9536359310150146
0b68ce702d9e3b9f25b515a29bc352cf543d3a7273d3bf5777ea580b390f852b,data/datasets/openfake/additional-900/images/fake/0b68ce702d9e3b9f25b515a29bc352cf543d3a7273d3bf5777ea580b390f852b.jpg,ComplexDataLab/OpenFake,low,1,0.9773693680763245
0b70504b4786fc7ec65c05711e8438375d5cccc6c21c352ed613e4b521b735fe,data/datasets/openfake/pilot-600/images/fake/0b70504b4786fc7ec65c05711e8438375d5cccc6c21c352ed613e4b521b735fe.png,ComplexDataLab/OpenFake,medium,1,0.06671235710382462
0ba4c6c79d3f13652ec83631b721007e44a3b50802543715e77bf6f5bdc36236,data/datasets/openfake/pilot-600/images/fake/0ba4c6c79d3f13652ec83631b721007e44a3b50802543715e77bf6f5bdc36236.png,ComplexDataLab/OpenFake,medium,1,0.1966523677110672
0bcdf69572b1e02a6980cc98d22e6e65cff5bd5cce447e74a29c0931e7aa6901,data/datasets/openfake/pilot-600/images/fake/0bcdf69572b1e02a6980cc98d22e6e65cff5bd5cce447e74a29c0931e7aa6901.webp,ComplexDataLab/OpenFake,low,1,0.8516054153442383
0be0c4bfc0aec81122347ee5410a4e81278df49dab0482bcfa5b7f8ebb1f183a,data/datasets/openfake/additional-900/images/fake/0be0c4bfc0aec81122347ee5410a4e81278df49dab0482bcfa5b7f8ebb1f183a.png,ComplexDataLab/OpenFake,medium,1,0.9725714921951294
0c978775b84a96bee8f055cb58184925dd6a9c6c7a41a02c0b47b39aa6b6859b,data/datasets/openfake/pilot-600/images/fake/0c978775b84a96bee8f055cb58184925dd6a9c6c7a41a02c0b47b39aa6b6859b.png,ComplexDataLab/OpenFake,medium,1,0.9758147597312927
0cc747e95710a543f2fb2ec0ee0603aadd290997e1b7e2e9fe2717f66bb4b826,data/datasets/openfake/pilot-600/images/fake/0cc747e95710a543f2fb2ec0ee0603aadd290997e1b7e2e9fe2717f66bb4b826.jpg,ComplexDataLab/OpenFake,low,1,0.892017662525177
0cdf02fcdb30f365901c108129e0338005cb983cef55f6a5af92a425cf67e0d1,data/datasets/openfake/additional-900/images/real/0cdf02fcdb30f365901c108129e0338005cb983cef55f6a5af92a425cf67e0d1.jpg,ComplexDataLab/OpenFake,low,0,0.006163951009511948
0d08011952fc4997aa7c122abe86307dcd86342e40c6fc7590b79c340addb8f7,data/datasets/openfake/additional-900/images/fake/0d08011952fc4997aa7c122abe86307dcd86342e40c6fc7590b79c340addb8f7.png,ComplexDataLab/OpenFake,low,1,0.7571433782577515
0d6910967163e37fb6263f3e96f8a381a6f4e8e6e2846f348bb54bd7057972eb,data/datasets/openfake/additional-900/images/fake/0d6910967163e37fb6263f3e96f8a381a6f4e8e6e2846f348bb54bd7057972eb.png,ComplexDataLab/OpenFake,medium,1,0.23679962754249573
0da3e68c40100bf728a288a402033d1c2d6163478b0130a0940c922f89ba3ca2,data/datasets/openfake/additional-900/images/real/0da3e68c40100bf728a288a402033d1c2d6163478b0130a0940c922f89ba3ca2.jpg,ComplexDataLab/OpenFake,medium,0,0.00371334096416831
0de8454c0539f8fbefe8c4a9e785afa495bcfc4febc9ff0ec70dde106b560dcc,data/datasets/openfake/additional-900/images/real/0de8454c0539f8fbefe8c4a9e785afa495bcfc4febc9ff0ec70dde106b560dcc.jpg,ComplexDataLab/OpenFake,medium,0,0.6369211077690125
0df0afd8f3f0a8925e407b43235ed7d3de91067312037552b643250792fafe68,data/datasets/openfake/additional-900/images/real/0df0afd8f3f0a8925e407b43235ed7d3de91067312037552b643250792fafe68.jpg,ComplexDataLab/OpenFake,low,0,0.0059197028167545795
0f018974851f30413002341d1152f90a3b58a9e2995b266ba8839d88a3f432fb,data/datasets/openfake/pilot-600/images/real/0f018974851f30413002341d1152f90a3b58a9e2995b266ba8839d88a3f432fb.jpg,ComplexDataLab/OpenFake,medium,0,0.00469457171857357
0fb61b47bb729eade4e8abf180b3df4502b603884787dfa452960621f59315c2,data/datasets/openfake/pilot-600/images/real/0fb61b47bb729eade4e8abf180b3df4502b603884787dfa452960621f59315c2.jpg,ComplexDataLab/OpenFake,medium,0,0.14884212613105774
0fb6b36b89ab83f004de9cb59ddcb3e59eb7d21b4e2a615b3aa773bd571a5c6c,data/datasets/openfake/pilot-600/images/fake/0fb6b36b89ab83f004de9cb59ddcb3e59eb7d21b4e2a615b3aa773bd571a5c6c.png,ComplexDataLab/OpenFake,low,1,0.9701955914497375
100b14dfeed83c07ecdc767d6b8f6f36fc28aab8f57575c6628ebabd47749476,data/datasets/openfake/additional-900/images/fake/100b14dfeed83c07ecdc767d6b8f6f36fc28aab8f57575c6628ebabd47749476.jpg,ComplexDataLab/OpenFake,medium,1,0.8612620830535889
100c0389ea0e51c9d0d1e951c7b0e2495b5ed707ae65f135b96ef518d3f352c3,data/datasets/openfake/pilot-600/images/fake/100c0389ea0e51c9d0d1e951c7b0e2495b5ed707ae65f135b96ef518d3f352c3.png,ComplexDataLab/OpenFake,low,1,0.79240483045578
10116d50fcf173f3533d2061e6b9e16bce2f9d6c51bdf2ea9223285a6f5635cb,data/datasets/openfake/pilot-600/images/fake/10116d50fcf173f3533d2061e6b9e16bce2f9d6c51bdf2ea9223285a6f5635cb.png,ComplexDataLab/OpenFake,medium,1,0.9782349467277527
10245f45f0c67fe23a1a6899d4a990a81c403cca3059034b189ff9ba8dafda97,data/datasets/openfake/pilot-600/images/fake/10245f45f0c67fe23a1a6899d4a990a81c403cca3059034b189ff9ba8dafda97.png,ComplexDataLab/OpenFake,medium,1,0.3366190493106842
103cbc081474f94f336384ed673d9f8f180bf0560ce17d66bdcf3c8adda6e603,data/datasets/openfake/additional-900/images/real/103cbc081474f94f336384ed673d9f8f180bf0560ce17d66bdcf3c8adda6e603.jpg,ComplexDataLab/OpenFake,low,0,0.008141465485095978
10a7ba62f71f602ced28d43eeebe2d0a6016152dec45e94dc72a6e4fc3744eef,data/datasets/openfake/additional-900/images/fake/10a7ba62f71f602ced28d43eeebe2d0a6016152dec45e94dc72a6e4fc3744eef.png,ComplexDataLab/OpenFake,low,1,0.9105333685874939
10ac7025422973063c8eed522ae68340439b472a9b6e0698c99c95d1a3a0c3ad,data/datasets/openfake/additional-900/images/fake/10ac7025422973063c8eed522ae68340439b472a9b6e0698c99c95d1a3a0c3ad.png,ComplexDataLab/OpenFake,low,1,0.9866802096366882
10ac94092ec949920512cd6b2973037a9afea6931372e523d3620c8c327c522c,data/datasets/openfake/pilot-600/images/real/10ac94092ec949920512cd6b2973037a9afea6931372e523d3620c8c327c522c.jpg,ComplexDataLab/OpenFake,medium,0,0.6418929696083069
113526d056e358968ba7809871910a5c3b3848924f6c32e21bce8cf891f68d9b,data/datasets/openfake/pilot-600/images/fake/113526d056e358968ba7809871910a5c3b3848924f6c32e21bce8cf891f68d9b.png,ComplexDataLab/OpenFake,medium,1,0.991486132144928
114a152b5e9804ff8d6c4024ca73b0119f8a608125f46b2595f6040eeb7c17ec,data/datasets/openfake/pilot-600/images/fake/114a152b5e9804ff8d6c4024ca73b0119f8a608125f46b2595f6040eeb7c17ec.png,ComplexDataLab/OpenFake,low,1,0.8719832301139832
117e42fa351f1cf0d260521fbce2307db7093cb73b497ed9364c71e9222ade3b,data/datasets/openfake/additional-900/images/real/117e42fa351f1cf0d260521fbce2307db7093cb73b497ed9364c71e9222ade3b.jpg,ComplexDataLab/OpenFake,medium,0,0.022946197539567947
119e4fa9a3e0b436ac150ae11c3c00edb522a73b1b790fadb9869be8f5b9b16c,data/datasets/openfake/pilot-600/images/real/119e4fa9a3e0b436ac150ae11c3c00edb522a73b1b790fadb9869be8f5b9b16c.jpg,ComplexDataLab/OpenFake,medium,0,0.007047963794320822
11d65232580ed1aead1f0c2e1812e30d3d00ecd7c0dde17ca31c5eefc10e5ad9,data/datasets/openfake/pilot-600/images/fake/11d65232580ed1aead1f0c2e1812e30d3d00ecd7c0dde17ca31c5eefc10e5ad9.png,ComplexDataLab/OpenFake,medium,1,0.9850030541419983
11dd036ce726b33269e6eec682429c9702bdc72905d63dfb75f6075fd5b383ba,data/datasets/openfake/additional-900/images/real/11dd036ce726b33269e6eec682429c9702bdc72905d63dfb75f6075fd5b383ba.jpg,ComplexDataLab/OpenFake,low,0,0.7287352085113525
12409b2e442d88dedb40d0e16659e55bd624969679af1faf7f43aa857c5ee137,data/datasets/openfake/additional-900/images/real/12409b2e442d88dedb40d0e16659e55bd624969679af1faf7f43aa857c5ee137.jpg,ComplexDataLab/OpenFake,medium,0,0.006654747296124697
12565dc391bab4e2bb6b21b5969d5da2ff6e767546940c4101bc9b95b59ea9d2,data/datasets/openfake/pilot-600/images/fake/12565dc391bab4e2bb6b21b5969d5da2ff6e767546940c4101bc9b95b59ea9d2.png,ComplexDataLab/OpenFake,medium,1,0.9279565215110779
127bf963d076b8d6815abcdb4c602309cf207abf868458998a683c98848783d5,data/datasets/openfake/additional-900/images/fake/127bf963d076b8d6815abcdb4c602309cf207abf868458998a683c98848783d5.png,ComplexDataLab/OpenFake,medium,1,0.9732015132904053
128bd40a51f84fd5c425d1bc64f40c2db9a763849ab1f880582b850aaa7656eb,data/datasets/openfake/additional-900/images/fake/128bd40a51f84fd5c425d1bc64f40c2db9a763849ab1f880582b850aaa7656eb.png,ComplexDataLab/OpenFake,medium,1,0.9378792643547058
12b92077c88af2ed078ac9f2ce37d2273e78f7882ebe7a6ccae4191bd07af11c,data/datasets/openfake/pilot-600/images/fake/12b92077c88af2ed078ac9f2ce37d2273e78f7882ebe7a6ccae4191bd07af11c.png,ComplexDataLab/OpenFake,low,1,0.9988239407539368
12bd4b31dd75102e4a975fb4e0d3c7709590f8d614c4b2f8b96e68014490fbbe,data/datasets/openfake/additional-900/images/real/12bd4b31dd75102e4a975fb4e0d3c7709590f8d614c4b2f8b96e68014490fbbe.jpg,ComplexDataLab/OpenFake,low,0,0.00018159339379053563
1324d914068a8a125d4fb4b7e6ff1796383aaa7f050af4d5a93d2e0edd90427b,data/datasets/openfake/additional-900/images/real/1324d914068a8a125d4fb4b7e6ff1796383aaa7f050af4d5a93d2e0edd90427b.jpg,ComplexDataLab/OpenFake,low,0,0.7614124417304993
13661344349b2a039123ef0e22a9afba63de0c3192f2a4e57a23107fb546c9c4,data/datasets/openfake/additional-900/images/real/13661344349b2a039123ef0e22a9afba63de0c3192f2a4e57a23107fb546c9c4.jpg,ComplexDataLab/OpenFake,medium,0,0.1853245347738266
13748c372ba00e7b8b3d79cfa1c311245c9324575e171f4b658ab352bd4507ad,data/datasets/openfake/pilot-600/images/real/13748c372ba00e7b8b3d79cfa1c311245c9324575e171f4b658ab352bd4507ad.jpg,ComplexDataLab/OpenFake,medium,0,0.02173154056072235
13944cfca8eeab3197cb8b8033e3d4db7a937d2448b0302e591572abe4b1f760,data/datasets/openfake/additional-900/images/fake/13944cfca8eeab3197cb8b8033e3d4db7a937d2448b0302e591572abe4b1f760.png,ComplexDataLab/OpenFake,medium,1,0.9962838292121887
13a61a92645231ea51ecd11e4fa1ee305bbf5ae44a865c59b6a2ac95eab7a72b,data/datasets/openfake/pilot-600/images/real/13a61a92645231ea51ecd11e4fa1ee305bbf5ae44a865c59b6a2ac95eab7a72b.jpg,ComplexDataLab/OpenFake,low,0,0.003576956456527114
13b7f2b97efa0967297328c662b99d1efcd7de62623b45e21a62a0cce802ff14,data/datasets/openfake/pilot-600/images/fake/13b7f2b97efa0967297328c662b99d1efcd7de62623b45e21a62a0cce802ff14.png,ComplexDataLab/OpenFake,high,1,0.9972521662712097
13c46897e41a98079999097ab568f660237999ae6283ac983e40c6fecc413c41,data/datasets/openfake/additional-900/images/fake/13c46897e41a98079999097ab568f660237999ae6283ac983e40c6fecc413c41.png,ComplexDataLab/OpenFake,medium,1,0.8928788900375366
13dd32f87ee26c1d81a03932949b00989b8b8b69d7e252296bb00365f5fef744,data/datasets/openfake/additional-900/images/fake/13dd32f87ee26c1d81a03932949b00989b8b8b69d7e252296bb00365f5fef744.jpg,ComplexDataLab/OpenFake,medium,1,0.9362194538116455
13eaf3f006a205859c056a62b1fbad814fc90a268bfd4129b442feffc38a4cec,data/datasets/openfake/additional-900/images/real/13eaf3f006a205859c056a62b1fbad814fc90a268bfd4129b442feffc38a4cec.jpg,ComplexDataLab/OpenFake,low,0,0.1836152821779251
1411c0137ba1fc4943def3d81790421ebbd488dc5fa5d10a90e3c20f6056d223,data/datasets/openfake/pilot-600/images/fake/1411c0137ba1fc4943def3d81790421ebbd488dc5fa5d10a90e3c20f6056d223.png,ComplexDataLab/OpenFake,low,1,0.9935784339904785
14892f90843f64d05043a1fd060f02b14d8c22ada2a02d7bb12592c0015f5889,data/datasets/openfake/additional-900/images/real/14892f90843f64d05043a1fd060f02b14d8c22ada2a02d7bb12592c0015f5889.jpg,ComplexDataLab/OpenFake,medium,0,0.08200089633464813
14aba19fca4ea1aae0d9fdd78da761b7bf6f2704ed20656235b4d24fc712bef2,data/datasets/openfake/additional-900/images/real/14aba19fca4ea1aae0d9fdd78da761b7bf6f2704ed20656235b4d24fc712bef2.jpg,ComplexDataLab/OpenFake,medium,0,0.21495169401168823
14acc8c0d89e4492d79d2b43068916e924ed4f629248e6ac2913528168425830,data/datasets/openfake/additional-900/images/real/14acc8c0d89e4492d79d2b43068916e924ed4f629248e6ac2913528168425830.jpg,ComplexDataLab/OpenFake,high,0,0.0012322007678449154
14c284b8e48774b91bcf9b744be94afbe4f187956fe77f13fa99357b3eee663a,data/datasets/openfake/additional-900/images/fake/14c284b8e48774b91bcf9b744be94afbe4f187956fe77f13fa99357b3eee663a.png,ComplexDataLab/OpenFake,medium,1,0.9345858693122864
1564245bbd0aa7132fa0391258283c258e918d85f04ecb93564a3b29de3261ce,data/datasets/openfake/additional-900/images/real/1564245bbd0aa7132fa0391258283c258e918d85f04ecb93564a3b29de3261ce.jpg,ComplexDataLab/OpenFake,medium,0,0.011436562053859234
1564c851846d5432623a866f7b3a5e24de764de4df025e4bfc903c331041ed38,data/datasets/openfake/pilot-600/images/fake/1564c851846d5432623a866f7b3a5e24de764de4df025e4bfc903c331041ed38.png,ComplexDataLab/OpenFake,medium,1,0.28794196248054504
159a60c15f074e98ab005b1028adbc2084536fe577df51646c0509ad936704ab,data/datasets/openfake/additional-900/images/fake/159a60c15f074e98ab005b1028adbc2084536fe577df51646c0509ad936704ab.png,ComplexDataLab/OpenFake,medium,1,0.9363215565681458
15b431796ac2e3b42ebc85d1ca86adf2e2fb8980406ac16d2ff3b4e50e1fc45a,data/datasets/openfake/additional-900/images/fake/15b431796ac2e3b42ebc85d1ca86adf2e2fb8980406ac16d2ff3b4e50e1fc45a.png,ComplexDataLab/OpenFake,low,1,0.8749300837516785
15c16b71820b59b3be5972d4036535f5305f306f25e69992eb3bba3840bf21e4,data/datasets/openfake/additional-900/images/fake/15c16b71820b59b3be5972d4036535f5305f306f25e69992eb3bba3840bf21e4.png,ComplexDataLab/OpenFake,low,1,0.978446900844574
15dddb8318d3d198e496fe3c8723d5d71a4c475c8e31094ffe788b851ed9aa1d,data/datasets/openfake/additional-900/images/fake/15dddb8318d3d198e496fe3c8723d5d71a4c475c8e31094ffe788b851ed9aa1d.png,ComplexDataLab/OpenFake,medium,1,0.8416568636894226
160bc0bc57af8938379209b31d1ff76de80728422008d028098e7ce111465bc4,data/datasets/openfake/additional-900/images/fake/160bc0bc57af8938379209b31d1ff76de80728422008d028098e7ce111465bc4.png,ComplexDataLab/OpenFake,medium,1,0.7175657749176025
1666626ba244b301d5b10c187b3c9d3cad15a640fa3b91381b12e5756f95552e,data/datasets/openfake/additional-900/images/real/1666626ba244b301d5b10c187b3c9d3cad15a640fa3b91381b12e5756f95552e.jpg,ComplexDataLab/OpenFake,low,0,0.013839347288012505
1679aa420705cac2a1bfea454041aacf32a615d1b8f68129d88b8c576f6f1db2,data/datasets/openfake/additional-900/images/real/1679aa420705cac2a1bfea454041aacf32a615d1b8f68129d88b8c576f6f1db2.jpg,ComplexDataLab/OpenFake,medium,0,0.5175105333328247
167fc1a77539275649a700c0aa6567cd3b9649224808e7caf9c52f760f549d7e,data/datasets/openfake/additional-900/images/real/167fc1a77539275649a700c0aa6567cd3b9649224808e7caf9c52f760f549d7e.jpg,ComplexDataLab/OpenFake,medium,0,0.022934861481189728
16802b554c8dcdc6b6d9193b6276a390a13fe1f76cbe44d6f7c4e3886ab9f811,data/datasets/openfake/pilot-600/images/fake/16802b554c8dcdc6b6d9193b6276a390a13fe1f76cbe44d6f7c4e3886ab9f811.png,ComplexDataLab/OpenFake,low,1,0.9992676377296448
168676527b9659af3e21dfa26d798a0ae26054c0b00ce38bce57c2e5e2605212,data/datasets/openfake/pilot-600/images/real/168676527b9659af3e21dfa26d798a0ae26054c0b00ce38bce57c2e5e2605212.jpg,ComplexDataLab/OpenFake,low,0,0.013266520574688911
16aec872399be4e1ded155736a2104117e2663c55237b7d8afcc74e55fba5601,data/datasets/openfake/pilot-600/images/real/16aec872399be4e1ded155736a2104117e2663c55237b7d8afcc74e55fba5601.jpg,ComplexDataLab/OpenFake,medium,0,0.001048300415277481
16afbb9890ffb91a0e7dd9ef2e10080040d48f9c401f76862d00a96192afa737,data/datasets/openfake/pilot-600/images/real/16afbb9890ffb91a0e7dd9ef2e10080040d48f9c401f76862d00a96192afa737.jpg,ComplexDataLab/OpenFake,low,0,0.00538536487147212
16c1b979972f6b2d2846de0545138c9051fdcce463834dc2d9e9c074efbdeb29,data/datasets/openfake/pilot-600/images/real/16c1b979972f6b2d2846de0545138c9051fdcce463834dc2d9e9c074efbdeb29.jpg,ComplexDataLab/OpenFake,medium,0,0.5544804334640503
1771183626e16132371803c9122ea394f6647fb06f41e5268589dbe51fd1b596,data/datasets/openfake/additional-900/images/fake/1771183626e16132371803c9122ea394f6647fb06f41e5268589dbe51fd1b596.png,ComplexDataLab/OpenFake,medium,1,0.9723090529441833
17b16327b31e710e33099d5bbdf9b064a4a89740b4b52914cf275d148020f7e2,data/datasets/openfake/pilot-600/images/fake/17b16327b31e710e33099d5bbdf9b064a4a89740b4b52914cf275d148020f7e2.png,ComplexDataLab/OpenFake,medium,1,0.9982592463493347
17b63058c685059cf8d116acde86a5177525309bd1b5208b68208ea6aef1e233,data/datasets/openfake/pilot-600/images/real/17b63058c685059cf8d116acde86a5177525309bd1b5208b68208ea6aef1e233.jpg,ComplexDataLab/OpenFake,medium,0,0.0052610523998737335
18481af923c1eb46606764eefe32ab02e679036b66ffe1827c876ad040795a7b,data/datasets/openfake/additional-900/images/fake/18481af923c1eb46606764eefe32ab02e679036b66ffe1827c876ad040795a7b.png,ComplexDataLab/OpenFake,medium,1,0.7975029349327087
18751ab204d7dc3c37bc1c5e23b749cc6b3c5c3eb014f1165a85421f1396070e,data/datasets/openfake/additional-900/images/real/18751ab204d7dc3c37bc1c5e23b749cc6b3c5c3eb014f1165a85421f1396070e.jpg,ComplexDataLab/OpenFake,medium,0,0.0003289751475676894
1885de671383273149c2a1c998c85c6a5ccf488cf9a65175f9457ac1d6721d98,data/datasets/openfake/pilot-600/images/fake/1885de671383273149c2a1c998c85c6a5ccf488cf9a65175f9457ac1d6721d98.png,ComplexDataLab/OpenFake,medium,1,0.9207774996757507
188c83865facb67a88d24438eaba30e3ab8baf95c03612715d363ee87eb0bed0,data/datasets/openfake/pilot-600/images/fake/188c83865facb67a88d24438eaba30e3ab8baf95c03612715d363ee87eb0bed0.jpg,ComplexDataLab/OpenFake,low,1,0.35639217495918274
18a86c9bef8206bf37e3d41dd3d5df8fa34e06b299db11eaabf7cd2c004ddaa7,data/datasets/openfake/pilot-600/images/fake/18a86c9bef8206bf37e3d41dd3d5df8fa34e06b299db11eaabf7cd2c004ddaa7.jpg,ComplexDataLab/OpenFake,medium,1,0.979158878326416
18bce8b97cd36ee7286152fe7db043ec0138ef174361203b2ed4f83350f299c9,data/datasets/openfake/additional-900/images/real/18bce8b97cd36ee7286152fe7db043ec0138ef174361203b2ed4f83350f299c9.jpg,ComplexDataLab/OpenFake,low,0,0.004014039412140846
18cfb8b96af1cdc6c0a14f5034f65a2a05d906f88adab74d0952ddef8871bce6,data/datasets/openfake/pilot-600/images/fake/18cfb8b96af1cdc6c0a14f5034f65a2a05d906f88adab74d0952ddef8871bce6.png,ComplexDataLab/OpenFake,medium,1,0.8902838826179504
18daf12aa2da356f48f91d94987db33d702523bcb6906b640d6a2e2bdf86b463,data/datasets/openfake/pilot-600/images/real/18daf12aa2da356f48f91d94987db33d702523bcb6906b640d6a2e2bdf86b463.jpg,ComplexDataLab/OpenFake,medium,0,0.02056269720196724
193a50148cdb4cb8b7e1d9e078f60e1913a69787b44221e4ae72be23ccefeca3,data/datasets/openfake/additional-900/images/fake/193a50148cdb4cb8b7e1d9e078f60e1913a69787b44221e4ae72be23ccefeca3.png,ComplexDataLab/OpenFake,low,1,0.9945796728134155
19c530d2a60c0687844cc650389c43eaab499d15c6457ba593704a77a73a7007,data/datasets/openfake/pilot-600/images/fake/19c530d2a60c0687844cc650389c43eaab499d15c6457ba593704a77a73a7007.png,ComplexDataLab/OpenFake,medium,1,0.6432943940162659
19ff678e93f0e73e3253d9b50be407d464033e0f4171ef01db8fcc5ba58159af,data/datasets/openfake/pilot-600/images/real/19ff678e93f0e73e3253d9b50be407d464033e0f4171ef01db8fcc5ba58159af.jpg,ComplexDataLab/OpenFake,medium,0,0.20483553409576416
1a10e13de0f7ba5709ede61ba4eae47b5f9837118f98f838e63d7277d9375e0d,data/datasets/openfake/pilot-600/images/real/1a10e13de0f7ba5709ede61ba4eae47b5f9837118f98f838e63d7277d9375e0d.jpg,ComplexDataLab/OpenFake,medium,0,0.1054299995303154
1a74e5d0f4829aa0b8a6f24d5edfb4432b6f10cda3599c59c908f4c9057b721b,data/datasets/openfake/pilot-600/images/real/1a74e5d0f4829aa0b8a6f24d5edfb4432b6f10cda3599c59c908f4c9057b721b.jpg,ComplexDataLab/OpenFake,low,0,0.0067275636829435825
1a81b6718f52d4787777fdd0cc65ffd0f61a5311ea5bd20c73217381c5bc0c2e,data/datasets/openfake/pilot-600/images/fake/1a81b6718f52d4787777fdd0cc65ffd0f61a5311ea5bd20c73217381c5bc0c2e.png,ComplexDataLab/OpenFake,medium,1,0.9785711169242859
1a9cac0c6837348afd7edc12beca89ece7ba9e6bc1d5849d3ae6bd62f9becf32,data/datasets/openfake/pilot-600/images/fake/1a9cac0c6837348afd7edc12beca89ece7ba9e6bc1d5849d3ae6bd62f9becf32.jpg,ComplexDataLab/OpenFake,low,1,0.08005616813898087
1ae5f72c089dc309dbe0dc7157984efe19146c593839cf84dc434b6610a50ad9,data/datasets/openfake/additional-900/images/real/1ae5f72c089dc309dbe0dc7157984efe19146c593839cf84dc434b6610a50ad9.jpg,ComplexDataLab/OpenFake,medium,0,0.4156169295310974
1af942d8ab3e7d2518b12df29992ddf4cf3f2571489c3dbdbdf79f4a6efb3691,data/datasets/openfake/additional-900/images/real/1af942d8ab3e7d2518b12df29992ddf4cf3f2571489c3dbdbdf79f4a6efb3691.jpg,ComplexDataLab/OpenFake,medium,0,0.00017242664762306958
1b93918831c1bc80d2028ba2075cb32c50618be10daf2fcdaa4b305a48dcd0d8,data/datasets/openfake/additional-900/images/fake/1b93918831c1bc80d2028ba2075cb32c50618be10daf2fcdaa4b305a48dcd0d8.png,ComplexDataLab/OpenFake,low,1,0.9516686797142029
1b9848f4050f057ec149a26537531451100dbc5cc9a7a55367da05ec4c5bde26,data/datasets/openfake/additional-900/images/fake/1b9848f4050f057ec149a26537531451100dbc5cc9a7a55367da05ec4c5bde26.jpg,ComplexDataLab/OpenFake,high,1,0.7607312798500061
1ba6feb03afdb7ba7a2daed115e162f9a6c1f0422c20200d46fef00693ce27f8,data/datasets/openfake/additional-900/images/fake/1ba6feb03afdb7ba7a2daed115e162f9a6c1f0422c20200d46fef00693ce27f8.png,ComplexDataLab/OpenFake,low,1,0.9654847979545593
1bcfce7cd8f0175b51ffe4ceae69da445a1484d04c9e8637c83a4506ca4fa2dd,data/datasets/openfake/pilot-600/images/fake/1bcfce7cd8f0175b51ffe4ceae69da445a1484d04c9e8637c83a4506ca4fa2dd.webp,ComplexDataLab/OpenFake,medium,1,0.9159026145935059
1bd1d4f16b72cd3d16cbe1fedf769d4e1b859333ba5f4c8836688928a8e3d865,data/datasets/openfake/pilot-600/images/fake/1bd1d4f16b72cd3d16cbe1fedf769d4e1b859333ba5f4c8836688928a8e3d865.png,ComplexDataLab/OpenFake,low,1,0.9983331561088562
1be5e2d9927b3e26d7a9e783e3f14f70b721508011d9d4bb86de940c6a31001a,data/datasets/openfake/pilot-600/images/real/1be5e2d9927b3e26d7a9e783e3f14f70b721508011d9d4bb86de940c6a31001a.jpg,ComplexDataLab/OpenFake,medium,0,0.360822468996048
1bfa76f151ce782e2d59b37f2ceb3f07aad397bd581f3a1d058ac9a104d62ad4,data/datasets/openfake/pilot-600/images/fake/1bfa76f151ce782e2d59b37f2ceb3f07aad397bd581f3a1d058ac9a104d62ad4.png,ComplexDataLab/OpenFake,medium,1,0.9750795960426331
1c23cb2695a784a2117fc8945dce614349ef2254ab19eef78d19e67b28c77597,data/datasets/openfake/additional-900/images/fake/1c23cb2695a784a2117fc8945dce614349ef2254ab19eef78d19e67b28c77597.png,ComplexDataLab/OpenFake,low,1,0.9907773733139038
1c2b8f1d874d78e86dec0ef527ab337b3cef94333f7ab22470384b99399dc225,data/datasets/openfake/additional-900/images/real/1c2b8f1d874d78e86dec0ef527ab337b3cef94333f7ab22470384b99399dc225.jpg,ComplexDataLab/OpenFake,medium,0,0.17231881618499756
1c332d5e8e126675bb473827e28520c1898f73a756a3df5d6cde9cfbd5787f6b,data/datasets/openfake/additional-900/images/fake/1c332d5e8e126675bb473827e28520c1898f73a756a3df5d6cde9cfbd5787f6b.png,ComplexDataLab/OpenFake,low,1,0.9631333947181702
1c511eea248274819445d7738f5743951966fa609de309a52140e5b1857bbc1f,data/datasets/openfake/additional-900/images/real/1c511eea248274819445d7738f5743951966fa609de309a52140e5b1857bbc1f.jpg,ComplexDataLab/OpenFake,medium,0,0.6921270489692688
1c6780a5229c865b623de88042515ee79e69e78d48023d9a74f589c469cf689e,data/datasets/openfake/pilot-600/images/fake/1c6780a5229c865b623de88042515ee79e69e78d48023d9a74f589c469cf689e.png,ComplexDataLab/OpenFake,medium,1,0.899928867816925
1c67d2e4b8d8502d8e3abd78b6637eba1b877d3e0badaed576f459fa873f1e90,data/datasets/openfake/pilot-600/images/fake/1c67d2e4b8d8502d8e3abd78b6637eba1b877d3e0badaed576f459fa873f1e90.png,ComplexDataLab/OpenFake,low,1,0.7336031198501587
1c9f16e1d6d8cb404e2ab836ca927743e31c31f9dda8de0d408a028de3b92932,data/datasets/openfake/pilot-600/images/fake/1c9f16e1d6d8cb404e2ab836ca927743e31c31f9dda8de0d408a028de3b92932.png,ComplexDataLab/OpenFake,medium,1,0.9456985592842102
1cd1dce733142672cd5255977a560ba779661f369b8f08b8e4f642a778f9f08a,data/datasets/openfake/additional-900/images/real/1cd1dce733142672cd5255977a560ba779661f369b8f08b8e4f642a778f9f08a.jpg,ComplexDataLab/OpenFake,medium,0,0.13776414096355438
1d223ba5c28ea1ff99c242bb1ff9ffb57707d9e2dca2516a819de97301b8c904,data/datasets/openfake/additional-900/images/fake/1d223ba5c28ea1ff99c242bb1ff9ffb57707d9e2dca2516a819de97301b8c904.png,ComplexDataLab/OpenFake,low,1,0.9902697801589966
1d5a25e27f0cfee2f925f703e34e2d41463b1bc819660fdfeff09233e9f063cb,data/datasets/openfake/additional-900/images/fake/1d5a25e27f0cfee2f925f703e34e2d41463b1bc819660fdfeff09233e9f063cb.webp,ComplexDataLab/OpenFake,low,1,0.2139996588230133
1dbb0316c9fdf94ae2b48543f4005940e52d5ad7dd8664a02c2294f1c5fd064a,data/datasets/openfake/additional-900/images/fake/1dbb0316c9fdf94ae2b48543f4005940e52d5ad7dd8664a02c2294f1c5fd064a.png,ComplexDataLab/OpenFake,medium,1,0.8741072416305542
1ddc677fcc78f68516a3331923ddfb017eaa07842db6921aecfb0845eaacdaf5,data/datasets/openfake/additional-900/images/fake/1ddc677fcc78f68516a3331923ddfb017eaa07842db6921aecfb0845eaacdaf5.png,ComplexDataLab/OpenFake,medium,1,0.9154585003852844
1e1815c3cf036b9a54d15506ee3edc36e925a2ed3a5afe65a0e63cc76c5b6956,data/datasets/openfake/additional-900/images/real/1e1815c3cf036b9a54d15506ee3edc36e925a2ed3a5afe65a0e63cc76c5b6956.jpg,ComplexDataLab/OpenFake,medium,0,0.0027631064876914024
1e86aea4d75400d0ca1e174e2358bd0c239d76ffab6f356a64909ce0f17aeb17,data/datasets/openfake/pilot-600/images/real/1e86aea4d75400d0ca1e174e2358bd0c239d76ffab6f356a64909ce0f17aeb17.jpg,ComplexDataLab/OpenFake,medium,0,0.00025198221555911005
1e91a5f1bf287a719f8cc7d3ca3c5d16554bb29d805404517528c12ec810b819,data/datasets/openfake/pilot-600/images/fake/1e91a5f1bf287a719f8cc7d3ca3c5d16554bb29d805404517528c12ec810b819.png,ComplexDataLab/OpenFake,low,1,0.9095490574836731
1f61805373af202b8f3a8bbb2b0dc65d9e686a36969feb72d8681ab9af86b406,data/datasets/openfake/additional-900/images/real/1f61805373af202b8f3a8bbb2b0dc65d9e686a36969feb72d8681ab9af86b406.jpg,ComplexDataLab/OpenFake,low,0,0.02979493886232376
1f61b2c9c066e8171d2a5173011654033789b4bb071a0e851f0c3b46e9292bd8,data/datasets/openfake/additional-900/images/fake/1f61b2c9c066e8171d2a5173011654033789b4bb071a0e851f0c3b46e9292bd8.jpg,ComplexDataLab/OpenFake,low,1,0.9744462370872498
1f63843ff6f2f8dbe07fbf2d65fed8c884e1bdab06904ce31b33132ac47b3275,data/datasets/openfake/pilot-600/images/real/1f63843ff6f2f8dbe07fbf2d65fed8c884e1bdab06904ce31b33132ac47b3275.jpg,ComplexDataLab/OpenFake,low,0,0.14390642940998077
1f6d787b0f4beab62e61c1386d9e4121d3485bc557181bf5027c89521c0bdbf0,data/datasets/openfake/additional-900/images/real/1f6d787b0f4beab62e61c1386d9e4121d3485bc557181bf5027c89521c0bdbf0.jpg,ComplexDataLab/OpenFake,medium,0,0.00034479418536648154
1f71f5110b4e5aa7e41750c81827dfff8d9e20977411b72089994f23ef606a05,data/datasets/openfake/additional-900/images/real/1f71f5110b4e5aa7e41750c81827dfff8d9e20977411b72089994f23ef606a05.jpg,ComplexDataLab/OpenFake,low,0,0.9708431363105774
1fa0b95c4493c98b5e5d68ae4bb42660d4388152a4948c40edc6189817d00a1f,data/datasets/openfake/additional-900/images/real/1fa0b95c4493c98b5e5d68ae4bb42660d4388152a4948c40edc6189817d00a1f.jpg,ComplexDataLab/OpenFake,low,0,0.680422306060791
1fc9da9c6849fe1d80a2981815b897aeb8bc106286466266d28e01acc2aea7fc,data/datasets/openfake/additional-900/images/fake/1fc9da9c6849fe1d80a2981815b897aeb8bc106286466266d28e01acc2aea7fc.png,ComplexDataLab/OpenFake,medium,1,0.63112473487854
202051299b3c85a969c850232af06ff65ca1815c05dd12f92b11bded9346cdeb,data/datasets/openfake/additional-900/images/fake/202051299b3c85a969c850232af06ff65ca1815c05dd12f92b11bded9346cdeb.jpg,ComplexDataLab/OpenFake,medium,1,0.37915071845054626
2029415654491971b94d758e2f960e967e049c95a9a42de6e8659b7ac6383fe3,data/datasets/openfake/pilot-600/images/fake/2029415654491971b94d758e2f960e967e049c95a9a42de6e8659b7ac6383fe3.png,ComplexDataLab/OpenFake,low,1,0.5688744783401489
204e2917f387ef3b3953f2993ad6e95a032eed89f66f267e2b209e3734446ace,data/datasets/openfake/additional-900/images/fake/204e2917f387ef3b3953f2993ad6e95a032eed89f66f267e2b209e3734446ace.png,ComplexDataLab/OpenFake,medium,1,0.026465659961104393
20bc7fd943d66a5a881da71b0ab73149c472279c30bc5f0b23a4138a063ec57d,data/datasets/openfake/additional-900/images/real/20bc7fd943d66a5a881da71b0ab73149c472279c30bc5f0b23a4138a063ec57d.jpg,ComplexDataLab/OpenFake,low,0,0.09230226278305054
20f40fc72b78a4fbcf36e9f31394da7a739e50d418754d37a81e616f20d3acb6,data/datasets/openfake/pilot-600/images/real/20f40fc72b78a4fbcf36e9f31394da7a739e50d418754d37a81e616f20d3acb6.jpg,ComplexDataLab/OpenFake,medium,0,0.10474499315023422
210ab0f8fc6859fd37a4ebe1b0b9520505345730486821eedf5a4cb981c16da1,data/datasets/openfake/pilot-600/images/fake/210ab0f8fc6859fd37a4ebe1b0b9520505345730486821eedf5a4cb981c16da1.webp,ComplexDataLab/OpenFake,medium,1,0.9747251868247986
216bcaf01f6a299af7afbfbee58ddd6605f07021873572a39cf69f66e956cb9c,data/datasets/openfake/additional-900/images/fake/216bcaf01f6a299af7afbfbee58ddd6605f07021873572a39cf69f66e956cb9c.webp,ComplexDataLab/OpenFake,low,1,0.7629385590553284
21773b1538f82236655b407b03afb13c87ec27c054f703e4656333aaeb67bc82,data/datasets/openfake/pilot-600/images/real/21773b1538f82236655b407b03afb13c87ec27c054f703e4656333aaeb67bc82.jpg,ComplexDataLab/OpenFake,medium,0,0.927453875541687
21aee744ba7ffaa3ac5a4d4f8a1c7d4b50fd19b45ffe0d0f15b527bc96f4209b,data/datasets/openfake/additional-900/images/real/21aee744ba7ffaa3ac5a4d4f8a1c7d4b50fd19b45ffe0d0f15b527bc96f4209b.jpg,ComplexDataLab/OpenFake,medium,0,0.0028147161938250065
21c59e3c8f2c33ff5b59b584dae4a18ab0c37c9fc1ba3149cfd0f59f18580dc7,data/datasets/openfake/additional-900/images/fake/21c59e3c8f2c33ff5b59b584dae4a18ab0c37c9fc1ba3149cfd0f59f18580dc7.png,ComplexDataLab/OpenFake,low,1,0.992265522480011
21ea124c36f8366371fb905bd1cd4db4d9b96d3309003dab60772f6341d4392c,data/datasets/openfake/pilot-600/images/fake/21ea124c36f8366371fb905bd1cd4db4d9b96d3309003dab60772f6341d4392c.png,ComplexDataLab/OpenFake,medium,1,0.9932419657707214
2293bde9faae7810bcf4b395b8e30863f46930d3f8238ac986c58a52544976eb,data/datasets/openfake/pilot-600/images/real/2293bde9faae7810bcf4b395b8e30863f46930d3f8238ac986c58a52544976eb.jpg,ComplexDataLab/OpenFake,low,0,0.019406884908676147
22b239a0faf06fbd49ed094507986d70fd095a2dfdb6fb1ed7af39ad56e402f4,data/datasets/openfake/additional-900/images/real/22b239a0faf06fbd49ed094507986d70fd095a2dfdb6fb1ed7af39ad56e402f4.jpg,ComplexDataLab/OpenFake,medium,0,0.0003499366284813732
22b32bafa7d23ac7ee065a75540bc3d8939c4ec413972be927c90a6d9eda6b40,data/datasets/openfake/pilot-600/images/fake/22b32bafa7d23ac7ee065a75540bc3d8939c4ec413972be927c90a6d9eda6b40.png,ComplexDataLab/OpenFake,medium,1,0.8843321204185486
22f57b1146d5f400d4f3f16eebbf7913e518620e318f53cc409eec675603dda4,data/datasets/openfake/additional-900/images/fake/22f57b1146d5f400d4f3f16eebbf7913e518620e318f53cc409eec675603dda4.webp,ComplexDataLab/OpenFake,low,1,0.9848816394805908
2310020a213b01bf1670b613b67cdf54d9e078a63f232a388bb13df0d4522ee5,data/datasets/openfake/pilot-600/images/fake/2310020a213b01bf1670b613b67cdf54d9e078a63f232a388bb13df0d4522ee5.png,ComplexDataLab/OpenFake,medium,1,0.9698169231414795
238dc01f477361205f1b78148e651bdfffc9cea68a859313f1a3a9308041c57e,data/datasets/openfake/additional-900/images/real/238dc01f477361205f1b78148e651bdfffc9cea68a859313f1a3a9308041c57e.jpg,ComplexDataLab/OpenFake,medium,0,0.7215789556503296
23e1d612da5e19bee8be3587968610da0428ba51b733e9886ac22512336f7c71,data/datasets/openfake/pilot-600/images/real/23e1d612da5e19bee8be3587968610da0428ba51b733e9886ac22512336f7c71.jpg,ComplexDataLab/OpenFake,low,0,0.005857969168573618
2432540bf787360e4d81b58b71bf29c5c24dfa6a866bbba40e44ab7bb9df3fea,data/datasets/openfake/additional-900/images/fake/2432540bf787360e4d81b58b71bf29c5c24dfa6a866bbba40e44ab7bb9df3fea.png,ComplexDataLab/OpenFake,medium,1,0.3098345696926117
2432f6e46cb39daab2bed6d38a310b02606bab3d8c56a2d08e30a901e9cb5fc2,data/datasets/openfake/additional-900/images/real/2432f6e46cb39daab2bed6d38a310b02606bab3d8c56a2d08e30a901e9cb5fc2.jpg,ComplexDataLab/OpenFake,medium,0,0.04016058146953583
244b8bd1f5f9f9df069430a5d0b2253d5f3fb2bb8141e1aabcbc51d1ed99551a,data/datasets/openfake/additional-900/images/real/244b8bd1f5f9f9df069430a5d0b2253d5f3fb2bb8141e1aabcbc51d1ed99551a.jpg,ComplexDataLab/OpenFake,low,0,0.7844020128250122
244fa1c119c5f1ce6c620608b80d69fa37d770ac565d804261d32e5baade078f,data/datasets/openfake/pilot-600/images/fake/244fa1c119c5f1ce6c620608b80d69fa37d770ac565d804261d32e5baade078f.png,ComplexDataLab/OpenFake,medium,1,0.970207691192627
245c6dbf7b290c17f7dff7707696369cfc7c789495d04c7ced51e038a728455d,data/datasets/openfake/pilot-600/images/real/245c6dbf7b290c17f7dff7707696369cfc7c789495d04c7ced51e038a728455d.jpg,ComplexDataLab/OpenFake,low,0,0.0004472759610507637
249bc76070d4b6dac7fe2d9cd4f9022791155cf53f40ac77a1f1a46824f25d0e,data/datasets/openfake/additional-900/images/real/249bc76070d4b6dac7fe2d9cd4f9022791155cf53f40ac77a1f1a46824f25d0e.jpg,ComplexDataLab/OpenFake,medium,0,5.687319571734406e-05
24a696fb1a873bec98ee896ee42c155138585ae05fca68727e207fe9f4ace5d7,data/datasets/openfake/pilot-600/images/fake/24a696fb1a873bec98ee896ee42c155138585ae05fca68727e207fe9f4ace5d7.png,ComplexDataLab/OpenFake,medium,1,0.9021698236465454
24b723f3555be4d0e4a65141ebfc7ffc990649e739d77443490d7dcffa29c9e5,data/datasets/openfake/additional-900/images/fake/24b723f3555be4d0e4a65141ebfc7ffc990649e739d77443490d7dcffa29c9e5.png,ComplexDataLab/OpenFake,medium,1,0.9055649042129517
25132420b6932c0a4cfd259d844dbcca97fd730286082f42486ebb93b5eeb8d7,data/datasets/openfake/pilot-600/images/real/25132420b6932c0a4cfd259d844dbcca97fd730286082f42486ebb93b5eeb8d7.jpg,ComplexDataLab/OpenFake,medium,0,0.8556895852088928
2554b23bdf6bc5559f93bf1f6db54732700c6bbdabe57c77b283804122b213f4,data/datasets/openfake/pilot-600/images/real/2554b23bdf6bc5559f93bf1f6db54732700c6bbdabe57c77b283804122b213f4.jpg,ComplexDataLab/OpenFake,medium,0,0.029802832752466202
258a4fff7d57375204900017cb13fc6f61e4a297958d1c00f29a75e508b16283,data/datasets/openfake/pilot-600/images/fake/258a4fff7d57375204900017cb13fc6f61e4a297958d1c00f29a75e508b16283.png,ComplexDataLab/OpenFake,medium,1,0.8384072184562683
25a391bc2db5bf67c2da56c8dff03dea99a8770533c4bd0917c97eb299a39196,data/datasets/openfake/pilot-600/images/real/25a391bc2db5bf67c2da56c8dff03dea99a8770533c4bd0917c97eb299a39196.jpg,ComplexDataLab/OpenFake,medium,0,0.2515239417552948
25e41aa51dc6e739cf4e77ef570612af965e1a7c89de8b27a333a65ac05b1326,data/datasets/openfake/pilot-600/images/fake/25e41aa51dc6e739cf4e77ef570612af965e1a7c89de8b27a333a65ac05b1326.webp,ComplexDataLab/OpenFake,medium,1,0.9801912307739258
25f6ca5da1c27d4b83b2f225eed83fa221a80ad802611b382dbb28aa180232cd,data/datasets/openfake/additional-900/images/real/25f6ca5da1c27d4b83b2f225eed83fa221a80ad802611b382dbb28aa180232cd.jpg,ComplexDataLab/OpenFake,medium,0,0.49580925703048706
2615f941b64aa628d24d16cdb7d1da7a2f9975815d49d3f8969eb4fc672b75d9,data/datasets/openfake/additional-900/images/real/2615f941b64aa628d24d16cdb7d1da7a2f9975815d49d3f8969eb4fc672b75d9.jpg,ComplexDataLab/OpenFake,medium,0,0.007302653510123491
2634b7e1237bbf3efe74fcf5616823166f3925d25e6f0993128a38fad8478fc8,data/datasets/openfake/pilot-600/images/fake/2634b7e1237bbf3efe74fcf5616823166f3925d25e6f0993128a38fad8478fc8.png,ComplexDataLab/OpenFake,low,1,0.9753420948982239
27181a257121302906ac0825fc5d0e30cd3dab312953c70192c3ebe202a31e68,data/datasets/openfake/additional-900/images/fake/27181a257121302906ac0825fc5d0e30cd3dab312953c70192c3ebe202a31e68.png,ComplexDataLab/OpenFake,medium,1,0.9850393533706665
273990b3d2312cbca678fc53171979ca5a1b19948f05d1647e9136091731c7d4,data/datasets/openfake/additional-900/images/fake/273990b3d2312cbca678fc53171979ca5a1b19948f05d1647e9136091731c7d4.png,ComplexDataLab/OpenFake,medium,1,0.9964786171913147
27676cf12a8579e86c2903278ca9895b83138016d5de96f94183b0b0dd736a5f,data/datasets/openfake/pilot-600/images/real/27676cf12a8579e86c2903278ca9895b83138016d5de96f94183b0b0dd736a5f.jpg,ComplexDataLab/OpenFake,medium,0,0.8798498511314392
276ffb73a65cb42cf4b58833a7009a4d1bd8138a8c2e89da3b32de767a9a8305,data/datasets/openfake/pilot-600/images/fake/276ffb73a65cb42cf4b58833a7009a4d1bd8138a8c2e89da3b32de767a9a8305.png,ComplexDataLab/OpenFake,low,1,0.9975190162658691
2791a0894d6747cabd0d8814312e2917c77679e14b4232e4d2654061a935f919,data/datasets/openfake/additional-900/images/real/2791a0894d6747cabd0d8814312e2917c77679e14b4232e4d2654061a935f919.jpg,ComplexDataLab/OpenFake,low,0,3.925302007701248e-05
27959c275c42cb9bef4bb287672e84e13c39ac9bbe2e8cc2990133948315944a,data/datasets/openfake/additional-900/images/real/27959c275c42cb9bef4bb287672e84e13c39ac9bbe2e8cc2990133948315944a.jpg,ComplexDataLab/OpenFake,medium,0,0.0317259207367897
27a8837396877f6e6c79abe739a969bbbed572cbab48a8ad372f4b3bec846b6e,data/datasets/openfake/pilot-600/images/fake/27a8837396877f6e6c79abe739a969bbbed572cbab48a8ad372f4b3bec846b6e.png,ComplexDataLab/OpenFake,medium,1,0.9302253723144531
27a8b2d173e69b062fed5ae9c96b8a439ec767cb7258a89255108a380acdd3ff,data/datasets/openfake/additional-900/images/real/27a8b2d173e69b062fed5ae9c96b8a439ec767cb7258a89255108a380acdd3ff.jpg,ComplexDataLab/OpenFake,low,0,0.002072761068120599
27c0c0973196a2d3c89f636e7b6068a17bd860804c862891d36284660d5d33b1,data/datasets/openfake/additional-900/images/real/27c0c0973196a2d3c89f636e7b6068a17bd860804c862891d36284660d5d33b1.jpg,ComplexDataLab/OpenFake,medium,0,0.0032973375637084246
280c4f3c4b87f5c3ee9f8ecd8dcc11a17532719b311837d3c58cb06cf56ec39f,data/datasets/openfake/additional-900/images/real/280c4f3c4b87f5c3ee9f8ecd8dcc11a17532719b311837d3c58cb06cf56ec39f.jpg,ComplexDataLab/OpenFake,low,0,0.4063889980316162
2812f3d602031ec9e018f1a2118d18f7549a23cac91c8208ff3b6016459f2d03,data/datasets/openfake/additional-900/images/real/2812f3d602031ec9e018f1a2118d18f7549a23cac91c8208ff3b6016459f2d03.jpg,ComplexDataLab/OpenFake,low,0,0.8653910756111145
281a4ff1e2fef3e13002c26c1821f6462729cef1ffdc184ce6538da338d82c0e,data/datasets/openfake/pilot-600/images/real/281a4ff1e2fef3e13002c26c1821f6462729cef1ffdc184ce6538da338d82c0e.jpg,ComplexDataLab/OpenFake,medium,0,0.9183257222175598
2823a509f7661ac9f4141e8e2a0a14219094c3b8acb571b1e1148fe48b6a26a2,data/datasets/openfake/pilot-600/images/real/2823a509f7661ac9f4141e8e2a0a14219094c3b8acb571b1e1148fe48b6a26a2.jpg,ComplexDataLab/OpenFake,medium,0,0.2398577183485031
289c3d2d731715a1afee54caeee6606ed2c97477fde31b85a3be275139ebcdc4,data/datasets/openfake/additional-900/images/real/289c3d2d731715a1afee54caeee6606ed2c97477fde31b85a3be275139ebcdc4.jpg,ComplexDataLab/OpenFake,medium,0,0.0024800626561045647
28a686a50704ad0a58dd97a398bab0331751aad4a817904b7c7aaedd2dcd6d43,data/datasets/openfake/additional-900/images/real/28a686a50704ad0a58dd97a398bab0331751aad4a817904b7c7aaedd2dcd6d43.png,ComplexDataLab/OpenFake,low,0,0.7858666181564331
28bf8d1c263f3e03ab9bd6f04909e4f18626d546b9380196e3fec945db71a959,data/datasets/openfake/additional-900/images/real/28bf8d1c263f3e03ab9bd6f04909e4f18626d546b9380196e3fec945db71a959.jpg,ComplexDataLab/OpenFake,high,0,0.31760838627815247
28cadb11b39940bceee2169f86611add06bed6126976518c32f40be142d8d695,data/datasets/openfake/additional-900/images/fake/28cadb11b39940bceee2169f86611add06bed6126976518c32f40be142d8d695.png,ComplexDataLab/OpenFake,medium,1,0.12106247246265411
28d7ce5200fff94bb0609a5486b19029014d00d9ced09de467c8b50b4f33a783,data/datasets/openfake/pilot-600/images/fake/28d7ce5200fff94bb0609a5486b19029014d00d9ced09de467c8b50b4f33a783.png,ComplexDataLab/OpenFake,medium,1,0.9804348945617676
28fa0466753ac97f41c7ae89a4e634aa2b63c6f5964a5c77d221cbf2277f4c8f,data/datasets/openfake/additional-900/images/fake/28fa0466753ac97f41c7ae89a4e634aa2b63c6f5964a5c77d221cbf2277f4c8f.webp,ComplexDataLab/OpenFake,medium,1,0.8777216672897339
291efda2aceaef3a36bf43909fec69613470fd40c2cdf09a6ab7684abe85e417,data/datasets/openfake/additional-900/images/fake/291efda2aceaef3a36bf43909fec69613470fd40c2cdf09a6ab7684abe85e417.png,ComplexDataLab/OpenFake,low,1,0.4280224144458771
2943a0b308a45d7150970bef160a0c67bf3768bf50ecb552e76ca85dd2716003,data/datasets/openfake/additional-900/images/real/2943a0b308a45d7150970bef160a0c67bf3768bf50ecb552e76ca85dd2716003.jpg,ComplexDataLab/OpenFake,medium,0,7.053015724522993e-05
29680b6392c2fe73c93b893367d55d0cdc9b6690b49086f115f9d1915d62b914,data/datasets/openfake/pilot-600/images/real/29680b6392c2fe73c93b893367d55d0cdc9b6690b49086f115f9d1915d62b914.jpg,ComplexDataLab/OpenFake,medium,0,0.048596303910017014
29681f1da9acdd16b0b32b6cfeecc3d85eddfb25563cdccaf141304e4265bf36,data/datasets/openfake/additional-900/images/fake/29681f1da9acdd16b0b32b6cfeecc3d85eddfb25563cdccaf141304e4265bf36.png,ComplexDataLab/OpenFake,medium,1,0.985220193862915
299e2de57f8371be987ea096817cd12342d020bb1bcc3c8d33d512133cd47d3f,data/datasets/openfake/additional-900/images/fake/299e2de57f8371be987ea096817cd12342d020bb1bcc3c8d33d512133cd47d3f.jpg,ComplexDataLab/OpenFake,medium,1,0.9859302639961243
2a99484982bb0adad44a10648158002e076573b230500276bee93350f6562505,data/datasets/openfake/additional-900/images/fake/2a99484982bb0adad44a10648158002e076573b230500276bee93350f6562505.png,ComplexDataLab/OpenFake,low,1,0.37542077898979187
2aa6aec835b660fc75b9ca5c3c42e55975050c3c6a5f60e5ca382d54e84210c1,data/datasets/openfake/additional-900/images/real/2aa6aec835b660fc75b9ca5c3c42e55975050c3c6a5f60e5ca382d54e84210c1.jpg,ComplexDataLab/OpenFake,low,0,0.004753029439598322
2afea4deb8302970fcd39a773ccee969ccf72f4b7cc54285663df7aa5cc65d64,data/datasets/openfake/additional-900/images/fake/2afea4deb8302970fcd39a773ccee969ccf72f4b7cc54285663df7aa5cc65d64.png,ComplexDataLab/OpenFake,medium,1,0.339852899312973
2b2c9cbf3fd0894ab127c7fa493d8252d3cda0c007b76f565452d02a369fb1e5,data/datasets/openfake/pilot-600/images/fake/2b2c9cbf3fd0894ab127c7fa493d8252d3cda0c007b76f565452d02a369fb1e5.png,ComplexDataLab/OpenFake,medium,1,0.6189417839050293
2b7cd9eb32b7751d1db24a8bd4a4836592be5854c4e75693912df600fc2e5455,data/datasets/openfake/additional-900/images/real/2b7cd9eb32b7751d1db24a8bd4a4836592be5854c4e75693912df600fc2e5455.jpg,ComplexDataLab/OpenFake,low,0,0.0413844995200634
2b9e888aedeba4bfebc80a21a81d25423bc5b5d3117d8c31efa5f2db4c136962,data/datasets/openfake/additional-900/images/real/2b9e888aedeba4bfebc80a21a81d25423bc5b5d3117d8c31efa5f2db4c136962.jpg,ComplexDataLab/OpenFake,medium,0,0.09076383709907532
2bb6546d37b4ec790a3c073d43ae9235f46893ade6816bd9519baaa1385a305d,data/datasets/openfake/pilot-600/images/fake/2bb6546d37b4ec790a3c073d43ae9235f46893ade6816bd9519baaa1385a305d.png,ComplexDataLab/OpenFake,high,1,0.9961519837379456
2bbc439f793138b7c3b99e9457d3c2ff7e8a57274760e565bbc549763475b626,data/datasets/openfake/pilot-600/images/real/2bbc439f793138b7c3b99e9457d3c2ff7e8a57274760e565bbc549763475b626.jpg,ComplexDataLab/OpenFake,medium,0,0.7740800976753235
2c2d40c41e091183540f595a9f2703cd977ace11415a13e25a04ab566186af59,data/datasets/openfake/pilot-600/images/fake/2c2d40c41e091183540f595a9f2703cd977ace11415a13e25a04ab566186af59.png,ComplexDataLab/OpenFake,low,1,0.8671110272407532
2c3083590993bd78f3253a88c09e7bf96ed3ec1ab2437d1e5794db0bd386c40e,data/datasets/openfake/additional-900/images/fake/2c3083590993bd78f3253a88c09e7bf96ed3ec1ab2437d1e5794db0bd386c40e.png,ComplexDataLab/OpenFake,low,1,0.7619034051895142
2c61e5a2ad87942c11036759b40c98692c7b6cf06ab3b2a3c771f31dea5a73e8,data/datasets/openfake/additional-900/images/real/2c61e5a2ad87942c11036759b40c98692c7b6cf06ab3b2a3c771f31dea5a73e8.jpg,ComplexDataLab/OpenFake,medium,0,0.009571701288223267
2d04048fda81ba7530e3dad24b4121242123bc5409faff6fef289290aaae9d08,data/datasets/openfake/pilot-600/images/real/2d04048fda81ba7530e3dad24b4121242123bc5409faff6fef289290aaae9d08.jpg,ComplexDataLab/OpenFake,medium,0,0.0029769467655569315
2d370f2b6637915b92b4404a7387767a4cd63c6591df555c1364293d5a5e49ee,data/datasets/openfake/additional-900/images/real/2d370f2b6637915b92b4404a7387767a4cd63c6591df555c1364293d5a5e49ee.jpg,ComplexDataLab/OpenFake,low,0,0.0589265450835228
2d391874f9fae7303f4aaee54b5b880e68f208c0f037c52a5f0d9e6154a6cf9d,data/datasets/openfake/additional-900/images/fake/2d391874f9fae7303f4aaee54b5b880e68f208c0f037c52a5f0d9e6154a6cf9d.png,ComplexDataLab/OpenFake,medium,1,0.5322939157485962
2d3e0bcb39625517cf44b44331d16741371ffc034f129b397e5efdb585ec9017,data/datasets/openfake/pilot-600/images/real/2d3e0bcb39625517cf44b44331d16741371ffc034f129b397e5efdb585ec9017.jpg,ComplexDataLab/OpenFake,medium,0,0.025558730587363243
2d406380fa01bb0f69caf279087582f0bffb617b2c0de877a9ec75611c83ea26,data/datasets/openfake/additional-900/images/fake/2d406380fa01bb0f69caf279087582f0bffb617b2c0de877a9ec75611c83ea26.png,ComplexDataLab/OpenFake,high,1,0.8856143355369568
2db046ead02ac566454f46dbfe20fe49c834c11f1c86c43d8d8087a986adb3cd,data/datasets/openfake/additional-900/images/fake/2db046ead02ac566454f46dbfe20fe49c834c11f1c86c43d8d8087a986adb3cd.png,ComplexDataLab/OpenFake,low,1,0.9965646862983704
2db98325232bb7d6cf4f996a8ca09365ddd8052a76f7fc1fe1bf7c6c47588201,data/datasets/openfake/pilot-600/images/fake/2db98325232bb7d6cf4f996a8ca09365ddd8052a76f7fc1fe1bf7c6c47588201.png,ComplexDataLab/OpenFake,medium,1,0.09393706172704697
2dd0c282b1fe3810860bbb5ff5e4868336e1f444f91377231a1794ac123c6c84,data/datasets/openfake/pilot-600/images/real/2dd0c282b1fe3810860bbb5ff5e4868336e1f444f91377231a1794ac123c6c84.jpg,ComplexDataLab/OpenFake,low,0,0.007227499969303608
2e58e17899ace162ae471cb588b7b18bb0061b5399224604528778d0da05356f,data/datasets/openfake/additional-900/images/fake/2e58e17899ace162ae471cb588b7b18bb0061b5399224604528778d0da05356f.png,ComplexDataLab/OpenFake,low,1,0.8868252635002136
2e6cbae2a2050133a6acff458b9af36dc4192eb027c039456ca248484fbf607b,data/datasets/openfake/pilot-600/images/real/2e6cbae2a2050133a6acff458b9af36dc4192eb027c039456ca248484fbf607b.jpg,ComplexDataLab/OpenFake,medium,0,0.3690923750400543
2e87e0b4c29bb18868b31a4cc57a4bc3eac10c7f8f11df578edd49811f9e2375,data/datasets/openfake/pilot-600/images/fake/2e87e0b4c29bb18868b31a4cc57a4bc3eac10c7f8f11df578edd49811f9e2375.png,ComplexDataLab/OpenFake,medium,1,0.9980669617652893
2ee27d64dd6abc8757b5352bba40781b20e981690c2db22cd649af8c831cb2fc,data/datasets/openfake/additional-900/images/fake/2ee27d64dd6abc8757b5352bba40781b20e981690c2db22cd649af8c831cb2fc.png,ComplexDataLab/OpenFake,medium,1,0.7054792642593384
2ef9deb9e5df67e7051de34343e46a1724872bbb050445255ffa4922b3b5429b,data/datasets/openfake/additional-900/images/real/2ef9deb9e5df67e7051de34343e46a1724872bbb050445255ffa4922b3b5429b.jpg,ComplexDataLab/OpenFake,medium,0,0.16017168760299683
2f4caccfb9b040b2f3ca9ec542968c4bf22af4eddd5a47833c775a0957c10160,data/datasets/openfake/additional-900/images/real/2f4caccfb9b040b2f3ca9ec542968c4bf22af4eddd5a47833c775a0957c10160.jpg,ComplexDataLab/OpenFake,low,0,0.0026280716992914677
2f4e52767856766db3b8c93ba96a98cc7caa6117fdbdb472e6cc2e12628e4707,data/datasets/openfake/pilot-600/images/real/2f4e52767856766db3b8c93ba96a98cc7caa6117fdbdb472e6cc2e12628e4707.jpg,ComplexDataLab/OpenFake,medium,0,0.12261135876178741
2f7b11bca7fa597d82b033ce7b2e54ae82eef87ca7e7d2282ad961378243a816,data/datasets/openfake/pilot-600/images/real/2f7b11bca7fa597d82b033ce7b2e54ae82eef87ca7e7d2282ad961378243a816.jpg,ComplexDataLab/OpenFake,medium,0,0.015190716832876205
2f7c27920584d66703b0b302e3a6e3b5be13339bddf6c606ba2390a3d86bae8a,data/datasets/openfake/additional-900/images/real/2f7c27920584d66703b0b302e3a6e3b5be13339bddf6c606ba2390a3d86bae8a.jpg,ComplexDataLab/OpenFake,medium,0,0.12940290570259094
2fe3883bbe00030fd767436de847d1acdce36792aaf6cd0fbb054e1b72689b41,data/datasets/openfake/additional-900/images/fake/2fe3883bbe00030fd767436de847d1acdce36792aaf6cd0fbb054e1b72689b41.png,ComplexDataLab/OpenFake,medium,1,0.9638365507125854
3016cfebab5dc44162cff763c92c92bec977880b0740f30fe3cecc63cfaa4343,data/datasets/openfake/additional-900/images/fake/3016cfebab5dc44162cff763c92c92bec977880b0740f30fe3cecc63cfaa4343.png,ComplexDataLab/OpenFake,medium,1,0.8055248260498047
30b9eccbf9c76256a014540d505719d96380de0c54951bbb3d50da2a985c7619,data/datasets/openfake/additional-900/images/real/30b9eccbf9c76256a014540d505719d96380de0c54951bbb3d50da2a985c7619.jpg,ComplexDataLab/OpenFake,high,0,0.8699480295181274
30d7352552aced17ab1270f1ed38a611e87bb75a007aa03bf80c995b56c365e5,data/datasets/openfake/pilot-600/images/fake/30d7352552aced17ab1270f1ed38a611e87bb75a007aa03bf80c995b56c365e5.png,ComplexDataLab/OpenFake,medium,1,0.9780554175376892
312180e2c05a28ed1b8efd668b452bba2fb14024a7b0183c8d75b556a28c147a,data/datasets/openfake/pilot-600/images/fake/312180e2c05a28ed1b8efd668b452bba2fb14024a7b0183c8d75b556a28c147a.png,ComplexDataLab/OpenFake,medium,1,0.9352256059646606
3121fff0fb06fee74ee7ce171da90cc639f6846786abbf7d582cbd4293e44512,data/datasets/openfake/pilot-600/images/fake/3121fff0fb06fee74ee7ce171da90cc639f6846786abbf7d582cbd4293e44512.png,ComplexDataLab/OpenFake,medium,1,0.998635470867157
312fe8f53e69ddc14b7eeb707b15f62a616584013eea24046fed732d05d7dd6f,data/datasets/openfake/additional-900/images/real/312fe8f53e69ddc14b7eeb707b15f62a616584013eea24046fed732d05d7dd6f.jpg,ComplexDataLab/OpenFake,medium,0,0.31880831718444824
31a95ce7acdcc54951b5d2538ea6186415b5b29654bf851a45e7025acb092734,data/datasets/openfake/additional-900/images/real/31a95ce7acdcc54951b5d2538ea6186415b5b29654bf851a45e7025acb092734.jpg,ComplexDataLab/OpenFake,low,0,0.9547383189201355
31c96ec1c4d00cee1f5cf7e973062c9d4197222a845d4c2ec606d5179b0037f6,data/datasets/openfake/additional-900/images/real/31c96ec1c4d00cee1f5cf7e973062c9d4197222a845d4c2ec606d5179b0037f6.jpg,ComplexDataLab/OpenFake,medium,0,0.00028453883714973927
31e667fc7f286991cc50729f201ce5e6c0c8a7c36e1e2512648976e54e7bc7da,data/datasets/openfake/additional-900/images/fake/31e667fc7f286991cc50729f201ce5e6c0c8a7c36e1e2512648976e54e7bc7da.png,ComplexDataLab/OpenFake,low,1,0.9967023730278015
3285e4e9e8222149709364d29c0c19254347a33752e46edf527345c3c919fac4,data/datasets/openfake/pilot-600/images/fake/3285e4e9e8222149709364d29c0c19254347a33752e46edf527345c3c919fac4.png,ComplexDataLab/OpenFake,low,1,0.37417563796043396
32a03e436e2a458b0389c064e63bcbc15843742342626dd674c574261c47c6d6,data/datasets/openfake/pilot-600/images/real/32a03e436e2a458b0389c064e63bcbc15843742342626dd674c574261c47c6d6.jpg,ComplexDataLab/OpenFake,medium,0,0.006685443688184023
32c116aceda440db46fb33a8e69ddaff4a37d642c5a86ea0c13d17ff2673c754,data/datasets/openfake/pilot-600/images/fake/32c116aceda440db46fb33a8e69ddaff4a37d642c5a86ea0c13d17ff2673c754.png,ComplexDataLab/OpenFake,low,1,0.9478949904441833
32c8f3461e0b167a4852617d674fdc3bbb5ec742952491a3926e99fe6d4ce542,data/datasets/openfake/pilot-600/images/real/32c8f3461e0b167a4852617d674fdc3bbb5ec742952491a3926e99fe6d4ce542.jpg,ComplexDataLab/OpenFake,low,0,0.4856102466583252
33484880eed1968cd54d18e9b4a61c7b98cde871241563e9f97d2864043eb09c,data/datasets/openfake/additional-900/images/fake/33484880eed1968cd54d18e9b4a61c7b98cde871241563e9f97d2864043eb09c.png,ComplexDataLab/OpenFake,medium,1,0.9943706393241882
3351fd00977d9b9b7141a2c75e71c9762d81f8d3ec1b29c1d20f6910f2f0108c,data/datasets/openfake/additional-900/images/fake/3351fd00977d9b9b7141a2c75e71c9762d81f8d3ec1b29c1d20f6910f2f0108c.png,ComplexDataLab/OpenFake,medium,1,0.9324409365653992
33a3792dac9ca3840412daeaed4fcd6f798e92893bed317a5b2dd7f7ed79b002,data/datasets/openfake/pilot-600/images/fake/33a3792dac9ca3840412daeaed4fcd6f798e92893bed317a5b2dd7f7ed79b002.webp,ComplexDataLab/OpenFake,medium,1,0.06511839479207993
33cffb193f9eb808c075f6a703a248afa67493ddd7b8ca43b92d809c02634faf,data/datasets/openfake/additional-900/images/real/33cffb193f9eb808c075f6a703a248afa67493ddd7b8ca43b92d809c02634faf.jpg,ComplexDataLab/OpenFake,low,0,0.8715433478355408
33ec00f664817cab50c1ba97732b7214d71400e7fd474fcc9eb729ccb9d015d9,data/datasets/openfake/additional-900/images/fake/33ec00f664817cab50c1ba97732b7214d71400e7fd474fcc9eb729ccb9d015d9.png,ComplexDataLab/OpenFake,medium,1,0.9645047187805176
341cbb369afb44c8cc8786689b7845ad2d124417b6025370089bab3b0bf336de,data/datasets/openfake/pilot-600/images/fake/341cbb369afb44c8cc8786689b7845ad2d124417b6025370089bab3b0bf336de.png,ComplexDataLab/OpenFake,low,1,0.6514939665794373
34e838ac1f8a3a49aced48cbe85d63cd99d8e4a87c7ea6aa1db09f385d65fcee,data/datasets/openfake/pilot-600/images/real/34e838ac1f8a3a49aced48cbe85d63cd99d8e4a87c7ea6aa1db09f385d65fcee.jpg,ComplexDataLab/OpenFake,medium,0,0.07157021760940552
35764b7184e822678846f5ad28dfe2de8ce85b509ad4fd38d3afbab4b55de1f8,data/datasets/openfake/additional-900/images/real/35764b7184e822678846f5ad28dfe2de8ce85b509ad4fd38d3afbab4b55de1f8.jpg,ComplexDataLab/OpenFake,high,0,0.2042655646800995
35b5a9fc3add522d90627e19483b78f717aa18ce97c387f0b8db0db6970eeb63,data/datasets/openfake/additional-900/images/real/35b5a9fc3add522d90627e19483b78f717aa18ce97c387f0b8db0db6970eeb63.jpg,ComplexDataLab/OpenFake,medium,0,0.47739240527153015
35e05afb2d0f36b7595d6b570c830f732b9920d8e8678960c31f3c03b1c874c4,data/datasets/openfake/additional-900/images/real/35e05afb2d0f36b7595d6b570c830f732b9920d8e8678960c31f3c03b1c874c4.jpg,ComplexDataLab/OpenFake,medium,0,0.20305638015270233
35e47f8ca87424ebba5b2eb391a9ba902f2f10d8db10b7b0f7fff6f763cf7a36,data/datasets/openfake/pilot-600/images/real/35e47f8ca87424ebba5b2eb391a9ba902f2f10d8db10b7b0f7fff6f763cf7a36.jpg,ComplexDataLab/OpenFake,high,0,0.7127197980880737
36169fe47a6bf1078b7aca697a1b63085c2df2bee3125b79e487da1c9f44c35d,data/datasets/openfake/pilot-600/images/fake/36169fe47a6bf1078b7aca697a1b63085c2df2bee3125b79e487da1c9f44c35d.webp,ComplexDataLab/OpenFake,medium,1,0.9062274098396301
3628d787935f375938ac6a70317aef92ebcbf6c49e43e5d089ef6b7139499444,data/datasets/openfake/pilot-600/images/real/3628d787935f375938ac6a70317aef92ebcbf6c49e43e5d089ef6b7139499444.jpg,ComplexDataLab/OpenFake,medium,0,0.1581319272518158
3661bb186f215ff505cda7b90ba04bc4fbeed90c45d8b57f344a244c0ed182fe,data/datasets/openfake/additional-900/images/real/3661bb186f215ff505cda7b90ba04bc4fbeed90c45d8b57f344a244c0ed182fe.jpg,ComplexDataLab/OpenFake,high,0,0.0003219889185857028
36973c6888ff61b56438b9a2ab7c3e58c6f69c662c969a1c2f43d57d65c0135a,data/datasets/openfake/additional-900/images/fake/36973c6888ff61b56438b9a2ab7c3e58c6f69c662c969a1c2f43d57d65c0135a.png,ComplexDataLab/OpenFake,medium,1,0.21374039351940155
36a53013fceb77265fc769ca2a58a8aa75fa47d678d9796476f4eff895555f14,data/datasets/openfake/additional-900/images/fake/36a53013fceb77265fc769ca2a58a8aa75fa47d678d9796476f4eff895555f14.png,ComplexDataLab/OpenFake,low,1,0.9993653893470764
36a60d1bef20412ba0262653d9023d0a75745a5219eb869af11e04cba0eaf57b,data/datasets/openfake/additional-900/images/fake/36a60d1bef20412ba0262653d9023d0a75745a5219eb869af11e04cba0eaf57b.png,ComplexDataLab/OpenFake,low,1,0.9914660453796387
36a84c21d2cdf83dd233ac19a4387d815d8585f5abac716e4cabef29bad69b8a,data/datasets/openfake/additional-900/images/real/36a84c21d2cdf83dd233ac19a4387d815d8585f5abac716e4cabef29bad69b8a.jpg,ComplexDataLab/OpenFake,medium,0,0.8127847909927368
36e0dc9c69064061c9d2a65143649387d19759b578fe345d12bf11f6b8d841d2,data/datasets/openfake/pilot-600/images/real/36e0dc9c69064061c9d2a65143649387d19759b578fe345d12bf11f6b8d841d2.jpg,ComplexDataLab/OpenFake,medium,0,0.02007557824254036
3717eba290a5a66c03d6b112da2468c3396e891857427408d8d1dce024d3ceee,data/datasets/openfake/additional-900/images/real/3717eba290a5a66c03d6b112da2468c3396e891857427408d8d1dce024d3ceee.jpg,ComplexDataLab/OpenFake,low,0,0.7052221894264221
372412aefdfd367d33f4b0a84521b69f34696966514b5b45e749e8f44aa8b5b1,data/datasets/openfake/pilot-600/images/real/372412aefdfd367d33f4b0a84521b69f34696966514b5b45e749e8f44aa8b5b1.jpg,ComplexDataLab/OpenFake,medium,0,0.0005081839044578373
374643d03ad94a428e3f1463985c6847736bbc2b63dfd5936e5efb6aa59ebc28,data/datasets/openfake/additional-900/images/fake/374643d03ad94a428e3f1463985c6847736bbc2b63dfd5936e5efb6aa59ebc28.png,ComplexDataLab/OpenFake,low,1,0.9771263003349304
374e45ebd3ecc4c43b76b05ff0088e54d00a0c1a6bfe658bc8e1b3f0fe8d3acc,data/datasets/openfake/additional-900/images/real/374e45ebd3ecc4c43b76b05ff0088e54d00a0c1a6bfe658bc8e1b3f0fe8d3acc.jpg,ComplexDataLab/OpenFake,medium,0,0.08222506940364838
37596894c097c2a159eb352076c6330fa91d2e490d4e92aa7661ff20d5c64ae2,data/datasets/openfake/additional-900/images/real/37596894c097c2a159eb352076c6330fa91d2e490d4e92aa7661ff20d5c64ae2.jpg,ComplexDataLab/OpenFake,medium,0,0.7847055792808533
376726dbd6ac636b3892c10992533e57d1e350c130733149d53af19474156d5f,data/datasets/openfake/pilot-600/images/real/376726dbd6ac636b3892c10992533e57d1e350c130733149d53af19474156d5f.jpg,ComplexDataLab/OpenFake,medium,0,0.0794864222407341
376ad66069d09ede4f8581fd2da1383225539bf1dccfe2f73986c59864dba314,data/datasets/openfake/additional-900/images/real/376ad66069d09ede4f8581fd2da1383225539bf1dccfe2f73986c59864dba314.jpg,ComplexDataLab/OpenFake,medium,0,0.6177040338516235
37928f17f6e0bd188c8b623cf0796c0e2d43eea4f2b35e50fb5f9c8064225e60,data/datasets/openfake/additional-900/images/real/37928f17f6e0bd188c8b623cf0796c0e2d43eea4f2b35e50fb5f9c8064225e60.jpg,ComplexDataLab/OpenFake,low,0,0.00025966475368477404
37d3a785d7a51d92f688e37f116f4b27c355fe13bd820955867bd0d72dc2afbb,data/datasets/openfake/additional-900/images/real/37d3a785d7a51d92f688e37f116f4b27c355fe13bd820955867bd0d72dc2afbb.jpg,ComplexDataLab/OpenFake,medium,0,0.09968133270740509
37e25093290509888141ba06d2b4f0df262689fbc347bf549c2cfabc1b883e7f,data/datasets/openfake/pilot-600/images/fake/37e25093290509888141ba06d2b4f0df262689fbc347bf549c2cfabc1b883e7f.png,ComplexDataLab/OpenFake,medium,1,0.8903369903564453
37ed93a5dd62a0e6279cde8dd7c11c4b9a9430198cb87120698af90639a5efc9,data/datasets/openfake/pilot-600/images/real/37ed93a5dd62a0e6279cde8dd7c11c4b9a9430198cb87120698af90639a5efc9.jpg,ComplexDataLab/OpenFake,low,0,0.7415503859519958
37ef0036c7bab9cec0cd515c4c0361785649ebff79305d176811a1c7a0e39770,data/datasets/openfake/additional-900/images/fake/37ef0036c7bab9cec0cd515c4c0361785649ebff79305d176811a1c7a0e39770.png,ComplexDataLab/OpenFake,medium,1,0.8388622403144836
3803e149d44a82a78efbbd96fd67e7c8293627a89898337312c742ef5fbf5ef0,data/datasets/openfake/additional-900/images/real/3803e149d44a82a78efbbd96fd67e7c8293627a89898337312c742ef5fbf5ef0.jpg,ComplexDataLab/OpenFake,medium,0,0.23247097432613373
3882bb06282d88f97a27d7cfa87038d54bc60a27f1abdde1b58cb76d4ee925ad,data/datasets/openfake/additional-900/images/real/3882bb06282d88f97a27d7cfa87038d54bc60a27f1abdde1b58cb76d4ee925ad.jpg,ComplexDataLab/OpenFake,low,0,0.018593231216073036
38f6032a7df32c8af63114dd4f0d2ba4474cad6c9d4b242efdd31b6114e4635e,data/datasets/openfake/additional-900/images/real/38f6032a7df32c8af63114dd4f0d2ba4474cad6c9d4b242efdd31b6114e4635e.jpg,ComplexDataLab/OpenFake,medium,0,0.012120986357331276
38fdc3119e8f7724ed1fa21314e18ddafc40080e19a7065d7dcbe6af06fb2072,data/datasets/openfake/pilot-600/images/fake/38fdc3119e8f7724ed1fa21314e18ddafc40080e19a7065d7dcbe6af06fb2072.png,ComplexDataLab/OpenFake,medium,1,0.2582961618900299
3928bbdde33f7eed19df8a9c444db2cc42c1743d6599a09e536304e889fb7f43,data/datasets/openfake/pilot-600/images/real/3928bbdde33f7eed19df8a9c444db2cc42c1743d6599a09e536304e889fb7f43.jpg,ComplexDataLab/OpenFake,medium,0,0.4969671666622162
393f5a40f06ba0ffe95e4f84ba79ad6f307fe28b4b33cec74585b172ca45a393,data/datasets/openfake/pilot-600/images/fake/393f5a40f06ba0ffe95e4f84ba79ad6f307fe28b4b33cec74585b172ca45a393.png,ComplexDataLab/OpenFake,medium,1,0.5966668128967285
3996aac320a00a68a5e5fea1c056d5cffd9d4e218e882e69acf3ff09fb4f56eb,data/datasets/openfake/additional-900/images/real/3996aac320a00a68a5e5fea1c056d5cffd9d4e218e882e69acf3ff09fb4f56eb.jpg,ComplexDataLab/OpenFake,medium,0,0.04932473227381706
3a0876444087f277c112436701d1019610b3dcd4719a9123c09833921c42d567,data/datasets/openfake/pilot-600/images/fake/3a0876444087f277c112436701d1019610b3dcd4719a9123c09833921c42d567.png,ComplexDataLab/OpenFake,low,1,0.9709718227386475
3a1b5fa6c10324ac43dbfd6604f13d94b13be03b6b537ad3c5ab7cb26f294fe3,data/datasets/openfake/additional-900/images/real/3a1b5fa6c10324ac43dbfd6604f13d94b13be03b6b537ad3c5ab7cb26f294fe3.jpg,ComplexDataLab/OpenFake,medium,0,0.0057515366934239864
3a4267d842682460378b15ebcabe1af4c7925b3ff08e70ad79674f26af578100,data/datasets/openfake/additional-900/images/fake/3a4267d842682460378b15ebcabe1af4c7925b3ff08e70ad79674f26af578100.png,ComplexDataLab/OpenFake,medium,1,0.9820667505264282
3a468808c81deb8a1d0578061640035bd166c657d1740388c2da954b2214122d,data/datasets/openfake/additional-900/images/fake/3a468808c81deb8a1d0578061640035bd166c657d1740388c2da954b2214122d.png,ComplexDataLab/OpenFake,medium,1,0.9868306517601013
3ad61a2362cf80257a1eccacac502e543a40ddf506890db42d59ab60db770c32,data/datasets/openfake/pilot-600/images/real/3ad61a2362cf80257a1eccacac502e543a40ddf506890db42d59ab60db770c32.jpg,ComplexDataLab/OpenFake,medium,0,0.6914657354354858
3b00e6e96bd04214ae3cdb4a0d8870d4a16d09a0f423ebdde2bc23205b787560,data/datasets/openfake/pilot-600/images/fake/3b00e6e96bd04214ae3cdb4a0d8870d4a16d09a0f423ebdde2bc23205b787560.png,ComplexDataLab/OpenFake,medium,1,0.7825817465782166
3b035e1cf47fbd78226b371679a9decd767dcbb3aa2ee564ab404c12aa0b3ffa,data/datasets/openfake/additional-900/images/real/3b035e1cf47fbd78226b371679a9decd767dcbb3aa2ee564ab404c12aa0b3ffa.jpg,ComplexDataLab/OpenFake,low,0,0.4797259569168091
3b1904dc46d012d1d6cc0e3d7e387b55c443decf20d12de9f1d2e005139d7f69,data/datasets/openfake/additional-900/images/real/3b1904dc46d012d1d6cc0e3d7e387b55c443decf20d12de9f1d2e005139d7f69.jpg,ComplexDataLab/OpenFake,medium,0,0.45104074478149414
3b551d511809f1f4e30c83687c5d779ec09a00e9995eb7c2bbae7ad56585fe1d,data/datasets/openfake/additional-900/images/real/3b551d511809f1f4e30c83687c5d779ec09a00e9995eb7c2bbae7ad56585fe1d.jpg,ComplexDataLab/OpenFake,medium,0,0.5606974959373474
3b858f1b1e84a6637e8bd7c3035cf576f2605c93dcd3b38ae8b51764808ebaf1,data/datasets/openfake/additional-900/images/real/3b858f1b1e84a6637e8bd7c3035cf576f2605c93dcd3b38ae8b51764808ebaf1.jpg,ComplexDataLab/OpenFake,medium,0,0.004557506646960974
3bd33a78c770bc431e2bef9ff5a13311524ac8d20dac5b42f490bdb29a21a50d,data/datasets/openfake/additional-900/images/real/3bd33a78c770bc431e2bef9ff5a13311524ac8d20dac5b42f490bdb29a21a50d.jpg,ComplexDataLab/OpenFake,low,0,0.8684002161026001
3bd56fe2e940dee5a6635bbc97077cad061542085f39c705d8b2f7b7c94607ed,data/datasets/openfake/pilot-600/images/fake/3bd56fe2e940dee5a6635bbc97077cad061542085f39c705d8b2f7b7c94607ed.png,ComplexDataLab/OpenFake,low,1,0.9980941414833069
3bf71364e40b4dbb5c42d1ef2a49c17fdd9d062aca717e694ac367e6d26f8c98,data/datasets/openfake/additional-900/images/real/3bf71364e40b4dbb5c42d1ef2a49c17fdd9d062aca717e694ac367e6d26f8c98.jpg,ComplexDataLab/OpenFake,medium,0,0.00110831658821553
3c51f29adfe015506084f22633ef5f4c4a09b98d92a621f8da171ddd25a5cf36,data/datasets/openfake/pilot-600/images/real/3c51f29adfe015506084f22633ef5f4c4a09b98d92a621f8da171ddd25a5cf36.jpg,ComplexDataLab/OpenFake,high,0,0.0014791960129514337
3c5fd88664a4ab56874d3b4061a100fcf9e35d05867ceff5ce70f4f070d6cc19,data/datasets/openfake/pilot-600/images/fake/3c5fd88664a4ab56874d3b4061a100fcf9e35d05867ceff5ce70f4f070d6cc19.png,ComplexDataLab/OpenFake,medium,1,0.9952261447906494
3c9d19f0f80b2f4ef3a572610a18b726c2c65f9dbd7c9905265c5588bc9a8478,data/datasets/openfake/additional-900/images/fake/3c9d19f0f80b2f4ef3a572610a18b726c2c65f9dbd7c9905265c5588bc9a8478.jpg,ComplexDataLab/OpenFake,low,1,0.9792633652687073
3cbf495c9c52092a8524cf0c401d7f23fc626fd701116d48b58cb8d95e3a165a,data/datasets/openfake/pilot-600/images/real/3cbf495c9c52092a8524cf0c401d7f23fc626fd701116d48b58cb8d95e3a165a.jpg,ComplexDataLab/OpenFake,medium,0,0.6583506464958191
3cdaf4057c187fe3e038786bcc72ac6107d49a8710f76794ebf192bd76ad50ab,data/datasets/openfake/additional-900/images/real/3cdaf4057c187fe3e038786bcc72ac6107d49a8710f76794ebf192bd76ad50ab.jpg,ComplexDataLab/OpenFake,low,0,0.0006927767535671592
3d167265c4ac8da86a746360e3409fcbe324a6e66b49c8b838883010970623a0,data/datasets/openfake/additional-900/images/fake/3d167265c4ac8da86a746360e3409fcbe324a6e66b49c8b838883010970623a0.png,ComplexDataLab/OpenFake,low,1,0.43457266688346863
3d25750c572dad08b4e09dca9c9979014e3eda7362ba5c4b59e34d6197d91646,data/datasets/openfake/additional-900/images/fake/3d25750c572dad08b4e09dca9c9979014e3eda7362ba5c4b59e34d6197d91646.png,ComplexDataLab/OpenFake,medium,1,0.9803549647331238
3de18d4974abb97a789e3b512a3375defbbc352a44d047c8f484b2dc222841c4,data/datasets/openfake/additional-900/images/fake/3de18d4974abb97a789e3b512a3375defbbc352a44d047c8f484b2dc222841c4.png,ComplexDataLab/OpenFake,medium,1,0.15864130854606628
3dee7775e211413a6247f6b5ab30b52fcb279f67cf3df94caf9d8735139a5fb8,data/datasets/openfake/pilot-600/images/real/3dee7775e211413a6247f6b5ab30b52fcb279f67cf3df94caf9d8735139a5fb8.jpg,ComplexDataLab/OpenFake,medium,0,0.017061205580830574
3e026befa08942199f999b939e6beeacc17d6f07e1454432ff52f3cffc41e46a,data/datasets/openfake/additional-900/images/real/3e026befa08942199f999b939e6beeacc17d6f07e1454432ff52f3cffc41e46a.jpg,ComplexDataLab/OpenFake,medium,0,0.00298974453471601
3e43427faeafdfdf7a1c3abb382bc7c926339a997375512e4a4e9b46ca140c0c,data/datasets/openfake/additional-900/images/fake/3e43427faeafdfdf7a1c3abb382bc7c926339a997375512e4a4e9b46ca140c0c.png,ComplexDataLab/OpenFake,medium,1,0.959850013256073
3e460e4bf2c751320ed902d6b6eec7c3d2aa9c54fdb211ec9f22351054b760dc,data/datasets/openfake/additional-900/images/fake/3e460e4bf2c751320ed902d6b6eec7c3d2aa9c54fdb211ec9f22351054b760dc.png,ComplexDataLab/OpenFake,medium,1,0.29918918013572693
3e48d7980e451d77033d474815c2fc5ecd20a928eb2fdac40b8f14d82791ba00,data/datasets/openfake/additional-900/images/real/3e48d7980e451d77033d474815c2fc5ecd20a928eb2fdac40b8f14d82791ba00.jpg,ComplexDataLab/OpenFake,medium,0,0.701807975769043
3e60e122a3883f64ce3bbd5d62904799860118d08abdcb024d19a9a9b481b134,data/datasets/openfake/additional-900/images/real/3e60e122a3883f64ce3bbd5d62904799860118d08abdcb024d19a9a9b481b134.jpg,ComplexDataLab/OpenFake,medium,0,0.00942921917885542
3eaaaaaa0e2b38f4fbbf1ca17864830f5c7d5a690200d4a6753519250db7d338,data/datasets/openfake/pilot-600/images/real/3eaaaaaa0e2b38f4fbbf1ca17864830f5c7d5a690200d4a6753519250db7d338.jpg,ComplexDataLab/OpenFake,low,0,0.0024841325357556343
3ec9209f03fa21740f5bf445cee711070fdb0e51bd2970a52eceb125fe543dda,data/datasets/openfake/pilot-600/images/real/3ec9209f03fa21740f5bf445cee711070fdb0e51bd2970a52eceb125fe543dda.jpg,ComplexDataLab/OpenFake,low,0,0.49594464898109436
3ed40b63111d48ea5999b8f022c75de58d30ece4bc35c3b614e94ef771de12f7,data/datasets/openfake/additional-900/images/fake/3ed40b63111d48ea5999b8f022c75de58d30ece4bc35c3b614e94ef771de12f7.png,ComplexDataLab/OpenFake,medium,1,0.9719792008399963
3f214263436e6c35a6dcac5af464eb63e32b4ca845ba125b91e0ec3534a7ca2f,data/datasets/openfake/additional-900/images/fake/3f214263436e6c35a6dcac5af464eb63e32b4ca845ba125b91e0ec3534a7ca2f.png,ComplexDataLab/OpenFake,low,1,0.9698092937469482
3f4dbf2689855d27e14b8c3495b9d01acb3e1e6b50e4c637bfd64360b3168f4e,data/datasets/openfake/pilot-600/images/real/3f4dbf2689855d27e14b8c3495b9d01acb3e1e6b50e4c637bfd64360b3168f4e.jpg,ComplexDataLab/OpenFake,medium,0,0.09715600311756134
3f9bb03f34139295fb7f248e10acc18cff44a6a4100454c5f8b291664080fb0e,data/datasets/openfake/additional-900/images/real/3f9bb03f34139295fb7f248e10acc18cff44a6a4100454c5f8b291664080fb0e.jpg,ComplexDataLab/OpenFake,low,0,0.06080428138375282
3feeee91e424ea4140b2f6f8a89a83f055f369610e11edf3734adb8ae4547123,data/datasets/openfake/pilot-600/images/fake/3feeee91e424ea4140b2f6f8a89a83f055f369610e11edf3734adb8ae4547123.png,ComplexDataLab/OpenFake,medium,1,0.9892966151237488
4005f8aa218782510b69fd27cf4480e1cf250b943a69487a5206c86669e45067,data/datasets/openfake/additional-900/images/real/4005f8aa218782510b69fd27cf4480e1cf250b943a69487a5206c86669e45067.jpg,ComplexDataLab/OpenFake,low,0,0.014486306346952915
406d8427e83ccd9e72e985d7828a9a8028c863c4f38e66beb7303348832b6b9c,data/datasets/openfake/additional-900/images/fake/406d8427e83ccd9e72e985d7828a9a8028c863c4f38e66beb7303348832b6b9c.jpg,ComplexDataLab/OpenFake,low,1,0.7358536124229431
406e65d5aa3446fc84575e2d4010cccd865c5cf72d0fb49ad5fe930794251787,data/datasets/openfake/additional-900/images/real/406e65d5aa3446fc84575e2d4010cccd865c5cf72d0fb49ad5fe930794251787.jpg,ComplexDataLab/OpenFake,low,0,0.00020227153436280787
408f7858e2e075b582f0e24d32cd8de157073b48308c8f252e6003d87aa22e2d,data/datasets/openfake/additional-900/images/real/408f7858e2e075b582f0e24d32cd8de157073b48308c8f252e6003d87aa22e2d.jpg,ComplexDataLab/OpenFake,medium,0,0.051525089889764786
40b6fa533d8a7e74194fb49e0e1ac0bd068454e3bc9b847e35a57c24913ca6e8,data/datasets/openfake/additional-900/images/real/40b6fa533d8a7e74194fb49e0e1ac0bd068454e3bc9b847e35a57c24913ca6e8.jpg,ComplexDataLab/OpenFake,low,0,0.7594289779663086
40ef24663e71666361bdcc10e622cc58bc7418f0ff900171eadeb8e4657ae9c7,data/datasets/openfake/pilot-600/images/real/40ef24663e71666361bdcc10e622cc58bc7418f0ff900171eadeb8e4657ae9c7.jpg,ComplexDataLab/OpenFake,medium,0,0.0023083381820470095
412ccea9882261a40077329f8dc0944cfa881d1208239cb74dd8e16736c59400,data/datasets/openfake/additional-900/images/real/412ccea9882261a40077329f8dc0944cfa881d1208239cb74dd8e16736c59400.jpg,ComplexDataLab/OpenFake,medium,0,0.019007181748747826
4185f09e712dc233297b31173d955095920719c9cc42e57253291fe6b3cca2cc,data/datasets/openfake/pilot-600/images/fake/4185f09e712dc233297b31173d955095920719c9cc42e57253291fe6b3cca2cc.png,ComplexDataLab/OpenFake,medium,1,0.9839216470718384
4201ce47b59aa0d0a486614e76f497f11a4a87cc6abccd2fe31e0825546e301f,data/datasets/openfake/additional-900/images/fake/4201ce47b59aa0d0a486614e76f497f11a4a87cc6abccd2fe31e0825546e301f.png,ComplexDataLab/OpenFake,medium,1,0.3235938251018524
424199a0f1d2f39ce3a263d965ce9bf318c43efd4ebcca6c9e71b233cc278bf3,data/datasets/openfake/pilot-600/images/fake/424199a0f1d2f39ce3a263d965ce9bf318c43efd4ebcca6c9e71b233cc278bf3.png,ComplexDataLab/OpenFake,medium,1,0.9575232863426208
4287fdb03589b70cd85407dabacd5bf750731ad5f3da6c067fc195e713dd5a9d,data/datasets/openfake/additional-900/images/fake/4287fdb03589b70cd85407dabacd5bf750731ad5f3da6c067fc195e713dd5a9d.png,ComplexDataLab/OpenFake,medium,1,0.6520166993141174
428a1ecd1b542c2890bb7334543e9f8daa6458554da9eb9c35782ba5bd91335b,data/datasets/openfake/additional-900/images/fake/428a1ecd1b542c2890bb7334543e9f8daa6458554da9eb9c35782ba5bd91335b.png,ComplexDataLab/OpenFake,medium,1,0.9583156108856201
42cd2a96d784190526146334d1c1e5b3993915cc8064529fe7275af9876d0361,data/datasets/openfake/additional-900/images/real/42cd2a96d784190526146334d1c1e5b3993915cc8064529fe7275af9876d0361.jpg,ComplexDataLab/OpenFake,low,0,0.3223860561847687
42e02282a0ee22844baaa107f9ea0ab2439fe2eb651348da1cfbbe6420369ab9,data/datasets/openfake/additional-900/images/fake/42e02282a0ee22844baaa107f9ea0ab2439fe2eb651348da1cfbbe6420369ab9.jpg,ComplexDataLab/OpenFake,low,1,0.637060821056366
433936eda1a98eb2f1ed4f329b116fd5cd91f98cad65c9e16323ad5abfe82617,data/datasets/openfake/pilot-600/images/fake/433936eda1a98eb2f1ed4f329b116fd5cd91f98cad65c9e16323ad5abfe82617.jpg,ComplexDataLab/OpenFake,low,1,0.5649100542068481
435ee8accb9895472d6b248b4e9902190824cc173ca8f7907a6ce49eb95c1873,data/datasets/openfake/pilot-600/images/fake/435ee8accb9895472d6b248b4e9902190824cc173ca8f7907a6ce49eb95c1873.png,ComplexDataLab/OpenFake,medium,1,0.778703510761261
439af5c84c8b8613e612eb662465309bb410e449127b29da97a6d768f0ea342b,data/datasets/openfake/additional-900/images/fake/439af5c84c8b8613e612eb662465309bb410e449127b29da97a6d768f0ea342b.png,ComplexDataLab/OpenFake,low,1,0.9989639520645142
43a7b439ef8fa21744e89c30159e6f897eaf017e3b9a3b84a62351ce888c4b1e,data/datasets/openfake/additional-900/images/real/43a7b439ef8fa21744e89c30159e6f897eaf017e3b9a3b84a62351ce888c4b1e.jpg,ComplexDataLab/OpenFake,medium,0,0.2096758931875229
43bec3b587510fe3c73842ad4c306e38805809dccdf2aca383933e9b8890072e,data/datasets/openfake/additional-900/images/fake/43bec3b587510fe3c73842ad4c306e38805809dccdf2aca383933e9b8890072e.png,ComplexDataLab/OpenFake,low,1,0.22955045104026794
43de6804b6e253bba24e76ec8ee718aa339284c9b42a8d2caaaffa8e154d3545,data/datasets/openfake/additional-900/images/real/43de6804b6e253bba24e76ec8ee718aa339284c9b42a8d2caaaffa8e154d3545.jpg,ComplexDataLab/OpenFake,low,0,0.9808087348937988
44304926e81e388cf345add7e789e59feb26e25be2217dc0b05cd03055340a5c,data/datasets/openfake/additional-900/images/real/44304926e81e388cf345add7e789e59feb26e25be2217dc0b05cd03055340a5c.jpg,ComplexDataLab/OpenFake,medium,0,0.0068686483427882195
446b2aeac9db27c02eb12b94074272142c5302607581fcf2a157d0e65f129415,data/datasets/openfake/pilot-600/images/real/446b2aeac9db27c02eb12b94074272142c5302607581fcf2a157d0e65f129415.jpg,ComplexDataLab/OpenFake,medium,0,0.9640969038009644
4472ea174ac44f4b9ba13c283c2360ea187511bbe379b4a5e1c58f371ef2fe88,data/datasets/openfake/pilot-600/images/real/4472ea174ac44f4b9ba13c283c2360ea187511bbe379b4a5e1c58f371ef2fe88.jpg,ComplexDataLab/OpenFake,medium,0,0.03513766825199127
44b5c025fa5cc27c01325d6859ae1fd3896af79d9ef45007f2bd6b732d0f9820,data/datasets/openfake/pilot-600/images/real/44b5c025fa5cc27c01325d6859ae1fd3896af79d9ef45007f2bd6b732d0f9820.jpg,ComplexDataLab/OpenFake,medium,0,0.03207821771502495
44d1ae471bb988815ada651cb4766e11ee2ee298ae2ee1c89f94bda6a847fa00,data/datasets/openfake/additional-900/images/real/44d1ae471bb988815ada651cb4766e11ee2ee298ae2ee1c89f94bda6a847fa00.jpg,ComplexDataLab/OpenFake,high,0,0.04392405226826668
44e9c9246c2682caee60c2de2186d9ab444a4bbe50956523120635bc1b3aeb34,data/datasets/openfake/additional-900/images/fake/44e9c9246c2682caee60c2de2186d9ab444a4bbe50956523120635bc1b3aeb34.png,ComplexDataLab/OpenFake,high,1,0.9784917831420898
4522ede7e8dd2ca56aa866bef2fabc4c40927cffcc9abb2b176b8c63a03a74d3,data/datasets/openfake/additional-900/images/fake/4522ede7e8dd2ca56aa866bef2fabc4c40927cffcc9abb2b176b8c63a03a74d3.png,ComplexDataLab/OpenFake,medium,1,0.8179664015769958
45339c635ac1cf8edb6b7973b30b913c53864fbec42538a46cf13ab1f6d116ee,data/datasets/openfake/pilot-600/images/real/45339c635ac1cf8edb6b7973b30b913c53864fbec42538a46cf13ab1f6d116ee.jpg,ComplexDataLab/OpenFake,low,0,0.0004635855439119041
454b847a5870330de2cdaf814f6516356eb04f6e425c8f00322a3cec5a407461,data/datasets/openfake/additional-900/images/fake/454b847a5870330de2cdaf814f6516356eb04f6e425c8f00322a3cec5a407461.jpg,ComplexDataLab/OpenFake,low,1,0.7752334475517273
456ce8a65656b6ac7283488a96f14df94ee76ec5d9d496ef46066f38ae527e36,data/datasets/openfake/additional-900/images/fake/456ce8a65656b6ac7283488a96f14df94ee76ec5d9d496ef46066f38ae527e36.png,ComplexDataLab/OpenFake,medium,1,0.47416752576828003
459a05953f07edb82e8836b40a370cb24c5de6a84b8504d424ff164bacbc7f26,data/datasets/openfake/additional-900/images/real/459a05953f07edb82e8836b40a370cb24c5de6a84b8504d424ff164bacbc7f26.jpg,ComplexDataLab/OpenFake,medium,0,0.0022641648538410664
45d695342ff282f88aa757731a17bd7ad77a414c5fc3af93b049656c6ff198de,data/datasets/openfake/pilot-600/images/fake/45d695342ff282f88aa757731a17bd7ad77a414c5fc3af93b049656c6ff198de.png,ComplexDataLab/OpenFake,medium,1,0.589597225189209
45d76238d5459c9e77be2eb817b098479e415c7b6ba719843d26dddff110fba2,data/datasets/openfake/additional-900/images/fake/45d76238d5459c9e77be2eb817b098479e415c7b6ba719843d26dddff110fba2.png,ComplexDataLab/OpenFake,low,1,0.7334003448486328
463d956215c4d2e4dcc48adabd78ac3215dee3e393113e78967b05ac74d37be8,data/datasets/openfake/pilot-600/images/fake/463d956215c4d2e4dcc48adabd78ac3215dee3e393113e78967b05ac74d37be8.png,ComplexDataLab/OpenFake,medium,1,0.9812605381011963
465299e3fd07e7622ca21070b218f81887659270ffb2dbdd79520125f141b0cf,data/datasets/openfake/pilot-600/images/fake/465299e3fd07e7622ca21070b218f81887659270ffb2dbdd79520125f141b0cf.png,ComplexDataLab/OpenFake,low,1,0.9470783472061157
469fa294f56e88fb68b73529b0ef4ae2ceee6238527684a3acf5da8ccd30f47c,data/datasets/openfake/additional-900/images/fake/469fa294f56e88fb68b73529b0ef4ae2ceee6238527684a3acf5da8ccd30f47c.png,ComplexDataLab/OpenFake,medium,1,0.832877516746521
479bcadec0e113a237bba009a4202b631d142a52a410d4046f667c0c9d7a5886,data/datasets/openfake/additional-900/images/fake/479bcadec0e113a237bba009a4202b631d142a52a410d4046f667c0c9d7a5886.png,ComplexDataLab/OpenFake,medium,1,0.8420609831809998
47f49e3dd3e405af51506f567fc47d08b48e7a0dcca64370080f6800e4d61fda,data/datasets/openfake/additional-900/images/fake/47f49e3dd3e405af51506f567fc47d08b48e7a0dcca64370080f6800e4d61fda.png,ComplexDataLab/OpenFake,low,1,0.02448756992816925
47f9c9b2a8f9989a347dad9ee17719d54657e746e4e05f749af4eeac64398f90,data/datasets/openfake/additional-900/images/real/47f9c9b2a8f9989a347dad9ee17719d54657e746e4e05f749af4eeac64398f90.jpg,ComplexDataLab/OpenFake,medium,0,0.015189805068075657
4803f7e88f7bc9b12d4e1ea8a13ea3c3fe17a8c7a3f4de5cd282be6edc33a503,data/datasets/openfake/additional-900/images/real/4803f7e88f7bc9b12d4e1ea8a13ea3c3fe17a8c7a3f4de5cd282be6edc33a503.jpg,ComplexDataLab/OpenFake,medium,0,0.030737008899450302
48384cc5d7aa2f5dc39dd96e326d283bea6c1e2f525faa4b072800a7efb467e3,data/datasets/openfake/additional-900/images/fake/48384cc5d7aa2f5dc39dd96e326d283bea6c1e2f525faa4b072800a7efb467e3.webp,ComplexDataLab/OpenFake,low,1,0.36975860595703125
486bef56210c32f3dc965e5cb7117ba1afeec61f3908aedf607e7bbfd8d9e9a3,data/datasets/openfake/pilot-600/images/real/486bef56210c32f3dc965e5cb7117ba1afeec61f3908aedf607e7bbfd8d9e9a3.jpg,ComplexDataLab/OpenFake,medium,0,0.014889786019921303
48a67a84d155309de77ee56bc4d2fa7e49bd691ccaffbdc87487f8e04640baf4,data/datasets/openfake/pilot-600/images/fake/48a67a84d155309de77ee56bc4d2fa7e49bd691ccaffbdc87487f8e04640baf4.png,ComplexDataLab/OpenFake,medium,1,0.5172191262245178
48b7a71d356bd71b2d4237c623c0c156fabae96ba03ad473f37b267763b11633,data/datasets/openfake/additional-900/images/fake/48b7a71d356bd71b2d4237c623c0c156fabae96ba03ad473f37b267763b11633.png,ComplexDataLab/OpenFake,medium,1,0.22940851747989655
48baf326ee028b000b92936d8abcf15e84ab89a13b882f5bd4476d923e5ec5ae,data/datasets/openfake/additional-900/images/fake/48baf326ee028b000b92936d8abcf15e84ab89a13b882f5bd4476d923e5ec5ae.png,ComplexDataLab/OpenFake,medium,1,0.9312742948532104
490781fc653df043f7150f564b0b16cb838b3de7d2162bf5e118d805d8da7fea,data/datasets/openfake/pilot-600/images/fake/490781fc653df043f7150f564b0b16cb838b3de7d2162bf5e118d805d8da7fea.png,ComplexDataLab/OpenFake,medium,1,0.9099762439727783
4939e8d6ea3b6d2271b18668401b373c6a991b82b419463cd29f637fdfa2745d,data/datasets/openfake/pilot-600/images/fake/4939e8d6ea3b6d2271b18668401b373c6a991b82b419463cd29f637fdfa2745d.png,ComplexDataLab/OpenFake,medium,1,0.9360785484313965
495f62b411289d1abdf3973c4ce83aa8534d72bd76072f8af75f9f660224aea7,data/datasets/openfake/additional-900/images/fake/495f62b411289d1abdf3973c4ce83aa8534d72bd76072f8af75f9f660224aea7.png,ComplexDataLab/OpenFake,medium,1,0.9908359050750732
496d44cf24c7e64b7780272bab89ea677b5a53cbeefada24d2b0e5e6732a83ee,data/datasets/openfake/additional-900/images/real/496d44cf24c7e64b7780272bab89ea677b5a53cbeefada24d2b0e5e6732a83ee.jpg,ComplexDataLab/OpenFake,medium,0,0.06936018913984299
4973691b125c0d346855d2a769df2405781ecbca495dc428f1162849b22f22a3,data/datasets/openfake/pilot-600/images/real/4973691b125c0d346855d2a769df2405781ecbca495dc428f1162849b22f22a3.jpg,ComplexDataLab/OpenFake,medium,0,0.004307303112000227
49bfa7279c3d32e7a1db762a9aac22cc3ef3378f72e8c39a1db89c4685ca9a79,data/datasets/openfake/pilot-600/images/fake/49bfa7279c3d32e7a1db762a9aac22cc3ef3378f72e8c39a1db89c4685ca9a79.png,ComplexDataLab/OpenFake,medium,1,0.9931017160415649
49eed0dca63365128918a899970661b0e147b64254730d2ed4d85fc5b356093e,data/datasets/openfake/pilot-600/images/fake/49eed0dca63365128918a899970661b0e147b64254730d2ed4d85fc5b356093e.png,ComplexDataLab/OpenFake,medium,1,0.793685793876648
4a10fc14f8d8785dcaed7df86a715d4cdf5782f3ecd0e67da1b0541fc2316cfd,data/datasets/openfake/additional-900/images/real/4a10fc14f8d8785dcaed7df86a715d4cdf5782f3ecd0e67da1b0541fc2316cfd.jpg,ComplexDataLab/OpenFake,medium,0,0.017114201560616493
4ac6ab44e7c934630f7e531f7678a5c91d3bd278b176ec4355ff9826e69e88f4,data/datasets/openfake/pilot-600/images/real/4ac6ab44e7c934630f7e531f7678a5c91d3bd278b176ec4355ff9826e69e88f4.jpg,ComplexDataLab/OpenFake,low,0,0.3586086630821228
4af66822abbdf36f464235867b1451427041363201aedee22d2e123c1d00f205,data/datasets/openfake/pilot-600/images/fake/4af66822abbdf36f464235867b1451427041363201aedee22d2e123c1d00f205.png,ComplexDataLab/OpenFake,medium,1,0.9956951141357422
4b02ca5c117c532f9e4fd0ec487d366aa25999ae7f68e757d4f047ea56d3066d,data/datasets/openfake/additional-900/images/fake/4b02ca5c117c532f9e4fd0ec487d366aa25999ae7f68e757d4f047ea56d3066d.png,ComplexDataLab/OpenFake,low,1,0.9903776049613953
4b463814d4ef9592cc0d7b5dd1932f03529158b872ec8f8e840a11d7ec037bc2,data/datasets/openfake/additional-900/images/fake/4b463814d4ef9592cc0d7b5dd1932f03529158b872ec8f8e840a11d7ec037bc2.png,ComplexDataLab/OpenFake,medium,1,0.8183292746543884
4b57ac10add5de22fe235baef3ba95832a153bc4f667b56bd2a0fdcec825911e,data/datasets/openfake/pilot-600/images/real/4b57ac10add5de22fe235baef3ba95832a153bc4f667b56bd2a0fdcec825911e.jpg,ComplexDataLab/OpenFake,medium,0,0.44397592544555664
4b698946e0e311e3846dae36932f92fb6020fe55a6b5b01b6000472ea791b2e5,data/datasets/openfake/pilot-600/images/fake/4b698946e0e311e3846dae36932f92fb6020fe55a6b5b01b6000472ea791b2e5.png,ComplexDataLab/OpenFake,low,1,0.9711769819259644
4b80df1bd7d0b59e89108c3de34c41b481798b7dab52c83e2ec1def86a8d9bff,data/datasets/openfake/pilot-600/images/fake/4b80df1bd7d0b59e89108c3de34c41b481798b7dab52c83e2ec1def86a8d9bff.png,ComplexDataLab/OpenFake,medium,1,0.6980685591697693
4ba7331b6b838a868b885ea4c6683ea18c2cde380c0bac1cf8028a409e97d23a,data/datasets/openfake/additional-900/images/fake/4ba7331b6b838a868b885ea4c6683ea18c2cde380c0bac1cf8028a409e97d23a.png,ComplexDataLab/OpenFake,medium,1,0.9973968267440796
4bb9dda873026626ee413c4c795f9424fcd56025bbcd61eb6771a6b0a9878156,data/datasets/openfake/additional-900/images/fake/4bb9dda873026626ee413c4c795f9424fcd56025bbcd61eb6771a6b0a9878156.jpg,ComplexDataLab/OpenFake,low,1,0.9379163980484009
4bbc18e9e79c6d0bdb761c547e18341592379e1c696a2fcfab2534cf4097d4c3,data/datasets/openfake/pilot-600/images/fake/4bbc18e9e79c6d0bdb761c547e18341592379e1c696a2fcfab2534cf4097d4c3.png,ComplexDataLab/OpenFake,medium,1,0.9813387393951416
4bd7517bbd0a3d2a71a3cf8b8c85f5c9f9e64b9d2f268f59082bb8e80d653121,data/datasets/openfake/pilot-600/images/real/4bd7517bbd0a3d2a71a3cf8b8c85f5c9f9e64b9d2f268f59082bb8e80d653121.jpg,ComplexDataLab/OpenFake,high,0,0.0011988761834800243
4be03b0f1b6da05197314fe0f47586bf43d6dbec7153038767dde96318e62595,data/datasets/openfake/additional-900/images/fake/4be03b0f1b6da05197314fe0f47586bf43d6dbec7153038767dde96318e62595.png,ComplexDataLab/OpenFake,medium,1,0.7898139357566833
4be0a3e6de13da8bbf735935a6a76f252f0a5f316fb92f720b884575162b192c,data/datasets/openfake/pilot-600/images/fake/4be0a3e6de13da8bbf735935a6a76f252f0a5f316fb92f720b884575162b192c.png,ComplexDataLab/OpenFake,medium,1,0.34911563992500305
4c72a880038c6e9c0a03286284fc669a7696e09ff49fb7e6653c9ad822f7b0b8,data/datasets/openfake/pilot-600/images/real/4c72a880038c6e9c0a03286284fc669a7696e09ff49fb7e6653c9ad822f7b0b8.jpg,ComplexDataLab/OpenFake,medium,0,0.46475666761398315
4c8c368518e267b9f6c62619ae5fbfea9f40572dbe557bec70235be228583cbc,data/datasets/openfake/additional-900/images/real/4c8c368518e267b9f6c62619ae5fbfea9f40572dbe557bec70235be228583cbc.jpg,ComplexDataLab/OpenFake,low,0,0.17271022498607635
4c940ae5a629c93c32344264cec793bc23f3f91d0358be0fc598416b63026507,data/datasets/openfake/additional-900/images/fake/4c940ae5a629c93c32344264cec793bc23f3f91d0358be0fc598416b63026507.png,ComplexDataLab/OpenFake,medium,1,0.7887495756149292
4cafb42cea8bf121d52a162036b42d4863fb6c13b38a42e2e7f74e92ad85f5e4,data/datasets/openfake/pilot-600/images/real/4cafb42cea8bf121d52a162036b42d4863fb6c13b38a42e2e7f74e92ad85f5e4.jpg,ComplexDataLab/OpenFake,low,0,0.030601007863879204
4cb61c62d80e382c47e40c22923366ff0f55fbe746fa36d54561647a72cadc6c,data/datasets/openfake/additional-900/images/real/4cb61c62d80e382c47e40c22923366ff0f55fbe746fa36d54561647a72cadc6c.jpg,ComplexDataLab/OpenFake,medium,0,7.727859156148043e-06
4cc07a988c5437018018c577e02026aa0ec773967aa7b0876f747618c32b4658,data/datasets/openfake/pilot-600/images/real/4cc07a988c5437018018c577e02026aa0ec773967aa7b0876f747618c32b4658.jpg,ComplexDataLab/OpenFake,medium,0,0.021727662533521652
4cd4df40fab1ead22ed12490f6641be1f1d1fad8e2fff1ef40226ad14d19e115,data/datasets/openfake/additional-900/images/real/4cd4df40fab1ead22ed12490f6641be1f1d1fad8e2fff1ef40226ad14d19e115.jpg,ComplexDataLab/OpenFake,medium,0,0.09735243022441864
4cddd5771d5186c2fe45768178a29b86003ab4b5606ec132b7d19bdb8bffe2d7,data/datasets/openfake/additional-900/images/fake/4cddd5771d5186c2fe45768178a29b86003ab4b5606ec132b7d19bdb8bffe2d7.jpg,ComplexDataLab/OpenFake,low,1,0.6224039196968079
4d33d291b4094571623f839d1e6237a493ca78b8e1808386a6779b1401c5ee5e,data/datasets/openfake/additional-900/images/fake/4d33d291b4094571623f839d1e6237a493ca78b8e1808386a6779b1401c5ee5e.png,ComplexDataLab/OpenFake,medium,1,0.7860159277915955
4e2c1acd5c9da45629e22a94157ff0d82fe18116725d29f5adf892bcc43c3304,data/datasets/openfake/pilot-600/images/real/4e2c1acd5c9da45629e22a94157ff0d82fe18116725d29f5adf892bcc43c3304.jpg,ComplexDataLab/OpenFake,medium,0,0.00010405028297100216
4e5e796c28a3b22e3326b42503dbcc52dc2d8a059197ca0ce2d47ee38e3c4090,data/datasets/openfake/pilot-600/images/fake/4e5e796c28a3b22e3326b42503dbcc52dc2d8a059197ca0ce2d47ee38e3c4090.png,ComplexDataLab/OpenFake,medium,1,0.4832485318183899
4e834f6804dae3220488acfd58dea1c87fd39361883d9d19e89a1f4d83471d3e,data/datasets/openfake/additional-900/images/real/4e834f6804dae3220488acfd58dea1c87fd39361883d9d19e89a1f4d83471d3e.jpg,ComplexDataLab/OpenFake,medium,0,0.00024916836991906166
4e9ab0fbf799a985bf1b92557a3219f36e33a5c1d79aadb8808990f04ed7d382,data/datasets/openfake/pilot-600/images/fake/4e9ab0fbf799a985bf1b92557a3219f36e33a5c1d79aadb8808990f04ed7d382.png,ComplexDataLab/OpenFake,medium,1,0.9471312761306763
4eaa42fe3a8cd756b514e972c213ee7f06e7c363d17c4240f8f6743d993c76c7,data/datasets/openfake/additional-900/images/fake/4eaa42fe3a8cd756b514e972c213ee7f06e7c363d17c4240f8f6743d993c76c7.jpg,ComplexDataLab/OpenFake,medium,1,0.9153763651847839
4ee3877a5ed71311aff8a457db513d1ae611ba9d820f5299d448920b6693b07d,data/datasets/openfake/additional-900/images/real/4ee3877a5ed71311aff8a457db513d1ae611ba9d820f5299d448920b6693b07d.jpg,ComplexDataLab/OpenFake,medium,0,0.0007700399728491902
4f1460acc42dd74b522a6c341bcf9318a6f5af5d066d2eb51513ef50564ea992,data/datasets/openfake/pilot-600/images/fake/4f1460acc42dd74b522a6c341bcf9318a6f5af5d066d2eb51513ef50564ea992.png,ComplexDataLab/OpenFake,low,1,0.5017410516738892
4f1e971d79406d5bb22f91226913baeb27403b9e2908092cc606463d356b4229,data/datasets/openfake/additional-900/images/fake/4f1e971d79406d5bb22f91226913baeb27403b9e2908092cc606463d356b4229.png,ComplexDataLab/OpenFake,medium,1,0.9575401544570923
4f23d8869144a535c2834e28d21a141924e80a9de86162d7a4c3400a2a5e8d75,data/datasets/openfake/pilot-600/images/real/4f23d8869144a535c2834e28d21a141924e80a9de86162d7a4c3400a2a5e8d75.jpg,ComplexDataLab/OpenFake,medium,0,0.05507204681634903
4f467d6cae43e08cf690f53f044a6fd357fb26e6c216a7e37dc513d6a001a0e9,data/datasets/openfake/additional-900/images/fake/4f467d6cae43e08cf690f53f044a6fd357fb26e6c216a7e37dc513d6a001a0e9.png,ComplexDataLab/OpenFake,medium,1,0.916869044303894
4f4d77fa08b3bd3046996560aa99fe1c641edbdaf3916079f4d10db696cf1451,data/datasets/openfake/pilot-600/images/fake/4f4d77fa08b3bd3046996560aa99fe1c641edbdaf3916079f4d10db696cf1451.png,ComplexDataLab/OpenFake,low,1,0.999872088432312
4f928cdfcc8e18724628b283d2b19a588df526248e33f4d59e266fd3e811bdc1,data/datasets/openfake/pilot-600/images/fake/4f928cdfcc8e18724628b283d2b19a588df526248e33f4d59e266fd3e811bdc1.png,ComplexDataLab/OpenFake,medium,1,0.9799505472183228
4fad66fae2f320b99c4092f4f5158e6e27a334c8bc6732682e1ad84a5a31d45b,data/datasets/openfake/additional-900/images/fake/4fad66fae2f320b99c4092f4f5158e6e27a334c8bc6732682e1ad84a5a31d45b.png,ComplexDataLab/OpenFake,low,1,0.451728492975235
4fb30a82b184c99194299bc733451e0f1db88c1c7205506532ef002866d56cb2,data/datasets/openfake/additional-900/images/fake/4fb30a82b184c99194299bc733451e0f1db88c1c7205506532ef002866d56cb2.png,ComplexDataLab/OpenFake,medium,1,0.09161047637462616
4fb4d69abc625e5811837d7ecb45b095e7228c72a89ab009e69d9021ab81aa24,data/datasets/openfake/pilot-600/images/fake/4fb4d69abc625e5811837d7ecb45b095e7228c72a89ab009e69d9021ab81aa24.png,ComplexDataLab/OpenFake,medium,1,0.993477463722229
4fe56bbb4fe79682cde0354e1d77d21bd71900ca1eb5c60b1662aeb1922d1767,data/datasets/openfake/additional-900/images/real/4fe56bbb4fe79682cde0354e1d77d21bd71900ca1eb5c60b1662aeb1922d1767.jpg,ComplexDataLab/OpenFake,medium,0,0.40667077898979187
50320b95a2fd247b0ca876c609c3294e470da2e5a80cd657b8c6696cec998016,data/datasets/openfake/pilot-600/images/fake/50320b95a2fd247b0ca876c609c3294e470da2e5a80cd657b8c6696cec998016.png,ComplexDataLab/OpenFake,low,1,0.7302247881889343
508b6657c330e98ea2c05eab15e8aa4b9fff36ef313abf6e8d906e0ee3120c49,data/datasets/openfake/additional-900/images/fake/508b6657c330e98ea2c05eab15e8aa4b9fff36ef313abf6e8d906e0ee3120c49.png,ComplexDataLab/OpenFake,low,1,0.6590017080307007
50988c18326e59169753a7726df7306f449e92fba4989cccedc82e688f97e6fa,data/datasets/openfake/pilot-600/images/fake/50988c18326e59169753a7726df7306f449e92fba4989cccedc82e688f97e6fa.png,ComplexDataLab/OpenFake,low,1,0.10046257823705673
50a034f192d6a573b5b2293b6f8ab1615c83ad5cd10772f9985a41916758e958,data/datasets/openfake/additional-900/images/fake/50a034f192d6a573b5b2293b6f8ab1615c83ad5cd10772f9985a41916758e958.png,ComplexDataLab/OpenFake,low,1,0.9482259750366211
50a1a7e2d04ccdb22c4bc36bde4a80d9b770889bf024bac8585814c846dd1d58,data/datasets/openfake/pilot-600/images/real/50a1a7e2d04ccdb22c4bc36bde4a80d9b770889bf024bac8585814c846dd1d58.jpg,ComplexDataLab/OpenFake,medium,0,0.21681566536426544
50cd4789c22fa8d32d6db2946632af1ef31216b0d010f8a0b9af1bc33bf6f096,data/datasets/openfake/additional-900/images/real/50cd4789c22fa8d32d6db2946632af1ef31216b0d010f8a0b9af1bc33bf6f096.jpg,ComplexDataLab/OpenFake,low,0,0.00014646143245045096
51124bf8da03ecf6ba29e7a6faa6316df4654c2ff21253fbc228aa9c18a51ae1,data/datasets/openfake/additional-900/images/fake/51124bf8da03ecf6ba29e7a6faa6316df4654c2ff21253fbc228aa9c18a51ae1.png,ComplexDataLab/OpenFake,medium,1,0.9836957454681396
518140655b54180bf07d447e944b554feb08752e882071f39021f87484d95165,data/datasets/openfake/pilot-600/images/real/518140655b54180bf07d447e944b554feb08752e882071f39021f87484d95165.jpg,ComplexDataLab/OpenFake,medium,0,0.4609054923057556
518c1f93709f44b66cf5b198884e17019d01917938b77e0c6ea48c0e226efc17,data/datasets/openfake/additional-900/images/fake/518c1f93709f44b66cf5b198884e17019d01917938b77e0c6ea48c0e226efc17.png,ComplexDataLab/OpenFake,low,1,0.9939549565315247
51aff7a224e4bb8f96f3463b69bfd8126f1b4a07a4094ca8dfef59a33a2204ac,data/datasets/openfake/pilot-600/images/fake/51aff7a224e4bb8f96f3463b69bfd8126f1b4a07a4094ca8dfef59a33a2204ac.png,ComplexDataLab/OpenFake,low,1,0.7036128044128418
51bd4d558939415e61f852baaa0ff8630d9d7c2854ab4634ced94807b045166c,data/datasets/openfake/pilot-600/images/real/51bd4d558939415e61f852baaa0ff8630d9d7c2854ab4634ced94807b045166c.jpg,ComplexDataLab/OpenFake,medium,0,0.0006732867914251983
51e127ff27783e703771bdef616cc59317a0171234ff1307d7c0b3a493d39d17,data/datasets/openfake/pilot-600/images/fake/51e127ff27783e703771bdef616cc59317a0171234ff1307d7c0b3a493d39d17.png,ComplexDataLab/OpenFake,low,1,0.09286095947027206
51ef37cde07c65882cbc82e85ccbe844b27a601d844383d5a6754f04222191eb,data/datasets/openfake/pilot-600/images/fake/51ef37cde07c65882cbc82e85ccbe844b27a601d844383d5a6754f04222191eb.png,ComplexDataLab/OpenFake,low,1,0.9977476000785828
51fe05f90ff6d0769e0f78b7fe29857b715059e3acd8d3d74c2403181927bef1,data/datasets/openfake/additional-900/images/real/51fe05f90ff6d0769e0f78b7fe29857b715059e3acd8d3d74c2403181927bef1.jpg,ComplexDataLab/OpenFake,high,0,0.6532922387123108
523a7bfe085df05b414627b2e6596acfa628862fc6925a652cbfce70d99e764a,data/datasets/openfake/additional-900/images/fake/523a7bfe085df05b414627b2e6596acfa628862fc6925a652cbfce70d99e764a.png,ComplexDataLab/OpenFake,medium,1,0.777212917804718
523c8668e8a7053bf1c23bb26f27418e60f5447d5052810ef521d4abd44c0174,data/datasets/openfake/additional-900/images/real/523c8668e8a7053bf1c23bb26f27418e60f5447d5052810ef521d4abd44c0174.jpg,ComplexDataLab/OpenFake,medium,0,0.6719602346420288
5268fc996e656c31b01d65f96f05954584e5ee9ccaa526c47a639968df0a6e40,data/datasets/openfake/pilot-600/images/real/5268fc996e656c31b01d65f96f05954584e5ee9ccaa526c47a639968df0a6e40.jpg,ComplexDataLab/OpenFake,medium,0,0.114085853099823
526ac60fe7c463160267100e6bd9bbef79b833e3a03ed4812c536e4a5f56d38d,data/datasets/openfake/pilot-600/images/fake/526ac60fe7c463160267100e6bd9bbef79b833e3a03ed4812c536e4a5f56d38d.png,ComplexDataLab/OpenFake,medium,1,0.9906055331230164
52974c179cd77ae5cbf40099bd02c04f300de64b85a5ebd2777529e6db9aeac8,data/datasets/openfake/additional-900/images/fake/52974c179cd77ae5cbf40099bd02c04f300de64b85a5ebd2777529e6db9aeac8.png,ComplexDataLab/OpenFake,low,1,0.9964556694030762
529a3a2c3c4f203fb9e0545be478f43255bc784e504e7fe89589439f5ab270af,data/datasets/openfake/additional-900/images/fake/529a3a2c3c4f203fb9e0545be478f43255bc784e504e7fe89589439f5ab270af.png,ComplexDataLab/OpenFake,low,1,0.9507666826248169
529ee0d4242aa24a8725aacef8485cb3d32063f08c659ae050697cad3b72763b,data/datasets/openfake/pilot-600/images/real/529ee0d4242aa24a8725aacef8485cb3d32063f08c659ae050697cad3b72763b.jpg,ComplexDataLab/OpenFake,medium,0,0.022458037361502647
529ee0e68c64a9dcccfd8b89448845884824e7f773ceea0fb614821c7815a262,data/datasets/openfake/additional-900/images/fake/529ee0e68c64a9dcccfd8b89448845884824e7f773ceea0fb614821c7815a262.png,ComplexDataLab/OpenFake,low,1,0.9824077486991882
52e7d3dfd3010bc8ad92834760c443ae58faf8042119c265d11fdd0196109e5c,data/datasets/openfake/pilot-600/images/real/52e7d3dfd3010bc8ad92834760c443ae58faf8042119c265d11fdd0196109e5c.jpg,ComplexDataLab/OpenFake,medium,0,0.00024400587426498532
52fae2b4c4f07411ffeb08e24bffa2c5aff57bf0e7472dc727da7c55f7a3fc57,data/datasets/openfake/pilot-600/images/fake/52fae2b4c4f07411ffeb08e24bffa2c5aff57bf0e7472dc727da7c55f7a3fc57.png,ComplexDataLab/OpenFake,medium,1,0.5782375931739807
53bd451f9936af70981561e90a32736e9cb30bd592e02ed0cb21def6134f7604,data/datasets/openfake/pilot-600/images/fake/53bd451f9936af70981561e90a32736e9cb30bd592e02ed0cb21def6134f7604.png,ComplexDataLab/OpenFake,medium,1,0.8459948301315308
54283907be65bc971df39a7671edfd38acb6eca65a3c2e4bcc7fc2bca78b1d81,data/datasets/openfake/pilot-600/images/real/54283907be65bc971df39a7671edfd38acb6eca65a3c2e4bcc7fc2bca78b1d81.jpg,ComplexDataLab/OpenFake,medium,0,0.34115803241729736
54460b59a59a6db6c401ebe14446b811b9fccde311f4544d05b6428be9a14306,data/datasets/openfake/pilot-600/images/fake/54460b59a59a6db6c401ebe14446b811b9fccde311f4544d05b6428be9a14306.webp,ComplexDataLab/OpenFake,medium,1,0.8717025518417358
5478623763bc92a58ee63a60df702325c86f2537b89803308bffda23af903c33,data/datasets/openfake/additional-900/images/real/5478623763bc92a58ee63a60df702325c86f2537b89803308bffda23af903c33.jpg,ComplexDataLab/OpenFake,medium,0,0.020580703392624855
54829ca0a6de394d2b1c3220e69a9ee6ab9cc47cb5744d61c5199a7801d6a171,data/datasets/openfake/pilot-600/images/fake/54829ca0a6de394d2b1c3220e69a9ee6ab9cc47cb5744d61c5199a7801d6a171.webp,ComplexDataLab/OpenFake,medium,1,0.9080202579498291
5492e2a67dc32dbe282da8b02a1b91163a1599a6027bcdabd70c6a1f579efa25,data/datasets/openfake/additional-900/images/real/5492e2a67dc32dbe282da8b02a1b91163a1599a6027bcdabd70c6a1f579efa25.jpg,ComplexDataLab/OpenFake,medium,0,0.15026143193244934
54bf97a9a271e35cf3ede9973fbf5d49837eade2a5fa6f75752be23a489fb05b,data/datasets/openfake/additional-900/images/real/54bf97a9a271e35cf3ede9973fbf5d49837eade2a5fa6f75752be23a489fb05b.jpg,ComplexDataLab/OpenFake,low,0,0.0031428076326847076
5542a7dba8e3f242d54d2d190dc9c74f9180b3fa0d97486bffaf99729c3da0c5,data/datasets/openfake/pilot-600/images/real/5542a7dba8e3f242d54d2d190dc9c74f9180b3fa0d97486bffaf99729c3da0c5.jpg,ComplexDataLab/OpenFake,medium,0,0.726229190826416
560b112829fa68e9dc1aa1ea8df7792497b8d75da9a6d2fed6665c70c6180d49,data/datasets/openfake/additional-900/images/fake/560b112829fa68e9dc1aa1ea8df7792497b8d75da9a6d2fed6665c70c6180d49.png,ComplexDataLab/OpenFake,medium,1,0.7313525676727295
5620e447d4f0608a4368b548917a10748006292454fdb9104a5046f8c1cf2e38,data/datasets/openfake/additional-900/images/real/5620e447d4f0608a4368b548917a10748006292454fdb9104a5046f8c1cf2e38.jpg,ComplexDataLab/OpenFake,medium,0,0.4641185998916626
5671f93a9489fe8953270ad1bac1f94a3eae6a4d53b99e1d13eca521c2f861a3,data/datasets/openfake/pilot-600/images/real/5671f93a9489fe8953270ad1bac1f94a3eae6a4d53b99e1d13eca521c2f861a3.jpg,ComplexDataLab/OpenFake,medium,0,0.7148033976554871
567795f86b738339082b123c61808d9875326a5c07cf6c5e26d4d651dbb5393b,data/datasets/openfake/pilot-600/images/real/567795f86b738339082b123c61808d9875326a5c07cf6c5e26d4d651dbb5393b.jpg,ComplexDataLab/OpenFake,medium,0,0.00046836314140819013
568f828b4cd5cb434eaf501ba50fd1c834077009feef7796c7fcabf082792a26,data/datasets/openfake/additional-900/images/real/568f828b4cd5cb434eaf501ba50fd1c834077009feef7796c7fcabf082792a26.jpg,ComplexDataLab/OpenFake,medium,0,0.2134188711643219
56ba7b5a4368c18dae9dc8cd4d48f6007521442f62059a5791e7a7f2b581d880,data/datasets/openfake/additional-900/images/fake/56ba7b5a4368c18dae9dc8cd4d48f6007521442f62059a5791e7a7f2b581d880.png,ComplexDataLab/OpenFake,low,1,0.9180800914764404
56c19c0ac399f6e74eeff4b6e2ce73ed3b32c4d09b7206270ded912997cca808,data/datasets/openfake/pilot-600/images/fake/56c19c0ac399f6e74eeff4b6e2ce73ed3b32c4d09b7206270ded912997cca808.png,ComplexDataLab/OpenFake,medium,1,0.94387286901474
56f1d36e4e3ea32d9bf32e67c0df3199e10eeb4d13559636c4b6866abe165990,data/datasets/openfake/additional-900/images/fake/56f1d36e4e3ea32d9bf32e67c0df3199e10eeb4d13559636c4b6866abe165990.png,ComplexDataLab/OpenFake,medium,1,0.2499636560678482
571846ee17bc74fcd0c83f1f91b0785ed574dab464497cbdef89c4211c046bdd,data/datasets/openfake/additional-900/images/real/571846ee17bc74fcd0c83f1f91b0785ed574dab464497cbdef89c4211c046bdd.jpg,ComplexDataLab/OpenFake,medium,0,0.015979263931512833
571fd554df05a7bf1736fcf48d5bd65ca19858c09fa2eedd2f93e7a519ed86e9,data/datasets/openfake/additional-900/images/fake/571fd554df05a7bf1736fcf48d5bd65ca19858c09fa2eedd2f93e7a519ed86e9.png,ComplexDataLab/OpenFake,low,1,0.4332387447357178
5734721aecf77adcfe04917a418dd4cfd64e9457f5fbc73287452bd81dc7eecc,data/datasets/openfake/additional-900/images/fake/5734721aecf77adcfe04917a418dd4cfd64e9457f5fbc73287452bd81dc7eecc.png,ComplexDataLab/OpenFake,low,1,0.525111973285675
5768474a00cf1a635341319a1d5303941d3580b11c7484292c6837a697a2116b,data/datasets/openfake/additional-900/images/real/5768474a00cf1a635341319a1d5303941d3580b11c7484292c6837a697a2116b.jpg,ComplexDataLab/OpenFake,medium,0,0.40863627195358276
5796c29ad2086c48eaed9d64ae7611b403437238aea46b133c2e2390560a4c26,data/datasets/openfake/additional-900/images/fake/5796c29ad2086c48eaed9d64ae7611b403437238aea46b133c2e2390560a4c26.png,ComplexDataLab/OpenFake,medium,1,0.9114186763763428
57b5b701ac4a415dce4cfa6ad892cbfc2d8bc96c3765c03ce46ab0d86a2f74a2,data/datasets/openfake/additional-900/images/fake/57b5b701ac4a415dce4cfa6ad892cbfc2d8bc96c3765c03ce46ab0d86a2f74a2.webp,ComplexDataLab/OpenFake,medium,1,0.8143758773803711
57dff5ed75cc9930c4dae24cb118fc4855f5bc01903687b0f2933356efc6a4ea,data/datasets/openfake/pilot-600/images/real/57dff5ed75cc9930c4dae24cb118fc4855f5bc01903687b0f2933356efc6a4ea.jpg,ComplexDataLab/OpenFake,medium,0,0.044639792293310165
5833fa5393e77433f9a753654f0d3c0894a549a269b2e921703a8ed3320ab3ce,data/datasets/openfake/additional-900/images/real/5833fa5393e77433f9a753654f0d3c0894a549a269b2e921703a8ed3320ab3ce.jpg,ComplexDataLab/OpenFake,medium,0,0.1191553920507431
587598ebb65d9237db80454ba32c6ac757337b0adfa622b38156d49c8eac5613,data/datasets/openfake/pilot-600/images/fake/587598ebb65d9237db80454ba32c6ac757337b0adfa622b38156d49c8eac5613.png,ComplexDataLab/OpenFake,medium,1,0.7855844497680664
58834e2017e4a4e3ef277707c82b29c72a92201ad3123738049b5c0e17c319cc,data/datasets/openfake/pilot-600/images/fake/58834e2017e4a4e3ef277707c82b29c72a92201ad3123738049b5c0e17c319cc.png,ComplexDataLab/OpenFake,medium,1,0.6821056008338928
58ac3c299e89dcbcd173cb979ba44eeae0529a0177a34d4d446889f407ef0462,data/datasets/openfake/additional-900/images/fake/58ac3c299e89dcbcd173cb979ba44eeae0529a0177a34d4d446889f407ef0462.png,ComplexDataLab/OpenFake,medium,1,0.9971043467521667
58ba64f67ca3fd5115e126fb8ccbbd9753f11023e676d967fed325293b91e569,data/datasets/openfake/additional-900/images/fake/58ba64f67ca3fd5115e126fb8ccbbd9753f11023e676d967fed325293b91e569.png,ComplexDataLab/OpenFake,medium,1,0.9639034867286682
58cf0ea9f9c133175c5a63ca770e6491b4e36ca5f4d1b72b85c65554858c470d,data/datasets/openfake/pilot-600/images/real/58cf0ea9f9c133175c5a63ca770e6491b4e36ca5f4d1b72b85c65554858c470d.jpg,ComplexDataLab/OpenFake,low,0,0.7724891304969788
58e70370ea2877cb7d53ff1640547ef5fc5f0e684dd538ecaf4f618b88e8a494,data/datasets/openfake/additional-900/images/real/58e70370ea2877cb7d53ff1640547ef5fc5f0e684dd538ecaf4f618b88e8a494.jpg,ComplexDataLab/OpenFake,medium,0,0.14993995428085327
591cafe2680835faf54837e92c5d8a3e9174c7f41b0d0b7efdeca399724f8809,data/datasets/openfake/additional-900/images/fake/591cafe2680835faf54837e92c5d8a3e9174c7f41b0d0b7efdeca399724f8809.jpg,ComplexDataLab/OpenFake,low,1,0.599076509475708
5939cdb6d71c6ff1aef123149bf7bfa19a9a37d26112d9f9eb8ae3beb9ac7668,data/datasets/openfake/pilot-600/images/fake/5939cdb6d71c6ff1aef123149bf7bfa19a9a37d26112d9f9eb8ae3beb9ac7668.png,ComplexDataLab/OpenFake,medium,1,0.46523886919021606
59776cc07a43ab637ec3f4d9fea796c872c67e7d3f21a4aec619e8b937315312,data/datasets/openfake/additional-900/images/real/59776cc07a43ab637ec3f4d9fea796c872c67e7d3f21a4aec619e8b937315312.jpg,ComplexDataLab/OpenFake,medium,0,0.9318960905075073
59b616692e0d7acad673c41c34977ce1d83d4e82ab366064cce17ee955954a0e,data/datasets/openfake/pilot-600/images/real/59b616692e0d7acad673c41c34977ce1d83d4e82ab366064cce17ee955954a0e.jpg,ComplexDataLab/OpenFake,medium,0,0.6249179244041443
59ea4008fe56dc2e3aa358ae7ab654d294e63ba8c35e68accfcab11f03972846,data/datasets/openfake/pilot-600/images/fake/59ea4008fe56dc2e3aa358ae7ab654d294e63ba8c35e68accfcab11f03972846.png,ComplexDataLab/OpenFake,medium,1,0.12060656398534775
59f351a12e2d48483e06f0dfc3bf1aa0c8a0544c73408e6a51063da92894960b,data/datasets/openfake/additional-900/images/fake/59f351a12e2d48483e06f0dfc3bf1aa0c8a0544c73408e6a51063da92894960b.jpg,ComplexDataLab/OpenFake,medium,1,0.9776091575622559
5a59f322c876ae58314db34e0d0c151f07b4ff1fae4227afc2e2cd5403d65b27,data/datasets/openfake/pilot-600/images/real/5a59f322c876ae58314db34e0d0c151f07b4ff1fae4227afc2e2cd5403d65b27.jpg,ComplexDataLab/OpenFake,medium,0,0.11375491321086884
5a7ea67f2ef925d6f3be883ca0e101d777570089fc333ef822c87ee1983b9863,data/datasets/openfake/additional-900/images/real/5a7ea67f2ef925d6f3be883ca0e101d777570089fc333ef822c87ee1983b9863.jpg,ComplexDataLab/OpenFake,medium,0,0.177717387676239
5a80b6aa144308674bda1f1bb261274ae9118013c4b44b4a98ea22ea5d134efa,data/datasets/openfake/pilot-600/images/real/5a80b6aa144308674bda1f1bb261274ae9118013c4b44b4a98ea22ea5d134efa.jpg,ComplexDataLab/OpenFake,medium,0,0.012899970635771751
5a8efcb8af621c654e459ab6d0db6889c5c8238e4718359334788b9fda8978ac,data/datasets/openfake/additional-900/images/fake/5a8efcb8af621c654e459ab6d0db6889c5c8238e4718359334788b9fda8978ac.png,ComplexDataLab/OpenFake,medium,1,0.7226734161376953
5ab45ff0b0c8954bfef48f86ff22c300928fae3e98a7976f04c144e3e31f2c2e,data/datasets/openfake/additional-900/images/fake/5ab45ff0b0c8954bfef48f86ff22c300928fae3e98a7976f04c144e3e31f2c2e.png,ComplexDataLab/OpenFake,medium,1,0.990486204624176
5af84c4fc8b90735983559e81187e944f0e2288c06b2b34e1037a4c7a4562773,data/datasets/openfake/additional-900/images/fake/5af84c4fc8b90735983559e81187e944f0e2288c06b2b34e1037a4c7a4562773.png,ComplexDataLab/OpenFake,medium,1,0.999421238899231
5b636773049aa592846f5ef93c12af0e25c95a3bede4582f17143a297f47f131,data/datasets/openfake/pilot-600/images/fake/5b636773049aa592846f5ef93c12af0e25c95a3bede4582f17143a297f47f131.png,ComplexDataLab/OpenFake,medium,1,0.8988506197929382
5b680f3263de0ca8c31279539e183bf5e4b4a01bf53a624f943bbb443bd9932b,data/datasets/openfake/additional-900/images/fake/5b680f3263de0ca8c31279539e183bf5e4b4a01bf53a624f943bbb443bd9932b.png,ComplexDataLab/OpenFake,low,1,0.9980358481407166
5b75695d3e9d041c42c49cdfed94c8e9698fb8d2931e81aa59498f9758cc663d,data/datasets/openfake/pilot-600/images/real/5b75695d3e9d041c42c49cdfed94c8e9698fb8d2931e81aa59498f9758cc663d.jpg,ComplexDataLab/OpenFake,medium,0,0.47028544545173645
5b99433135dc96fedfaaefa6a9eb2f10c62cfe86c2237cebe6333d887c894b3c,data/datasets/openfake/additional-900/images/real/5b99433135dc96fedfaaefa6a9eb2f10c62cfe86c2237cebe6333d887c894b3c.jpg,ComplexDataLab/OpenFake,medium,0,0.3106710612773895
5bbd8d2bcb966f7aad8aa4d5cdbd5c257f964680977bc98836917c72a1057afa,data/datasets/openfake/additional-900/images/real/5bbd8d2bcb966f7aad8aa4d5cdbd5c257f964680977bc98836917c72a1057afa.jpg,ComplexDataLab/OpenFake,low,0,0.954889178276062
5bcdc1ac3ebf28593953e04e97b957f9765ca4d1830094d8bbf17c9feedf17ab,data/datasets/openfake/additional-900/images/fake/5bcdc1ac3ebf28593953e04e97b957f9765ca4d1830094d8bbf17c9feedf17ab.webp,ComplexDataLab/OpenFake,medium,1,0.9711403250694275
5bde657732339cedd39d140d0664404213cfbcdedf1a2081374bab304456f2e6,data/datasets/openfake/additional-900/images/fake/5bde657732339cedd39d140d0664404213cfbcdedf1a2081374bab304456f2e6.png,ComplexDataLab/OpenFake,low,1,0.9787624478340149
5be9d51f0c67dba26b83a6992a8880cc67836be24f3fafd7c2f4d7d9f16e8358,data/datasets/openfake/pilot-600/images/fake/5be9d51f0c67dba26b83a6992a8880cc67836be24f3fafd7c2f4d7d9f16e8358.png,ComplexDataLab/OpenFake,low,1,0.9326017498970032
5c34d9c22b066c9acca77513b6004be70181997cd57650df09840adb7cf80208,data/datasets/openfake/additional-900/images/real/5c34d9c22b066c9acca77513b6004be70181997cd57650df09840adb7cf80208.jpg,ComplexDataLab/OpenFake,low,0,0.6041174530982971
5c9e668642cc880f400506fa10510136ef1334bd6b6a9a2320eec4c7ca240c48,data/datasets/openfake/additional-900/images/real/5c9e668642cc880f400506fa10510136ef1334bd6b6a9a2320eec4c7ca240c48.jpg,ComplexDataLab/OpenFake,medium,0,0.12015362083911896
5ca94d8f9a88b2d264ad08098bb49a19bca654b3338ab1d8a3de90560113cc10,data/datasets/openfake/additional-900/images/fake/5ca94d8f9a88b2d264ad08098bb49a19bca654b3338ab1d8a3de90560113cc10.png,ComplexDataLab/OpenFake,medium,1,0.9606860876083374
5cc59a22aeae5af40aed5398dbbc3b014236c8fc9b548b8ef603849824db1282,data/datasets/openfake/additional-900/images/fake/5cc59a22aeae5af40aed5398dbbc3b014236c8fc9b548b8ef603849824db1282.png,ComplexDataLab/OpenFake,low,1,0.9954226613044739
5ce07ba3c15f803ed9b856e36377f8b4a45f413180519cfa8def8d891f482e01,data/datasets/openfake/additional-900/images/fake/5ce07ba3c15f803ed9b856e36377f8b4a45f413180519cfa8def8d891f482e01.png,ComplexDataLab/OpenFake,low,1,0.8399520516395569
5d56b1e9792895d70c9a33974af2c11f9d8ab5a2f54aeea14ff44461a55f70f0,data/datasets/openfake/additional-900/images/real/5d56b1e9792895d70c9a33974af2c11f9d8ab5a2f54aeea14ff44461a55f70f0.jpg,ComplexDataLab/OpenFake,medium,0,0.05885634943842888
5d59a6691655e94ed2613e1c2e8b0dbeb8684c54c63a86c31c87cb25949072d8,data/datasets/openfake/additional-900/images/fake/5d59a6691655e94ed2613e1c2e8b0dbeb8684c54c63a86c31c87cb25949072d8.png,ComplexDataLab/OpenFake,low,1,0.9894815683364868
5d6476bcf232392a62e824ddd2ac3a1cc32cae40c2b8ab004150e3479fdd1afc,data/datasets/openfake/additional-900/images/real/5d6476bcf232392a62e824ddd2ac3a1cc32cae40c2b8ab004150e3479fdd1afc.jpg,ComplexDataLab/OpenFake,medium,0,0.6387877464294434
5d6bc3b8e9b39d065b34b4f6bbb3214c1367577b4cb1b57bba33a78dc323ed50,data/datasets/openfake/additional-900/images/real/5d6bc3b8e9b39d065b34b4f6bbb3214c1367577b4cb1b57bba33a78dc323ed50.jpg,ComplexDataLab/OpenFake,low,0,0.0003282148391008377
5d6beaa1c22e1cf92c8835233a9f7fc91184f3d334d8bac4af479642690a7d05,data/datasets/openfake/pilot-600/images/fake/5d6beaa1c22e1cf92c8835233a9f7fc91184f3d334d8bac4af479642690a7d05.png,ComplexDataLab/OpenFake,medium,1,0.9146499037742615
5d85226dd0f511f035feb81877cfe6c1671bb1fcb851485cac2a781be68e1d18,data/datasets/openfake/additional-900/images/real/5d85226dd0f511f035feb81877cfe6c1671bb1fcb851485cac2a781be68e1d18.jpg,ComplexDataLab/OpenFake,medium,0,0.0009874127572402358
5d85b69c4e49d5e0b419964a085891c8bba13ca22a0b33f878284c64a89af1b6,data/datasets/openfake/additional-900/images/fake/5d85b69c4e49d5e0b419964a085891c8bba13ca22a0b33f878284c64a89af1b6.jpg,ComplexDataLab/OpenFake,medium,1,0.4012375473976135
5da7a9b78c18d8ea0567a2118847e4f3a77a337bab9e779d5e9d49e3fc51612b,data/datasets/openfake/pilot-600/images/fake/5da7a9b78c18d8ea0567a2118847e4f3a77a337bab9e779d5e9d49e3fc51612b.png,ComplexDataLab/OpenFake,low,1,0.7821885943412781
5dbc805ca4396d8c35d3b15ea2c50285919318ed5f780ca1b06af8d50a8384c0,data/datasets/openfake/pilot-600/images/fake/5dbc805ca4396d8c35d3b15ea2c50285919318ed5f780ca1b06af8d50a8384c0.png,ComplexDataLab/OpenFake,medium,1,0.9779510498046875
5e40b7f3bebcd0cffcf5683cdb3cdaef30a88ea9203f2d8a8e87ad4a4ac077c9,data/datasets/openfake/additional-900/images/fake/5e40b7f3bebcd0cffcf5683cdb3cdaef30a88ea9203f2d8a8e87ad4a4ac077c9.png,ComplexDataLab/OpenFake,medium,1,0.8823128342628479
5e4a143614b9dc517453aa94f1189a8173d17f61454c78c9fdb4f368cc3ca1bf,data/datasets/openfake/pilot-600/images/fake/5e4a143614b9dc517453aa94f1189a8173d17f61454c78c9fdb4f368cc3ca1bf.png,ComplexDataLab/OpenFake,low,1,0.983738899230957
5ec7507706c214806876fcb48a0655335ec1bfce83b9706e11742a8af596a761,data/datasets/openfake/pilot-600/images/fake/5ec7507706c214806876fcb48a0655335ec1bfce83b9706e11742a8af596a761.png,ComplexDataLab/OpenFake,medium,1,0.9162282347679138
5f068e29623548de237844d57e4432059b21f556049147b3aa258c68778b6393,data/datasets/openfake/pilot-600/images/fake/5f068e29623548de237844d57e4432059b21f556049147b3aa258c68778b6393.png,ComplexDataLab/OpenFake,low,1,0.9717881083488464
5f8a4a4fa9957c5775f538f6d083bc8bd5d8862245a0f80fdd1f9326b643a8ce,data/datasets/openfake/additional-900/images/fake/5f8a4a4fa9957c5775f538f6d083bc8bd5d8862245a0f80fdd1f9326b643a8ce.png,ComplexDataLab/OpenFake,low,1,0.9732632040977478
5f9e5f4d099b8094dc3f72206c0e9f3b57890c0967c7fb1d7f467616c1d8c65e,data/datasets/openfake/additional-900/images/fake/5f9e5f4d099b8094dc3f72206c0e9f3b57890c0967c7fb1d7f467616c1d8c65e.png,ComplexDataLab/OpenFake,medium,1,0.9875829815864563
5fb33107ac59bef1fcf69c1f95e57db4e0863ac5c36139d66fdc1ae0a383d449,data/datasets/openfake/pilot-600/images/fake/5fb33107ac59bef1fcf69c1f95e57db4e0863ac5c36139d66fdc1ae0a383d449.png,ComplexDataLab/OpenFake,medium,1,0.4952729046344757
5ffe84e981ebf00a0b37d71b73de542dcd33828f3b10ba45360ac4456a5f0100,data/datasets/openfake/pilot-600/images/real/5ffe84e981ebf00a0b37d71b73de542dcd33828f3b10ba45360ac4456a5f0100.jpg,ComplexDataLab/OpenFake,low,0,0.016196494922041893
603dd1302b2fb5cf5a47499e1bcb0ff47de5646afca2f758c81e0acd653e01c5,data/datasets/openfake/additional-900/images/real/603dd1302b2fb5cf5a47499e1bcb0ff47de5646afca2f758c81e0acd653e01c5.jpg,ComplexDataLab/OpenFake,medium,0,0.25657108426094055
6061a5bb09b6ac0fc23a505ae7f3136daabc91cef988954a9a4d3abe73373995,data/datasets/openfake/additional-900/images/real/6061a5bb09b6ac0fc23a505ae7f3136daabc91cef988954a9a4d3abe73373995.jpg,ComplexDataLab/OpenFake,medium,0,0.003974404186010361
60634c9a29034a59bb6e943ac372c396e222af38120c8f2d71b83c720165a834,data/datasets/openfake/pilot-600/images/real/60634c9a29034a59bb6e943ac372c396e222af38120c8f2d71b83c720165a834.jpg,ComplexDataLab/OpenFake,medium,0,0.9127486944198608
61247ee55e4488a5d0addd7258703161e593fafae19fb971e0b7bc5715bff317,data/datasets/openfake/pilot-600/images/fake/61247ee55e4488a5d0addd7258703161e593fafae19fb971e0b7bc5715bff317.png,ComplexDataLab/OpenFake,medium,1,0.9971939325332642
612aa162b72a7896cb41c6cda8313a9ae45dbcb5a22135ab9addcaa979f5e6a6,data/datasets/openfake/pilot-600/images/fake/612aa162b72a7896cb41c6cda8313a9ae45dbcb5a22135ab9addcaa979f5e6a6.png,ComplexDataLab/OpenFake,medium,1,0.9619325399398804
614409660d7bc480a716ba5548b6514c7a9db5ffdd7e938e34dea6e007ff32cd,data/datasets/openfake/pilot-600/images/real/614409660d7bc480a716ba5548b6514c7a9db5ffdd7e938e34dea6e007ff32cd.jpg,ComplexDataLab/OpenFake,medium,0,0.5222145318984985
61505a6e89778e40bb1e6828f5fa9a2545b8406ca97fbf3e45e0b4c68f720b23,data/datasets/openfake/pilot-600/images/real/61505a6e89778e40bb1e6828f5fa9a2545b8406ca97fbf3e45e0b4c68f720b23.jpg,ComplexDataLab/OpenFake,medium,0,0.461137980222702
61d4ab018d80da20aff78137a9d4987c27fb9792d6c14d53fe9ec8778715051f,data/datasets/openfake/pilot-600/images/fake/61d4ab018d80da20aff78137a9d4987c27fb9792d6c14d53fe9ec8778715051f.png,ComplexDataLab/OpenFake,medium,1,0.9227657914161682
61f909b06febecc48f4fe174c45f462125dc383bb777051fcf03639d4e9f7ac7,data/datasets/openfake/pilot-600/images/fake/61f909b06febecc48f4fe174c45f462125dc383bb777051fcf03639d4e9f7ac7.png,ComplexDataLab/OpenFake,high,1,0.9773774743080139
62124b13e24ef0ddbafa7b0f65ecac525333daa5b0ebe4f6f2d13897e633c47e,data/datasets/openfake/pilot-600/images/fake/62124b13e24ef0ddbafa7b0f65ecac525333daa5b0ebe4f6f2d13897e633c47e.png,ComplexDataLab/OpenFake,medium,1,0.9932447075843811
6240e55e9e4e580691a1c593729c39303aa984e723dc3ee7d2cb11b599ea5dc4,data/datasets/openfake/additional-900/images/fake/6240e55e9e4e580691a1c593729c39303aa984e723dc3ee7d2cb11b599ea5dc4.png,ComplexDataLab/OpenFake,medium,1,0.9892471432685852
62d34db299932bcc9cd3ac5aff116698e579e9468d711f5e2ba044b70d4577e1,data/datasets/openfake/pilot-600/images/fake/62d34db299932bcc9cd3ac5aff116698e579e9468d711f5e2ba044b70d4577e1.png,ComplexDataLab/OpenFake,low,1,0.8931302428245544
62f6354648b188669ebabba50eb48c70fac940910db0c3db86ea32d61e7eb978,data/datasets/openfake/additional-900/images/fake/62f6354648b188669ebabba50eb48c70fac940910db0c3db86ea32d61e7eb978.png,ComplexDataLab/OpenFake,low,1,0.8580120801925659
6365d1822f2cba2cb9c8b2b1123aa42fd64cdd3c553ac87a2cab94cbb51b6470,data/datasets/openfake/additional-900/images/fake/6365d1822f2cba2cb9c8b2b1123aa42fd64cdd3c553ac87a2cab94cbb51b6470.png,ComplexDataLab/OpenFake,medium,1,0.8064250946044922
637e651b042584eb87d4b61bd7104b194b5c52d7e3684d34197e95b73cda54cf,data/datasets/openfake/additional-900/images/real/637e651b042584eb87d4b61bd7104b194b5c52d7e3684d34197e95b73cda54cf.jpg,ComplexDataLab/OpenFake,low,0,0.22801059484481812
63e1abeeacdff9bb27a7246ca0d46680094b71ef2d3c810b83483d90b81ba421,data/datasets/openfake/pilot-600/images/fake/63e1abeeacdff9bb27a7246ca0d46680094b71ef2d3c810b83483d90b81ba421.png,ComplexDataLab/OpenFake,medium,1,0.6585785150527954
644cb1e4bdf5e2b796cc40679a4540f428622b55c31dd4a30b706eab3a0bfa27,data/datasets/openfake/additional-900/images/real/644cb1e4bdf5e2b796cc40679a4540f428622b55c31dd4a30b706eab3a0bfa27.jpg,ComplexDataLab/OpenFake,medium,0,0.00754837691783905
64543249e02f16b04ca96069bc481af9a8b71f5fa7fa270f6581eff9581014a9,data/datasets/openfake/additional-900/images/real/64543249e02f16b04ca96069bc481af9a8b71f5fa7fa270f6581eff9581014a9.jpg,ComplexDataLab/OpenFake,low,0,0.014247230254113674
64c1e49318dbd47326d32114af2fd3a8c145a06cf18ce67a763027e17239db4e,data/datasets/openfake/additional-900/images/real/64c1e49318dbd47326d32114af2fd3a8c145a06cf18ce67a763027e17239db4e.jpg,ComplexDataLab/OpenFake,medium,0,0.00010701044811867177
64d72d545eb2792a0ef1ef8c54ecbcd1f088d124a8eeb7e1fadc10978118eca4,data/datasets/openfake/pilot-600/images/real/64d72d545eb2792a0ef1ef8c54ecbcd1f088d124a8eeb7e1fadc10978118eca4.jpg,ComplexDataLab/OpenFake,medium,0,0.020345265045762062
655179587453dbf9a4f3b7bd1772a599fa9727354a420be67b41b72790cab024,data/datasets/openfake/additional-900/images/real/655179587453dbf9a4f3b7bd1772a599fa9727354a420be67b41b72790cab024.jpg,ComplexDataLab/OpenFake,medium,0,0.02852700650691986
65aec9aa0fa6f174f645b5f3cb80d651b1f323e862175b92f3efb564c00a4764,data/datasets/openfake/additional-900/images/real/65aec9aa0fa6f174f645b5f3cb80d651b1f323e862175b92f3efb564c00a4764.jpg,ComplexDataLab/OpenFake,medium,0,0.8985382914543152
65b4bc7009465d98a62eebac022758cbb0e459618c64ad52b0e37efebb10f877,data/datasets/openfake/additional-900/images/fake/65b4bc7009465d98a62eebac022758cbb0e459618c64ad52b0e37efebb10f877.png,ComplexDataLab/OpenFake,medium,1,0.8713095188140869
65c12e6f65cba368dcecfc2a931c42980ade56a7018555ca9e1a3561be5cac6c,data/datasets/openfake/additional-900/images/real/65c12e6f65cba368dcecfc2a931c42980ade56a7018555ca9e1a3561be5cac6c.jpg,ComplexDataLab/OpenFake,medium,0,0.40049314498901367
661465c0051cc2a32b7e0308728f2680b4bac2bc745cebc9ba670262d26d9684,data/datasets/openfake/additional-900/images/fake/661465c0051cc2a32b7e0308728f2680b4bac2bc745cebc9ba670262d26d9684.png,ComplexDataLab/OpenFake,low,1,0.979901909828186
661d168ccaf6ba46979ec6d2f28d667a56b700f0ca434210cb5eeee11e94723e,data/datasets/openfake/additional-900/images/fake/661d168ccaf6ba46979ec6d2f28d667a56b700f0ca434210cb5eeee11e94723e.png,ComplexDataLab/OpenFake,low,1,0.7964344024658203
6640cfd285f46c44334c6956c11d0fc9d84d0606c10e6f014d678eb386d34f16,data/datasets/openfake/pilot-600/images/fake/6640cfd285f46c44334c6956c11d0fc9d84d0606c10e6f014d678eb386d34f16.png,ComplexDataLab/OpenFake,medium,1,0.7220524549484253
66784fcab41816cbe9a87974b6f0a3f7cbea10ef5797201144498f03bd1acb93,data/datasets/openfake/additional-900/images/fake/66784fcab41816cbe9a87974b6f0a3f7cbea10ef5797201144498f03bd1acb93.png,ComplexDataLab/OpenFake,medium,1,0.6957513689994812
6684783d39370cad62e35792b5b8501a22969d42224f9803a88e849ece0969fc,data/datasets/openfake/pilot-600/images/real/6684783d39370cad62e35792b5b8501a22969d42224f9803a88e849ece0969fc.jpg,ComplexDataLab/OpenFake,medium,0,0.17314857244491577
6686802ad82bdcfe8836fcbf97be5304612ca655919f5bf4fec51ce98c8193c0,data/datasets/openfake/pilot-600/images/fake/6686802ad82bdcfe8836fcbf97be5304612ca655919f5bf4fec51ce98c8193c0.png,ComplexDataLab/OpenFake,medium,1,0.9785112738609314
6688f2e87b7938130440b335d728330bd18901634606a831d07306ce6c11a7ca,data/datasets/openfake/additional-900/images/real/6688f2e87b7938130440b335d728330bd18901634606a831d07306ce6c11a7ca.jpg,ComplexDataLab/OpenFake,medium,0,0.07950369268655777
66cdce476b5de3679465c6e8b9f6435f41e9cbc5a01d6ea5fb0e034d3eb4776b,data/datasets/openfake/additional-900/images/real/66cdce476b5de3679465c6e8b9f6435f41e9cbc5a01d6ea5fb0e034d3eb4776b.jpg,ComplexDataLab/OpenFake,medium,0,0.2984626591205597
66ebf6d15a78cfa7574b15fbaf9098911e684929eb06f95692d39ef2138c9b5c,data/datasets/openfake/additional-900/images/real/66ebf6d15a78cfa7574b15fbaf9098911e684929eb06f95692d39ef2138c9b5c.jpg,ComplexDataLab/OpenFake,low,0,0.9669732451438904
673a6e5cd26212a92e80c3e6b718005138ccb6f731bc10f1e00d7cd26410ce91,data/datasets/openfake/pilot-600/images/real/673a6e5cd26212a92e80c3e6b718005138ccb6f731bc10f1e00d7cd26410ce91.jpg,ComplexDataLab/OpenFake,low,0,6.51496957289055e-05
6768aaecbdbb990bcf9544f30e0b066769d630ef6e1242621762520c3eefafc8,data/datasets/openfake/pilot-600/images/fake/6768aaecbdbb990bcf9544f30e0b066769d630ef6e1242621762520c3eefafc8.jpg,ComplexDataLab/OpenFake,medium,1,0.847773015499115
679edc2def87f6cdcada973bb75f79a9e07a4d3e11067c183308ee9dbdc453bc,data/datasets/openfake/pilot-600/images/fake/679edc2def87f6cdcada973bb75f79a9e07a4d3e11067c183308ee9dbdc453bc.png,ComplexDataLab/OpenFake,medium,1,0.9561832547187805
67bcae7cb7b01d98d49c5163eab96fa873c8ef30e7c0b3e509a0fb6f8c39dd90,data/datasets/openfake/pilot-600/images/fake/67bcae7cb7b01d98d49c5163eab96fa873c8ef30e7c0b3e509a0fb6f8c39dd90.png,ComplexDataLab/OpenFake,high,1,0.9969586133956909
682718cebfe6e5533c3c32edda72d32bd2714930b5cf38c05fa5477592b833d7,data/datasets/openfake/additional-900/images/fake/682718cebfe6e5533c3c32edda72d32bd2714930b5cf38c05fa5477592b833d7.png,ComplexDataLab/OpenFake,medium,1,0.9710564613342285
68310eebd324d08d87dc199636a5b118312dc7d086696d0cc88a243a033bf437,data/datasets/openfake/additional-900/images/real/68310eebd324d08d87dc199636a5b118312dc7d086696d0cc88a243a033bf437.png,ComplexDataLab/OpenFake,low,0,0.8965715765953064
68744dbcca42c640f20fca1d3e209eea8516e8796f6b1506f1107a3e745b3867,data/datasets/openfake/additional-900/images/real/68744dbcca42c640f20fca1d3e209eea8516e8796f6b1506f1107a3e745b3867.jpg,ComplexDataLab/OpenFake,low,0,0.03231228142976761
68a3d31d164fc543cea2978b63173f0a26d29e9deb5749f138aeb4c15f8c25eb,data/datasets/openfake/pilot-600/images/real/68a3d31d164fc543cea2978b63173f0a26d29e9deb5749f138aeb4c15f8c25eb.jpg,ComplexDataLab/OpenFake,medium,0,0.0013748635537922382
68a81f61491f9612bd71c160b1625648045423e05b1efe53da14472a1931bc05,data/datasets/openfake/additional-900/images/real/68a81f61491f9612bd71c160b1625648045423e05b1efe53da14472a1931bc05.jpg,ComplexDataLab/OpenFake,medium,0,0.08831015974283218
693a20425091c33eb3d9aa7f59c534700dd686af26257509a27e473b620eb3e4,data/datasets/openfake/pilot-600/images/real/693a20425091c33eb3d9aa7f59c534700dd686af26257509a27e473b620eb3e4.jpg,ComplexDataLab/OpenFake,high,0,0.5875377655029297
69c641c9511ac4273bae9542588a910deded38aca885f41b00b51305d1e08cb7,data/datasets/openfake/pilot-600/images/fake/69c641c9511ac4273bae9542588a910deded38aca885f41b00b51305d1e08cb7.png,ComplexDataLab/OpenFake,medium,1,0.9516782760620117
69e079abad5f5170d7d23c699b174ab94212190dcb0d6d01e99403923520d3e3,data/datasets/openfake/additional-900/images/fake/69e079abad5f5170d7d23c699b174ab94212190dcb0d6d01e99403923520d3e3.png,ComplexDataLab/OpenFake,low,1,0.800220787525177
6a1447dd0b7267baa02f9f397f73de891cff8dfe44a1fae17356c9056d5c935d,data/datasets/openfake/additional-900/images/real/6a1447dd0b7267baa02f9f397f73de891cff8dfe44a1fae17356c9056d5c935d.jpg,ComplexDataLab/OpenFake,low,0,0.951661229133606
6a38965d7ba54be6ed4be5b544918a37280a7469e4b87b75f1ebe6d554d9ffda,data/datasets/openfake/additional-900/images/real/6a38965d7ba54be6ed4be5b544918a37280a7469e4b87b75f1ebe6d554d9ffda.jpg,ComplexDataLab/OpenFake,medium,0,0.00598694896325469
6a60e18fca7f61f3043640451826a74cf3d838591fc8b1e8f16e0c018dc629ef,data/datasets/openfake/additional-900/images/fake/6a60e18fca7f61f3043640451826a74cf3d838591fc8b1e8f16e0c018dc629ef.png,ComplexDataLab/OpenFake,medium,1,0.4533096253871918
6b020f3bb6915f4dc9a2be68a4160df0c247a2a742643ce6ba616882b27eae35,data/datasets/openfake/additional-900/images/real/6b020f3bb6915f4dc9a2be68a4160df0c247a2a742643ce6ba616882b27eae35.jpg,ComplexDataLab/OpenFake,low,0,0.04717130959033966
6b14c74f3bd6103ead4041936eabb638aec06ce7a167c63d69ce462bb8a45bac,data/datasets/openfake/additional-900/images/real/6b14c74f3bd6103ead4041936eabb638aec06ce7a167c63d69ce462bb8a45bac.jpg,ComplexDataLab/OpenFake,medium,0,0.09076067805290222
6b1a6da6ffa5d74df6ff0534735cd7c8fc584ed989ae0370ff9824fa2e27acb8,data/datasets/openfake/additional-900/images/fake/6b1a6da6ffa5d74df6ff0534735cd7c8fc584ed989ae0370ff9824fa2e27acb8.png,ComplexDataLab/OpenFake,medium,1,0.8699100613594055
6b8bacc9f94d462909208ca6cf017a8bceefaf5430341d7281b3d04aa3948bc2,data/datasets/openfake/additional-900/images/fake/6b8bacc9f94d462909208ca6cf017a8bceefaf5430341d7281b3d04aa3948bc2.jpg,ComplexDataLab/OpenFake,low,1,0.8732094764709473
6b93fd69341ce012a80c23320f635341df277026130a4323ef7b1a4b54b2a241,data/datasets/openfake/pilot-600/images/real/6b93fd69341ce012a80c23320f635341df277026130a4323ef7b1a4b54b2a241.jpg,ComplexDataLab/OpenFake,medium,0,0.06465157121419907
6ba601f562c0167929f36be1969e771119bdd80d6bd786616a52306da167ee87,data/datasets/openfake/additional-900/images/fake/6ba601f562c0167929f36be1969e771119bdd80d6bd786616a52306da167ee87.jpg,ComplexDataLab/OpenFake,medium,1,0.9381952285766602
6c1aa3919335fa9bbfcbe8366a2e716f31b726f6bb9115c5dd43d6396b271984,data/datasets/openfake/additional-900/images/real/6c1aa3919335fa9bbfcbe8366a2e716f31b726f6bb9115c5dd43d6396b271984.jpg,ComplexDataLab/OpenFake,medium,0,0.10917584598064423
6c214f9227f769046bb878374ab6f349dd3c4d336a519d0a0b97988beb67422e,data/datasets/openfake/pilot-600/images/fake/6c214f9227f769046bb878374ab6f349dd3c4d336a519d0a0b97988beb67422e.png,ComplexDataLab/OpenFake,medium,1,0.9915221929550171
6cb4850112a0aff78a8d8ddb5eed2e4a90ff6477a4b99792bebef518295f0e02,data/datasets/openfake/additional-900/images/real/6cb4850112a0aff78a8d8ddb5eed2e4a90ff6477a4b99792bebef518295f0e02.jpg,ComplexDataLab/OpenFake,low,0,0.7935730218887329
6cbf056d63b08ec45e64ba7bdfe787d9340586fb91a0a2c12299d7b416009e90,data/datasets/openfake/additional-900/images/real/6cbf056d63b08ec45e64ba7bdfe787d9340586fb91a0a2c12299d7b416009e90.jpg,ComplexDataLab/OpenFake,medium,0,0.011033080518245697
6d3f50e988c6f57b936f67737f72fcbafc1f74973178ba11f5a8573cc3b628e0,data/datasets/openfake/pilot-600/images/real/6d3f50e988c6f57b936f67737f72fcbafc1f74973178ba11f5a8573cc3b628e0.jpg,ComplexDataLab/OpenFake,low,0,0.8433245420455933
6d490936989a28fff2930ebc5ea5f8ff2bb02a8c0c61fff1e591037a01f6cb8c,data/datasets/openfake/pilot-600/images/real/6d490936989a28fff2930ebc5ea5f8ff2bb02a8c0c61fff1e591037a01f6cb8c.jpg,ComplexDataLab/OpenFake,medium,0,0.1992965191602707
6db0b19851b9689afb94cf854593614471a82ddd6b781a89d2b391a6c9be3d7a,data/datasets/openfake/pilot-600/images/fake/6db0b19851b9689afb94cf854593614471a82ddd6b781a89d2b391a6c9be3d7a.jpg,ComplexDataLab/OpenFake,low,1,0.704785168170929
6dd977ad5e664d3eeee021fa2e5daa9ff5cd24df75dcf709c66633194c70df48,data/datasets/openfake/additional-900/images/real/6dd977ad5e664d3eeee021fa2e5daa9ff5cd24df75dcf709c66633194c70df48.jpg,ComplexDataLab/OpenFake,medium,0,0.2553609311580658
6dee5a0541187e17e1b2c80edac69c9deb3da97c1b7e1e7a44d089a9a8498491,data/datasets/openfake/additional-900/images/fake/6dee5a0541187e17e1b2c80edac69c9deb3da97c1b7e1e7a44d089a9a8498491.png,ComplexDataLab/OpenFake,medium,1,0.966405987739563
6e12a0b8df430ef97a2ba87be70490e13adcd0aeb114a2355068e1629bef1d7a,data/datasets/openfake/additional-900/images/fake/6e12a0b8df430ef97a2ba87be70490e13adcd0aeb114a2355068e1629bef1d7a.png,ComplexDataLab/OpenFake,low,1,0.22228285670280457
6e329c7f99c629d0b4d86effd47782aa9f1f2d9a554650050f4f8c968a4217e6,data/datasets/openfake/pilot-600/images/real/6e329c7f99c629d0b4d86effd47782aa9f1f2d9a554650050f4f8c968a4217e6.jpg,ComplexDataLab/OpenFake,medium,0,0.0653805136680603
6e994ab59887bdd227ec307832c32f565d4df693a61b83654395d455ff682dc9,data/datasets/openfake/pilot-600/images/fake/6e994ab59887bdd227ec307832c32f565d4df693a61b83654395d455ff682dc9.jpg,ComplexDataLab/OpenFake,medium,1,0.7596787214279175
6edf3ff0f54eedc0717a1ada4e2023e6ed169b37f21dd36787bad5df102ad49b,data/datasets/openfake/additional-900/images/real/6edf3ff0f54eedc0717a1ada4e2023e6ed169b37f21dd36787bad5df102ad49b.jpg,ComplexDataLab/OpenFake,medium,0,0.25010931491851807
6efe31afb087b7a213ea48b5baaa1b278b499d75ad9ce3fb6a64ba98055484c9,data/datasets/openfake/additional-900/images/fake/6efe31afb087b7a213ea48b5baaa1b278b499d75ad9ce3fb6a64ba98055484c9.png,ComplexDataLab/OpenFake,low,1,0.9938706159591675
6f2b511fb82c458f812576cfa1bd987f9dfe998b2881d634c918e95176caa95a,data/datasets/openfake/pilot-600/images/real/6f2b511fb82c458f812576cfa1bd987f9dfe998b2881d634c918e95176caa95a.jpg,ComplexDataLab/OpenFake,low,0,0.10098584741353989
6f749dd6cfba1f5d6a218179311622493a468c60ef1ff8337b0fc783f9c397d5,data/datasets/openfake/pilot-600/images/fake/6f749dd6cfba1f5d6a218179311622493a468c60ef1ff8337b0fc783f9c397d5.jpg,ComplexDataLab/OpenFake,low,1,0.975909411907196
6f80ce0f10889d499c1c0de0695b53d95d2bfb61143b1ed92824dfe02a66156b,data/datasets/openfake/additional-900/images/fake/6f80ce0f10889d499c1c0de0695b53d95d2bfb61143b1ed92824dfe02a66156b.png,ComplexDataLab/OpenFake,medium,1,0.9987142086029053
6f871c3c64e0f4f05d4c6991d148b365348e5d7b1229f58087c38e4a2e6322fa,data/datasets/openfake/additional-900/images/fake/6f871c3c64e0f4f05d4c6991d148b365348e5d7b1229f58087c38e4a2e6322fa.png,ComplexDataLab/OpenFake,medium,1,0.8663666248321533
6f92dede2a7387c227c02727d114874f88763cc8389ecc60cdface70aa258bd6,data/datasets/openfake/additional-900/images/fake/6f92dede2a7387c227c02727d114874f88763cc8389ecc60cdface70aa258bd6.png,ComplexDataLab/OpenFake,medium,1,0.9994351267814636
6fd28a5382295822b7458b012d390e2378edf60cb4db5163550e4892c24db641,data/datasets/openfake/pilot-600/images/real/6fd28a5382295822b7458b012d390e2378edf60cb4db5163550e4892c24db641.jpg,ComplexDataLab/OpenFake,medium,0,0.2789273262023926
7004758cf10d44a3b406b1533382775a99f47d5f87e87646dbf72190ac7ccbbd,data/datasets/openfake/additional-900/images/real/7004758cf10d44a3b406b1533382775a99f47d5f87e87646dbf72190ac7ccbbd.png,ComplexDataLab/OpenFake,low,0,0.8460565805435181
70079649bb5e67374a9504c7666249903f9ccd2b8088b8c6768dcbcda5553c6e,data/datasets/openfake/pilot-600/images/real/70079649bb5e67374a9504c7666249903f9ccd2b8088b8c6768dcbcda5553c6e.jpg,ComplexDataLab/OpenFake,medium,0,0.6578634977340698
70210097a9375d45c49262416ca86f599677b5ff7d1ee47a9acb85d9d552f9e5,data/datasets/openfake/additional-900/images/real/70210097a9375d45c49262416ca86f599677b5ff7d1ee47a9acb85d9d552f9e5.jpg,ComplexDataLab/OpenFake,low,0,0.37065038084983826
704c761b4ff6595e24387a4a06ed42512208793e84682efe20cf955a4aa12e37,data/datasets/openfake/additional-900/images/fake/704c761b4ff6595e24387a4a06ed42512208793e84682efe20cf955a4aa12e37.png,ComplexDataLab/OpenFake,medium,1,0.8766413331031799
705d9ea6b21a5061464aca3d81d2c3bca975ceaa042565eba5bd86c5ea1aafbc,data/datasets/openfake/pilot-600/images/real/705d9ea6b21a5061464aca3d81d2c3bca975ceaa042565eba5bd86c5ea1aafbc.jpg,ComplexDataLab/OpenFake,medium,0,0.3302476704120636
70a64e55cdc0c88d17d39d05263a38188dc0c601db04346c480f9f1c40d9406d,data/datasets/openfake/additional-900/images/fake/70a64e55cdc0c88d17d39d05263a38188dc0c601db04346c480f9f1c40d9406d.png,ComplexDataLab/OpenFake,medium,1,0.908083975315094
70b7f8eaffc28921e961fcd17c4950ce4b44910393e26d68b4ebaa16d3dae069,data/datasets/openfake/pilot-600/images/fake/70b7f8eaffc28921e961fcd17c4950ce4b44910393e26d68b4ebaa16d3dae069.png,ComplexDataLab/OpenFake,medium,1,0.998272180557251
70dee36e3cd7795914a79f14f343f28175e5b56fe46ccf74df290346a5ea1ce4,data/datasets/openfake/pilot-600/images/real/70dee36e3cd7795914a79f14f343f28175e5b56fe46ccf74df290346a5ea1ce4.jpg,ComplexDataLab/OpenFake,medium,0,0.0020867823623120785
7141da06945d58660ab8e5bae63a5dc98127f05aa881f070171dd34bd132d834,data/datasets/openfake/pilot-600/images/fake/7141da06945d58660ab8e5bae63a5dc98127f05aa881f070171dd34bd132d834.jpg,ComplexDataLab/OpenFake,medium,1,0.12680818140506744
7155486bc956d86ec08291b1d5fd412b37bdc9bb7812eeb04e7f040383f855e9,data/datasets/openfake/additional-900/images/fake/7155486bc956d86ec08291b1d5fd412b37bdc9bb7812eeb04e7f040383f855e9.png,ComplexDataLab/OpenFake,low,1,0.8864231705665588
71a1d5308b5f77a3fa38e7399411f7a1d26939a2066888c3e85ce5bd90610f94,data/datasets/openfake/pilot-600/images/real/71a1d5308b5f77a3fa38e7399411f7a1d26939a2066888c3e85ce5bd90610f94.jpg,ComplexDataLab/OpenFake,medium,0,0.8024352788925171
71a413aa7a68d61919180d9eb48cc45565ff2e5eda39f9d0b286fdc48e37dd3f,data/datasets/openfake/additional-900/images/real/71a413aa7a68d61919180d9eb48cc45565ff2e5eda39f9d0b286fdc48e37dd3f.jpg,ComplexDataLab/OpenFake,high,0,0.001754955155774951
71b3e0fb2143150992de2e41112f6e2e28ec28a1f60c5492bddc3fa36004088c,data/datasets/openfake/additional-900/images/real/71b3e0fb2143150992de2e41112f6e2e28ec28a1f60c5492bddc3fa36004088c.jpg,ComplexDataLab/OpenFake,medium,0,0.1881559193134308
71bc95f877b9586d8d8d92c9f7db77424b595c4c5110d4a53ad0fb8cda601144,data/datasets/openfake/additional-900/images/fake/71bc95f877b9586d8d8d92c9f7db77424b595c4c5110d4a53ad0fb8cda601144.jpg,ComplexDataLab/OpenFake,low,1,0.03544895723462105
725d45040546098cb0c130fe43a9411979efad6dcb8b864732761f97e4dd40e3,data/datasets/openfake/additional-900/images/real/725d45040546098cb0c130fe43a9411979efad6dcb8b864732761f97e4dd40e3.jpg,ComplexDataLab/OpenFake,medium,0,0.16190527379512787
725ffd38b9191d1d92f27bf9d99963531af43ae978d477947a9a93c018c5a4c9,data/datasets/openfake/additional-900/images/real/725ffd38b9191d1d92f27bf9d99963531af43ae978d477947a9a93c018c5a4c9.jpg,ComplexDataLab/OpenFake,low,0,0.04493444785475731
72730d105c3c7013c8f2f058afe5f6883aa8b61c5d654f5616688c77a56c5514,data/datasets/openfake/pilot-600/images/fake/72730d105c3c7013c8f2f058afe5f6883aa8b61c5d654f5616688c77a56c5514.png,ComplexDataLab/OpenFake,medium,1,0.9611151218414307
72dcf37742f15e59380689af91c0dc2b04db0cd3c4d7d548eb743a5ee03a4916,data/datasets/openfake/additional-900/images/real/72dcf37742f15e59380689af91c0dc2b04db0cd3c4d7d548eb743a5ee03a4916.jpg,ComplexDataLab/OpenFake,low,0,0.0014644376933574677
7308ea67065725303bd75c72fdf9b022dc3b9a63d60f6eac557f171983fcfdeb,data/datasets/openfake/pilot-600/images/real/7308ea67065725303bd75c72fdf9b022dc3b9a63d60f6eac557f171983fcfdeb.jpg,ComplexDataLab/OpenFake,medium,0,0.00018267550331074744
7311cb770224aa8b75a8d9adfb094213c88c026cbc9b27856f9d162ec5150cec,data/datasets/openfake/additional-900/images/real/7311cb770224aa8b75a8d9adfb094213c88c026cbc9b27856f9d162ec5150cec.jpg,ComplexDataLab/OpenFake,low,0,0.0015829764306545258
732a9f7422f09fe4103246c4f4ddceb70ed2c1dd835b3e78a844e7c511327b75,data/datasets/openfake/additional-900/images/fake/732a9f7422f09fe4103246c4f4ddceb70ed2c1dd835b3e78a844e7c511327b75.png,ComplexDataLab/OpenFake,low,1,0.9951666593551636
733ee6ab3dff70235856bb9eaa614767f66a0b695634488a3c89cb3b19286cc0,data/datasets/openfake/pilot-600/images/fake/733ee6ab3dff70235856bb9eaa614767f66a0b695634488a3c89cb3b19286cc0.jpg,ComplexDataLab/OpenFake,low,1,0.6028098464012146
73627aa8f931e00a4934ade6dd22e8c37b477febfe14302eff30a92899bf9654,data/datasets/openfake/additional-900/images/fake/73627aa8f931e00a4934ade6dd22e8c37b477febfe14302eff30a92899bf9654.webp,ComplexDataLab/OpenFake,medium,1,0.06650950759649277
736a5a2bfa29ad16a361af483deeadc73b9a714af7a411ed90fc331826aae432,data/datasets/openfake/additional-900/images/fake/736a5a2bfa29ad16a361af483deeadc73b9a714af7a411ed90fc331826aae432.png,ComplexDataLab/OpenFake,low,1,0.7924139499664307
7373a545a7d4299bbaba9a8bfb71f8ec36c0ea58cde0b16b55bc12da62c15122,data/datasets/openfake/additional-900/images/fake/7373a545a7d4299bbaba9a8bfb71f8ec36c0ea58cde0b16b55bc12da62c15122.png,ComplexDataLab/OpenFake,medium,1,0.38162341713905334
73f01f5a02da5c17587120f293537d7360da207f3e7e717184b4bddeb4a9eca7,data/datasets/openfake/additional-900/images/fake/73f01f5a02da5c17587120f293537d7360da207f3e7e717184b4bddeb4a9eca7.png,ComplexDataLab/OpenFake,low,1,0.961236834526062
74125b0e5af4ec68a88f987573f0fdfa2d067556c010d33d3601cb79247327d0,data/datasets/openfake/additional-900/images/fake/74125b0e5af4ec68a88f987573f0fdfa2d067556c010d33d3601cb79247327d0.png,ComplexDataLab/OpenFake,medium,1,0.9493308067321777
74339d444392b3c1245f996a14d340b4b4afcdd6e1a751759ec6e61fd16e4f44,data/datasets/openfake/additional-900/images/fake/74339d444392b3c1245f996a14d340b4b4afcdd6e1a751759ec6e61fd16e4f44.png,ComplexDataLab/OpenFake,low,1,0.9999220371246338
74eea140d46b745f321641b6e37b55aa97e8c6b54b02440d7585c539f0a2c0dc,data/datasets/openfake/pilot-600/images/real/74eea140d46b745f321641b6e37b55aa97e8c6b54b02440d7585c539f0a2c0dc.jpg,ComplexDataLab/OpenFake,high,0,0.0011960947886109352
750b1786b6d55bdb8600aff43d0e793bf73a833005b8313b7ab446d11907d797,data/datasets/openfake/pilot-600/images/fake/750b1786b6d55bdb8600aff43d0e793bf73a833005b8313b7ab446d11907d797.png,ComplexDataLab/OpenFake,medium,1,0.9976422190666199
750da4c4929cf25c6150baaed9856cd871a3ada180c5f8148677037b61c9e32a,data/datasets/openfake/pilot-600/images/real/750da4c4929cf25c6150baaed9856cd871a3ada180c5f8148677037b61c9e32a.jpg,ComplexDataLab/OpenFake,medium,0,0.3417275547981262
752314720c1eed19fd95ce1e0b4a6232295985587782ecd2ba1bff58326b2f3b,data/datasets/openfake/additional-900/images/fake/752314720c1eed19fd95ce1e0b4a6232295985587782ecd2ba1bff58326b2f3b.png,ComplexDataLab/OpenFake,medium,1,0.7404829263687134
7526b7cc75a534b8fd7eaef239d2b051892b9d90738b45eb7f4fe7e8513d27a9,data/datasets/openfake/additional-900/images/fake/7526b7cc75a534b8fd7eaef239d2b051892b9d90738b45eb7f4fe7e8513d27a9.png,ComplexDataLab/OpenFake,low,1,0.7948184013366699
7529ebe99e8724293170a85bbf2c805d8a5b3421be0818e5f79a16d0d7bef0c9,data/datasets/openfake/additional-900/images/fake/7529ebe99e8724293170a85bbf2c805d8a5b3421be0818e5f79a16d0d7bef0c9.png,ComplexDataLab/OpenFake,medium,1,0.9947525262832642
754ec0479e61d701421b63a5d9beeba1f574c8b750d29f6c036672e406afbd50,data/datasets/openfake/additional-900/images/real/754ec0479e61d701421b63a5d9beeba1f574c8b750d29f6c036672e406afbd50.jpg,ComplexDataLab/OpenFake,medium,0,0.001040444360114634
755da03f844bcfc466e159fafbb9fc301cf1951ab6799f4267c98528adf96e58,data/datasets/openfake/additional-900/images/fake/755da03f844bcfc466e159fafbb9fc301cf1951ab6799f4267c98528adf96e58.png,ComplexDataLab/OpenFake,medium,1,0.7498739957809448
7599d0f0117a5a947de5d92d6c81a53938547a978ccd10db8330ed13cbbd72c6,data/datasets/openfake/additional-900/images/real/7599d0f0117a5a947de5d92d6c81a53938547a978ccd10db8330ed13cbbd72c6.jpg,ComplexDataLab/OpenFake,low,0,0.5702083706855774
75aafe072ef9cb3cf54dc5d16d5c156b6a58895316972f4df8418ecf1eade992,data/datasets/openfake/additional-900/images/fake/75aafe072ef9cb3cf54dc5d16d5c156b6a58895316972f4df8418ecf1eade992.png,ComplexDataLab/OpenFake,medium,1,0.9861236810684204
75e47b4cd903f2d21bc96f1252b319dbc004b8351fa9a12232c5b8661e922e4d,data/datasets/openfake/additional-900/images/real/75e47b4cd903f2d21bc96f1252b319dbc004b8351fa9a12232c5b8661e922e4d.jpg,ComplexDataLab/OpenFake,medium,0,8.505563164362684e-05
75f2e76e96ed27918f7ff5c684eab249a518a3c318719f2e87846f50f67efc1b,data/datasets/openfake/additional-900/images/fake/75f2e76e96ed27918f7ff5c684eab249a518a3c318719f2e87846f50f67efc1b.png,ComplexDataLab/OpenFake,low,1,0.9580610394477844
764cf27cf7e0364dea1f13bc9a0118631c626d3e89f231089feb64499c935d70,data/datasets/openfake/pilot-600/images/fake/764cf27cf7e0364dea1f13bc9a0118631c626d3e89f231089feb64499c935d70.png,ComplexDataLab/OpenFake,low,1,0.9927077889442444
76aa711b25a405880bfd483ffc6cb764d9bab78b55fac2400e42d153d87179dd,data/datasets/openfake/pilot-600/images/real/76aa711b25a405880bfd483ffc6cb764d9bab78b55fac2400e42d153d87179dd.jpg,ComplexDataLab/OpenFake,medium,0,0.004010628443211317
76c0b98017d4b95168d43bf25b750911a71fe057aa89ef8cc92744065aaee63e,data/datasets/openfake/additional-900/images/real/76c0b98017d4b95168d43bf25b750911a71fe057aa89ef8cc92744065aaee63e.jpg,ComplexDataLab/OpenFake,low,0,0.6646935343742371
77177c991b13748ef87eafd59f19805f8f98d09145505b3619f561d84d0260d2,data/datasets/openfake/additional-900/images/fake/77177c991b13748ef87eafd59f19805f8f98d09145505b3619f561d84d0260d2.jpg,ComplexDataLab/OpenFake,medium,1,0.024501755833625793
771ff579728a7325e192f87ca59b18a72f89a938648015fbc10497a96c8798da,data/datasets/openfake/additional-900/images/real/771ff579728a7325e192f87ca59b18a72f89a938648015fbc10497a96c8798da.jpg,ComplexDataLab/OpenFake,medium,0,0.5862001776695251
772b799e437a64bd783ceac68f40591fcbbc33c15a1cdf95bac75c600c463345,data/datasets/openfake/pilot-600/images/real/772b799e437a64bd783ceac68f40591fcbbc33c15a1cdf95bac75c600c463345.jpg,ComplexDataLab/OpenFake,medium,0,0.9968973398208618
7733241418bbda447c258037ed5182ec9ad4cd43855edfbe379ba14f6851dbed,data/datasets/openfake/additional-900/images/real/7733241418bbda447c258037ed5182ec9ad4cd43855edfbe379ba14f6851dbed.jpg,ComplexDataLab/OpenFake,medium,0,0.022723983973264694
7745ce3263d1c611692552f719756afe6dfdeab87903c80a8dfdd124e400fd4b,data/datasets/openfake/additional-900/images/fake/7745ce3263d1c611692552f719756afe6dfdeab87903c80a8dfdd124e400fd4b.png,ComplexDataLab/OpenFake,medium,1,0.8120721578598022
77530bd59d9384426ee450a9d54aaf63794d3f17a6ed3f39b6aedf71f1469373,data/datasets/openfake/additional-900/images/real/77530bd59d9384426ee450a9d54aaf63794d3f17a6ed3f39b6aedf71f1469373.jpg,ComplexDataLab/OpenFake,medium,0,0.005722593050450087
775391a468799350ecdeb4a0e60af47ec93609b2f3bd12e8081249e4e23cce15,data/datasets/openfake/additional-900/images/fake/775391a468799350ecdeb4a0e60af47ec93609b2f3bd12e8081249e4e23cce15.png,ComplexDataLab/OpenFake,medium,1,0.8055062294006348
775d1a149b575d0c52430f930f013e5b131531ee313c8f35e6646bb5ac872f3c,data/datasets/openfake/additional-900/images/real/775d1a149b575d0c52430f930f013e5b131531ee313c8f35e6646bb5ac872f3c.jpg,ComplexDataLab/OpenFake,medium,0,0.9922263622283936
77634dd74b9242a22810fbeedb46f528ccbdfc345bd66d8cfeb7e7103eca3c04,data/datasets/openfake/pilot-600/images/fake/77634dd74b9242a22810fbeedb46f528ccbdfc345bd66d8cfeb7e7103eca3c04.png,ComplexDataLab/OpenFake,medium,1,0.7273733615875244
779a5d7156c1e3876e6e68fa5b19035b333609c9209c6313d04382421807926b,data/datasets/openfake/pilot-600/images/real/779a5d7156c1e3876e6e68fa5b19035b333609c9209c6313d04382421807926b.jpg,ComplexDataLab/OpenFake,medium,0,0.00010373286932008341
77af1aec3ee0f841c61b080be270d518a68fb78a1dd14cd2d32bae7962484cb8,data/datasets/openfake/pilot-600/images/fake/77af1aec3ee0f841c61b080be270d518a68fb78a1dd14cd2d32bae7962484cb8.png,ComplexDataLab/OpenFake,low,1,0.998275637626648
77e7efed817f521642a7b2856c4714fa37a4da37094f6a530a007bf1bb167fa8,data/datasets/openfake/additional-900/images/real/77e7efed817f521642a7b2856c4714fa37a4da37094f6a530a007bf1bb167fa8.jpg,ComplexDataLab/OpenFake,medium,0,0.6210206747055054
780f8068aa47fdd74244e4dde6bd40d42d7ba8e88c10a2c6e31eeb1d238cb1fc,data/datasets/openfake/additional-900/images/real/780f8068aa47fdd74244e4dde6bd40d42d7ba8e88c10a2c6e31eeb1d238cb1fc.jpg,ComplexDataLab/OpenFake,medium,0,7.323165482375771e-05
78255a63ffa6df6f53b149b2ad2630c331cd9becd311372ffaa26086d5cc3cb1,data/datasets/openfake/pilot-600/images/real/78255a63ffa6df6f53b149b2ad2630c331cd9becd311372ffaa26086d5cc3cb1.jpg,ComplexDataLab/OpenFake,medium,0,0.0012926174094900489
7826ffe3562bfec183b0e1b4a2af4c76f8d26273535f4165756fd8dff66fcabe,data/datasets/openfake/additional-900/images/fake/7826ffe3562bfec183b0e1b4a2af4c76f8d26273535f4165756fd8dff66fcabe.png,ComplexDataLab/OpenFake,low,1,0.9993306398391724
786cc0dcb914c4996ec3fd00ef2531e0ed7cc25f5bba976d3e985a237741c18b,data/datasets/openfake/pilot-600/images/real/786cc0dcb914c4996ec3fd00ef2531e0ed7cc25f5bba976d3e985a237741c18b.jpg,ComplexDataLab/OpenFake,medium,0,0.002527818316593766
7870a49e2d9a6d30946984447b8358b87db072268ae95fea528d2c8403139c8a,data/datasets/openfake/pilot-600/images/real/7870a49e2d9a6d30946984447b8358b87db072268ae95fea528d2c8403139c8a.jpg,ComplexDataLab/OpenFake,high,0,0.09829438477754593
78a2deef48bb0d458b7ab27ef4a4e10ac87efdec6752b4ac709b80a6bb115e88,data/datasets/openfake/pilot-600/images/fake/78a2deef48bb0d458b7ab27ef4a4e10ac87efdec6752b4ac709b80a6bb115e88.jpg,ComplexDataLab/OpenFake,low,1,0.07127539813518524
78b3daf075af0c606ea9808912abcb54558b427ebc212d72efc7c62b69b6936f,data/datasets/openfake/additional-900/images/real/78b3daf075af0c606ea9808912abcb54558b427ebc212d72efc7c62b69b6936f.jpg,ComplexDataLab/OpenFake,low,0,0.32637864351272583
78c9f37a9432bf04aae6b181735b22ce30c105bcf6c516363135cb582a81a9c6,data/datasets/openfake/additional-900/images/fake/78c9f37a9432bf04aae6b181735b22ce30c105bcf6c516363135cb582a81a9c6.jpg,ComplexDataLab/OpenFake,low,1,0.9254740476608276
79aa2794c596a45a4ed7988cab59d03a66b44dea0129a2e8c45b97f5921be136,data/datasets/openfake/pilot-600/images/real/79aa2794c596a45a4ed7988cab59d03a66b44dea0129a2e8c45b97f5921be136.jpg,ComplexDataLab/OpenFake,medium,0,0.327400803565979
79c105dbb0b0854ef28d5f365865a71c17b8bc99cf7535088800a1497d7a42b6,data/datasets/openfake/pilot-600/images/real/79c105dbb0b0854ef28d5f365865a71c17b8bc99cf7535088800a1497d7a42b6.jpg,ComplexDataLab/OpenFake,medium,0,0.12942741811275482
79d57f0594272c20faf2e9486549ceda03ad3ad2d2c346c5530ce3a8ca458aab,data/datasets/openfake/additional-900/images/fake/79d57f0594272c20faf2e9486549ceda03ad3ad2d2c346c5530ce3a8ca458aab.jpg,ComplexDataLab/OpenFake,medium,1,0.5388296246528625
79e11c3a819e44e635f098aef03a7007e0ce6d9b1617c2403c760de65dc3299b,data/datasets/openfake/pilot-600/images/fake/79e11c3a819e44e635f098aef03a7007e0ce6d9b1617c2403c760de65dc3299b.png,ComplexDataLab/OpenFake,medium,1,0.23571251332759857
79ff2e63097180307311753145d4bfd63fbaa11c2e3939c861e5d57600902475,data/datasets/openfake/additional-900/images/fake/79ff2e63097180307311753145d4bfd63fbaa11c2e3939c861e5d57600902475.png,ComplexDataLab/OpenFake,medium,1,0.9967451095581055
7a1333dda46b7db2b2a86021863eb54aa43cdff46f7ea285be8c64f4593879c6,data/datasets/openfake/additional-900/images/fake/7a1333dda46b7db2b2a86021863eb54aa43cdff46f7ea285be8c64f4593879c6.jpg,ComplexDataLab/OpenFake,low,1,0.2049986571073532
7a23cc6241603203e26651f582ef143e66c9f34949d44c2ff3b7ef2c3de7ade2,data/datasets/openfake/pilot-600/images/real/7a23cc6241603203e26651f582ef143e66c9f34949d44c2ff3b7ef2c3de7ade2.jpg,ComplexDataLab/OpenFake,low,0,0.9190161228179932
7b2a1ca4a51a0c7fa61962c0d7b39ba61676a7ad961e44142f95938fb68915cc,data/datasets/openfake/additional-900/images/fake/7b2a1ca4a51a0c7fa61962c0d7b39ba61676a7ad961e44142f95938fb68915cc.webp,ComplexDataLab/OpenFake,low,1,0.26682084798812866
7b2e94deb04f83f71f95b75dc6559806e304cd2f1f1131cb5a43471ee50cc89f,data/datasets/openfake/additional-900/images/fake/7b2e94deb04f83f71f95b75dc6559806e304cd2f1f1131cb5a43471ee50cc89f.png,ComplexDataLab/OpenFake,medium,1,0.9868549108505249
7bae8debc599b64eed4a22ff8b36685a484af6c2b65da1bdc47de30f376e38a9,data/datasets/openfake/pilot-600/images/fake/7bae8debc599b64eed4a22ff8b36685a484af6c2b65da1bdc47de30f376e38a9.png,ComplexDataLab/OpenFake,medium,1,0.9793319702148438
7bb92e9f65b5a6f6b87cfd2411a29652f35c49d245928e5fa3ca22a299a10db0,data/datasets/openfake/pilot-600/images/fake/7bb92e9f65b5a6f6b87cfd2411a29652f35c49d245928e5fa3ca22a299a10db0.png,ComplexDataLab/OpenFake,medium,1,0.8298964500427246
7bbfe3787ee35fcbd73d7d595f13c2c88dacf00d5783ec1402b3e5a7744e3e1b,data/datasets/openfake/additional-900/images/real/7bbfe3787ee35fcbd73d7d595f13c2c88dacf00d5783ec1402b3e5a7744e3e1b.jpg,ComplexDataLab/OpenFake,medium,0,0.05716174840927124
7bc7f1ad8e58f6528d2328dfdef6f9aa2a518feba0b22b329ef7db37af120dca,data/datasets/openfake/pilot-600/images/real/7bc7f1ad8e58f6528d2328dfdef6f9aa2a518feba0b22b329ef7db37af120dca.jpg,ComplexDataLab/OpenFake,medium,0,0.6249752044677734
7bd10ce59dad8c908448c18374d8e51baa10a3902d81f69331bdcea4c0739685,data/datasets/openfake/additional-900/images/fake/7bd10ce59dad8c908448c18374d8e51baa10a3902d81f69331bdcea4c0739685.png,ComplexDataLab/OpenFake,medium,1,0.433134526014328
7be44606d8691c77cce1ccd0ec88b73779edc2169115112474b7108183f808f7,data/datasets/openfake/pilot-600/images/fake/7be44606d8691c77cce1ccd0ec88b73779edc2169115112474b7108183f808f7.png,ComplexDataLab/OpenFake,medium,1,0.4582006633281708
7bfcd1ecd23cb53efabb081060ff5b367c31fb0cbbd9a9a8dca5c50476a2af62,data/datasets/openfake/additional-900/images/fake/7bfcd1ecd23cb53efabb081060ff5b367c31fb0cbbd9a9a8dca5c50476a2af62.png,ComplexDataLab/OpenFake,medium,1,0.9779265522956848
7c1df858d60db21d5a65a704f607cd629326917ddda9f7be3e8e1a1f6ec4f891,data/datasets/openfake/pilot-600/images/fake/7c1df858d60db21d5a65a704f607cd629326917ddda9f7be3e8e1a1f6ec4f891.png,ComplexDataLab/OpenFake,medium,1,0.9972978234291077
7c2d679e29d758accffaedc9a632ccb8750a83adbb8a32cb32080ab5e77d833d,data/datasets/openfake/additional-900/images/real/7c2d679e29d758accffaedc9a632ccb8750a83adbb8a32cb32080ab5e77d833d.jpg,ComplexDataLab/OpenFake,low,0,0.5314838886260986
7c439c8883a6b87d25a46f0f53bd3a11bb0c0c1079d140eed77a59c1dc35007e,data/datasets/openfake/pilot-600/images/real/7c439c8883a6b87d25a46f0f53bd3a11bb0c0c1079d140eed77a59c1dc35007e.jpg,ComplexDataLab/OpenFake,low,0,1.3172240869607776e-05
7c44932e5efc93234dce877a94e0bbbb81a53662fa5ffabba5dc5f05fe7cdf51,data/datasets/openfake/additional-900/images/fake/7c44932e5efc93234dce877a94e0bbbb81a53662fa5ffabba5dc5f05fe7cdf51.jpg,ComplexDataLab/OpenFake,low,1,0.766208291053772
7c89da9dd986b0507e0d3f1b0df006d441e2b7bf5870efc44e3f6f61febe5878,data/datasets/openfake/pilot-600/images/fake/7c89da9dd986b0507e0d3f1b0df006d441e2b7bf5870efc44e3f6f61febe5878.png,ComplexDataLab/OpenFake,medium,1,0.9744405746459961
7cb58bfe005df971be6b62bb2a38761ca607cdb86f9ac6572e3f811fffb07a48,data/datasets/openfake/pilot-600/images/real/7cb58bfe005df971be6b62bb2a38761ca607cdb86f9ac6572e3f811fffb07a48.jpg,ComplexDataLab/OpenFake,medium,0,0.9743170738220215
7cb9633b03b6e40e6b01c490dcbfa2c66985921c486a5d7b51596634c8f8444d,data/datasets/openfake/pilot-600/images/fake/7cb9633b03b6e40e6b01c490dcbfa2c66985921c486a5d7b51596634c8f8444d.png,ComplexDataLab/OpenFake,medium,1,0.8833761811256409
7d1ed5e5d4e3bc1beb8dbb2c8678c8d75fce261223ea4931d209a5c68aa7a99c,data/datasets/openfake/additional-900/images/real/7d1ed5e5d4e3bc1beb8dbb2c8678c8d75fce261223ea4931d209a5c68aa7a99c.jpg,ComplexDataLab/OpenFake,medium,0,0.33588147163391113
7d38082eb1f1f715812b500e5549ee8bcb74c0126cef99f1bf0cb07cb93dbb90,data/datasets/openfake/additional-900/images/real/7d38082eb1f1f715812b500e5549ee8bcb74c0126cef99f1bf0cb07cb93dbb90.jpg,ComplexDataLab/OpenFake,medium,0,0.06308931112289429
7d539ca34fb07213aec089352969435bcf2c3fde1cefc0e88320935f3522c1de,data/datasets/openfake/pilot-600/images/real/7d539ca34fb07213aec089352969435bcf2c3fde1cefc0e88320935f3522c1de.jpg,ComplexDataLab/OpenFake,medium,0,0.10692445933818817
7d58ceed40854a8e49084cf3315b7c6035f460b8076f04aa63a1b456cef56bae,data/datasets/openfake/pilot-600/images/real/7d58ceed40854a8e49084cf3315b7c6035f460b8076f04aa63a1b456cef56bae.jpg,ComplexDataLab/OpenFake,low,0,0.463943749666214
7daaf0cfc22ee675ad12a5913f4b534366643844ee8444940a7794b9f9a2d1e2,data/datasets/openfake/pilot-600/images/fake/7daaf0cfc22ee675ad12a5913f4b534366643844ee8444940a7794b9f9a2d1e2.png,ComplexDataLab/OpenFake,medium,1,0.9206607937812805
7deb6e0833bf859bddc17b8c5b053dae61cd8cf9fc80ceb5ff94bd35da734c32,data/datasets/openfake/pilot-600/images/fake/7deb6e0833bf859bddc17b8c5b053dae61cd8cf9fc80ceb5ff94bd35da734c32.png,ComplexDataLab/OpenFake,medium,1,0.4311932325363159
7efd64a9ba8c43293943cdadae44dccab473b4866655ff8922e75c3fdf58e902,data/datasets/openfake/pilot-600/images/real/7efd64a9ba8c43293943cdadae44dccab473b4866655ff8922e75c3fdf58e902.jpg,ComplexDataLab/OpenFake,medium,0,0.003378300927579403
7fcd3a18f8174cad0fbd19a8bfcc58523e46b851ec1c978efb19da8a8d87c9cc,data/datasets/openfake/pilot-600/images/fake/7fcd3a18f8174cad0fbd19a8bfcc58523e46b851ec1c978efb19da8a8d87c9cc.png,ComplexDataLab/OpenFake,medium,1,0.9909105896949768
7ffc45f3e4a6b2f288141d11373cfd3d278d5ccfb8a833a7c952289182085db4,data/datasets/openfake/pilot-600/images/real/7ffc45f3e4a6b2f288141d11373cfd3d278d5ccfb8a833a7c952289182085db4.jpg,ComplexDataLab/OpenFake,low,0,0.9675887227058411
7ffd63056f0e82552fbda165486cdf60a22c8f2cc14a5e094e8c09acb10a5191,data/datasets/openfake/additional-900/images/real/7ffd63056f0e82552fbda165486cdf60a22c8f2cc14a5e094e8c09acb10a5191.jpg,ComplexDataLab/OpenFake,low,0,0.0070814392529428005
803bf6037d95c4ed63b4427aee2ebf451392513ec874433016ffa385d802c273,data/datasets/openfake/pilot-600/images/fake/803bf6037d95c4ed63b4427aee2ebf451392513ec874433016ffa385d802c273.png,ComplexDataLab/OpenFake,medium,1,0.4883746802806854
8045c389f5f33d57d42856e23b03591a84a5dffeac4a9f2017a7f0ef5ad5dc7f,data/datasets/openfake/pilot-600/images/fake/8045c389f5f33d57d42856e23b03591a84a5dffeac4a9f2017a7f0ef5ad5dc7f.jpg,ComplexDataLab/OpenFake,low,1,0.08765565603971481
80aef590889dd05272952938da51f2b0c8e312224071e41df0d56e695bb5f60f,data/datasets/openfake/pilot-600/images/fake/80aef590889dd05272952938da51f2b0c8e312224071e41df0d56e695bb5f60f.png,ComplexDataLab/OpenFake,medium,1,0.9836212396621704
80bc1be5b506e09030db191d6ea8023f16e9d8301cdfa9ddee0514c755cb0d6b,data/datasets/openfake/additional-900/images/real/80bc1be5b506e09030db191d6ea8023f16e9d8301cdfa9ddee0514c755cb0d6b.jpg,ComplexDataLab/OpenFake,medium,0,0.0026609061751514673
80d6fce62f398cc4ee6ec0f9941e47cced21ee9fd91feb3d2286ad196fe6e6b5,data/datasets/openfake/pilot-600/images/real/80d6fce62f398cc4ee6ec0f9941e47cced21ee9fd91feb3d2286ad196fe6e6b5.jpg,ComplexDataLab/OpenFake,low,0,0.5807145237922668
80f4a91593423faad6728c889e6778787e83a5516b60c52534aa8bd7c297d71f,data/datasets/openfake/additional-900/images/real/80f4a91593423faad6728c889e6778787e83a5516b60c52534aa8bd7c297d71f.jpg,ComplexDataLab/OpenFake,medium,0,0.8046016693115234
816b3cebb6a491059bf8e50ade322f38f743b4773b93b53ee4c004490091cbf8,data/datasets/openfake/additional-900/images/fake/816b3cebb6a491059bf8e50ade322f38f743b4773b93b53ee4c004490091cbf8.png,ComplexDataLab/OpenFake,medium,1,0.998863697052002
818157956bce51fc625e1e2a14a0498ce847c54be5ceaa87a1e5ec25a9302778,data/datasets/openfake/pilot-600/images/fake/818157956bce51fc625e1e2a14a0498ce847c54be5ceaa87a1e5ec25a9302778.png,ComplexDataLab/OpenFake,low,1,0.8391488790512085
819328e74e533b2ff2a064332edece4a25321da413343f1b540dd9861e134547,data/datasets/openfake/additional-900/images/fake/819328e74e533b2ff2a064332edece4a25321da413343f1b540dd9861e134547.png,ComplexDataLab/OpenFake,medium,1,0.9610192179679871
8199c70b3cc13ca4d209af3dbf0da1136a5d7de78dce8825244d5ddb9fa1a4e1,data/datasets/openfake/pilot-600/images/fake/8199c70b3cc13ca4d209af3dbf0da1136a5d7de78dce8825244d5ddb9fa1a4e1.jpg,ComplexDataLab/OpenFake,low,1,0.8800714612007141
81d462e32a82ad4178326f0ef5f3fa8dd2fb94d9b49d31b37b44363582851041,data/datasets/openfake/additional-900/images/real/81d462e32a82ad4178326f0ef5f3fa8dd2fb94d9b49d31b37b44363582851041.jpg,ComplexDataLab/OpenFake,medium,0,0.2250588983297348
81d76d5a2b632f8117d3bc0f230639c3f15b94aa033b970af50b36bc05313ed7,data/datasets/openfake/additional-900/images/real/81d76d5a2b632f8117d3bc0f230639c3f15b94aa033b970af50b36bc05313ed7.jpg,ComplexDataLab/OpenFake,medium,0,0.14301708340644836
81dcabd031ac6b0c66347e0534932b6a089d97cf8576017de9f78da5af415a4a,data/datasets/openfake/additional-900/images/fake/81dcabd031ac6b0c66347e0534932b6a089d97cf8576017de9f78da5af415a4a.jpg,ComplexDataLab/OpenFake,medium,1,0.9460214972496033
820335e464877f98e27170e165ec5d39796d9d37d3753ddc976489cc0c7c2446,data/datasets/openfake/additional-900/images/fake/820335e464877f98e27170e165ec5d39796d9d37d3753ddc976489cc0c7c2446.png,ComplexDataLab/OpenFake,medium,1,0.6478859782218933
8208dccff55599c743f76312b3c50bf824042b7ce64effe6d00ead12c3983c60,data/datasets/openfake/additional-900/images/fake/8208dccff55599c743f76312b3c50bf824042b7ce64effe6d00ead12c3983c60.png,ComplexDataLab/OpenFake,medium,1,0.9993509650230408
8211131b32e111268c791220b3df34bf4b8b8d37f8d49adfcd13d6d00b238ba0,data/datasets/openfake/pilot-600/images/fake/8211131b32e111268c791220b3df34bf4b8b8d37f8d49adfcd13d6d00b238ba0.jpg,ComplexDataLab/OpenFake,low,1,0.835517168045044
8218ccedcb96b84ca2bdbb635dfa9fce7866922d05af7540da94e59dc13a3424,data/datasets/openfake/pilot-600/images/fake/8218ccedcb96b84ca2bdbb635dfa9fce7866922d05af7540da94e59dc13a3424.png,ComplexDataLab/OpenFake,low,1,0.9930675029754639
825d6bb45fd2a06c620325cac98f761ad8e9a491a568a96223b2573301427d75,data/datasets/openfake/additional-900/images/fake/825d6bb45fd2a06c620325cac98f761ad8e9a491a568a96223b2573301427d75.png,ComplexDataLab/OpenFake,low,1,0.9642637968063354
827ee92e7ce27bacc1c6f6c8949e1a1f02e84b9c8ffbb3468a1424ee1e35590f,data/datasets/openfake/additional-900/images/real/827ee92e7ce27bacc1c6f6c8949e1a1f02e84b9c8ffbb3468a1424ee1e35590f.jpg,ComplexDataLab/OpenFake,low,0,0.07022759318351746
8281952d554b2713ea0f7d2655aa11dbaf7759afbeb20bad7b62cd51e22b3b83,data/datasets/openfake/pilot-600/images/real/8281952d554b2713ea0f7d2655aa11dbaf7759afbeb20bad7b62cd51e22b3b83.jpg,ComplexDataLab/OpenFake,low,0,0.08863916248083115
8293965e93a182c0651b81d3f1f2fb07e381e474f7d07ee82e6c8f1814d2665d,data/datasets/openfake/pilot-600/images/fake/8293965e93a182c0651b81d3f1f2fb07e381e474f7d07ee82e6c8f1814d2665d.png,ComplexDataLab/OpenFake,medium,1,0.2888774275779724
82a16478f7e9029eafb4070e05b00a7736b0a51df61d0cfeba647dd7ca6185d8,data/datasets/openfake/pilot-600/images/fake/82a16478f7e9029eafb4070e05b00a7736b0a51df61d0cfeba647dd7ca6185d8.png,ComplexDataLab/OpenFake,medium,1,0.9906766414642334
82d074c14e2a4af16f87ead60788e069678744a68ef2304b1d5d76afc7830827,data/datasets/openfake/additional-900/images/real/82d074c14e2a4af16f87ead60788e069678744a68ef2304b1d5d76afc7830827.jpg,ComplexDataLab/OpenFake,medium,0,0.00018399533291812986
82f9d60fa9ad4c62931e5610c27b340af40cb096866198b1d89ca3429bf3645c,data/datasets/openfake/pilot-600/images/real/82f9d60fa9ad4c62931e5610c27b340af40cb096866198b1d89ca3429bf3645c.jpg,ComplexDataLab/OpenFake,medium,0,0.8324270248413086
83120f13978d5fe0b75a183968ecfbcb50408ed49594952a3d19c99d823685e7,data/datasets/openfake/pilot-600/images/real/83120f13978d5fe0b75a183968ecfbcb50408ed49594952a3d19c99d823685e7.jpg,ComplexDataLab/OpenFake,medium,0,0.006403548177331686
834189c714dc796214d1b3bd63ceec1867f7304ca84b218755753000b93e4f77,data/datasets/openfake/additional-900/images/real/834189c714dc796214d1b3bd63ceec1867f7304ca84b218755753000b93e4f77.jpg,ComplexDataLab/OpenFake,medium,0,0.18070805072784424
83970b7c7e3b6be97d3918c16378ff3dcb6699c5f018ae11f34cbccd2fb3ae1a,data/datasets/openfake/pilot-600/images/fake/83970b7c7e3b6be97d3918c16378ff3dcb6699c5f018ae11f34cbccd2fb3ae1a.png,ComplexDataLab/OpenFake,medium,1,0.7362173795700073
83c6090227ecc040f66fcdde879beb070751817957ae5eb310bf714dff7efeaf,data/datasets/openfake/additional-900/images/fake/83c6090227ecc040f66fcdde879beb070751817957ae5eb310bf714dff7efeaf.jpg,ComplexDataLab/OpenFake,medium,1,0.9659950137138367
83f9bbe909f5f3d1dbf0551ada380b38573065c81c1868f75b3b308b3f3b94f2,data/datasets/openfake/additional-900/images/real/83f9bbe909f5f3d1dbf0551ada380b38573065c81c1868f75b3b308b3f3b94f2.jpg,ComplexDataLab/OpenFake,medium,0,0.2588070034980774
841defef79d77595f2976b3b804e7db6d796739b29272bd1b0d5ed9aefe1f691,data/datasets/openfake/additional-900/images/fake/841defef79d77595f2976b3b804e7db6d796739b29272bd1b0d5ed9aefe1f691.png,ComplexDataLab/OpenFake,medium,1,0.70453941822052
8440371e97749c3ddc3c84c3b361a0f9e4c9dc9399f0667939f7b567826ba248,data/datasets/openfake/additional-900/images/fake/8440371e97749c3ddc3c84c3b361a0f9e4c9dc9399f0667939f7b567826ba248.png,ComplexDataLab/OpenFake,medium,1,0.4138585031032562
845e4a1c989002592a9829fbba914785a5ae58f7827038f40e9779b72c2763cb,data/datasets/openfake/pilot-600/images/fake/845e4a1c989002592a9829fbba914785a5ae58f7827038f40e9779b72c2763cb.jpg,ComplexDataLab/OpenFake,medium,1,0.8265526294708252
84811dced43edefaa56e7f98db9fe6ab7a3799a52afceec264f4e03b2a698b08,data/datasets/openfake/additional-900/images/fake/84811dced43edefaa56e7f98db9fe6ab7a3799a52afceec264f4e03b2a698b08.jpg,ComplexDataLab/OpenFake,high,1,0.7669275403022766
84c501d850e58048038b935535cf96972140c607fa7e2a102254d137485d586f,data/datasets/openfake/additional-900/images/real/84c501d850e58048038b935535cf96972140c607fa7e2a102254d137485d586f.jpg,ComplexDataLab/OpenFake,medium,0,0.0005656233406625688
84ca0dfbdfb307ed6fb8ae5416ece412e94c628efc7af63e18dd8d0d12116288,data/datasets/openfake/pilot-600/images/fake/84ca0dfbdfb307ed6fb8ae5416ece412e94c628efc7af63e18dd8d0d12116288.png,ComplexDataLab/OpenFake,medium,1,0.9925529360771179
851d83722549bc78e32c2cef8870777e338e7e80ae1aaef7b84a62a5131d262a,data/datasets/openfake/additional-900/images/real/851d83722549bc78e32c2cef8870777e338e7e80ae1aaef7b84a62a5131d262a.webp,ComplexDataLab/OpenFake,low,0,0.9207215309143066
85c1f1f0149b22c2ba5df5734d10fca4a29a9666b3154d186fc744ac04ae4d86,data/datasets/openfake/additional-900/images/real/85c1f1f0149b22c2ba5df5734d10fca4a29a9666b3154d186fc744ac04ae4d86.jpg,ComplexDataLab/OpenFake,low,0,0.007503898348659277
861d97af00b1546ebf5d03e6dc8c7f85dfbfaa759f428d997d66b24abe3d1ec1,data/datasets/openfake/additional-900/images/real/861d97af00b1546ebf5d03e6dc8c7f85dfbfaa759f428d997d66b24abe3d1ec1.jpg,ComplexDataLab/OpenFake,low,0,0.7882194519042969
863dfebc0c197d795f45ab3ab8fdfb5d9fbe4214ecaedc36bb36f13d66ee1325,data/datasets/openfake/additional-900/images/fake/863dfebc0c197d795f45ab3ab8fdfb5d9fbe4214ecaedc36bb36f13d66ee1325.png,ComplexDataLab/OpenFake,low,1,0.8189486265182495
866814b3af2af4f237bcbea16866c6d983249807c09fabfdd599d5e1aaf753c1,data/datasets/openfake/additional-900/images/real/866814b3af2af4f237bcbea16866c6d983249807c09fabfdd599d5e1aaf753c1.jpg,ComplexDataLab/OpenFake,medium,0,0.06844732165336609
86cc3ef4f7e8dcae51817331dc79617653623e9195f1d9928067238701e25ab3,data/datasets/openfake/additional-900/images/fake/86cc3ef4f7e8dcae51817331dc79617653623e9195f1d9928067238701e25ab3.png,ComplexDataLab/OpenFake,medium,1,0.898351788520813
86d03c6e20a313e01528e27e3c2fc8172cf971dc0ae7254b20400386be707c6a,data/datasets/openfake/additional-900/images/real/86d03c6e20a313e01528e27e3c2fc8172cf971dc0ae7254b20400386be707c6a.jpg,ComplexDataLab/OpenFake,medium,0,0.018242185935378075
86d318bdc43b536c5a6bf9df05ce9f2dbf4b4f3feb75a1c5327f10a0ca519759,data/datasets/openfake/additional-900/images/real/86d318bdc43b536c5a6bf9df05ce9f2dbf4b4f3feb75a1c5327f10a0ca519759.jpg,ComplexDataLab/OpenFake,low,0,0.9808862805366516
86fd3f8d1212af2d7024f31dc60885f1022c545352f772f7513b037a5a5b5bba,data/datasets/openfake/additional-900/images/fake/86fd3f8d1212af2d7024f31dc60885f1022c545352f772f7513b037a5a5b5bba.png,ComplexDataLab/OpenFake,medium,1,0.9236763715744019
870d84f389bded46362c3d4dd2a3cbfbddc0010063fbe5be04646810512dda79,data/datasets/openfake/pilot-600/images/fake/870d84f389bded46362c3d4dd2a3cbfbddc0010063fbe5be04646810512dda79.png,ComplexDataLab/OpenFake,medium,1,0.9952686429023743
87131d9f1aef580f9be4a680b50a35c714870d70c168dd88c3295c18f52116c1,data/datasets/openfake/additional-900/images/fake/87131d9f1aef580f9be4a680b50a35c714870d70c168dd88c3295c18f52116c1.jpg,ComplexDataLab/OpenFake,low,1,0.0310998372733593
873f182eafbc3efa1afe62c067ed79ad322302d7e1ce9191477922a432b571c8,data/datasets/openfake/additional-900/images/real/873f182eafbc3efa1afe62c067ed79ad322302d7e1ce9191477922a432b571c8.jpg,ComplexDataLab/OpenFake,low,0,0.006962278857827187
8741e1626460b19d4d401897fb4abc19976dfcdfc0c2c4920994508f0ccee8e7,data/datasets/openfake/pilot-600/images/real/8741e1626460b19d4d401897fb4abc19976dfcdfc0c2c4920994508f0ccee8e7.jpg,ComplexDataLab/OpenFake,medium,0,0.4994564354419708
8753ac00ec3af899ef85a733c671dec6766d20eb7a0a137e2584a707e0784099,data/datasets/openfake/pilot-600/images/real/8753ac00ec3af899ef85a733c671dec6766d20eb7a0a137e2584a707e0784099.jpg,ComplexDataLab/OpenFake,medium,0,0.001923681702464819
87912cb2316fff39030011e7e63593dfaaf3955f8f663660a4d9e744b22acefb,data/datasets/openfake/pilot-600/images/fake/87912cb2316fff39030011e7e63593dfaaf3955f8f663660a4d9e744b22acefb.png,ComplexDataLab/OpenFake,medium,1,0.9747914671897888
87a3b230bd0e45d37f872dee56b4af7fc39ce013758fc83eb0897a8233dbd0cc,data/datasets/openfake/additional-900/images/real/87a3b230bd0e45d37f872dee56b4af7fc39ce013758fc83eb0897a8233dbd0cc.jpg,ComplexDataLab/OpenFake,low,0,0.00016576288908254355
87c28d384f7b1ac716c49ab8883a2c2094b82e4f27f3efca4051c9fab37549bd,data/datasets/openfake/pilot-600/images/real/87c28d384f7b1ac716c49ab8883a2c2094b82e4f27f3efca4051c9fab37549bd.jpg,ComplexDataLab/OpenFake,medium,0,0.005099000409245491
87c666dfa8a0abfad787aa77f83cc87d8f760fc47f3e19c7c1c38f0d4dc97120,data/datasets/openfake/pilot-600/images/fake/87c666dfa8a0abfad787aa77f83cc87d8f760fc47f3e19c7c1c38f0d4dc97120.png,ComplexDataLab/OpenFake,medium,1,0.8969689607620239
886743c3360f6933bf22930f24a0efdd183d11cf98d5e695848bb443abaa1b5c,data/datasets/openfake/additional-900/images/real/886743c3360f6933bf22930f24a0efdd183d11cf98d5e695848bb443abaa1b5c.jpg,ComplexDataLab/OpenFake,medium,0,0.7403312921524048
887e459f049ac9edf296816a6404e9bb920d124ccf5311532b8ba157f799cd27,data/datasets/openfake/additional-900/images/real/887e459f049ac9edf296816a6404e9bb920d124ccf5311532b8ba157f799cd27.jpg,ComplexDataLab/OpenFake,low,0,0.258312463760376
8899e3d311ef896f9f2c85da634c4d21eae01f028e124dfb0f89b57a1e648dae,data/datasets/openfake/additional-900/images/fake/8899e3d311ef896f9f2c85da634c4d21eae01f028e124dfb0f89b57a1e648dae.png,ComplexDataLab/OpenFake,medium,1,0.23395763337612152
889ce6748a2963be31a09762d85f679cd93deb290ebd3fc5d995fd1951f982af,data/datasets/openfake/pilot-600/images/real/889ce6748a2963be31a09762d85f679cd93deb290ebd3fc5d995fd1951f982af.jpg,ComplexDataLab/OpenFake,medium,0,0.0024029798805713654
88eef34fa418b57bb1c4f229659e2c0cff6af4e5a1068fe44521a587086df71b,data/datasets/openfake/pilot-600/images/fake/88eef34fa418b57bb1c4f229659e2c0cff6af4e5a1068fe44521a587086df71b.png,ComplexDataLab/OpenFake,medium,1,0.9250970482826233
894a71b9a5b24603e0ee87f67f588e4af20123bb325e351d95723e2a7b5e290b,data/datasets/openfake/additional-900/images/fake/894a71b9a5b24603e0ee87f67f588e4af20123bb325e351d95723e2a7b5e290b.png,ComplexDataLab/OpenFake,medium,1,0.5569263696670532
898c8e364288097caeb6b92e0102d0d5a0ba580a0dabfc56eea19455de64d53d,data/datasets/openfake/additional-900/images/fake/898c8e364288097caeb6b92e0102d0d5a0ba580a0dabfc56eea19455de64d53d.png,ComplexDataLab/OpenFake,medium,1,0.8741393089294434
89ecdca5cda370713a982cebeef86ed645fef86146cf549500e82cdb46a820ce,data/datasets/openfake/pilot-600/images/fake/89ecdca5cda370713a982cebeef86ed645fef86146cf549500e82cdb46a820ce.png,ComplexDataLab/OpenFake,medium,1,0.6583494544029236
89f121e79fa57ac2ba2cd3bafbc4ebe4bcdd05efd5010e92ee51bf313f1f91c9,data/datasets/openfake/additional-900/images/real/89f121e79fa57ac2ba2cd3bafbc4ebe4bcdd05efd5010e92ee51bf313f1f91c9.jpg,ComplexDataLab/OpenFake,medium,0,0.0004994550836272538
8a13deeb4806758795018513693acc8fefd8492698b4b2a531d9f112863c4175,data/datasets/openfake/additional-900/images/real/8a13deeb4806758795018513693acc8fefd8492698b4b2a531d9f112863c4175.jpg,ComplexDataLab/OpenFake,low,0,0.8070648908615112
8a2f6a5544a901909c58f9ce07a0e507948d6f3f0abc933378d63694ef1d6093,data/datasets/openfake/additional-900/images/fake/8a2f6a5544a901909c58f9ce07a0e507948d6f3f0abc933378d63694ef1d6093.png,ComplexDataLab/OpenFake,medium,1,0.9654297232627869
8a466f83f0762eb7a5e10eb330c5d4898423fafab282c5cb9a7743b29bc5265f,data/datasets/openfake/pilot-600/images/real/8a466f83f0762eb7a5e10eb330c5d4898423fafab282c5cb9a7743b29bc5265f.jpg,ComplexDataLab/OpenFake,medium,0,0.9302443861961365
8a654e8fa4e71fcfffd991c8eb712ff82579b682df579a702741fce9c9de8221,data/datasets/openfake/additional-900/images/fake/8a654e8fa4e71fcfffd991c8eb712ff82579b682df579a702741fce9c9de8221.png,ComplexDataLab/OpenFake,medium,1,0.9405931830406189
8aa902cd64d05219e6961cba90ccee484b6d7cd24da5028d5e4c7c866c92ce3f,data/datasets/openfake/additional-900/images/fake/8aa902cd64d05219e6961cba90ccee484b6d7cd24da5028d5e4c7c866c92ce3f.png,ComplexDataLab/OpenFake,medium,1,0.6754131317138672
8ab8829cf8ce5558a93963aea140c7f0f664b6765982dac4e1163b60bad72575,data/datasets/openfake/additional-900/images/fake/8ab8829cf8ce5558a93963aea140c7f0f664b6765982dac4e1163b60bad72575.png,ComplexDataLab/OpenFake,low,1,0.9992770552635193
8abcd07238ba5fad9d21b1c837c6b379a1900ce069286876f67d3d4691e022ef,data/datasets/openfake/additional-900/images/real/8abcd07238ba5fad9d21b1c837c6b379a1900ce069286876f67d3d4691e022ef.jpg,ComplexDataLab/OpenFake,medium,0,0.4703851640224457
8aeab606e04692b0703fe641715ffdc0415bf8d8baeb5297e88561a478f4ea9b,data/datasets/openfake/pilot-600/images/fake/8aeab606e04692b0703fe641715ffdc0415bf8d8baeb5297e88561a478f4ea9b.png,ComplexDataLab/OpenFake,medium,1,0.9141725301742554
8b05fc787cadcdc6e31000b13ef813ce3a424416f83d43415aca058e9ea5b1ae,data/datasets/openfake/additional-900/images/fake/8b05fc787cadcdc6e31000b13ef813ce3a424416f83d43415aca058e9ea5b1ae.png,ComplexDataLab/OpenFake,medium,1,0.10617022216320038
8b06006690d81d880f7345bbf7e757e24cba2ff7423e3875000946d7547d1156,data/datasets/openfake/additional-900/images/fake/8b06006690d81d880f7345bbf7e757e24cba2ff7423e3875000946d7547d1156.png,ComplexDataLab/OpenFake,low,1,0.9900111556053162
8b11bd3aa380bf37932c4ff8aab2754df1bc79f655c4fc256696c4facc7f9742,data/datasets/openfake/additional-900/images/real/8b11bd3aa380bf37932c4ff8aab2754df1bc79f655c4fc256696c4facc7f9742.jpg,ComplexDataLab/OpenFake,medium,0,0.005135711282491684
8b2046668df6dfdac3c79f680f5603a2e33a83cc3f6186e9ef125ca41a57a9ed,data/datasets/openfake/additional-900/images/fake/8b2046668df6dfdac3c79f680f5603a2e33a83cc3f6186e9ef125ca41a57a9ed.png,ComplexDataLab/OpenFake,medium,1,0.9516283869743347
8b3a786fb801a037c214d143b2b10a57dda443c0b523971767af1af87e67eebb,data/datasets/openfake/additional-900/images/fake/8b3a786fb801a037c214d143b2b10a57dda443c0b523971767af1af87e67eebb.png,ComplexDataLab/OpenFake,medium,1,0.8055678009986877
8b5673509b4d85fd61df1dea70ab1ab6275e68331def8d992597c69aee11f72f,data/datasets/openfake/additional-900/images/fake/8b5673509b4d85fd61df1dea70ab1ab6275e68331def8d992597c69aee11f72f.png,ComplexDataLab/OpenFake,medium,1,0.9318574666976929
8b8a717bdbf96911f3868b8a2a61310b1f62dff6888f28f015f66e2f55dcfb1c,data/datasets/openfake/additional-900/images/fake/8b8a717bdbf96911f3868b8a2a61310b1f62dff6888f28f015f66e2f55dcfb1c.webp,ComplexDataLab/OpenFake,medium,1,0.4666367471218109
8b970944ed4a2ce3fa81bbe8412842afdf8d958761deffa3a677a27d3f3244f6,data/datasets/openfake/additional-900/images/real/8b970944ed4a2ce3fa81bbe8412842afdf8d958761deffa3a677a27d3f3244f6.jpg,ComplexDataLab/OpenFake,low,0,0.0006668631103821099
8bd6a4eff9cb694312151e3c86f733b062b4aa418b0474d206a3d0fcec4e03a8,data/datasets/openfake/additional-900/images/real/8bd6a4eff9cb694312151e3c86f733b062b4aa418b0474d206a3d0fcec4e03a8.jpg,ComplexDataLab/OpenFake,medium,0,0.0274016335606575
8c30634aaf56be3cd37eb98c2b7b25414ab3c1717ba702d57f368a87dc0d19d0,data/datasets/openfake/additional-900/images/real/8c30634aaf56be3cd37eb98c2b7b25414ab3c1717ba702d57f368a87dc0d19d0.jpg,ComplexDataLab/OpenFake,medium,0,0.7266422510147095
8c41762f17b8b4887f4211b66823ddf8a04fdc538ca2ae6841163b96002d3b47,data/datasets/openfake/pilot-600/images/fake/8c41762f17b8b4887f4211b66823ddf8a04fdc538ca2ae6841163b96002d3b47.png,ComplexDataLab/OpenFake,low,1,0.965638279914856
8c46404edb383e4b5810d558ea97e1986aabc9a997d6cfd2e114b2bc37bb81fa,data/datasets/openfake/additional-900/images/fake/8c46404edb383e4b5810d558ea97e1986aabc9a997d6cfd2e114b2bc37bb81fa.png,ComplexDataLab/OpenFake,medium,1,0.9939150214195251
8c96469c8686182648a0591e807111c83b84d2ec0d5f783847ab3101846477ba,data/datasets/openfake/pilot-600/images/real/8c96469c8686182648a0591e807111c83b84d2ec0d5f783847ab3101846477ba.jpg,ComplexDataLab/OpenFake,medium,0,0.2370944768190384
8cec0fcd557fc628ee8bdc6345b5af32038441c6c57ad75671c7fdca00473a35,data/datasets/openfake/additional-900/images/real/8cec0fcd557fc628ee8bdc6345b5af32038441c6c57ad75671c7fdca00473a35.jpg,ComplexDataLab/OpenFake,low,0,0.0012059411965310574
8d2553bba786e4a0f17397ce4d277309784116001733b8c21c01d53451b83174,data/datasets/openfake/additional-900/images/real/8d2553bba786e4a0f17397ce4d277309784116001733b8c21c01d53451b83174.jpg,ComplexDataLab/OpenFake,medium,0,0.12711188197135925
8d3a9914192603104e838d850657c65833487d027b54102bd52d654cae1c4ded,data/datasets/openfake/pilot-600/images/real/8d3a9914192603104e838d850657c65833487d027b54102bd52d654cae1c4ded.jpg,ComplexDataLab/OpenFake,medium,0,0.8300997018814087
8d7483b44fa902c26116bee7bbf9609bc6ad8a9426f1dd53a496a98c414cfd7a,data/datasets/openfake/pilot-600/images/fake/8d7483b44fa902c26116bee7bbf9609bc6ad8a9426f1dd53a496a98c414cfd7a.png,ComplexDataLab/OpenFake,low,1,0.788201093673706
8dc7352baddd91fc8da3b1b5a1e4e21959be5956c08b59bd89e993dd0bdf5fb9,data/datasets/openfake/additional-900/images/fake/8dc7352baddd91fc8da3b1b5a1e4e21959be5956c08b59bd89e993dd0bdf5fb9.png,ComplexDataLab/OpenFake,medium,1,0.970472514629364
8dca478b49d56abe4d4cca9f6a20ac0d0dd662764e0f4f53138ce2266146fe05,data/datasets/openfake/additional-900/images/real/8dca478b49d56abe4d4cca9f6a20ac0d0dd662764e0f4f53138ce2266146fe05.jpg,ComplexDataLab/OpenFake,low,0,0.01635070890188217
8dd50a995dfeba572247dd0dfc519aa15ef89a69ec7760470bdaecc6365fc2fa,data/datasets/openfake/pilot-600/images/real/8dd50a995dfeba572247dd0dfc519aa15ef89a69ec7760470bdaecc6365fc2fa.jpg,ComplexDataLab/OpenFake,low,0,0.0016722810687497258
8e7643e98ce55b195724e30158cc462610b43aa5a6cbc3c2ab600d0c1e0e0409,data/datasets/openfake/additional-900/images/real/8e7643e98ce55b195724e30158cc462610b43aa5a6cbc3c2ab600d0c1e0e0409.jpg,ComplexDataLab/OpenFake,low,0,0.006468314677476883
8e81751bb258e04b0460c3467c238aad619e82665e5142c6cfdf1e7eb963533d,data/datasets/openfake/additional-900/images/real/8e81751bb258e04b0460c3467c238aad619e82665e5142c6cfdf1e7eb963533d.jpg,ComplexDataLab/OpenFake,low,0,0.32004261016845703
8ef1ec1465af0c7debf9836720bc858ce886a4c5256da2bc08d83313f48de61b,data/datasets/openfake/pilot-600/images/real/8ef1ec1465af0c7debf9836720bc858ce886a4c5256da2bc08d83313f48de61b.jpg,ComplexDataLab/OpenFake,medium,0,0.015277116559445858
8f0802b333d71f75a4c17550ddb522912266f7de20bf524a2b4c148d89fcdf8f,data/datasets/openfake/additional-900/images/fake/8f0802b333d71f75a4c17550ddb522912266f7de20bf524a2b4c148d89fcdf8f.png,ComplexDataLab/OpenFake,low,1,0.9643682241439819
8f0a1c658d53448b5daf574d50c1d155614d4a12c55f6ddbc0be8e06f88e79b2,data/datasets/openfake/pilot-600/images/fake/8f0a1c658d53448b5daf574d50c1d155614d4a12c55f6ddbc0be8e06f88e79b2.png,ComplexDataLab/OpenFake,low,1,0.8762245774269104
8f15754acc7c3f30af9506ee77e15ce6332b48326184f709b776a35e44b192fb,data/datasets/openfake/additional-900/images/real/8f15754acc7c3f30af9506ee77e15ce6332b48326184f709b776a35e44b192fb.jpg,ComplexDataLab/OpenFake,medium,0,0.22219567000865936
8f4f8bb8ec62dd4f7739249e09d58c24a1b226a8c73eb0812071f1f106500564,data/datasets/openfake/additional-900/images/fake/8f4f8bb8ec62dd4f7739249e09d58c24a1b226a8c73eb0812071f1f106500564.png,ComplexDataLab/OpenFake,low,1,0.9963082671165466
8f67b9f07fc26cc77a691ccc93e8321cfe4cbba1a5b5cdb84012778442dca290,data/datasets/openfake/additional-900/images/fake/8f67b9f07fc26cc77a691ccc93e8321cfe4cbba1a5b5cdb84012778442dca290.png,ComplexDataLab/OpenFake,low,1,0.9799726605415344
8f8424bb53f8c1845e370b62066dc75a89afa0fd59ba9cecb9925ebd09a0ec34,data/datasets/openfake/additional-900/images/fake/8f8424bb53f8c1845e370b62066dc75a89afa0fd59ba9cecb9925ebd09a0ec34.png,ComplexDataLab/OpenFake,medium,1,0.999568521976471
8fc9aa977138f31b4948ce4389cac31a704e853012002e097ae0657ea4713a64,data/datasets/openfake/pilot-600/images/real/8fc9aa977138f31b4948ce4389cac31a704e853012002e097ae0657ea4713a64.jpg,ComplexDataLab/OpenFake,medium,0,0.8346160054206848
8fd4c0a6f6e5239c7441d781c04b994091573ffe6b4f3bf1a41ba25ea1dbed98,data/datasets/openfake/pilot-600/images/real/8fd4c0a6f6e5239c7441d781c04b994091573ffe6b4f3bf1a41ba25ea1dbed98.jpg,ComplexDataLab/OpenFake,medium,0,0.4249396026134491
8fdb8a69e61787bc4473bb661f7317e1df1111d20ce10eb4d4c00f41879f163e,data/datasets/openfake/pilot-600/images/real/8fdb8a69e61787bc4473bb661f7317e1df1111d20ce10eb4d4c00f41879f163e.jpg,ComplexDataLab/OpenFake,low,0,0.0005265892250463367
9015cb975e2013119fff3b4cf26892aaa823e82c405f20a2feb83b4bab4a41d8,data/datasets/openfake/additional-900/images/real/9015cb975e2013119fff3b4cf26892aaa823e82c405f20a2feb83b4bab4a41d8.jpg,ComplexDataLab/OpenFake,medium,0,0.04213157668709755
901c7d9651dae882d07927af34b1f34aef604d16362316c559b455e4c79808eb,data/datasets/openfake/additional-900/images/fake/901c7d9651dae882d07927af34b1f34aef604d16362316c559b455e4c79808eb.png,ComplexDataLab/OpenFake,medium,1,0.9788023233413696
9039e6d87c2391243214a434aebb03446cbe21c8e52a380ca2d503f29b52da4c,data/datasets/openfake/pilot-600/images/fake/9039e6d87c2391243214a434aebb03446cbe21c8e52a380ca2d503f29b52da4c.png,ComplexDataLab/OpenFake,medium,1,0.5790975689888
90a427d7395910b1b9d3d75cd8f1b29fef931f4c0cb0b15e488468557eb4cd8d,data/datasets/openfake/additional-900/images/fake/90a427d7395910b1b9d3d75cd8f1b29fef931f4c0cb0b15e488468557eb4cd8d.png,ComplexDataLab/OpenFake,low,1,0.9894193410873413
90c9d2f067e19a04449710778695c22399930adebb97e606e6f17a3b349e4dd8,data/datasets/openfake/additional-900/images/real/90c9d2f067e19a04449710778695c22399930adebb97e606e6f17a3b349e4dd8.jpg,ComplexDataLab/OpenFake,medium,0,0.014498838223516941
913bca0b72c8df16ec83946a9ba7f0b51b3431d9a7e11c9b332320493da32549,data/datasets/openfake/pilot-600/images/real/913bca0b72c8df16ec83946a9ba7f0b51b3431d9a7e11c9b332320493da32549.jpg,ComplexDataLab/OpenFake,medium,0,0.001218784018419683
913f7197abf65aa7814498b7b717260c990ef4bff939635dc1eec02bf47cb806,data/datasets/openfake/additional-900/images/fake/913f7197abf65aa7814498b7b717260c990ef4bff939635dc1eec02bf47cb806.png,ComplexDataLab/OpenFake,medium,1,0.9012992978096008
914a862432741593303d71ef453add25c553be679392b937da38ffc0f4de6ea1,data/datasets/openfake/additional-900/images/fake/914a862432741593303d71ef453add25c553be679392b937da38ffc0f4de6ea1.jpg,ComplexDataLab/OpenFake,medium,1,0.709842324256897
914ae46c5a8844736e58531ee91106c2206f672ddb375853fc77402a6f15e251,data/datasets/openfake/additional-900/images/fake/914ae46c5a8844736e58531ee91106c2206f672ddb375853fc77402a6f15e251.jpg,ComplexDataLab/OpenFake,medium,1,0.3497009575366974
914c099ba3edf75f149700a189632a15905ec73f4045c8f17ddf53b25456b8b2,data/datasets/openfake/pilot-600/images/real/914c099ba3edf75f149700a189632a15905ec73f4045c8f17ddf53b25456b8b2.jpg,ComplexDataLab/OpenFake,low,0,0.002363804029300809
918533462284d1484a19406e72158016daa775eaee079e8ed681085b36b1793a,data/datasets/openfake/pilot-600/images/real/918533462284d1484a19406e72158016daa775eaee079e8ed681085b36b1793a.jpg,ComplexDataLab/OpenFake,low,0,6.709941226290539e-05
91c1f75d4d615bb6cbc79db0faa96aebb38dfb95dea9193a4745ed19c290cfbf,data/datasets/openfake/additional-900/images/real/91c1f75d4d615bb6cbc79db0faa96aebb38dfb95dea9193a4745ed19c290cfbf.jpg,ComplexDataLab/OpenFake,medium,0,0.23465923964977264
929d24da580bb743d6b86edd4d443cf6eb93c77c2387d88347e9bc7f172a5fff,data/datasets/openfake/pilot-600/images/fake/929d24da580bb743d6b86edd4d443cf6eb93c77c2387d88347e9bc7f172a5fff.png,ComplexDataLab/OpenFake,high,1,0.9634426832199097
931f14cd3f155a6873ee9ca9d5bac355637a5da03e3bc2b9d3f6ebd1ec6e598a,data/datasets/openfake/additional-900/images/real/931f14cd3f155a6873ee9ca9d5bac355637a5da03e3bc2b9d3f6ebd1ec6e598a.jpg,ComplexDataLab/OpenFake,medium,0,0.1511860191822052
933f13343692fd4f9f3a1ed918282c4636e6c145884cf23991c9d52fccb34e3e,data/datasets/openfake/additional-900/images/real/933f13343692fd4f9f3a1ed918282c4636e6c145884cf23991c9d52fccb34e3e.jpg,ComplexDataLab/OpenFake,medium,0,0.5343220233917236
934f49e84f630b17320dcf970e1f75f5eacf3d025df3d6e5500e1d8e2b96c628,data/datasets/openfake/pilot-600/images/real/934f49e84f630b17320dcf970e1f75f5eacf3d025df3d6e5500e1d8e2b96c628.jpg,ComplexDataLab/OpenFake,medium,0,0.0008845027186907828
935927ac6d46933f1b10d425e54e4ac73960adafce2f2bc237f4d99ac02cae0d,data/datasets/openfake/additional-900/images/fake/935927ac6d46933f1b10d425e54e4ac73960adafce2f2bc237f4d99ac02cae0d.webp,ComplexDataLab/OpenFake,low,1,0.30912989377975464
935f7a52c1607df49360709b65809456ec7cee797b775bfcf86a7b1b1f24760f,data/datasets/openfake/pilot-600/images/real/935f7a52c1607df49360709b65809456ec7cee797b775bfcf86a7b1b1f24760f.jpg,ComplexDataLab/OpenFake,medium,0,0.24010729789733887
93aaa38e9e5c41338399aa4d6918976c21cfd2f61b09c2dc43948b25a7dec665,data/datasets/openfake/pilot-600/images/real/93aaa38e9e5c41338399aa4d6918976c21cfd2f61b09c2dc43948b25a7dec665.jpg,ComplexDataLab/OpenFake,medium,0,0.01588989794254303
93b9cb48f97259f959607cf816b5825bbd130021100429145b451292fb4caa63,data/datasets/openfake/pilot-600/images/fake/93b9cb48f97259f959607cf816b5825bbd130021100429145b451292fb4caa63.png,ComplexDataLab/OpenFake,low,1,0.9441778063774109
93f5a1e7d1c5bab6d94799af9a08847a1b4b003f5fee6c1f362aad5eeae4444b,data/datasets/openfake/pilot-600/images/real/93f5a1e7d1c5bab6d94799af9a08847a1b4b003f5fee6c1f362aad5eeae4444b.jpg,ComplexDataLab/OpenFake,medium,0,0.27753254771232605
941067793367eb8496ada0012966d8aa70af596af81faf2b72ac48f762d4c947,data/datasets/openfake/additional-900/images/real/941067793367eb8496ada0012966d8aa70af596af81faf2b72ac48f762d4c947.jpg,ComplexDataLab/OpenFake,low,0,0.3363407254219055
9421a411041334eb3331318b463785d734aa7a0bf8854f393c01cc1f0fd840d0,data/datasets/openfake/additional-900/images/real/9421a411041334eb3331318b463785d734aa7a0bf8854f393c01cc1f0fd840d0.jpg,ComplexDataLab/OpenFake,low,0,0.0009630334679968655
944510fe14c3fb117b82bd52ba7c2cde6ab697b152a72a8aff4aade60e42dd93,data/datasets/openfake/additional-900/images/fake/944510fe14c3fb117b82bd52ba7c2cde6ab697b152a72a8aff4aade60e42dd93.png,ComplexDataLab/OpenFake,medium,1,0.9864428043365479
946d54517c9f2b381a688c5b34fb9f7a54d42d24fe813a22511166d8694966c2,data/datasets/openfake/pilot-600/images/real/946d54517c9f2b381a688c5b34fb9f7a54d42d24fe813a22511166d8694966c2.jpg,ComplexDataLab/OpenFake,low,0,0.047825440764427185
94c4dbe3e28a4bfcc030e925b96a44cc22d4c6333267639ceb1f92cefc2efbee,data/datasets/openfake/additional-900/images/real/94c4dbe3e28a4bfcc030e925b96a44cc22d4c6333267639ceb1f92cefc2efbee.jpg,ComplexDataLab/OpenFake,medium,0,0.7449733018875122
94cf25893ce19b4bc876372fe5fb38f9a989ca79be24d4aad83a71f1a4aee488,data/datasets/openfake/pilot-600/images/fake/94cf25893ce19b4bc876372fe5fb38f9a989ca79be24d4aad83a71f1a4aee488.png,ComplexDataLab/OpenFake,medium,1,0.9714647531509399
94d1ac876d3d5a4a8a76c5e9896415030f690686706b265b51cb69c26f09666f,data/datasets/openfake/additional-900/images/fake/94d1ac876d3d5a4a8a76c5e9896415030f690686706b265b51cb69c26f09666f.png,ComplexDataLab/OpenFake,medium,1,0.7282518744468689
94d878bc780e521536f9a2b9067f3fc6bc53a4378d45c3f7217867fdf9aeebfe,data/datasets/openfake/additional-900/images/fake/94d878bc780e521536f9a2b9067f3fc6bc53a4378d45c3f7217867fdf9aeebfe.png,ComplexDataLab/OpenFake,medium,1,0.9972744584083557
94ef359aa76ad62be15f27cf9810b89b83c25d87ab79f84a8082e280325a7b0b,data/datasets/openfake/pilot-600/images/real/94ef359aa76ad62be15f27cf9810b89b83c25d87ab79f84a8082e280325a7b0b.jpg,ComplexDataLab/OpenFake,low,0,0.0022174990735948086
952c5ea06cc977cdfb2a4887dc1e322c2fd706b4e114c12b39d3c60c258b9f92,data/datasets/openfake/pilot-600/images/real/952c5ea06cc977cdfb2a4887dc1e322c2fd706b4e114c12b39d3c60c258b9f92.jpg,ComplexDataLab/OpenFake,high,0,0.6246111989021301
953f439302ecaa73821beafda31fea5c7b6ff7d050c5b69e2cf94160cd64f954,data/datasets/openfake/pilot-600/images/fake/953f439302ecaa73821beafda31fea5c7b6ff7d050c5b69e2cf94160cd64f954.png,ComplexDataLab/OpenFake,low,1,0.7360811233520508
955206efaa84213da303d4b5c7aa36d0476622f5437b62a715ab6f5ab1d44703,data/datasets/openfake/pilot-600/images/fake/955206efaa84213da303d4b5c7aa36d0476622f5437b62a715ab6f5ab1d44703.png,ComplexDataLab/OpenFake,low,1,0.615022599697113
9573ecdab134858b16d49dff7430eb1b205d5f083003a810c8fbf0baa82c5831,data/datasets/openfake/additional-900/images/fake/9573ecdab134858b16d49dff7430eb1b205d5f083003a810c8fbf0baa82c5831.png,ComplexDataLab/OpenFake,medium,1,0.7462376356124878
95b7d2b3df85a02c1c5ec4b6d3cd33f17a01207f3989d7c204d6485276f16ce2,data/datasets/openfake/pilot-600/images/real/95b7d2b3df85a02c1c5ec4b6d3cd33f17a01207f3989d7c204d6485276f16ce2.jpg,ComplexDataLab/OpenFake,medium,0,0.07235337793827057
95e1eec2701911821dee35d753bc90cb4f4113db95edfa51e7c3af88d5307551,data/datasets/openfake/additional-900/images/real/95e1eec2701911821dee35d753bc90cb4f4113db95edfa51e7c3af88d5307551.jpg,ComplexDataLab/OpenFake,medium,0,0.001914675929583609
961c38035dd85083137607376be1546ed8fb6d3a0446ef99bcc7445c02ec522d,data/datasets/openfake/pilot-600/images/real/961c38035dd85083137607376be1546ed8fb6d3a0446ef99bcc7445c02ec522d.jpg,ComplexDataLab/OpenFake,low,0,0.48581409454345703
96a558053e39957dee48bc6310c30cd0126b640a6761068e91e98f7748083e7d,data/datasets/openfake/additional-900/images/real/96a558053e39957dee48bc6310c30cd0126b640a6761068e91e98f7748083e7d.jpg,ComplexDataLab/OpenFake,high,0,0.3191635310649872
96bd491ce52ccce8a17548a1efe8935cf74f3fa2a4ec2bdd531623c2273d09c8,data/datasets/openfake/additional-900/images/real/96bd491ce52ccce8a17548a1efe8935cf74f3fa2a4ec2bdd531623c2273d09c8.jpg,ComplexDataLab/OpenFake,medium,0,0.006132257170975208
96f343fb64af446b91d96bf6de007e62ef3b673a03733fe3912f977d4930c95c,data/datasets/openfake/additional-900/images/fake/96f343fb64af446b91d96bf6de007e62ef3b673a03733fe3912f977d4930c95c.png,ComplexDataLab/OpenFake,medium,1,0.26658129692077637
9705162c44a6c91e6cd3cd4731b33c5407c384817d35c2abdc3b31d8397fe059,data/datasets/openfake/pilot-600/images/real/9705162c44a6c91e6cd3cd4731b33c5407c384817d35c2abdc3b31d8397fe059.jpg,ComplexDataLab/OpenFake,medium,0,0.10662916302680969
97880207a828c05061182206be2d43e487b3c6c5ce3932bc61a7f6a6fd1d8fc2,data/datasets/openfake/additional-900/images/fake/97880207a828c05061182206be2d43e487b3c6c5ce3932bc61a7f6a6fd1d8fc2.png,ComplexDataLab/OpenFake,low,1,0.4441996216773987
97b19adae87d35a46634498f71e36430fc5b9aede73a39e0ee8deff47c2cc17b,data/datasets/openfake/additional-900/images/fake/97b19adae87d35a46634498f71e36430fc5b9aede73a39e0ee8deff47c2cc17b.png,ComplexDataLab/OpenFake,medium,1,0.9712356328964233
97e6e22bafe9755446212f2f359f40c83f988adb5367744f66ab6cd7eb898a6c,data/datasets/openfake/additional-900/images/real/97e6e22bafe9755446212f2f359f40c83f988adb5367744f66ab6cd7eb898a6c.jpg,ComplexDataLab/OpenFake,low,0,0.5246415734291077
97fcad9be441462a1444eed808d4a42d6d9614e6b7b54ec0280bde75db40cc9b,data/datasets/openfake/additional-900/images/fake/97fcad9be441462a1444eed808d4a42d6d9614e6b7b54ec0280bde75db40cc9b.png,ComplexDataLab/OpenFake,medium,1,0.39635950326919556
9839d99fec2f61fba9f6a722bfcb8d86f58ee33d880695545fbf8830b245a8f0,data/datasets/openfake/pilot-600/images/real/9839d99fec2f61fba9f6a722bfcb8d86f58ee33d880695545fbf8830b245a8f0.jpg,ComplexDataLab/OpenFake,high,0,0.5159173011779785
986e86e24270819058fdb57748d6fbada5e360ba9ed7845b718321d0618f8098,data/datasets/openfake/pilot-600/images/real/986e86e24270819058fdb57748d6fbada5e360ba9ed7845b718321d0618f8098.jpg,ComplexDataLab/OpenFake,medium,0,0.014075507409870625
98ba608a2cb3adf6cfcb6e445b1dab49d29a0251df048977b610d1283bd27b77,data/datasets/openfake/pilot-600/images/fake/98ba608a2cb3adf6cfcb6e445b1dab49d29a0251df048977b610d1283bd27b77.jpg,ComplexDataLab/OpenFake,medium,1,0.934565007686615
98f8fc479ec627a43d0f2321474995d50f04cbefa2007e93ffb22e072c6e7bb9,data/datasets/openfake/additional-900/images/fake/98f8fc479ec627a43d0f2321474995d50f04cbefa2007e93ffb22e072c6e7bb9.png,ComplexDataLab/OpenFake,low,1,0.7394639253616333
99051297d99f338745bd038dbae8d9d231b9e32af2ba1933cd5996e95bc5dba6,data/datasets/openfake/additional-900/images/fake/99051297d99f338745bd038dbae8d9d231b9e32af2ba1933cd5996e95bc5dba6.jpg,ComplexDataLab/OpenFake,low,1,0.22099560499191284
9992cb53a3131c2a2ed9d031cfa62204d808352a9b9c66fb2bd659de29db2c46,data/datasets/openfake/additional-900/images/fake/9992cb53a3131c2a2ed9d031cfa62204d808352a9b9c66fb2bd659de29db2c46.jpg,ComplexDataLab/OpenFake,medium,1,0.5642249584197998
99a78cea6417dc24aa62d7faa24fcfafbf71e326dd1e4a0d1031cf8ec4762355,data/datasets/openfake/pilot-600/images/real/99a78cea6417dc24aa62d7faa24fcfafbf71e326dd1e4a0d1031cf8ec4762355.jpg,ComplexDataLab/OpenFake,medium,0,0.026452185586094856
99ac536e683c6fa45de67615276990b3a3ada5ee6257fa584e3f3c1c31611820,data/datasets/openfake/additional-900/images/fake/99ac536e683c6fa45de67615276990b3a3ada5ee6257fa584e3f3c1c31611820.png,ComplexDataLab/OpenFake,medium,1,0.6939816474914551
99c8994eb8fd6e2f55480d942f6fd79c2332494cbf7217578e2c0dd6ea895b56,data/datasets/openfake/pilot-600/images/real/99c8994eb8fd6e2f55480d942f6fd79c2332494cbf7217578e2c0dd6ea895b56.jpg,ComplexDataLab/OpenFake,medium,0,0.24923236668109894
9a24202cfae405b57daadfead4da7736534d1af4126a0d6c73e1be6a4aa5480b,data/datasets/openfake/additional-900/images/fake/9a24202cfae405b57daadfead4da7736534d1af4126a0d6c73e1be6a4aa5480b.png,ComplexDataLab/OpenFake,medium,1,0.3838844895362854
9a3a7b82353dcd03ae467fa7beb4e41b0da82a8b89cd688e6823596aa5115816,data/datasets/openfake/additional-900/images/real/9a3a7b82353dcd03ae467fa7beb4e41b0da82a8b89cd688e6823596aa5115816.jpg,ComplexDataLab/OpenFake,medium,0,0.8739068508148193
9a3f1005808b6c868311db28a561a7ca1ddd12cf164eaa3996166a0d896697e8,data/datasets/openfake/additional-900/images/real/9a3f1005808b6c868311db28a561a7ca1ddd12cf164eaa3996166a0d896697e8.jpg,ComplexDataLab/OpenFake,medium,0,0.20046809315681458
9adf0f2b5735bd5f8b7e41dc1aee984edc6746eb0971ae78f2a842ae038a55ee,data/datasets/openfake/additional-900/images/fake/9adf0f2b5735bd5f8b7e41dc1aee984edc6746eb0971ae78f2a842ae038a55ee.png,ComplexDataLab/OpenFake,medium,1,0.9963304400444031
9b0d52e5196dbb89a18908c41e9cd09c160a17a0b011437080b15dfe66de3007,data/datasets/openfake/pilot-600/images/fake/9b0d52e5196dbb89a18908c41e9cd09c160a17a0b011437080b15dfe66de3007.jpg,ComplexDataLab/OpenFake,low,1,0.9788985848426819
9b1413c1e9751d4c3b899f1af052e866eaa571a3e2e3e5aba8c273f0fd478496,data/datasets/openfake/additional-900/images/real/9b1413c1e9751d4c3b899f1af052e866eaa571a3e2e3e5aba8c273f0fd478496.jpg,ComplexDataLab/OpenFake,medium,0,0.5201650261878967
9b247cb47b22be9882e769fca1aaed7ec1a7baa987bc96d90e8e4405dbedee91,data/datasets/openfake/pilot-600/images/real/9b247cb47b22be9882e769fca1aaed7ec1a7baa987bc96d90e8e4405dbedee91.jpg,ComplexDataLab/OpenFake,medium,0,0.011638986878097057
9b5fcc055663f9275003cd8e4a2e344293b16f142ac5498c282626ef95e0ce64,data/datasets/openfake/additional-900/images/real/9b5fcc055663f9275003cd8e4a2e344293b16f142ac5498c282626ef95e0ce64.jpg,ComplexDataLab/OpenFake,medium,0,0.8444692492485046
9b6361d82fe1f12556072048d7115bb2272a327fa7ebdbd11e34a482e3c592b8,data/datasets/openfake/additional-900/images/fake/9b6361d82fe1f12556072048d7115bb2272a327fa7ebdbd11e34a482e3c592b8.png,ComplexDataLab/OpenFake,medium,1,0.9902966618537903
9b9bfdb6464b0c6920554447ad3e40e4d5500c7a95e293f038fa12b881b03c50,data/datasets/openfake/pilot-600/images/real/9b9bfdb6464b0c6920554447ad3e40e4d5500c7a95e293f038fa12b881b03c50.jpg,ComplexDataLab/OpenFake,medium,0,0.0017633824609220028
9ba9b802eed2d7f31838b76cbd3e9662b1d6207e9031b92b37e544fb8d4d07e3,data/datasets/openfake/pilot-600/images/real/9ba9b802eed2d7f31838b76cbd3e9662b1d6207e9031b92b37e544fb8d4d07e3.jpg,ComplexDataLab/OpenFake,low,0,0.00011371351138222963
9c0cddb043bacccf5ae2884acc7ae92cf96a574e602f53dc42b66660f2586c41,data/datasets/openfake/additional-900/images/real/9c0cddb043bacccf5ae2884acc7ae92cf96a574e602f53dc42b66660f2586c41.jpg,ComplexDataLab/OpenFake,medium,0,0.6098238229751587
9c12a9841fdea149cc9bf3d8b52101e56e13ebc472787fd2c26ab86f7667828d,data/datasets/openfake/pilot-600/images/fake/9c12a9841fdea149cc9bf3d8b52101e56e13ebc472787fd2c26ab86f7667828d.png,ComplexDataLab/OpenFake,low,1,0.8130356669425964
9c183f44a3274757cd3557b00ed53066f02ca2a8dc3b8bc762e371671eb2de16,data/datasets/openfake/pilot-600/images/real/9c183f44a3274757cd3557b00ed53066f02ca2a8dc3b8bc762e371671eb2de16.jpg,ComplexDataLab/OpenFake,medium,0,0.2746821641921997
9c27170db171a4999b58edb97fd221d26c846c2e7545199d68ea9f7c2627ef4b,data/datasets/openfake/pilot-600/images/fake/9c27170db171a4999b58edb97fd221d26c846c2e7545199d68ea9f7c2627ef4b.png,ComplexDataLab/OpenFake,low,1,0.4076083302497864
9c35189ae1c07b7723077bde41659b2ac1b7f69258c359b9d353ca82830d2d25,data/datasets/openfake/additional-900/images/fake/9c35189ae1c07b7723077bde41659b2ac1b7f69258c359b9d353ca82830d2d25.png,ComplexDataLab/OpenFake,medium,1,0.9771084785461426
9c974147a30c419acecd2b4307805cbfcb327a5ea1b9e66f306d0d4d595cd633,data/datasets/openfake/additional-900/images/fake/9c974147a30c419acecd2b4307805cbfcb327a5ea1b9e66f306d0d4d595cd633.png,ComplexDataLab/OpenFake,medium,1,0.6646779775619507
9ca4608b503aedf5791c9b610a62748be6682e339e7dbfad2c4cce9dbdd657ac,data/datasets/openfake/additional-900/images/real/9ca4608b503aedf5791c9b610a62748be6682e339e7dbfad2c4cce9dbdd657ac.jpg,ComplexDataLab/OpenFake,low,0,0.02848926931619644
9d2473dd296ef81337410aa553a8ab300198da0880b9039709bcb1ef7afcce36,data/datasets/openfake/pilot-600/images/fake/9d2473dd296ef81337410aa553a8ab300198da0880b9039709bcb1ef7afcce36.png,ComplexDataLab/OpenFake,medium,1,0.8909503817558289
9d684d08b6dcede6281b9eca29daf5502ffa70d2ebeff6502ee80fb3464dc0ce,data/datasets/openfake/additional-900/images/real/9d684d08b6dcede6281b9eca29daf5502ffa70d2ebeff6502ee80fb3464dc0ce.jpg,ComplexDataLab/OpenFake,low,0,0.5488021373748779
9da4f07ec984ea1b7ca91bdc11de88f18662c40339129bafd57bf5c177157937,data/datasets/openfake/additional-900/images/real/9da4f07ec984ea1b7ca91bdc11de88f18662c40339129bafd57bf5c177157937.jpg,ComplexDataLab/OpenFake,medium,0,0.0016895312583073974
9db093c2e55dc12b91a61ad3d217c1c2b8bed609b731160420cba0c7b2c3d96c,data/datasets/openfake/additional-900/images/real/9db093c2e55dc12b91a61ad3d217c1c2b8bed609b731160420cba0c7b2c3d96c.jpg,ComplexDataLab/OpenFake,medium,0,0.00977062527090311
9deaa756fe999c03ac6e38a399b0b74551203b90ca6c91085422afd46fdb5848,data/datasets/openfake/additional-900/images/real/9deaa756fe999c03ac6e38a399b0b74551203b90ca6c91085422afd46fdb5848.jpg,ComplexDataLab/OpenFake,medium,0,0.24586984515190125
9e2cfe823e06b91cce174a57f1d22adcb448e3aebad6e6fc17a5785afc1fab28,data/datasets/openfake/pilot-600/images/real/9e2cfe823e06b91cce174a57f1d22adcb448e3aebad6e6fc17a5785afc1fab28.jpg,ComplexDataLab/OpenFake,medium,0,0.5899873971939087
9ea14f3807b50bd3c2addf836be92e8f185ea5aabf842bb363405a5cdf3deb43,data/datasets/openfake/additional-900/images/real/9ea14f3807b50bd3c2addf836be92e8f185ea5aabf842bb363405a5cdf3deb43.jpg,ComplexDataLab/OpenFake,low,0,0.8089066743850708
9f97c23cac859e8a9ac23cc057fb145259c50dcfd4d4b77c5ec6fbffe0343429,data/datasets/openfake/pilot-600/images/real/9f97c23cac859e8a9ac23cc057fb145259c50dcfd4d4b77c5ec6fbffe0343429.jpg,ComplexDataLab/OpenFake,medium,0,6.084013875806704e-05
9fe32fdc3e3c34e5873d548c537d98eab28f0dad430766536afee65c793585f8,data/datasets/openfake/pilot-600/images/fake/9fe32fdc3e3c34e5873d548c537d98eab28f0dad430766536afee65c793585f8.png,ComplexDataLab/OpenFake,medium,1,0.49841034412384033
a011ca0531302944873f8351bbce41180bc950f38a6c36198b4d25252d4db896,data/datasets/openfake/additional-900/images/fake/a011ca0531302944873f8351bbce41180bc950f38a6c36198b4d25252d4db896.png,ComplexDataLab/OpenFake,low,1,0.9888461232185364
a03da41bab0ddfc6649181191a85c0d392830bcc9fda840194acb6a45a10de19,data/datasets/openfake/pilot-600/images/fake/a03da41bab0ddfc6649181191a85c0d392830bcc9fda840194acb6a45a10de19.png,ComplexDataLab/OpenFake,medium,1,0.8443341255187988
a0b2e9a60b87b8b09ed643dd8c21814f45f73aec095f72f88cad0e338077d0c4,data/datasets/openfake/additional-900/images/fake/a0b2e9a60b87b8b09ed643dd8c21814f45f73aec095f72f88cad0e338077d0c4.png,ComplexDataLab/OpenFake,medium,1,0.9374642372131348
a1860559fe75c8c80ac4db69a2b5eb470ce1860acf15aeea4bc4b8b0d2212107,data/datasets/openfake/additional-900/images/real/a1860559fe75c8c80ac4db69a2b5eb470ce1860acf15aeea4bc4b8b0d2212107.jpg,ComplexDataLab/OpenFake,medium,0,0.6501717567443848
a1c196021589074be4c3d7c1521343334ca04c422058c4747712943612ca58a4,data/datasets/openfake/additional-900/images/fake/a1c196021589074be4c3d7c1521343334ca04c422058c4747712943612ca58a4.png,ComplexDataLab/OpenFake,medium,1,0.9985951781272888
a2068919ac054b2d5ca07f31abaa7d34316d4c0103296de9c5f636f263b60c17,data/datasets/openfake/pilot-600/images/fake/a2068919ac054b2d5ca07f31abaa7d34316d4c0103296de9c5f636f263b60c17.png,ComplexDataLab/OpenFake,low,1,0.820203959941864
a232797add332691a5943af9cf1f3389fa8b66758113b4ef925d9b7f0c1da3da,data/datasets/openfake/pilot-600/images/real/a232797add332691a5943af9cf1f3389fa8b66758113b4ef925d9b7f0c1da3da.jpg,ComplexDataLab/OpenFake,medium,0,0.014096949249505997
a24002f8bc0c92108d006e0c3b8c1c7ca0891e2b3c8cf4ee3ee2ad3af20e2438,data/datasets/openfake/additional-900/images/fake/a24002f8bc0c92108d006e0c3b8c1c7ca0891e2b3c8cf4ee3ee2ad3af20e2438.png,ComplexDataLab/OpenFake,medium,1,0.9971555471420288
a26970d1851bd2a7db8b9d5999b93c5856378d3b75c54b34480a9a67eff13682,data/datasets/openfake/additional-900/images/real/a26970d1851bd2a7db8b9d5999b93c5856378d3b75c54b34480a9a67eff13682.jpg,ComplexDataLab/OpenFake,low,0,0.15394797921180725
a2aee8abda8796864a14211e37e6e00d1a318ebb0c2427d59894827d049acb04,data/datasets/openfake/additional-900/images/fake/a2aee8abda8796864a14211e37e6e00d1a318ebb0c2427d59894827d049acb04.png,ComplexDataLab/OpenFake,medium,1,0.9888796806335449
a2c7603f7930ed3763a5a669e5bc540b291bedec59a7749fced8383f545d3abe,data/datasets/openfake/additional-900/images/real/a2c7603f7930ed3763a5a669e5bc540b291bedec59a7749fced8383f545d3abe.jpg,ComplexDataLab/OpenFake,medium,0,1.895166133181192e-05
a2df70027902a05bf6a2260333cb23796db56ff66d095d440e7a0d78d2327e3b,data/datasets/openfake/pilot-600/images/real/a2df70027902a05bf6a2260333cb23796db56ff66d095d440e7a0d78d2327e3b.jpg,ComplexDataLab/OpenFake,medium,0,0.9270965456962585
a30dbf1ff0aff6be6b77d354824d067721399d93ea030879b0d321ee4ab0d081,data/datasets/openfake/pilot-600/images/real/a30dbf1ff0aff6be6b77d354824d067721399d93ea030879b0d321ee4ab0d081.jpg,ComplexDataLab/OpenFake,medium,0,0.23626917600631714
a30e54112556fd00846c892a583e5ce6586802f0c7a0150c0e21efadccb38cc4,data/datasets/openfake/additional-900/images/fake/a30e54112556fd00846c892a583e5ce6586802f0c7a0150c0e21efadccb38cc4.png,ComplexDataLab/OpenFake,medium,1,0.4556056559085846
a34772eea57dc36be07304b32b0595998285bc0fe647ebfcda0a7994c629a600,data/datasets/openfake/additional-900/images/fake/a34772eea57dc36be07304b32b0595998285bc0fe647ebfcda0a7994c629a600.png,ComplexDataLab/OpenFake,medium,1,0.9896005392074585
a3945b578fd3c4fb7756daede652bfe6348817b72f7a20949253be43f9dddf76,data/datasets/openfake/pilot-600/images/fake/a3945b578fd3c4fb7756daede652bfe6348817b72f7a20949253be43f9dddf76.png,ComplexDataLab/OpenFake,medium,1,0.4193154275417328
a3bbca22bae8f6b1738c81045c1cd2073ce4294fd6580a88c796f9f6b98dd395,data/datasets/openfake/additional-900/images/fake/a3bbca22bae8f6b1738c81045c1cd2073ce4294fd6580a88c796f9f6b98dd395.png,ComplexDataLab/OpenFake,medium,1,0.9993579983711243
a42f808877939f32ed5bf4c00408cb11f1d068151cbd30c6f5cde3864bd69b14,data/datasets/openfake/additional-900/images/real/a42f808877939f32ed5bf4c00408cb11f1d068151cbd30c6f5cde3864bd69b14.jpg,ComplexDataLab/OpenFake,medium,0,0.020418932661414146
a54653d18d860f574bf25a7b6590db5617601f005620e2e1fd01f15d77fc80b4,data/datasets/openfake/pilot-600/images/real/a54653d18d860f574bf25a7b6590db5617601f005620e2e1fd01f15d77fc80b4.jpg,ComplexDataLab/OpenFake,medium,0,0.0018749769078567624
a54c3c60bbd22f760b376280ad4b0b093966ac7f27f5f60c707d99020ea3d81c,data/datasets/openfake/pilot-600/images/real/a54c3c60bbd22f760b376280ad4b0b093966ac7f27f5f60c707d99020ea3d81c.jpg,ComplexDataLab/OpenFake,medium,0,0.004020331427454948
a56b316efe35d7202f360488bfcb289010b1a5ef56b9438c96f87dea37c9de45,data/datasets/openfake/additional-900/images/fake/a56b316efe35d7202f360488bfcb289010b1a5ef56b9438c96f87dea37c9de45.png,ComplexDataLab/OpenFake,low,1,0.691596269607544
a56dda3f2c41c55ac80e9f9ce0172321f207e56896e1a5861d219e68ec6574d1,data/datasets/openfake/additional-900/images/fake/a56dda3f2c41c55ac80e9f9ce0172321f207e56896e1a5861d219e68ec6574d1.png,ComplexDataLab/OpenFake,medium,1,0.9771358966827393
a58cd4d42e9a3f2ed63c083b0e12ad0aaf501821d46393fe6a1cb981ead82361,data/datasets/openfake/pilot-600/images/real/a58cd4d42e9a3f2ed63c083b0e12ad0aaf501821d46393fe6a1cb981ead82361.jpg,ComplexDataLab/OpenFake,medium,0,0.29115864634513855
a590a0d5e98e886fbf1daa2ce4de18c2aeafd0ae24c8b4a4cbd02d2d3977b80c,data/datasets/openfake/additional-900/images/real/a590a0d5e98e886fbf1daa2ce4de18c2aeafd0ae24c8b4a4cbd02d2d3977b80c.jpg,ComplexDataLab/OpenFake,medium,0,0.00021844003640580922
a5a17a2807b08d7682a4d8bb8be04d90f574516a3629a82ebc87f761d37095aa,data/datasets/openfake/additional-900/images/real/a5a17a2807b08d7682a4d8bb8be04d90f574516a3629a82ebc87f761d37095aa.jpg,ComplexDataLab/OpenFake,low,0,0.8820542097091675
a5ab23851bd0ef445f3b14709099d9aed893b458039a34776af433bdb61c5cd3,data/datasets/openfake/additional-900/images/fake/a5ab23851bd0ef445f3b14709099d9aed893b458039a34776af433bdb61c5cd3.jpg,ComplexDataLab/OpenFake,medium,1,0.03626611828804016
a62e5b2c5bd39f3184b596e644ccb891add30206de2a55161233113c1d97d4c7,data/datasets/openfake/pilot-600/images/real/a62e5b2c5bd39f3184b596e644ccb891add30206de2a55161233113c1d97d4c7.jpg,ComplexDataLab/OpenFake,medium,0,0.02010657638311386
a644353320ccebfe735ca7507dcfe5399a644339803846cfed85a13af39009bb,data/datasets/openfake/pilot-600/images/real/a644353320ccebfe735ca7507dcfe5399a644339803846cfed85a13af39009bb.jpg,ComplexDataLab/OpenFake,medium,0,0.0029591417405754328
a68da55ffe02afda500b5695d3a3a4ffd9e4f304dca4fb5679b52f36ae320618,data/datasets/openfake/additional-900/images/fake/a68da55ffe02afda500b5695d3a3a4ffd9e4f304dca4fb5679b52f36ae320618.png,ComplexDataLab/OpenFake,medium,1,0.47899916768074036
a6dfe42179857c5936b2db20ce3450e565db999581f181fc5ae5286ead8f9d55,data/datasets/openfake/additional-900/images/real/a6dfe42179857c5936b2db20ce3450e565db999581f181fc5ae5286ead8f9d55.jpg,ComplexDataLab/OpenFake,medium,0,0.00048820607480593026
a6f8644b2e1f40fa19e77571907627e6adab01ecfd2cfd729dbb96d7ec9e2457,data/datasets/openfake/additional-900/images/real/a6f8644b2e1f40fa19e77571907627e6adab01ecfd2cfd729dbb96d7ec9e2457.jpg,ComplexDataLab/OpenFake,low,0,0.0026506255380809307
a700b20162e022a552f81c5d13a29d34a74dc06c1801b044bf43304f348afa2b,data/datasets/openfake/additional-900/images/real/a700b20162e022a552f81c5d13a29d34a74dc06c1801b044bf43304f348afa2b.jpg,ComplexDataLab/OpenFake,medium,0,0.4161330759525299
a76077f4474996b5a3058477f22e35c7f14e52c62bcff843b0a399764776a3a8,data/datasets/openfake/additional-900/images/fake/a76077f4474996b5a3058477f22e35c7f14e52c62bcff843b0a399764776a3a8.png,ComplexDataLab/OpenFake,low,1,0.904420018196106
a7a1244583e789dfb4fedf56adfb1375791c9ed2addfb02125177de534c38c6a,data/datasets/openfake/additional-900/images/fake/a7a1244583e789dfb4fedf56adfb1375791c9ed2addfb02125177de534c38c6a.png,ComplexDataLab/OpenFake,medium,1,0.8190109133720398
a7f0ffe61c5beccef27634e4764d881496417ce29712969925336cdc4e47a7f6,data/datasets/openfake/additional-900/images/real/a7f0ffe61c5beccef27634e4764d881496417ce29712969925336cdc4e47a7f6.jpg,ComplexDataLab/OpenFake,medium,0,0.006654041353613138
a7fc59057a322d10c7bdd331a0835e86fb785bae267c44cce7f721d09dbf89eb,data/datasets/openfake/additional-900/images/fake/a7fc59057a322d10c7bdd331a0835e86fb785bae267c44cce7f721d09dbf89eb.jpg,ComplexDataLab/OpenFake,low,1,0.06455522775650024
a828fd606565c96b84a22eb985498cb085861063f0f0e3960abb14c86ea1b42d,data/datasets/openfake/pilot-600/images/fake/a828fd606565c96b84a22eb985498cb085861063f0f0e3960abb14c86ea1b42d.png,ComplexDataLab/OpenFake,low,1,0.9922366738319397
a893fd91b9be62d488a1bd290a6e41fda6dca8e2238c09a04eb07774948754ec,data/datasets/openfake/additional-900/images/fake/a893fd91b9be62d488a1bd290a6e41fda6dca8e2238c09a04eb07774948754ec.png,ComplexDataLab/OpenFake,medium,1,0.9856278896331787
a8956a5346936cd0769d1a17aa41ffa452fd4fce3003208e2857eb1f495a260a,data/datasets/openfake/additional-900/images/real/a8956a5346936cd0769d1a17aa41ffa452fd4fce3003208e2857eb1f495a260a.jpg,ComplexDataLab/OpenFake,medium,0,0.016191421076655388
a897890a68519d43deb360bde55c49aaadd83107ffc7e2783d72f5c3b8d49b1d,data/datasets/openfake/additional-900/images/fake/a897890a68519d43deb360bde55c49aaadd83107ffc7e2783d72f5c3b8d49b1d.png,ComplexDataLab/OpenFake,medium,1,0.7132512331008911
a8a0c41691a1840784e54d8b5d75e41b4344b8dc02eefba608bb7497556e3c79,data/datasets/openfake/pilot-600/images/real/a8a0c41691a1840784e54d8b5d75e41b4344b8dc02eefba608bb7497556e3c79.jpg,ComplexDataLab/OpenFake,medium,0,0.011171919293701649
a8cf7be2641fe71f88f29b5c83880283001dea7233114fa3e6ac095240a8d536,data/datasets/openfake/additional-900/images/real/a8cf7be2641fe71f88f29b5c83880283001dea7233114fa3e6ac095240a8d536.jpg,ComplexDataLab/OpenFake,medium,0,0.7981281876564026
a8e8f89f24a5fbd3e19f21a933848c30ede18e17201a04f46f4f010d36ecdced,data/datasets/openfake/additional-900/images/real/a8e8f89f24a5fbd3e19f21a933848c30ede18e17201a04f46f4f010d36ecdced.jpg,ComplexDataLab/OpenFake,low,0,0.44991663098335266
a94d1e9d4d91af69e100dd5cfb2edf6c245d53a0f0c6e26ce6806028047aeae2,data/datasets/openfake/pilot-600/images/fake/a94d1e9d4d91af69e100dd5cfb2edf6c245d53a0f0c6e26ce6806028047aeae2.jpg,ComplexDataLab/OpenFake,low,1,0.022913238033652306
a988a181761dbb518f36eade7235514f30ccad851bce02348d32799419b5ffad,data/datasets/openfake/additional-900/images/fake/a988a181761dbb518f36eade7235514f30ccad851bce02348d32799419b5ffad.png,ComplexDataLab/OpenFake,medium,1,0.11931868642568588
a9becb885763732c1d5938e4b43e5ba7ca494d3ca6a0d75729f7791c4a9a060e,data/datasets/openfake/pilot-600/images/real/a9becb885763732c1d5938e4b43e5ba7ca494d3ca6a0d75729f7791c4a9a060e.jpg,ComplexDataLab/OpenFake,medium,0,0.4840683341026306
a9c38230e5b3517ac74b8e2cb249d6e6f0e78373743bd3b2b09d0fc0a0a5d868,data/datasets/openfake/additional-900/images/real/a9c38230e5b3517ac74b8e2cb249d6e6f0e78373743bd3b2b09d0fc0a0a5d868.jpg,ComplexDataLab/OpenFake,low,0,0.92274010181427
a9ce74cefdd2a2f4e7c8376cba09456b88735831bc8ae4dd9b0c71b73fcac432,data/datasets/openfake/additional-900/images/fake/a9ce74cefdd2a2f4e7c8376cba09456b88735831bc8ae4dd9b0c71b73fcac432.png,ComplexDataLab/OpenFake,medium,1,0.11183931678533554
a9d929b2aeae89aaeaf6dc22e5dfcb8b3e5e5190df3a52bdd6d760f037d45bd9,data/datasets/openfake/pilot-600/images/real/a9d929b2aeae89aaeaf6dc22e5dfcb8b3e5e5190df3a52bdd6d760f037d45bd9.jpg,ComplexDataLab/OpenFake,low,0,0.10969255119562149
aa0a079e62900c61cd0e7406339ae6459e4fdb4303a208fd577e75c88fe8405d,data/datasets/openfake/additional-900/images/real/aa0a079e62900c61cd0e7406339ae6459e4fdb4303a208fd577e75c88fe8405d.jpg,ComplexDataLab/OpenFake,medium,0,0.0031933817081153393
aa9508ff8794f2b1151073df6b25eab2eed788814959e1580bc21653625f35d7,data/datasets/openfake/pilot-600/images/real/aa9508ff8794f2b1151073df6b25eab2eed788814959e1580bc21653625f35d7.jpg,ComplexDataLab/OpenFake,medium,0,0.20115108788013458
aaa78c2f9b2e06b915e94acf01c25a1e75d7d69b109eb13bee262302757a8a81,data/datasets/openfake/additional-900/images/fake/aaa78c2f9b2e06b915e94acf01c25a1e75d7d69b109eb13bee262302757a8a81.webp,ComplexDataLab/OpenFake,medium,1,0.8370400667190552
aac36c7b5a4d0d8ca525f7aef4b6e58bc1e27cc6b76124df78cb685bc80fb355,data/datasets/openfake/additional-900/images/fake/aac36c7b5a4d0d8ca525f7aef4b6e58bc1e27cc6b76124df78cb685bc80fb355.png,ComplexDataLab/OpenFake,medium,1,0.5383643507957458
aafff8b7daa172abe264327d4c129732fd4a4fcf98d566fd8f27bea61cdea30d,data/datasets/openfake/additional-900/images/fake/aafff8b7daa172abe264327d4c129732fd4a4fcf98d566fd8f27bea61cdea30d.png,ComplexDataLab/OpenFake,medium,1,0.9989894032478333
ab23ad0ada7ac2459f40fcec3392d395ec3652c471f98ef1b1cdd40b74035e7e,data/datasets/openfake/additional-900/images/real/ab23ad0ada7ac2459f40fcec3392d395ec3652c471f98ef1b1cdd40b74035e7e.jpg,ComplexDataLab/OpenFake,low,0,0.4289895296096802
ab2bdd5044f03f998261a135b62fe176371819876566f03916da85e6cbe3517c,data/datasets/openfake/pilot-600/images/fake/ab2bdd5044f03f998261a135b62fe176371819876566f03916da85e6cbe3517c.png,ComplexDataLab/OpenFake,medium,1,0.22427372634410858
ab3280b08d474b9d64bf188064e5553545fbd93904c082ea6ccc3ca6ef2f319b,data/datasets/openfake/additional-900/images/fake/ab3280b08d474b9d64bf188064e5553545fbd93904c082ea6ccc3ca6ef2f319b.jpg,ComplexDataLab/OpenFake,medium,1,0.39704322814941406
ab9c4619643a3079281aeec8e4a699d5f9a500dd0291d2b2d335718213344bcb,data/datasets/openfake/additional-900/images/real/ab9c4619643a3079281aeec8e4a699d5f9a500dd0291d2b2d335718213344bcb.jpg,ComplexDataLab/OpenFake,medium,0,0.0007475904421880841
abf623a8aeb0db5ecbe4a5c14f74d1e739867bc215a91cfef9cf6ad67548b1e7,data/datasets/openfake/pilot-600/images/fake/abf623a8aeb0db5ecbe4a5c14f74d1e739867bc215a91cfef9cf6ad67548b1e7.png,ComplexDataLab/OpenFake,low,1,0.9826517105102539
ac464abb6b3a28436d73b4ec81b207d96a06e4a98535297862272b3617ea1380,data/datasets/openfake/additional-900/images/fake/ac464abb6b3a28436d73b4ec81b207d96a06e4a98535297862272b3617ea1380.png,ComplexDataLab/OpenFake,low,1,0.9871373176574707
ac4f8f9e6e90f1eef921fbaf594e05f85caa9b0f423de88989498507b4a5a12b,data/datasets/openfake/additional-900/images/fake/ac4f8f9e6e90f1eef921fbaf594e05f85caa9b0f423de88989498507b4a5a12b.png,ComplexDataLab/OpenFake,low,1,0.9974324107170105
ac68d5be6a7ae33005e523236dd668a747112068d2e22fae097e61f96849538f,data/datasets/openfake/additional-900/images/fake/ac68d5be6a7ae33005e523236dd668a747112068d2e22fae097e61f96849538f.png,ComplexDataLab/OpenFake,low,1,0.9576637744903564
ac89f8ff6b82e2b31a0088bf37e07de09bef34931cd9dbdbf68d770a1d101b6f,data/datasets/openfake/additional-900/images/real/ac89f8ff6b82e2b31a0088bf37e07de09bef34931cd9dbdbf68d770a1d101b6f.jpg,ComplexDataLab/OpenFake,low,0,0.22238227725028992
ad2a1852fca3dbe822f9c6c88b02d28b0d9738191ad090ce08c9265761e2ce1d,data/datasets/openfake/additional-900/images/fake/ad2a1852fca3dbe822f9c6c88b02d28b0d9738191ad090ce08c9265761e2ce1d.png,ComplexDataLab/OpenFake,low,1,0.977185070514679
ad2d31d1e6cd53ca72954181803d66a882110fc192875153c1d12529916a4a05,data/datasets/openfake/additional-900/images/real/ad2d31d1e6cd53ca72954181803d66a882110fc192875153c1d12529916a4a05.jpg,ComplexDataLab/OpenFake,medium,0,8.481394615955651e-05
ad4f3741e1f35e5ad414fd59346c64e0fadd62c466bd761f5914cc6862789830,data/datasets/openfake/pilot-600/images/real/ad4f3741e1f35e5ad414fd59346c64e0fadd62c466bd761f5914cc6862789830.jpg,ComplexDataLab/OpenFake,low,0,0.00028274510987102985
ad80b318e713a9810ff1b10aa50781634729a41971bd4bdfd9d27293434944c7,data/datasets/openfake/pilot-600/images/fake/ad80b318e713a9810ff1b10aa50781634729a41971bd4bdfd9d27293434944c7.png,ComplexDataLab/OpenFake,medium,1,0.9595749378204346
ad9ab8d455fa79aaebc6086ce1601116a1eecd3e28713ee770cc0da41634437b,data/datasets/openfake/pilot-600/images/real/ad9ab8d455fa79aaebc6086ce1601116a1eecd3e28713ee770cc0da41634437b.jpg,ComplexDataLab/OpenFake,medium,0,0.00498383492231369
adaa1545033358172f85937dec9993673c5ebf5909203b7fce894137a7f09358,data/datasets/openfake/pilot-600/images/fake/adaa1545033358172f85937dec9993673c5ebf5909203b7fce894137a7f09358.png,ComplexDataLab/OpenFake,low,1,0.737994909286499
adb0ed7fc500633cfc7a1739e081a2413935e7eeecb417f27817ad2d38bb53ba,data/datasets/openfake/pilot-600/images/real/adb0ed7fc500633cfc7a1739e081a2413935e7eeecb417f27817ad2d38bb53ba.jpg,ComplexDataLab/OpenFake,low,0,0.002207564190030098
adcfe620fd1d62c67d840e91b53f43a0133904d02c1a8aa44b20edee7687e1cc,data/datasets/openfake/additional-900/images/fake/adcfe620fd1d62c67d840e91b53f43a0133904d02c1a8aa44b20edee7687e1cc.png,ComplexDataLab/OpenFake,low,1,0.9989988207817078
addbf5d2ce48d2d20d05430bdfa36f4e3f44ab23032a55427d95cd4ed01d0b24,data/datasets/openfake/additional-900/images/real/addbf5d2ce48d2d20d05430bdfa36f4e3f44ab23032a55427d95cd4ed01d0b24.jpg,ComplexDataLab/OpenFake,medium,0,0.8984473347663879
ade5ca43c55b8acfbfe979395fb3c0ed00143dd474baea1937ed7140cbe0e286,data/datasets/openfake/additional-900/images/real/ade5ca43c55b8acfbfe979395fb3c0ed00143dd474baea1937ed7140cbe0e286.jpg,ComplexDataLab/OpenFake,medium,0,0.00366025697439909
ade9fd796ab48a0acae88445732fc1baef4e7cbd245de21720712c2cb096beb1,data/datasets/openfake/pilot-600/images/fake/ade9fd796ab48a0acae88445732fc1baef4e7cbd245de21720712c2cb096beb1.png,ComplexDataLab/OpenFake,medium,1,0.5431922674179077
adf70639c140b6e8fc7773e00d3bad84071a38d2e59b918672c34cb8f982d449,data/datasets/openfake/additional-900/images/fake/adf70639c140b6e8fc7773e00d3bad84071a38d2e59b918672c34cb8f982d449.png,ComplexDataLab/OpenFake,medium,1,0.2955058217048645
aea0008075233ac7465687e71ea6998a0d0968c6d73df4adc7b5d651b2e1ddd8,data/datasets/openfake/pilot-600/images/real/aea0008075233ac7465687e71ea6998a0d0968c6d73df4adc7b5d651b2e1ddd8.jpg,ComplexDataLab/OpenFake,medium,0,0.48384761810302734
aef3e9d6a5d9b83031a02c863ca4af7f311f6554db680c6984f3beec62244303,data/datasets/openfake/pilot-600/images/fake/aef3e9d6a5d9b83031a02c863ca4af7f311f6554db680c6984f3beec62244303.jpg,ComplexDataLab/OpenFake,low,1,0.18490059673786163
aefdf042d2cb50e66ba072d2a92acfeed4bba95d659472cb85153aaf883a5eaf,data/datasets/openfake/pilot-600/images/fake/aefdf042d2cb50e66ba072d2a92acfeed4bba95d659472cb85153aaf883a5eaf.png,ComplexDataLab/OpenFake,low,1,0.9995017051696777
af36666f1eaaf06ee2255eb818ffe5da130fed88269ec09ccf4b1f1ac2314945,data/datasets/openfake/pilot-600/images/fake/af36666f1eaaf06ee2255eb818ffe5da130fed88269ec09ccf4b1f1ac2314945.png,ComplexDataLab/OpenFake,medium,1,0.9636682868003845
af3a1f1c88de8bdad6f12dd9068349c6f6952a9886f3eb13e181ba3131da6531,data/datasets/openfake/pilot-600/images/real/af3a1f1c88de8bdad6f12dd9068349c6f6952a9886f3eb13e181ba3131da6531.jpg,ComplexDataLab/OpenFake,medium,0,0.14811429381370544
af3a266205489d1d0093c5d4713a9851ad6e2b321b1c991abb11472143b05db4,data/datasets/openfake/pilot-600/images/fake/af3a266205489d1d0093c5d4713a9851ad6e2b321b1c991abb11472143b05db4.png,ComplexDataLab/OpenFake,medium,1,0.9154141545295715
af49f5b7e1f568ab3b7e461d7e8ecb1bd8de72df02189e1f7f2d9fb1e608779a,data/datasets/openfake/additional-900/images/real/af49f5b7e1f568ab3b7e461d7e8ecb1bd8de72df02189e1f7f2d9fb1e608779a.jpg,ComplexDataLab/OpenFake,low,0,0.004212260711938143
af4f203010be0cfad83dae2cc43e5a0fccb1fd1e229f2793beeb29ceb3e530c8,data/datasets/openfake/additional-900/images/fake/af4f203010be0cfad83dae2cc43e5a0fccb1fd1e229f2793beeb29ceb3e530c8.png,ComplexDataLab/OpenFake,medium,1,0.6813822984695435
af5a0a45d756b394b9b7ea31602fb226f31d0e6e317ceaec329564806e5026d6,data/datasets/openfake/pilot-600/images/real/af5a0a45d756b394b9b7ea31602fb226f31d0e6e317ceaec329564806e5026d6.jpg,ComplexDataLab/OpenFake,medium,0,0.0006753110210411251
afa0af2464bfd2bed635039e1e0034b7faad566faf0502a4d4fb161bb722e04e,data/datasets/openfake/pilot-600/images/real/afa0af2464bfd2bed635039e1e0034b7faad566faf0502a4d4fb161bb722e04e.jpg,ComplexDataLab/OpenFake,medium,0,0.5456171035766602
afb84a89320987580f1d1360bbb2f3c9ce796e14c9a57f571600e9b47309a250,data/datasets/openfake/pilot-600/images/real/afb84a89320987580f1d1360bbb2f3c9ce796e14c9a57f571600e9b47309a250.jpg,ComplexDataLab/OpenFake,low,0,0.02641553431749344
afc67d1b3f2786cd231a6cd967f74fb79bb5d2df3d52b09892d6748e0516578e,data/datasets/openfake/additional-900/images/real/afc67d1b3f2786cd231a6cd967f74fb79bb5d2df3d52b09892d6748e0516578e.jpg,ComplexDataLab/OpenFake,medium,0,0.0068864282220602036
afe22a3edcb7326e1ea4f41b72237c373cf05793ff7114b5a8fe995ab4794e38,data/datasets/openfake/pilot-600/images/fake/afe22a3edcb7326e1ea4f41b72237c373cf05793ff7114b5a8fe995ab4794e38.png,ComplexDataLab/OpenFake,low,1,0.9877464771270752
b06b91bf0874507bd3d6ddf7da178df5167b5507ce7d29682f3be085cb12bc36,data/datasets/openfake/additional-900/images/fake/b06b91bf0874507bd3d6ddf7da178df5167b5507ce7d29682f3be085cb12bc36.png,ComplexDataLab/OpenFake,medium,1,0.7584808468818665
b06fe9bfbccc361c79f6c2e6df7f7d79c6530b41d7cc427c6971cf7c27514671,data/datasets/openfake/additional-900/images/real/b06fe9bfbccc361c79f6c2e6df7f7d79c6530b41d7cc427c6971cf7c27514671.jpg,ComplexDataLab/OpenFake,medium,0,0.06327439844608307
b0d348036ed6f32468addd56e1cbac2c9ae56a051bfe63e0f18dab58f59ef991,data/datasets/openfake/pilot-600/images/real/b0d348036ed6f32468addd56e1cbac2c9ae56a051bfe63e0f18dab58f59ef991.jpg,ComplexDataLab/OpenFake,medium,0,0.6062713265419006
b0e8dd9b3a5310dda59b3caba6a4c6bfe8ea97a6235a8c144c70a2cf24da5506,data/datasets/openfake/additional-900/images/fake/b0e8dd9b3a5310dda59b3caba6a4c6bfe8ea97a6235a8c144c70a2cf24da5506.png,ComplexDataLab/OpenFake,medium,1,0.9990594983100891
b105b92089defc43abdad543639f89f13d692f30d94142a34a823702b32cd580,data/datasets/openfake/additional-900/images/real/b105b92089defc43abdad543639f89f13d692f30d94142a34a823702b32cd580.jpg,ComplexDataLab/OpenFake,low,0,0.0006633182638324797
b118ae31d79d0693f714fb959fb0427d2b02390cfeea7444d1f7ba23f964b8f3,data/datasets/openfake/pilot-600/images/fake/b118ae31d79d0693f714fb959fb0427d2b02390cfeea7444d1f7ba23f964b8f3.png,ComplexDataLab/OpenFake,low,1,0.9701407551765442
b15e44ed3282127ff2a175d4545be9fef4d6fe48924d20f698d5b700aa9c81eb,data/datasets/openfake/pilot-600/images/real/b15e44ed3282127ff2a175d4545be9fef4d6fe48924d20f698d5b700aa9c81eb.jpg,ComplexDataLab/OpenFake,medium,0,0.0005873700138181448
b19f7071b020fbbbbd63f39bf157207085357ad3ea2a70e3d0268972aa97b6b1,data/datasets/openfake/additional-900/images/fake/b19f7071b020fbbbbd63f39bf157207085357ad3ea2a70e3d0268972aa97b6b1.png,ComplexDataLab/OpenFake,low,1,0.9813824892044067
b26dadb94a1457f74cb1bc2d52c883584643b00c13fc95475712085bc14ad729,data/datasets/openfake/additional-900/images/real/b26dadb94a1457f74cb1bc2d52c883584643b00c13fc95475712085bc14ad729.jpg,ComplexDataLab/OpenFake,medium,0,0.16895069181919098
b2820b1035e777f80163a27d9ec7fc74a93885e736a94764821eb81c6e98420e,data/datasets/openfake/pilot-600/images/real/b2820b1035e777f80163a27d9ec7fc74a93885e736a94764821eb81c6e98420e.jpg,ComplexDataLab/OpenFake,medium,0,0.700381875038147
b29a5fdc6543db88e4015480882499ae224b0c242922dd56780fe3a90ecfa416,data/datasets/openfake/additional-900/images/real/b29a5fdc6543db88e4015480882499ae224b0c242922dd56780fe3a90ecfa416.jpg,ComplexDataLab/OpenFake,medium,0,0.8825893998146057
b2ade3507df358993f3278c95ede5a31b740f730c952c1dc050b98204e6fd888,data/datasets/openfake/additional-900/images/fake/b2ade3507df358993f3278c95ede5a31b740f730c952c1dc050b98204e6fd888.png,ComplexDataLab/OpenFake,low,1,0.6836342811584473
b2cb739e1aa38e73ea7cd9b849294027374eb622d0c00c036e907a3e6ff094cc,data/datasets/openfake/additional-900/images/fake/b2cb739e1aa38e73ea7cd9b849294027374eb622d0c00c036e907a3e6ff094cc.png,ComplexDataLab/OpenFake,low,1,0.9946885108947754
b2db9a5933cb0d8157bf8530007891406a7486c3be447c8cf9a62c8d4333f90d,data/datasets/openfake/pilot-600/images/fake/b2db9a5933cb0d8157bf8530007891406a7486c3be447c8cf9a62c8d4333f90d.png,ComplexDataLab/OpenFake,medium,1,0.9979228377342224
b304b7cacb2762e3046f1f9abe4ad134311e1ab82e99c2826186343181c3420e,data/datasets/openfake/additional-900/images/real/b304b7cacb2762e3046f1f9abe4ad134311e1ab82e99c2826186343181c3420e.jpg,ComplexDataLab/OpenFake,medium,0,0.06853397935628891
b31118259ef88ed58ce1ffb0ffb3670cd87485d903f65f7a89b40f4c5672f2a8,data/datasets/openfake/pilot-600/images/fake/b31118259ef88ed58ce1ffb0ffb3670cd87485d903f65f7a89b40f4c5672f2a8.png,ComplexDataLab/OpenFake,medium,1,0.9962074756622314
b3178540a1dff17f292fc29bbccf2e3b163ce1cba926c0c5c9cf81014fa9b60b,data/datasets/openfake/additional-900/images/fake/b3178540a1dff17f292fc29bbccf2e3b163ce1cba926c0c5c9cf81014fa9b60b.png,ComplexDataLab/OpenFake,medium,1,0.9964622855186462
b31ef476dd98de94f0945bc4d79aab2c6171f8129dae0cfd34a16268b7a5e5bb,data/datasets/openfake/pilot-600/images/fake/b31ef476dd98de94f0945bc4d79aab2c6171f8129dae0cfd34a16268b7a5e5bb.png,ComplexDataLab/OpenFake,medium,1,0.9784718155860901
b36405f5b003015e0e77730044c8d9c045d185f38f664074b8a49c0e7c8572d4,data/datasets/openfake/additional-900/images/real/b36405f5b003015e0e77730044c8d9c045d185f38f664074b8a49c0e7c8572d4.jpg,ComplexDataLab/OpenFake,low,0,0.04280134662985802
b39392ed2ca5b09387a05792ca33e49e5908886a6189c9b5b62697276ce50161,data/datasets/openfake/additional-900/images/real/b39392ed2ca5b09387a05792ca33e49e5908886a6189c9b5b62697276ce50161.jpg,ComplexDataLab/OpenFake,medium,0,0.1788095384836197
b39e3fed2170bd86b1c480010a2e967f402c1a0173dd3a3f4ad90cc89d765ab3,data/datasets/openfake/additional-900/images/real/b39e3fed2170bd86b1c480010a2e967f402c1a0173dd3a3f4ad90cc89d765ab3.jpg,ComplexDataLab/OpenFake,medium,0,0.02001764439046383
b3fce137d48976ef19a1f4c472b67b2a5b457a1da0b0f12facb3276f6dbf800f,data/datasets/openfake/pilot-600/images/real/b3fce137d48976ef19a1f4c472b67b2a5b457a1da0b0f12facb3276f6dbf800f.jpg,ComplexDataLab/OpenFake,medium,0,0.0009116624132730067
b44c9a053998797db98f9150636ced9dda2e5f916f76546f33eae271ba3274aa,data/datasets/openfake/additional-900/images/fake/b44c9a053998797db98f9150636ced9dda2e5f916f76546f33eae271ba3274aa.jpg,ComplexDataLab/OpenFake,high,1,0.06926684826612473
b456c31ac936247b1cc4ac4ec9517352d4723a4ab32156d0078923ad07b7bfe6,data/datasets/openfake/pilot-600/images/real/b456c31ac936247b1cc4ac4ec9517352d4723a4ab32156d0078923ad07b7bfe6.jpg,ComplexDataLab/OpenFake,medium,0,0.1239611878991127
b4597167dc83abb60faaca3719f92b6da9451bc17a55b972f6c10dcd1d74addd,data/datasets/openfake/additional-900/images/fake/b4597167dc83abb60faaca3719f92b6da9451bc17a55b972f6c10dcd1d74addd.png,ComplexDataLab/OpenFake,medium,1,0.9567915797233582
b46ef81de7dfd73e8534651ae9e69fa2cbcdaeaaf9dc6fe0b1211eea479ee885,data/datasets/openfake/pilot-600/images/fake/b46ef81de7dfd73e8534651ae9e69fa2cbcdaeaaf9dc6fe0b1211eea479ee885.png,ComplexDataLab/OpenFake,low,1,0.999030590057373
b49ac49754b262b30bcb623611174f7de0a8b671b629e1a44060f6301063797a,data/datasets/openfake/pilot-600/images/fake/b49ac49754b262b30bcb623611174f7de0a8b671b629e1a44060f6301063797a.png,ComplexDataLab/OpenFake,medium,1,0.9878467917442322
b49e257e2494856054e81dee2aff78ccccf05514805ed5838e47882d68ca611f,data/datasets/openfake/additional-900/images/real/b49e257e2494856054e81dee2aff78ccccf05514805ed5838e47882d68ca611f.jpg,ComplexDataLab/OpenFake,low,0,0.48865583539009094
b4a82aa390209e5446a22261041ef120fc4081c08e6f9eba1809a77fbd262b62,data/datasets/openfake/additional-900/images/real/b4a82aa390209e5446a22261041ef120fc4081c08e6f9eba1809a77fbd262b62.jpg,ComplexDataLab/OpenFake,low,0,0.7947975993156433
b4abd5589bd9165beedc0a89393228cd42d03f8181f782adf3568cfd53cb46f3,data/datasets/openfake/pilot-600/images/fake/b4abd5589bd9165beedc0a89393228cd42d03f8181f782adf3568cfd53cb46f3.png,ComplexDataLab/OpenFake,low,1,0.9968461394309998
b4aee5b2db92b4199f8fb2cf2e0c118f26d4acbc51a24aad29d2861a1072e495,data/datasets/openfake/additional-900/images/fake/b4aee5b2db92b4199f8fb2cf2e0c118f26d4acbc51a24aad29d2861a1072e495.png,ComplexDataLab/OpenFake,medium,1,0.9584256410598755
b4bd8706ed1bd8820f2e682dc9acf18c6eb3cf3e4cc23f23d356ead38953987c,data/datasets/openfake/pilot-600/images/fake/b4bd8706ed1bd8820f2e682dc9acf18c6eb3cf3e4cc23f23d356ead38953987c.png,ComplexDataLab/OpenFake,medium,1,0.9963210821151733
b52089b34726d7967c424ced3f7da564c6e4c63711c3d107ee463526359653ac,data/datasets/openfake/additional-900/images/real/b52089b34726d7967c424ced3f7da564c6e4c63711c3d107ee463526359653ac.jpg,ComplexDataLab/OpenFake,medium,0,0.02122960053384304
b52277a6d68c6f53b57d81abdc187b860a820b8652febdb623f6c122d7dc828a,data/datasets/openfake/additional-900/images/real/b52277a6d68c6f53b57d81abdc187b860a820b8652febdb623f6c122d7dc828a.jpg,ComplexDataLab/OpenFake,medium,0,0.053290173411369324
b5710e93f1bc7aeed4d711790bd1cd5939f33756ddc2eb17bc078a0095ab7425,data/datasets/openfake/additional-900/images/real/b5710e93f1bc7aeed4d711790bd1cd5939f33756ddc2eb17bc078a0095ab7425.jpg,ComplexDataLab/OpenFake,low,0,0.011690451763570309
b573859bf86b52f543da2000a952ecb5f3960a141bdbf79d2fd57bf77acfd44e,data/datasets/openfake/pilot-600/images/fake/b573859bf86b52f543da2000a952ecb5f3960a141bdbf79d2fd57bf77acfd44e.png,ComplexDataLab/OpenFake,medium,1,0.9833101630210876
b63735d990e0ccb253dc1227489b870fd181c591fcb29f940bdee85c8a772525,data/datasets/openfake/additional-900/images/real/b63735d990e0ccb253dc1227489b870fd181c591fcb29f940bdee85c8a772525.jpg,ComplexDataLab/OpenFake,medium,0,0.0028919961769133806
b657d0d14effde4d94e572d48f154d76880ad947cdfa780e06c47fa41e7ecd21,data/datasets/openfake/additional-900/images/real/b657d0d14effde4d94e572d48f154d76880ad947cdfa780e06c47fa41e7ecd21.jpg,ComplexDataLab/OpenFake,medium,0,0.050346389412879944
b67d959293387352e0d38c8e9f7c97a03d6cbb155148fb9721d840fff1d8485c,data/datasets/openfake/additional-900/images/real/b67d959293387352e0d38c8e9f7c97a03d6cbb155148fb9721d840fff1d8485c.jpg,ComplexDataLab/OpenFake,low,0,0.24811655282974243
b6945a02c93e539c26d84ff9f6524134f54f33cff10b3ac4aa6662a5c92fc26d,data/datasets/openfake/pilot-600/images/real/b6945a02c93e539c26d84ff9f6524134f54f33cff10b3ac4aa6662a5c92fc26d.jpg,ComplexDataLab/OpenFake,medium,0,0.008346048183739185
b6948df158882bace7224702be0692131022109236cc299c7d5e2af962909844,data/datasets/openfake/additional-900/images/real/b6948df158882bace7224702be0692131022109236cc299c7d5e2af962909844.jpg,ComplexDataLab/OpenFake,medium,0,0.7734415531158447
b6970f4435d5d661d649657b34af410258a5fa092a7e439c4642741fdf13e368,data/datasets/openfake/pilot-600/images/fake/b6970f4435d5d661d649657b34af410258a5fa092a7e439c4642741fdf13e368.png,ComplexDataLab/OpenFake,low,1,0.9750783443450928
b6a5c056f8c488adf17123df17e510cbc2cf90255970526291cb7b5f4848d6cf,data/datasets/openfake/additional-900/images/real/b6a5c056f8c488adf17123df17e510cbc2cf90255970526291cb7b5f4848d6cf.jpg,ComplexDataLab/OpenFake,medium,0,0.1466282457113266
b6c6c41f6a673739a3914f18e14e498f51f14b3037017c93851e260671c16a44,data/datasets/openfake/additional-900/images/real/b6c6c41f6a673739a3914f18e14e498f51f14b3037017c93851e260671c16a44.jpg,ComplexDataLab/OpenFake,medium,0,0.017551565542817116
b6e29b63ea0d46e1af8f1720cc0503acf286a3745828b47d4b82bbf9a46adb8a,data/datasets/openfake/pilot-600/images/fake/b6e29b63ea0d46e1af8f1720cc0503acf286a3745828b47d4b82bbf9a46adb8a.png,ComplexDataLab/OpenFake,low,1,0.9787327647209167
b7281f4038ea120d91482303cc3c12b6a87f4ef4ae3f611ac3d3be4e4c86419f,data/datasets/openfake/additional-900/images/real/b7281f4038ea120d91482303cc3c12b6a87f4ef4ae3f611ac3d3be4e4c86419f.jpg,ComplexDataLab/OpenFake,low,0,0.8745591044425964
b792f31db8e7fb0a35871cd048eece8303c42f8fef1731a514fde904e68ff708,data/datasets/openfake/additional-900/images/real/b792f31db8e7fb0a35871cd048eece8303c42f8fef1731a514fde904e68ff708.jpg,ComplexDataLab/OpenFake,medium,0,0.1389327347278595
b793ec7a676668c634b0acfd048019f3318102be5e37831bb1667e891276e495,data/datasets/openfake/pilot-600/images/real/b793ec7a676668c634b0acfd048019f3318102be5e37831bb1667e891276e495.jpg,ComplexDataLab/OpenFake,high,0,0.5641915798187256
b7b04b65b39c02404ee447c89c82e217f543ea22fea5b8ce7cb5bea08d6fa3c7,data/datasets/openfake/additional-900/images/fake/b7b04b65b39c02404ee447c89c82e217f543ea22fea5b8ce7cb5bea08d6fa3c7.png,ComplexDataLab/OpenFake,medium,1,0.6118632555007935
b7c2567f352d9c6dfb927d2338e2b989cf338f95af2acb300d5182cd1b20326c,data/datasets/openfake/pilot-600/images/fake/b7c2567f352d9c6dfb927d2338e2b989cf338f95af2acb300d5182cd1b20326c.png,ComplexDataLab/OpenFake,medium,1,0.992712140083313
b7c56f11f38d0479034ed4c3e58e1d03d41aa17599f42b8a1e2a6f8a7a472261,data/datasets/openfake/additional-900/images/fake/b7c56f11f38d0479034ed4c3e58e1d03d41aa17599f42b8a1e2a6f8a7a472261.png,ComplexDataLab/OpenFake,medium,1,0.9733823537826538
b82aee2afb308019e6b1794d49d8e48eb391d1cbd4d60f8b5e543110fce82b14,data/datasets/openfake/additional-900/images/fake/b82aee2afb308019e6b1794d49d8e48eb391d1cbd4d60f8b5e543110fce82b14.png,ComplexDataLab/OpenFake,low,1,0.6347581148147583
b8458bdcad8e15399844d58bda23312b744156dcdb620e84e1b12a205b472707,data/datasets/openfake/pilot-600/images/fake/b8458bdcad8e15399844d58bda23312b744156dcdb620e84e1b12a205b472707.jpg,ComplexDataLab/OpenFake,medium,1,0.21148960292339325
b86638534a7cc70f637f51c5440f87b718c86457a0a0c01c6507196f2b75c77e,data/datasets/openfake/pilot-600/images/fake/b86638534a7cc70f637f51c5440f87b718c86457a0a0c01c6507196f2b75c77e.png,ComplexDataLab/OpenFake,low,1,0.7138388156890869
b8a93add3b8274875818780f58d918a8ef1209e749b2742c1b44989c1582cd43,data/datasets/openfake/pilot-600/images/fake/b8a93add3b8274875818780f58d918a8ef1209e749b2742c1b44989c1582cd43.png,ComplexDataLab/OpenFake,medium,1,0.466035395860672
b8d15cb5db5e44e22429599c4b4b4ae76c368bc14a664a9255e5fd0dc94faa08,data/datasets/openfake/additional-900/images/real/b8d15cb5db5e44e22429599c4b4b4ae76c368bc14a664a9255e5fd0dc94faa08.jpg,ComplexDataLab/OpenFake,medium,0,0.0008080500992946327
b8d956c3fb03608bc327b23a40768f99574fa212532c6a8ed5a419f16bbd9f3d,data/datasets/openfake/pilot-600/images/real/b8d956c3fb03608bc327b23a40768f99574fa212532c6a8ed5a419f16bbd9f3d.jpg,ComplexDataLab/OpenFake,medium,0,0.010651098564267159
b8db655f02b94485fd52b7156ea6c6d7f4a1b2c73757857add89391b4a939f0b,data/datasets/openfake/pilot-600/images/real/b8db655f02b94485fd52b7156ea6c6d7f4a1b2c73757857add89391b4a939f0b.jpg,ComplexDataLab/OpenFake,medium,0,0.04240686073899269
b8dfdeb99f9f643d801f1be9d17daa1c042d04ca81af8831078c48cbbf6b2e1b,data/datasets/openfake/pilot-600/images/fake/b8dfdeb99f9f643d801f1be9d17daa1c042d04ca81af8831078c48cbbf6b2e1b.png,ComplexDataLab/OpenFake,low,1,0.6803733706474304
b906e53c6f5e82d5ab095a626cf8b41f7dd1c060efec086d44710bd839247d24,data/datasets/openfake/pilot-600/images/real/b906e53c6f5e82d5ab095a626cf8b41f7dd1c060efec086d44710bd839247d24.jpg,ComplexDataLab/OpenFake,medium,0,0.6012817621231079
b923386ecfb6ccb2be530ad36b25afbf13aa27366cac35e85381a066cb82df85,data/datasets/openfake/pilot-600/images/fake/b923386ecfb6ccb2be530ad36b25afbf13aa27366cac35e85381a066cb82df85.png,ComplexDataLab/OpenFake,low,1,0.955184280872345
b93c7476d73a628c19e3c337626e9ae1e61a6710710e4735a41d0a2efc57cc0a,data/datasets/openfake/pilot-600/images/fake/b93c7476d73a628c19e3c337626e9ae1e61a6710710e4735a41d0a2efc57cc0a.png,ComplexDataLab/OpenFake,medium,1,0.9871867895126343
b9554a9f45f8755273ffe7a48e4636c005f683314cad4e094fb2189510975161,data/datasets/openfake/pilot-600/images/real/b9554a9f45f8755273ffe7a48e4636c005f683314cad4e094fb2189510975161.jpg,ComplexDataLab/OpenFake,low,0,0.00523513276129961
b99a4d8dcbab4de120fabe29606bc536fb7959a8d968fe9114a215d988af7d38,data/datasets/openfake/additional-900/images/fake/b99a4d8dcbab4de120fabe29606bc536fb7959a8d968fe9114a215d988af7d38.webp,ComplexDataLab/OpenFake,medium,1,0.15971682965755463
b99d0e9a67df3c1eb2173138810df50f5a61c39c31e746f0b3078fba5a22adf8,data/datasets/openfake/additional-900/images/real/b99d0e9a67df3c1eb2173138810df50f5a61c39c31e746f0b3078fba5a22adf8.jpg,ComplexDataLab/OpenFake,medium,0,0.0041573867201805115
b9a4c4ffb8e7379f308ddbeca682765246039dc08eaf7b432a788c3fe81010cb,data/datasets/openfake/pilot-600/images/fake/b9a4c4ffb8e7379f308ddbeca682765246039dc08eaf7b432a788c3fe81010cb.png,ComplexDataLab/OpenFake,medium,1,0.9928184747695923
b9ab65c3803be04870f501ce1f76c287413a4829cf8512e173546d17e5b749c5,data/datasets/openfake/additional-900/images/fake/b9ab65c3803be04870f501ce1f76c287413a4829cf8512e173546d17e5b749c5.jpg,ComplexDataLab/OpenFake,low,1,0.7563652992248535
b9af8a2df88eaf15abcb69137c6f0d26e9097297c76d4a2f24d6a27f84a3b07b,data/datasets/openfake/additional-900/images/real/b9af8a2df88eaf15abcb69137c6f0d26e9097297c76d4a2f24d6a27f84a3b07b.jpg,ComplexDataLab/OpenFake,low,0,0.002222604351118207
b9f1e762b09ba6327a27128d8126a411126e5a30ca9d7c80bc2c5510c3ee5ea8,data/datasets/openfake/additional-900/images/fake/b9f1e762b09ba6327a27128d8126a411126e5a30ca9d7c80bc2c5510c3ee5ea8.png,ComplexDataLab/OpenFake,low,1,0.6111955642700195
ba39b106206997025ec9b50e0a7d42b26dcf1ecc27ce0a3e01163f141c88bd09,data/datasets/openfake/pilot-600/images/real/ba39b106206997025ec9b50e0a7d42b26dcf1ecc27ce0a3e01163f141c88bd09.jpg,ComplexDataLab/OpenFake,medium,0,0.8580518364906311
ba81dcda51ba351cc99b5d14b2ab9b84e83372869268a1738b84bf9fb4974455,data/datasets/openfake/additional-900/images/fake/ba81dcda51ba351cc99b5d14b2ab9b84e83372869268a1738b84bf9fb4974455.png,ComplexDataLab/OpenFake,low,1,0.9330339431762695
bacaffab9df3b4c7154ff12c2717bee72bcfd94c71ff284757b71180bd1c4ac3,data/datasets/openfake/pilot-600/images/fake/bacaffab9df3b4c7154ff12c2717bee72bcfd94c71ff284757b71180bd1c4ac3.png,ComplexDataLab/OpenFake,low,1,0.9845780730247498
bb097c1f48d9a2fabe5e6d92cf3696dde4d0cdc28f6a42e3063b9f6f18c75035,data/datasets/openfake/additional-900/images/real/bb097c1f48d9a2fabe5e6d92cf3696dde4d0cdc28f6a42e3063b9f6f18c75035.jpg,ComplexDataLab/OpenFake,medium,0,0.04863421991467476
bb1c594760514a8c7c94401811ddc6c73e6efbf22a1dcafa5d2dbb493e4927c8,data/datasets/openfake/additional-900/images/real/bb1c594760514a8c7c94401811ddc6c73e6efbf22a1dcafa5d2dbb493e4927c8.jpg,ComplexDataLab/OpenFake,medium,0,0.0017579760169610381
bb8b7f0ca2565c21816a58654b6d02f734f362778d1ee36bdc199f1fbe3417b9,data/datasets/openfake/additional-900/images/fake/bb8b7f0ca2565c21816a58654b6d02f734f362778d1ee36bdc199f1fbe3417b9.png,ComplexDataLab/OpenFake,low,1,0.9909260272979736
bba84667d3fc8a3e4e4116813d1316e8da022f784d19079017db1fb95a8e0f26,data/datasets/openfake/pilot-600/images/real/bba84667d3fc8a3e4e4116813d1316e8da022f784d19079017db1fb95a8e0f26.jpg,ComplexDataLab/OpenFake,medium,0,0.0075271413661539555
bbdb40931105eade06538cc8931170800afe345f089888d22cbc49115087de81,data/datasets/openfake/additional-900/images/fake/bbdb40931105eade06538cc8931170800afe345f089888d22cbc49115087de81.png,ComplexDataLab/OpenFake,medium,1,0.9971107244491577
bbe8b17188ce586b729827c3c98b7cc82c2d3bd3be968cc89ecf85df2db7ecf6,data/datasets/openfake/additional-900/images/fake/bbe8b17188ce586b729827c3c98b7cc82c2d3bd3be968cc89ecf85df2db7ecf6.png,ComplexDataLab/OpenFake,medium,1,0.37664783000946045
bc2894416c267c34cad190fba2f1667894af6d6b2a09ab365fb8ab0b6434a4a2,data/datasets/openfake/pilot-600/images/real/bc2894416c267c34cad190fba2f1667894af6d6b2a09ab365fb8ab0b6434a4a2.jpg,ComplexDataLab/OpenFake,high,0,0.011365100741386414
bc6180bdfe0e7eabbfbf718abc2d13c9a50ea866abd807a9614e5d5319e49582,data/datasets/openfake/additional-900/images/real/bc6180bdfe0e7eabbfbf718abc2d13c9a50ea866abd807a9614e5d5319e49582.jpg,ComplexDataLab/OpenFake,medium,0,0.9817270040512085
bc7ae30c447e5d10b5d003d60e88b0cf75b878b27705cc8dd5f4ca0e5d90f5df,data/datasets/openfake/pilot-600/images/real/bc7ae30c447e5d10b5d003d60e88b0cf75b878b27705cc8dd5f4ca0e5d90f5df.jpg,ComplexDataLab/OpenFake,medium,0,0.04221575707197189
bc7e84e04cb445baaa2a741d52eb59b20943938a62e1524540bf61cd82e78872,data/datasets/openfake/additional-900/images/real/bc7e84e04cb445baaa2a741d52eb59b20943938a62e1524540bf61cd82e78872.jpg,ComplexDataLab/OpenFake,medium,0,0.027440300211310387
bc8eed041ec1682b6835168b0f0dc51a2f2a334bcbd912de98a55eedc7fe598a,data/datasets/openfake/additional-900/images/fake/bc8eed041ec1682b6835168b0f0dc51a2f2a334bcbd912de98a55eedc7fe598a.png,ComplexDataLab/OpenFake,medium,1,0.9549707174301147
bc8f5fd196165fabf84d5c19e26ecadd2011ee3ed5b2af10d3aacc62f50aaefe,data/datasets/openfake/additional-900/images/real/bc8f5fd196165fabf84d5c19e26ecadd2011ee3ed5b2af10d3aacc62f50aaefe.jpg,ComplexDataLab/OpenFake,medium,0,0.8439598083496094
bc90882595ef874581b47d8ec69415451d4d6097809a24e2a297b922530f1ca6,data/datasets/openfake/pilot-600/images/real/bc90882595ef874581b47d8ec69415451d4d6097809a24e2a297b922530f1ca6.jpg,ComplexDataLab/OpenFake,medium,0,0.013119066134095192
bcb972071e3d2f8fae434bbc4cb0007f499ca748de827192dbaaa86770ebd5d1,data/datasets/openfake/pilot-600/images/real/bcb972071e3d2f8fae434bbc4cb0007f499ca748de827192dbaaa86770ebd5d1.jpg,ComplexDataLab/OpenFake,low,0,0.20392292737960815
bcc2891344af1ca8ab8fc491c8f6d8b860ac7eaf528f9242885938af0fbd4b37,data/datasets/openfake/pilot-600/images/real/bcc2891344af1ca8ab8fc491c8f6d8b860ac7eaf528f9242885938af0fbd4b37.jpg,ComplexDataLab/OpenFake,medium,0,0.9501290917396545
bce0347144deee1d01dbe38ec2a48b46978406bcc61dcfb226f84bdeea2093e9,data/datasets/openfake/additional-900/images/fake/bce0347144deee1d01dbe38ec2a48b46978406bcc61dcfb226f84bdeea2093e9.png,ComplexDataLab/OpenFake,medium,1,0.7130500078201294
bcf394d31c8c08699928910b5c7d98f7cb6c8d41e894bc3f08e0e88a842d9d27,data/datasets/openfake/pilot-600/images/real/bcf394d31c8c08699928910b5c7d98f7cb6c8d41e894bc3f08e0e88a842d9d27.jpg,ComplexDataLab/OpenFake,low,0,0.0955258309841156
bd18fb8c67bdcfb38d4e410c079be3670ee1daf448a403b9e827b7f464b62627,data/datasets/openfake/pilot-600/images/fake/bd18fb8c67bdcfb38d4e410c079be3670ee1daf448a403b9e827b7f464b62627.png,ComplexDataLab/OpenFake,medium,1,0.9188482761383057
bd50762a871e010c4068126528581e297e8d68005da957f1c228bbf87d5875dc,data/datasets/openfake/pilot-600/images/real/bd50762a871e010c4068126528581e297e8d68005da957f1c228bbf87d5875dc.jpg,ComplexDataLab/OpenFake,low,0,0.0007588652078993618
bd65e5033f2e3adba71acb867e82e77c2a5d17bdc6bad76292652c1e3c539796,data/datasets/openfake/pilot-600/images/fake/bd65e5033f2e3adba71acb867e82e77c2a5d17bdc6bad76292652c1e3c539796.png,ComplexDataLab/OpenFake,medium,1,0.779002845287323
bd7468a900ffedc02cbf783f68394ecb35d7425c554e97beb576c0b06e659133,data/datasets/openfake/additional-900/images/fake/bd7468a900ffedc02cbf783f68394ecb35d7425c554e97beb576c0b06e659133.jpg,ComplexDataLab/OpenFake,medium,1,0.7089313864707947
bd773cf15c84d53a56b80a27c31f1235f9166a2dadcf9ebf2afa5610e20da22c,data/datasets/openfake/additional-900/images/real/bd773cf15c84d53a56b80a27c31f1235f9166a2dadcf9ebf2afa5610e20da22c.jpg,ComplexDataLab/OpenFake,medium,0,0.9122068881988525
bd826c35fabe791a86968bafed22d709ed8026979363a4dd758b03967afe6350,data/datasets/openfake/additional-900/images/fake/bd826c35fabe791a86968bafed22d709ed8026979363a4dd758b03967afe6350.png,ComplexDataLab/OpenFake,low,1,0.6354093551635742
bdb5b374f494146621382d746ea377dbcaa8fb510bc694739e330b9113e71dd6,data/datasets/openfake/pilot-600/images/fake/bdb5b374f494146621382d746ea377dbcaa8fb510bc694739e330b9113e71dd6.jpg,ComplexDataLab/OpenFake,low,1,0.9516016244888306
bdbd094814aee8248a08ac9c2dc86ed41a21a7dc8bf0dab20c1d3c8dfe8ab0ec,data/datasets/openfake/pilot-600/images/fake/bdbd094814aee8248a08ac9c2dc86ed41a21a7dc8bf0dab20c1d3c8dfe8ab0ec.png,ComplexDataLab/OpenFake,high,1,0.9718682765960693
bdbfa48fa13d55c1b58ee3dee84505c9f01d05fef34ad051d721b1f6795e0bab,data/datasets/openfake/pilot-600/images/real/bdbfa48fa13d55c1b58ee3dee84505c9f01d05fef34ad051d721b1f6795e0bab.jpg,ComplexDataLab/OpenFake,low,0,0.6083165407180786
bdeae710998d4caeb004462816a1019a352b2038d813ef4db39735997ab01ef2,data/datasets/openfake/pilot-600/images/fake/bdeae710998d4caeb004462816a1019a352b2038d813ef4db39735997ab01ef2.jpg,ComplexDataLab/OpenFake,medium,1,0.535444974899292
be1f5254dc34553f2e58c10a8aea0c50099068af3133ccba6e4d837d3df1bfc4,data/datasets/openfake/pilot-600/images/fake/be1f5254dc34553f2e58c10a8aea0c50099068af3133ccba6e4d837d3df1bfc4.png,ComplexDataLab/OpenFake,medium,1,0.9286990761756897
be33831209738199210ae60e7d5ad343fe84d1425a79ee92789caf882072276e,data/datasets/openfake/additional-900/images/real/be33831209738199210ae60e7d5ad343fe84d1425a79ee92789caf882072276e.jpg,ComplexDataLab/OpenFake,medium,0,0.0057852547615766525
be5cd04fe936da1ecd2c8d010d0d524bfb27b363f21c131fb2db45d2ad7c8d08,data/datasets/openfake/additional-900/images/fake/be5cd04fe936da1ecd2c8d010d0d524bfb27b363f21c131fb2db45d2ad7c8d08.png,ComplexDataLab/OpenFake,medium,1,0.99913090467453
be62b4dec746e798b332c77f65f7022abc7f283c8d59eea729255bf4653e32e5,data/datasets/openfake/additional-900/images/real/be62b4dec746e798b332c77f65f7022abc7f283c8d59eea729255bf4653e32e5.jpg,ComplexDataLab/OpenFake,medium,0,0.08923154324293137
be65741ad4879e310a643b4e17c0d9e34a4826fa49543cdada6a69bf635c9cb4,data/datasets/openfake/additional-900/images/fake/be65741ad4879e310a643b4e17c0d9e34a4826fa49543cdada6a69bf635c9cb4.jpg,ComplexDataLab/OpenFake,medium,1,0.9307624101638794
be91ff23e3eda77d35510cd8754c57d6d2437611e18e7bb561e6d343fd9398a6,data/datasets/openfake/additional-900/images/fake/be91ff23e3eda77d35510cd8754c57d6d2437611e18e7bb561e6d343fd9398a6.png,ComplexDataLab/OpenFake,medium,1,0.9757551550865173
be988cd479aecc49a4d8c248cd296c20ab8fa74b711fe95de0eeab1078e9af48,data/datasets/openfake/additional-900/images/fake/be988cd479aecc49a4d8c248cd296c20ab8fa74b711fe95de0eeab1078e9af48.png,ComplexDataLab/OpenFake,medium,1,0.318083256483078
bf2c410656b72a6f72eef3dded9557faca8d1d16467ade85fadf03ca29abdf95,data/datasets/openfake/pilot-600/images/fake/bf2c410656b72a6f72eef3dded9557faca8d1d16467ade85fadf03ca29abdf95.jpg,ComplexDataLab/OpenFake,low,1,0.17382007837295532
bf3fc7c506de6b43ccc85a0067a8aab0422e6ae97ff1331a7d357138f1558243,data/datasets/openfake/pilot-600/images/real/bf3fc7c506de6b43ccc85a0067a8aab0422e6ae97ff1331a7d357138f1558243.jpg,ComplexDataLab/OpenFake,medium,0,0.6903849840164185
bf4d8af134119a4750e50544cf68d72e4c66aadfb35ea71b230f8ea6e01f9b25,data/datasets/openfake/additional-900/images/real/bf4d8af134119a4750e50544cf68d72e4c66aadfb35ea71b230f8ea6e01f9b25.jpg,ComplexDataLab/OpenFake,medium,0,0.00043972261482849717
bf7158fbc8504a51a0cf1eb2119bae19382876dffa77ad331e68c5d48d4452f5,data/datasets/openfake/pilot-600/images/fake/bf7158fbc8504a51a0cf1eb2119bae19382876dffa77ad331e68c5d48d4452f5.png,ComplexDataLab/OpenFake,medium,1,0.8576457500457764
bfc5ed7f21248dd3a2e3fe1386b83630348ebbaf83c350772b1ae1301e78225f,data/datasets/openfake/additional-900/images/fake/bfc5ed7f21248dd3a2e3fe1386b83630348ebbaf83c350772b1ae1301e78225f.png,ComplexDataLab/OpenFake,low,1,0.9666000008583069
bfe0b68fd64d6e09a426723e5afbe41daa299667683bc5b31fc107b834917261,data/datasets/openfake/additional-900/images/fake/bfe0b68fd64d6e09a426723e5afbe41daa299667683bc5b31fc107b834917261.png,ComplexDataLab/OpenFake,medium,1,0.6823793649673462
c0212e9c8debbea83b722aad31b07e7b37ebeea63f8679f9069093eee4882926,data/datasets/openfake/additional-900/images/real/c0212e9c8debbea83b722aad31b07e7b37ebeea63f8679f9069093eee4882926.jpg,ComplexDataLab/OpenFake,medium,0,0.896533191204071
c0ab53548738fac7149f354f7a71c8a4cde536b7cdeac9a67e8839743d1bdab2,data/datasets/openfake/additional-900/images/fake/c0ab53548738fac7149f354f7a71c8a4cde536b7cdeac9a67e8839743d1bdab2.png,ComplexDataLab/OpenFake,medium,1,0.9911243319511414
c0dbb5500c450e2b2bcd8d25199a0dffbc05efdd575b854d7f52f001f02529c4,data/datasets/openfake/additional-900/images/real/c0dbb5500c450e2b2bcd8d25199a0dffbc05efdd575b854d7f52f001f02529c4.png,ComplexDataLab/OpenFake,medium,0,0.8710803985595703
c0e262a672e0a0c2c137f9d10d8f53f7612f6025d52fa891503c44b37785ccc8,data/datasets/openfake/additional-900/images/real/c0e262a672e0a0c2c137f9d10d8f53f7612f6025d52fa891503c44b37785ccc8.jpg,ComplexDataLab/OpenFake,medium,0,0.5209325551986694
c0e8d32b583aa36daeb127a5752ed47d4b659bfa3ead216ffee3a6a250be3b80,data/datasets/openfake/additional-900/images/fake/c0e8d32b583aa36daeb127a5752ed47d4b659bfa3ead216ffee3a6a250be3b80.png,ComplexDataLab/OpenFake,medium,1,0.9938886165618896
c0fad5fdca887ef09f266aeea70280f5f5cf2750d4e7e865e010635ad58561c2,data/datasets/openfake/additional-900/images/real/c0fad5fdca887ef09f266aeea70280f5f5cf2750d4e7e865e010635ad58561c2.jpg,ComplexDataLab/OpenFake,medium,0,0.6647831201553345
c116943008bb238fec864df6686d5b0420e2bc4fdb2814906ee727a70eb2f37e,data/datasets/openfake/additional-900/images/real/c116943008bb238fec864df6686d5b0420e2bc4fdb2814906ee727a70eb2f37e.jpg,ComplexDataLab/OpenFake,medium,0,0.0003943319316022098
c127980528b84ff9062c102dcb7cf9b337c5a910a2bde3b1ba4231afcee5186c,data/datasets/openfake/pilot-600/images/real/c127980528b84ff9062c102dcb7cf9b337c5a910a2bde3b1ba4231afcee5186c.jpg,ComplexDataLab/OpenFake,medium,0,0.5868578553199768
c1336bc2190d26a4f45b33f607626eac3f0d8ae6be907c08b7b04361191d0e02,data/datasets/openfake/additional-900/images/fake/c1336bc2190d26a4f45b33f607626eac3f0d8ae6be907c08b7b04361191d0e02.jpg,ComplexDataLab/OpenFake,medium,1,0.9309437274932861
c14a0f44a6cfb67a9d4aab110d2fcbe3ea38c17035d88f4514d3a8256beac8fa,data/datasets/openfake/additional-900/images/real/c14a0f44a6cfb67a9d4aab110d2fcbe3ea38c17035d88f4514d3a8256beac8fa.jpg,ComplexDataLab/OpenFake,low,0,0.0184037946164608
c1b3987289afa0622c55c045ea4647403619dfc067ccf01cc1798bb9fc6b606f,data/datasets/openfake/additional-900/images/fake/c1b3987289afa0622c55c045ea4647403619dfc067ccf01cc1798bb9fc6b606f.png,ComplexDataLab/OpenFake,low,1,0.10605703294277191
c24f4fd4fc9477b64ac446a66eb58d304493d368ae55cfee0b29333a57850e21,data/datasets/openfake/additional-900/images/real/c24f4fd4fc9477b64ac446a66eb58d304493d368ae55cfee0b29333a57850e21.jpg,ComplexDataLab/OpenFake,medium,0,0.0002195217675762251
c26de6b94b71f06cbb3cc38b4256555cc1519d1779b19ede5a65fe169d5bfe80,data/datasets/openfake/additional-900/images/fake/c26de6b94b71f06cbb3cc38b4256555cc1519d1779b19ede5a65fe169d5bfe80.png,ComplexDataLab/OpenFake,low,1,0.7909860014915466
c27fbaa7f75648c42fd28f8b7a3cd2f1a58ad107aa454be774a412b9fc08f271,data/datasets/openfake/additional-900/images/real/c27fbaa7f75648c42fd28f8b7a3cd2f1a58ad107aa454be774a412b9fc08f271.jpg,ComplexDataLab/OpenFake,low,0,0.0005936376983299851
c2ba6eb09c72ba71f906b83595c542516c6b6468b6c6ecadd0048bca9010f5e9,data/datasets/openfake/additional-900/images/fake/c2ba6eb09c72ba71f906b83595c542516c6b6468b6c6ecadd0048bca9010f5e9.png,ComplexDataLab/OpenFake,medium,1,0.9380438327789307
c2c4932409d5de05817e9ebb8f0868b4ba886a83a7caa06e755d9dc9f43b9c9c,data/datasets/openfake/additional-900/images/real/c2c4932409d5de05817e9ebb8f0868b4ba886a83a7caa06e755d9dc9f43b9c9c.jpg,ComplexDataLab/OpenFake,medium,0,0.005910398904234171
c2cacb13de428d2bb19d3ea532788f2154624dd5a5876d960cb9e8c21f002e8b,data/datasets/openfake/additional-900/images/real/c2cacb13de428d2bb19d3ea532788f2154624dd5a5876d960cb9e8c21f002e8b.jpg,ComplexDataLab/OpenFake,medium,0,0.8289108872413635
c2e054511cd19df6eb6165955c23a7bea9ca062e962c1fc660c5abde0a4610c5,data/datasets/openfake/additional-900/images/fake/c2e054511cd19df6eb6165955c23a7bea9ca062e962c1fc660c5abde0a4610c5.png,ComplexDataLab/OpenFake,medium,1,0.7932960987091064
c2e8417242aefcba4f35ca5cc77090d74b8dfd00d9f17e49e776889f2a7ea5a0,data/datasets/openfake/additional-900/images/real/c2e8417242aefcba4f35ca5cc77090d74b8dfd00d9f17e49e776889f2a7ea5a0.jpg,ComplexDataLab/OpenFake,medium,0,0.005614813417196274
c2eca65f9826788693ad9f27c4c4ce9b80284f53a460271705d43a4f07b878f3,data/datasets/openfake/additional-900/images/fake/c2eca65f9826788693ad9f27c4c4ce9b80284f53a460271705d43a4f07b878f3.png,ComplexDataLab/OpenFake,medium,1,0.9407763481140137
c34b6a4214085bff23ec4c00d23ccd8b6a4ecb285c06c529c678efd8beb54680,data/datasets/openfake/additional-900/images/real/c34b6a4214085bff23ec4c00d23ccd8b6a4ecb285c06c529c678efd8beb54680.jpg,ComplexDataLab/OpenFake,medium,0,5.4514890507562086e-05
c35a9cbf6b7f7d385049de9c5df0f48b6dc3b209d983bc36686cfe4c66bebf4e,data/datasets/openfake/additional-900/images/real/c35a9cbf6b7f7d385049de9c5df0f48b6dc3b209d983bc36686cfe4c66bebf4e.jpg,ComplexDataLab/OpenFake,medium,0,0.8736889958381653
c35ff2c605a4ef1f11ab52198ace902cf95f69ecfc1133b36801bd82ba8dd153,data/datasets/openfake/additional-900/images/fake/c35ff2c605a4ef1f11ab52198ace902cf95f69ecfc1133b36801bd82ba8dd153.png,ComplexDataLab/OpenFake,medium,1,0.8476309180259705
c392c0d60256fa70d6db2fbaa2800f0833cb5a63e686c78e4386b8106b57a2e6,data/datasets/openfake/pilot-600/images/fake/c392c0d60256fa70d6db2fbaa2800f0833cb5a63e686c78e4386b8106b57a2e6.webp,ComplexDataLab/OpenFake,low,1,0.8940021395683289
c39c7e63bf2c27f16ba5b42d3157da1e0a23589d8843cadd162e5e06eaeb833d,data/datasets/openfake/pilot-600/images/real/c39c7e63bf2c27f16ba5b42d3157da1e0a23589d8843cadd162e5e06eaeb833d.jpg,ComplexDataLab/OpenFake,medium,0,0.005630700383335352
c3aea48d4de71effb22bf88858c543673e50d8cc3e21438f7ef442c62a1315dd,data/datasets/openfake/additional-900/images/real/c3aea48d4de71effb22bf88858c543673e50d8cc3e21438f7ef442c62a1315dd.jpg,ComplexDataLab/OpenFake,low,0,0.332685649394989
c3faa2d56cbdebaebe35236723893398cdb3f7ebed2e55b0d1e35ef601ef8b6f,data/datasets/openfake/additional-900/images/real/c3faa2d56cbdebaebe35236723893398cdb3f7ebed2e55b0d1e35ef601ef8b6f.jpg,ComplexDataLab/OpenFake,medium,0,0.6513764262199402
c452c4c44051976b61638dd611e2e510c7295448f5becb17bbb847d2d2b31538,data/datasets/openfake/additional-900/images/fake/c452c4c44051976b61638dd611e2e510c7295448f5becb17bbb847d2d2b31538.png,ComplexDataLab/OpenFake,medium,1,0.9744354486465454
c4556a8deefe7001d27544fc113c3ce28d886d2c763fa73497e23736bb7dc8f3,data/datasets/openfake/additional-900/images/fake/c4556a8deefe7001d27544fc113c3ce28d886d2c763fa73497e23736bb7dc8f3.png,ComplexDataLab/OpenFake,low,1,0.9946927428245544
c465d898451fdb9744c561c0889eb9b438c4fa94959bcf6f954d3c05b306cd56,data/datasets/openfake/additional-900/images/real/c465d898451fdb9744c561c0889eb9b438c4fa94959bcf6f954d3c05b306cd56.jpg,ComplexDataLab/OpenFake,low,0,0.8639137148857117
c4d041945a82db302fced4b4b064358d1ea2cf1d686bddc7ba2c342b3d3aae1f,data/datasets/openfake/pilot-600/images/real/c4d041945a82db302fced4b4b064358d1ea2cf1d686bddc7ba2c342b3d3aae1f.jpg,ComplexDataLab/OpenFake,medium,0,2.7130578018841334e-05
c521d38bf560a5f19b842c7f4d80e3486e2d5f99977b44e736b23fddf7cef42a,data/datasets/openfake/additional-900/images/fake/c521d38bf560a5f19b842c7f4d80e3486e2d5f99977b44e736b23fddf7cef42a.png,ComplexDataLab/OpenFake,medium,1,0.9703530669212341
c547cb0581de3361818ace4aab810a05fb1273992a78fed349eaf501bf4f4137,data/datasets/openfake/pilot-600/images/real/c547cb0581de3361818ace4aab810a05fb1273992a78fed349eaf501bf4f4137.jpg,ComplexDataLab/OpenFake,low,0,0.0015733990585431457
c552f3317939b6619ff5cfe8c73c46c452637a27c6f698ad43382e8a54d5f0ba,data/datasets/openfake/additional-900/images/fake/c552f3317939b6619ff5cfe8c73c46c452637a27c6f698ad43382e8a54d5f0ba.png,ComplexDataLab/OpenFake,low,1,0.3191591501235962
c58e4e720db32e84506c507757ab223bfdb2a5ff7cff405049d764c1bba9dadd,data/datasets/openfake/additional-900/images/real/c58e4e720db32e84506c507757ab223bfdb2a5ff7cff405049d764c1bba9dadd.jpg,ComplexDataLab/OpenFake,low,0,0.15682478249073029
c5a3eaa6665a95f6bfaacdae124b8c1581adb5d46b9e81efe81c136e04c3ec44,data/datasets/openfake/additional-900/images/fake/c5a3eaa6665a95f6bfaacdae124b8c1581adb5d46b9e81efe81c136e04c3ec44.png,ComplexDataLab/OpenFake,medium,1,0.9727986454963684
c5acc4c0d20d4c574674bc76ab9a2ce1d2da0cbc5d0cb3f18debb28d493360b6,data/datasets/openfake/pilot-600/images/real/c5acc4c0d20d4c574674bc76ab9a2ce1d2da0cbc5d0cb3f18debb28d493360b6.jpg,ComplexDataLab/OpenFake,low,0,0.6601792573928833
c5b60bff36a159885d17f1a589a775763883b8f49126b88f5ad6ac86f6514565,data/datasets/openfake/additional-900/images/fake/c5b60bff36a159885d17f1a589a775763883b8f49126b88f5ad6ac86f6514565.png,ComplexDataLab/OpenFake,medium,1,0.9994745850563049
c5cecca0bbd71422ad42e3462031c0b2b1956cb1ace18ab3407faf4587f03556,data/datasets/openfake/additional-900/images/real/c5cecca0bbd71422ad42e3462031c0b2b1956cb1ace18ab3407faf4587f03556.jpg,ComplexDataLab/OpenFake,medium,0,0.12754417955875397
c5cfef6696e2d86c5915ade008acd3d9dbdc4790262a7dac73ef00e00e5a1f1d,data/datasets/openfake/additional-900/images/fake/c5cfef6696e2d86c5915ade008acd3d9dbdc4790262a7dac73ef00e00e5a1f1d.png,ComplexDataLab/OpenFake,medium,1,0.9983073472976685
c5e4daa0c50f9a7f6bca93abde9ec3e3fa3d106580385e570ad3e7dcb7079938,data/datasets/openfake/additional-900/images/real/c5e4daa0c50f9a7f6bca93abde9ec3e3fa3d106580385e570ad3e7dcb7079938.jpg,ComplexDataLab/OpenFake,medium,0,0.08053650707006454
c5e60e4bb13c3c07e499363a9b60c95aadde339208dad28b85d2231c7f883503,data/datasets/openfake/additional-900/images/fake/c5e60e4bb13c3c07e499363a9b60c95aadde339208dad28b85d2231c7f883503.png,ComplexDataLab/OpenFake,medium,1,0.34644070267677307
c5ed894b3b242fd40d06fce3f152fbe4c7d1944c023045736d0226bf4e012ef7,data/datasets/openfake/additional-900/images/fake/c5ed894b3b242fd40d06fce3f152fbe4c7d1944c023045736d0226bf4e012ef7.png,ComplexDataLab/OpenFake,medium,1,0.9942415952682495
c5fb2224ffc915d2b12fc044ebaf3e8dd52148cf5ce5e426df214c9b6596364f,data/datasets/openfake/additional-900/images/real/c5fb2224ffc915d2b12fc044ebaf3e8dd52148cf5ce5e426df214c9b6596364f.jpg,ComplexDataLab/OpenFake,medium,0,0.0002497010864317417
c621ef3b295de16d6587c16fa5e3a1177afee1b09afe9b866a5c7dbd58ecb058,data/datasets/openfake/additional-900/images/real/c621ef3b295de16d6587c16fa5e3a1177afee1b09afe9b866a5c7dbd58ecb058.jpg,ComplexDataLab/OpenFake,medium,0,0.0064011188223958015
c6274b8880f20440f28ea1eef3bbe002ef1b8dffbc4ca0b34bd16f15070cafe0,data/datasets/openfake/pilot-600/images/real/c6274b8880f20440f28ea1eef3bbe002ef1b8dffbc4ca0b34bd16f15070cafe0.jpg,ComplexDataLab/OpenFake,medium,0,0.15535658597946167
c661aa408c18fe45635909cef13019f38480e081c74574a95b8a225cd87cdeca,data/datasets/openfake/additional-900/images/real/c661aa408c18fe45635909cef13019f38480e081c74574a95b8a225cd87cdeca.jpg,ComplexDataLab/OpenFake,high,0,0.040575847029685974
c67d5588da0bfef73e8d35fd1cc41d9f798902c76190185b2446de322a605d92,data/datasets/openfake/additional-900/images/real/c67d5588da0bfef73e8d35fd1cc41d9f798902c76190185b2446de322a605d92.jpg,ComplexDataLab/OpenFake,medium,0,0.10091283917427063
c6e55ba096ddfd3f4509e9e5566ac92bf3afbedd2883fab82f04df85cad13140,data/datasets/openfake/pilot-600/images/fake/c6e55ba096ddfd3f4509e9e5566ac92bf3afbedd2883fab82f04df85cad13140.jpg,ComplexDataLab/OpenFake,medium,1,0.2980167269706726
c728f3c362ee778c77adc28dff496300e2a9d37ccbb8c2bd41e88985f14c4b82,data/datasets/openfake/additional-900/images/fake/c728f3c362ee778c77adc28dff496300e2a9d37ccbb8c2bd41e88985f14c4b82.jpg,ComplexDataLab/OpenFake,medium,1,0.9843387007713318
c760660d3874012c7a63ac17a3d6983f39d197ef49150ede213555b3cd1b0a42,data/datasets/openfake/pilot-600/images/fake/c760660d3874012c7a63ac17a3d6983f39d197ef49150ede213555b3cd1b0a42.png,ComplexDataLab/OpenFake,medium,1,0.9945688247680664
c77213925eb4626576a49406ab42749261b81c04b67d40dd78dc0dac24d2c643,data/datasets/openfake/pilot-600/images/fake/c77213925eb4626576a49406ab42749261b81c04b67d40dd78dc0dac24d2c643.png,ComplexDataLab/OpenFake,medium,1,0.8990098834037781
c7762be57fc093f4daf9aa7d687c08362c2a61794fe9c03d1bd96603290ae689,data/datasets/openfake/pilot-600/images/real/c7762be57fc093f4daf9aa7d687c08362c2a61794fe9c03d1bd96603290ae689.jpg,ComplexDataLab/OpenFake,low,0,0.9518126845359802
c77e38356353d90bdb96c476031ab7d0fbc0e5d6729042bdadf72d42e63a2f18,data/datasets/openfake/pilot-600/images/real/c77e38356353d90bdb96c476031ab7d0fbc0e5d6729042bdadf72d42e63a2f18.jpg,ComplexDataLab/OpenFake,low,0,0.030853817239403725
c7a2561c8c38fcb85c7fdefe92ff5e30bb9efd344a7ef31771f227d827d7d00a,data/datasets/openfake/pilot-600/images/fake/c7a2561c8c38fcb85c7fdefe92ff5e30bb9efd344a7ef31771f227d827d7d00a.png,ComplexDataLab/OpenFake,medium,1,0.9661235213279724
c7bd34d61c2eb0d241e1ae369baa5dc541cbb3e805074cff962db0dafc7333d1,data/datasets/openfake/pilot-600/images/real/c7bd34d61c2eb0d241e1ae369baa5dc541cbb3e805074cff962db0dafc7333d1.jpg,ComplexDataLab/OpenFake,medium,0,0.001228822278790176
c7d05466f4948689f58add2b702fa94f7f3991b247baa63259ce6bf0e8eef4ea,data/datasets/openfake/pilot-600/images/fake/c7d05466f4948689f58add2b702fa94f7f3991b247baa63259ce6bf0e8eef4ea.png,ComplexDataLab/OpenFake,medium,1,0.8348259925842285
c7d495a1e9317f1026fcdc1c9093d1df3f0872ee71fb0d61d81ff8a590f87dd7,data/datasets/openfake/additional-900/images/real/c7d495a1e9317f1026fcdc1c9093d1df3f0872ee71fb0d61d81ff8a590f87dd7.jpg,ComplexDataLab/OpenFake,low,0,0.05096729099750519
c7fb8de52497a2e1a197583305168c70736bad1b28b08688216581ada130e336,data/datasets/openfake/additional-900/images/real/c7fb8de52497a2e1a197583305168c70736bad1b28b08688216581ada130e336.jpg,ComplexDataLab/OpenFake,low,0,0.402221143245697
c83d379bfde60afc721f797105c13c98a1a10c5395c1e8cd6b4d15a31ed9d05e,data/datasets/openfake/additional-900/images/fake/c83d379bfde60afc721f797105c13c98a1a10c5395c1e8cd6b4d15a31ed9d05e.jpg,ComplexDataLab/OpenFake,medium,1,0.2311335951089859
c853d0cac2b865434dc1e5b3ddf483ebda85dd609cbbca5bb1a9a3462065a3e5,data/datasets/openfake/additional-900/images/fake/c853d0cac2b865434dc1e5b3ddf483ebda85dd609cbbca5bb1a9a3462065a3e5.png,ComplexDataLab/OpenFake,low,1,0.9728698134422302
c8907fe48a7bac5520e0310da22c546f622ac3a30f95f7b1851a7ee2fd352a56,data/datasets/openfake/additional-900/images/real/c8907fe48a7bac5520e0310da22c546f622ac3a30f95f7b1851a7ee2fd352a56.png,ComplexDataLab/OpenFake,medium,0,0.06919872015714645
c8cca11e15c637ee7f85ba35e33ad31faf2ce28c0acf0b988b0dfd1ed5a1adbd,data/datasets/openfake/pilot-600/images/fake/c8cca11e15c637ee7f85ba35e33ad31faf2ce28c0acf0b988b0dfd1ed5a1adbd.png,ComplexDataLab/OpenFake,low,1,0.6408216953277588
c918725cd3a4796deb191bd8f590b314952e40348fc53ad0ba019dd42e9920b9,data/datasets/openfake/pilot-600/images/real/c918725cd3a4796deb191bd8f590b314952e40348fc53ad0ba019dd42e9920b9.jpg,ComplexDataLab/OpenFake,medium,0,0.3995172381401062
c95023c1aeb6ded3781f8484cf6bfd4590be8bea035807ed5b00c1482f3efaba,data/datasets/openfake/additional-900/images/real/c95023c1aeb6ded3781f8484cf6bfd4590be8bea035807ed5b00c1482f3efaba.jpg,ComplexDataLab/OpenFake,low,0,0.0005571870715357363
c952177d459fe51b0b05da3f63b75feeeea5539d40d52326e37a493baa79c273,data/datasets/openfake/pilot-600/images/real/c952177d459fe51b0b05da3f63b75feeeea5539d40d52326e37a493baa79c273.jpg,ComplexDataLab/OpenFake,medium,0,0.362179696559906
c970f2345461bbca047be3f8d7f6d67ce013b9707d91008bf6e50080a57f97eb,data/datasets/openfake/pilot-600/images/real/c970f2345461bbca047be3f8d7f6d67ce013b9707d91008bf6e50080a57f97eb.jpg,ComplexDataLab/OpenFake,high,0,0.0014531188644468784
c992117752f71da1657bd9b2c35ff7493c385dca41631d1f10331a1978aee365,data/datasets/openfake/additional-900/images/real/c992117752f71da1657bd9b2c35ff7493c385dca41631d1f10331a1978aee365.jpg,ComplexDataLab/OpenFake,low,0,0.5547224283218384
c995b0fcd9b16584ac2578fabcc0abf4116334afce2dfff662a58ca840f7c125,data/datasets/openfake/additional-900/images/fake/c995b0fcd9b16584ac2578fabcc0abf4116334afce2dfff662a58ca840f7c125.png,ComplexDataLab/OpenFake,medium,1,0.4406401216983795
c9bba1210c7bb1755c83cb468d3624b4a047b1f535a305afba921bd9b19eda6e,data/datasets/openfake/additional-900/images/fake/c9bba1210c7bb1755c83cb468d3624b4a047b1f535a305afba921bd9b19eda6e.png,ComplexDataLab/OpenFake,medium,1,0.02535948157310486
c9ef7ea1700260f8ed01e76a0a702ef7715198dd4ea90a7c0d17173b9ab46953,data/datasets/openfake/additional-900/images/real/c9ef7ea1700260f8ed01e76a0a702ef7715198dd4ea90a7c0d17173b9ab46953.jpg,ComplexDataLab/OpenFake,medium,0,0.13669782876968384
c9f76e46d3d8995487a68f39960d76eda4d170c805a99da82245ac9c6c00bd76,data/datasets/openfake/pilot-600/images/real/c9f76e46d3d8995487a68f39960d76eda4d170c805a99da82245ac9c6c00bd76.jpg,ComplexDataLab/OpenFake,medium,0,0.22415456175804138
ca2bdbe192319fee0afeddba0a82110cf1c8a67c74cc17db53bf2440b8163360,data/datasets/openfake/pilot-600/images/real/ca2bdbe192319fee0afeddba0a82110cf1c8a67c74cc17db53bf2440b8163360.png,ComplexDataLab/OpenFake,medium,0,0.8110688924789429
ca7c5bc8bf954cb1b8d9bd3c377d657b4dc5c01271156c87ef6a8e10394e94cd,data/datasets/openfake/additional-900/images/fake/ca7c5bc8bf954cb1b8d9bd3c377d657b4dc5c01271156c87ef6a8e10394e94cd.jpg,ComplexDataLab/OpenFake,medium,1,0.5813440680503845
ca9ab8fa2c171bcd39df861683642b021ee1dba9dd740c1996e96961fb1eb0d4,data/datasets/openfake/pilot-600/images/fake/ca9ab8fa2c171bcd39df861683642b021ee1dba9dd740c1996e96961fb1eb0d4.png,ComplexDataLab/OpenFake,medium,1,0.9979883432388306
caa963ad71e0ea2c6db30f345e9664420804a7228fa878485e46b8617ae7f38e,data/datasets/openfake/additional-900/images/real/caa963ad71e0ea2c6db30f345e9664420804a7228fa878485e46b8617ae7f38e.jpg,ComplexDataLab/OpenFake,medium,0,0.906654953956604
cb0776613b69ff80a3f69c009f755369b05ca6bd3666e4f6a98f3aca7529efb2,data/datasets/openfake/additional-900/images/real/cb0776613b69ff80a3f69c009f755369b05ca6bd3666e4f6a98f3aca7529efb2.jpg,ComplexDataLab/OpenFake,medium,0,0.37303221225738525
cb36a0ff363acbafc2667bd69b289e2b28c76a5c01b23938b8ab2c65342074e6,data/datasets/openfake/pilot-600/images/fake/cb36a0ff363acbafc2667bd69b289e2b28c76a5c01b23938b8ab2c65342074e6.png,ComplexDataLab/OpenFake,medium,1,0.6027655005455017
cbfbc22ff9c68dd39579b3a5b309646e2882de98ae9f3bb143e1b2285c6ced39,data/datasets/openfake/pilot-600/images/fake/cbfbc22ff9c68dd39579b3a5b309646e2882de98ae9f3bb143e1b2285c6ced39.png,ComplexDataLab/OpenFake,low,1,0.9659806489944458
cc68576123d2f6625c6db066e7a08701e5a6acd8d58530399c1177a06916a0a4,data/datasets/openfake/additional-900/images/fake/cc68576123d2f6625c6db066e7a08701e5a6acd8d58530399c1177a06916a0a4.png,ComplexDataLab/OpenFake,medium,1,0.14288420975208282
cc8ccafc3ff0fa0c3a86c32203d230d5015bbc92153d7a1df251135b70ce859d,data/datasets/openfake/additional-900/images/real/cc8ccafc3ff0fa0c3a86c32203d230d5015bbc92153d7a1df251135b70ce859d.jpg,ComplexDataLab/OpenFake,medium,0,0.13285164535045624
ccbf158cb620b345288891f43c39c0f60211fc8c0da6f3c62a15c6d2625f9c27,data/datasets/openfake/pilot-600/images/fake/ccbf158cb620b345288891f43c39c0f60211fc8c0da6f3c62a15c6d2625f9c27.png,ComplexDataLab/OpenFake,medium,1,0.9984252452850342
cccd278ddeab436195b4082d44161517c78b41724a32efa0377dee6ae79e7e3d,data/datasets/openfake/pilot-600/images/real/cccd278ddeab436195b4082d44161517c78b41724a32efa0377dee6ae79e7e3d.jpg,ComplexDataLab/OpenFake,low,0,0.7229189276695251
ccfaf66c4eb02dd921d381df671e05b8e736f8303be3ca85c3d28d8f5d79a417,data/datasets/openfake/pilot-600/images/real/ccfaf66c4eb02dd921d381df671e05b8e736f8303be3ca85c3d28d8f5d79a417.jpg,ComplexDataLab/OpenFake,low,0,0.0004740530566778034
cd0140837a503bfd27ec32418b572e9c5caa87851145cf4aab1bbf9b9894ece6,data/datasets/openfake/additional-900/images/fake/cd0140837a503bfd27ec32418b572e9c5caa87851145cf4aab1bbf9b9894ece6.png,ComplexDataLab/OpenFake,medium,1,0.04548744112253189
cd1f1c6ff98f1f6c7b97c0b1c1f41c59fb24d06b847b33bbd8da069c4bb27935,data/datasets/openfake/pilot-600/images/real/cd1f1c6ff98f1f6c7b97c0b1c1f41c59fb24d06b847b33bbd8da069c4bb27935.jpg,ComplexDataLab/OpenFake,medium,0,0.916559100151062
cd2bddb609705eb2b8b704f84055c7eac7c55cc057f6a1a7d11bc511cf994def,data/datasets/openfake/pilot-600/images/real/cd2bddb609705eb2b8b704f84055c7eac7c55cc057f6a1a7d11bc511cf994def.jpg,ComplexDataLab/OpenFake,medium,0,3.338405440445058e-05
cd43cde1efd10f923261d6d537942db5bef2ebfe88781825df5521c65ab1fd36,data/datasets/openfake/pilot-600/images/real/cd43cde1efd10f923261d6d537942db5bef2ebfe88781825df5521c65ab1fd36.jpg,ComplexDataLab/OpenFake,low,0,0.412686824798584
cd60ca0389ce13b5e921b886f9a9314996582ca3cd227c040f6dbc9870f9f0c7,data/datasets/openfake/pilot-600/images/real/cd60ca0389ce13b5e921b886f9a9314996582ca3cd227c040f6dbc9870f9f0c7.jpg,ComplexDataLab/OpenFake,low,0,0.8388864994049072
cd95d75ad54402f1d99972ff2b1ba80ed41b7fe0d42350b280b4f183c637a570,data/datasets/openfake/pilot-600/images/fake/cd95d75ad54402f1d99972ff2b1ba80ed41b7fe0d42350b280b4f183c637a570.png,ComplexDataLab/OpenFake,medium,1,0.9883204698562622
cd9bbfb9d0842bf2f38404c1eb4d63c4a01d24ce46d7abde4f57bed02071e4c4,data/datasets/openfake/additional-900/images/fake/cd9bbfb9d0842bf2f38404c1eb4d63c4a01d24ce46d7abde4f57bed02071e4c4.png,ComplexDataLab/OpenFake,medium,1,0.9930457472801208
ce1f6b93f25718a4b78c7e7e295dd733899198720cdcf40e7a446a278f624fed,data/datasets/openfake/additional-900/images/real/ce1f6b93f25718a4b78c7e7e295dd733899198720cdcf40e7a446a278f624fed.jpg,ComplexDataLab/OpenFake,medium,0,0.04101056978106499
ce3059746c74b84c7c1b1e1d0fc2c7fdd68aa51eed527a662e341e70e4a857e2,data/datasets/openfake/additional-900/images/fake/ce3059746c74b84c7c1b1e1d0fc2c7fdd68aa51eed527a662e341e70e4a857e2.png,ComplexDataLab/OpenFake,medium,1,0.9929963946342468
ce73d45404b6fe89c55b4afb66ca208af45c2c3bb0c982a24c632ba7298ced62,data/datasets/openfake/additional-900/images/real/ce73d45404b6fe89c55b4afb66ca208af45c2c3bb0c982a24c632ba7298ced62.jpg,ComplexDataLab/OpenFake,medium,0,0.027332287281751633
cecf451bc08036fd8fba5e930616312e3b3ecd838bb11ccb1f2af5eedb15df2f,data/datasets/openfake/pilot-600/images/real/cecf451bc08036fd8fba5e930616312e3b3ecd838bb11ccb1f2af5eedb15df2f.jpg,ComplexDataLab/OpenFake,medium,0,0.03256560117006302
ceeadebc5a96112d2c81fd7a062a69653090a235d1ce435ba09b5c0579215248,data/datasets/openfake/additional-900/images/fake/ceeadebc5a96112d2c81fd7a062a69653090a235d1ce435ba09b5c0579215248.png,ComplexDataLab/OpenFake,high,1,0.9605820178985596
cf0a47f943c122ce6c321e9a5225bb62ff1d7dd275733edfde6c078552306348,data/datasets/openfake/additional-900/images/real/cf0a47f943c122ce6c321e9a5225bb62ff1d7dd275733edfde6c078552306348.jpg,ComplexDataLab/OpenFake,medium,0,0.24955438077449799
cf5cf740601b3089b4ae1a947112bc8726984b0c61f2d71ddfc5005dae0732cc,data/datasets/openfake/additional-900/images/fake/cf5cf740601b3089b4ae1a947112bc8726984b0c61f2d71ddfc5005dae0732cc.png,ComplexDataLab/OpenFake,medium,1,0.989412248134613
cf75c470af8aad23ad8703c523af878411d939a59ff4248abc06957912632bd6,data/datasets/openfake/additional-900/images/fake/cf75c470af8aad23ad8703c523af878411d939a59ff4248abc06957912632bd6.png,ComplexDataLab/OpenFake,medium,1,0.9969083666801453
d00e23a38eee1b8ff4591c4c85cab1b56df0095137d83f0a483d638a2785b7aa,data/datasets/openfake/pilot-600/images/fake/d00e23a38eee1b8ff4591c4c85cab1b56df0095137d83f0a483d638a2785b7aa.png,ComplexDataLab/OpenFake,low,1,0.7924139499664307
d01447ba9d0a472cd7bc322f727e63ab44f6c981736f739fb3b24c3066e53181,data/datasets/openfake/pilot-600/images/fake/d01447ba9d0a472cd7bc322f727e63ab44f6c981736f739fb3b24c3066e53181.png,ComplexDataLab/OpenFake,medium,1,0.09368513524532318
d0342b12b0636aaba798c02741b864bc13d6aaa75b5f254e26a95ab9dbe33058,data/datasets/openfake/additional-900/images/fake/d0342b12b0636aaba798c02741b864bc13d6aaa75b5f254e26a95ab9dbe33058.jpg,ComplexDataLab/OpenFake,low,1,0.11038514971733093
d062dae8cce84fddbff814f39cae0dc4bbd0accb4f477d4fee3c67637bd5d40c,data/datasets/openfake/additional-900/images/real/d062dae8cce84fddbff814f39cae0dc4bbd0accb4f477d4fee3c67637bd5d40c.jpg,ComplexDataLab/OpenFake,low,0,0.003988385666161776
d0b94e631bfa643fcee64a5b5eaa042e3cd6e295044ffe47a54043930eacc906,data/datasets/openfake/additional-900/images/fake/d0b94e631bfa643fcee64a5b5eaa042e3cd6e295044ffe47a54043930eacc906.png,ComplexDataLab/OpenFake,medium,1,0.47357937693595886
d0d243ffb3fccaf55a471ca1308586a431cf4bb5fd1ecedab271fc6f6c2b8d8b,data/datasets/openfake/pilot-600/images/fake/d0d243ffb3fccaf55a471ca1308586a431cf4bb5fd1ecedab271fc6f6c2b8d8b.png,ComplexDataLab/OpenFake,medium,1,0.878348171710968
d0dee66e504b84ac5b656aac4e55a1fe2565405294755b7d0e3f187c16d6cf2f,data/datasets/openfake/additional-900/images/real/d0dee66e504b84ac5b656aac4e55a1fe2565405294755b7d0e3f187c16d6cf2f.jpg,ComplexDataLab/OpenFake,low,0,0.020686279982328415
d0ea346173a8ea9d9609105b8384dd6cc9fcdcb427c6f03f993a1308d304e0c5,data/datasets/openfake/additional-900/images/real/d0ea346173a8ea9d9609105b8384dd6cc9fcdcb427c6f03f993a1308d304e0c5.jpg,ComplexDataLab/OpenFake,low,0,0.5968707799911499
d17ffe7e6668ad6ef29d5d6aff1249f81dd0915a4677110dd33ce5e309dbe5a3,data/datasets/openfake/pilot-600/images/real/d17ffe7e6668ad6ef29d5d6aff1249f81dd0915a4677110dd33ce5e309dbe5a3.jpg,ComplexDataLab/OpenFake,medium,0,0.004138866905122995
d19cb270e4bcab9a280501759878d5045502d6cf43a990520c74103b9c72cf20,data/datasets/openfake/additional-900/images/fake/d19cb270e4bcab9a280501759878d5045502d6cf43a990520c74103b9c72cf20.webp,ComplexDataLab/OpenFake,medium,1,0.9825321435928345
d1d0f0ac2435f7c15a17707b4ca5db78b39ec1880db9748fba24d8a50eee028b,data/datasets/openfake/additional-900/images/fake/d1d0f0ac2435f7c15a17707b4ca5db78b39ec1880db9748fba24d8a50eee028b.png,ComplexDataLab/OpenFake,low,1,0.5543696880340576
d1d9002f4dee6fb725789afec8cc8f1f9057a8a7384a5362ed44421e0bcc0ad4,data/datasets/openfake/additional-900/images/fake/d1d9002f4dee6fb725789afec8cc8f1f9057a8a7384a5362ed44421e0bcc0ad4.png,ComplexDataLab/OpenFake,low,1,0.9587423205375671
d1ee3fd294c5971109f366f639d25a30da2cc4f3978690cca1f5da60fe4f1d6c,data/datasets/openfake/additional-900/images/fake/d1ee3fd294c5971109f366f639d25a30da2cc4f3978690cca1f5da60fe4f1d6c.png,ComplexDataLab/OpenFake,low,1,0.9789303541183472
d22ab4418eac167cad647691d1d2d705aafb9d508c492e2e5e0c131dca4f4baa,data/datasets/openfake/additional-900/images/real/d22ab4418eac167cad647691d1d2d705aafb9d508c492e2e5e0c131dca4f4baa.jpg,ComplexDataLab/OpenFake,low,0,0.3198081851005554
d2501bfc7f5d57c6a72f3ccfefdf85037eea90ec92248c1898ce9ba11922d8c3,data/datasets/openfake/additional-900/images/real/d2501bfc7f5d57c6a72f3ccfefdf85037eea90ec92248c1898ce9ba11922d8c3.jpg,ComplexDataLab/OpenFake,medium,0,0.45296862721443176
d2523c4232d27d7978f688e3bea46884ced1e94b8c61c99141e455e0e60eb502,data/datasets/openfake/pilot-600/images/real/d2523c4232d27d7978f688e3bea46884ced1e94b8c61c99141e455e0e60eb502.jpg,ComplexDataLab/OpenFake,medium,0,0.7607473134994507
d2a9cff7b9b79f68fff94d8fc4abe506ee5a50b94644a655b0582bb277facdb8,data/datasets/openfake/additional-900/images/real/d2a9cff7b9b79f68fff94d8fc4abe506ee5a50b94644a655b0582bb277facdb8.jpg,ComplexDataLab/OpenFake,low,0,0.4011768102645874
d2e45b157a96a56aa8dee012f2c451c65f8d03ef2f4ec3315383800dfa83ea3b,data/datasets/openfake/pilot-600/images/real/d2e45b157a96a56aa8dee012f2c451c65f8d03ef2f4ec3315383800dfa83ea3b.jpg,ComplexDataLab/OpenFake,medium,0,0.7016046643257141
d2e63cb06172418ca0c76281605cc5203b48992745a833feed3e864c8fcf24a2,data/datasets/openfake/pilot-600/images/real/d2e63cb06172418ca0c76281605cc5203b48992745a833feed3e864c8fcf24a2.jpg,ComplexDataLab/OpenFake,medium,0,0.2186502367258072
d31aa345aa67a240d8fbcfb4b5d17de91999b12d9d3475f993a1d8e5614388c1,data/datasets/openfake/additional-900/images/real/d31aa345aa67a240d8fbcfb4b5d17de91999b12d9d3475f993a1d8e5614388c1.jpg,ComplexDataLab/OpenFake,low,0,0.0022251922637224197
d3505d04c2e9174855c579c2785c100368d5ca2760bb24c83b8af6975bbf70ed,data/datasets/openfake/additional-900/images/fake/d3505d04c2e9174855c579c2785c100368d5ca2760bb24c83b8af6975bbf70ed.png,ComplexDataLab/OpenFake,medium,1,0.9050040245056152
d36efdd710d2d64a71ebec4320df2db0a47f6b9f8f5dd3bdfb8894153b1a7c54,data/datasets/openfake/additional-900/images/fake/d36efdd710d2d64a71ebec4320df2db0a47f6b9f8f5dd3bdfb8894153b1a7c54.png,ComplexDataLab/OpenFake,high,1,0.9852225184440613
d37a223c59f986e77b04456ea2b45973c3bce7e9c502f6b3d6050e9d0719dc7f,data/datasets/openfake/pilot-600/images/real/d37a223c59f986e77b04456ea2b45973c3bce7e9c502f6b3d6050e9d0719dc7f.jpg,ComplexDataLab/OpenFake,low,0,0.14944840967655182
d3c995652ab7554fbe7267ec25c28f52a2d52bbf2dc84b183d7a9a33e8e104f1,data/datasets/openfake/additional-900/images/fake/d3c995652ab7554fbe7267ec25c28f52a2d52bbf2dc84b183d7a9a33e8e104f1.png,ComplexDataLab/OpenFake,medium,1,0.9952622652053833
d3dcb618d3d88431ec71e37a73b931e75a07aee0b785dcfca74c7985d8afd744,data/datasets/openfake/pilot-600/images/real/d3dcb618d3d88431ec71e37a73b931e75a07aee0b785dcfca74c7985d8afd744.jpg,ComplexDataLab/OpenFake,low,0,0.24312132596969604
d3ebf5bc354535da7841954f6c2601b8ed0ece9b85405229985732fc41f8d315,data/datasets/openfake/additional-900/images/real/d3ebf5bc354535da7841954f6c2601b8ed0ece9b85405229985732fc41f8d315.jpg,ComplexDataLab/OpenFake,medium,0,0.002831702586263418
d3eccadf277467cb9d8e32c5eb9347e122adf936950801658fe22433e7a1edb5,data/datasets/openfake/additional-900/images/fake/d3eccadf277467cb9d8e32c5eb9347e122adf936950801658fe22433e7a1edb5.jpg,ComplexDataLab/OpenFake,low,1,0.6245478987693787
d438e300b69595b3a3fd6df904e985822d5914578e4e380118bf4dbd0c9c07db,data/datasets/openfake/additional-900/images/fake/d438e300b69595b3a3fd6df904e985822d5914578e4e380118bf4dbd0c9c07db.jpg,ComplexDataLab/OpenFake,low,1,0.9206110835075378
d4d5a75863cecdafdcc07989ecaeb8ae0f24ec3846ca32e1b1dfc85643eea5e1,data/datasets/openfake/pilot-600/images/fake/d4d5a75863cecdafdcc07989ecaeb8ae0f24ec3846ca32e1b1dfc85643eea5e1.jpg,ComplexDataLab/OpenFake,low,1,0.9882751703262329
d5097ab54b80237393c20da8078215bf18ddc7f517afa7a06dfd3e8768b155ac,data/datasets/openfake/pilot-600/images/fake/d5097ab54b80237393c20da8078215bf18ddc7f517afa7a06dfd3e8768b155ac.png,ComplexDataLab/OpenFake,low,1,0.9896027445793152
d536e3bd1b53d6babdccfdb2847caa4d45ef30ecace03d8b000869faaaee0309,data/datasets/openfake/pilot-600/images/real/d536e3bd1b53d6babdccfdb2847caa4d45ef30ecace03d8b000869faaaee0309.jpg,ComplexDataLab/OpenFake,medium,0,0.3473212420940399
d5429345687161ca008a3a78d324e15d804a04fd96e1eb2db4258d61ca12af97,data/datasets/openfake/additional-900/images/fake/d5429345687161ca008a3a78d324e15d804a04fd96e1eb2db4258d61ca12af97.webp,ComplexDataLab/OpenFake,medium,1,0.9585168957710266
d5464285a4743cdaa37e45e46a79210767e03840af7a8540130fba1100e44eaf,data/datasets/openfake/additional-900/images/fake/d5464285a4743cdaa37e45e46a79210767e03840af7a8540130fba1100e44eaf.png,ComplexDataLab/OpenFake,low,1,0.6508928537368774
d56ea70dab4f3f102a2405d4c520906c484f7668abce2cc1c850788de44093b4,data/datasets/openfake/additional-900/images/real/d56ea70dab4f3f102a2405d4c520906c484f7668abce2cc1c850788de44093b4.jpg,ComplexDataLab/OpenFake,low,0,0.01783200353384018
d5db53d9202a2a8c9dd8a6a20e276f900a6c6df2a03ddf95ecb2dba5a88f08e4,data/datasets/openfake/pilot-600/images/real/d5db53d9202a2a8c9dd8a6a20e276f900a6c6df2a03ddf95ecb2dba5a88f08e4.jpg,ComplexDataLab/OpenFake,medium,0,0.6871368885040283
d6200723f74c9eab13d7523cca105ac51f04dd0fcff7c77d17bf37c78d7fe78e,data/datasets/openfake/pilot-600/images/real/d6200723f74c9eab13d7523cca105ac51f04dd0fcff7c77d17bf37c78d7fe78e.jpg,ComplexDataLab/OpenFake,medium,0,0.20892147719860077
d6667ce7c01b23d5443011b329e19dea1f82f0abfe8b1964f3d5e82a0c8d51cc,data/datasets/openfake/additional-900/images/fake/d6667ce7c01b23d5443011b329e19dea1f82f0abfe8b1964f3d5e82a0c8d51cc.png,ComplexDataLab/OpenFake,medium,1,0.3063483238220215
d6a8ec21967bf774c601f3381da53b17b3baf2f3fe1f87cc8ae1536a26792cbd,data/datasets/openfake/pilot-600/images/real/d6a8ec21967bf774c601f3381da53b17b3baf2f3fe1f87cc8ae1536a26792cbd.jpg,ComplexDataLab/OpenFake,medium,0,0.32667064666748047
d6ac3c1a1c4fec9f090165169ab8f726895ef73797ecf94ed87f55dbf0cc6eb5,data/datasets/openfake/additional-900/images/fake/d6ac3c1a1c4fec9f090165169ab8f726895ef73797ecf94ed87f55dbf0cc6eb5.png,ComplexDataLab/OpenFake,low,1,0.8839903473854065
d6b209b675d85f78e4fd559b56ec8e604961bdf25850aa5f8143578c7f31f070,data/datasets/openfake/additional-900/images/fake/d6b209b675d85f78e4fd559b56ec8e604961bdf25850aa5f8143578c7f31f070.png,ComplexDataLab/OpenFake,low,1,0.9900425672531128
d6b4965dd93e55c3f9f3dc674dd8cc88e22aa17f8601df258005dc9914f171d1,data/datasets/openfake/additional-900/images/fake/d6b4965dd93e55c3f9f3dc674dd8cc88e22aa17f8601df258005dc9914f171d1.png,ComplexDataLab/OpenFake,low,1,0.7667097449302673
d6f4c81461a1eb55b8cdf6a1a92d047fde6317eecb901432ec1b6ad20ace2741,data/datasets/openfake/additional-900/images/real/d6f4c81461a1eb55b8cdf6a1a92d047fde6317eecb901432ec1b6ad20ace2741.jpg,ComplexDataLab/OpenFake,low,0,0.5899821519851685
d72ceae9d59fda5588c156669dbb5695ecb36ecc5f8dd768d6b97cc6a6c66337,data/datasets/openfake/additional-900/images/real/d72ceae9d59fda5588c156669dbb5695ecb36ecc5f8dd768d6b97cc6a6c66337.jpg,ComplexDataLab/OpenFake,low,0,0.41803550720214844
d72d8b5e970f3df737510f869c2bc73df6af2a46ef27029b1882f4c8b433b7da,data/datasets/openfake/additional-900/images/real/d72d8b5e970f3df737510f869c2bc73df6af2a46ef27029b1882f4c8b433b7da.jpg,ComplexDataLab/OpenFake,medium,0,0.30609428882598877
d76adf9ebbdb08eac856143ef0eb5b630a6e098976d5e9e9b0b35dcbe0d589f0,data/datasets/openfake/additional-900/images/real/d76adf9ebbdb08eac856143ef0eb5b630a6e098976d5e9e9b0b35dcbe0d589f0.jpg,ComplexDataLab/OpenFake,low,0,0.0044565931893885136
d76b27fc1684f0939ea16200643ee32d7de3e699c7e53ff81629ce32d1ecefb8,data/datasets/openfake/additional-900/images/fake/d76b27fc1684f0939ea16200643ee32d7de3e699c7e53ff81629ce32d1ecefb8.jpg,ComplexDataLab/OpenFake,medium,1,0.01642543449997902
d77fc7a276efb44cfa0821e413f56c87ceda24cb90a34718eb1b1b743d5dab59,data/datasets/openfake/additional-900/images/real/d77fc7a276efb44cfa0821e413f56c87ceda24cb90a34718eb1b1b743d5dab59.jpg,ComplexDataLab/OpenFake,medium,0,0.46337592601776123
d802a4ed4f3900a5e19d1fb754e87ffdd2f02de0835aab45e39735d6b115e5e0,data/datasets/openfake/additional-900/images/fake/d802a4ed4f3900a5e19d1fb754e87ffdd2f02de0835aab45e39735d6b115e5e0.png,ComplexDataLab/OpenFake,medium,1,0.7091012597084045
d82eeb3ff38aaab2450eee3ce79ef712c00c0b8718cfa4acfbe4e019781f7518,data/datasets/openfake/additional-900/images/fake/d82eeb3ff38aaab2450eee3ce79ef712c00c0b8718cfa4acfbe4e019781f7518.png,ComplexDataLab/OpenFake,low,1,0.902499258518219
d84c1f454957ccd69c5b6464677e0189106352b1705c59c13251a5e6906a4e64,data/datasets/openfake/pilot-600/images/fake/d84c1f454957ccd69c5b6464677e0189106352b1705c59c13251a5e6906a4e64.png,ComplexDataLab/OpenFake,medium,1,0.994648277759552
d85b9ebf78b29c0ac3eed7edfd45ffd0207772a9994d808a77af7bcc48b4b8c3,data/datasets/openfake/additional-900/images/fake/d85b9ebf78b29c0ac3eed7edfd45ffd0207772a9994d808a77af7bcc48b4b8c3.png,ComplexDataLab/OpenFake,medium,1,0.5350351333618164
d87428a9b33d45f27079ccbcac5b34d6e9ea40365b7f058ad7846ba923099ba2,data/datasets/openfake/additional-900/images/real/d87428a9b33d45f27079ccbcac5b34d6e9ea40365b7f058ad7846ba923099ba2.jpg,ComplexDataLab/OpenFake,medium,0,0.5630698800086975
d90146cda89ee39e03f9d5b1fa2d133bcd3d6e26ea33ee3c53648effdcd7e836,data/datasets/openfake/additional-900/images/real/d90146cda89ee39e03f9d5b1fa2d133bcd3d6e26ea33ee3c53648effdcd7e836.jpg,ComplexDataLab/OpenFake,medium,0,0.00026137864915654063
d91bb95659443895bb3c8502f3d067ef014e945a91824b26c51b29798d36d788,data/datasets/openfake/additional-900/images/real/d91bb95659443895bb3c8502f3d067ef014e945a91824b26c51b29798d36d788.jpg,ComplexDataLab/OpenFake,medium,0,0.8744120597839355
d931f69279a1ce072f0cb8b4090b93d1843a8f74f7dbb68c66e4ea7577c7100e,data/datasets/openfake/additional-900/images/real/d931f69279a1ce072f0cb8b4090b93d1843a8f74f7dbb68c66e4ea7577c7100e.jpg,ComplexDataLab/OpenFake,low,0,0.8574466705322266
d9694f5fbec4eb4fd65ce37c74986ef3ec1721954e551a4d1142f18b2a628dc6,data/datasets/openfake/additional-900/images/real/d9694f5fbec4eb4fd65ce37c74986ef3ec1721954e551a4d1142f18b2a628dc6.jpg,ComplexDataLab/OpenFake,medium,0,0.9665346145629883
d96fcf794345a6cc4723cbb6d03b86080652b550e20fe84afe771464a48b8e7d,data/datasets/openfake/additional-900/images/real/d96fcf794345a6cc4723cbb6d03b86080652b550e20fe84afe771464a48b8e7d.jpg,ComplexDataLab/OpenFake,medium,0,0.30826255679130554
d975aaff3777354a8524dfd9bcd74d03343ca0cb229c4c49f87bc89eacd562fa,data/datasets/openfake/additional-900/images/fake/d975aaff3777354a8524dfd9bcd74d03343ca0cb229c4c49f87bc89eacd562fa.jpg,ComplexDataLab/OpenFake,low,1,0.7018778920173645
d9a1aa2fa6ee6aa9b2614f029beabc73b5260b9ccbab1edd6e3846d1ced5b8ea,data/datasets/openfake/additional-900/images/fake/d9a1aa2fa6ee6aa9b2614f029beabc73b5260b9ccbab1edd6e3846d1ced5b8ea.png,ComplexDataLab/OpenFake,medium,1,0.9598625898361206
da0583b1a158cb164bebbc00561d179890345b3c82b185c47555bd39ba28bece,data/datasets/openfake/pilot-600/images/real/da0583b1a158cb164bebbc00561d179890345b3c82b185c47555bd39ba28bece.jpg,ComplexDataLab/OpenFake,medium,0,0.0013204104034230113
da31a0220a942015107ffc9e70fa961c51c79ec0906a4c9a02c1b047fa6c0452,data/datasets/openfake/additional-900/images/fake/da31a0220a942015107ffc9e70fa961c51c79ec0906a4c9a02c1b047fa6c0452.jpg,ComplexDataLab/OpenFake,low,1,0.548315167427063
da780a137c3d0c6e2b54134f9ea860e5cf2013495000240deae8a71eee59000c,data/datasets/openfake/pilot-600/images/fake/da780a137c3d0c6e2b54134f9ea860e5cf2013495000240deae8a71eee59000c.png,ComplexDataLab/OpenFake,medium,1,0.7210472822189331
da8515567a811f559176046bbd7ca71dae325f0b173de06b52f171e4f5f043b6,data/datasets/openfake/pilot-600/images/fake/da8515567a811f559176046bbd7ca71dae325f0b173de06b52f171e4f5f043b6.png,ComplexDataLab/OpenFake,medium,1,0.9998464584350586
daab136d565791d660ea11a64c543ae157cf1141f137fdf05addde18d2e82869,data/datasets/openfake/pilot-600/images/fake/daab136d565791d660ea11a64c543ae157cf1141f137fdf05addde18d2e82869.png,ComplexDataLab/OpenFake,low,1,0.9992849230766296
dabc44e6a649209aec3d38d4fa1f8aa4dc182271ad51bd7bb16658186a7f8652,data/datasets/openfake/pilot-600/images/real/dabc44e6a649209aec3d38d4fa1f8aa4dc182271ad51bd7bb16658186a7f8652.jpg,ComplexDataLab/OpenFake,medium,0,0.002891150303184986
dad9b5c204423d31effe2ceb0f2f8897d746799079cbf38fe413fee811a1a48a,data/datasets/openfake/additional-900/images/real/dad9b5c204423d31effe2ceb0f2f8897d746799079cbf38fe413fee811a1a48a.jpg,ComplexDataLab/OpenFake,medium,0,0.0002329649869352579
db1c4040f97544a98ee734a39248f224afa24279c034ae5ccbfe44e01c9a5984,data/datasets/openfake/pilot-600/images/fake/db1c4040f97544a98ee734a39248f224afa24279c034ae5ccbfe44e01c9a5984.png,ComplexDataLab/OpenFake,medium,1,0.18419437110424042
db610dc0b9cde73a73a5805be0f7028398b3b2ccdd85855715931e3247c4e3e4,data/datasets/openfake/additional-900/images/fake/db610dc0b9cde73a73a5805be0f7028398b3b2ccdd85855715931e3247c4e3e4.png,ComplexDataLab/OpenFake,low,1,0.27210092544555664
db8283e5fd735991f377331da4e9b088a8889fb05d607d605187470c716b7963,data/datasets/openfake/additional-900/images/fake/db8283e5fd735991f377331da4e9b088a8889fb05d607d605187470c716b7963.png,ComplexDataLab/OpenFake,medium,1,0.9121647477149963
dbc81b719f7ca5bd88c525a2e8b17eda96e9fdbeb484154a7e22277157ed7bdf,data/datasets/openfake/additional-900/images/fake/dbc81b719f7ca5bd88c525a2e8b17eda96e9fdbeb484154a7e22277157ed7bdf.png,ComplexDataLab/OpenFake,medium,1,0.5254426598548889
dbd8a4318ebd36691e2c436bf2faef9918b82ef526f7677efa0b3d27ee98bb17,data/datasets/openfake/pilot-600/images/fake/dbd8a4318ebd36691e2c436bf2faef9918b82ef526f7677efa0b3d27ee98bb17.png,ComplexDataLab/OpenFake,medium,1,0.9902681708335876
dbf5147358e0b76c134fb4174c9a59593ffa0064726d09a67d4158415c8903db,data/datasets/openfake/pilot-600/images/real/dbf5147358e0b76c134fb4174c9a59593ffa0064726d09a67d4158415c8903db.jpg,ComplexDataLab/OpenFake,medium,0,0.0841691866517067
dc01617a9624284c023eee876ede52a846f11c81ec8abe804b88d83478cd7e76,data/datasets/openfake/additional-900/images/real/dc01617a9624284c023eee876ede52a846f11c81ec8abe804b88d83478cd7e76.jpg,ComplexDataLab/OpenFake,medium,0,0.030310608446598053
dc29661847cd24106720f0de01fcbec5612c854e97bbbbc59ca11fdb95d9eed5,data/datasets/openfake/pilot-600/images/real/dc29661847cd24106720f0de01fcbec5612c854e97bbbbc59ca11fdb95d9eed5.jpg,ComplexDataLab/OpenFake,medium,0,0.7925864458084106
dc37020c509c72610d3950f968b103d4ac8898521c49d04a8ff344afa1e3798b,data/datasets/openfake/additional-900/images/fake/dc37020c509c72610d3950f968b103d4ac8898521c49d04a8ff344afa1e3798b.png,ComplexDataLab/OpenFake,medium,1,0.9265149235725403
dc373fd46ce8082c609c7049b6d6b08a19db92335f79c9f76896bbc6722a5515,data/datasets/openfake/additional-900/images/real/dc373fd46ce8082c609c7049b6d6b08a19db92335f79c9f76896bbc6722a5515.jpg,ComplexDataLab/OpenFake,medium,0,0.30069997906684875
dc87eeaad10dd5c5b77234eb0204e2118eb4cf168afbfce97f9a59afabae8ddb,data/datasets/openfake/additional-900/images/real/dc87eeaad10dd5c5b77234eb0204e2118eb4cf168afbfce97f9a59afabae8ddb.jpg,ComplexDataLab/OpenFake,medium,0,0.6331614851951599
dc8c7b479919a5d77a7587a2c9a68ef98bac85e75d9d348220fb56e5e6026cf4,data/datasets/openfake/additional-900/images/real/dc8c7b479919a5d77a7587a2c9a68ef98bac85e75d9d348220fb56e5e6026cf4.jpg,ComplexDataLab/OpenFake,medium,0,0.2654058635234833
dcac6ba3bd48490aa006ae81820815db8e1795ae4c8f4f243a78fffa6e967356,data/datasets/openfake/additional-900/images/real/dcac6ba3bd48490aa006ae81820815db8e1795ae4c8f4f243a78fffa6e967356.jpg,ComplexDataLab/OpenFake,medium,0,0.871329665184021
dccf6fa15821f4535d3819ae55198ba5f06abea5138ba7c1b4f5f27368ce7f23,data/datasets/openfake/additional-900/images/real/dccf6fa15821f4535d3819ae55198ba5f06abea5138ba7c1b4f5f27368ce7f23.jpg,ComplexDataLab/OpenFake,medium,0,0.5065862536430359
dcd2c19591daf2cbfd2bcb1c4830e97eeb742ba2408f64763ffa480267237f63,data/datasets/openfake/additional-900/images/fake/dcd2c19591daf2cbfd2bcb1c4830e97eeb742ba2408f64763ffa480267237f63.png,ComplexDataLab/OpenFake,medium,1,0.8755449056625366
dd09dd3068cb2d8e0d6c7b3dd15c3b17be0f8a851af820c5feca17230ec4e95b,data/datasets/openfake/additional-900/images/fake/dd09dd3068cb2d8e0d6c7b3dd15c3b17be0f8a851af820c5feca17230ec4e95b.png,ComplexDataLab/OpenFake,low,1,0.992233395576477
dd18df7b38f781b11c260181dc0327820bf8b89e4b23e88f95bb0546bcb6d829,data/datasets/openfake/additional-900/images/fake/dd18df7b38f781b11c260181dc0327820bf8b89e4b23e88f95bb0546bcb6d829.jpg,ComplexDataLab/OpenFake,low,1,0.2116711139678955
dd736e197c2842c41f7699d083fc34d0cfdc630c24ced9e4779a0890487ecc22,data/datasets/openfake/additional-900/images/fake/dd736e197c2842c41f7699d083fc34d0cfdc630c24ced9e4779a0890487ecc22.png,ComplexDataLab/OpenFake,medium,1,0.9596148729324341
dd876e107a4831147130399c135a348d8a71b15c8aa492e281785181c360a1f3,data/datasets/openfake/additional-900/images/real/dd876e107a4831147130399c135a348d8a71b15c8aa492e281785181c360a1f3.jpg,ComplexDataLab/OpenFake,medium,0,0.10141484439373016
dda6c410e0793a7115e01ef848b8610316da3e64afc43489fec0ca543910f347,data/datasets/openfake/additional-900/images/fake/dda6c410e0793a7115e01ef848b8610316da3e64afc43489fec0ca543910f347.jpg,ComplexDataLab/OpenFake,medium,1,0.12159362435340881
ddbb6e7eb3376cee6269c2ff595e1180502bbd8a714183cbc2e1c61571590f71,data/datasets/openfake/pilot-600/images/fake/ddbb6e7eb3376cee6269c2ff595e1180502bbd8a714183cbc2e1c61571590f71.png,ComplexDataLab/OpenFake,medium,1,0.9948877692222595
ddd9ae1bbef685ea70570786a464d744c95722873f2f9ec3187034786c72966c,data/datasets/openfake/additional-900/images/fake/ddd9ae1bbef685ea70570786a464d744c95722873f2f9ec3187034786c72966c.png,ComplexDataLab/OpenFake,medium,1,0.8696342706680298
dde25b31d92db504d73c99368d6662157d853b91ae3b99b121531fd6f56fc42f,data/datasets/openfake/pilot-600/images/real/dde25b31d92db504d73c99368d6662157d853b91ae3b99b121531fd6f56fc42f.jpg,ComplexDataLab/OpenFake,low,0,0.6682084202766418
de2a1078cdf26ff660f587bc6202c1d58b53d9787d1f21dd8c03fd6550ff2c4a,data/datasets/openfake/additional-900/images/real/de2a1078cdf26ff660f587bc6202c1d58b53d9787d1f21dd8c03fd6550ff2c4a.jpg,ComplexDataLab/OpenFake,medium,0,0.05857715755701065
de6f63e735dc2dfe6de36932ac12e1b0fc1a3bcce4c7fc0973825c2bbc0d44d5,data/datasets/openfake/additional-900/images/fake/de6f63e735dc2dfe6de36932ac12e1b0fc1a3bcce4c7fc0973825c2bbc0d44d5.png,ComplexDataLab/OpenFake,medium,1,0.766954243183136
de7278bc851757e91b219a4d5003b05ec95ed59cb015709769dc0d3192a087ef,data/datasets/openfake/pilot-600/images/fake/de7278bc851757e91b219a4d5003b05ec95ed59cb015709769dc0d3192a087ef.png,ComplexDataLab/OpenFake,medium,1,0.980544924736023
de78cfb6ac87519955fccf7d2852a5207aca84b275edad0c65c117377783f053,data/datasets/openfake/pilot-600/images/real/de78cfb6ac87519955fccf7d2852a5207aca84b275edad0c65c117377783f053.jpg,ComplexDataLab/OpenFake,medium,0,0.1521173119544983
dea6c2efbae9192d3f7126c07a34f4b49bf20552a931a9aa7bf8a5826226f02e,data/datasets/openfake/additional-900/images/fake/dea6c2efbae9192d3f7126c07a34f4b49bf20552a931a9aa7bf8a5826226f02e.png,ComplexDataLab/OpenFake,medium,1,0.945823073387146
dea9759161aaac39b66878fb0c9f8a1fa71e7c04657c47a9a0fcc79ac620939d,data/datasets/openfake/pilot-600/images/real/dea9759161aaac39b66878fb0c9f8a1fa71e7c04657c47a9a0fcc79ac620939d.jpg,ComplexDataLab/OpenFake,medium,0,0.08631400018930435
deb7f5b14813c386420b084765a9555307f0545696585e8702cc30ff11cee79b,data/datasets/openfake/pilot-600/images/fake/deb7f5b14813c386420b084765a9555307f0545696585e8702cc30ff11cee79b.png,ComplexDataLab/OpenFake,medium,1,0.6068429350852966
dec3465e15cdd3d107fc961bfa32b01a11441ee70169b3565c74a5119db14e0d,data/datasets/openfake/additional-900/images/real/dec3465e15cdd3d107fc961bfa32b01a11441ee70169b3565c74a5119db14e0d.jpg,ComplexDataLab/OpenFake,low,0,0.04309219866991043
ded341dd7ab8ba5c320464b548e9944a030c22ff3637e3541e2d9083ce4f250a,data/datasets/openfake/additional-900/images/real/ded341dd7ab8ba5c320464b548e9944a030c22ff3637e3541e2d9083ce4f250a.jpg,ComplexDataLab/OpenFake,medium,0,0.017489667981863022
dee8c94d19fb31484b0f30b946dabcebb891304f087ee3fb82f5c1c3bb1f75d9,data/datasets/openfake/pilot-600/images/fake/dee8c94d19fb31484b0f30b946dabcebb891304f087ee3fb82f5c1c3bb1f75d9.png,ComplexDataLab/OpenFake,medium,1,0.9895022511482239
df0c132418cf0f481e0151f78b2c059c665c054ffbd56d5e056601a1c2c862ef,data/datasets/openfake/additional-900/images/fake/df0c132418cf0f481e0151f78b2c059c665c054ffbd56d5e056601a1c2c862ef.png,ComplexDataLab/OpenFake,medium,1,0.8074115514755249
df1c4fd1ca76fbe1f0323935746ff37cf185defbdc27934b11ee3b9a16c02b80,data/datasets/openfake/pilot-600/images/real/df1c4fd1ca76fbe1f0323935746ff37cf185defbdc27934b11ee3b9a16c02b80.jpg,ComplexDataLab/OpenFake,medium,0,0.0936572328209877
df60c070316d0c7f41977e18195bdb9a9e77ba049a8871551ceb64bc860fdd63,data/datasets/openfake/pilot-600/images/real/df60c070316d0c7f41977e18195bdb9a9e77ba049a8871551ceb64bc860fdd63.jpg,ComplexDataLab/OpenFake,low,0,0.9892579913139343
df6808b76272bc58b91db76b4f8852df72f41128b172bb9916129aabb8ea867c,data/datasets/openfake/pilot-600/images/fake/df6808b76272bc58b91db76b4f8852df72f41128b172bb9916129aabb8ea867c.png,ComplexDataLab/OpenFake,high,1,0.9963485598564148
df9bc81396682d84264e5de42d52252732277c89e49865e6ed3e54a9fcb8758b,data/datasets/openfake/additional-900/images/real/df9bc81396682d84264e5de42d52252732277c89e49865e6ed3e54a9fcb8758b.jpg,ComplexDataLab/OpenFake,medium,0,0.0003215990145690739
e020b31cbf0a3fb6384278f845d8cbf47ce4e51c6131f32fa579cd7a9dbead1a,data/datasets/openfake/additional-900/images/real/e020b31cbf0a3fb6384278f845d8cbf47ce4e51c6131f32fa579cd7a9dbead1a.jpg,ComplexDataLab/OpenFake,low,0,0.8918089270591736
e039c9608ece123f58af45636439d1375c43423888ef34ca6230166fbe448352,data/datasets/openfake/pilot-600/images/real/e039c9608ece123f58af45636439d1375c43423888ef34ca6230166fbe448352.jpg,ComplexDataLab/OpenFake,medium,0,0.03053518943488598
e08ac5c00da1a8abdb02f6bd19eb4ab41d72ec6aca76fc2f68c49ead03e1ce89,data/datasets/openfake/additional-900/images/fake/e08ac5c00da1a8abdb02f6bd19eb4ab41d72ec6aca76fc2f68c49ead03e1ce89.png,ComplexDataLab/OpenFake,medium,1,0.9938910007476807
e0b148ce71c9e955841e858d823be5fcb0b8944401d3d376440b9e74a345afb7,data/datasets/openfake/pilot-600/images/real/e0b148ce71c9e955841e858d823be5fcb0b8944401d3d376440b9e74a345afb7.jpg,ComplexDataLab/OpenFake,medium,0,0.03421479091048241
e0b6627b789c60261f9327bac0b2d1171b7b3e528d3da0c4876b7d0539ce1950,data/datasets/openfake/additional-900/images/real/e0b6627b789c60261f9327bac0b2d1171b7b3e528d3da0c4876b7d0539ce1950.jpg,ComplexDataLab/OpenFake,medium,0,0.0038542081601917744
e0b8553d1bc047c1bd237eb4c5f83cbc3e79fe0a66360eeb54bbd3e1f062a6a7,data/datasets/openfake/pilot-600/images/fake/e0b8553d1bc047c1bd237eb4c5f83cbc3e79fe0a66360eeb54bbd3e1f062a6a7.png,ComplexDataLab/OpenFake,medium,1,0.17335598170757294
e0c41adc56354762d4bb508c273ed009e99ba111b4570661ba01eb17d2ed0ef9,data/datasets/openfake/additional-900/images/real/e0c41adc56354762d4bb508c273ed009e99ba111b4570661ba01eb17d2ed0ef9.jpg,ComplexDataLab/OpenFake,medium,0,0.005329398438334465
e1008351bb152cb452f917590c415a5ebbae2073ad42e4261329b43dbad5d6dd,data/datasets/openfake/additional-900/images/real/e1008351bb152cb452f917590c415a5ebbae2073ad42e4261329b43dbad5d6dd.jpg,ComplexDataLab/OpenFake,medium,0,0.7699916958808899
e1cbec9d93eee8d7bd14604e5f4c63c4e22e56d01e7b3326b1d90f0ec13316dc,data/datasets/openfake/pilot-600/images/fake/e1cbec9d93eee8d7bd14604e5f4c63c4e22e56d01e7b3326b1d90f0ec13316dc.png,ComplexDataLab/OpenFake,medium,1,0.9843420386314392
e226168e72221cf8d0f8d5224ed38d4ec482ef4b83b21a78d24ea4643537f0d1,data/datasets/openfake/pilot-600/images/real/e226168e72221cf8d0f8d5224ed38d4ec482ef4b83b21a78d24ea4643537f0d1.jpg,ComplexDataLab/OpenFake,medium,0,0.010037142783403397
e2377d129b99506546622be3b90600d6130addc2e0bc1ae4b450f1ed3e47b022,data/datasets/openfake/pilot-600/images/real/e2377d129b99506546622be3b90600d6130addc2e0bc1ae4b450f1ed3e47b022.jpg,ComplexDataLab/OpenFake,medium,0,0.021075021475553513
e249671c3ed8d7ed79103b7e69fc40fd23a2ba201175d7a6ca65a0a73f1b67c4,data/datasets/openfake/additional-900/images/real/e249671c3ed8d7ed79103b7e69fc40fd23a2ba201175d7a6ca65a0a73f1b67c4.jpg,ComplexDataLab/OpenFake,medium,0,0.39829182624816895
e26b401d68bcb581c2c8999c921be3bd406d94eb417c7bae7da5ff8a175b161b,data/datasets/openfake/additional-900/images/fake/e26b401d68bcb581c2c8999c921be3bd406d94eb417c7bae7da5ff8a175b161b.png,ComplexDataLab/OpenFake,low,1,0.9930205941200256
e2a8dea38a2056ad4e00333997b31a5007a6b08bf901b31a44bc4e8757eca9b1,data/datasets/openfake/pilot-600/images/fake/e2a8dea38a2056ad4e00333997b31a5007a6b08bf901b31a44bc4e8757eca9b1.png,ComplexDataLab/OpenFake,medium,1,0.998872697353363
e2ced96352ff6218c6b0998b365863ea1f2b2cf379638cb31bbe5522accf2898,data/datasets/openfake/additional-900/images/fake/e2ced96352ff6218c6b0998b365863ea1f2b2cf379638cb31bbe5522accf2898.jpg,ComplexDataLab/OpenFake,medium,1,0.9512395858764648
e2ee51e17fdf741fc68df3d7219a7a821cfa12a32fd509633a59302dddaffea8,data/datasets/openfake/additional-900/images/real/e2ee51e17fdf741fc68df3d7219a7a821cfa12a32fd509633a59302dddaffea8.jpg,ComplexDataLab/OpenFake,medium,0,0.005315764807164669
e343059e540802a1fb3b688a4c270c9851f8165322ed9b7e96eecaa5d4f8cb5a,data/datasets/openfake/pilot-600/images/real/e343059e540802a1fb3b688a4c270c9851f8165322ed9b7e96eecaa5d4f8cb5a.jpg,ComplexDataLab/OpenFake,medium,0,0.0004213945067021996
e34e9c0c50b107913e4b1fbabd32cba8b4e246e8650dccb1a4cc7683bbd11ae0,data/datasets/openfake/pilot-600/images/real/e34e9c0c50b107913e4b1fbabd32cba8b4e246e8650dccb1a4cc7683bbd11ae0.jpg,ComplexDataLab/OpenFake,medium,0,0.040434688329696655
e37b552b23467139fe95dbb82730f0ff29b8735284f7fa830e36e241f7d24f0a,data/datasets/openfake/pilot-600/images/real/e37b552b23467139fe95dbb82730f0ff29b8735284f7fa830e36e241f7d24f0a.jpg,ComplexDataLab/OpenFake,medium,0,0.9975639581680298
e417f463240e8161a6ff10871355d68125c834c58a390d841aa029269f3dacd5,data/datasets/openfake/additional-900/images/fake/e417f463240e8161a6ff10871355d68125c834c58a390d841aa029269f3dacd5.png,ComplexDataLab/OpenFake,medium,1,0.9356544613838196
e4347359ccfbca1425d05e7bb5e793945ce56895cddf82fdc0b153cdf83e413b,data/datasets/openfake/additional-900/images/fake/e4347359ccfbca1425d05e7bb5e793945ce56895cddf82fdc0b153cdf83e413b.png,ComplexDataLab/OpenFake,medium,1,0.7965665459632874
e4392f836a1d2ed899582a62d38298346612bd49e65f6614de9ae7b1702422e0,data/datasets/openfake/pilot-600/images/real/e4392f836a1d2ed899582a62d38298346612bd49e65f6614de9ae7b1702422e0.jpg,ComplexDataLab/OpenFake,medium,0,0.03211013227701187
e4429b260df82514fd8a9d9a4fa787807e93f97e91c8fb287bdf09ee55ce7e6c,data/datasets/openfake/pilot-600/images/fake/e4429b260df82514fd8a9d9a4fa787807e93f97e91c8fb287bdf09ee55ce7e6c.png,ComplexDataLab/OpenFake,high,1,0.9977370500564575
e44ed1c77456cdfc1d9f7fe3f92be797d5284cab2306850f1af89f5d3de665d7,data/datasets/openfake/pilot-600/images/real/e44ed1c77456cdfc1d9f7fe3f92be797d5284cab2306850f1af89f5d3de665d7.jpg,ComplexDataLab/OpenFake,low,0,0.0017930228495970368
e47a60c1f49271502f00cd8b7a8bf54790ed3531fb7a6a77a8414b05687126f5,data/datasets/openfake/additional-900/images/fake/e47a60c1f49271502f00cd8b7a8bf54790ed3531fb7a6a77a8414b05687126f5.jpg,ComplexDataLab/OpenFake,medium,1,0.38573870062828064
e48a68cc12af25f634b662b6368953d7718a149f9f2543f957d3bd292bb59c36,data/datasets/openfake/pilot-600/images/real/e48a68cc12af25f634b662b6368953d7718a149f9f2543f957d3bd292bb59c36.jpg,ComplexDataLab/OpenFake,low,0,0.004695695359259844
e4955009519fbb6eab3ffdce7e3eb048c6adc075ad0649c2331ff55436e17205,data/datasets/openfake/pilot-600/images/real/e4955009519fbb6eab3ffdce7e3eb048c6adc075ad0649c2331ff55436e17205.jpg,ComplexDataLab/OpenFake,medium,0,0.22831177711486816
e4be1032618d0645c8afd62a1da7672fd6148bfcb287eb1f9fed54aeea08256f,data/datasets/openfake/additional-900/images/real/e4be1032618d0645c8afd62a1da7672fd6148bfcb287eb1f9fed54aeea08256f.jpg,ComplexDataLab/OpenFake,medium,0,0.4395284950733185
e4dcb1b7c5c03ab2cf373802be052964ab017bba57c5d841c81d90347ad06c4c,data/datasets/openfake/additional-900/images/real/e4dcb1b7c5c03ab2cf373802be052964ab017bba57c5d841c81d90347ad06c4c.jpg,ComplexDataLab/OpenFake,medium,0,0.9872807860374451
e53031879dcc328fde5b7f528f329367b7528a679f5617fe6ab0030cc9d8d022,data/datasets/openfake/additional-900/images/real/e53031879dcc328fde5b7f528f329367b7528a679f5617fe6ab0030cc9d8d022.jpg,ComplexDataLab/OpenFake,medium,0,0.037891097366809845
e54013e9774995a222effee2c34b3391e1b0dc152d8ac6ac0a2c604ac9c8c686,data/datasets/openfake/pilot-600/images/real/e54013e9774995a222effee2c34b3391e1b0dc152d8ac6ac0a2c604ac9c8c686.jpg,ComplexDataLab/OpenFake,low,0,0.0011605966137722135
e5646b4210884c08c74cbdad4f863cba352337a125e163c510906c17c56bbce1,data/datasets/openfake/pilot-600/images/real/e5646b4210884c08c74cbdad4f863cba352337a125e163c510906c17c56bbce1.jpg,ComplexDataLab/OpenFake,medium,0,0.48410895466804504
e56b6a2084b51745513fef6340a3887aa514b5be8db711d2141e31bc5e0c7bf7,data/datasets/openfake/additional-900/images/fake/e56b6a2084b51745513fef6340a3887aa514b5be8db711d2141e31bc5e0c7bf7.png,ComplexDataLab/OpenFake,low,1,0.9438664317131042
e56e2f5b66a57a620ba70b556ecf916ec8aa135d73a7d8754afc553d46d58ec8,data/datasets/openfake/additional-900/images/real/e56e2f5b66a57a620ba70b556ecf916ec8aa135d73a7d8754afc553d46d58ec8.jpg,ComplexDataLab/OpenFake,medium,0,0.01661447249352932
e58ae918e5b2c6d32e0891fc36d7d9ce4b3a0dca6bb0d09094eef2765e1b4b05,data/datasets/openfake/additional-900/images/real/e58ae918e5b2c6d32e0891fc36d7d9ce4b3a0dca6bb0d09094eef2765e1b4b05.jpg,ComplexDataLab/OpenFake,medium,0,0.00018560550233814865
e59c2fb635417bc2508e837cfe2c9fb9966d118d2d38b085ada37dc3d4b7faad,data/datasets/openfake/additional-900/images/fake/e59c2fb635417bc2508e837cfe2c9fb9966d118d2d38b085ada37dc3d4b7faad.png,ComplexDataLab/OpenFake,low,1,0.924508273601532
e5b1772035127163d2b013f898e1fd26826a1265052ce8bd11856278a40a8435,data/datasets/openfake/additional-900/images/fake/e5b1772035127163d2b013f898e1fd26826a1265052ce8bd11856278a40a8435.png,ComplexDataLab/OpenFake,medium,1,0.9737116694450378
e5b202f9453fff3db7b7c881838e00b8416be51b4e95be88b72f89d3e466f6ca,data/datasets/openfake/pilot-600/images/fake/e5b202f9453fff3db7b7c881838e00b8416be51b4e95be88b72f89d3e466f6ca.png,ComplexDataLab/OpenFake,medium,1,0.9424116611480713
e61ad10ca797b541696215d240a3481edb66fb09979d3f7264f8e0ebe5b39a7c,data/datasets/openfake/pilot-600/images/fake/e61ad10ca797b541696215d240a3481edb66fb09979d3f7264f8e0ebe5b39a7c.jpg,ComplexDataLab/OpenFake,high,1,0.18303218483924866
e637c7511a2de0f3317ffba2951d657895a8c59bb7f1f0b39930133d1932e5ab,data/datasets/openfake/additional-900/images/real/e637c7511a2de0f3317ffba2951d657895a8c59bb7f1f0b39930133d1932e5ab.jpg,ComplexDataLab/OpenFake,low,0,0.39860352873802185
e6423eebbf58c6993a10d2a6673f7f1eeb496541ec497dc40017c1cd57de1980,data/datasets/openfake/additional-900/images/real/e6423eebbf58c6993a10d2a6673f7f1eeb496541ec497dc40017c1cd57de1980.jpg,ComplexDataLab/OpenFake,medium,0,0.019682209938764572
e65c0644c50d6e2a89c2e6ed66a937af3e5feb1f333edb0a0e5afafcfedb296e,data/datasets/openfake/pilot-600/images/real/e65c0644c50d6e2a89c2e6ed66a937af3e5feb1f333edb0a0e5afafcfedb296e.jpg,ComplexDataLab/OpenFake,low,0,0.843559741973877
e6714ac06a404b71993ccf545284226f9dac570a94f49e5ca22dd21c344520fc,data/datasets/openfake/pilot-600/images/real/e6714ac06a404b71993ccf545284226f9dac570a94f49e5ca22dd21c344520fc.jpg,ComplexDataLab/OpenFake,medium,0,0.5389344692230225
e693e0de14c7bf14e43f1defe408ec51e6e5adbceeb3480b5dbf3836bcab763b,data/datasets/openfake/additional-900/images/fake/e693e0de14c7bf14e43f1defe408ec51e6e5adbceeb3480b5dbf3836bcab763b.png,ComplexDataLab/OpenFake,high,1,0.9479996562004089
e6a25a862038a436c22a4241568339693b482d2748071610b24dc7e192ad57df,data/datasets/openfake/pilot-600/images/fake/e6a25a862038a436c22a4241568339693b482d2748071610b24dc7e192ad57df.png,ComplexDataLab/OpenFake,medium,1,0.55832839012146
e6be6cc8dc285b8024cbd0bc61ef22b7057c72b675a7cf1111caa165e510762d,data/datasets/openfake/additional-900/images/fake/e6be6cc8dc285b8024cbd0bc61ef22b7057c72b675a7cf1111caa165e510762d.png,ComplexDataLab/OpenFake,medium,1,0.9671705961227417
e6c303903c122a1837e5e208d9c873bf309bd1f095e63b3ec46d5cd37ae4c9e3,data/datasets/openfake/additional-900/images/real/e6c303903c122a1837e5e208d9c873bf309bd1f095e63b3ec46d5cd37ae4c9e3.jpg,ComplexDataLab/OpenFake,medium,0,0.7858929634094238
e6d84633f7e23ea2bd1fb0a1477cbfc3c20388686b752fe322abac26d04e1297,data/datasets/openfake/additional-900/images/real/e6d84633f7e23ea2bd1fb0a1477cbfc3c20388686b752fe322abac26d04e1297.jpg,ComplexDataLab/OpenFake,medium,0,0.5089921951293945
e6fd58a9fe7f24edf1c74fe2a009acdd34ecf884b34daf21ba01e7e7b5b60a17,data/datasets/openfake/additional-900/images/real/e6fd58a9fe7f24edf1c74fe2a009acdd34ecf884b34daf21ba01e7e7b5b60a17.jpg,ComplexDataLab/OpenFake,medium,0,0.024626897647976875
e70508adb481ec12bd75490e8dedb84a96d2d22a0f00d08539aff08e352071c7,data/datasets/openfake/additional-900/images/real/e70508adb481ec12bd75490e8dedb84a96d2d22a0f00d08539aff08e352071c7.jpg,ComplexDataLab/OpenFake,medium,0,0.13743135333061218
e7586f21bc6e435c64a007d203f29c1454ad972287159a67308c9659a567d5ea,data/datasets/openfake/additional-900/images/fake/e7586f21bc6e435c64a007d203f29c1454ad972287159a67308c9659a567d5ea.png,ComplexDataLab/OpenFake,medium,1,0.8152910470962524
e75a529350d91d3769bf5dec7041b9a5d251011be24e428da32d52c180e367b9,data/datasets/openfake/additional-900/images/real/e75a529350d91d3769bf5dec7041b9a5d251011be24e428da32d52c180e367b9.jpg,ComplexDataLab/OpenFake,low,0,0.000122996571008116
e79369bc88e7aa240e319fb22b4cbec612407459ce01d9cd0523fc3539457cf7,data/datasets/openfake/additional-900/images/fake/e79369bc88e7aa240e319fb22b4cbec612407459ce01d9cd0523fc3539457cf7.png,ComplexDataLab/OpenFake,low,1,0.05318315327167511
e79b3974b916906371db2146e05db1ff24dcc6f14bd3805b3307c3b47fccdfa2,data/datasets/openfake/additional-900/images/real/e79b3974b916906371db2146e05db1ff24dcc6f14bd3805b3307c3b47fccdfa2.jpg,ComplexDataLab/OpenFake,low,0,0.9762319922447205
e7a4ac9fffa947d5ba77c7aa46471390551913cbb6647555a4b208bae3fd98f1,data/datasets/openfake/additional-900/images/real/e7a4ac9fffa947d5ba77c7aa46471390551913cbb6647555a4b208bae3fd98f1.jpg,ComplexDataLab/OpenFake,medium,0,0.07780983299016953
e7b0ad6ee50f143b48e9049c75c4827f8cbed257d7c5b417063e3b6ec05607fd,data/datasets/openfake/additional-900/images/real/e7b0ad6ee50f143b48e9049c75c4827f8cbed257d7c5b417063e3b6ec05607fd.jpg,ComplexDataLab/OpenFake,medium,0,0.1442718505859375
e8c93d61ae13f68b52b6c803a0fe26e6192cb4a5cfad3c95b78adab3d5d7e4bc,data/datasets/openfake/additional-900/images/real/e8c93d61ae13f68b52b6c803a0fe26e6192cb4a5cfad3c95b78adab3d5d7e4bc.jpg,ComplexDataLab/OpenFake,medium,0,0.06785641610622406
e8dfe80b14382ae7e7413d167a3b3e88a9b1d050e0ad8879b01c5971d2fc6948,data/datasets/openfake/additional-900/images/real/e8dfe80b14382ae7e7413d167a3b3e88a9b1d050e0ad8879b01c5971d2fc6948.jpg,ComplexDataLab/OpenFake,medium,0,0.7556762099266052
e9290492c05c69ff088fb88b20e6cba7afd6993b4f02fb5dcab88db1537457e2,data/datasets/openfake/pilot-600/images/real/e9290492c05c69ff088fb88b20e6cba7afd6993b4f02fb5dcab88db1537457e2.jpg,ComplexDataLab/OpenFake,medium,0,0.00034044295898638666
e92940664edfacae286da30c613558edd1d11bd12574c5fffea0bc5de5be6527,data/datasets/openfake/pilot-600/images/fake/e92940664edfacae286da30c613558edd1d11bd12574c5fffea0bc5de5be6527.png,ComplexDataLab/OpenFake,low,1,0.9984292387962341
e938c66db62164824175c19603adcc248affb3465ac82042e9ef748a580306d8,data/datasets/openfake/additional-900/images/fake/e938c66db62164824175c19603adcc248affb3465ac82042e9ef748a580306d8.webp,ComplexDataLab/OpenFake,medium,1,0.2632743716239929
e93a51a935ce7f59c66798986208019eb5aecfbdce0aca2d72d04a4cb4f100b8,data/datasets/openfake/pilot-600/images/real/e93a51a935ce7f59c66798986208019eb5aecfbdce0aca2d72d04a4cb4f100b8.jpg,ComplexDataLab/OpenFake,medium,0,0.6990200281143188
e956e3fd9d1c280eeb8919c5181ce09fe2903c0faeab320aa16bdeea373741cf,data/datasets/openfake/additional-900/images/real/e956e3fd9d1c280eeb8919c5181ce09fe2903c0faeab320aa16bdeea373741cf.jpg,ComplexDataLab/OpenFake,low,0,5.8081746828975156e-05
ea060d7c89f0ba561222222ab2ae25ce4e58ea699d1e74bd8fe5bdda2ea26572,data/datasets/openfake/pilot-600/images/fake/ea060d7c89f0ba561222222ab2ae25ce4e58ea699d1e74bd8fe5bdda2ea26572.png,ComplexDataLab/OpenFake,low,1,0.9824016690254211
ea1f491e3f8c985b28f83fa15eb336a666183a4fe872460e4aa113aafa444073,data/datasets/openfake/additional-900/images/real/ea1f491e3f8c985b28f83fa15eb336a666183a4fe872460e4aa113aafa444073.jpg,ComplexDataLab/OpenFake,medium,0,0.0019070329144597054
ea20cbb5c5d78439debe74ebd8fe25106751a3c3b4a9423019a0b9ce7bb6b74d,data/datasets/openfake/additional-900/images/fake/ea20cbb5c5d78439debe74ebd8fe25106751a3c3b4a9423019a0b9ce7bb6b74d.png,ComplexDataLab/OpenFake,low,1,0.8912093639373779
ea29ab4c83a8c7d68f5cf12f67962647f17e073d2f61a18779f23f3a48192bbe,data/datasets/openfake/pilot-600/images/real/ea29ab4c83a8c7d68f5cf12f67962647f17e073d2f61a18779f23f3a48192bbe.jpg,ComplexDataLab/OpenFake,medium,0,0.7350077629089355
ea5ec078aa1ba9a2175e55d3ca7e3fd51cfa721297eabea7cf4e0b7caaa0e460,data/datasets/openfake/pilot-600/images/real/ea5ec078aa1ba9a2175e55d3ca7e3fd51cfa721297eabea7cf4e0b7caaa0e460.jpg,ComplexDataLab/OpenFake,low,0,0.0003497182042337954
ea5f887f987e2dcc8c1dd7afde11ecb366c4d32f1d0133d58bf5f2fd051d251e,data/datasets/openfake/pilot-600/images/fake/ea5f887f987e2dcc8c1dd7afde11ecb366c4d32f1d0133d58bf5f2fd051d251e.png,ComplexDataLab/OpenFake,medium,1,0.9903174638748169
ead550ad99628a06323f4aa753d2a324526ef63603de4c4ec3cf77a7e3072060,data/datasets/openfake/additional-900/images/fake/ead550ad99628a06323f4aa753d2a324526ef63603de4c4ec3cf77a7e3072060.png,ComplexDataLab/OpenFake,low,1,0.9898071885108948
eaee3a87255020089020d3ab06c29a1d7b33eefeb5a5016eb8cae5e538e798dd,data/datasets/openfake/additional-900/images/real/eaee3a87255020089020d3ab06c29a1d7b33eefeb5a5016eb8cae5e538e798dd.jpg,ComplexDataLab/OpenFake,low,0,0.11635944992303848
eaf983cf37edfb3e3366480ef5ffcd2a654c482fdf4899f15213d5737157491b,data/datasets/openfake/additional-900/images/real/eaf983cf37edfb3e3366480ef5ffcd2a654c482fdf4899f15213d5737157491b.jpg,ComplexDataLab/OpenFake,medium,0,0.15324367582798004
eb270e52b277d25700e8e60b37c434c8fc8dc01c30079ab7a39a346b9f14c25e,data/datasets/openfake/pilot-600/images/real/eb270e52b277d25700e8e60b37c434c8fc8dc01c30079ab7a39a346b9f14c25e.jpg,ComplexDataLab/OpenFake,medium,0,0.3747323155403137
eb8bb6f1e02b65dc4e6d75b70c03afec584fa2b4a47ca4d1a9c50aaa0b6f92f9,data/datasets/openfake/additional-900/images/fake/eb8bb6f1e02b65dc4e6d75b70c03afec584fa2b4a47ca4d1a9c50aaa0b6f92f9.png,ComplexDataLab/OpenFake,low,1,0.9546715021133423
ec0ccc7fa2722405ae8e46b33d0dcf5f0c22c67f71f57938599ef3aefb53db7a,data/datasets/openfake/additional-900/images/real/ec0ccc7fa2722405ae8e46b33d0dcf5f0c22c67f71f57938599ef3aefb53db7a.jpg,ComplexDataLab/OpenFake,medium,0,0.006754528731107712
ec0d345c20754888dd99a586dafb61544a672664a4bf9b7b697410081f83de85,data/datasets/openfake/pilot-600/images/real/ec0d345c20754888dd99a586dafb61544a672664a4bf9b7b697410081f83de85.jpg,ComplexDataLab/OpenFake,medium,0,0.014014902524650097
ec0f982485bc5f813930848059f8c417996e049278dfe9d2a0aa67cdcdd0390c,data/datasets/openfake/additional-900/images/fake/ec0f982485bc5f813930848059f8c417996e049278dfe9d2a0aa67cdcdd0390c.png,ComplexDataLab/OpenFake,medium,1,0.7271445989608765
ec2788963a5cdd73874380a360fbc93d38ccdfc669ab8ae521973e92952bb7e7,data/datasets/openfake/pilot-600/images/real/ec2788963a5cdd73874380a360fbc93d38ccdfc669ab8ae521973e92952bb7e7.jpg,ComplexDataLab/OpenFake,low,0,0.9560569524765015
ec5ea19472b91496afdeeb8982eaa5d8e08c42b41211327213b9af5319cf099a,data/datasets/openfake/pilot-600/images/fake/ec5ea19472b91496afdeeb8982eaa5d8e08c42b41211327213b9af5319cf099a.jpg,ComplexDataLab/OpenFake,medium,1,0.0198217760771513
ec5eb889887d0b0dba351ba5abb84506c13cc4db237bb0816a51b9b84ce7745e,data/datasets/openfake/additional-900/images/real/ec5eb889887d0b0dba351ba5abb84506c13cc4db237bb0816a51b9b84ce7745e.jpg,ComplexDataLab/OpenFake,medium,0,0.09073197096586227
ec786aed6b5c68e840686929e92b21ce92f76c42bd8fbaea02b269cd3c89302d,data/datasets/openfake/additional-900/images/fake/ec786aed6b5c68e840686929e92b21ce92f76c42bd8fbaea02b269cd3c89302d.png,ComplexDataLab/OpenFake,medium,1,0.5474530458450317
ecaa40e7726d270eb398ab99a4c476898ad617039c38be61403c3980ba549744,data/datasets/openfake/additional-900/images/real/ecaa40e7726d270eb398ab99a4c476898ad617039c38be61403c3980ba549744.jpg,ComplexDataLab/OpenFake,low,0,0.01965588703751564
ecdf43406997018530a6ef4f63290b06339b9eb49d7d22e25972c9ef87494cbf,data/datasets/openfake/pilot-600/images/real/ecdf43406997018530a6ef4f63290b06339b9eb49d7d22e25972c9ef87494cbf.jpg,ComplexDataLab/OpenFake,medium,0,0.6209776401519775
ed1c84cbe56af98e3c61311cae047e39e8d1494a43b102cfd206580ac27ebb91,data/datasets/openfake/additional-900/images/fake/ed1c84cbe56af98e3c61311cae047e39e8d1494a43b102cfd206580ac27ebb91.png,ComplexDataLab/OpenFake,medium,1,0.8448150753974915
ed74615f60ab1dd7f336d114818df152ceb41c9396237d35f619a1faa798a033,data/datasets/openfake/pilot-600/images/real/ed74615f60ab1dd7f336d114818df152ceb41c9396237d35f619a1faa798a033.jpg,ComplexDataLab/OpenFake,medium,0,0.10569466650485992
ed7bad72ff369d40b900fe5438b6bb4a97e29203162c8e748814fe8f49a211dd,data/datasets/openfake/additional-900/images/fake/ed7bad72ff369d40b900fe5438b6bb4a97e29203162c8e748814fe8f49a211dd.png,ComplexDataLab/OpenFake,medium,1,0.9675246477127075
ed97f8dd65159cb7a04f1cdb0fa7380a2ab9e81d75f2b16d3fe5496363c8d3fd,data/datasets/openfake/additional-900/images/real/ed97f8dd65159cb7a04f1cdb0fa7380a2ab9e81d75f2b16d3fe5496363c8d3fd.jpg,ComplexDataLab/OpenFake,low,0,0.7570192217826843
edc32d464c59bb364e9ebf6c528643c22113e8b3be045d7c6c3bda1e59dcee69,data/datasets/openfake/additional-900/images/real/edc32d464c59bb364e9ebf6c528643c22113e8b3be045d7c6c3bda1e59dcee69.jpg,ComplexDataLab/OpenFake,medium,0,0.0008238958544097841
ee2d799ebcac61c0aed7258296140b695f4ac637b9441eeabaa81bf28760cc8a,data/datasets/openfake/additional-900/images/fake/ee2d799ebcac61c0aed7258296140b695f4ac637b9441eeabaa81bf28760cc8a.png,ComplexDataLab/OpenFake,low,1,0.832030177116394
ee392781e3e722fb288dc67174414e764f92bae62f934405d39fc809d7df353c,data/datasets/openfake/pilot-600/images/fake/ee392781e3e722fb288dc67174414e764f92bae62f934405d39fc809d7df353c.png,ComplexDataLab/OpenFake,low,1,0.964495837688446
ee451883abda53a3bc5436e8bf839ef85b4b26493d00cc73132b7be58186a721,data/datasets/openfake/pilot-600/images/real/ee451883abda53a3bc5436e8bf839ef85b4b26493d00cc73132b7be58186a721.jpg,ComplexDataLab/OpenFake,medium,0,0.8531564474105835
ee89a5cda1326c99c0b54f85fc18ad130c3b63bf4eb22a76b993fb41f0fc3373,data/datasets/openfake/additional-900/images/fake/ee89a5cda1326c99c0b54f85fc18ad130c3b63bf4eb22a76b993fb41f0fc3373.png,ComplexDataLab/OpenFake,low,1,0.5824790596961975
ee90bf45b6bd2c08b2b05063ab2502c158693463ca8d3c173fc83eb2894cfa6b,data/datasets/openfake/pilot-600/images/real/ee90bf45b6bd2c08b2b05063ab2502c158693463ca8d3c173fc83eb2894cfa6b.jpg,ComplexDataLab/OpenFake,medium,0,0.00710625946521759
eeb868b50484439724eacb8464b52adbfbf56350ced3d25bb3fc87c19b312aa9,data/datasets/openfake/pilot-600/images/real/eeb868b50484439724eacb8464b52adbfbf56350ced3d25bb3fc87c19b312aa9.jpg,ComplexDataLab/OpenFake,medium,0,0.7286768555641174
eeb94d4b8c6e3aa02aa4c12aa4f27efa018c71880b4d4b8d1bc5378b96eb27f9,data/datasets/openfake/additional-900/images/fake/eeb94d4b8c6e3aa02aa4c12aa4f27efa018c71880b4d4b8d1bc5378b96eb27f9.png,ComplexDataLab/OpenFake,medium,1,0.9888218641281128
eebc5a29824d06d848f92ad4b7a868a27099cafe6d8df5a3a63d53e7a7b6bfdd,data/datasets/openfake/pilot-600/images/real/eebc5a29824d06d848f92ad4b7a868a27099cafe6d8df5a3a63d53e7a7b6bfdd.jpg,ComplexDataLab/OpenFake,high,0,0.5993075370788574
eec0dff61bb6cd8a6849fdb74144b5d03c5e48e7ac359ff24b2ae664c14d92d9,data/datasets/openfake/additional-900/images/fake/eec0dff61bb6cd8a6849fdb74144b5d03c5e48e7ac359ff24b2ae664c14d92d9.jpg,ComplexDataLab/OpenFake,medium,1,0.7298821210861206
eec4bd2a1dc1a222ff5231271fe59b5b6a59728ec83d60494acb8a352051e2b5,data/datasets/openfake/pilot-600/images/fake/eec4bd2a1dc1a222ff5231271fe59b5b6a59728ec83d60494acb8a352051e2b5.png,ComplexDataLab/OpenFake,medium,1,0.7747278809547424
eeda3ce43277955cb13b07603360dcddf524636e3ae2477beeb0ed8c6507c799,data/datasets/openfake/additional-900/images/real/eeda3ce43277955cb13b07603360dcddf524636e3ae2477beeb0ed8c6507c799.jpg,ComplexDataLab/OpenFake,low,0,0.0012260484509170055
eefd730ef0d5449e99f0894ea5e09e5110ff36c0e3d0ab3cf54611680b3b678a,data/datasets/openfake/pilot-600/images/fake/eefd730ef0d5449e99f0894ea5e09e5110ff36c0e3d0ab3cf54611680b3b678a.png,ComplexDataLab/OpenFake,low,1,0.9563592076301575
ef41fbc2657439a4ca23f0452179799172ab904583fba07520dd333273f7bd54,data/datasets/openfake/additional-900/images/real/ef41fbc2657439a4ca23f0452179799172ab904583fba07520dd333273f7bd54.jpg,ComplexDataLab/OpenFake,medium,0,0.10177015513181686
ef449ea45b64aaa0ff30621522aae25e2818cd17c5d4ad63cb38b2931b44f918,data/datasets/openfake/pilot-600/images/real/ef449ea45b64aaa0ff30621522aae25e2818cd17c5d4ad63cb38b2931b44f918.jpg,ComplexDataLab/OpenFake,medium,0,0.026337826624512672
ef4863a111dc7c276a15afb91b889562661e3321d1045711b20bd6efb5b0fdbb,data/datasets/openfake/additional-900/images/real/ef4863a111dc7c276a15afb91b889562661e3321d1045711b20bd6efb5b0fdbb.jpg,ComplexDataLab/OpenFake,low,0,0.02547682449221611
ef48c403c257002808efb808e93b03567072c47d528ee32beaf79ee8cdba120b,data/datasets/openfake/additional-900/images/real/ef48c403c257002808efb808e93b03567072c47d528ee32beaf79ee8cdba120b.jpg,ComplexDataLab/OpenFake,low,0,0.0027774267364293337
ef5dbea79b09c1c355a35d6c47495ed191cdc89c97e88e7345edf837f79da59f,data/datasets/openfake/pilot-600/images/real/ef5dbea79b09c1c355a35d6c47495ed191cdc89c97e88e7345edf837f79da59f.jpg,ComplexDataLab/OpenFake,low,0,0.6907217502593994
f02094281494da3cbd04d1bf49e78c4d8aad58ad7189bcabcb0dd3b4ef9c678f,data/datasets/openfake/additional-900/images/fake/f02094281494da3cbd04d1bf49e78c4d8aad58ad7189bcabcb0dd3b4ef9c678f.png,ComplexDataLab/OpenFake,medium,1,0.7277532815933228
f054e829a4a6d80c79af175918b6f802d10b82db5fb9352ee567f8cd1a952c2b,data/datasets/openfake/additional-900/images/fake/f054e829a4a6d80c79af175918b6f802d10b82db5fb9352ee567f8cd1a952c2b.png,ComplexDataLab/OpenFake,medium,1,0.9908757209777832
f05c346ef23ef0347b57d5b28808579f9205ba69a318c213db51c1cebe4100fd,data/datasets/openfake/pilot-600/images/real/f05c346ef23ef0347b57d5b28808579f9205ba69a318c213db51c1cebe4100fd.jpg,ComplexDataLab/OpenFake,low,0,0.8967394828796387
f072d3c8dd343fd8b25bb12ffce4db7bcbeb3552c87187aee511cbf58f338aca,data/datasets/openfake/pilot-600/images/fake/f072d3c8dd343fd8b25bb12ffce4db7bcbeb3552c87187aee511cbf58f338aca.jpg,ComplexDataLab/OpenFake,low,1,0.4907950162887573
f0737f6e1bc4aeadcd4706d33023d13700f5cc5360a0c4ec6ef42f83e605a773,data/datasets/openfake/pilot-600/images/fake/f0737f6e1bc4aeadcd4706d33023d13700f5cc5360a0c4ec6ef42f83e605a773.png,ComplexDataLab/OpenFake,medium,1,0.8073481321334839
f08e638722601e640f2a055c10c1f894454decbfe3c9014f0990d91352e21c93,data/datasets/openfake/additional-900/images/fake/f08e638722601e640f2a055c10c1f894454decbfe3c9014f0990d91352e21c93.png,ComplexDataLab/OpenFake,medium,1,0.999799907207489
f0960d579925b156b1ddf60bce625b1f245e599e3452a9406185cc9a1ab0d1d6,data/datasets/openfake/additional-900/images/fake/f0960d579925b156b1ddf60bce625b1f245e599e3452a9406185cc9a1ab0d1d6.png,ComplexDataLab/OpenFake,low,1,0.9578897356987
f0ceecd6eae5d7ba7b876ae28eb901aabdcb83950c1d1336ada0612f735c5288,data/datasets/openfake/pilot-600/images/fake/f0ceecd6eae5d7ba7b876ae28eb901aabdcb83950c1d1336ada0612f735c5288.png,ComplexDataLab/OpenFake,medium,1,0.8475493788719177
f159f7f1becf4f1af80af2791aec93d7fd89697896ea60244cf75ba1e18ecd7b,data/datasets/openfake/pilot-600/images/fake/f159f7f1becf4f1af80af2791aec93d7fd89697896ea60244cf75ba1e18ecd7b.png,ComplexDataLab/OpenFake,low,1,0.9935176372528076
f18656546ec74b14d90f273bed454a4913830795eaa857eec9f679ed55714fe3,data/datasets/openfake/pilot-600/images/real/f18656546ec74b14d90f273bed454a4913830795eaa857eec9f679ed55714fe3.jpg,ComplexDataLab/OpenFake,low,0,0.020448295399546623
f19b1c24e3bddd20cf978395e030b2fae17ece9bb4a40e5bef76ede2b238e9c1,data/datasets/openfake/additional-900/images/real/f19b1c24e3bddd20cf978395e030b2fae17ece9bb4a40e5bef76ede2b238e9c1.jpg,ComplexDataLab/OpenFake,medium,0,0.00037352010258473456
f208d268d06a3f89772dafa1bcdc14851b588d437565e291d3fd9f28ae159958,data/datasets/openfake/additional-900/images/real/f208d268d06a3f89772dafa1bcdc14851b588d437565e291d3fd9f28ae159958.jpg,ComplexDataLab/OpenFake,medium,0,0.026402698829770088
f2174e7f779f6aaddfa6afe3cb8809f85585c1930a63df319d42b9c59ff084d1,data/datasets/openfake/additional-900/images/fake/f2174e7f779f6aaddfa6afe3cb8809f85585c1930a63df319d42b9c59ff084d1.jpg,ComplexDataLab/OpenFake,low,1,0.16807088255882263
f22f4d739299b93055d43ee7329ce67ad6a167d53621aa5b7fa5b665f9fd7a3b,data/datasets/openfake/additional-900/images/fake/f22f4d739299b93055d43ee7329ce67ad6a167d53621aa5b7fa5b665f9fd7a3b.png,ComplexDataLab/OpenFake,low,1,0.9584903717041016
f28d562c454f2d809775f9bc7056aab92205e18513d0b1adc9b1800ef17f0255,data/datasets/openfake/pilot-600/images/real/f28d562c454f2d809775f9bc7056aab92205e18513d0b1adc9b1800ef17f0255.jpg,ComplexDataLab/OpenFake,medium,0,0.025024153292179108
f2b243c1ba9f320c0e233adfb6b66a18160dfeb7730053918ce42d87c9f5c095,data/datasets/openfake/additional-900/images/real/f2b243c1ba9f320c0e233adfb6b66a18160dfeb7730053918ce42d87c9f5c095.jpg,ComplexDataLab/OpenFake,medium,0,0.0010892505524680018
f2b6119f46685938bb1b7b274dce02da699e53702efc68d1cb4299997737c072,data/datasets/openfake/additional-900/images/fake/f2b6119f46685938bb1b7b274dce02da699e53702efc68d1cb4299997737c072.png,ComplexDataLab/OpenFake,medium,1,0.09182880818843842
f2b9546501d23ef2d0b7056917092067ceea3434479005fefecfa985b0b2bece,data/datasets/openfake/additional-900/images/fake/f2b9546501d23ef2d0b7056917092067ceea3434479005fefecfa985b0b2bece.png,ComplexDataLab/OpenFake,medium,1,0.9433006048202515
f2cf874d18986bc566922694ba632ff39aa095654fae5bc2788489317b1624f8,data/datasets/openfake/additional-900/images/fake/f2cf874d18986bc566922694ba632ff39aa095654fae5bc2788489317b1624f8.png,ComplexDataLab/OpenFake,medium,1,0.9927281141281128
f2d38cb6c6dc31d535ecec1b5b93565c44a46bb86bba608e7301c0af814f841e,data/datasets/openfake/additional-900/images/real/f2d38cb6c6dc31d535ecec1b5b93565c44a46bb86bba608e7301c0af814f841e.jpg,ComplexDataLab/OpenFake,medium,0,0.0418623648583889
f2e00f962b781fdba32661610707ac853216503a45bacfd08e9d1ad42d676064,data/datasets/openfake/pilot-600/images/real/f2e00f962b781fdba32661610707ac853216503a45bacfd08e9d1ad42d676064.jpg,ComplexDataLab/OpenFake,medium,0,0.014124851673841476
f3087ec42b093a0d95d1e819991be4ed37264fb9fd43c4fa0daa0d9ecf05c376,data/datasets/openfake/additional-900/images/fake/f3087ec42b093a0d95d1e819991be4ed37264fb9fd43c4fa0daa0d9ecf05c376.png,ComplexDataLab/OpenFake,high,1,0.9994810223579407
f3214b838b15693fd97e7929e1d1c7e3188a17fc8b055b6d3baf140ae165d676,data/datasets/openfake/additional-900/images/fake/f3214b838b15693fd97e7929e1d1c7e3188a17fc8b055b6d3baf140ae165d676.jpg,ComplexDataLab/OpenFake,medium,1,0.9038568735122681
f3398590e0a43fd65ad330d5d32b8a6ac81e3cb2fcc05263d8a662a55bf06c84,data/datasets/openfake/pilot-600/images/real/f3398590e0a43fd65ad330d5d32b8a6ac81e3cb2fcc05263d8a662a55bf06c84.jpg,ComplexDataLab/OpenFake,low,0,0.01700626313686371
f36b6935ef2b0e36c9eff8de94a6e12e3c7c348c5f163c6c675a09ca9e980434,data/datasets/openfake/additional-900/images/fake/f36b6935ef2b0e36c9eff8de94a6e12e3c7c348c5f163c6c675a09ca9e980434.png,ComplexDataLab/OpenFake,medium,1,0.9976430535316467
f37e7af30b3814230aaa32eed4d296726e21667066e8f37eac23344464b96e85,data/datasets/openfake/pilot-600/images/real/f37e7af30b3814230aaa32eed4d296726e21667066e8f37eac23344464b96e85.jpg,ComplexDataLab/OpenFake,low,0,0.9532732367515564
f3a6a2c6600e5903265e80583cdfc0fe8da6ef099eacb7dbabeeeff9bc84f7b8,data/datasets/openfake/pilot-600/images/real/f3a6a2c6600e5903265e80583cdfc0fe8da6ef099eacb7dbabeeeff9bc84f7b8.jpg,ComplexDataLab/OpenFake,medium,0,0.19386076927185059
f3b17de77e333317320fd05b06d4dbdefd6f6575e31613df9498bd88ef9cd342,data/datasets/openfake/additional-900/images/real/f3b17de77e333317320fd05b06d4dbdefd6f6575e31613df9498bd88ef9cd342.jpg,ComplexDataLab/OpenFake,medium,0,0.47979480028152466
f4115c296be02b1232cbbbd8f7496675ebe3f57d245f6e822b52306f9a279a39,data/datasets/openfake/additional-900/images/fake/f4115c296be02b1232cbbbd8f7496675ebe3f57d245f6e822b52306f9a279a39.png,ComplexDataLab/OpenFake,medium,1,0.8735887408256531
f43905e70b7f00aa13062d503c7e88f420ba92d9a1ccd8831031d909c8fa14ed,data/datasets/openfake/additional-900/images/real/f43905e70b7f00aa13062d503c7e88f420ba92d9a1ccd8831031d909c8fa14ed.jpg,ComplexDataLab/OpenFake,medium,0,0.7800933718681335
f451533aa0a42aeec70be47ec5ad33e25aa62a0f4eaef27ac6fe8fe1c7e76448,data/datasets/openfake/additional-900/images/fake/f451533aa0a42aeec70be47ec5ad33e25aa62a0f4eaef27ac6fe8fe1c7e76448.png,ComplexDataLab/OpenFake,medium,1,0.9487248659133911
f4f466f50137b8cc3845a22ee00272e2661ca3eeac13b98f2be531551fdcf46a,data/datasets/openfake/additional-900/images/real/f4f466f50137b8cc3845a22ee00272e2661ca3eeac13b98f2be531551fdcf46a.jpg,ComplexDataLab/OpenFake,medium,0,0.6055899262428284
f505c3d78a55812f0e63a05e436feff3294dd373bd34db5e0a9f8ec90f85ca70,data/datasets/openfake/additional-900/images/real/f505c3d78a55812f0e63a05e436feff3294dd373bd34db5e0a9f8ec90f85ca70.jpg,ComplexDataLab/OpenFake,medium,0,0.3785848915576935
f54780444020c448f52d0f0a64b49196c6fbc6ae1c692586db92ce9bbedee45d,data/datasets/openfake/pilot-600/images/fake/f54780444020c448f52d0f0a64b49196c6fbc6ae1c692586db92ce9bbedee45d.png,ComplexDataLab/OpenFake,medium,1,0.8763118982315063
f58f3dafb76293cfe49b7fb91c3281b874cb8435c6afea694eace669d5782841,data/datasets/openfake/pilot-600/images/fake/f58f3dafb76293cfe49b7fb91c3281b874cb8435c6afea694eace669d5782841.png,ComplexDataLab/OpenFake,medium,1,0.2636204957962036
f59e6a3a362788047303facccea3eaed56b43714dbb3b80ea548a364953c198f,data/datasets/openfake/pilot-600/images/fake/f59e6a3a362788047303facccea3eaed56b43714dbb3b80ea548a364953c198f.png,ComplexDataLab/OpenFake,low,1,0.10382538288831711
f5da32ef017276c143bab9cee5af6f9e6ed44fa73af16ae404004ab487244463,data/datasets/openfake/additional-900/images/fake/f5da32ef017276c143bab9cee5af6f9e6ed44fa73af16ae404004ab487244463.jpg,ComplexDataLab/OpenFake,low,1,0.8205598592758179
f60c927c2c7509438192907b66f9e1bc7c2b289328206efd60b380f852edd340,data/datasets/openfake/additional-900/images/real/f60c927c2c7509438192907b66f9e1bc7c2b289328206efd60b380f852edd340.jpg,ComplexDataLab/OpenFake,medium,0,0.03368416056036949
f63f0bbaa9f9e95015c62451b9fb82d55f188832667e98f404e731d7714f7df6,data/datasets/openfake/additional-900/images/fake/f63f0bbaa9f9e95015c62451b9fb82d55f188832667e98f404e731d7714f7df6.png,ComplexDataLab/OpenFake,medium,1,0.5980113744735718
f654b2ff6fbc4af0a73385a8e0d9c3f4962cdfa44d57ddd23324e685bea800ad,data/datasets/openfake/additional-900/images/fake/f654b2ff6fbc4af0a73385a8e0d9c3f4962cdfa44d57ddd23324e685bea800ad.webp,ComplexDataLab/OpenFake,low,1,0.7596359252929688
f65ecb47c6f4e7b534d1747d5d127eb6a06c57ee3060989f8a2430d816e931b6,data/datasets/openfake/pilot-600/images/real/f65ecb47c6f4e7b534d1747d5d127eb6a06c57ee3060989f8a2430d816e931b6.jpg,ComplexDataLab/OpenFake,medium,0,0.01196453720331192
f68f7534f9d407c72e0b4d982372945f96153166d2bb91068ec2f63ee9e44ecf,data/datasets/openfake/additional-900/images/fake/f68f7534f9d407c72e0b4d982372945f96153166d2bb91068ec2f63ee9e44ecf.png,ComplexDataLab/OpenFake,medium,1,0.9785804748535156
f6e855e6a3066bfe953ccb86a9dd82cbee62f9d9a0d502f65d20173cf78b9e74,data/datasets/openfake/pilot-600/images/real/f6e855e6a3066bfe953ccb86a9dd82cbee62f9d9a0d502f65d20173cf78b9e74.jpg,ComplexDataLab/OpenFake,medium,0,0.3531494736671448
f70dcaf04040c3640f7568ee80be961f9a8fc6bd80f5935e0b55c9f6ab2d53c0,data/datasets/openfake/additional-900/images/real/f70dcaf04040c3640f7568ee80be961f9a8fc6bd80f5935e0b55c9f6ab2d53c0.jpg,ComplexDataLab/OpenFake,high,0,0.13467036187648773
f712dfcb3863fb0844ae53f5632a18e6f58d020e9391c145853742111c0910f4,data/datasets/openfake/pilot-600/images/fake/f712dfcb3863fb0844ae53f5632a18e6f58d020e9391c145853742111c0910f4.png,ComplexDataLab/OpenFake,low,1,0.9315794110298157
f726d67d4d0490926f241bdc0287132049869d14ffe0284abc1a61ddfcdef827,data/datasets/openfake/pilot-600/images/fake/f726d67d4d0490926f241bdc0287132049869d14ffe0284abc1a61ddfcdef827.png,ComplexDataLab/OpenFake,medium,1,0.8942824602127075
f758b0e7433b38415d7bf99c31dc0fa333492be339ae67c6c53ba045af32e2d2,data/datasets/openfake/additional-900/images/fake/f758b0e7433b38415d7bf99c31dc0fa333492be339ae67c6c53ba045af32e2d2.webp,ComplexDataLab/OpenFake,medium,1,0.9689281582832336
f78eca03913e5b56de63506d25f14c418243191f3646264338a241f359ee9628,data/datasets/openfake/additional-900/images/real/f78eca03913e5b56de63506d25f14c418243191f3646264338a241f359ee9628.jpg,ComplexDataLab/OpenFake,medium,0,0.0006682680686935782
f78f95d8e2830f46562442a549e235f72d056b9a9c305acc5bd820c2ef532722,data/datasets/openfake/additional-900/images/real/f78f95d8e2830f46562442a549e235f72d056b9a9c305acc5bd820c2ef532722.jpg,ComplexDataLab/OpenFake,medium,0,0.0009198827319778502
f7ff53c16924bd810fc0766bc98ee3a0da3d4938e8ff4c451a44f21042dfc0d1,data/datasets/openfake/additional-900/images/fake/f7ff53c16924bd810fc0766bc98ee3a0da3d4938e8ff4c451a44f21042dfc0d1.jpg,ComplexDataLab/OpenFake,medium,1,0.8903376460075378
f81ad959e29e3167639afe7e5dea831837c3e7558668f1e1c66fdd2f4632a930,data/datasets/openfake/pilot-600/images/fake/f81ad959e29e3167639afe7e5dea831837c3e7558668f1e1c66fdd2f4632a930.jpg,ComplexDataLab/OpenFake,medium,1,0.4116462767124176
f84e46e8f44b2f7998f8ee1c0f42fa07f531f643f42463b52c406c13502af447,data/datasets/openfake/additional-900/images/fake/f84e46e8f44b2f7998f8ee1c0f42fa07f531f643f42463b52c406c13502af447.png,ComplexDataLab/OpenFake,medium,1,0.9985468983650208
f86031aaf66f4bc36f6b8840a2d1d7ed5a4ae35520a516df05ee534889ddedb3,data/datasets/openfake/additional-900/images/fake/f86031aaf66f4bc36f6b8840a2d1d7ed5a4ae35520a516df05ee534889ddedb3.png,ComplexDataLab/OpenFake,medium,1,0.9989354014396667
f881925ff3796a8b02099cb43b677db8f2fa2267eb0161e9fe17dce1852e6000,data/datasets/openfake/pilot-600/images/fake/f881925ff3796a8b02099cb43b677db8f2fa2267eb0161e9fe17dce1852e6000.jpg,ComplexDataLab/OpenFake,low,1,0.8686538934707642
f8ddf07d0685ca85edff178773841a4482a05cf678e4e0b45a30d6789e770398,data/datasets/openfake/pilot-600/images/real/f8ddf07d0685ca85edff178773841a4482a05cf678e4e0b45a30d6789e770398.jpg,ComplexDataLab/OpenFake,medium,0,0.024158500134944916
f901be9089ca831d2e65e5178cf8d28e3463504bcb505944d602869681bf4884,data/datasets/openfake/additional-900/images/real/f901be9089ca831d2e65e5178cf8d28e3463504bcb505944d602869681bf4884.jpg,ComplexDataLab/OpenFake,low,0,0.010113556869328022
f9cc0abd5732d27761c579ab78bdc0044cdd81cdd9b24926674138b3605bde77,data/datasets/openfake/additional-900/images/fake/f9cc0abd5732d27761c579ab78bdc0044cdd81cdd9b24926674138b3605bde77.png,ComplexDataLab/OpenFake,low,1,0.9524962902069092
f9f908d6f76c9fedc5136b53fc858cfca5933361357c6b5047ad87730186924c,data/datasets/openfake/pilot-600/images/fake/f9f908d6f76c9fedc5136b53fc858cfca5933361357c6b5047ad87730186924c.png,ComplexDataLab/OpenFake,medium,1,0.9310078620910645
fa20fca3616ece80bff08b8969e62bcc2ef8aa2b1f4e35d7f55a180e0f0a0a60,data/datasets/openfake/additional-900/images/real/fa20fca3616ece80bff08b8969e62bcc2ef8aa2b1f4e35d7f55a180e0f0a0a60.jpg,ComplexDataLab/OpenFake,low,0,0.009161233901977539
fa632cce995afc4b7974f33902d52c95f49f0a1fff7d822e914a07cc20cab234,data/datasets/openfake/additional-900/images/fake/fa632cce995afc4b7974f33902d52c95f49f0a1fff7d822e914a07cc20cab234.png,ComplexDataLab/OpenFake,low,1,0.687200665473938
fa69240fdc5e48d053602de47738478b2bc115af3354e3b077bb3e414e456e20,data/datasets/openfake/additional-900/images/real/fa69240fdc5e48d053602de47738478b2bc115af3354e3b077bb3e414e456e20.jpg,ComplexDataLab/OpenFake,medium,0,0.594880998134613
fa8b0cbd0eb3f08901f9d3820bbf0ad85b72d84537427cbf69c4125e94c5e6bf,data/datasets/openfake/additional-900/images/real/fa8b0cbd0eb3f08901f9d3820bbf0ad85b72d84537427cbf69c4125e94c5e6bf.jpg,ComplexDataLab/OpenFake,medium,0,0.015449658036231995
fa9d5f8e1337b139e35f4648071dad4d5a94a2a35d77a840b98e1ef9ca2e38f1,data/datasets/openfake/additional-900/images/fake/fa9d5f8e1337b139e35f4648071dad4d5a94a2a35d77a840b98e1ef9ca2e38f1.png,ComplexDataLab/OpenFake,medium,1,0.9874635934829712
facf7e6273d6048f5a9f02722d8080f796bd2e361e3a3c5a0795eedbb2f071b8,data/datasets/openfake/additional-900/images/fake/facf7e6273d6048f5a9f02722d8080f796bd2e361e3a3c5a0795eedbb2f071b8.png,ComplexDataLab/OpenFake,medium,1,0.9972456693649292
faf5eee7ebadd867cbdc3a1cb213ffc631f8975365b64b011da5af25b3b38b77,data/datasets/openfake/additional-900/images/real/faf5eee7ebadd867cbdc3a1cb213ffc631f8975365b64b011da5af25b3b38b77.jpg,ComplexDataLab/OpenFake,medium,0,0.0011982944561168551
fb3c35334df287ed9b340ff756a6a0aa8895179b25ad4d3749a6d5916decdf4b,data/datasets/openfake/pilot-600/images/fake/fb3c35334df287ed9b340ff756a6a0aa8895179b25ad4d3749a6d5916decdf4b.png,ComplexDataLab/OpenFake,low,1,0.9959086179733276
fb532c315060ee70a408d7fd081f60e7669126d8ca6de86d8eef959dd21c521f,data/datasets/openfake/pilot-600/images/real/fb532c315060ee70a408d7fd081f60e7669126d8ca6de86d8eef959dd21c521f.jpg,ComplexDataLab/OpenFake,low,0,0.0023364624939858913
fb8e0b788b1b682bb1982509e6cb0426b2c5ebbfdc0ef17cba01ad211e574a54,data/datasets/openfake/pilot-600/images/real/fb8e0b788b1b682bb1982509e6cb0426b2c5ebbfdc0ef17cba01ad211e574a54.jpg,ComplexDataLab/OpenFake,medium,0,0.00017144138109870255
fbf063206a1ab90c9d745f82ec9706ee85feb270bb3a7d858b766d574015222e,data/datasets/openfake/additional-900/images/fake/fbf063206a1ab90c9d745f82ec9706ee85feb270bb3a7d858b766d574015222e.png,ComplexDataLab/OpenFake,low,1,0.989912211894989
fc8cc7a1188c1d6676e2f96b9f8fb5c510558b616de711aaf18dff9314c2ced3,data/datasets/openfake/additional-900/images/real/fc8cc7a1188c1d6676e2f96b9f8fb5c510558b616de711aaf18dff9314c2ced3.jpg,ComplexDataLab/OpenFake,medium,0,0.03883768990635872
fcaac3b1e9d4bdcf359fafced9e92ddead0a5f6bf5baa11e05234ab840fa95b6,data/datasets/openfake/pilot-600/images/fake/fcaac3b1e9d4bdcf359fafced9e92ddead0a5f6bf5baa11e05234ab840fa95b6.png,ComplexDataLab/OpenFake,medium,1,0.7123540043830872
fcb71b118776df3cca275fc29a0999976b6f7b89857971f0ff835723d53890c4,data/datasets/openfake/pilot-600/images/fake/fcb71b118776df3cca275fc29a0999976b6f7b89857971f0ff835723d53890c4.png,ComplexDataLab/OpenFake,low,1,0.9992712140083313
fcdc5d26899e531863d674bb390c8596e77d17d396b2de195db7e29e022eaf3e,data/datasets/openfake/additional-900/images/real/fcdc5d26899e531863d674bb390c8596e77d17d396b2de195db7e29e022eaf3e.jpg,ComplexDataLab/OpenFake,medium,0,0.00041034084279090166
fd0cf2235a87379dc09c54fc13840018085827926429ce571270fa510adc3261,data/datasets/openfake/additional-900/images/real/fd0cf2235a87379dc09c54fc13840018085827926429ce571270fa510adc3261.jpg,ComplexDataLab/OpenFake,low,0,0.02200131118297577
fd2f3e2001b9bca2e09b010c54dc8f096ca36ce22f1357439750348b226ed7db,data/datasets/openfake/additional-900/images/fake/fd2f3e2001b9bca2e09b010c54dc8f096ca36ce22f1357439750348b226ed7db.png,ComplexDataLab/OpenFake,low,1,0.572788417339325
fd33a4285630c0b0ed774b1f2a028b830843618e58bc29c393e942935bc8111f,data/datasets/openfake/pilot-600/images/fake/fd33a4285630c0b0ed774b1f2a028b830843618e58bc29c393e942935bc8111f.png,ComplexDataLab/OpenFake,medium,1,0.9993839263916016
fd58fb1d663d772c9b8e8438eb61f92d30a31fee1c3a7a35411039bc6deeeca1,data/datasets/openfake/additional-900/images/real/fd58fb1d663d772c9b8e8438eb61f92d30a31fee1c3a7a35411039bc6deeeca1.png,ComplexDataLab/OpenFake,medium,0,0.23621517419815063
fd6982b180e856a7f74f482296c108889ae71a5e7d786ebed7e5bd1c7684e9dd,data/datasets/openfake/additional-900/images/real/fd6982b180e856a7f74f482296c108889ae71a5e7d786ebed7e5bd1c7684e9dd.jpg,ComplexDataLab/OpenFake,low,0,0.8553639054298401
fdbe648f3b80348067e8ac765811c57eb0036d79665420bad38ad3a406302e55,data/datasets/openfake/additional-900/images/real/fdbe648f3b80348067e8ac765811c57eb0036d79665420bad38ad3a406302e55.jpg,ComplexDataLab/OpenFake,medium,0,0.033192574977874756
fddcf3890715d7488c6442cc41ecce8be3136d1445432e699aeddc17ba9ff9f2,data/datasets/openfake/additional-900/images/real/fddcf3890715d7488c6442cc41ecce8be3136d1445432e699aeddc17ba9ff9f2.jpg,ComplexDataLab/OpenFake,low,0,0.766745388507843
fded0a0f7f44852b3d2da5e8c934ed357a5311ec6e10ebebe570cf1a71733399,data/datasets/openfake/pilot-600/images/fake/fded0a0f7f44852b3d2da5e8c934ed357a5311ec6e10ebebe570cf1a71733399.jpg,ComplexDataLab/OpenFake,medium,1,0.9569054245948792
fe8bf93c943039d615f98c4b7199ee0079ee1ab6b5e42a4fbb86b67fa26c6784,data/datasets/openfake/additional-900/images/real/fe8bf93c943039d615f98c4b7199ee0079ee1ab6b5e42a4fbb86b67fa26c6784.jpg,ComplexDataLab/OpenFake,medium,0,0.000507945369463414
fed4e37675fdc0032a0fa264cb318f4248951c26a0694f11503cec35a573e12b,data/datasets/openfake/pilot-600/images/fake/fed4e37675fdc0032a0fa264cb318f4248951c26a0694f11503cec35a573e12b.png,ComplexDataLab/OpenFake,low,1,0.8632684350013733
fed84956ad8d5bc426b30258c986c60ce248c0d45d5b325b1caeb3ee0f707bda,data/datasets/openfake/additional-900/images/real/fed84956ad8d5bc426b30258c986c60ce248c0d45d5b325b1caeb3ee0f707bda.jpg,ComplexDataLab/OpenFake,medium,0,0.00415409728884697
ff0c205c14e919dd16f5d13920a6719e98e0dbf459df6d4f00176bd1a1f1b73a,data/datasets/openfake/additional-900/images/real/ff0c205c14e919dd16f5d13920a6719e98e0dbf459df6d4f00176bd1a1f1b73a.jpg,ComplexDataLab/OpenFake,medium,0,0.05019338056445122
ff25bbb3dd6285984b174343f154c02447d9316b49dfdba3e51f7726b5d008a0,data/datasets/openfake/additional-900/images/fake/ff25bbb3dd6285984b174343f154c02447d9316b49dfdba3e51f7726b5d008a0.png,ComplexDataLab/OpenFake,medium,1,0.9962016940116882
ff31b93a087854ef123c312ea9f34f4cb3c681f680df5d0dc2698d9169625ebc,data/datasets/openfake/pilot-600/images/fake/ff31b93a087854ef123c312ea9f34f4cb3c681f680df5d0dc2698d9169625ebc.png,ComplexDataLab/OpenFake,medium,1,0.1709003746509552
ff441f06a0b9f8b9ba080cb10b51d511c0428f523f25f0712532d82b29f5c636,data/datasets/openfake/additional-900/images/fake/ff441f06a0b9f8b9ba080cb10b51d511c0428f523f25f0712532d82b29f5c636.png,ComplexDataLab/OpenFake,medium,1,0.9250353574752808
ff622ab98286801c2a2123a9f3077c1066f145a9270999052e638a6f3cbf0022,data/datasets/openfake/additional-900/images/real/ff622ab98286801c2a2123a9f3077c1066f145a9270999052e638a6f3cbf0022.jpg,ComplexDataLab/OpenFake,medium,0,0.00022477675520349294
ff7d9840cdf4fe6284e943c43615570aca0cc02743ba5191ea1f38da9916c235,data/datasets/openfake/additional-900/images/real/ff7d9840cdf4fe6284e943c43615570aca0cc02743ba5191ea1f38da9916c235.jpg,ComplexDataLab/OpenFake,medium,0,0.927493155002594
ffb769a2e2771209a1db1accd478d782f104e1912147163479028a5926809f23,data/datasets/openfake/additional-900/images/real/ffb769a2e2771209a1db1accd478d782f104e1912147163479028a5926809f23.jpg,ComplexDataLab/OpenFake,medium,0,0.007251403294503689
ffe31c6d0ed2e940f44e302105eeee7e1c27b9fb88c2cf24cae175e23b11bedc,data/datasets/openfake/additional-900/images/real/ffe31c6d0ed2e940f44e302105eeee7e1c27b9fb88c2cf24cae175e23b11bedc.jpg,ComplexDataLab/OpenFake,medium,0,0.175919309258461
