content_hash,image_path,source_dataset,sensitivity_level,label,probability_fake
00047e1946fdc5314c0f076ce0db75c7cbb8bfcc8496ee2cb89a3deffa2c3eac,data/datasets/sid-set/candidate-1500/images/real/00047e1946fdc5314c0f076ce0db75c7cbb8bfcc8496ee2cb89a3deffa2c3eac.jpg,saberzl/SID_Set,medium,0,0.0007636001100763679
003570fe1e8b8a4003c7515dc194c19e098aeb40f510062b3f8e327f80de49d9,data/datasets/sid-set/candidate-1500/images/real/003570fe1e8b8a4003c7515dc194c19e098aeb40f510062b3f8e327f80de49d9.jpg,saberzl/SID_Set,low,0,0.9898808598518372
0044cb3e58cacc4afc961798a33f77b3e83bc5b43787ea5a66f97b7095241392,data/datasets/sid-set/candidate-1500/images/fake/0044cb3e58cacc4afc961798a33f77b3e83bc5b43787ea5a66f97b7095241392.png,saberzl/SID_Set,medium,1,0.9948797225952148
006ee61f66b7d52d7c5e51f48e5824f2a032cf318f31e3a470dee6743999f343,data/datasets/sid-set/candidate-1500/images/fake/006ee61f66b7d52d7c5e51f48e5824f2a032cf318f31e3a470dee6743999f343.png,saberzl/SID_Set,medium,1,0.9772985577583313
008e9242bfda315bcb702c4d4a41800ca85196d3ca59807b8df12e740487aa25,data/datasets/sid-set/candidate-1500/images/real/008e9242bfda315bcb702c4d4a41800ca85196d3ca59807b8df12e740487aa25.jpg,saberzl/SID_Set,low,0,0.8751601576805115
00d27e1144cf447161a29ef6ea692337fd0a78ee4d1204bf4adc322b044e854b,data/datasets/sid-set/candidate-1500/images/fake/00d27e1144cf447161a29ef6ea692337fd0a78ee4d1204bf4adc322b044e854b.png,saberzl/SID_Set,low,1,0.9905919432640076
00dbdda9142f5479d8506dd10cfc3ea4956f31937f39aa824c657ee300b65c55,data/datasets/sid-set/candidate-1500/images/real/00dbdda9142f5479d8506dd10cfc3ea4956f31937f39aa824c657ee300b65c55.jpg,saberzl/SID_Set,low,0,0.9975125789642334
00dce87d8dc797286f65edb6be61a2c53108e35134b76defb3c2ade3b95c1954,data/datasets/sid-set/candidate-1500/images/fake/00dce87d8dc797286f65edb6be61a2c53108e35134b76defb3c2ade3b95c1954.png,saberzl/SID_Set,medium,1,0.9920735955238342
00ed0e1aa34982512b2dca7faa66cf61508259ccdeb8dbdcf1aa3df6dd9ee1e7,data/datasets/sid-set/candidate-1500/images/real/00ed0e1aa34982512b2dca7faa66cf61508259ccdeb8dbdcf1aa3df6dd9ee1e7.jpg,saberzl/SID_Set,low,0,0.4250236451625824
0126a08492ae133193d23d77abf6c6fc5e8ec10e44c8cfebce7e6ac0e4e243d8,data/datasets/sid-set/candidate-1500/images/real/0126a08492ae133193d23d77abf6c6fc5e8ec10e44c8cfebce7e6ac0e4e243d8.jpg,saberzl/SID_Set,medium,0,0.19891540706157684
013e1faf5cc3ef7e66f895bdbda552b9867075cdd46b50d711eefbd7903513a7,data/datasets/sid-set/candidate-1500/images/real/013e1faf5cc3ef7e66f895bdbda552b9867075cdd46b50d711eefbd7903513a7.jpg,saberzl/SID_Set,low,0,0.03468657284975052
0197454677d4f66eb0b0159da171d0c8da9e7d63511805503199d5eb0e30b461,data/datasets/sid-set/candidate-1500/images/fake/0197454677d4f66eb0b0159da171d0c8da9e7d63511805503199d5eb0e30b461.png,saberzl/SID_Set,medium,1,0.9643429517745972
01c2dc25de4fd1137d5eba4c85cd924388783d41a356f5ba7652aaafb537132c,data/datasets/sid-set/candidate-1500/images/real/01c2dc25de4fd1137d5eba4c85cd924388783d41a356f5ba7652aaafb537132c.jpg,saberzl/SID_Set,low,0,0.02853604406118393
024ddf004bacbdf8b2e80b053fb78c91d82a329d75d1b3aa4557edc8f832b4a5,data/datasets/sid-set/candidate-1500/images/fake/024ddf004bacbdf8b2e80b053fb78c91d82a329d75d1b3aa4557edc8f832b4a5.png,saberzl/SID_Set,medium,1,0.9724993109703064
02748a7ea7f4b4c86e6af44b003fe6e3f019a88377fa69a53a9b8be93f443daf,data/datasets/sid-set/candidate-1500/images/real/02748a7ea7f4b4c86e6af44b003fe6e3f019a88377fa69a53a9b8be93f443daf.jpg,saberzl/SID_Set,low,0,0.8574109673500061
02fc55f36e68646fcb41c0234e3cad56c7b3768529c45ea9242d05597f789ae6,data/datasets/sid-set/candidate-1500/images/real/02fc55f36e68646fcb41c0234e3cad56c7b3768529c45ea9242d05597f789ae6.jpg,saberzl/SID_Set,low,0,0.884326696395874
0311be484909f522adfc3fdac322ee07e23840fdc82e5717e068999b1e4105ee,data/datasets/sid-set/candidate-1500/images/real/0311be484909f522adfc3fdac322ee07e23840fdc82e5717e068999b1e4105ee.jpg,saberzl/SID_Set,low,0,0.46593040227890015
035f9833425f119a6bddb448298b8395c00724ced8cf09a3aad4de4e7454889b,data/datasets/sid-set/candidate-1500/images/fake/035f9833425f119a6bddb448298b8395c00724ced8cf09a3aad4de4e7454889b.png,saberzl/SID_Set,medium,1,0.9803896546363831
0361ed7b660649ee51ab09b026ea1c998052a686aaded4df7c422cee79b04553,data/datasets/sid-set/candidate-1500/images/fake/0361ed7b660649ee51ab09b026ea1c998052a686aaded4df7c422cee79b04553.png,saberzl/SID_Set,medium,1,0.9859297871589661
03688c9b1bb495e0696e35b7d00c15a7999b4af4f590f31724741fd56d18523c,data/datasets/sid-set/candidate-1500/images/real/03688c9b1bb495e0696e35b7d00c15a7999b4af4f590f31724741fd56d18523c.jpg,saberzl/SID_Set,medium,0,0.03217446058988571
036a64d63acc24a1133f7471e935115ddea0ee63cfd1fadc38c90b2e3fd66066,data/datasets/sid-set/candidate-1500/images/fake/036a64d63acc24a1133f7471e935115ddea0ee63cfd1fadc38c90b2e3fd66066.png,saberzl/SID_Set,low,1,0.9978312849998474
049f552fbf0304181dac378d61d169813d6620951555583c9985f97196b452dc,data/datasets/sid-set/candidate-1500/images/real/049f552fbf0304181dac378d61d169813d6620951555583c9985f97196b452dc.jpg,saberzl/SID_Set,low,0,0.8803991079330444
04ca52d8dc4cdf229af48394be5a3fee6ac0c6fe8a3e290df815e91be8de2814,data/datasets/sid-set/candidate-1500/images/fake/04ca52d8dc4cdf229af48394be5a3fee6ac0c6fe8a3e290df815e91be8de2814.png,saberzl/SID_Set,low,1,0.30272409319877625
04debdcbbe8057f832fa8ecbbad024136957f8e33d7e6c59ffe3de804ea0248d,data/datasets/sid-set/candidate-1500/images/real/04debdcbbe8057f832fa8ecbbad024136957f8e33d7e6c59ffe3de804ea0248d.jpg,saberzl/SID_Set,medium,0,0.36149269342422485
0547f3652efbefa56db7f9c8369f298a99d35178873d98b91d56f43f377c01f3,data/datasets/sid-set/candidate-1500/images/fake/0547f3652efbefa56db7f9c8369f298a99d35178873d98b91d56f43f377c01f3.png,saberzl/SID_Set,medium,1,0.8977216482162476
056e94ca3802b167d68c51ef79a45b9d8156d3d3749d75c11a2478714015bab9,data/datasets/sid-set/candidate-1500/images/real/056e94ca3802b167d68c51ef79a45b9d8156d3d3749d75c11a2478714015bab9.jpg,saberzl/SID_Set,low,0,0.0002768860722426325
057bc1cf0313880845d41a94b4aaea46eab804d506dc0949243ca7b202f4beb4,data/datasets/sid-set/candidate-1500/images/real/057bc1cf0313880845d41a94b4aaea46eab804d506dc0949243ca7b202f4beb4.jpg,saberzl/SID_Set,medium,0,0.9438967704772949
057c13994e7f19c269f01122c2bb14b6f9f14a2c73ec3fbc4441602211a6567f,data/datasets/sid-set/candidate-1500/images/fake/057c13994e7f19c269f01122c2bb14b6f9f14a2c73ec3fbc4441602211a6567f.png,saberzl/SID_Set,low,1,0.9148236513137817
059f1908e3048aa449d2bdc10469257ba9693e83f595c53229504a0b789bcfa2,data/datasets/sid-set/candidate-1500/images/real/059f1908e3048aa449d2bdc10469257ba9693e83f595c53229504a0b789bcfa2.jpg,saberzl/SID_Set,medium,0,0.6462254524230957
059f20ee54e5b9d805951a67add94bdf8b53e3ed53fbe378bed7d4bc6fe63e7e,data/datasets/sid-set/candidate-1500/images/real/059f20ee54e5b9d805951a67add94bdf8b53e3ed53fbe378bed7d4bc6fe63e7e.jpg,saberzl/SID_Set,low,0,0.3514447510242462
05f2adc828fc440129f78235e85f2af99aa3c003f2f9fc43e5d8ab47c97d8f8e,data/datasets/sid-set/candidate-1500/images/real/05f2adc828fc440129f78235e85f2af99aa3c003f2f9fc43e5d8ab47c97d8f8e.jpg,saberzl/SID_Set,medium,0,0.021319305524230003
05f91619bc57703b921503b38c585515445fc6c9c41e9cad81774510dc6e146c,data/datasets/sid-set/candidate-1500/images/fake/05f91619bc57703b921503b38c585515445fc6c9c41e9cad81774510dc6e146c.png,saberzl/SID_Set,medium,1,0.9934828877449036
06176f2683aa0d9c35613ee9972b0eab974a0524b1b0c994f3235c91dc41a491,data/datasets/sid-set/candidate-1500/images/real/06176f2683aa0d9c35613ee9972b0eab974a0524b1b0c994f3235c91dc41a491.jpg,saberzl/SID_Set,low,0,0.004929737653583288
06aa2da0efe158b8d57cf232a3f3935b2b52f77c91b9c42dbebc0769e7907cb2,data/datasets/sid-set/candidate-1500/images/real/06aa2da0efe158b8d57cf232a3f3935b2b52f77c91b9c42dbebc0769e7907cb2.jpg,saberzl/SID_Set,low,0,0.0017121859127655625
06c4c335da658b9af994506ce9fd7a709257689add1885ebacf0598e2505fdbe,data/datasets/sid-set/candidate-1500/images/real/06c4c335da658b9af994506ce9fd7a709257689add1885ebacf0598e2505fdbe.jpg,saberzl/SID_Set,medium,0,0.007464973255991936
06e0c0d0a0607c6f63e7b6c769905f01b4822f070478dffc96f1b50af5273953,data/datasets/sid-set/candidate-1500/images/real/06e0c0d0a0607c6f63e7b6c769905f01b4822f070478dffc96f1b50af5273953.jpg,saberzl/SID_Set,low,0,0.8840577006340027
06eadc1118dbb9cddf991d8bfcbcd73cc8e7bd39947fcaf2247f20a7007b3089,data/datasets/sid-set/candidate-1500/images/real/06eadc1118dbb9cddf991d8bfcbcd73cc8e7bd39947fcaf2247f20a7007b3089.jpg,saberzl/SID_Set,medium,0,0.038554199039936066
06f59e64b74183b17391f8a003bb15c36754ea65a80fcd031a9ab321a80f62d5,data/datasets/sid-set/candidate-1500/images/fake/06f59e64b74183b17391f8a003bb15c36754ea65a80fcd031a9ab321a80f62d5.png,saberzl/SID_Set,low,1,0.9880415201187134
06f827bf1da25a8736f1c07da9723ebcd1f1d6023efb7f4cbe14950c78fe58b2,data/datasets/sid-set/candidate-1500/images/fake/06f827bf1da25a8736f1c07da9723ebcd1f1d6023efb7f4cbe14950c78fe58b2.png,saberzl/SID_Set,medium,1,0.7235884070396423
071197fcfb6f8615b2e6ff492501ffb71dbd113825c51d24ab95144c5f59a779,data/datasets/sid-set/candidate-1500/images/fake/071197fcfb6f8615b2e6ff492501ffb71dbd113825c51d24ab95144c5f59a779.png,saberzl/SID_Set,medium,1,0.9844862222671509
0733874ff23a178f8df2b3fc91ce2b851726008d29456debb199e183a1be25e2,data/datasets/sid-set/candidate-1500/images/fake/0733874ff23a178f8df2b3fc91ce2b851726008d29456debb199e183a1be25e2.png,saberzl/SID_Set,low,1,0.9863568544387817
0748fc18a4e203a812acb3f10f27cb6ba055a6682879a0ef0272abe059a7f679,data/datasets/sid-set/candidate-1500/images/real/0748fc18a4e203a812acb3f10f27cb6ba055a6682879a0ef0272abe059a7f679.jpg,saberzl/SID_Set,medium,0,0.8911606073379517
079197288a30e54f5f3e4c826e5d9d9b66dd27ce31bedc9021c2878182d3764a,data/datasets/sid-set/candidate-1500/images/fake/079197288a30e54f5f3e4c826e5d9d9b66dd27ce31bedc9021c2878182d3764a.png,saberzl/SID_Set,medium,1,0.8536595702171326
07efa4c46f65faf58d2697e6664af72241dafa8dcae0149ce2060e36a853a8bc,data/datasets/sid-set/candidate-1500/images/fake/07efa4c46f65faf58d2697e6664af72241dafa8dcae0149ce2060e36a853a8bc.png,saberzl/SID_Set,medium,1,0.9884636998176575
07f53fa0054823b9d25479fbd8feecc1c8af9ce0daf9f635239686eab0654cbf,data/datasets/sid-set/candidate-1500/images/real/07f53fa0054823b9d25479fbd8feecc1c8af9ce0daf9f635239686eab0654cbf.jpg,saberzl/SID_Set,low,0,0.8455318808555603
084a08a6996a0abefc7917c4489bae34db649a00a64fc9224778d0e7d58bd323,data/datasets/sid-set/candidate-1500/images/fake/084a08a6996a0abefc7917c4489bae34db649a00a64fc9224778d0e7d58bd323.png,saberzl/SID_Set,low,1,0.8781079053878784
084f83d82c3f81e3b139a52ac082ef0ea939a667f5eeca08a1121adfe9db0122,data/datasets/sid-set/candidate-1500/images/real/084f83d82c3f81e3b139a52ac082ef0ea939a667f5eeca08a1121adfe9db0122.jpg,saberzl/SID_Set,medium,0,0.07013751566410065
08766ef5b802dfa20790de8b86ad7b40866be06649644d14c7428b6598ab53b0,data/datasets/sid-set/candidate-1500/images/fake/08766ef5b802dfa20790de8b86ad7b40866be06649644d14c7428b6598ab53b0.png,saberzl/SID_Set,medium,1,0.940547525882721
088a1ed9ccad7f7fcf9bb2d253961d1c0cb2fb9a745338732d74548008b20a82,data/datasets/sid-set/candidate-1500/images/fake/088a1ed9ccad7f7fcf9bb2d253961d1c0cb2fb9a745338732d74548008b20a82.png,saberzl/SID_Set,medium,1,0.9896695017814636
08ac98b0ffa43c5e3d8088abb10f13fcdbe243e075182db3e732cfbd1a231867,data/datasets/sid-set/candidate-1500/images/fake/08ac98b0ffa43c5e3d8088abb10f13fcdbe243e075182db3e732cfbd1a231867.png,saberzl/SID_Set,medium,1,0.9799198508262634
08d7b830c58ce1635497fec67c9b61ce43d4ae80129ad6d9f1db6230a4212036,data/datasets/sid-set/candidate-1500/images/real/08d7b830c58ce1635497fec67c9b61ce43d4ae80129ad6d9f1db6230a4212036.jpg,saberzl/SID_Set,medium,0,0.31153953075408936
08d8bd1005a12d89f20435d181be248f7fecb411d5c9c07657503196a6fde8bf,data/datasets/sid-set/candidate-1500/images/real/08d8bd1005a12d89f20435d181be248f7fecb411d5c9c07657503196a6fde8bf.jpg,saberzl/SID_Set,low,0,0.6600164175033569
08d92bb66db7be10f0ccd12ce83a71c1daf2b6e52fec460fb696da4b797a7129,data/datasets/sid-set/candidate-1500/images/fake/08d92bb66db7be10f0ccd12ce83a71c1daf2b6e52fec460fb696da4b797a7129.png,saberzl/SID_Set,medium,1,0.6610407829284668
090662f8b52e07277b0305eddda377861f8cbe16eccdff9a83389ba6c0e7476b,data/datasets/sid-set/candidate-1500/images/real/090662f8b52e07277b0305eddda377861f8cbe16eccdff9a83389ba6c0e7476b.jpg,saberzl/SID_Set,low,0,0.9180665016174316
0923403762c05f603699cdca135168113c04c6cea735a719b7d0e945ee1f11dd,data/datasets/sid-set/candidate-1500/images/fake/0923403762c05f603699cdca135168113c04c6cea735a719b7d0e945ee1f11dd.png,saberzl/SID_Set,low,1,0.5777203440666199
094dc682ff1a59e3ef3d2f1ed6ae13ccb66bd15e7c840f7f41132bff4511dd96,data/datasets/sid-set/candidate-1500/images/real/094dc682ff1a59e3ef3d2f1ed6ae13ccb66bd15e7c840f7f41132bff4511dd96.jpg,saberzl/SID_Set,medium,0,0.16539016366004944
0991e2b7a7e8f1d0427e94549399a89d30366e0a330563d3af2209a98f16b139,data/datasets/sid-set/candidate-1500/images/fake/0991e2b7a7e8f1d0427e94549399a89d30366e0a330563d3af2209a98f16b139.png,saberzl/SID_Set,low,1,0.6560143232345581
09e3886b0ee63c011e6337b1860de517aab556f850dffe0414131a2b6af85530,data/datasets/sid-set/candidate-1500/images/real/09e3886b0ee63c011e6337b1860de517aab556f850dffe0414131a2b6af85530.jpg,saberzl/SID_Set,medium,0,0.472337007522583
09edefc315adb41845acea6f52d5c62c48d55f34a12ba3ba1c45a4156ee9a583,data/datasets/sid-set/candidate-1500/images/fake/09edefc315adb41845acea6f52d5c62c48d55f34a12ba3ba1c45a4156ee9a583.png,saberzl/SID_Set,low,1,0.9937973618507385
09ff3ff85336f4c9115892d584f22e3796c0d76642c599f0e1b963401a61640b,data/datasets/sid-set/candidate-1500/images/fake/09ff3ff85336f4c9115892d584f22e3796c0d76642c599f0e1b963401a61640b.png,saberzl/SID_Set,medium,1,0.9817329049110413
0a47622916b3e67d3dce0287707b50a62c54e04b79209fc2cbfd0ba37ab16496,data/datasets/sid-set/candidate-1500/images/fake/0a47622916b3e67d3dce0287707b50a62c54e04b79209fc2cbfd0ba37ab16496.png,saberzl/SID_Set,low,1,0.9424026608467102
0a5caf705c917b16bce5179defd3c724cd520f0b9d8e2fa53f6f52473f67393d,data/datasets/sid-set/candidate-1500/images/real/0a5caf705c917b16bce5179defd3c724cd520f0b9d8e2fa53f6f52473f67393d.jpg,saberzl/SID_Set,low,0,0.9358792901039124
0a98527f49c1d40989de6eb1c8bcdb9b28e291a0f769e7b56f8e254670da7a4c,data/datasets/sid-set/candidate-1500/images/fake/0a98527f49c1d40989de6eb1c8bcdb9b28e291a0f769e7b56f8e254670da7a4c.png,saberzl/SID_Set,medium,1,0.9682883024215698
0b11c6ad97dc14bcc8b6fafa215a586d4d883f4f5a2cdcab3c633b18bf601be0,data/datasets/sid-set/candidate-1500/images/real/0b11c6ad97dc14bcc8b6fafa215a586d4d883f4f5a2cdcab3c633b18bf601be0.jpg,saberzl/SID_Set,medium,0,0.5779047012329102
0b30022e1685b4b0a910d3afc248d572ab5b939a9544cd0ec879808a2be8ad3e,data/datasets/sid-set/candidate-1500/images/fake/0b30022e1685b4b0a910d3afc248d572ab5b939a9544cd0ec879808a2be8ad3e.png,saberzl/SID_Set,medium,1,0.6685236692428589
0b760c4b24ae68818da9c0fb756ce5ebc7a8845d65b8966b86e16b5d43e37324,data/datasets/sid-set/candidate-1500/images/real/0b760c4b24ae68818da9c0fb756ce5ebc7a8845d65b8966b86e16b5d43e37324.jpg,saberzl/SID_Set,low,0,0.8903276324272156
0ba2184058d074e9a40c6a61244a31d52928ab8a1bc7a48300e416465ace31d3,data/datasets/sid-set/candidate-1500/images/real/0ba2184058d074e9a40c6a61244a31d52928ab8a1bc7a48300e416465ace31d3.jpg,saberzl/SID_Set,medium,0,0.987293004989624
0bacb3b70b4c94da9c0e62827e200dbe1a58e095787ce4a3bd82db25e1c32b33,data/datasets/sid-set/candidate-1500/images/real/0bacb3b70b4c94da9c0e62827e200dbe1a58e095787ce4a3bd82db25e1c32b33.jpg,saberzl/SID_Set,high,0,0.4045338034629822
0bdc8e5c1a8e4d85066ac01f33176b267cfe36880c32d62d978323fe980dbbec,data/datasets/sid-set/candidate-1500/images/real/0bdc8e5c1a8e4d85066ac01f33176b267cfe36880c32d62d978323fe980dbbec.jpg,saberzl/SID_Set,medium,0,0.2462315857410431
0bee6e4656f51b542067dd525f7046062a7892e819acc0976e585f605c9f4022,data/datasets/sid-set/candidate-1500/images/fake/0bee6e4656f51b542067dd525f7046062a7892e819acc0976e585f605c9f4022.png,saberzl/SID_Set,low,1,0.9660318493843079
0c4c604f58c95b076b31e39a6bdcb83013b17653cce427dd2dc44cab6bc0405c,data/datasets/sid-set/candidate-1500/images/fake/0c4c604f58c95b076b31e39a6bdcb83013b17653cce427dd2dc44cab6bc0405c.png,saberzl/SID_Set,medium,1,0.9728241562843323
0ca65a1aea6af0bcf0d94b5d7ce9678fc1caa911312577a312369a2484d5e204,data/datasets/sid-set/candidate-1500/images/fake/0ca65a1aea6af0bcf0d94b5d7ce9678fc1caa911312577a312369a2484d5e204.png,saberzl/SID_Set,low,1,0.9867916107177734
0cadc0beee15e121b201ecf2546be4a052442ee4bcc778f5b3246875c0ddd691,data/datasets/sid-set/candidate-1500/images/fake/0cadc0beee15e121b201ecf2546be4a052442ee4bcc778f5b3246875c0ddd691.png,saberzl/SID_Set,low,1,0.9767606258392334
0cb63a7b76b66aa12abe158d2cb405a39a6eaf1710d3b2f95725f50cafcc9887,data/datasets/sid-set/candidate-1500/images/fake/0cb63a7b76b66aa12abe158d2cb405a39a6eaf1710d3b2f95725f50cafcc9887.png,saberzl/SID_Set,medium,1,0.99153733253479
0cd779e6c854ed392df6e5f3c3ab59c34f640edf454a39fd05e3d1b27b8f1a2d,data/datasets/sid-set/candidate-1500/images/real/0cd779e6c854ed392df6e5f3c3ab59c34f640edf454a39fd05e3d1b27b8f1a2d.jpg,saberzl/SID_Set,medium,0,0.5985272526741028
0d0cccd8caecc615dce3e00333517ac208cf9ab9ac6a86328d69574029856fb4,data/datasets/sid-set/candidate-1500/images/fake/0d0cccd8caecc615dce3e00333517ac208cf9ab9ac6a86328d69574029856fb4.png,saberzl/SID_Set,medium,1,0.9954788088798523
0d3a6c1adf273fd526f05973b18e6ba54ca8f627beb115c24a258a216186ed64,data/datasets/sid-set/candidate-1500/images/real/0d3a6c1adf273fd526f05973b18e6ba54ca8f627beb115c24a258a216186ed64.jpg,saberzl/SID_Set,medium,0,0.5123108625411987
0d591bb0d2aaa5d268f2c2db8f6bfde4b60bbba857f06b712844eb84adc2ff29,data/datasets/sid-set/candidate-1500/images/fake/0d591bb0d2aaa5d268f2c2db8f6bfde4b60bbba857f06b712844eb84adc2ff29.png,saberzl/SID_Set,medium,1,0.9786579608917236
0d693c025b7f296cfed5e1f67d9589b3add34bc8d6c3a0ea29b946051f71c604,data/datasets/sid-set/candidate-1500/images/real/0d693c025b7f296cfed5e1f67d9589b3add34bc8d6c3a0ea29b946051f71c604.jpg,saberzl/SID_Set,medium,0,0.2792160212993622
0d83baf45e27609072fd220aeb8d7306bfe14b0b7d18e5b1c3c3da96f7babc4a,data/datasets/sid-set/candidate-1500/images/fake/0d83baf45e27609072fd220aeb8d7306bfe14b0b7d18e5b1c3c3da96f7babc4a.png,saberzl/SID_Set,medium,1,0.9355820417404175
0d8a92c8f05d8bb03966bdd7565e66b05adf6426016b791d07b7258d865ae12f,data/datasets/sid-set/candidate-1500/images/real/0d8a92c8f05d8bb03966bdd7565e66b05adf6426016b791d07b7258d865ae12f.jpg,saberzl/SID_Set,low,0,0.6813656091690063
0d9bbc77ced3ff94e43a4cd5e4fa220582c6093d2b5efd6216b9a9f1ca8c1dce,data/datasets/sid-set/candidate-1500/images/fake/0d9bbc77ced3ff94e43a4cd5e4fa220582c6093d2b5efd6216b9a9f1ca8c1dce.png,saberzl/SID_Set,low,1,0.9949487447738647
0dcddd10a258c4ac46deeedb24c0264f414c0139e5d09e610035200a8d9f1c62,data/datasets/sid-set/candidate-1500/images/fake/0dcddd10a258c4ac46deeedb24c0264f414c0139e5d09e610035200a8d9f1c62.png,saberzl/SID_Set,medium,1,0.9890917539596558
0dcf474ea85097b91a069757505632b7ee4966270d31bbc8ac93ab48ef4d736f,data/datasets/sid-set/candidate-1500/images/fake/0dcf474ea85097b91a069757505632b7ee4966270d31bbc8ac93ab48ef4d736f.png,saberzl/SID_Set,low,1,0.9947271943092346
0e21762a574ace5cf464e444f14cd242f9420cee1c52e21a2bebf28b5a41a6fe,data/datasets/sid-set/candidate-1500/images/real/0e21762a574ace5cf464e444f14cd242f9420cee1c52e21a2bebf28b5a41a6fe.jpg,saberzl/SID_Set,low,0,0.19109460711479187
0e5ba798bf9da944aaa7d06a54b36814bec1223c41aa60e1716d5c1f4f148ed7,data/datasets/sid-set/candidate-1500/images/fake/0e5ba798bf9da944aaa7d06a54b36814bec1223c41aa60e1716d5c1f4f148ed7.png,saberzl/SID_Set,high,1,0.9645872116088867
0e7e22e427067f08efadab663e1a4f1c1513567d13e7558bc360b55e0048c79d,data/datasets/sid-set/candidate-1500/images/fake/0e7e22e427067f08efadab663e1a4f1c1513567d13e7558bc360b55e0048c79d.png,saberzl/SID_Set,low,1,0.8608550429344177
0ecfdb59577c52e88f1a070e4c8f34d70d6e32cc1e18bc78b852fb97cbd88d5e,data/datasets/sid-set/candidate-1500/images/fake/0ecfdb59577c52e88f1a070e4c8f34d70d6e32cc1e18bc78b852fb97cbd88d5e.png,saberzl/SID_Set,low,1,0.9819656014442444
0ed79f03a51ba7907738302c54ca5150e2a50e7a112109f93940acf1c02d6ef3,data/datasets/sid-set/candidate-1500/images/fake/0ed79f03a51ba7907738302c54ca5150e2a50e7a112109f93940acf1c02d6ef3.png,saberzl/SID_Set,low,1,0.9947405457496643
0efd41d40e015f37a3f04b7556435a99d5da9ffe9f937cd93c9394d668ffb489,data/datasets/sid-set/candidate-1500/images/real/0efd41d40e015f37a3f04b7556435a99d5da9ffe9f937cd93c9394d668ffb489.jpg,saberzl/SID_Set,medium,0,0.9183892607688904
0f11399166b1a88eaa58cfcd4de278882c639cd76420054a989e10427d981281,data/datasets/sid-set/candidate-1500/images/fake/0f11399166b1a88eaa58cfcd4de278882c639cd76420054a989e10427d981281.png,saberzl/SID_Set,low,1,0.9912109971046448
0f137c20e0ceabcab2698736c751ac2bbc377b4e5722c91a10110dc473ab44e8,data/datasets/sid-set/candidate-1500/images/real/0f137c20e0ceabcab2698736c751ac2bbc377b4e5722c91a10110dc473ab44e8.jpg,saberzl/SID_Set,medium,0,0.9770077466964722
0f22327997bf074e0fab52cf717f57a279f0aeb8cbd283b7fb3473f870b48919,data/datasets/sid-set/candidate-1500/images/real/0f22327997bf074e0fab52cf717f57a279f0aeb8cbd283b7fb3473f870b48919.jpg,saberzl/SID_Set,medium,0,0.15095798671245575
0f6d3a2db252e38772e399e4805c703d539fe0fede5294ef40726f6c5ad6396d,data/datasets/sid-set/candidate-1500/images/real/0f6d3a2db252e38772e399e4805c703d539fe0fede5294ef40726f6c5ad6396d.jpg,saberzl/SID_Set,medium,0,0.011817234568297863
0f7607fe131545bfb03648d634dbd73e1183a73ee4448a1697ba983f48ff9bb2,data/datasets/sid-set/candidate-1500/images/fake/0f7607fe131545bfb03648d634dbd73e1183a73ee4448a1697ba983f48ff9bb2.png,saberzl/SID_Set,low,1,0.8787703514099121
0f76c848074696be4e3813cd4e7a2845d0d559e93cf4ca72891e025f5f62297a,data/datasets/sid-set/candidate-1500/images/real/0f76c848074696be4e3813cd4e7a2845d0d559e93cf4ca72891e025f5f62297a.jpg,saberzl/SID_Set,medium,0,0.9926181435585022
0f7cd12f3a4ab6cc2e390c42f1d4ccfff83175d743abaf07ee1fff592d770edc,data/datasets/sid-set/candidate-1500/images/fake/0f7cd12f3a4ab6cc2e390c42f1d4ccfff83175d743abaf07ee1fff592d770edc.png,saberzl/SID_Set,medium,1,0.9887883067131042
0f8c1477947cd78327ef1a7db3a4412a77e3e2d70cb88485a5c5c46b0d6503a0,data/datasets/sid-set/candidate-1500/images/fake/0f8c1477947cd78327ef1a7db3a4412a77e3e2d70cb88485a5c5c46b0d6503a0.png,saberzl/SID_Set,low,1,0.9700015187263489
0feb07e2dea28e13b01b612c17f72cbc5afd27ae360cde119cb7afc9d1b377bf,data/datasets/sid-set/candidate-1500/images/real/0feb07e2dea28e13b01b612c17f72cbc5afd27ae360cde119cb7afc9d1b377bf.jpg,saberzl/SID_Set,medium,0,0.3485024571418762
0ff224bcab39341351bfa4b6f87a281302687892ab7a9958e783ee116a27adae,data/datasets/sid-set/candidate-1500/images/fake/0ff224bcab39341351bfa4b6f87a281302687892ab7a9958e783ee116a27adae.png,saberzl/SID_Set,medium,1,0.9727472066879272
104ae6ad23b9f79a6495f0336612cd717f72ee56bc44c8fdff29f7afdfd6078d,data/datasets/sid-set/candidate-1500/images/fake/104ae6ad23b9f79a6495f0336612cd717f72ee56bc44c8fdff29f7afdfd6078d.png,saberzl/SID_Set,medium,1,0.9938631057739258
1066e29317832e8599746a8a39be02cc203d261d6297fcaec01f23e1901a93a8,data/datasets/sid-set/candidate-1500/images/real/1066e29317832e8599746a8a39be02cc203d261d6297fcaec01f23e1901a93a8.jpg,saberzl/SID_Set,low,0,0.3612023890018463
1068740c2434fd2c116d51b4400aadfe8cb05488e930d853b322335126840b0e,data/datasets/sid-set/candidate-1500/images/real/1068740c2434fd2c116d51b4400aadfe8cb05488e930d853b322335126840b0e.jpg,saberzl/SID_Set,low,0,0.29438021779060364
1071dc3db6ef183a84eaac9b3b5c9c3a0345407fcba6eebbd842ba61454c18de,data/datasets/sid-set/candidate-1500/images/real/1071dc3db6ef183a84eaac9b3b5c9c3a0345407fcba6eebbd842ba61454c18de.jpg,saberzl/SID_Set,medium,0,0.04642907902598381
1082dddf746a2d027ea3078dc7df7cf9a11defd7eb62befe09281753a15fde5a,data/datasets/sid-set/candidate-1500/images/real/1082dddf746a2d027ea3078dc7df7cf9a11defd7eb62befe09281753a15fde5a.jpg,saberzl/SID_Set,low,0,0.9283422231674194
10d4d90e36b53365e558c0b6c3d4ace87b3683dd4d1bccccf3080c258ea4d05e,data/datasets/sid-set/candidate-1500/images/fake/10d4d90e36b53365e558c0b6c3d4ace87b3683dd4d1bccccf3080c258ea4d05e.png,saberzl/SID_Set,low,1,0.9854059219360352
112eeef057d8e1656db29f809fa57dd4d995212a75bb59f3fcf8ac264694f48d,data/datasets/sid-set/candidate-1500/images/real/112eeef057d8e1656db29f809fa57dd4d995212a75bb59f3fcf8ac264694f48d.jpg,saberzl/SID_Set,medium,0,0.994681179523468
113f27d4356cd495539c60114392995c5861672caf833736732baf79eff07606,data/datasets/sid-set/candidate-1500/images/fake/113f27d4356cd495539c60114392995c5861672caf833736732baf79eff07606.png,saberzl/SID_Set,medium,1,0.9301777482032776
1156eb664038d0722d0a959420fb3beef10a9934b9b3b919e498ece8cf904b56,data/datasets/sid-set/candidate-1500/images/fake/1156eb664038d0722d0a959420fb3beef10a9934b9b3b919e498ece8cf904b56.png,saberzl/SID_Set,low,1,0.7934435606002808
11b08a7dd2584d038ca67e4f32280cfa980e32c8a825c235cdd0a702ba97aab3,data/datasets/sid-set/candidate-1500/images/real/11b08a7dd2584d038ca67e4f32280cfa980e32c8a825c235cdd0a702ba97aab3.jpg,saberzl/SID_Set,low,0,7.8294709965121e-05
11b521351ea60dde3a25c6c01f01652bfd5dc90fddd38d09ef96e697301325bc,data/datasets/sid-set/candidate-1500/images/fake/11b521351ea60dde3a25c6c01f01652bfd5dc90fddd38d09ef96e697301325bc.png,saberzl/SID_Set,medium,1,0.9965108036994934
11c877264069f47e075d85f7c9c1e47722c4d69603176f65873ed8529748a687,data/datasets/sid-set/candidate-1500/images/real/11c877264069f47e075d85f7c9c1e47722c4d69603176f65873ed8529748a687.jpg,saberzl/SID_Set,medium,0,0.14270323514938354
11d6de7dbb1bb88fc642caf4abd239e2cd53d345bc8f2a577a5d8f53f0ede5da,data/datasets/sid-set/candidate-1500/images/real/11d6de7dbb1bb88fc642caf4abd239e2cd53d345bc8f2a577a5d8f53f0ede5da.jpg,saberzl/SID_Set,medium,0,0.05121786892414093
11ddde3d0fe35d97f80c0421f63f84548d42eac7f94cfbfbe41454ed3e0b3ad0,data/datasets/sid-set/candidate-1500/images/real/11ddde3d0fe35d97f80c0421f63f84548d42eac7f94cfbfbe41454ed3e0b3ad0.jpg,saberzl/SID_Set,medium,0,0.19194185733795166
11ee9475a0c8354f7cd314dee30deac37f98116703c50aff475bf2998791ea1e,data/datasets/sid-set/candidate-1500/images/real/11ee9475a0c8354f7cd314dee30deac37f98116703c50aff475bf2998791ea1e.jpg,saberzl/SID_Set,medium,0,0.44109827280044556
121b6ed30186ced7a3f0e66d77b68696c710a069c60cf894274d17c574426878,data/datasets/sid-set/candidate-1500/images/real/121b6ed30186ced7a3f0e66d77b68696c710a069c60cf894274d17c574426878.jpg,saberzl/SID_Set,medium,0,0.9778203964233398
12668c58ce03cf73396bea3bad88b554c34a59f75df848ac985d9dd208d22c1f,data/datasets/sid-set/candidate-1500/images/fake/12668c58ce03cf73396bea3bad88b554c34a59f75df848ac985d9dd208d22c1f.png,saberzl/SID_Set,medium,1,0.9919888377189636
12a5647b54390aff48b01de6168feed00e8a262615959e9850af5c7ed355e823,data/datasets/sid-set/candidate-1500/images/real/12a5647b54390aff48b01de6168feed00e8a262615959e9850af5c7ed355e823.jpg,saberzl/SID_Set,low,0,0.8883922100067139
12fc667c04d3c86d98d6d92ab221efa15d1aa8d3c094306e73e4f39006c13db2,data/datasets/sid-set/candidate-1500/images/real/12fc667c04d3c86d98d6d92ab221efa15d1aa8d3c094306e73e4f39006c13db2.jpg,saberzl/SID_Set,medium,0,0.16317351162433624
131b0390999bd8e399ae533c5c7a0478a519c644fcd4243bbef419644c9e7f7d,data/datasets/sid-set/candidate-1500/images/real/131b0390999bd8e399ae533c5c7a0478a519c644fcd4243bbef419644c9e7f7d.jpg,saberzl/SID_Set,low,0,0.38394367694854736
13513957a1004f275ffe7fad4229b4887ec082f30454027b0a6de7a9a088248d,data/datasets/sid-set/candidate-1500/images/fake/13513957a1004f275ffe7fad4229b4887ec082f30454027b0a6de7a9a088248d.png,saberzl/SID_Set,medium,1,0.9981845021247864
13684f8e594bc8abe6e107b11d53ff57abaf97b31f0ba317b475fb06a20f648e,data/datasets/sid-set/candidate-1500/images/fake/13684f8e594bc8abe6e107b11d53ff57abaf97b31f0ba317b475fb06a20f648e.png,saberzl/SID_Set,medium,1,0.9987373948097229
137f912e1d209ec96e1090b59233c0f56c03e1dca77428c41734f74575505993,data/datasets/sid-set/candidate-1500/images/real/137f912e1d209ec96e1090b59233c0f56c03e1dca77428c41734f74575505993.jpg,saberzl/SID_Set,medium,0,0.6461999416351318
13838bf0a4678bec86d689e821a3083c187b3f6bba6dad62435b035d6860e7d5,data/datasets/sid-set/candidate-1500/images/real/13838bf0a4678bec86d689e821a3083c187b3f6bba6dad62435b035d6860e7d5.jpg,saberzl/SID_Set,medium,0,0.8630631566047668
13b3ef4a125d6e68d27ceeb425ad84b5f596db1e4a84212bd55d1fcf87196c39,data/datasets/sid-set/candidate-1500/images/real/13b3ef4a125d6e68d27ceeb425ad84b5f596db1e4a84212bd55d1fcf87196c39.jpg,saberzl/SID_Set,medium,0,0.25633344054222107
13c45a75dad1960b9f9fc7a54a7b443e924b6e5851715d8f4e92325b7709e477,data/datasets/sid-set/candidate-1500/images/fake/13c45a75dad1960b9f9fc7a54a7b443e924b6e5851715d8f4e92325b7709e477.png,saberzl/SID_Set,medium,1,0.9912760257720947
14253a5bf9a0a88715e4f1863eaa4131e7360b298cf389b70cacaea09fcb7802,data/datasets/sid-set/candidate-1500/images/real/14253a5bf9a0a88715e4f1863eaa4131e7360b298cf389b70cacaea09fcb7802.jpg,saberzl/SID_Set,medium,0,0.026379507035017014
142e8fb5f0322d19f3444206e4b8e9650ea6e8bd5beb0b3637617851e4bb6aeb,data/datasets/sid-set/candidate-1500/images/real/142e8fb5f0322d19f3444206e4b8e9650ea6e8bd5beb0b3637617851e4bb6aeb.jpg,saberzl/SID_Set,low,0,0.0004688350309152156
143d2239be8b27502ad928aa162a8a365bf620671e1fd748153dba217be7fc72,data/datasets/sid-set/candidate-1500/images/fake/143d2239be8b27502ad928aa162a8a365bf620671e1fd748153dba217be7fc72.png,saberzl/SID_Set,medium,1,0.9408536553382874
147327919fa874188f4f7b377cbdeeb302973919e81913d7f875744bb9712f40,data/datasets/sid-set/candidate-1500/images/fake/147327919fa874188f4f7b377cbdeeb302973919e81913d7f875744bb9712f40.png,saberzl/SID_Set,low,1,0.8810049295425415
14a5dcec9e8bad994bf0de1540d26701337911842c94bdece8bd261aee51b25e,data/datasets/sid-set/candidate-1500/images/fake/14a5dcec9e8bad994bf0de1540d26701337911842c94bdece8bd261aee51b25e.png,saberzl/SID_Set,medium,1,0.9972140192985535
14a664d7344658742b8d8c5a5190fa1abc61986cc90e7b186f163fad4011dfcc,data/datasets/sid-set/candidate-1500/images/fake/14a664d7344658742b8d8c5a5190fa1abc61986cc90e7b186f163fad4011dfcc.png,saberzl/SID_Set,medium,1,0.9785798788070679
14ac295e296b350bef7a22796d6dd6f962353f3b44b3239c331161d62100970c,data/datasets/sid-set/candidate-1500/images/real/14ac295e296b350bef7a22796d6dd6f962353f3b44b3239c331161d62100970c.jpg,saberzl/SID_Set,medium,0,0.14462941884994507
14af9e54158482add59a9ffff650c12b2e9bcf3c1da10f48c31606a89df76360,data/datasets/sid-set/candidate-1500/images/fake/14af9e54158482add59a9ffff650c12b2e9bcf3c1da10f48c31606a89df76360.png,saberzl/SID_Set,low,1,0.9974154233932495
14bcd2ea8e468de15eb7ca9d16a3370caa8bb467f659b4043df2fcc1350f5628,data/datasets/sid-set/candidate-1500/images/real/14bcd2ea8e468de15eb7ca9d16a3370caa8bb467f659b4043df2fcc1350f5628.jpg,saberzl/SID_Set,medium,0,0.967743992805481
14ccd22b4ff7a5370c5ac3f7bd8dad047c581e344bbd21f524df37ba4d077356,data/datasets/sid-set/candidate-1500/images/real/14ccd22b4ff7a5370c5ac3f7bd8dad047c581e344bbd21f524df37ba4d077356.jpg,saberzl/SID_Set,medium,0,0.9324080944061279
14f513fd84768fdc790b42c5ae5b665f2e2d4f96e33c469ca987b0d5a150ae11,data/datasets/sid-set/candidate-1500/images/real/14f513fd84768fdc790b42c5ae5b665f2e2d4f96e33c469ca987b0d5a150ae11.jpg,saberzl/SID_Set,medium,0,0.08284793049097061
153ccd12c2ba1852d9b908a7595ceab2880fc0a5cc5bee099be1a2bd17523f78,data/datasets/sid-set/candidate-1500/images/real/153ccd12c2ba1852d9b908a7595ceab2880fc0a5cc5bee099be1a2bd17523f78.jpg,saberzl/SID_Set,medium,0,0.03990180417895317
15423dea4c2bd3c293712d2c6dcfc57e09f2de90f285f7fff1a8da7000fbac48,data/datasets/sid-set/candidate-1500/images/fake/15423dea4c2bd3c293712d2c6dcfc57e09f2de90f285f7fff1a8da7000fbac48.png,saberzl/SID_Set,medium,1,0.9557675123214722
15530980a71e3bca66d0c6931eec1eb7cf82ad82bf182418eaaa2df450bb081a,data/datasets/sid-set/candidate-1500/images/fake/15530980a71e3bca66d0c6931eec1eb7cf82ad82bf182418eaaa2df450bb081a.png,saberzl/SID_Set,low,1,0.9992676377296448
158f234e6953e5ceaa104536689f08922a74c65b05cfadd2ab4a7812b1fb084e,data/datasets/sid-set/candidate-1500/images/fake/158f234e6953e5ceaa104536689f08922a74c65b05cfadd2ab4a7812b1fb084e.png,saberzl/SID_Set,medium,1,0.9686844944953918
15ae8374438d5cc4db199621967bb1de849004e3e9b332e829a1596aed8ef51b,data/datasets/sid-set/candidate-1500/images/real/15ae8374438d5cc4db199621967bb1de849004e3e9b332e829a1596aed8ef51b.jpg,saberzl/SID_Set,medium,0,0.056176651269197464
16085a68c11ec7e38156aeaf0c08eb5ba0e70a21ef0d8c5b6c8ba7743fa7c50e,data/datasets/sid-set/candidate-1500/images/fake/16085a68c11ec7e38156aeaf0c08eb5ba0e70a21ef0d8c5b6c8ba7743fa7c50e.png,saberzl/SID_Set,medium,1,0.9724830985069275
161f0a7501ffd5d637fa5d4137dbe3b8f530c90666b2d8ee43147c11473c3b83,data/datasets/sid-set/candidate-1500/images/real/161f0a7501ffd5d637fa5d4137dbe3b8f530c90666b2d8ee43147c11473c3b83.jpg,saberzl/SID_Set,medium,0,0.013709566555917263
1649eac954d5a54d6419a76ce460b565d1afe9b052b78663aecadb88a4038f6d,data/datasets/sid-set/candidate-1500/images/real/1649eac954d5a54d6419a76ce460b565d1afe9b052b78663aecadb88a4038f6d.jpg,saberzl/SID_Set,medium,0,0.01978367567062378
16727ce08b6b97a921746eac9667136d2dd8be9fd485facf59e20cd6c7342eb2,data/datasets/sid-set/candidate-1500/images/fake/16727ce08b6b97a921746eac9667136d2dd8be9fd485facf59e20cd6c7342eb2.png,saberzl/SID_Set,low,1,0.9563782811164856
1676bd5789897743587c9d3bca259c029a8760958b17e4e201840a8baf1af383,data/datasets/sid-set/candidate-1500/images/real/1676bd5789897743587c9d3bca259c029a8760958b17e4e201840a8baf1af383.jpg,saberzl/SID_Set,medium,0,0.42237088084220886
16a2e8eae24a2a885aa33739b75543fed13358427ee3e023f7d3559f443a407c,data/datasets/sid-set/candidate-1500/images/fake/16a2e8eae24a2a885aa33739b75543fed13358427ee3e023f7d3559f443a407c.png,saberzl/SID_Set,medium,1,0.9803928732872009
16c14f1512289686074b3c869540122c654ed5b851f31b72dbb7dc6f861b78a6,data/datasets/sid-set/candidate-1500/images/real/16c14f1512289686074b3c869540122c654ed5b851f31b72dbb7dc6f861b78a6.jpg,saberzl/SID_Set,medium,0,0.8021886944770813
16e7311f7012b391c869efe97d40aa3333eeadd2f9261580f9c90b724c38f204,data/datasets/sid-set/candidate-1500/images/real/16e7311f7012b391c869efe97d40aa3333eeadd2f9261580f9c90b724c38f204.jpg,saberzl/SID_Set,low,0,0.9247008562088013
175a0f865cdd2708d7d76342d9c750c303c811cee85de38e7e086a572959a796,data/datasets/sid-set/candidate-1500/images/real/175a0f865cdd2708d7d76342d9c750c303c811cee85de38e7e086a572959a796.jpg,saberzl/SID_Set,medium,0,0.4834461212158203
1760bc29f8e686101c530e292b18fb3234d79abd3d4d70266d340dbd50625587,data/datasets/sid-set/candidate-1500/images/real/1760bc29f8e686101c530e292b18fb3234d79abd3d4d70266d340dbd50625587.jpg,saberzl/SID_Set,low,0,0.9638038873672485
18022edd727ee0b98773997ea3b6d52c73b962904322e40ab0d3311bc51c1e3c,data/datasets/sid-set/candidate-1500/images/real/18022edd727ee0b98773997ea3b6d52c73b962904322e40ab0d3311bc51c1e3c.jpg,saberzl/SID_Set,low,0,0.7653425931930542
181d2b2f7f37ae187edd6e854efa4f0d2ac64645d0bed1a59882969aa4f07f12,data/datasets/sid-set/candidate-1500/images/real/181d2b2f7f37ae187edd6e854efa4f0d2ac64645d0bed1a59882969aa4f07f12.jpg,saberzl/SID_Set,low,0,0.06725314259529114
184f67107497daa6867c73a94a993f170ebfd998c6eb894224b60eaa43ff23d3,data/datasets/sid-set/candidate-1500/images/fake/184f67107497daa6867c73a94a993f170ebfd998c6eb894224b60eaa43ff23d3.png,saberzl/SID_Set,low,1,0.9957355260848999
18712211c1127285b224807fe7b06db51315ee990936fe20d52cf17934c56ef3,data/datasets/sid-set/candidate-1500/images/fake/18712211c1127285b224807fe7b06db51315ee990936fe20d52cf17934c56ef3.png,saberzl/SID_Set,medium,1,0.9798034429550171
187508b0cba09aa5189880f37d155cf36dede087dda427f738197fbd2fd684c9,data/datasets/sid-set/candidate-1500/images/fake/187508b0cba09aa5189880f37d155cf36dede087dda427f738197fbd2fd684c9.png,saberzl/SID_Set,medium,1,0.9696032404899597
18ed85d1de33fd0780782337a9a228e54f0b191a7bf340a75cc8d390486674e5,data/datasets/sid-set/candidate-1500/images/fake/18ed85d1de33fd0780782337a9a228e54f0b191a7bf340a75cc8d390486674e5.png,saberzl/SID_Set,medium,1,0.997423529624939
190e79c0a80f24d370bdc91d5b0ccc8ba26374e7029f86cef65fc3441ad1c466,data/datasets/sid-set/candidate-1500/images/real/190e79c0a80f24d370bdc91d5b0ccc8ba26374e7029f86cef65fc3441ad1c466.jpg,saberzl/SID_Set,medium,0,0.36846432089805603
191a8ba65ff5fae2d68837eb60590b97ddcc5b701c30c8ff7ca9b770e2f13ce8,data/datasets/sid-set/candidate-1500/images/fake/191a8ba65ff5fae2d68837eb60590b97ddcc5b701c30c8ff7ca9b770e2f13ce8.png,saberzl/SID_Set,medium,1,0.9995286464691162
19457c75e39c935c052e5dde70fa274c78a556c58547f9869871594bc9101387,data/datasets/sid-set/candidate-1500/images/fake/19457c75e39c935c052e5dde70fa274c78a556c58547f9869871594bc9101387.png,saberzl/SID_Set,medium,1,0.9658785462379456
199f58174190b1b299ed7abf5613193a38b35d4aec135069d8699f491b4debf3,data/datasets/sid-set/candidate-1500/images/real/199f58174190b1b299ed7abf5613193a38b35d4aec135069d8699f491b4debf3.jpg,saberzl/SID_Set,low,0,0.04544100537896156
19acabba6a6c886cf0bf07d27a22c770163b240d9a989c9649f17762d228503a,data/datasets/sid-set/candidate-1500/images/real/19acabba6a6c886cf0bf07d27a22c770163b240d9a989c9649f17762d228503a.jpg,saberzl/SID_Set,low,0,0.3994825780391693
19bf4afe49e7813c5bd76f6f61a7dd04c26c71f9da59ad3a58f80ee7dd3be5c0,data/datasets/sid-set/candidate-1500/images/fake/19bf4afe49e7813c5bd76f6f61a7dd04c26c71f9da59ad3a58f80ee7dd3be5c0.png,saberzl/SID_Set,low,1,0.9784864187240601
19c7f0bd5184a3e640b2bedec797ab6499ce7ffb93a2ebae088769536f25defc,data/datasets/sid-set/candidate-1500/images/real/19c7f0bd5184a3e640b2bedec797ab6499ce7ffb93a2ebae088769536f25defc.jpg,saberzl/SID_Set,medium,0,0.4408305287361145
19d9bd9b277b6425a04c31d3b9f7d993e62f9dd21766def9ccbaaa907bb217f0,data/datasets/sid-set/candidate-1500/images/real/19d9bd9b277b6425a04c31d3b9f7d993e62f9dd21766def9ccbaaa907bb217f0.jpg,saberzl/SID_Set,medium,0,0.007852633483707905
19f73e2621e310f4b83b9c81d451c5aaeb67a63b5cca858cdc435262e9beafb1,data/datasets/sid-set/candidate-1500/images/real/19f73e2621e310f4b83b9c81d451c5aaeb67a63b5cca858cdc435262e9beafb1.jpg,saberzl/SID_Set,medium,0,0.9505249261856079
1a0f5cdf7ab03bd0a52e189ce65385a1763cd2669eae67037a9c4c1f9928621c,data/datasets/sid-set/candidate-1500/images/fake/1a0f5cdf7ab03bd0a52e189ce65385a1763cd2669eae67037a9c4c1f9928621c.png,saberzl/SID_Set,medium,1,0.9906344413757324
1a320a3d7d11e9e95f1faa9864c68518ab3829a7ce2f2649b68a1f41e0912dc7,data/datasets/sid-set/candidate-1500/images/real/1a320a3d7d11e9e95f1faa9864c68518ab3829a7ce2f2649b68a1f41e0912dc7.jpg,saberzl/SID_Set,medium,0,0.04294453561306
1a8d02901738183f57a59a686fb847bcb003d46de5fd2fbf10ce889898f0d9b0,data/datasets/sid-set/candidate-1500/images/real/1a8d02901738183f57a59a686fb847bcb003d46de5fd2fbf10ce889898f0d9b0.jpg,saberzl/SID_Set,medium,0,0.04499993100762367
1abd06f1eb5a9190036995b314cb6eabc033b699e7c46b561b890862d2bccd5f,data/datasets/sid-set/candidate-1500/images/real/1abd06f1eb5a9190036995b314cb6eabc033b699e7c46b561b890862d2bccd5f.jpg,saberzl/SID_Set,medium,0,0.6063556671142578
1ae5bd41b7fae39eeeb67c0a5b47d298e4bb5d13d84446edad8b9ad6a2ceadc4,data/datasets/sid-set/candidate-1500/images/real/1ae5bd41b7fae39eeeb67c0a5b47d298e4bb5d13d84446edad8b9ad6a2ceadc4.jpg,saberzl/SID_Set,low,0,0.02852240763604641
1aef516961e150465470a1132a4921b721dc9ba6c6b2fcfc2b376e62ad13499a,data/datasets/sid-set/candidate-1500/images/fake/1aef516961e150465470a1132a4921b721dc9ba6c6b2fcfc2b376e62ad13499a.png,saberzl/SID_Set,medium,1,0.9781894087791443
1afe45d7505bc1fa8fe138c246670aa6839106b61cd4e5c991e74485cdb38dac,data/datasets/sid-set/candidate-1500/images/real/1afe45d7505bc1fa8fe138c246670aa6839106b61cd4e5c991e74485cdb38dac.jpg,saberzl/SID_Set,medium,0,0.8996776342391968
1b0678c2c6877415d743de26b22c56407fdc7801e12c774805a9fc941304787d,data/datasets/sid-set/candidate-1500/images/real/1b0678c2c6877415d743de26b22c56407fdc7801e12c774805a9fc941304787d.jpg,saberzl/SID_Set,low,0,0.8491457104682922
1b47519770b8200c2add395998b54dbb594bab454e6cd1af4fe1863243eb874a,data/datasets/sid-set/candidate-1500/images/real/1b47519770b8200c2add395998b54dbb594bab454e6cd1af4fe1863243eb874a.jpg,saberzl/SID_Set,low,0,0.9879768490791321
1b762c6d799935302d4075ef31c5e63f6bc4fb594d726f07e7b39c77dac8024d,data/datasets/sid-set/candidate-1500/images/fake/1b762c6d799935302d4075ef31c5e63f6bc4fb594d726f07e7b39c77dac8024d.png,saberzl/SID_Set,low,1,0.9933785200119019
1b9a156cda93a270a42c338aa7c29c2e8c20efa07a6fd4e2c3740dab83d5db10,data/datasets/sid-set/candidate-1500/images/real/1b9a156cda93a270a42c338aa7c29c2e8c20efa07a6fd4e2c3740dab83d5db10.jpg,saberzl/SID_Set,medium,0,0.9210389256477356
1bac358d8c506545f2bd3e16e402036ff24bb3ae17fd1f469e0a0c8e0e77db11,data/datasets/sid-set/candidate-1500/images/real/1bac358d8c506545f2bd3e16e402036ff24bb3ae17fd1f469e0a0c8e0e77db11.jpg,saberzl/SID_Set,low,0,0.08868604898452759
1bb1589ed6e97df41ca7fc2d12f2b4d4d2b7d96ee5105d40271407bfe8741c91,data/datasets/sid-set/candidate-1500/images/fake/1bb1589ed6e97df41ca7fc2d12f2b4d4d2b7d96ee5105d40271407bfe8741c91.png,saberzl/SID_Set,medium,1,0.9528629183769226
1bb9ab4aa45423831f71250ee8721029a432fa78fd0e52d1fa985cbe3b7556f1,data/datasets/sid-set/candidate-1500/images/real/1bb9ab4aa45423831f71250ee8721029a432fa78fd0e52d1fa985cbe3b7556f1.jpg,saberzl/SID_Set,medium,0,0.5607887506484985
1be0ff7dd61bb40e9e21b15aeaa62d509f3b4d50e75e4471c9ffa4c96c308900,data/datasets/sid-set/candidate-1500/images/fake/1be0ff7dd61bb40e9e21b15aeaa62d509f3b4d50e75e4471c9ffa4c96c308900.png,saberzl/SID_Set,medium,1,0.9390950202941895
1be2620cb340f2889a3779bd7091ed8c4e42131982d9a2b5534ad7a9aa7070ba,data/datasets/sid-set/candidate-1500/images/fake/1be2620cb340f2889a3779bd7091ed8c4e42131982d9a2b5534ad7a9aa7070ba.png,saberzl/SID_Set,medium,1,0.9528967142105103
1c282873f278b2b62b5503e56e36d0db96614c2f21f00f74b9cb27a3dd4b28be,data/datasets/sid-set/candidate-1500/images/fake/1c282873f278b2b62b5503e56e36d0db96614c2f21f00f74b9cb27a3dd4b28be.png,saberzl/SID_Set,low,1,0.9334741830825806
1c2bd7d8820532f8959f4e311a7a12dd1089a81c3e2a61f58fcd798574422470,data/datasets/sid-set/candidate-1500/images/fake/1c2bd7d8820532f8959f4e311a7a12dd1089a81c3e2a61f58fcd798574422470.png,saberzl/SID_Set,medium,1,0.9799551367759705
1c50b57532684c5d499e618c370e14fc9f63dc652e39268006865b34cffe7ce6,data/datasets/sid-set/candidate-1500/images/real/1c50b57532684c5d499e618c370e14fc9f63dc652e39268006865b34cffe7ce6.jpg,saberzl/SID_Set,low,0,0.7443112134933472
1c7b3647bde78519d9252f668fabca747174238c881e148610097de71061d235,data/datasets/sid-set/candidate-1500/images/real/1c7b3647bde78519d9252f668fabca747174238c881e148610097de71061d235.jpg,saberzl/SID_Set,medium,0,0.9671740531921387
1ceebdbd8f8880e6fd354366bf72a797ed8b489b293345fb865514a68151d8aa,data/datasets/sid-set/candidate-1500/images/real/1ceebdbd8f8880e6fd354366bf72a797ed8b489b293345fb865514a68151d8aa.jpg,saberzl/SID_Set,medium,0,0.9082629680633545
1d1b8a2442b551b32b91780328a4bc24366531bc064a1869f58c4f86900c753e,data/datasets/sid-set/candidate-1500/images/real/1d1b8a2442b551b32b91780328a4bc24366531bc064a1869f58c4f86900c753e.jpg,saberzl/SID_Set,low,0,0.8067150712013245
1d2089073ff8e0d4151ed1f374d5b3dd45ba6d918843f2d779effa23aa0e217f,data/datasets/sid-set/candidate-1500/images/real/1d2089073ff8e0d4151ed1f374d5b3dd45ba6d918843f2d779effa23aa0e217f.jpg,saberzl/SID_Set,low,0,0.9952120780944824
1d6e81a577421daad58703ef03ba3c8b9ff1d3d3d314336c0a13573ed0e17e07,data/datasets/sid-set/candidate-1500/images/real/1d6e81a577421daad58703ef03ba3c8b9ff1d3d3d314336c0a13573ed0e17e07.jpg,saberzl/SID_Set,low,0,0.4198010265827179
1d81ec86b6a05e7dfbbf2409bc7978e1f3176df178958ffc83cf2469e112dadc,data/datasets/sid-set/candidate-1500/images/real/1d81ec86b6a05e7dfbbf2409bc7978e1f3176df178958ffc83cf2469e112dadc.jpg,saberzl/SID_Set,medium,0,0.8433620929718018
1de70679b5e3a7615f252eb15b5b32c95b78e3acb9f1c487cb43c3cff56e8a3f,data/datasets/sid-set/candidate-1500/images/fake/1de70679b5e3a7615f252eb15b5b32c95b78e3acb9f1c487cb43c3cff56e8a3f.png,saberzl/SID_Set,low,1,0.978818416595459
1e0fdd36b56edf7d7e76996eca0f833cb0259dfeb8490637db97f6ebee28b050,data/datasets/sid-set/candidate-1500/images/fake/1e0fdd36b56edf7d7e76996eca0f833cb0259dfeb8490637db97f6ebee28b050.png,saberzl/SID_Set,low,1,0.9619846343994141
1e42e2aef08ddfe7d7325a55ac54fda825b3e5ba5131ec6d7e3edfb09bb70bcb,data/datasets/sid-set/candidate-1500/images/real/1e42e2aef08ddfe7d7325a55ac54fda825b3e5ba5131ec6d7e3edfb09bb70bcb.jpg,saberzl/SID_Set,medium,0,0.6102480888366699
1e5425fe731c255b04fae5cb0dfc5e8434f6186545852d234d033670d3c449f9,data/datasets/sid-set/candidate-1500/images/real/1e5425fe731c255b04fae5cb0dfc5e8434f6186545852d234d033670d3c449f9.jpg,saberzl/SID_Set,medium,0,0.9101457595825195
1ec60f4a00f16de352c4f1c64ad24f08abe579befc4f069b0734d924cda31113,data/datasets/sid-set/candidate-1500/images/real/1ec60f4a00f16de352c4f1c64ad24f08abe579befc4f069b0734d924cda31113.jpg,saberzl/SID_Set,medium,0,0.40541568398475647
1f138752111917dfb17d14f425105459ff243d47b4db1c8750e86b16c1ab75c4,data/datasets/sid-set/candidate-1500/images/real/1f138752111917dfb17d14f425105459ff243d47b4db1c8750e86b16c1ab75c4.jpg,saberzl/SID_Set,medium,0,0.02472556382417679
1f96e0577e81ac6c855d00d6398136a507552cdeb4ad8cfbeb5b478fad80d62b,data/datasets/sid-set/candidate-1500/images/fake/1f96e0577e81ac6c855d00d6398136a507552cdeb4ad8cfbeb5b478fad80d62b.png,saberzl/SID_Set,medium,1,0.9950183629989624
1fb6cab0fbcc6d47276a70ab57244452848733f6e2159bef8fffe04cf67720a4,data/datasets/sid-set/candidate-1500/images/fake/1fb6cab0fbcc6d47276a70ab57244452848733f6e2159bef8fffe04cf67720a4.png,saberzl/SID_Set,medium,1,0.9927805066108704
1fbcc329ce2eca0a15ef45780971a900562688229df75884d1b35f598b44f36a,data/datasets/sid-set/candidate-1500/images/fake/1fbcc329ce2eca0a15ef45780971a900562688229df75884d1b35f598b44f36a.png,saberzl/SID_Set,medium,1,0.9927489161491394
1ffbe318c71601c7e01c45b979b6d63eba2822c1168ddc599ad0cf24be1e116e,data/datasets/sid-set/candidate-1500/images/real/1ffbe318c71601c7e01c45b979b6d63eba2822c1168ddc599ad0cf24be1e116e.jpg,saberzl/SID_Set,medium,0,0.0007987683638930321
200a7a0052861e463d5f05ca2d582ce0304724531b964d437aeb3b11082f3c01,data/datasets/sid-set/candidate-1500/images/fake/200a7a0052861e463d5f05ca2d582ce0304724531b964d437aeb3b11082f3c01.png,saberzl/SID_Set,medium,1,0.9721744060516357
201a3944a15f8277dc3252c87ea60a35d2c5dadf9bdf7cf6dba4829303b4d6c3,data/datasets/sid-set/candidate-1500/images/fake/201a3944a15f8277dc3252c87ea60a35d2c5dadf9bdf7cf6dba4829303b4d6c3.png,saberzl/SID_Set,medium,1,0.9674662947654724
20417e1c26d98dbe985a4ab739e60dfb1330e340f3632d4b082f05e5d1bdc41d,data/datasets/sid-set/candidate-1500/images/fake/20417e1c26d98dbe985a4ab739e60dfb1330e340f3632d4b082f05e5d1bdc41d.png,saberzl/SID_Set,medium,1,0.9773153066635132
205618b191a6359f037868281a1d2080a198b0d6ca4c09d8db52c86d2dda4f5d,data/datasets/sid-set/candidate-1500/images/fake/205618b191a6359f037868281a1d2080a198b0d6ca4c09d8db52c86d2dda4f5d.png,saberzl/SID_Set,medium,1,0.9772192239761353
206836d644b1161367c6085da37bf09881d3427c0f34e4d8857116e18cb453a1,data/datasets/sid-set/candidate-1500/images/fake/206836d644b1161367c6085da37bf09881d3427c0f34e4d8857116e18cb453a1.png,saberzl/SID_Set,medium,1,0.9707645773887634
2098e4c6f7f12cb9e27b62261770bb72ec17872bab7dbe9b21d636111db64581,data/datasets/sid-set/candidate-1500/images/fake/2098e4c6f7f12cb9e27b62261770bb72ec17872bab7dbe9b21d636111db64581.png,saberzl/SID_Set,medium,1,0.8936164975166321
20bd466274c688abc8452f933269fa86ea7188256c2a3ff6e2edac11f965ffa2,data/datasets/sid-set/candidate-1500/images/real/20bd466274c688abc8452f933269fa86ea7188256c2a3ff6e2edac11f965ffa2.jpg,saberzl/SID_Set,medium,0,0.1255919188261032
20cf6b08c79a9bb48af20a7420430001d1f9fcb8709449be4c4b42d0e1d8e112,data/datasets/sid-set/candidate-1500/images/fake/20cf6b08c79a9bb48af20a7420430001d1f9fcb8709449be4c4b42d0e1d8e112.png,saberzl/SID_Set,low,1,0.8148027658462524
20e030659e9887f1546479f72bcc243850b2286dee1c0047e270897dd9e2bffc,data/datasets/sid-set/candidate-1500/images/real/20e030659e9887f1546479f72bcc243850b2286dee1c0047e270897dd9e2bffc.jpg,saberzl/SID_Set,medium,0,0.013759210705757141
20eb12a89eaf1a8af0ac282c3dd6e89d1517fe082b608b3f3f333cdb279ab30f,data/datasets/sid-set/candidate-1500/images/real/20eb12a89eaf1a8af0ac282c3dd6e89d1517fe082b608b3f3f333cdb279ab30f.jpg,saberzl/SID_Set,medium,0,0.6285820603370667
20fbee41667b5ee765ed2c62353a0885f4004570a92b191b60f7e249e3fe7343,data/datasets/sid-set/candidate-1500/images/real/20fbee41667b5ee765ed2c62353a0885f4004570a92b191b60f7e249e3fe7343.jpg,saberzl/SID_Set,medium,0,0.005991216283291578
210ad771646e8be549b79ee1fe5eccb64e24eabb8c53edfbf15292d52efb2c5c,data/datasets/sid-set/candidate-1500/images/real/210ad771646e8be549b79ee1fe5eccb64e24eabb8c53edfbf15292d52efb2c5c.jpg,saberzl/SID_Set,medium,0,0.013605417683720589
21256fcf694121235a2860ed04b87a197017608ffa80d67757445478345a7fac,data/datasets/sid-set/candidate-1500/images/real/21256fcf694121235a2860ed04b87a197017608ffa80d67757445478345a7fac.jpg,saberzl/SID_Set,low,0,0.052675556391477585
21512ca0a045cfa4732e70e5376b4584e1f48a97910055b7d741fe5b7623f1cf,data/datasets/sid-set/candidate-1500/images/fake/21512ca0a045cfa4732e70e5376b4584e1f48a97910055b7d741fe5b7623f1cf.png,saberzl/SID_Set,low,1,0.9766298532485962
215fc319b724f92612b408c7c975f3148125687f75c1bd5cdfcb52cde613cab0,data/datasets/sid-set/candidate-1500/images/real/215fc319b724f92612b408c7c975f3148125687f75c1bd5cdfcb52cde613cab0.jpg,saberzl/SID_Set,medium,0,0.5084123015403748
21ccf6fafb3f31f0231951aa7f44c3bd205c2b918b1b562b6dd289ff9389b8d6,data/datasets/sid-set/candidate-1500/images/real/21ccf6fafb3f31f0231951aa7f44c3bd205c2b918b1b562b6dd289ff9389b8d6.jpg,saberzl/SID_Set,low,0,0.030168218538165092
21fb82c8bef1d4e3c77ba14e05a1d3d5e5b0c1bf68c622220f89622f01d8ad42,data/datasets/sid-set/candidate-1500/images/fake/21fb82c8bef1d4e3c77ba14e05a1d3d5e5b0c1bf68c622220f89622f01d8ad42.png,saberzl/SID_Set,medium,1,0.9934604167938232
229582526b538909b538ba4557d0b511190c736ce906b6b3e01e300434bb3465,data/datasets/sid-set/candidate-1500/images/fake/229582526b538909b538ba4557d0b511190c736ce906b6b3e01e300434bb3465.png,saberzl/SID_Set,low,1,0.9552496671676636
22961a692926514942625475c0cda89138bcf16ae26d6c28cf1b0e4c17c9cc5f,data/datasets/sid-set/candidate-1500/images/fake/22961a692926514942625475c0cda89138bcf16ae26d6c28cf1b0e4c17c9cc5f.png,saberzl/SID_Set,low,1,0.9890033602714539
22b65e60c4f72e2154b8ed8816a1b979f87e36ce680d57dde8f550cade10efb3,data/datasets/sid-set/candidate-1500/images/fake/22b65e60c4f72e2154b8ed8816a1b979f87e36ce680d57dde8f550cade10efb3.png,saberzl/SID_Set,medium,1,0.9794070720672607
22c62153792403ad5d7223c93ee68daa44da0bb2c7f5bbad9d6dc92212293a2e,data/datasets/sid-set/candidate-1500/images/real/22c62153792403ad5d7223c93ee68daa44da0bb2c7f5bbad9d6dc92212293a2e.jpg,saberzl/SID_Set,medium,0,0.379710853099823
231b2eb5907718354a23a4ffe402eea77fd5ddb9b3954bb3e1acb887db9fb1e7,data/datasets/sid-set/candidate-1500/images/real/231b2eb5907718354a23a4ffe402eea77fd5ddb9b3954bb3e1acb887db9fb1e7.jpg,saberzl/SID_Set,medium,0,0.9886681437492371
23367e4b857d9d06a0326726543152a6109eb116b92f6b338ca9118bbf079759,data/datasets/sid-set/candidate-1500/images/fake/23367e4b857d9d06a0326726543152a6109eb116b92f6b338ca9118bbf079759.png,saberzl/SID_Set,medium,1,0.9900902509689331
234591f69ed573280e146297f67a0ca4e9684628c61c615f18d590e48411ead1,data/datasets/sid-set/candidate-1500/images/real/234591f69ed573280e146297f67a0ca4e9684628c61c615f18d590e48411ead1.jpg,saberzl/SID_Set,medium,0,0.7032097578048706
235d9f65a8c97509cac0377ad675b47300331e576b4880821385f46069ad8af7,data/datasets/sid-set/candidate-1500/images/real/235d9f65a8c97509cac0377ad675b47300331e576b4880821385f46069ad8af7.jpg,saberzl/SID_Set,medium,0,0.7279922962188721
23e0f9c0fe7eac99d6b4ac0b15cacc3f4b41de3c447e01175c3c5c416196018d,data/datasets/sid-set/candidate-1500/images/real/23e0f9c0fe7eac99d6b4ac0b15cacc3f4b41de3c447e01175c3c5c416196018d.jpg,saberzl/SID_Set,medium,0,0.003683818271383643
23f7cc8d9bfb67ea3beae2d0af0b36f22aaac3f26a9700949eeff698de5014fe,data/datasets/sid-set/candidate-1500/images/fake/23f7cc8d9bfb67ea3beae2d0af0b36f22aaac3f26a9700949eeff698de5014fe.png,saberzl/SID_Set,low,1,0.8561415672302246
245405dca9ff5ec91ce902a813c082c9eb32fc09f6b4e9f2e70f5834ab8c662c,data/datasets/sid-set/candidate-1500/images/fake/245405dca9ff5ec91ce902a813c082c9eb32fc09f6b4e9f2e70f5834ab8c662c.png,saberzl/SID_Set,medium,1,0.9972416162490845
2456243d6713c8b1a36d9e1cbb885666729fa92cb657129aa7f5dcd084b2f5dc,data/datasets/sid-set/candidate-1500/images/real/2456243d6713c8b1a36d9e1cbb885666729fa92cb657129aa7f5dcd084b2f5dc.jpg,saberzl/SID_Set,low,0,0.45876196026802063
2457330713fd03ba2d0c72c7c5cf58c050a4202d08e558879a50b903af5e34a0,data/datasets/sid-set/candidate-1500/images/fake/2457330713fd03ba2d0c72c7c5cf58c050a4202d08e558879a50b903af5e34a0.png,saberzl/SID_Set,medium,1,0.9961262345314026
24698cfc6224279dd379faacb358e313d713b54903239cc66ca5c7baaf848e42,data/datasets/sid-set/candidate-1500/images/real/24698cfc6224279dd379faacb358e313d713b54903239cc66ca5c7baaf848e42.jpg,saberzl/SID_Set,medium,0,0.012763314880430698
248f69db77d07800d75d4814c27f97d502961597cd3f22d67a7eb1a61deb4a28,data/datasets/sid-set/candidate-1500/images/real/248f69db77d07800d75d4814c27f97d502961597cd3f22d67a7eb1a61deb4a28.jpg,saberzl/SID_Set,low,0,0.008836397901177406
249ced550c605549f65fb91397e111932c4a91930484391541ce23e84d24b95c,data/datasets/sid-set/candidate-1500/images/real/249ced550c605549f65fb91397e111932c4a91930484391541ce23e84d24b95c.jpg,saberzl/SID_Set,low,0,0.14536328613758087
24c4c671e918f7c19c59fa17dac7809a009b16b52d067a00052474c8226306aa,data/datasets/sid-set/candidate-1500/images/fake/24c4c671e918f7c19c59fa17dac7809a009b16b52d067a00052474c8226306aa.png,saberzl/SID_Set,low,1,0.921128511428833
24d498d3de2afbd47c2589fdcf13036be6856aeac0cc7ca6d395f9d6cf07d56a,data/datasets/sid-set/candidate-1500/images/real/24d498d3de2afbd47c2589fdcf13036be6856aeac0cc7ca6d395f9d6cf07d56a.jpg,saberzl/SID_Set,low,0,0.9892589449882507
250c950db0e8dd1b3fdfae71328a90eb435dc794eead422a361c1b3f3f8e1a6b,data/datasets/sid-set/candidate-1500/images/fake/250c950db0e8dd1b3fdfae71328a90eb435dc794eead422a361c1b3f3f8e1a6b.png,saberzl/SID_Set,low,1,0.9785456657409668
250fcc22ee1d042f99f665147675bfa5f5dc534d0634a87caf1300165f39e7c7,data/datasets/sid-set/candidate-1500/images/fake/250fcc22ee1d042f99f665147675bfa5f5dc534d0634a87caf1300165f39e7c7.png,saberzl/SID_Set,low,1,0.9415497779846191
2594de6c9f6625725e5f45286bf191b0c986ab7be1ee6bdedfd926333a0e5499,data/datasets/sid-set/candidate-1500/images/fake/2594de6c9f6625725e5f45286bf191b0c986ab7be1ee6bdedfd926333a0e5499.png,saberzl/SID_Set,low,1,0.9959449172019958
259b62241565cbddbedef0871964e97143e41b4a1621eabb59f1ff8af137fd40,data/datasets/sid-set/candidate-1500/images/fake/259b62241565cbddbedef0871964e97143e41b4a1621eabb59f1ff8af137fd40.png,saberzl/SID_Set,medium,1,0.9888797998428345
25a0f88d3511166b8649c9a7adaa251823ab583caa866f54a5d127668321f823,data/datasets/sid-set/candidate-1500/images/fake/25a0f88d3511166b8649c9a7adaa251823ab583caa866f54a5d127668321f823.png,saberzl/SID_Set,low,1,0.9861778020858765
2616ae726257175cbc4aee0907a4a767fe09f6d053a48083a30d22315b722736,data/datasets/sid-set/candidate-1500/images/real/2616ae726257175cbc4aee0907a4a767fe09f6d053a48083a30d22315b722736.jpg,saberzl/SID_Set,high,0,0.9444893598556519
26554ec623d577e9f032586e09f08cd4b2fdcb872c8bffb65eaa0d6e0dba4a29,data/datasets/sid-set/candidate-1500/images/real/26554ec623d577e9f032586e09f08cd4b2fdcb872c8bffb65eaa0d6e0dba4a29.jpg,saberzl/SID_Set,medium,0,0.8958498239517212
26a57244bce0d8d73e339fb823acfc14134ed844ef1ea28d18826105599261ca,data/datasets/sid-set/candidate-1500/images/real/26a57244bce0d8d73e339fb823acfc14134ed844ef1ea28d18826105599261ca.jpg,saberzl/SID_Set,medium,0,0.9015119075775146
26d1386fe0f18bd55800603f8bc81c87b95c42438ab94de90088248282620a30,data/datasets/sid-set/candidate-1500/images/real/26d1386fe0f18bd55800603f8bc81c87b95c42438ab94de90088248282620a30.jpg,saberzl/SID_Set,medium,0,0.28911104798316956
26d332cdb2027871c60be2fed4e8345e0a34fc2c48ac3cc2a093161f906ddf68,data/datasets/sid-set/candidate-1500/images/real/26d332cdb2027871c60be2fed4e8345e0a34fc2c48ac3cc2a093161f906ddf68.jpg,saberzl/SID_Set,low,0,0.18732520937919617
2700a6ba8ca8737fca61bae67a3c5dd3faa9e33dd9e67b117bb7e5d5f6fcfa70,data/datasets/sid-set/candidate-1500/images/real/2700a6ba8ca8737fca61bae67a3c5dd3faa9e33dd9e67b117bb7e5d5f6fcfa70.jpg,saberzl/SID_Set,low,0,0.5281856060028076
270c5de8b1642e10e28105974382134caa9c631f7dce25554f24023dea8d8e6e,data/datasets/sid-set/candidate-1500/images/real/270c5de8b1642e10e28105974382134caa9c631f7dce25554f24023dea8d8e6e.jpg,saberzl/SID_Set,medium,0,0.3056612014770508
275d599c78b270ae7a59a921d94febffe3a86d55455897e09cb33a3e1346e8b7,data/datasets/sid-set/candidate-1500/images/real/275d599c78b270ae7a59a921d94febffe3a86d55455897e09cb33a3e1346e8b7.jpg,saberzl/SID_Set,medium,0,0.10027389973402023
27a886a9c1db43eb8f36f42ac30d2024be1a476db0fc3e61cd4ecc06e36655fe,data/datasets/sid-set/candidate-1500/images/real/27a886a9c1db43eb8f36f42ac30d2024be1a476db0fc3e61cd4ecc06e36655fe.jpg,saberzl/SID_Set,medium,0,0.16305716335773468
27af497e36089218690a7ca84aab644962e880ebbc055e4a34462d2493e6091d,data/datasets/sid-set/candidate-1500/images/fake/27af497e36089218690a7ca84aab644962e880ebbc055e4a34462d2493e6091d.png,saberzl/SID_Set,low,1,0.9018637537956238
27bd2140e36ee16d66e0b0ee2aad1636b95331545b1f7484d50f278775a32719,data/datasets/sid-set/candidate-1500/images/real/27bd2140e36ee16d66e0b0ee2aad1636b95331545b1f7484d50f278775a32719.jpg,saberzl/SID_Set,medium,0,0.3396016061306
27c52dbcb62b80b4210302a82419645352ee1e05b2d57dc9f1f0ceeeec9c3140,data/datasets/sid-set/candidate-1500/images/fake/27c52dbcb62b80b4210302a82419645352ee1e05b2d57dc9f1f0ceeeec9c3140.png,saberzl/SID_Set,low,1,0.960371196269989
27dd2e18e8f1b1581c6fe5442368cec27738923f12cb891af27acda9d5d95d51,data/datasets/sid-set/candidate-1500/images/fake/27dd2e18e8f1b1581c6fe5442368cec27738923f12cb891af27acda9d5d95d51.png,saberzl/SID_Set,medium,1,0.9810271263122559
27f6a88a65545ffb99a694d639ce6f5f1a582803a771d843303f34c15d8a3683,data/datasets/sid-set/candidate-1500/images/real/27f6a88a65545ffb99a694d639ce6f5f1a582803a771d843303f34c15d8a3683.jpg,saberzl/SID_Set,medium,0,0.17382530868053436
2816527ad32ea3f88de8645e232cb93ee3476ce82f3f3355729869cabde1a9f0,data/datasets/sid-set/candidate-1500/images/fake/2816527ad32ea3f88de8645e232cb93ee3476ce82f3f3355729869cabde1a9f0.png,saberzl/SID_Set,low,1,0.990810751914978
28172b58d4923811c06a6836137cda8fdfb2025b7c13c06aea21398b988ab900,data/datasets/sid-set/candidate-1500/images/fake/28172b58d4923811c06a6836137cda8fdfb2025b7c13c06aea21398b988ab900.png,saberzl/SID_Set,low,1,0.9976257681846619
281e02921d20ad0f013239909818ebb00da14d01a382fab61a7b4f10227aab5b,data/datasets/sid-set/candidate-1500/images/real/281e02921d20ad0f013239909818ebb00da14d01a382fab61a7b4f10227aab5b.jpg,saberzl/SID_Set,low,0,0.07120077311992645
28e860fdcc4bdcd090b8760c9adb072c0ed63bb86d522cad1ab4be0e73af4e1b,data/datasets/sid-set/candidate-1500/images/fake/28e860fdcc4bdcd090b8760c9adb072c0ed63bb86d522cad1ab4be0e73af4e1b.png,saberzl/SID_Set,medium,1,0.9993014335632324
28ec76e6fa2c84fb0c832b480be2a9a08de0e43d2889d40e8359299da7e06535,data/datasets/sid-set/candidate-1500/images/real/28ec76e6fa2c84fb0c832b480be2a9a08de0e43d2889d40e8359299da7e06535.jpg,saberzl/SID_Set,low,0,0.27826789021492004
28f5b2776caf577799ef4726f9498923bad0096613007a1f06011495c528617e,data/datasets/sid-set/candidate-1500/images/fake/28f5b2776caf577799ef4726f9498923bad0096613007a1f06011495c528617e.png,saberzl/SID_Set,low,1,0.9990672469139099
28fc59b4391c8122a172865fc538818bb35aa55831a7ade2ef0b490659dcdb75,data/datasets/sid-set/candidate-1500/images/real/28fc59b4391c8122a172865fc538818bb35aa55831a7ade2ef0b490659dcdb75.jpg,saberzl/SID_Set,medium,0,0.5164221525192261
2900b6e799ecbab10ef1acbc88c6fdfa3f136118d16c22e816b7466b8fb012a9,data/datasets/sid-set/candidate-1500/images/real/2900b6e799ecbab10ef1acbc88c6fdfa3f136118d16c22e816b7466b8fb012a9.jpg,saberzl/SID_Set,medium,0,0.1534370481967926
2901813455299c13e3f026e5a451a8d452b6827e7086cc6d5d7988e5a1e48086,data/datasets/sid-set/candidate-1500/images/real/2901813455299c13e3f026e5a451a8d452b6827e7086cc6d5d7988e5a1e48086.jpg,saberzl/SID_Set,low,0,0.9960312247276306
29119e77fb69cb309364e9e95d120c8790d67e12da74b4b268564e4304ba0199,data/datasets/sid-set/candidate-1500/images/real/29119e77fb69cb309364e9e95d120c8790d67e12da74b4b268564e4304ba0199.jpg,saberzl/SID_Set,low,0,0.8213000893592834
292126a83a0b2418b772d4883d6f469e86e0dd1688dda27dfda6fe2785b5a35d,data/datasets/sid-set/candidate-1500/images/fake/292126a83a0b2418b772d4883d6f469e86e0dd1688dda27dfda6fe2785b5a35d.png,saberzl/SID_Set,medium,1,0.9693189263343811
293860d0ddb530ae997fb95809ecf5c8c7d877e361073c65151a398e975eb541,data/datasets/sid-set/candidate-1500/images/fake/293860d0ddb530ae997fb95809ecf5c8c7d877e361073c65151a398e975eb541.png,saberzl/SID_Set,medium,1,0.9239146113395691
2947b67f7d93e8aafd3f99119d193d7af0042231e2c2246f1669297fd339c4a0,data/datasets/sid-set/candidate-1500/images/fake/2947b67f7d93e8aafd3f99119d193d7af0042231e2c2246f1669297fd339c4a0.png,saberzl/SID_Set,medium,1,0.9579179286956787
29773d60470655d4b32829ad4bb82577d9a9079c65a372d7a7eb927097648c69,data/datasets/sid-set/candidate-1500/images/fake/29773d60470655d4b32829ad4bb82577d9a9079c65a372d7a7eb927097648c69.png,saberzl/SID_Set,medium,1,0.9811291098594666
29797f9829711b497c7836f9e3a87599dc76c68664bd14905af5ed3dfb020587,data/datasets/sid-set/candidate-1500/images/fake/29797f9829711b497c7836f9e3a87599dc76c68664bd14905af5ed3dfb020587.png,saberzl/SID_Set,medium,1,0.9561300277709961
29823ad44950f641734a3f71168772f44c87820fdd7738d93cb925b128390947,data/datasets/sid-set/candidate-1500/images/real/29823ad44950f641734a3f71168772f44c87820fdd7738d93cb925b128390947.jpg,saberzl/SID_Set,low,0,0.8995352387428284
299f3eee2127a6d5950cfeae126b9eb577848a570ecb4558a6376ef643c2847d,data/datasets/sid-set/candidate-1500/images/fake/299f3eee2127a6d5950cfeae126b9eb577848a570ecb4558a6376ef643c2847d.png,saberzl/SID_Set,medium,1,0.9349494576454163
29abcb93f31db5b6977e4cb6f5ce7bf3b92e56ba2dbbcec125b019f1370d3a3a,data/datasets/sid-set/candidate-1500/images/fake/29abcb93f31db5b6977e4cb6f5ce7bf3b92e56ba2dbbcec125b019f1370d3a3a.png,saberzl/SID_Set,low,1,0.9587253332138062
29ba495ee9db933e84d3a5bb5aa1fc07cda00e1502bb6622175ac5d7b1226d2e,data/datasets/sid-set/candidate-1500/images/real/29ba495ee9db933e84d3a5bb5aa1fc07cda00e1502bb6622175ac5d7b1226d2e.jpg,saberzl/SID_Set,medium,0,0.0041556162759661674
29da04d067627b33b857698231fee7b2297b3a915f3e10c717c343ed403eddc1,data/datasets/sid-set/candidate-1500/images/fake/29da04d067627b33b857698231fee7b2297b3a915f3e10c717c343ed403eddc1.png,saberzl/SID_Set,low,1,0.9903420209884644
2a0e686e53313dceb6234e6122ae9c81b27b54b473105674802669bc6250e0df,data/datasets/sid-set/candidate-1500/images/fake/2a0e686e53313dceb6234e6122ae9c81b27b54b473105674802669bc6250e0df.png,saberzl/SID_Set,medium,1,0.9911337494850159
2a1ea8ce014057b6977a8b6bea9efcb4c26e81da93d5910c90a3095fd0b22c3e,data/datasets/sid-set/candidate-1500/images/real/2a1ea8ce014057b6977a8b6bea9efcb4c26e81da93d5910c90a3095fd0b22c3e.jpg,saberzl/SID_Set,medium,0,0.4691363573074341
2a2c78b2cbf7c7f2c35664165da446b51911fa59b41e825256c10b2ca3778197,data/datasets/sid-set/candidate-1500/images/real/2a2c78b2cbf7c7f2c35664165da446b51911fa59b41e825256c10b2ca3778197.jpg,saberzl/SID_Set,medium,0,0.987203061580658
2a5aeba114ea5646a874c71faa71890d3089d0770880c1be772c49ebca5bba2a,data/datasets/sid-set/candidate-1500/images/real/2a5aeba114ea5646a874c71faa71890d3089d0770880c1be772c49ebca5bba2a.jpg,saberzl/SID_Set,medium,0,0.07476045936346054
2a71416bd56fbf41e6477b2fb5e7fcaa7922a1cf10966c623f8cdcf35a504262,data/datasets/sid-set/candidate-1500/images/real/2a71416bd56fbf41e6477b2fb5e7fcaa7922a1cf10966c623f8cdcf35a504262.jpg,saberzl/SID_Set,medium,0,0.31563225388526917
2ae17a689d7b288ce2fbc0f06dbf62da5f229fb8e8cb376616ee97ffd3d9499f,data/datasets/sid-set/candidate-1500/images/real/2ae17a689d7b288ce2fbc0f06dbf62da5f229fb8e8cb376616ee97ffd3d9499f.jpg,saberzl/SID_Set,low,0,0.7019621133804321
2b11cf7acaf1da939198187526f00d6d99d44a2905ae33d71d2d4b602bc5cd4c,data/datasets/sid-set/candidate-1500/images/real/2b11cf7acaf1da939198187526f00d6d99d44a2905ae33d71d2d4b602bc5cd4c.jpg,saberzl/SID_Set,medium,0,0.4451245367527008
2b7d8068b766410a483dd8946aad2d30415b70b34c352d99bdf591007e66bee3,data/datasets/sid-set/candidate-1500/images/real/2b7d8068b766410a483dd8946aad2d30415b70b34c352d99bdf591007e66bee3.jpg,saberzl/SID_Set,medium,0,0.00123998848721385
2b894bff7e5ab3ef0fa03c9d2358f96c36f26780a62e8da2afbcb04483c0086d,data/datasets/sid-set/candidate-1500/images/fake/2b894bff7e5ab3ef0fa03c9d2358f96c36f26780a62e8da2afbcb04483c0086d.png,saberzl/SID_Set,medium,1,0.9899999499320984
2ba9f2ad281358c669664fd53ba16a4b0f73780b37184c4831ecec07d96c9464,data/datasets/sid-set/candidate-1500/images/fake/2ba9f2ad281358c669664fd53ba16a4b0f73780b37184c4831ecec07d96c9464.png,saberzl/SID_Set,medium,1,0.9919074773788452
2c1575eac884ba672c6e56bc30672b7087ac1ed956c1b48cd1bad16326331981,data/datasets/sid-set/candidate-1500/images/real/2c1575eac884ba672c6e56bc30672b7087ac1ed956c1b48cd1bad16326331981.jpg,saberzl/SID_Set,medium,0,0.1733711212873459
2c4046be54a5534553c2d07ea0529fe42cf5be8448756c7a37e4e29e154d020e,data/datasets/sid-set/candidate-1500/images/fake/2c4046be54a5534553c2d07ea0529fe42cf5be8448756c7a37e4e29e154d020e.png,saberzl/SID_Set,medium,1,0.9732598066329956
2c589e7647e0fb13ba906532f5660efb2e439e7a2eb58ef4f1b968db0cc2ef45,data/datasets/sid-set/candidate-1500/images/real/2c589e7647e0fb13ba906532f5660efb2e439e7a2eb58ef4f1b968db0cc2ef45.jpg,saberzl/SID_Set,low,0,0.48774540424346924
2ca52aab7a4718d9ff2b152c70d484861a13da051958e7d4f39b027b00352fd8,data/datasets/sid-set/candidate-1500/images/fake/2ca52aab7a4718d9ff2b152c70d484861a13da051958e7d4f39b027b00352fd8.png,saberzl/SID_Set,low,1,0.9873510003089905
2cc8811be7a4f5ac03f084dba2944a54924d1aa807ad1308375f88768cd78836,data/datasets/sid-set/candidate-1500/images/fake/2cc8811be7a4f5ac03f084dba2944a54924d1aa807ad1308375f88768cd78836.png,saberzl/SID_Set,medium,1,0.9757649302482605
2cedd046a1bf6aa83ead3528de882b12bfb8b3cdb79ff6f812e7621ae43e7619,data/datasets/sid-set/candidate-1500/images/real/2cedd046a1bf6aa83ead3528de882b12bfb8b3cdb79ff6f812e7621ae43e7619.jpg,saberzl/SID_Set,medium,0,0.04464516416192055
2cff00c7f79e9711c904a2810e7d2585f60fc08d107e2c7c944363dbf12eb878,data/datasets/sid-set/candidate-1500/images/real/2cff00c7f79e9711c904a2810e7d2585f60fc08d107e2c7c944363dbf12eb878.jpg,saberzl/SID_Set,medium,0,0.745479941368103
2d800df5b0525264f52afee0d9f9701da09977e0f7eed066e5d11cba87bbc468,data/datasets/sid-set/candidate-1500/images/real/2d800df5b0525264f52afee0d9f9701da09977e0f7eed066e5d11cba87bbc468.jpg,saberzl/SID_Set,medium,0,0.022715162485837936
2d9f2d4dcc033ab62e70056f6ef1bb8946ace73793c39a169372a6f18b68a8fd,data/datasets/sid-set/candidate-1500/images/fake/2d9f2d4dcc033ab62e70056f6ef1bb8946ace73793c39a169372a6f18b68a8fd.png,saberzl/SID_Set,low,1,0.9850986003875732
2e060d486cccb9f6226a5a7aaad48e2e502dd27699afac8c74a07a03feca643d,data/datasets/sid-set/candidate-1500/images/real/2e060d486cccb9f6226a5a7aaad48e2e502dd27699afac8c74a07a03feca643d.jpg,saberzl/SID_Set,low,0,0.36679399013519287
2e4a8c113c6474337f27b6c3dfb0800d5528fdcc2e4677aae8915313f84fba07,data/datasets/sid-set/candidate-1500/images/real/2e4a8c113c6474337f27b6c3dfb0800d5528fdcc2e4677aae8915313f84fba07.jpg,saberzl/SID_Set,medium,0,0.0064741396345198154
2e5ed0702d36f5e3126b4537917f0da662da540a6b6108a896572d2cfa8600c5,data/datasets/sid-set/candidate-1500/images/fake/2e5ed0702d36f5e3126b4537917f0da662da540a6b6108a896572d2cfa8600c5.png,saberzl/SID_Set,medium,1,0.924750030040741
2e7e1d81b0504ec3a473ff7741f8c9e7290fdabb7400f0e849deae0c53dbf4f8,data/datasets/sid-set/candidate-1500/images/fake/2e7e1d81b0504ec3a473ff7741f8c9e7290fdabb7400f0e849deae0c53dbf4f8.png,saberzl/SID_Set,low,1,0.9561946988105774
2e9ad884489c58699a677369db209666bad59fff1c92a84a500db311e12af6ea,data/datasets/sid-set/candidate-1500/images/real/2e9ad884489c58699a677369db209666bad59fff1c92a84a500db311e12af6ea.jpg,saberzl/SID_Set,medium,0,0.3578898310661316
2fd1734bc9d04986b87b8ca73600c9b6622b5a7f2449bd1204793e75b4de2a03,data/datasets/sid-set/candidate-1500/images/fake/2fd1734bc9d04986b87b8ca73600c9b6622b5a7f2449bd1204793e75b4de2a03.png,saberzl/SID_Set,low,1,0.9844129681587219
2fd7dfeae360c67b95d7a9982208c144694ed52458bf7b75efc49252daf31c80,data/datasets/sid-set/candidate-1500/images/fake/2fd7dfeae360c67b95d7a9982208c144694ed52458bf7b75efc49252daf31c80.png,saberzl/SID_Set,medium,1,0.967965841293335
30077fb1c987f946135c6065ceb145aabfe00b3e7be7a8d1d9350fe7360f6160,data/datasets/sid-set/candidate-1500/images/fake/30077fb1c987f946135c6065ceb145aabfe00b3e7be7a8d1d9350fe7360f6160.png,saberzl/SID_Set,low,1,0.9499216675758362
3043d6f4f21d52ab39952f9e5c5384481be9704fd689be3d9674c97bf9d38ec1,data/datasets/sid-set/candidate-1500/images/fake/3043d6f4f21d52ab39952f9e5c5384481be9704fd689be3d9674c97bf9d38ec1.png,saberzl/SID_Set,medium,1,0.9924830794334412
3045d43673a6b95835d6974a70e31012d125e97b49c4c43484732c70a645caff,data/datasets/sid-set/candidate-1500/images/fake/3045d43673a6b95835d6974a70e31012d125e97b49c4c43484732c70a645caff.png,saberzl/SID_Set,medium,1,0.868391752243042
30568b4bdba0c59f5ce767b4f0fde65d74b8ce92093bdd7619d19777e72c4500,data/datasets/sid-set/candidate-1500/images/fake/30568b4bdba0c59f5ce767b4f0fde65d74b8ce92093bdd7619d19777e72c4500.png,saberzl/SID_Set,medium,1,0.9863077998161316
308b91121223e9da49d54ec0e3648075e1eccefd0d66ebb3ee4c73bf9523b61a,data/datasets/sid-set/candidate-1500/images/fake/308b91121223e9da49d54ec0e3648075e1eccefd0d66ebb3ee4c73bf9523b61a.png,saberzl/SID_Set,low,1,0.9358980655670166
30ddb13258d843329e554405900e72eee4ecfe50c0e216920469eb8434768f2b,data/datasets/sid-set/candidate-1500/images/fake/30ddb13258d843329e554405900e72eee4ecfe50c0e216920469eb8434768f2b.png,saberzl/SID_Set,low,1,0.3731937110424042
312b5db959c1bcce5e6668324223f2e44e9dabb8ee0410c623c22c2749cab509,data/datasets/sid-set/candidate-1500/images/fake/312b5db959c1bcce5e6668324223f2e44e9dabb8ee0410c623c22c2749cab509.png,saberzl/SID_Set,low,1,0.9676840305328369
3142d5d4115363a28ebfc1be7d25c72c66c334f041a5f0dd1f27f628dc7fa049,data/datasets/sid-set/candidate-1500/images/real/3142d5d4115363a28ebfc1be7d25c72c66c334f041a5f0dd1f27f628dc7fa049.jpg,saberzl/SID_Set,low,0,0.28493329882621765
31615e31a6ee25d01f678556dd0d4b637b40db890e6e52ac307dc3469de7da21,data/datasets/sid-set/candidate-1500/images/fake/31615e31a6ee25d01f678556dd0d4b637b40db890e6e52ac307dc3469de7da21.png,saberzl/SID_Set,medium,1,0.9947522878646851
317960cdb93ed395e34cdaac6e99ced6e792b82eec15462e64fcef9ebc97756e,data/datasets/sid-set/candidate-1500/images/real/317960cdb93ed395e34cdaac6e99ced6e792b82eec15462e64fcef9ebc97756e.jpg,saberzl/SID_Set,medium,0,0.16111427545547485
31b3713409f03cafa12d0ae7de7778fc25b3816441998997c04a8a3758bbee35,data/datasets/sid-set/candidate-1500/images/real/31b3713409f03cafa12d0ae7de7778fc25b3816441998997c04a8a3758bbee35.jpg,saberzl/SID_Set,medium,0,0.004093768075108528
31d00f248bb633010c0776aff7fda1f4241876eb4b49026f1e9af674bf9cbc01,data/datasets/sid-set/candidate-1500/images/fake/31d00f248bb633010c0776aff7fda1f4241876eb4b49026f1e9af674bf9cbc01.png,saberzl/SID_Set,low,1,0.9253848195075989
323ada0deac835aa02eb5d023c1cb59fce4ba68cc6d85fb3193bfbf8ea74d924,data/datasets/sid-set/candidate-1500/images/fake/323ada0deac835aa02eb5d023c1cb59fce4ba68cc6d85fb3193bfbf8ea74d924.png,saberzl/SID_Set,medium,1,0.981010377407074
323bb2fadc70a402c9fd59d98726fa5612b37ae5ff9f63613af0d331e376e845,data/datasets/sid-set/candidate-1500/images/real/323bb2fadc70a402c9fd59d98726fa5612b37ae5ff9f63613af0d331e376e845.jpg,saberzl/SID_Set,medium,0,0.019719703122973442
32430a235982cadd1c83eb796692cda70d353915cba2d8f63bfc120bb9d383e2,data/datasets/sid-set/candidate-1500/images/fake/32430a235982cadd1c83eb796692cda70d353915cba2d8f63bfc120bb9d383e2.png,saberzl/SID_Set,low,1,0.8603707551956177
3295f87206de31aa4b97ad0feef9b9eccfccccec5209545c7efbb6fa5418d82a,data/datasets/sid-set/candidate-1500/images/fake/3295f87206de31aa4b97ad0feef9b9eccfccccec5209545c7efbb6fa5418d82a.png,saberzl/SID_Set,medium,1,0.9236053824424744
32d95aa856bc3e2d1bf3d82337a804b44c9f6cd077593ae4ef1443405fafcd61,data/datasets/sid-set/candidate-1500/images/fake/32d95aa856bc3e2d1bf3d82337a804b44c9f6cd077593ae4ef1443405fafcd61.png,saberzl/SID_Set,low,1,0.9393296241760254
3326ce9d8557a3531d3eeae239a4692bf8db0cbb5c34161ff6e94a3f57f98c11,data/datasets/sid-set/candidate-1500/images/real/3326ce9d8557a3531d3eeae239a4692bf8db0cbb5c34161ff6e94a3f57f98c11.jpg,saberzl/SID_Set,medium,0,0.5333387851715088
3357298b6233ebb421b74d603162697dfa22e0306554ccc22efa9b0e0e61b93d,data/datasets/sid-set/candidate-1500/images/fake/3357298b6233ebb421b74d603162697dfa22e0306554ccc22efa9b0e0e61b93d.png,saberzl/SID_Set,medium,1,0.7593372464179993
339d98665a13f6f63982fefeafb05c7820565e83483ebeaac66dbe6a887bf741,data/datasets/sid-set/candidate-1500/images/fake/339d98665a13f6f63982fefeafb05c7820565e83483ebeaac66dbe6a887bf741.png,saberzl/SID_Set,low,1,0.9950430393218994
33b7f53291d9de5c00736fe79747aa61d9c10a988ccc921822f1e36ec2566566,data/datasets/sid-set/candidate-1500/images/fake/33b7f53291d9de5c00736fe79747aa61d9c10a988ccc921822f1e36ec2566566.png,saberzl/SID_Set,low,1,0.9485907554626465
33dc8da314178f02cbcf28f3f93cb3e26c9314b04da89db249d5a9f5bd893d81,data/datasets/sid-set/candidate-1500/images/fake/33dc8da314178f02cbcf28f3f93cb3e26c9314b04da89db249d5a9f5bd893d81.png,saberzl/SID_Set,low,1,0.5404426455497742
33f1bce0cff1308a8dffcc09f9fbd9af0f012a7dbaaa1ca93e0314b6d57cfe2f,data/datasets/sid-set/candidate-1500/images/fake/33f1bce0cff1308a8dffcc09f9fbd9af0f012a7dbaaa1ca93e0314b6d57cfe2f.png,saberzl/SID_Set,low,1,0.9156688451766968
33f844c9ae07a4bfcf2657e1a3766a9158240ef96a2b6de73b9541427cc80b3e,data/datasets/sid-set/candidate-1500/images/fake/33f844c9ae07a4bfcf2657e1a3766a9158240ef96a2b6de73b9541427cc80b3e.png,saberzl/SID_Set,low,1,0.996355414390564
3405c99652e61027e967a9c1e4d45d4462b511860f0ace842f1ee4e2418b4f68,data/datasets/sid-set/candidate-1500/images/real/3405c99652e61027e967a9c1e4d45d4462b511860f0ace842f1ee4e2418b4f68.jpg,saberzl/SID_Set,low,0,0.0752071887254715
340dc663c9acd9d0107fab659067e9289d4ec8a60de1d82570424711d4c835b9,data/datasets/sid-set/candidate-1500/images/fake/340dc663c9acd9d0107fab659067e9289d4ec8a60de1d82570424711d4c835b9.png,saberzl/SID_Set,medium,1,0.9575964212417603
34a5359b509d9e1d80698e25688af0ba376489aae7488426fb89eef2e311fab8,data/datasets/sid-set/candidate-1500/images/fake/34a5359b509d9e1d80698e25688af0ba376489aae7488426fb89eef2e311fab8.png,saberzl/SID_Set,high,1,0.9173614382743835
34b45ef8ba1df2d07f8a6a517d2e9d169a6eaa0bf79a634f381162bf8c9f25c1,data/datasets/sid-set/candidate-1500/images/real/34b45ef8ba1df2d07f8a6a517d2e9d169a6eaa0bf79a634f381162bf8c9f25c1.jpg,saberzl/SID_Set,low,0,0.2970748841762543
34cddedfccad61fd9ba9b7b6ac4dac8d90f965a0035d2f31e01099418ecfd721,data/datasets/sid-set/candidate-1500/images/fake/34cddedfccad61fd9ba9b7b6ac4dac8d90f965a0035d2f31e01099418ecfd721.png,saberzl/SID_Set,medium,1,0.9966183304786682
34f29c4d2bc8fa7ac099cf1731789539b265cee378973f73f06968be4a856849,data/datasets/sid-set/candidate-1500/images/fake/34f29c4d2bc8fa7ac099cf1731789539b265cee378973f73f06968be4a856849.png,saberzl/SID_Set,medium,1,0.9421187043190002
3513cdf7a346cfa6d1f5a1d10fbea34e5159d6481fc7aea6853470fd80af63e9,data/datasets/sid-set/candidate-1500/images/real/3513cdf7a346cfa6d1f5a1d10fbea34e5159d6481fc7aea6853470fd80af63e9.jpg,saberzl/SID_Set,low,0,0.05872412025928497
3517163d14c3c662ab2da3b198a5098e4c2ecdfcee95c7ec41de64e6e3d56828,data/datasets/sid-set/candidate-1500/images/fake/3517163d14c3c662ab2da3b198a5098e4c2ecdfcee95c7ec41de64e6e3d56828.png,saberzl/SID_Set,medium,1,0.9878514409065247
3545ed27cb87eedeb0c43dc62b3aed8e3cc4a96b9d49de3f19b792c15a37e715,data/datasets/sid-set/candidate-1500/images/real/3545ed27cb87eedeb0c43dc62b3aed8e3cc4a96b9d49de3f19b792c15a37e715.jpg,saberzl/SID_Set,medium,0,0.2853570878505707
355bccd9c4f2cf6796736e5aa0a7e97d72f5c45d472ce9b536d607d03dad5130,data/datasets/sid-set/candidate-1500/images/fake/355bccd9c4f2cf6796736e5aa0a7e97d72f5c45d472ce9b536d607d03dad5130.png,saberzl/SID_Set,medium,1,0.979629635810852
3571b3f6be5181c48982d0de0b71c4137822337a75b9f5f2e9f832705c4ca011,data/datasets/sid-set/candidate-1500/images/fake/3571b3f6be5181c48982d0de0b71c4137822337a75b9f5f2e9f832705c4ca011.png,saberzl/SID_Set,low,1,0.8643997311592102
35af12cdc0bd48b7628ec4ee4b4abec71d180e5c135de340e60c5aa8d0f843c4,data/datasets/sid-set/candidate-1500/images/real/35af12cdc0bd48b7628ec4ee4b4abec71d180e5c135de340e60c5aa8d0f843c4.jpg,saberzl/SID_Set,medium,0,0.6503910422325134
35bcb38d922e561044f97ddb10f228cfb7990f9fff03e8ea0e5c79d35bf2ea2d,data/datasets/sid-set/candidate-1500/images/real/35bcb38d922e561044f97ddb10f228cfb7990f9fff03e8ea0e5c79d35bf2ea2d.jpg,saberzl/SID_Set,medium,0,0.06591790169477463
35c0c4b2a38ed247e44d7ce9281a1baff42728935be482557e37104936a61bc1,data/datasets/sid-set/candidate-1500/images/real/35c0c4b2a38ed247e44d7ce9281a1baff42728935be482557e37104936a61bc1.jpg,saberzl/SID_Set,medium,0,0.00671848189085722
35ceca919ec4d7fa8e784a3a15e7377cf5d72285bc43bb99f1c654c50c9ab81e,data/datasets/sid-set/candidate-1500/images/fake/35ceca919ec4d7fa8e784a3a15e7377cf5d72285bc43bb99f1c654c50c9ab81e.png,saberzl/SID_Set,low,1,0.6905462741851807
35db278b5f4eeeedf76a3eade9a7d0229ca1222d6befbec7137fe2a736c009a3,data/datasets/sid-set/candidate-1500/images/real/35db278b5f4eeeedf76a3eade9a7d0229ca1222d6befbec7137fe2a736c009a3.jpg,saberzl/SID_Set,low,0,0.8062602281570435
361350589fde7568380b771f59f666271b792936b71255f0e47bd845021fa43e,data/datasets/sid-set/candidate-1500/images/real/361350589fde7568380b771f59f666271b792936b71255f0e47bd845021fa43e.jpg,saberzl/SID_Set,low,0,0.36132684350013733
36160460a3c5425e1fd8bf8266c88c8cb7e19080529f688cee3c2b813834c2e7,data/datasets/sid-set/candidate-1500/images/fake/36160460a3c5425e1fd8bf8266c88c8cb7e19080529f688cee3c2b813834c2e7.png,saberzl/SID_Set,medium,1,0.9865078926086426
361af28c057bf179e8ccf74eb3f888ab7554159ce8705e948cc6e22180a6688c,data/datasets/sid-set/candidate-1500/images/fake/361af28c057bf179e8ccf74eb3f888ab7554159ce8705e948cc6e22180a6688c.png,saberzl/SID_Set,low,1,0.9439526796340942
36903ecde68c12ad2e4d0d4311ab0c30e3971a16b1c59c8878bab85fbb1ad253,data/datasets/sid-set/candidate-1500/images/real/36903ecde68c12ad2e4d0d4311ab0c30e3971a16b1c59c8878bab85fbb1ad253.jpg,saberzl/SID_Set,low,0,0.8140267729759216
36ad9c6dddf721a9ce52ca7d07054d031ee8e6d68a0465fab09dc84efe48060b,data/datasets/sid-set/candidate-1500/images/fake/36ad9c6dddf721a9ce52ca7d07054d031ee8e6d68a0465fab09dc84efe48060b.png,saberzl/SID_Set,low,1,0.9859273433685303
36c04a2607bcc2f2ea3526452275102e7d6ad80961b10e823d19265e5e730bbd,data/datasets/sid-set/candidate-1500/images/fake/36c04a2607bcc2f2ea3526452275102e7d6ad80961b10e823d19265e5e730bbd.png,saberzl/SID_Set,low,1,0.9531294107437134
36fcab72dabecc23cbe9fbf3990d637b304e07f112510fad98811d86e362038b,data/datasets/sid-set/candidate-1500/images/real/36fcab72dabecc23cbe9fbf3990d637b304e07f112510fad98811d86e362038b.jpg,saberzl/SID_Set,low,0,0.17267966270446777
3707eb2fe7ccf1868df8252ea22c35856cdbdc7b0a4c68c7a4000fbce73434e4,data/datasets/sid-set/candidate-1500/images/real/3707eb2fe7ccf1868df8252ea22c35856cdbdc7b0a4c68c7a4000fbce73434e4.jpg,saberzl/SID_Set,low,0,0.106451116502285
3714cb6f6c940b672f66b77efe3650e3be661817b3ae22b80a2925c6f4d26524,data/datasets/sid-set/candidate-1500/images/fake/3714cb6f6c940b672f66b77efe3650e3be661817b3ae22b80a2925c6f4d26524.png,saberzl/SID_Set,low,1,0.9031856656074524
376f971ef3139a5a57b5a3d0610604e9763fcd477dedf935e319a18125b86d72,data/datasets/sid-set/candidate-1500/images/fake/376f971ef3139a5a57b5a3d0610604e9763fcd477dedf935e319a18125b86d72.png,saberzl/SID_Set,medium,1,0.986854076385498
37a97dbde990ab7d8a069d5d5948a739442a5f6a8a4b7a3469e07b44169777a7,data/datasets/sid-set/candidate-1500/images/real/37a97dbde990ab7d8a069d5d5948a739442a5f6a8a4b7a3469e07b44169777a7.jpg,saberzl/SID_Set,medium,0,0.014415040612220764
37c78cc34c6a7a4679ecf442f48b8b032419528d211e1228e6a6e33709fe9e11,data/datasets/sid-set/candidate-1500/images/real/37c78cc34c6a7a4679ecf442f48b8b032419528d211e1228e6a6e33709fe9e11.jpg,saberzl/SID_Set,low,0,0.010436681099236012
37caed36371bdc48c09399735739eaeb37eef0f98e5c2551352bc03472caaa00,data/datasets/sid-set/candidate-1500/images/fake/37caed36371bdc48c09399735739eaeb37eef0f98e5c2551352bc03472caaa00.png,saberzl/SID_Set,medium,1,0.9501808285713196
384017e7c90e09a745bd2b5fc0bae6561d7a2fc27e0d26ece34e9aa3a7ccb6bf,data/datasets/sid-set/candidate-1500/images/real/384017e7c90e09a745bd2b5fc0bae6561d7a2fc27e0d26ece34e9aa3a7ccb6bf.jpg,saberzl/SID_Set,medium,0,0.2580272853374481
3889ae8cb8aa66f857a5e230e0931c0f3147f33726c8b8e2b9e08144a1c448ec,data/datasets/sid-set/candidate-1500/images/fake/3889ae8cb8aa66f857a5e230e0931c0f3147f33726c8b8e2b9e08144a1c448ec.png,saberzl/SID_Set,medium,1,0.9912987351417542
389c2b70b36389ee81aca3334a24dbd4ccb1687fe3807ca48b5120e90f473647,data/datasets/sid-set/candidate-1500/images/real/389c2b70b36389ee81aca3334a24dbd4ccb1687fe3807ca48b5120e90f473647.jpg,saberzl/SID_Set,medium,0,0.12706363201141357
38a427dfc6245f36f023f810f00f3aba639f0b6b5002bbf700a76ad0b32e5b59,data/datasets/sid-set/candidate-1500/images/real/38a427dfc6245f36f023f810f00f3aba639f0b6b5002bbf700a76ad0b32e5b59.jpg,saberzl/SID_Set,low,0,0.4600123167037964
38dbc5bdc9025eceda56fa92e855b858e1988d67c194be856bafe68f939d1229,data/datasets/sid-set/candidate-1500/images/real/38dbc5bdc9025eceda56fa92e855b858e1988d67c194be856bafe68f939d1229.jpg,saberzl/SID_Set,low,0,0.765057384967804
3930bb388e7b4e06f4d1b9cec5ad09b0d385cb7f974961697c39bcf74eaa1c54,data/datasets/sid-set/candidate-1500/images/fake/3930bb388e7b4e06f4d1b9cec5ad09b0d385cb7f974961697c39bcf74eaa1c54.png,saberzl/SID_Set,low,1,0.997316300868988
393251b6a2969798e5eef41307f24380cb6393909a2fe4c724f29c56ecb0bf8e,data/datasets/sid-set/candidate-1500/images/fake/393251b6a2969798e5eef41307f24380cb6393909a2fe4c724f29c56ecb0bf8e.png,saberzl/SID_Set,low,1,0.8043422698974609
3932c4be79a2a6bb5517c79000767e27fdd9b5d16dcad2b686e0da7434a496a4,data/datasets/sid-set/candidate-1500/images/real/3932c4be79a2a6bb5517c79000767e27fdd9b5d16dcad2b686e0da7434a496a4.jpg,saberzl/SID_Set,low,0,0.36974862217903137
399f1ae199f8649c53b248e3938e93a542bfe3e8e347236d541e7aba606d89fd,data/datasets/sid-set/candidate-1500/images/fake/399f1ae199f8649c53b248e3938e93a542bfe3e8e347236d541e7aba606d89fd.png,saberzl/SID_Set,low,1,0.13319140672683716
39a5ed9742cb015033ebb852d73df8c349653ed2ab6ee0c5d5c608da55627ed9,data/datasets/sid-set/candidate-1500/images/real/39a5ed9742cb015033ebb852d73df8c349653ed2ab6ee0c5d5c608da55627ed9.jpg,saberzl/SID_Set,medium,0,0.5536808967590332
3a60e0997db63ebdda3decb6329a01ccbe79d8deda3cb886993d7f513fc3808f,data/datasets/sid-set/candidate-1500/images/real/3a60e0997db63ebdda3decb6329a01ccbe79d8deda3cb886993d7f513fc3808f.jpg,saberzl/SID_Set,medium,0,0.0019327665213495493
3a61cff91c68e6459f67496b39bbe1f72a9b5fa24ea898e5aef54dfcdd329934,data/datasets/sid-set/candidate-1500/images/fake/3a61cff91c68e6459f67496b39bbe1f72a9b5fa24ea898e5aef54dfcdd329934.png,saberzl/SID_Set,low,1,0.9887964725494385
3a706702e73297c6fdeeaa0dd0d1c4ff3f18a7c1042a3d9a074eac6a9beaf1f9,data/datasets/sid-set/candidate-1500/images/fake/3a706702e73297c6fdeeaa0dd0d1c4ff3f18a7c1042a3d9a074eac6a9beaf1f9.png,saberzl/SID_Set,medium,1,0.9957435727119446
3a709eabd6e4997cbc06eb796c6aabebbb5ccefdf47ef02d4dbb5ebb3945d816,data/datasets/sid-set/candidate-1500/images/fake/3a709eabd6e4997cbc06eb796c6aabebbb5ccefdf47ef02d4dbb5ebb3945d816.png,saberzl/SID_Set,low,1,0.9396224617958069
3a8328d25bb7c33618c01b92b5246c0adeffcc11a4d0b63a200c8544d892a85f,data/datasets/sid-set/candidate-1500/images/real/3a8328d25bb7c33618c01b92b5246c0adeffcc11a4d0b63a200c8544d892a85f.jpg,saberzl/SID_Set,medium,0,0.7076857089996338
3a85c40850ef850bf45da422482fc1b1c0bd4e20b64495e25a799043127e82d8,data/datasets/sid-set/candidate-1500/images/fake/3a85c40850ef850bf45da422482fc1b1c0bd4e20b64495e25a799043127e82d8.png,saberzl/SID_Set,medium,1,0.9637399315834045
3ab106a4613d13eb76b2e5738a2be03271f19b546e4710f7a748aa1e0c82da2b,data/datasets/sid-set/candidate-1500/images/fake/3ab106a4613d13eb76b2e5738a2be03271f19b546e4710f7a748aa1e0c82da2b.png,saberzl/SID_Set,medium,1,0.9986497759819031
3ab58063bd82668979a3cbdd0de0e27ec5bf9387fc63d16b1df27aff72c44137,data/datasets/sid-set/candidate-1500/images/fake/3ab58063bd82668979a3cbdd0de0e27ec5bf9387fc63d16b1df27aff72c44137.png,saberzl/SID_Set,medium,1,0.940048336982727
3ae707a5631cd7064a1dd52cae70a13ce79106164cf45fc80bf159328915fadc,data/datasets/sid-set/candidate-1500/images/fake/3ae707a5631cd7064a1dd52cae70a13ce79106164cf45fc80bf159328915fadc.png,saberzl/SID_Set,medium,1,0.998241662979126
3ae81164b8904b1b4023f5db79ba10a788031fd879152ed4468e87171fdd8116,data/datasets/sid-set/candidate-1500/images/fake/3ae81164b8904b1b4023f5db79ba10a788031fd879152ed4468e87171fdd8116.png,saberzl/SID_Set,low,1,0.9581269025802612
3b05d39f30751369e8d27bb14a0b790ba4c6f2f86fa90ab9707ea91bcb096ca4,data/datasets/sid-set/candidate-1500/images/real/3b05d39f30751369e8d27bb14a0b790ba4c6f2f86fa90ab9707ea91bcb096ca4.jpg,saberzl/SID_Set,low,0,0.5072124600410461
3b28a7de3f4ddc101d925414d510391fb0b95f4a69baeb16b5a65a0f582a4beb,data/datasets/sid-set/candidate-1500/images/fake/3b28a7de3f4ddc101d925414d510391fb0b95f4a69baeb16b5a65a0f582a4beb.png,saberzl/SID_Set,medium,1,0.9906732439994812
3b39d9bed2394b3d40e7a20c6011f03a0e45658a8f6c97bd41a77af002735230,data/datasets/sid-set/candidate-1500/images/fake/3b39d9bed2394b3d40e7a20c6011f03a0e45658a8f6c97bd41a77af002735230.png,saberzl/SID_Set,medium,1,0.24427254498004913
3b543cae8c95409432f44117c1dcc43eecb36f63bcf0330b84b76682264f1def,data/datasets/sid-set/candidate-1500/images/real/3b543cae8c95409432f44117c1dcc43eecb36f63bcf0330b84b76682264f1def.jpg,saberzl/SID_Set,high,0,0.726072371006012
3b8158e65aa15623e3d19186ff59e7be26a80fe6b28ec5a71be85e23498bb3f1,data/datasets/sid-set/candidate-1500/images/real/3b8158e65aa15623e3d19186ff59e7be26a80fe6b28ec5a71be85e23498bb3f1.jpg,saberzl/SID_Set,medium,0,0.06391531229019165
3c25f6a9c6e51c9d4d66adbf3e8f1cc92e62852cd5b0a9ba22d2981554944d85,data/datasets/sid-set/candidate-1500/images/fake/3c25f6a9c6e51c9d4d66adbf3e8f1cc92e62852cd5b0a9ba22d2981554944d85.png,saberzl/SID_Set,low,1,0.8784515857696533
3c7d3dfec87b51c6a55ecb35fc2c02c85c09568a46584fc001cdf0463ed96748,data/datasets/sid-set/candidate-1500/images/real/3c7d3dfec87b51c6a55ecb35fc2c02c85c09568a46584fc001cdf0463ed96748.jpg,saberzl/SID_Set,medium,0,0.0027347682043910027
3c8fce2c6181b58ca591f2138609c070d7e3b1b9683a327a8927aab9ab6f9e91,data/datasets/sid-set/candidate-1500/images/fake/3c8fce2c6181b58ca591f2138609c070d7e3b1b9683a327a8927aab9ab6f9e91.png,saberzl/SID_Set,medium,1,0.9952996969223022
3c9a6f54794fded613d09729c344de257a382a04e5ea7565fdcec52ab85bea31,data/datasets/sid-set/candidate-1500/images/real/3c9a6f54794fded613d09729c344de257a382a04e5ea7565fdcec52ab85bea31.jpg,saberzl/SID_Set,low,0,0.32192739844322205
3d5fb0459f6bb6fc3d149b07ea1edc602a7fd9aa74ab0000cf0e828f3bff7997,data/datasets/sid-set/candidate-1500/images/real/3d5fb0459f6bb6fc3d149b07ea1edc602a7fd9aa74ab0000cf0e828f3bff7997.jpg,saberzl/SID_Set,high,0,0.02628495544195175
3d9934197fd1eea69d880cb2648008ac5895fe853d15d0d37839b51efea63ff6,data/datasets/sid-set/candidate-1500/images/fake/3d9934197fd1eea69d880cb2648008ac5895fe853d15d0d37839b51efea63ff6.png,saberzl/SID_Set,medium,1,0.9711872935295105
3dba674c8565bd206c954d4a98d36b55263848ddf14ca6d760c5fa171a16e295,data/datasets/sid-set/candidate-1500/images/real/3dba674c8565bd206c954d4a98d36b55263848ddf14ca6d760c5fa171a16e295.jpg,saberzl/SID_Set,medium,0,0.08489035815000534
3dd87daa696501c1548a28ff90d620d81226e1ecca146d7fc9e4d41a47adacc0,data/datasets/sid-set/candidate-1500/images/fake/3dd87daa696501c1548a28ff90d620d81226e1ecca146d7fc9e4d41a47adacc0.png,saberzl/SID_Set,medium,1,0.9877598881721497
3dd99cf4f20c4f81a559eabc00030602a0476b96cfb6bfbc17d4433b6d780253,data/datasets/sid-set/candidate-1500/images/real/3dd99cf4f20c4f81a559eabc00030602a0476b96cfb6bfbc17d4433b6d780253.jpg,saberzl/SID_Set,low,0,0.0017717833397909999
3ddf923c917028c2052a20b706be97b4862b0098458e0915590d40c965645ca5,data/datasets/sid-set/candidate-1500/images/real/3ddf923c917028c2052a20b706be97b4862b0098458e0915590d40c965645ca5.jpg,saberzl/SID_Set,medium,0,0.09455209225416183
3e1e0fc8e6ccd5e18d9768cdd128936d829f24f44bcb07eefe2a39bf3ebe3d7f,data/datasets/sid-set/candidate-1500/images/fake/3e1e0fc8e6ccd5e18d9768cdd128936d829f24f44bcb07eefe2a39bf3ebe3d7f.png,saberzl/SID_Set,low,1,0.9793469309806824
3e5fa0214545b084f1e2636c475562b72e5f642a9ade41be20a9b5f3ff7a37b8,data/datasets/sid-set/candidate-1500/images/fake/3e5fa0214545b084f1e2636c475562b72e5f642a9ade41be20a9b5f3ff7a37b8.png,saberzl/SID_Set,medium,1,0.9846906065940857
3e85ab191a4f8b5da9d37cc337cac834669d58bf99e0f151967db1f8e3ca583a,data/datasets/sid-set/candidate-1500/images/real/3e85ab191a4f8b5da9d37cc337cac834669d58bf99e0f151967db1f8e3ca583a.jpg,saberzl/SID_Set,low,0,0.9340444207191467
3eac3ea8c87dc52205827b5d7253e4458acc7e4a7bf043c19b88fff0b5cb222e,data/datasets/sid-set/candidate-1500/images/real/3eac3ea8c87dc52205827b5d7253e4458acc7e4a7bf043c19b88fff0b5cb222e.jpg,saberzl/SID_Set,low,0,0.9211893081665039
3f28ac1b52c26e58ca9501bde36234920c8114fe22466375699c39046d55a233,data/datasets/sid-set/candidate-1500/images/fake/3f28ac1b52c26e58ca9501bde36234920c8114fe22466375699c39046d55a233.png,saberzl/SID_Set,medium,1,0.9971283078193665
3f4e9306a74e2ef9916b23060a3877f84708d3dab0f3dfa02d270e161834a0ba,data/datasets/sid-set/candidate-1500/images/real/3f4e9306a74e2ef9916b23060a3877f84708d3dab0f3dfa02d270e161834a0ba.jpg,saberzl/SID_Set,medium,0,0.042015302926301956
3fb4f3ac5b257b23040b2c8e2fafc7419e5688788048b20ccb7808698e71fef5,data/datasets/sid-set/candidate-1500/images/real/3fb4f3ac5b257b23040b2c8e2fafc7419e5688788048b20ccb7808698e71fef5.jpg,saberzl/SID_Set,medium,0,0.11555378139019012
3fb83946ea481134318f53fa92c46613fd6476e37d8d619376685c8b83ba4ff2,data/datasets/sid-set/candidate-1500/images/fake/3fb83946ea481134318f53fa92c46613fd6476e37d8d619376685c8b83ba4ff2.png,saberzl/SID_Set,low,1,0.9897192716598511
3fc7182c486cfaa460311c36560ae046cbc0395da2160327f5ef5935568f399f,data/datasets/sid-set/candidate-1500/images/fake/3fc7182c486cfaa460311c36560ae046cbc0395da2160327f5ef5935568f399f.png,saberzl/SID_Set,medium,1,0.5833643078804016
3fd0c58671c7f76c4ea3eac539ed3371dc3554a72d30c5f6b9e5ea5992fa1438,data/datasets/sid-set/candidate-1500/images/fake/3fd0c58671c7f76c4ea3eac539ed3371dc3554a72d30c5f6b9e5ea5992fa1438.png,saberzl/SID_Set,low,1,0.9946807026863098
3fdd46e137354cb31443fffe5e29fa5cea9a5700c4bad7470d5c9ccb3574ce39,data/datasets/sid-set/candidate-1500/images/real/3fdd46e137354cb31443fffe5e29fa5cea9a5700c4bad7470d5c9ccb3574ce39.jpg,saberzl/SID_Set,medium,0,0.00027688767295330763
3fdfdc7ec0146aedde1b9e79d33de83bc52dcc9821538b7b0e0206b2e9ec755a,data/datasets/sid-set/candidate-1500/images/real/3fdfdc7ec0146aedde1b9e79d33de83bc52dcc9821538b7b0e0206b2e9ec755a.jpg,saberzl/SID_Set,low,0,0.08242638409137726
40a815f9343995feb724b4a5b44c00e04dd3a7e4519d6fc27fb883d27ce76299,data/datasets/sid-set/candidate-1500/images/fake/40a815f9343995feb724b4a5b44c00e04dd3a7e4519d6fc27fb883d27ce76299.png,saberzl/SID_Set,medium,1,0.7723807692527771
40d69f920e8fba6e4d332c30c9953e2216950382471f3592f4111bffb8ed60a1,data/datasets/sid-set/candidate-1500/images/real/40d69f920e8fba6e4d332c30c9953e2216950382471f3592f4111bffb8ed60a1.jpg,saberzl/SID_Set,low,0,0.4412476718425751
40d750b7e16b3608e7e277ffb400c5388bc8775e7489dc817d756f5c4e3cc21f,data/datasets/sid-set/candidate-1500/images/fake/40d750b7e16b3608e7e277ffb400c5388bc8775e7489dc817d756f5c4e3cc21f.png,saberzl/SID_Set,medium,1,0.9720242023468018
40e6a57b5a1466bebd89380ee295fe8ea7ab00930de94f983ed00106501f9dbc,data/datasets/sid-set/candidate-1500/images/fake/40e6a57b5a1466bebd89380ee295fe8ea7ab00930de94f983ed00106501f9dbc.png,saberzl/SID_Set,medium,1,0.9954366087913513
40f15738fe7aeca4b0017f0a56e9410268a6868dcfe90ab9e548e1b0cab91513,data/datasets/sid-set/candidate-1500/images/fake/40f15738fe7aeca4b0017f0a56e9410268a6868dcfe90ab9e548e1b0cab91513.png,saberzl/SID_Set,medium,1,0.970748782157898
410a01960cbeedd82eae13942a50ea90a27f28305ab5760b8b396e621e053cb6,data/datasets/sid-set/candidate-1500/images/fake/410a01960cbeedd82eae13942a50ea90a27f28305ab5760b8b396e621e053cb6.png,saberzl/SID_Set,medium,1,0.9933213591575623
41153daf55f37ed9667e2c31d9e66c719e1e857fd92021854bea63761b79b402,data/datasets/sid-set/candidate-1500/images/real/41153daf55f37ed9667e2c31d9e66c719e1e857fd92021854bea63761b79b402.jpg,saberzl/SID_Set,medium,0,0.024986371397972107
4131869931744a8e0addcfcf67e22b5c7272abbd8de5d984877eea5aec4e4ee8,data/datasets/sid-set/candidate-1500/images/fake/4131869931744a8e0addcfcf67e22b5c7272abbd8de5d984877eea5aec4e4ee8.png,saberzl/SID_Set,medium,1,0.9800161719322205
413cf10b1dd0cf15bf18752eee6949c7baa0e35b1e1ef040e82e86582c795967,data/datasets/sid-set/candidate-1500/images/fake/413cf10b1dd0cf15bf18752eee6949c7baa0e35b1e1ef040e82e86582c795967.png,saberzl/SID_Set,medium,1,0.955203115940094
4146a09c6775e77558b499134b0d44f1b8237e92932d90b253f384973c138b7d,data/datasets/sid-set/candidate-1500/images/fake/4146a09c6775e77558b499134b0d44f1b8237e92932d90b253f384973c138b7d.png,saberzl/SID_Set,medium,1,0.8527605533599854
4165cf9084a716e0652d1a095af09267027d4ec1108d8ace7889e6fd6e49a35d,data/datasets/sid-set/candidate-1500/images/fake/4165cf9084a716e0652d1a095af09267027d4ec1108d8ace7889e6fd6e49a35d.png,saberzl/SID_Set,medium,1,0.29960495233535767
4167a551fc197015b25d188aad40adca4f759a2425255ea8818cfc729c7b705a,data/datasets/sid-set/candidate-1500/images/real/4167a551fc197015b25d188aad40adca4f759a2425255ea8818cfc729c7b705a.jpg,saberzl/SID_Set,medium,0,0.9340639710426331
418f40a4438ca9b9627656071a7896af6ee3de4ac19548239ad0946c3ceecb1c,data/datasets/sid-set/candidate-1500/images/fake/418f40a4438ca9b9627656071a7896af6ee3de4ac19548239ad0946c3ceecb1c.png,saberzl/SID_Set,medium,1,0.9665626883506775
41b29a54c4f188e5ccc4d22f1407aa0adb017057c86ba17b1ff05001ca3094e2,data/datasets/sid-set/candidate-1500/images/real/41b29a54c4f188e5ccc4d22f1407aa0adb017057c86ba17b1ff05001ca3094e2.jpg,saberzl/SID_Set,low,0,0.9435960054397583
41d8978c1466df92cf50585a2bf5c299a2bfc4190aa46e120061db394d402f98,data/datasets/sid-set/candidate-1500/images/real/41d8978c1466df92cf50585a2bf5c299a2bfc4190aa46e120061db394d402f98.jpg,saberzl/SID_Set,medium,0,0.502393901348114
41e3ecf25835bb9d18060df8a1493b59d9f334f021ffccd30c53f6eb3d1ad80b,data/datasets/sid-set/candidate-1500/images/fake/41e3ecf25835bb9d18060df8a1493b59d9f334f021ffccd30c53f6eb3d1ad80b.png,saberzl/SID_Set,medium,1,0.9475840330123901
41e4aa56cf9bf6802221f01d05c1e5774fe6d368c9c28042bdd34bf0c6c9269c,data/datasets/sid-set/candidate-1500/images/fake/41e4aa56cf9bf6802221f01d05c1e5774fe6d368c9c28042bdd34bf0c6c9269c.png,saberzl/SID_Set,low,1,0.974499523639679
4206b2b1ad9357771272805d0e209e1a975111bdd53bebf07139c9adde2f9bdf,data/datasets/sid-set/candidate-1500/images/fake/4206b2b1ad9357771272805d0e209e1a975111bdd53bebf07139c9adde2f9bdf.png,saberzl/SID_Set,medium,1,0.978383481502533
4235575d1e77a4ae1bf21e25d9089b945e82798977c0121392c01364145bfa26,data/datasets/sid-set/candidate-1500/images/real/4235575d1e77a4ae1bf21e25d9089b945e82798977c0121392c01364145bfa26.jpg,saberzl/SID_Set,medium,0,0.11039205640554428
424b3c596299ad1dcba9dfef0a254d2055a6bd866d1fb1ea0a7000785dd9aa4d,data/datasets/sid-set/candidate-1500/images/real/424b3c596299ad1dcba9dfef0a254d2055a6bd866d1fb1ea0a7000785dd9aa4d.jpg,saberzl/SID_Set,medium,0,0.01354430615901947
4257444908968970fb39a3a578dd765c04ace26efa6da8eb552ba537c21fbec1,data/datasets/sid-set/candidate-1500/images/fake/4257444908968970fb39a3a578dd765c04ace26efa6da8eb552ba537c21fbec1.png,saberzl/SID_Set,low,1,0.8874768018722534
426c2e9862876b98d255de55fad0fec2f7901a507c2e29de92f1e094faef06d1,data/datasets/sid-set/candidate-1500/images/fake/426c2e9862876b98d255de55fad0fec2f7901a507c2e29de92f1e094faef06d1.png,saberzl/SID_Set,medium,1,0.8317475914955139
4273c48a13b70f0adc5d682c7c5eb9c53f1a8070bf9811fd5a035fa95c4b162a,data/datasets/sid-set/candidate-1500/images/fake/4273c48a13b70f0adc5d682c7c5eb9c53f1a8070bf9811fd5a035fa95c4b162a.png,saberzl/SID_Set,medium,1,0.9922383427619934
428a9d7a92546bc0dd2c38029cf5d4cc9bc54cd5bab03b1815ba7a6c59215a8b,data/datasets/sid-set/candidate-1500/images/real/428a9d7a92546bc0dd2c38029cf5d4cc9bc54cd5bab03b1815ba7a6c59215a8b.jpg,saberzl/SID_Set,medium,0,0.0024817632511258125
429b40a5698280ddfa0b3a2ef576fed922c3626c4cc8c20473988018a02a9de5,data/datasets/sid-set/candidate-1500/images/real/429b40a5698280ddfa0b3a2ef576fed922c3626c4cc8c20473988018a02a9de5.jpg,saberzl/SID_Set,medium,0,0.9854000210762024
4340d33bb8d6b2b0963b7f08e839eb3f58da16889a462229bd4c4037e32da9e9,data/datasets/sid-set/candidate-1500/images/real/4340d33bb8d6b2b0963b7f08e839eb3f58da16889a462229bd4c4037e32da9e9.jpg,saberzl/SID_Set,low,0,0.8431904911994934
437f3e2df480b720f1e38fb4d9c459842439e9861ad57ab44d652b7c1778cf13,data/datasets/sid-set/candidate-1500/images/fake/437f3e2df480b720f1e38fb4d9c459842439e9861ad57ab44d652b7c1778cf13.png,saberzl/SID_Set,low,1,0.8701074123382568
4397b113401b6da75d4890c85e36d0b53ec19ebfe9a62e8eb2f0ca8bf4e4b0b9,data/datasets/sid-set/candidate-1500/images/real/4397b113401b6da75d4890c85e36d0b53ec19ebfe9a62e8eb2f0ca8bf4e4b0b9.jpg,saberzl/SID_Set,medium,0,0.7792931795120239
439a17e889ce2ee9a6f38f52fb9f839457fe275c681246be2f3dc6f90e019c4c,data/datasets/sid-set/candidate-1500/images/fake/439a17e889ce2ee9a6f38f52fb9f839457fe275c681246be2f3dc6f90e019c4c.png,saberzl/SID_Set,medium,1,0.9944878220558167
43b4ce98a44fc0e2ec7d31e84601894c0d8e9e4b52955fa6682fb8cd96cde7cd,data/datasets/sid-set/candidate-1500/images/real/43b4ce98a44fc0e2ec7d31e84601894c0d8e9e4b52955fa6682fb8cd96cde7cd.jpg,saberzl/SID_Set,low,0,0.42934510111808777
43cfed9e3d2ab40c29cf04319bdcb54e80016a2086dca9b0eafc15f42680079a,data/datasets/sid-set/candidate-1500/images/real/43cfed9e3d2ab40c29cf04319bdcb54e80016a2086dca9b0eafc15f42680079a.jpg,saberzl/SID_Set,medium,0,0.9739406108856201
43d8cce2be906df1dfcf3628ca5d1e0aea40857f064e9a8166779c47d8b0b873,data/datasets/sid-set/candidate-1500/images/real/43d8cce2be906df1dfcf3628ca5d1e0aea40857f064e9a8166779c47d8b0b873.jpg,saberzl/SID_Set,medium,0,0.18395677208900452
43f49a3088e40a9c8f9506723ae5b0a76c68bb49a9cd41395f0a2b81c5a38d1e,data/datasets/sid-set/candidate-1500/images/real/43f49a3088e40a9c8f9506723ae5b0a76c68bb49a9cd41395f0a2b81c5a38d1e.jpg,saberzl/SID_Set,low,0,3.461685264483094e-05
4418e5afbbabbf76b28362d46143389848e8c40e3b8b6c21b4371bd24a731c13,data/datasets/sid-set/candidate-1500/images/real/4418e5afbbabbf76b28362d46143389848e8c40e3b8b6c21b4371bd24a731c13.jpg,saberzl/SID_Set,medium,0,0.5385913252830505
44f6f72ab117ac83f9d77d8719766b089f315fa364739215aa85d0f3a2cb19a4,data/datasets/sid-set/candidate-1500/images/fake/44f6f72ab117ac83f9d77d8719766b089f315fa364739215aa85d0f3a2cb19a4.png,saberzl/SID_Set,medium,1,0.9237222671508789
45535c786a78f574847dac231933b5f80f3007442ccc54f139e36688fecd0e06,data/datasets/sid-set/candidate-1500/images/fake/45535c786a78f574847dac231933b5f80f3007442ccc54f139e36688fecd0e06.png,saberzl/SID_Set,low,1,0.9942796230316162
455dbfd101ed8f7578e1e6d4a25e4006c24979c2d8c8b929cde7835ee16a0cf9,data/datasets/sid-set/candidate-1500/images/fake/455dbfd101ed8f7578e1e6d4a25e4006c24979c2d8c8b929cde7835ee16a0cf9.png,saberzl/SID_Set,medium,1,0.9946459531784058
45b2c96cfa998963bdf090de4f67feff094da87786a13be5b17a66030e1fe12b,data/datasets/sid-set/candidate-1500/images/real/45b2c96cfa998963bdf090de4f67feff094da87786a13be5b17a66030e1fe12b.jpg,saberzl/SID_Set,medium,0,0.9179606437683105
45e218f8835b3588db67a9ff9077c0cd6395ce31ba257096e0519a1a59fe6c06,data/datasets/sid-set/candidate-1500/images/fake/45e218f8835b3588db67a9ff9077c0cd6395ce31ba257096e0519a1a59fe6c06.png,saberzl/SID_Set,low,1,0.9935122132301331
4609c56e827d93101d3c599f87c387ca195f712eab07c56f15978cda9aa2333f,data/datasets/sid-set/candidate-1500/images/real/4609c56e827d93101d3c599f87c387ca195f712eab07c56f15978cda9aa2333f.jpg,saberzl/SID_Set,medium,0,0.9963313937187195
466892248af839aa29bca381f410192e78bd53a96fc9725ca03fd75eb2bb5691,data/datasets/sid-set/candidate-1500/images/real/466892248af839aa29bca381f410192e78bd53a96fc9725ca03fd75eb2bb5691.jpg,saberzl/SID_Set,medium,0,0.32964956760406494
468f397b531c25599986112fff8f7107530e1ea94083ae6ecd8aaeae4fe1c659,data/datasets/sid-set/candidate-1500/images/real/468f397b531c25599986112fff8f7107530e1ea94083ae6ecd8aaeae4fe1c659.jpg,saberzl/SID_Set,medium,0,0.00042631328688003123
4695936313504537848f94b81d49f822f7bf46131115b0ab0511a8e122f2cc9b,data/datasets/sid-set/candidate-1500/images/real/4695936313504537848f94b81d49f822f7bf46131115b0ab0511a8e122f2cc9b.jpg,saberzl/SID_Set,low,0,0.9607965350151062
46aa5b92bb78839089629b67908556ce6b2186844184ef5e5cc25be0275b82ae,data/datasets/sid-set/candidate-1500/images/fake/46aa5b92bb78839089629b67908556ce6b2186844184ef5e5cc25be0275b82ae.png,saberzl/SID_Set,medium,1,0.992340087890625
46aa8e6787989eee74c8d19a17b2f106968374f6155d863815fe5733a0d330ac,data/datasets/sid-set/candidate-1500/images/real/46aa8e6787989eee74c8d19a17b2f106968374f6155d863815fe5733a0d330ac.jpg,saberzl/SID_Set,medium,0,0.0022784736938774586
46c2b0a96536c21e98fc9863f81cbfe0647362388ab0fdf62b82a93a3356cbd5,data/datasets/sid-set/candidate-1500/images/real/46c2b0a96536c21e98fc9863f81cbfe0647362388ab0fdf62b82a93a3356cbd5.jpg,saberzl/SID_Set,medium,0,0.09288236498832703
46d39e83098490d85af0437a349819a0eadc87faa1289a863312dbb2f72b7c23,data/datasets/sid-set/candidate-1500/images/fake/46d39e83098490d85af0437a349819a0eadc87faa1289a863312dbb2f72b7c23.png,saberzl/SID_Set,medium,1,0.9507038593292236
46fbb6b983bbe1e5d1817de94d38b4d658492d0aae9400f8cdf82030ef66c123,data/datasets/sid-set/candidate-1500/images/fake/46fbb6b983bbe1e5d1817de94d38b4d658492d0aae9400f8cdf82030ef66c123.png,saberzl/SID_Set,medium,1,0.8475992679595947
470afb541c53680655c5270fd16135a0f38f87887c43f1cf05860dbd31a32554,data/datasets/sid-set/candidate-1500/images/real/470afb541c53680655c5270fd16135a0f38f87887c43f1cf05860dbd31a32554.jpg,saberzl/SID_Set,medium,0,0.1349625587463379
4745060cafee2937b9ac9c4cf554c2e024bc8f7c1e9f79d63e66b6fdf53ad149,data/datasets/sid-set/candidate-1500/images/real/4745060cafee2937b9ac9c4cf554c2e024bc8f7c1e9f79d63e66b6fdf53ad149.jpg,saberzl/SID_Set,medium,0,0.5065730214118958
47504307bd02f18f2267db4a4775514cc3e8380ef11a0cd02d0acdd65727163c,data/datasets/sid-set/candidate-1500/images/fake/47504307bd02f18f2267db4a4775514cc3e8380ef11a0cd02d0acdd65727163c.png,saberzl/SID_Set,low,1,0.9801483154296875
4784907b79c4681e79abc74ca063a1a3893cf7aaf640fe022e014434feb78b51,data/datasets/sid-set/candidate-1500/images/fake/4784907b79c4681e79abc74ca063a1a3893cf7aaf640fe022e014434feb78b51.png,saberzl/SID_Set,medium,1,0.9699429869651794
47a25c53213dd0730eddfd193561ce0cde7cb424c926986fc44099e231153ca2,data/datasets/sid-set/candidate-1500/images/real/47a25c53213dd0730eddfd193561ce0cde7cb424c926986fc44099e231153ca2.jpg,saberzl/SID_Set,low,0,0.5555840730667114
48121b25827fe6a8a4a889e2e3d8f7b08f32507f723865eada1ebe5162d2a769,data/datasets/sid-set/candidate-1500/images/fake/48121b25827fe6a8a4a889e2e3d8f7b08f32507f723865eada1ebe5162d2a769.png,saberzl/SID_Set,medium,1,0.8509353995323181
48e3828b6edede16ac4c3f7f415d98ed2ec0fa49451ac8271119f8209da482a6,data/datasets/sid-set/candidate-1500/images/real/48e3828b6edede16ac4c3f7f415d98ed2ec0fa49451ac8271119f8209da482a6.jpg,saberzl/SID_Set,low,0,0.015839532017707825
48e7ebc76990e709db19e990f04471a64e425c37ceb04fe25a12881783997017,data/datasets/sid-set/candidate-1500/images/real/48e7ebc76990e709db19e990f04471a64e425c37ceb04fe25a12881783997017.jpg,saberzl/SID_Set,low,0,0.1408502757549286
48f89d2ce2ab9e0c21591f9d62f5602687f5c6020baaf397fff7fb4f0d5c443b,data/datasets/sid-set/candidate-1500/images/real/48f89d2ce2ab9e0c21591f9d62f5602687f5c6020baaf397fff7fb4f0d5c443b.jpg,saberzl/SID_Set,medium,0,0.07905566692352295
49380a144b49f0f59b768de5a10406c3e1349401dfbee418968d0e6057703ebd,data/datasets/sid-set/candidate-1500/images/fake/49380a144b49f0f59b768de5a10406c3e1349401dfbee418968d0e6057703ebd.png,saberzl/SID_Set,low,1,0.9839010834693909
4939a017439fe2a1a52769f15fabea5fd4a111b98f01e8961fa36bb5625d47fe,data/datasets/sid-set/candidate-1500/images/fake/4939a017439fe2a1a52769f15fabea5fd4a111b98f01e8961fa36bb5625d47fe.png,saberzl/SID_Set,medium,1,0.6502365469932556
4939f387d0eb4c567650baa445a3fa3d0c1482e0078c16958ca03db310c0cbdf,data/datasets/sid-set/candidate-1500/images/fake/4939f387d0eb4c567650baa445a3fa3d0c1482e0078c16958ca03db310c0cbdf.png,saberzl/SID_Set,low,1,0.96494060754776
493e7d380af21afff596672dce5c3dd5a60efec2d2a06583ce35a9747666eca2,data/datasets/sid-set/candidate-1500/images/real/493e7d380af21afff596672dce5c3dd5a60efec2d2a06583ce35a9747666eca2.jpg,saberzl/SID_Set,medium,0,0.0421178825199604
497cb7e3696f4f9d849081072f422942be9139d1a108c04ccb9a163a316c142a,data/datasets/sid-set/candidate-1500/images/real/497cb7e3696f4f9d849081072f422942be9139d1a108c04ccb9a163a316c142a.jpg,saberzl/SID_Set,low,0,0.8983471989631653
4986dcfcb54b3a04837be073ffa37fb68c7dd55bf1b709d871b36efc315fbf51,data/datasets/sid-set/candidate-1500/images/real/4986dcfcb54b3a04837be073ffa37fb68c7dd55bf1b709d871b36efc315fbf51.jpg,saberzl/SID_Set,low,0,0.1628052294254303
49bf4e4f64baa58f982fc25105923a7b6838b2b796c7b99a3bc8ecc0a5c18a22,data/datasets/sid-set/candidate-1500/images/real/49bf4e4f64baa58f982fc25105923a7b6838b2b796c7b99a3bc8ecc0a5c18a22.jpg,saberzl/SID_Set,medium,0,0.002690827241167426
49d8bfa20b71153f17032767e01651b8a1ac3755e502c165e794a3940a1314b3,data/datasets/sid-set/candidate-1500/images/fake/49d8bfa20b71153f17032767e01651b8a1ac3755e502c165e794a3940a1314b3.png,saberzl/SID_Set,medium,1,0.9622018933296204
49de00b712948044a523daa78eba28ed3bbfff1029a89368fd1f0fc0014248ee,data/datasets/sid-set/candidate-1500/images/fake/49de00b712948044a523daa78eba28ed3bbfff1029a89368fd1f0fc0014248ee.png,saberzl/SID_Set,medium,1,0.8471001386642456
4a5d78223439769570399be6204e0573ef29c23e01ed12ba4a9952d67069ba22,data/datasets/sid-set/candidate-1500/images/fake/4a5d78223439769570399be6204e0573ef29c23e01ed12ba4a9952d67069ba22.png,saberzl/SID_Set,medium,1,0.9596011638641357
4a6adb1589f8b9e3609a46777d2325c959074a6d6e2f532a8383dd304b14180a,data/datasets/sid-set/candidate-1500/images/real/4a6adb1589f8b9e3609a46777d2325c959074a6d6e2f532a8383dd304b14180a.jpg,saberzl/SID_Set,medium,0,0.03030521422624588
4a765c28c05a8ee986f2221fc02dde57a05657b25ab3693164b6a309bd816d8d,data/datasets/sid-set/candidate-1500/images/fake/4a765c28c05a8ee986f2221fc02dde57a05657b25ab3693164b6a309bd816d8d.png,saberzl/SID_Set,medium,1,0.8630809187889099
4a970d0872b966f622500aa3b3a84854ef8f2b48990bb28424a0c6cf85e0e515,data/datasets/sid-set/candidate-1500/images/real/4a970d0872b966f622500aa3b3a84854ef8f2b48990bb28424a0c6cf85e0e515.jpg,saberzl/SID_Set,medium,0,0.005731029901653528
4abcacc017bfce04aed4726653569922a6f30b0b4d2c89969c71dbdd931c7189,data/datasets/sid-set/candidate-1500/images/fake/4abcacc017bfce04aed4726653569922a6f30b0b4d2c89969c71dbdd931c7189.png,saberzl/SID_Set,medium,1,0.9898645281791687
4ac407d4db2cf9e45507bd81511e86cc7876be378e6efa53f810b6d966772e2b,data/datasets/sid-set/candidate-1500/images/fake/4ac407d4db2cf9e45507bd81511e86cc7876be378e6efa53f810b6d966772e2b.png,saberzl/SID_Set,medium,1,0.9974930286407471
4ac5aff8ac575d4dcf8423a0e3130ae17d5334d793deeca1a0afa347bf69fb7f,data/datasets/sid-set/candidate-1500/images/fake/4ac5aff8ac575d4dcf8423a0e3130ae17d5334d793deeca1a0afa347bf69fb7f.png,saberzl/SID_Set,low,1,0.6527540683746338
4aec263de4c723d0816290080a21c231a7b83a23273123e0690cb598c927c564,data/datasets/sid-set/candidate-1500/images/fake/4aec263de4c723d0816290080a21c231a7b83a23273123e0690cb598c927c564.png,saberzl/SID_Set,medium,1,0.9138180017471313
4afd8beaebed4d4224790303da497a44e00eb922463b0ff42d4180ef1d1da4ef,data/datasets/sid-set/candidate-1500/images/real/4afd8beaebed4d4224790303da497a44e00eb922463b0ff42d4180ef1d1da4ef.jpg,saberzl/SID_Set,low,0,0.4718608558177948
4b016e64a421d12b31a4db1512e67280bceb03f9e2ce69d18ac6d254b75929f2,data/datasets/sid-set/candidate-1500/images/fake/4b016e64a421d12b31a4db1512e67280bceb03f9e2ce69d18ac6d254b75929f2.png,saberzl/SID_Set,low,1,0.9951934218406677
4b182e261ef7c70c3f4be4a5bff9dba360f72153b0796b2ebf89ee8bddc62212,data/datasets/sid-set/candidate-1500/images/fake/4b182e261ef7c70c3f4be4a5bff9dba360f72153b0796b2ebf89ee8bddc62212.png,saberzl/SID_Set,medium,1,0.9517815113067627
4b684bea40aeed911d404714784204a81f1def1c5d2adc7be8f60a92be6fee59,data/datasets/sid-set/candidate-1500/images/fake/4b684bea40aeed911d404714784204a81f1def1c5d2adc7be8f60a92be6fee59.png,saberzl/SID_Set,low,1,0.9971972703933716
4bf38b511c3f62c70f7f533b687b15a426160a5a21f4f2ca8755e0875b728ada,data/datasets/sid-set/candidate-1500/images/real/4bf38b511c3f62c70f7f533b687b15a426160a5a21f4f2ca8755e0875b728ada.jpg,saberzl/SID_Set,low,0,0.9889296889305115
4c382db23d391f84020421fa50d674659307c69fdab71af5ef348f3ca147eb8b,data/datasets/sid-set/candidate-1500/images/real/4c382db23d391f84020421fa50d674659307c69fdab71af5ef348f3ca147eb8b.jpg,saberzl/SID_Set,medium,0,0.01317248959094286
4c611beec246562e4797340761b1f6ce3443ffc94160da408b02d0ee6e65bd00,data/datasets/sid-set/candidate-1500/images/fake/4c611beec246562e4797340761b1f6ce3443ffc94160da408b02d0ee6e65bd00.png,saberzl/SID_Set,low,1,0.9974368810653687
4c6d93bf5f4e799fb4e9b2f1fdb07356e6787f993c986783e0e111a90bad4928,data/datasets/sid-set/candidate-1500/images/fake/4c6d93bf5f4e799fb4e9b2f1fdb07356e6787f993c986783e0e111a90bad4928.png,saberzl/SID_Set,medium,1,0.9846238493919373
4c819829b501601c7884178cbabe6c0688fb0ae5c2a912d43878b05ec94cccd2,data/datasets/sid-set/candidate-1500/images/fake/4c819829b501601c7884178cbabe6c0688fb0ae5c2a912d43878b05ec94cccd2.png,saberzl/SID_Set,medium,1,0.9611160159111023
4ce5fe8692e303ef108d7f3d01c6880db5397e3229ada484ea732a354756f883,data/datasets/sid-set/candidate-1500/images/real/4ce5fe8692e303ef108d7f3d01c6880db5397e3229ada484ea732a354756f883.jpg,saberzl/SID_Set,low,0,0.9947629570960999
4ce6947946bb9b28a3e511db91f9e7efd8a7773ec77af612e1d30909294e6b40,data/datasets/sid-set/candidate-1500/images/real/4ce6947946bb9b28a3e511db91f9e7efd8a7773ec77af612e1d30909294e6b40.jpg,saberzl/SID_Set,medium,0,0.5531988143920898
4d346d2bd7542efc9e2c2384a8d2255fd76ea23706a03859bff81113b3cbd374,data/datasets/sid-set/candidate-1500/images/real/4d346d2bd7542efc9e2c2384a8d2255fd76ea23706a03859bff81113b3cbd374.jpg,saberzl/SID_Set,medium,0,0.9851593375205994
4d3b8a5c313bdb9e26796203d3dd386a85dadfc6c20cef7a6164fe13e4cae359,data/datasets/sid-set/candidate-1500/images/fake/4d3b8a5c313bdb9e26796203d3dd386a85dadfc6c20cef7a6164fe13e4cae359.png,saberzl/SID_Set,low,1,0.9944131970405579
4d4cd2bb88de63931a32d0e6aba257d84effff01bf0112276975ca7207453252,data/datasets/sid-set/candidate-1500/images/real/4d4cd2bb88de63931a32d0e6aba257d84effff01bf0112276975ca7207453252.jpg,saberzl/SID_Set,low,0,0.8554192185401917
4d7b2f49b2ec61683115776755d52fffad284731623d35a8e249687770e7d82d,data/datasets/sid-set/candidate-1500/images/real/4d7b2f49b2ec61683115776755d52fffad284731623d35a8e249687770e7d82d.jpg,saberzl/SID_Set,low,0,0.17072702944278717
4d8bebf58ce5cbe71095e04e030b529dc639fce0ed1894df273d6ec8415779f9,data/datasets/sid-set/candidate-1500/images/fake/4d8bebf58ce5cbe71095e04e030b529dc639fce0ed1894df273d6ec8415779f9.png,saberzl/SID_Set,medium,1,0.8980879187583923
4de3d99cbfa7a20cbf9db941faf22eee49e65723f0ad37d63f3b2bf455797699,data/datasets/sid-set/candidate-1500/images/fake/4de3d99cbfa7a20cbf9db941faf22eee49e65723f0ad37d63f3b2bf455797699.png,saberzl/SID_Set,medium,1,0.9822313189506531
4de90417a051be8e858e688b2730e3cf619bea650f95c8d7c2166ec36cabf2d4,data/datasets/sid-set/candidate-1500/images/real/4de90417a051be8e858e688b2730e3cf619bea650f95c8d7c2166ec36cabf2d4.jpg,saberzl/SID_Set,medium,0,0.673083484172821
4e0988bef6f72725b7cc8bc855aabb62c1cb0a971796e4fb984562f6675fb657,data/datasets/sid-set/candidate-1500/images/fake/4e0988bef6f72725b7cc8bc855aabb62c1cb0a971796e4fb984562f6675fb657.png,saberzl/SID_Set,low,1,0.9823854565620422
4e43dfbfb7910a73a1b0f66b78f3344bdce91528492954ae21d71af697480f39,data/datasets/sid-set/candidate-1500/images/real/4e43dfbfb7910a73a1b0f66b78f3344bdce91528492954ae21d71af697480f39.jpg,saberzl/SID_Set,medium,0,0.016207585111260414
4e57edcd4e7dadd56525dd1e607af22822b809cad0ca981779479e561e76f355,data/datasets/sid-set/candidate-1500/images/real/4e57edcd4e7dadd56525dd1e607af22822b809cad0ca981779479e561e76f355.jpg,saberzl/SID_Set,medium,0,0.0001521838566986844
4e6fa6697824deaaba825141ae262d9731f6034ebffd484661962db72eb6a836,data/datasets/sid-set/candidate-1500/images/fake/4e6fa6697824deaaba825141ae262d9731f6034ebffd484661962db72eb6a836.png,saberzl/SID_Set,low,1,0.9279079437255859
4ecaaa7fdab39708ddc407cc74c3da73dcd2a6375e060bd171ea0ff59e31b6f0,data/datasets/sid-set/candidate-1500/images/real/4ecaaa7fdab39708ddc407cc74c3da73dcd2a6375e060bd171ea0ff59e31b6f0.jpg,saberzl/SID_Set,medium,0,0.14213916659355164
4f5f23b760d5e22fc303e27eceb6f3bffa54cff941afe6a1368f478291a5ffaf,data/datasets/sid-set/candidate-1500/images/fake/4f5f23b760d5e22fc303e27eceb6f3bffa54cff941afe6a1368f478291a5ffaf.png,saberzl/SID_Set,low,1,0.862767219543457
4f67ccc024747ba1f09452e310a48dc946f06512c4447c640c56ed2925efde60,data/datasets/sid-set/candidate-1500/images/real/4f67ccc024747ba1f09452e310a48dc946f06512c4447c640c56ed2925efde60.jpg,saberzl/SID_Set,low,0,0.9605704545974731
4f7b8a77ef2db45045916fc8e82d29f7364f1feb5273dfb36910e29f6da3bba7,data/datasets/sid-set/candidate-1500/images/real/4f7b8a77ef2db45045916fc8e82d29f7364f1feb5273dfb36910e29f6da3bba7.jpg,saberzl/SID_Set,low,0,0.5090473294258118
4f82b801e264b8e37a2f01cd76f10366a7eb82420196e28c69f875885072cc0f,data/datasets/sid-set/candidate-1500/images/fake/4f82b801e264b8e37a2f01cd76f10366a7eb82420196e28c69f875885072cc0f.png,saberzl/SID_Set,medium,1,0.8197992444038391
4fad2f768d1b0c3a6f5125e4c7ae7e59ac085dff0a709053692418226487c441,data/datasets/sid-set/candidate-1500/images/fake/4fad2f768d1b0c3a6f5125e4c7ae7e59ac085dff0a709053692418226487c441.png,saberzl/SID_Set,medium,1,0.982355535030365
4fe2539ff09bff7287bf2e32ab51529dc696e03350a55676370ce82d2abacb9c,data/datasets/sid-set/candidate-1500/images/real/4fe2539ff09bff7287bf2e32ab51529dc696e03350a55676370ce82d2abacb9c.jpg,saberzl/SID_Set,low,0,0.6344674825668335
502df633c3fc349e17eeb0cdcb1ede384c56bee930402dd1fd7e5d050aebfece,data/datasets/sid-set/candidate-1500/images/real/502df633c3fc349e17eeb0cdcb1ede384c56bee930402dd1fd7e5d050aebfece.jpg,saberzl/SID_Set,low,0,0.5191563367843628
5077bbe2ff6cdbd89bded7a0ef1ac451c6e90f11e80de0001811a06c9f970eec,data/datasets/sid-set/candidate-1500/images/fake/5077bbe2ff6cdbd89bded7a0ef1ac451c6e90f11e80de0001811a06c9f970eec.png,saberzl/SID_Set,low,1,0.9906467199325562
5083277655cacd203853b2af948a7b6f90faa190df5677b6b7872288132abf9e,data/datasets/sid-set/candidate-1500/images/real/5083277655cacd203853b2af948a7b6f90faa190df5677b6b7872288132abf9e.jpg,saberzl/SID_Set,medium,0,0.16879776120185852
50b32758ea17cf2e2ec4c5ef9e01885db302a46dc7d93a671cc55d3ca08a3609,data/datasets/sid-set/candidate-1500/images/real/50b32758ea17cf2e2ec4c5ef9e01885db302a46dc7d93a671cc55d3ca08a3609.jpg,saberzl/SID_Set,low,0,0.44906365871429443
510676466d0c8a59a8335b58595b26373fc39d6770107eb0374d6590de6fe0dc,data/datasets/sid-set/candidate-1500/images/fake/510676466d0c8a59a8335b58595b26373fc39d6770107eb0374d6590de6fe0dc.png,saberzl/SID_Set,medium,1,0.9979404807090759
514314dbe520b48d3ae46eddbd9b43205c535f14c626742ed99d626bbc9b3cc0,data/datasets/sid-set/candidate-1500/images/real/514314dbe520b48d3ae46eddbd9b43205c535f14c626742ed99d626bbc9b3cc0.jpg,saberzl/SID_Set,medium,0,0.7005782723426819
5144e7728f4f564e82575922eac009f480996f4fce638cf14504f4f55d253353,data/datasets/sid-set/candidate-1500/images/real/5144e7728f4f564e82575922eac009f480996f4fce638cf14504f4f55d253353.jpg,saberzl/SID_Set,low,0,0.9303077459335327
5198231bbccb3f3fea22fca0e3e4fbb4aab9de0e749fc409b9a41fb7153e0adb,data/datasets/sid-set/candidate-1500/images/fake/5198231bbccb3f3fea22fca0e3e4fbb4aab9de0e749fc409b9a41fb7153e0adb.png,saberzl/SID_Set,medium,1,0.989669144153595
519eedb72139e3a1fddec74c3e2bd99fd80e90df24524f9a484f5fd1a939ca74,data/datasets/sid-set/candidate-1500/images/real/519eedb72139e3a1fddec74c3e2bd99fd80e90df24524f9a484f5fd1a939ca74.jpg,saberzl/SID_Set,low,0,0.07078087329864502
51d1e825290902dc7a45065250ed454816059fad92fff5cbc530fd8aeec6ba33,data/datasets/sid-set/candidate-1500/images/fake/51d1e825290902dc7a45065250ed454816059fad92fff5cbc530fd8aeec6ba33.png,saberzl/SID_Set,low,1,0.9700171947479248
52057df9a0dcff27c49b6c46ca76cc7fd5438b95fab446f7fb423ddfc9dded2c,data/datasets/sid-set/candidate-1500/images/fake/52057df9a0dcff27c49b6c46ca76cc7fd5438b95fab446f7fb423ddfc9dded2c.png,saberzl/SID_Set,low,1,0.9825226068496704
5205ddf23881c553c106da4ef1cb91c96a8320515d872fbd525af840dcfd4025,data/datasets/sid-set/candidate-1500/images/fake/5205ddf23881c553c106da4ef1cb91c96a8320515d872fbd525af840dcfd4025.png,saberzl/SID_Set,medium,1,0.9847874045372009
52099a21a436703183b860b7ec9ead39456e35fda6d82ae8630879a3e1f115b9,data/datasets/sid-set/candidate-1500/images/real/52099a21a436703183b860b7ec9ead39456e35fda6d82ae8630879a3e1f115b9.jpg,saberzl/SID_Set,low,0,0.00840741116553545
520cb9c9266f0e34ac89426d97125df4a536987ceca1a6e1815c6626c03d1733,data/datasets/sid-set/candidate-1500/images/fake/520cb9c9266f0e34ac89426d97125df4a536987ceca1a6e1815c6626c03d1733.png,saberzl/SID_Set,low,1,0.8967812061309814
525d2ebf5fbd42a02d0dea8d2cc6e0e621a0aab5fdac87daa3d3533be8499547,data/datasets/sid-set/candidate-1500/images/real/525d2ebf5fbd42a02d0dea8d2cc6e0e621a0aab5fdac87daa3d3533be8499547.jpg,saberzl/SID_Set,medium,0,0.10372330993413925
52795be0b32de643a566d426c7857bae6a5be58f88cd9f30c4a05b4a6808fc9c,data/datasets/sid-set/candidate-1500/images/real/52795be0b32de643a566d426c7857bae6a5be58f88cd9f30c4a05b4a6808fc9c.jpg,saberzl/SID_Set,high,0,0.5894739031791687
52cef850f89e8da607ee0daf8647ea786b6fb0ee42695bafc66e42f494cdb30c,data/datasets/sid-set/candidate-1500/images/fake/52cef850f89e8da607ee0daf8647ea786b6fb0ee42695bafc66e42f494cdb30c.png,saberzl/SID_Set,low,1,0.976894736289978
5335d115d003dbdba4a58c9e52b05b09fae5703715321bcf5c98ec951a06160c,data/datasets/sid-set/candidate-1500/images/real/5335d115d003dbdba4a58c9e52b05b09fae5703715321bcf5c98ec951a06160c.jpg,saberzl/SID_Set,low,0,0.44399088621139526
534b0fefaae5bb446696dd37acd8814b03f1fe6fb5fb75b9c5c10f9204c204e1,data/datasets/sid-set/candidate-1500/images/fake/534b0fefaae5bb446696dd37acd8814b03f1fe6fb5fb75b9c5c10f9204c204e1.png,saberzl/SID_Set,low,1,0.8478207588195801
534b8c403c5b8a55a2b2be1d4fb04dd1a74d39bf1f8dcf8dbe2dd4ad375d9d95,data/datasets/sid-set/candidate-1500/images/real/534b8c403c5b8a55a2b2be1d4fb04dd1a74d39bf1f8dcf8dbe2dd4ad375d9d95.jpg,saberzl/SID_Set,medium,0,0.988997757434845
536fe23fd219f35c818b46e399bba10941db769c026dd8fb6f94dcc4d1324d7f,data/datasets/sid-set/candidate-1500/images/real/536fe23fd219f35c818b46e399bba10941db769c026dd8fb6f94dcc4d1324d7f.jpg,saberzl/SID_Set,medium,0,0.12532448768615723
538680eba07a3cd07413398b874ac2e3c7f91a9deb29a19447a8160c773d78b0,data/datasets/sid-set/candidate-1500/images/fake/538680eba07a3cd07413398b874ac2e3c7f91a9deb29a19447a8160c773d78b0.png,saberzl/SID_Set,medium,1,0.9769371747970581
53e303e2ffec0bbe10bb9995a0b9b1e95dad6ccc155671ff72624285fdce8cb1,data/datasets/sid-set/candidate-1500/images/fake/53e303e2ffec0bbe10bb9995a0b9b1e95dad6ccc155671ff72624285fdce8cb1.png,saberzl/SID_Set,medium,1,0.997313916683197
53f2cf7b1500173c2b9e7c51c237c3ac17e847efbd7d2ba6f9d3a0de0f19269e,data/datasets/sid-set/candidate-1500/images/real/53f2cf7b1500173c2b9e7c51c237c3ac17e847efbd7d2ba6f9d3a0de0f19269e.jpg,saberzl/SID_Set,low,0,0.038637321442365646
53f37f7e59acb0ef712a2d48fb159d234880086ddeb82b3f309afdf15f9743f8,data/datasets/sid-set/candidate-1500/images/fake/53f37f7e59acb0ef712a2d48fb159d234880086ddeb82b3f309afdf15f9743f8.png,saberzl/SID_Set,medium,1,0.9921016097068787
544422af3922855b85984583ae4e579c35821c544c1186cd6ceb8b18319c8fd8,data/datasets/sid-set/candidate-1500/images/fake/544422af3922855b85984583ae4e579c35821c544c1186cd6ceb8b18319c8fd8.png,saberzl/SID_Set,low,1,0.7576791048049927
545cbc951c31a08766fdf010a7cc199b8b237302837c64ca01a659ca3701f54d,data/datasets/sid-set/candidate-1500/images/real/545cbc951c31a08766fdf010a7cc199b8b237302837c64ca01a659ca3701f54d.jpg,saberzl/SID_Set,medium,0,0.9058813452720642
5463ee1163a0715d19106aa0972f356b03e4da9d5f40bb6dde0cb8925566582c,data/datasets/sid-set/candidate-1500/images/fake/5463ee1163a0715d19106aa0972f356b03e4da9d5f40bb6dde0cb8925566582c.png,saberzl/SID_Set,medium,1,0.9960950016975403
549a6d5b71420fd0adce8c7a7df4adc619f28dabbb4599c18c31c8c9adfef1b1,data/datasets/sid-set/candidate-1500/images/real/549a6d5b71420fd0adce8c7a7df4adc619f28dabbb4599c18c31c8c9adfef1b1.jpg,saberzl/SID_Set,high,0,0.4134499728679657
5504e3ffc491cf064add22fdc3faed0d8fbf2923197f8130213046dca62931a4,data/datasets/sid-set/candidate-1500/images/real/5504e3ffc491cf064add22fdc3faed0d8fbf2923197f8130213046dca62931a4.jpg,saberzl/SID_Set,medium,0,0.7108577489852905
551ea976360d9a1389d4737f8bcce371ef48fa61471239bc4d2960c2ca0aa08b,data/datasets/sid-set/candidate-1500/images/real/551ea976360d9a1389d4737f8bcce371ef48fa61471239bc4d2960c2ca0aa08b.jpg,saberzl/SID_Set,medium,0,0.8523076772689819
558409f857639f7220d0004cdc487f9add713b6a16d044a6e9936523100adc88,data/datasets/sid-set/candidate-1500/images/real/558409f857639f7220d0004cdc487f9add713b6a16d044a6e9936523100adc88.jpg,saberzl/SID_Set,medium,0,0.09778974950313568
55ab819a02dccef709cb166cfe66db94820ff18d6ddd8edb9e5e6eaf52f72926,data/datasets/sid-set/candidate-1500/images/fake/55ab819a02dccef709cb166cfe66db94820ff18d6ddd8edb9e5e6eaf52f72926.png,saberzl/SID_Set,medium,1,0.9908832907676697
562f23a2f3eac586718eec1a3ea5bff7b856fa76c02ce9d235e96f3db17597d3,data/datasets/sid-set/candidate-1500/images/real/562f23a2f3eac586718eec1a3ea5bff7b856fa76c02ce9d235e96f3db17597d3.jpg,saberzl/SID_Set,medium,0,0.8252101540565491
563d735fc629a0326781d4b1279dbd69dba1df7ce8d0ce0ee6eaa0bae57b4295,data/datasets/sid-set/candidate-1500/images/real/563d735fc629a0326781d4b1279dbd69dba1df7ce8d0ce0ee6eaa0bae57b4295.jpg,saberzl/SID_Set,medium,0,0.0013476547319442034
5657f43d1dafc4d86b669d193cfa57b2affb86b4889d611f366750e195fd44a9,data/datasets/sid-set/candidate-1500/images/fake/5657f43d1dafc4d86b669d193cfa57b2affb86b4889d611f366750e195fd44a9.png,saberzl/SID_Set,low,1,0.9431795477867126
56dd7e2fb881f8d55015e54358303e66089b26fd210f6bbad1523bf066385ffc,data/datasets/sid-set/candidate-1500/images/fake/56dd7e2fb881f8d55015e54358303e66089b26fd210f6bbad1523bf066385ffc.png,saberzl/SID_Set,medium,1,0.9901667833328247
5702bcd1ecb58b0f01a3d0a651c742c389e805de29cad92a9a3efdd79d5deb9c,data/datasets/sid-set/candidate-1500/images/fake/5702bcd1ecb58b0f01a3d0a651c742c389e805de29cad92a9a3efdd79d5deb9c.png,saberzl/SID_Set,medium,1,0.9959041476249695
5709d77cbb3ec9a6265e6d69ae4b1341fd5b9b2fc0b46e043f4a53c8e20bfed8,data/datasets/sid-set/candidate-1500/images/real/5709d77cbb3ec9a6265e6d69ae4b1341fd5b9b2fc0b46e043f4a53c8e20bfed8.jpg,saberzl/SID_Set,low,0,0.03279925510287285
572d3c1b811eb7bd804ade56057873e0425227fb4c592f6cc8567636ccca21a8,data/datasets/sid-set/candidate-1500/images/real/572d3c1b811eb7bd804ade56057873e0425227fb4c592f6cc8567636ccca21a8.jpg,saberzl/SID_Set,medium,0,0.5573683381080627
5736e9f75d8ba603d0d6598e799945387b1e73f803d4ad034f931b32a30b99bf,data/datasets/sid-set/candidate-1500/images/real/5736e9f75d8ba603d0d6598e799945387b1e73f803d4ad034f931b32a30b99bf.jpg,saberzl/SID_Set,medium,0,0.0025399194564670324
5788da0599bb07df312fe68fe87df1d48b638aed5e97476059897017410ab13d,data/datasets/sid-set/candidate-1500/images/real/5788da0599bb07df312fe68fe87df1d48b638aed5e97476059897017410ab13d.jpg,saberzl/SID_Set,low,0,0.8606818318367004
57ff6260b17769edc60ba8b6f3016fd1912e4fb3313d521e6ea3ab1af2f572d1,data/datasets/sid-set/candidate-1500/images/real/57ff6260b17769edc60ba8b6f3016fd1912e4fb3313d521e6ea3ab1af2f572d1.jpg,saberzl/SID_Set,low,0,0.13758763670921326
5806039a1258ee05270c69fc635dbe70b94fc4fb7919bb5c6eb0f77af1b06b54,data/datasets/sid-set/candidate-1500/images/fake/5806039a1258ee05270c69fc635dbe70b94fc4fb7919bb5c6eb0f77af1b06b54.png,saberzl/SID_Set,medium,1,0.9956062436103821
582e7439ef8ccb71f364654ea16068a33ecdbdd9116a4a5834da3cd3e2f87399,data/datasets/sid-set/candidate-1500/images/real/582e7439ef8ccb71f364654ea16068a33ecdbdd9116a4a5834da3cd3e2f87399.jpg,saberzl/SID_Set,medium,0,0.7014827132225037
58c71740878465589b199ffb46cf8ecfbcd867a94518b1f0332ac429b71c8107,data/datasets/sid-set/candidate-1500/images/real/58c71740878465589b199ffb46cf8ecfbcd867a94518b1f0332ac429b71c8107.jpg,saberzl/SID_Set,medium,0,0.0003837281547021121
58d979ea736daef7b31149fd953bd867f3d5a1b5abe04abf918899f9f36fe7d5,data/datasets/sid-set/candidate-1500/images/fake/58d979ea736daef7b31149fd953bd867f3d5a1b5abe04abf918899f9f36fe7d5.png,saberzl/SID_Set,medium,1,0.9978787899017334
58d9b43a338f5061150b4ea36a3456aa75c9ba4c27d76512e9e695f5c8321b37,data/datasets/sid-set/candidate-1500/images/fake/58d9b43a338f5061150b4ea36a3456aa75c9ba4c27d76512e9e695f5c8321b37.png,saberzl/SID_Set,low,1,0.9565898180007935
58da6885aeb73c46ceedab0824d3af64a9f746ae59bbc1c3c38e0e67c3bc8574,data/datasets/sid-set/candidate-1500/images/fake/58da6885aeb73c46ceedab0824d3af64a9f746ae59bbc1c3c38e0e67c3bc8574.png,saberzl/SID_Set,medium,1,0.9770207405090332
59142bf9fcfdfd90190b7924c589f3bf3aea945d2e4908db9accbfe17eb80f69,data/datasets/sid-set/candidate-1500/images/real/59142bf9fcfdfd90190b7924c589f3bf3aea945d2e4908db9accbfe17eb80f69.jpg,saberzl/SID_Set,medium,0,0.0037097898311913013
5950343b177c7db3e722d0bf62b46451bc608263ddb87ff600aa2680a69d8662,data/datasets/sid-set/candidate-1500/images/fake/5950343b177c7db3e722d0bf62b46451bc608263ddb87ff600aa2680a69d8662.png,saberzl/SID_Set,medium,1,0.9075250625610352
596282bbfe113a20fb4b4ee0a5401006205cf09b9c91cf03cf4083a4a33cc129,data/datasets/sid-set/candidate-1500/images/fake/596282bbfe113a20fb4b4ee0a5401006205cf09b9c91cf03cf4083a4a33cc129.png,saberzl/SID_Set,medium,1,0.991587221622467
598183bfef0274941e47ae42216302dd161b011e9da64b07493cb8a641cdd2dd,data/datasets/sid-set/candidate-1500/images/fake/598183bfef0274941e47ae42216302dd161b011e9da64b07493cb8a641cdd2dd.png,saberzl/SID_Set,medium,1,0.9870213866233826
59a0fb27e2ea646e48ed30d2a2cfbee2b97626568037b69ee1b941c86a2fa5f0,data/datasets/sid-set/candidate-1500/images/fake/59a0fb27e2ea646e48ed30d2a2cfbee2b97626568037b69ee1b941c86a2fa5f0.png,saberzl/SID_Set,medium,1,0.984887957572937
5a008e204b2f80043f17b8cbdf545e1d29a19d6147b7b4b09c83dfad0f264123,data/datasets/sid-set/candidate-1500/images/real/5a008e204b2f80043f17b8cbdf545e1d29a19d6147b7b4b09c83dfad0f264123.jpg,saberzl/SID_Set,medium,0,0.16441215574741364
5a14416e4a432264074136edfeeef4f78a34839480f30aece854106d82bfb3ba,data/datasets/sid-set/candidate-1500/images/fake/5a14416e4a432264074136edfeeef4f78a34839480f30aece854106d82bfb3ba.png,saberzl/SID_Set,medium,1,0.8676468729972839
5a9e2ec41f18608d292eed6101884027f77a2ee51e5084207cd8e2213b1aae25,data/datasets/sid-set/candidate-1500/images/real/5a9e2ec41f18608d292eed6101884027f77a2ee51e5084207cd8e2213b1aae25.jpg,saberzl/SID_Set,medium,0,0.4314022362232208
5ad04d1497cfb5d6ab41f407af583d1a27ce130744ee30a4eafcc9ad405ddfbc,data/datasets/sid-set/candidate-1500/images/real/5ad04d1497cfb5d6ab41f407af583d1a27ce130744ee30a4eafcc9ad405ddfbc.jpg,saberzl/SID_Set,low,0,0.8608916997909546
5ae6be53395820c9d7d49ca1a5047c85fae7019b9c70efaef95c0974760ce97e,data/datasets/sid-set/candidate-1500/images/real/5ae6be53395820c9d7d49ca1a5047c85fae7019b9c70efaef95c0974760ce97e.jpg,saberzl/SID_Set,medium,0,0.0046114232391119
5b1d5d53d67cb8c03697f3d2a1304aa1fc26157f7fcccbf29534765f373958e4,data/datasets/sid-set/candidate-1500/images/fake/5b1d5d53d67cb8c03697f3d2a1304aa1fc26157f7fcccbf29534765f373958e4.png,saberzl/SID_Set,low,1,0.991872251033783
5b37681261d067f5e354de7d6e84b20cf5ca2b05fe6ab8a685f1704819ae4d2a,data/datasets/sid-set/candidate-1500/images/real/5b37681261d067f5e354de7d6e84b20cf5ca2b05fe6ab8a685f1704819ae4d2a.jpg,saberzl/SID_Set,medium,0,0.012913785874843597
5b3ec6e2479e4831a758fe06d7be841e3f5481d88b255ac0f9c56f3e3990155c,data/datasets/sid-set/candidate-1500/images/real/5b3ec6e2479e4831a758fe06d7be841e3f5481d88b255ac0f9c56f3e3990155c.jpg,saberzl/SID_Set,medium,0,0.08067002147436142
5b618322d727d8a206499a375dbe62b6d78d0bebdf16d28ddb44d65c25659558,data/datasets/sid-set/candidate-1500/images/fake/5b618322d727d8a206499a375dbe62b6d78d0bebdf16d28ddb44d65c25659558.png,saberzl/SID_Set,medium,1,0.9707636833190918
5b83f86ed3a765c93b7dc581fa9caadf6b56db3d536e57918cda483b2a3ddb5d,data/datasets/sid-set/candidate-1500/images/fake/5b83f86ed3a765c93b7dc581fa9caadf6b56db3d536e57918cda483b2a3ddb5d.png,saberzl/SID_Set,medium,1,0.9763637781143188
5baa7c843d93efdc67c4b0fe344e0a4efcd314363393e451c0a203c1d98b6794,data/datasets/sid-set/candidate-1500/images/real/5baa7c843d93efdc67c4b0fe344e0a4efcd314363393e451c0a203c1d98b6794.jpg,saberzl/SID_Set,low,0,0.02335253171622753
5bad4c24ed8c90de7b2c045687c44ed4e6f191055efa6c3e5b4e220a2a48d239,data/datasets/sid-set/candidate-1500/images/fake/5bad4c24ed8c90de7b2c045687c44ed4e6f191055efa6c3e5b4e220a2a48d239.png,saberzl/SID_Set,medium,1,0.9588409662246704
5bbf6be563a9fc36c637c13d630d04f89028b0527129fbbe7f6fa73b96bf0931,data/datasets/sid-set/candidate-1500/images/real/5bbf6be563a9fc36c637c13d630d04f89028b0527129fbbe7f6fa73b96bf0931.jpg,saberzl/SID_Set,medium,0,0.0015716023044660687
5bed6b61dfb4b3cbc0ad6fc881d1fefee657327445a21e1da5e344eb5fce4d52,data/datasets/sid-set/candidate-1500/images/fake/5bed6b61dfb4b3cbc0ad6fc881d1fefee657327445a21e1da5e344eb5fce4d52.png,saberzl/SID_Set,medium,1,0.9715064167976379
5c061a7f7651c2081f8dc408f61d8ad00ffa741f85741fad2f2c7f0ae5a8bbd7,data/datasets/sid-set/candidate-1500/images/real/5c061a7f7651c2081f8dc408f61d8ad00ffa741f85741fad2f2c7f0ae5a8bbd7.jpg,saberzl/SID_Set,medium,0,0.1732228547334671
5c1f96ecd51af7cf2722b920aa38cfa569ef6ba95ad393dc13df2ad6dd48b79b,data/datasets/sid-set/candidate-1500/images/real/5c1f96ecd51af7cf2722b920aa38cfa569ef6ba95ad393dc13df2ad6dd48b79b.jpg,saberzl/SID_Set,high,0,0.3070438504219055
5c98200a5e31b4dce29f8fd423fc19015db1bf1420dcf1e88da7fcc1d8ea1168,data/datasets/sid-set/candidate-1500/images/fake/5c98200a5e31b4dce29f8fd423fc19015db1bf1420dcf1e88da7fcc1d8ea1168.png,saberzl/SID_Set,low,1,0.9575918316841125
5c99b21d9212140c364852950f5fef2cbad1ca30d42d1a2d177bafcd90c4047a,data/datasets/sid-set/candidate-1500/images/fake/5c99b21d9212140c364852950f5fef2cbad1ca30d42d1a2d177bafcd90c4047a.png,saberzl/SID_Set,low,1,0.8102624416351318
5cc1e37ea190936b40c7bb7b6fee4a1d1a9fd12cd7c17ec95fcb3647291ce07e,data/datasets/sid-set/candidate-1500/images/real/5cc1e37ea190936b40c7bb7b6fee4a1d1a9fd12cd7c17ec95fcb3647291ce07e.jpg,saberzl/SID_Set,medium,0,0.9740877747535706
5d757d09839021c85a7663a298f306e253b4dcc4b845eefe2401ba11f550d653,data/datasets/sid-set/candidate-1500/images/real/5d757d09839021c85a7663a298f306e253b4dcc4b845eefe2401ba11f550d653.jpg,saberzl/SID_Set,low,0,0.026233842596411705
5d8b101dd32d031b1b720d211ae31be6d0be0a1acfeda97c61f9bbce0bb63218,data/datasets/sid-set/candidate-1500/images/fake/5d8b101dd32d031b1b720d211ae31be6d0be0a1acfeda97c61f9bbce0bb63218.png,saberzl/SID_Set,medium,1,0.9925922155380249
5da22bdd0697c9f2324b06e4fe04c320460f0cb06429e5fb562837d9552a2959,data/datasets/sid-set/candidate-1500/images/real/5da22bdd0697c9f2324b06e4fe04c320460f0cb06429e5fb562837d9552a2959.jpg,saberzl/SID_Set,medium,0,0.04651563987135887
5da4ef2b94390dafa65b7e3d5a763cdc042cf28a8cf9a00f5fe470bd9c569d2f,data/datasets/sid-set/candidate-1500/images/real/5da4ef2b94390dafa65b7e3d5a763cdc042cf28a8cf9a00f5fe470bd9c569d2f.jpg,saberzl/SID_Set,low,0,0.12869642674922943
5dadfc04088efb653f1433791a5c1ca4d91ead807d2e42fa214f256f770d48cf,data/datasets/sid-set/candidate-1500/images/real/5dadfc04088efb653f1433791a5c1ca4d91ead807d2e42fa214f256f770d48cf.jpg,saberzl/SID_Set,low,0,0.0026467067655175924
5db733a02dbbb335bc759185ad9583a6750cbdb8601611d6278f6a964b0f144d,data/datasets/sid-set/candidate-1500/images/real/5db733a02dbbb335bc759185ad9583a6750cbdb8601611d6278f6a964b0f144d.jpg,saberzl/SID_Set,medium,0,0.2305845320224762
5e21147d8937ea41a69d815511a65e24ea75e727cf6108856e4437734e33855b,data/datasets/sid-set/candidate-1500/images/real/5e21147d8937ea41a69d815511a65e24ea75e727cf6108856e4437734e33855b.jpg,saberzl/SID_Set,high,0,0.21118766069412231
5e5bbf8cbc81cb882db71d878b8cb459d566c5342130efc9864cd16b5b168f0d,data/datasets/sid-set/candidate-1500/images/real/5e5bbf8cbc81cb882db71d878b8cb459d566c5342130efc9864cd16b5b168f0d.jpg,saberzl/SID_Set,low,0,0.2777819037437439
5ea31bedf55977f1a533af56a9d621911ad91b2e32b6451db74b72f14d760c1a,data/datasets/sid-set/candidate-1500/images/real/5ea31bedf55977f1a533af56a9d621911ad91b2e32b6451db74b72f14d760c1a.jpg,saberzl/SID_Set,low,0,0.37969493865966797
5ed754ae4a356c5afd2a3c2c323c92114388ab10e39a7990ea8b9f35b31a824e,data/datasets/sid-set/candidate-1500/images/fake/5ed754ae4a356c5afd2a3c2c323c92114388ab10e39a7990ea8b9f35b31a824e.png,saberzl/SID_Set,medium,1,0.7864272594451904
5ee9ad8c13c7038227e3cc8e531897c144ab4264e67f4bc3a46c24142d6ac5dd,data/datasets/sid-set/candidate-1500/images/real/5ee9ad8c13c7038227e3cc8e531897c144ab4264e67f4bc3a46c24142d6ac5dd.jpg,saberzl/SID_Set,medium,0,0.6704292297363281
5eeb1d72bcd0f99b3869a07a3f1f655e21365430a5d720f017768954cb0a3e30,data/datasets/sid-set/candidate-1500/images/real/5eeb1d72bcd0f99b3869a07a3f1f655e21365430a5d720f017768954cb0a3e30.jpg,saberzl/SID_Set,medium,0,0.003213756252080202
5eee380cd58c7dd9a6d1ef8c2e623418426b7846433cd607425160b76caa3cd7,data/datasets/sid-set/candidate-1500/images/real/5eee380cd58c7dd9a6d1ef8c2e623418426b7846433cd607425160b76caa3cd7.jpg,saberzl/SID_Set,low,0,0.966180145740509
5f12ab5667503acd5c6574b29b840dff45e2139d867b7431f0bd8a0e10dbd853,data/datasets/sid-set/candidate-1500/images/fake/5f12ab5667503acd5c6574b29b840dff45e2139d867b7431f0bd8a0e10dbd853.png,saberzl/SID_Set,high,1,0.9955464601516724
5f1d99385759cba91ae16d14781b311ce2af47cee5b6c6e4646d19f58d33dc18,data/datasets/sid-set/candidate-1500/images/real/5f1d99385759cba91ae16d14781b311ce2af47cee5b6c6e4646d19f58d33dc18.jpg,saberzl/SID_Set,low,0,0.2206331491470337
5f5de9d195fabd264db87d5b428829885e0abeba30c3c223c837a9b67bb17883,data/datasets/sid-set/candidate-1500/images/fake/5f5de9d195fabd264db87d5b428829885e0abeba30c3c223c837a9b67bb17883.png,saberzl/SID_Set,low,1,0.9969603419303894
5f64ab8c32132b1dd64073cbb0df16e838563d4ed34efc29a84be16bd06dda74,data/datasets/sid-set/candidate-1500/images/real/5f64ab8c32132b1dd64073cbb0df16e838563d4ed34efc29a84be16bd06dda74.jpg,saberzl/SID_Set,medium,0,0.08264192938804626
5f69b7d55356ddd6d631232e7016b73ff5b69629404fed4bc79727b8aced496d,data/datasets/sid-set/candidate-1500/images/real/5f69b7d55356ddd6d631232e7016b73ff5b69629404fed4bc79727b8aced496d.jpg,saberzl/SID_Set,medium,0,0.3372457027435303
609cc40185e765073712c92dc3c58e363eb4c683ff5cd2658fc1f481ca930789,data/datasets/sid-set/candidate-1500/images/fake/609cc40185e765073712c92dc3c58e363eb4c683ff5cd2658fc1f481ca930789.png,saberzl/SID_Set,medium,1,0.960859477519989
609eda2155b05800513ca2221d237437c4fd17d8106b56a642c540736c1935ce,data/datasets/sid-set/candidate-1500/images/fake/609eda2155b05800513ca2221d237437c4fd17d8106b56a642c540736c1935ce.png,saberzl/SID_Set,medium,1,0.8312978148460388
6116c903f45c0499d52181a737eae6167d8781453da3ed62cfdd0740ca79807f,data/datasets/sid-set/candidate-1500/images/fake/6116c903f45c0499d52181a737eae6167d8781453da3ed62cfdd0740ca79807f.png,saberzl/SID_Set,medium,1,0.8895223140716553
612e65006de9350c1327c9c1d2c5a78846df707f4d8176e452e3a93ff6ab37f0,data/datasets/sid-set/candidate-1500/images/real/612e65006de9350c1327c9c1d2c5a78846df707f4d8176e452e3a93ff6ab37f0.jpg,saberzl/SID_Set,low,0,0.9785172343254089
6131789657343a90a364bc780e1680ced89ee792b92a5215fed0c51008c264bb,data/datasets/sid-set/candidate-1500/images/fake/6131789657343a90a364bc780e1680ced89ee792b92a5215fed0c51008c264bb.png,saberzl/SID_Set,medium,1,0.9743459224700928
6138e8d7e64e65ad401ba3d5715c30512a4f889567050a9de4c7197459568b2a,data/datasets/sid-set/candidate-1500/images/fake/6138e8d7e64e65ad401ba3d5715c30512a4f889567050a9de4c7197459568b2a.png,saberzl/SID_Set,medium,1,0.9297287464141846
613918085d28a4d0e51a50ec0da8db2265a16e15718d48ca233d2c027379c6ce,data/datasets/sid-set/candidate-1500/images/real/613918085d28a4d0e51a50ec0da8db2265a16e15718d48ca233d2c027379c6ce.jpg,saberzl/SID_Set,medium,0,0.052276622503995895
6146a2b2a8107c10a1e30896ddc04be24699473f1e4523531609b3ee8e85287f,data/datasets/sid-set/candidate-1500/images/real/6146a2b2a8107c10a1e30896ddc04be24699473f1e4523531609b3ee8e85287f.jpg,saberzl/SID_Set,medium,0,0.05202662944793701
6199200986325e5fc448796786739d393a23a95be3c7084fa735f7565592f389,data/datasets/sid-set/candidate-1500/images/fake/6199200986325e5fc448796786739d393a23a95be3c7084fa735f7565592f389.png,saberzl/SID_Set,medium,1,0.9830856323242188
61a8df1641bf64796e73420f2245f5a75f38230d995a7b00fd1305069ab09bcc,data/datasets/sid-set/candidate-1500/images/fake/61a8df1641bf64796e73420f2245f5a75f38230d995a7b00fd1305069ab09bcc.png,saberzl/SID_Set,medium,1,0.9918135404586792
61e0332946ff38a35a3fdb6830ec096bfe5ae49e8ab6e8a04355730730701b82,data/datasets/sid-set/candidate-1500/images/real/61e0332946ff38a35a3fdb6830ec096bfe5ae49e8ab6e8a04355730730701b82.jpg,saberzl/SID_Set,medium,0,0.8744800090789795
61f3d0ee0f0a347146006c71f380deb2a92fdbf3028176338dfb2c8c42db839d,data/datasets/sid-set/candidate-1500/images/fake/61f3d0ee0f0a347146006c71f380deb2a92fdbf3028176338dfb2c8c42db839d.png,saberzl/SID_Set,medium,1,0.993417501449585
62437e31b5098984f70eef1d8dbd2820695d6fcf182fe54572cce2d859251dad,data/datasets/sid-set/candidate-1500/images/real/62437e31b5098984f70eef1d8dbd2820695d6fcf182fe54572cce2d859251dad.jpg,saberzl/SID_Set,medium,0,0.11047045141458511
62795a2b1cbe271bf97399a28ad4fac3bfc23f8f38707773ce1438374182d797,data/datasets/sid-set/candidate-1500/images/fake/62795a2b1cbe271bf97399a28ad4fac3bfc23f8f38707773ce1438374182d797.png,saberzl/SID_Set,medium,1,0.9980483055114746
627b081df829f25880c792373ffdd1dfad46a7556b1c160a28c816d14443f2f2,data/datasets/sid-set/candidate-1500/images/fake/627b081df829f25880c792373ffdd1dfad46a7556b1c160a28c816d14443f2f2.png,saberzl/SID_Set,medium,1,0.9723868370056152
629e86c8a84a620ddab79b9acddeb48129ff844e5c96e9582905c6ffce3e4398,data/datasets/sid-set/candidate-1500/images/fake/629e86c8a84a620ddab79b9acddeb48129ff844e5c96e9582905c6ffce3e4398.png,saberzl/SID_Set,low,1,0.9007155299186707
62d2a3b5c43c2ff741103a2a8bfe2ebf6991337006caa03ab823243c8eb1cae4,data/datasets/sid-set/candidate-1500/images/fake/62d2a3b5c43c2ff741103a2a8bfe2ebf6991337006caa03ab823243c8eb1cae4.png,saberzl/SID_Set,low,1,0.934684157371521
62ec2e602797e8a18f3ebd78a3b7f77c2e12e08bdf38762d025634e3a90114d0,data/datasets/sid-set/candidate-1500/images/real/62ec2e602797e8a18f3ebd78a3b7f77c2e12e08bdf38762d025634e3a90114d0.jpg,saberzl/SID_Set,medium,0,0.15895991027355194
6302fc45b66e8edecec30b745b4c49971e5487938b63515bb3281b3e42160bde,data/datasets/sid-set/candidate-1500/images/fake/6302fc45b66e8edecec30b745b4c49971e5487938b63515bb3281b3e42160bde.png,saberzl/SID_Set,low,1,0.8962580561637878
63421c317e9b92d2ce48a0b71418d30afe7d560fb47387558ed49efb6c468cd9,data/datasets/sid-set/candidate-1500/images/real/63421c317e9b92d2ce48a0b71418d30afe7d560fb47387558ed49efb6c468cd9.jpg,saberzl/SID_Set,low,0,0.4719148278236389
639eb577226be3612ee2444fff43f5d1ecd8ef1cc9a8c9dfea51ad79f86d2efe,data/datasets/sid-set/candidate-1500/images/real/639eb577226be3612ee2444fff43f5d1ecd8ef1cc9a8c9dfea51ad79f86d2efe.jpg,saberzl/SID_Set,medium,0,0.2841154932975769
63d2dfe772f2266863c7b943c781ba67154e71b40c91568a275417947f8ead18,data/datasets/sid-set/candidate-1500/images/fake/63d2dfe772f2266863c7b943c781ba67154e71b40c91568a275417947f8ead18.png,saberzl/SID_Set,medium,1,0.9890923500061035
63d7865d87da067fb24617166bc8dcc90dc1f7faa917346fc3f7c0747709e3f4,data/datasets/sid-set/candidate-1500/images/fake/63d7865d87da067fb24617166bc8dcc90dc1f7faa917346fc3f7c0747709e3f4.png,saberzl/SID_Set,low,1,0.9906028509140015
63e243d8dd7d79235f2350208fd044a798d20674ce7382af0e1f6d61e43f4606,data/datasets/sid-set/candidate-1500/images/real/63e243d8dd7d79235f2350208fd044a798d20674ce7382af0e1f6d61e43f4606.jpg,saberzl/SID_Set,medium,0,0.4509069323539734
6432259a10bbb88bac20f3b4d92616098c8690983a217d4d3ee770272b2cc8ed,data/datasets/sid-set/candidate-1500/images/real/6432259a10bbb88bac20f3b4d92616098c8690983a217d4d3ee770272b2cc8ed.jpg,saberzl/SID_Set,medium,0,0.00339384819380939
649340a3e2fe07e951ceba421ed6d5ac10a5af0a311ad7cbc7d5c5dccad03a14,data/datasets/sid-set/candidate-1500/images/real/649340a3e2fe07e951ceba421ed6d5ac10a5af0a311ad7cbc7d5c5dccad03a14.jpg,saberzl/SID_Set,medium,0,0.19611452519893646
649d258031226ee739fcd4b411182e18099676bc2cbc83a1a3cc73ab399192c9,data/datasets/sid-set/candidate-1500/images/real/649d258031226ee739fcd4b411182e18099676bc2cbc83a1a3cc73ab399192c9.jpg,saberzl/SID_Set,low,0,0.5117228627204895
64b2b8fd05d23d9e3c78636435ae821aa4b87b280394a5959dbdc087dd86566d,data/datasets/sid-set/candidate-1500/images/fake/64b2b8fd05d23d9e3c78636435ae821aa4b87b280394a5959dbdc087dd86566d.png,saberzl/SID_Set,medium,1,0.9796546101570129
64b8981cad627b8a4ea522fd7f9b4665a2e7ac294ee7c603d493de48c23de7a4,data/datasets/sid-set/candidate-1500/images/fake/64b8981cad627b8a4ea522fd7f9b4665a2e7ac294ee7c603d493de48c23de7a4.png,saberzl/SID_Set,medium,1,0.9821630120277405
64b9436c30dff085335c7686ba925335eaa15a6ab2cfcfba774cdb15007e7787,data/datasets/sid-set/candidate-1500/images/fake/64b9436c30dff085335c7686ba925335eaa15a6ab2cfcfba774cdb15007e7787.png,saberzl/SID_Set,low,1,0.9835928678512573
652f4873689a83ee01585c4938c72d4a193e6e67f382c1b5d8125a8f03de2482,data/datasets/sid-set/candidate-1500/images/real/652f4873689a83ee01585c4938c72d4a193e6e67f382c1b5d8125a8f03de2482.jpg,saberzl/SID_Set,high,0,0.0037324861623346806
653d89253da6c1f1dbd9cd55fc20c99dbdbfa2a2dfdaf3ce2cc7d5bb6c657f2d,data/datasets/sid-set/candidate-1500/images/fake/653d89253da6c1f1dbd9cd55fc20c99dbdbfa2a2dfdaf3ce2cc7d5bb6c657f2d.png,saberzl/SID_Set,medium,1,0.9899196624755859
656c6d653b361c1f1cf66cbba68e2fd0efab8ad24a62548af77f42abc9760b15,data/datasets/sid-set/candidate-1500/images/real/656c6d653b361c1f1cf66cbba68e2fd0efab8ad24a62548af77f42abc9760b15.jpg,saberzl/SID_Set,low,0,0.643086850643158
6573a05e0f042ff897860af408a1e852567e14ff1b7861647f3f69c6a03a8017,data/datasets/sid-set/candidate-1500/images/fake/6573a05e0f042ff897860af408a1e852567e14ff1b7861647f3f69c6a03a8017.png,saberzl/SID_Set,medium,1,0.9914430975914001
65915b5bce38beed603f025a2c675ca18b72ab5b065b7f069af2578062a3106e,data/datasets/sid-set/candidate-1500/images/fake/65915b5bce38beed603f025a2c675ca18b72ab5b065b7f069af2578062a3106e.png,saberzl/SID_Set,low,1,0.999503493309021
659330a1f2249c111d7d4c9e85f34b9b1e57def3f8b4e13e85498914b29f8061,data/datasets/sid-set/candidate-1500/images/real/659330a1f2249c111d7d4c9e85f34b9b1e57def3f8b4e13e85498914b29f8061.jpg,saberzl/SID_Set,low,0,0.8291833996772766
65dd5ce1b90f73808f8b19456d70aa35b95eef26d213b34cee35cfa3f74ffcd6,data/datasets/sid-set/candidate-1500/images/real/65dd5ce1b90f73808f8b19456d70aa35b95eef26d213b34cee35cfa3f74ffcd6.jpg,saberzl/SID_Set,low,0,0.011338701471686363
65e22c1aebb70755cf0889923750dd3e349ca0bdc313c542d1efce2067d95c58,data/datasets/sid-set/candidate-1500/images/real/65e22c1aebb70755cf0889923750dd3e349ca0bdc313c542d1efce2067d95c58.jpg,saberzl/SID_Set,medium,0,0.7966927289962769
65edb2b5d37d8f107c692d52733dbc66b5f25f692052d2726b99765e822b0f2c,data/datasets/sid-set/candidate-1500/images/real/65edb2b5d37d8f107c692d52733dbc66b5f25f692052d2726b99765e822b0f2c.jpg,saberzl/SID_Set,medium,0,0.5119175314903259
66454cda10666ba074a74a6d4f396f6fea518319816d6ff6c0fe2769dd49a2cf,data/datasets/sid-set/candidate-1500/images/fake/66454cda10666ba074a74a6d4f396f6fea518319816d6ff6c0fe2769dd49a2cf.png,saberzl/SID_Set,medium,1,0.9615723490715027
664878a4f78a74d56043eb9e097cdfe007457c001e8a881a1778becdae4106fe,data/datasets/sid-set/candidate-1500/images/fake/664878a4f78a74d56043eb9e097cdfe007457c001e8a881a1778becdae4106fe.png,saberzl/SID_Set,medium,1,0.9879949688911438
664ebbfcfde81849303f05d41709140352ee89f7a8bad475c74f574ec766ab99,data/datasets/sid-set/candidate-1500/images/real/664ebbfcfde81849303f05d41709140352ee89f7a8bad475c74f574ec766ab99.jpg,saberzl/SID_Set,medium,0,0.4271741509437561
66634d87c33103bc19f04b1eed51aff1ace7153a01d936eaa6bea4b35536d131,data/datasets/sid-set/candidate-1500/images/real/66634d87c33103bc19f04b1eed51aff1ace7153a01d936eaa6bea4b35536d131.jpg,saberzl/SID_Set,medium,0,0.5517230033874512
66bf7434d7333de2c74758090af8b4464566795679dadfaeb437f68d09c0865b,data/datasets/sid-set/candidate-1500/images/real/66bf7434d7333de2c74758090af8b4464566795679dadfaeb437f68d09c0865b.jpg,saberzl/SID_Set,medium,0,0.09747041761875153
66d1c75663ae34ad18d2851f9f84f8ea3d30d2db53494ff60c49e84435e3a26c,data/datasets/sid-set/candidate-1500/images/real/66d1c75663ae34ad18d2851f9f84f8ea3d30d2db53494ff60c49e84435e3a26c.jpg,saberzl/SID_Set,medium,0,0.002823822433128953
66d53afefd8f37af30c4eacf5dc27b5759d0bb9880395d25f02ad7c0ea84c2db,data/datasets/sid-set/candidate-1500/images/fake/66d53afefd8f37af30c4eacf5dc27b5759d0bb9880395d25f02ad7c0ea84c2db.png,saberzl/SID_Set,medium,1,0.9767416715621948
66ebebfe61092a58fefab8a3403ac3e8d0a4c79b08258d28f82f1bc20f5593c1,data/datasets/sid-set/candidate-1500/images/fake/66ebebfe61092a58fefab8a3403ac3e8d0a4c79b08258d28f82f1bc20f5593c1.png,saberzl/SID_Set,medium,1,0.9464896321296692
66ec07f3268afb98181f2731532e73529c0f8f5063b1b1031364da558e81340b,data/datasets/sid-set/candidate-1500/images/real/66ec07f3268afb98181f2731532e73529c0f8f5063b1b1031364da558e81340b.jpg,saberzl/SID_Set,medium,0,0.05110027268528938
67103560b7f48a342fcf54f428c4c0de9cc23370208290138e7c3aa46ceee49f,data/datasets/sid-set/candidate-1500/images/real/67103560b7f48a342fcf54f428c4c0de9cc23370208290138e7c3aa46ceee49f.jpg,saberzl/SID_Set,medium,0,0.03212177753448486
6721c9afd2cdf9b930c1cc850b87224dcb850ca829d50e2ac2c04ee4afe1ecfb,data/datasets/sid-set/candidate-1500/images/fake/6721c9afd2cdf9b930c1cc850b87224dcb850ca829d50e2ac2c04ee4afe1ecfb.png,saberzl/SID_Set,medium,1,0.9526663422584534
679bb9a6a297c82d449849e2b18096083d645586cec4d48eb012ec03cd11f92a,data/datasets/sid-set/candidate-1500/images/fake/679bb9a6a297c82d449849e2b18096083d645586cec4d48eb012ec03cd11f92a.png,saberzl/SID_Set,medium,1,0.9816170930862427
6835897ccb9f02871a2d62d05430193dff627471e4e6769f98b3aee91f32e2fc,data/datasets/sid-set/candidate-1500/images/real/6835897ccb9f02871a2d62d05430193dff627471e4e6769f98b3aee91f32e2fc.jpg,saberzl/SID_Set,medium,0,0.04963904991745949
684a33b52966bed97e330ad9aa667d823625561c4d7aaa830e25bf5b993f9ec4,data/datasets/sid-set/candidate-1500/images/real/684a33b52966bed97e330ad9aa667d823625561c4d7aaa830e25bf5b993f9ec4.jpg,saberzl/SID_Set,medium,0,0.005543283652514219
685e75a856fc0c25228841d7263a8e5b505a5a1364f212dd2f846ea8bf6ce91f,data/datasets/sid-set/candidate-1500/images/real/685e75a856fc0c25228841d7263a8e5b505a5a1364f212dd2f846ea8bf6ce91f.jpg,saberzl/SID_Set,medium,0,0.38530153036117554
689efe8e89302b0ae81cf020a5c4646078c804f56ff5bf55ab011f3e0fd14ac4,data/datasets/sid-set/candidate-1500/images/fake/689efe8e89302b0ae81cf020a5c4646078c804f56ff5bf55ab011f3e0fd14ac4.png,saberzl/SID_Set,low,1,0.9856951832771301
68dfa19f9c378552dc703fdc4d3f3e02c5719c98ccc79494439c9ccbe5a54d6f,data/datasets/sid-set/candidate-1500/images/fake/68dfa19f9c378552dc703fdc4d3f3e02c5719c98ccc79494439c9ccbe5a54d6f.png,saberzl/SID_Set,medium,1,0.924394965171814
68ebf76b0fc0bd06e3d72f2f08a935d04eeb0d93e558ae0b3d6273b7cdf5bde9,data/datasets/sid-set/candidate-1500/images/real/68ebf76b0fc0bd06e3d72f2f08a935d04eeb0d93e558ae0b3d6273b7cdf5bde9.jpg,saberzl/SID_Set,medium,0,0.011074751615524292
69043932aeb8e7996820ea96f3d2af8587a6180b83fc90f275acaa022529507d,data/datasets/sid-set/candidate-1500/images/fake/69043932aeb8e7996820ea96f3d2af8587a6180b83fc90f275acaa022529507d.png,saberzl/SID_Set,low,1,0.648264467716217
693ba2c39e5fe30924b39b31770a389ba5fe069bbefdcc89f8598cd0cdd91e91,data/datasets/sid-set/candidate-1500/images/fake/693ba2c39e5fe30924b39b31770a389ba5fe069bbefdcc89f8598cd0cdd91e91.png,saberzl/SID_Set,low,1,0.9847361445426941
69448d1017a30916f777a96e9ff75c7be1236691dad3401a6c1fb161cfee11ff,data/datasets/sid-set/candidate-1500/images/fake/69448d1017a30916f777a96e9ff75c7be1236691dad3401a6c1fb161cfee11ff.png,saberzl/SID_Set,low,1,0.9549168944358826
6965fa89e9f7103ca53d09b3c5a65bad7d21c5c0b88f4f7b83811e3213844d0f,data/datasets/sid-set/candidate-1500/images/fake/6965fa89e9f7103ca53d09b3c5a65bad7d21c5c0b88f4f7b83811e3213844d0f.png,saberzl/SID_Set,medium,1,0.931665301322937
696de1498a10e4eca3fd3f9771b5cc83775673df5d10a9a2044c25a119e300dc,data/datasets/sid-set/candidate-1500/images/real/696de1498a10e4eca3fd3f9771b5cc83775673df5d10a9a2044c25a119e300dc.jpg,saberzl/SID_Set,medium,0,0.13941581547260284
69c137cbe2067bb202aaad547c357ef2ff831f099ad15ab356ff2648ed16e8fb,data/datasets/sid-set/candidate-1500/images/fake/69c137cbe2067bb202aaad547c357ef2ff831f099ad15ab356ff2648ed16e8fb.png,saberzl/SID_Set,low,1,0.967366099357605
69de0c6e7d3ca10c8360280395826c018a2253ca47e0dc859d5e48194feda47d,data/datasets/sid-set/candidate-1500/images/fake/69de0c6e7d3ca10c8360280395826c018a2253ca47e0dc859d5e48194feda47d.png,saberzl/SID_Set,low,1,0.7201681733131409
69ee5e572ac48f529d8b5d4be293cdffe65d8692f86ac792a8e6c22d49e0ebf3,data/datasets/sid-set/candidate-1500/images/real/69ee5e572ac48f529d8b5d4be293cdffe65d8692f86ac792a8e6c22d49e0ebf3.jpg,saberzl/SID_Set,medium,0,0.15345165133476257
6a33285abbc3d5846597b6619fb4474a27b840622dd3f4d4879a8b4d91c3f426,data/datasets/sid-set/candidate-1500/images/fake/6a33285abbc3d5846597b6619fb4474a27b840622dd3f4d4879a8b4d91c3f426.png,saberzl/SID_Set,low,1,0.7911299467086792
6a4b688424ac4ae534366c3458edce650c975d0a8b4eb12c2fef740769e9e465,data/datasets/sid-set/candidate-1500/images/fake/6a4b688424ac4ae534366c3458edce650c975d0a8b4eb12c2fef740769e9e465.png,saberzl/SID_Set,medium,1,0.9195567965507507
6a4f8a6c3d50a4e80192ba96671ae34cc494c968758eddd3b84e385e043190e0,data/datasets/sid-set/candidate-1500/images/real/6a4f8a6c3d50a4e80192ba96671ae34cc494c968758eddd3b84e385e043190e0.jpg,saberzl/SID_Set,medium,0,0.01932739093899727
6b1440b888d54654d443b70b1bd4410c4eebca72089fd9b0502bb6bb72cf7d83,data/datasets/sid-set/candidate-1500/images/fake/6b1440b888d54654d443b70b1bd4410c4eebca72089fd9b0502bb6bb72cf7d83.png,saberzl/SID_Set,medium,1,0.8652244210243225
6b3c4dfb860a050748c40524258998b7e96b7e458f87092af8806663d69575bb,data/datasets/sid-set/candidate-1500/images/fake/6b3c4dfb860a050748c40524258998b7e96b7e458f87092af8806663d69575bb.png,saberzl/SID_Set,low,1,0.7869696021080017
6b45fc8929661a521ecdc114325bdfd24d6ba9a11a995a75bc876229652407c8,data/datasets/sid-set/candidate-1500/images/real/6b45fc8929661a521ecdc114325bdfd24d6ba9a11a995a75bc876229652407c8.jpg,saberzl/SID_Set,medium,0,0.9989290833473206
6b544cb858e7eb367417f4d4989f0c8b1e77f688751d78a5ecc42ec42b070409,data/datasets/sid-set/candidate-1500/images/fake/6b544cb858e7eb367417f4d4989f0c8b1e77f688751d78a5ecc42ec42b070409.png,saberzl/SID_Set,medium,1,0.9792786836624146
6b5c4caa9f8c827cf1ac9b6e2501e0dc1b3490f37b3200bdc311c1fe537f298d,data/datasets/sid-set/candidate-1500/images/real/6b5c4caa9f8c827cf1ac9b6e2501e0dc1b3490f37b3200bdc311c1fe537f298d.jpg,saberzl/SID_Set,medium,0,0.952121913433075
6b641e123f139078d2ebfff7d6c6c94ff77150c8c843e8fe3af09b1cb72df2a4,data/datasets/sid-set/candidate-1500/images/fake/6b641e123f139078d2ebfff7d6c6c94ff77150c8c843e8fe3af09b1cb72df2a4.png,saberzl/SID_Set,low,1,0.9948875308036804
6b6a431123b4e99848b9496dc11a8bafb2173fcc511a76b4d746629656e88e51,data/datasets/sid-set/candidate-1500/images/fake/6b6a431123b4e99848b9496dc11a8bafb2173fcc511a76b4d746629656e88e51.png,saberzl/SID_Set,medium,1,0.879123866558075
6bc944cecbc1a01c868dd0129e46912a74111d34f14619257ee5c0262fbb93f7,data/datasets/sid-set/candidate-1500/images/fake/6bc944cecbc1a01c868dd0129e46912a74111d34f14619257ee5c0262fbb93f7.png,saberzl/SID_Set,low,1,0.8783893585205078
6bcd11902bf1280b150d17934d4c8997bd89cfbc1560db92bcee1369006573d1,data/datasets/sid-set/candidate-1500/images/fake/6bcd11902bf1280b150d17934d4c8997bd89cfbc1560db92bcee1369006573d1.png,saberzl/SID_Set,low,1,0.7284202575683594
6bdaeb2357d4f167fb27501e85543ec69401a62659f73a07b4145afc7b99e4b2,data/datasets/sid-set/candidate-1500/images/fake/6bdaeb2357d4f167fb27501e85543ec69401a62659f73a07b4145afc7b99e4b2.png,saberzl/SID_Set,low,1,0.7435433268547058
6be8736f3c08ed8fc8eec1d31992235b6f3f24f2d18f6ec213b0105ab4e3fd2d,data/datasets/sid-set/candidate-1500/images/real/6be8736f3c08ed8fc8eec1d31992235b6f3f24f2d18f6ec213b0105ab4e3fd2d.jpg,saberzl/SID_Set,medium,0,0.831712543964386
6c35d8194182547646f5565dabc5f1f7ab04bdee7eece4ad083c32a1cd5d90b8,data/datasets/sid-set/candidate-1500/images/real/6c35d8194182547646f5565dabc5f1f7ab04bdee7eece4ad083c32a1cd5d90b8.jpg,saberzl/SID_Set,medium,0,0.24858629703521729
6c3c126e9083caf94ee2402d33924f28978a3e4eeaebf81caf86bcd3c9f9b3c4,data/datasets/sid-set/candidate-1500/images/real/6c3c126e9083caf94ee2402d33924f28978a3e4eeaebf81caf86bcd3c9f9b3c4.jpg,saberzl/SID_Set,low,0,0.07148399204015732
6c857503ce267cbc4313de2db31286bd5a89370d6723cbdbdb6384f4296fe8b6,data/datasets/sid-set/candidate-1500/images/fake/6c857503ce267cbc4313de2db31286bd5a89370d6723cbdbdb6384f4296fe8b6.png,saberzl/SID_Set,medium,1,0.9266678690910339
6d0bdedde6b0b83fdeffa49d2c2a731d531f9dca10ad30cca301e626cc3a06bf,data/datasets/sid-set/candidate-1500/images/fake/6d0bdedde6b0b83fdeffa49d2c2a731d531f9dca10ad30cca301e626cc3a06bf.png,saberzl/SID_Set,medium,1,0.9606101512908936
6d120d09228578f1f213a629b1b9d736d63dd2bff9975d5e92a91913fec9f58e,data/datasets/sid-set/candidate-1500/images/real/6d120d09228578f1f213a629b1b9d736d63dd2bff9975d5e92a91913fec9f58e.jpg,saberzl/SID_Set,medium,0,0.34882012009620667
6d2e4f96404cc20df76574797024769eb6ab7d95de8b9e8e991c7acf3211f8d0,data/datasets/sid-set/candidate-1500/images/fake/6d2e4f96404cc20df76574797024769eb6ab7d95de8b9e8e991c7acf3211f8d0.png,saberzl/SID_Set,low,1,0.9681833982467651
6d3485970ff3d94b7010c9e9f8154d180a2628f4f16e5e5c9a47caf05baade07,data/datasets/sid-set/candidate-1500/images/real/6d3485970ff3d94b7010c9e9f8154d180a2628f4f16e5e5c9a47caf05baade07.jpg,saberzl/SID_Set,medium,0,0.07131480425596237
6d6c7c1d26a4855156cc8bcb735dbf23eb710ed98d1a8a54444ce5a2b929e5f9,data/datasets/sid-set/candidate-1500/images/real/6d6c7c1d26a4855156cc8bcb735dbf23eb710ed98d1a8a54444ce5a2b929e5f9.jpg,saberzl/SID_Set,low,0,0.9951725602149963
6d6f2b26cfd5da01ae1a97c067afa6c8d5ca52f9ee17f2f7a487b1790fd7f737,data/datasets/sid-set/candidate-1500/images/fake/6d6f2b26cfd5da01ae1a97c067afa6c8d5ca52f9ee17f2f7a487b1790fd7f737.png,saberzl/SID_Set,medium,1,0.9848247170448303
6d907b94a64bd6c32b0dcdb8e8df84fbd341b0c7504629157b541724db8b90e9,data/datasets/sid-set/candidate-1500/images/fake/6d907b94a64bd6c32b0dcdb8e8df84fbd341b0c7504629157b541724db8b90e9.png,saberzl/SID_Set,medium,1,0.9795921444892883
6e5e780ec57c887e38970954e1d6f1c5e62eaf249c34b8aa5b1d1a0628b6c08e,data/datasets/sid-set/candidate-1500/images/real/6e5e780ec57c887e38970954e1d6f1c5e62eaf249c34b8aa5b1d1a0628b6c08e.jpg,saberzl/SID_Set,low,0,0.8445013165473938
6e9dde5952b5a038c37ceb20f8670471b190048508ef7b93e4282f9887f5ce89,data/datasets/sid-set/candidate-1500/images/fake/6e9dde5952b5a038c37ceb20f8670471b190048508ef7b93e4282f9887f5ce89.png,saberzl/SID_Set,medium,1,0.9529732465744019
6eba3ccf3bedda664d1c8422a4d54f4818ac7e8f1ce2f4f7ab558a86281d4179,data/datasets/sid-set/candidate-1500/images/fake/6eba3ccf3bedda664d1c8422a4d54f4818ac7e8f1ce2f4f7ab558a86281d4179.png,saberzl/SID_Set,medium,1,0.9826535582542419
6ed882855088926bcfb8eb3db9cc42c2c63637d23d8d830a64b22a8d299b1a69,data/datasets/sid-set/candidate-1500/images/fake/6ed882855088926bcfb8eb3db9cc42c2c63637d23d8d830a64b22a8d299b1a69.png,saberzl/SID_Set,low,1,0.9203307628631592
6f4b0d6f94f8e97b057ef70c466cbb3404f243811c669db14030bc756cf1324e,data/datasets/sid-set/candidate-1500/images/real/6f4b0d6f94f8e97b057ef70c466cbb3404f243811c669db14030bc756cf1324e.jpg,saberzl/SID_Set,medium,0,0.2763808071613312
6f605da3eed2d0984ac459361672be6f85c06deda2f3d2d98ec1b7c184d44152,data/datasets/sid-set/candidate-1500/images/real/6f605da3eed2d0984ac459361672be6f85c06deda2f3d2d98ec1b7c184d44152.jpg,saberzl/SID_Set,medium,0,0.2640568017959595
6f75bf091e1993e35dc86e628bc17853a72347896a2c14dd9b65e45126a3c45e,data/datasets/sid-set/candidate-1500/images/fake/6f75bf091e1993e35dc86e628bc17853a72347896a2c14dd9b65e45126a3c45e.png,saberzl/SID_Set,low,1,0.9866467714309692
6f7f984ed2ea50137063456dbbcfd0e6ba5bc8311bac8e263856ae5b52f9fbcd,data/datasets/sid-set/candidate-1500/images/real/6f7f984ed2ea50137063456dbbcfd0e6ba5bc8311bac8e263856ae5b52f9fbcd.jpg,saberzl/SID_Set,medium,0,0.02838931605219841
6fb7195d5a54bba2928a575369ec5d2b29fa14e128eed97dd03213138613b66d,data/datasets/sid-set/candidate-1500/images/real/6fb7195d5a54bba2928a575369ec5d2b29fa14e128eed97dd03213138613b66d.jpg,saberzl/SID_Set,low,0,0.09921346604824066
6fef88a481af9792a4b340247bb67969229738a0d77c0869a91bf5c8ab068227,data/datasets/sid-set/candidate-1500/images/fake/6fef88a481af9792a4b340247bb67969229738a0d77c0869a91bf5c8ab068227.png,saberzl/SID_Set,medium,1,0.9483555555343628
6ff0b6c64e4ef01dc983d36657c55a14631621298bf944a74e19af935451afbf,data/datasets/sid-set/candidate-1500/images/real/6ff0b6c64e4ef01dc983d36657c55a14631621298bf944a74e19af935451afbf.jpg,saberzl/SID_Set,medium,0,0.5614816546440125
6ffc0f0fc68804ef0520def60205f0ea9e39db0e685ba1ecc0c426fb9fa452a6,data/datasets/sid-set/candidate-1500/images/real/6ffc0f0fc68804ef0520def60205f0ea9e39db0e685ba1ecc0c426fb9fa452a6.jpg,saberzl/SID_Set,low,0,0.5086430907249451
702a4890b4c6269bc5ac82e4ce37f73e2ca03adf9c9ab23b73a73fce3db09c65,data/datasets/sid-set/candidate-1500/images/real/702a4890b4c6269bc5ac82e4ce37f73e2ca03adf9c9ab23b73a73fce3db09c65.jpg,saberzl/SID_Set,medium,0,0.01476124208420515
70ac850399a2df17397e20c572beb7f260679ead16a799c735e45129b1ae083a,data/datasets/sid-set/candidate-1500/images/real/70ac850399a2df17397e20c572beb7f260679ead16a799c735e45129b1ae083a.jpg,saberzl/SID_Set,medium,0,0.0035749482922255993
70c4d7e09c93702424470328ad73ab01ff0612e83998c65f91f0493d64244b6f,data/datasets/sid-set/candidate-1500/images/real/70c4d7e09c93702424470328ad73ab01ff0612e83998c65f91f0493d64244b6f.jpg,saberzl/SID_Set,medium,0,0.9099873900413513
70c8e4f7ea3d7048f2f4aefb0254d160e6b1da3de252c0e058b2467438c6bba9,data/datasets/sid-set/candidate-1500/images/real/70c8e4f7ea3d7048f2f4aefb0254d160e6b1da3de252c0e058b2467438c6bba9.jpg,saberzl/SID_Set,medium,0,0.4241805076599121
70dca709174c90654c4ce6d832a0a7e5cdd4b98231a37b53614cf9b585102861,data/datasets/sid-set/candidate-1500/images/real/70dca709174c90654c4ce6d832a0a7e5cdd4b98231a37b53614cf9b585102861.jpg,saberzl/SID_Set,high,0,0.9243241548538208
7144d5e3186fd9f708242c10455ec0f93e81998ebb924060557ba43d5d7c9b74,data/datasets/sid-set/candidate-1500/images/fake/7144d5e3186fd9f708242c10455ec0f93e81998ebb924060557ba43d5d7c9b74.png,saberzl/SID_Set,low,1,0.9695968627929688
71455c055e395f9a915cc06f11f4a0b10ab8ff8771cef47e298d06bf8cafd1a5,data/datasets/sid-set/candidate-1500/images/fake/71455c055e395f9a915cc06f11f4a0b10ab8ff8771cef47e298d06bf8cafd1a5.png,saberzl/SID_Set,medium,1,0.9073606133460999
715d25d6bd8e98447fb6e93d579ba673ffee537e860084d34b4dfdd2f8ddbded,data/datasets/sid-set/candidate-1500/images/fake/715d25d6bd8e98447fb6e93d579ba673ffee537e860084d34b4dfdd2f8ddbded.png,saberzl/SID_Set,high,1,0.9263469576835632
718425999d0d9a1a5e6fd574d86d604b9241143c81303c4d5efd3966e50f8833,data/datasets/sid-set/candidate-1500/images/real/718425999d0d9a1a5e6fd574d86d604b9241143c81303c4d5efd3966e50f8833.jpg,saberzl/SID_Set,high,0,0.1544186919927597
7206bff6d13bd68031218da561c6d54fc49b5afea8dde33b72621a7e1271b618,data/datasets/sid-set/candidate-1500/images/real/7206bff6d13bd68031218da561c6d54fc49b5afea8dde33b72621a7e1271b618.jpg,saberzl/SID_Set,medium,0,0.8058066368103027
727dd53588295e102f4b493b9381fb05268c52ac225be618d46f2c18a6c47980,data/datasets/sid-set/candidate-1500/images/fake/727dd53588295e102f4b493b9381fb05268c52ac225be618d46f2c18a6c47980.png,saberzl/SID_Set,medium,1,0.984308660030365
72a8e3c675623c1587f80372aa19d9c043848b602044d984faacf469da344d0f,data/datasets/sid-set/candidate-1500/images/fake/72a8e3c675623c1587f80372aa19d9c043848b602044d984faacf469da344d0f.png,saberzl/SID_Set,medium,1,0.649396538734436
72e5bdcd0e437f4f32fc5f7ec74e012281fbab9b80202198e938908ce9acbb36,data/datasets/sid-set/candidate-1500/images/real/72e5bdcd0e437f4f32fc5f7ec74e012281fbab9b80202198e938908ce9acbb36.jpg,saberzl/SID_Set,medium,0,0.07923763990402222
738652d0d05b975d9ea9b268144514a1378626df6afa982ddace2885d9abc496,data/datasets/sid-set/candidate-1500/images/fake/738652d0d05b975d9ea9b268144514a1378626df6afa982ddace2885d9abc496.png,saberzl/SID_Set,medium,1,0.9955087900161743
73a204e8592e8de513bcb6383fd11e0991a6b87ece8735b00e867d89e5aa8456,data/datasets/sid-set/candidate-1500/images/real/73a204e8592e8de513bcb6383fd11e0991a6b87ece8735b00e867d89e5aa8456.jpg,saberzl/SID_Set,medium,0,0.7965391874313354
73ace201487ffe965dbb064b575a6d8064280b48a9e98d7e1a7534ee7944f10d,data/datasets/sid-set/candidate-1500/images/real/73ace201487ffe965dbb064b575a6d8064280b48a9e98d7e1a7534ee7944f10d.jpg,saberzl/SID_Set,low,0,0.9379863739013672
73fe48cc20b16b518e7d8fc9d3537981f5dddd79da4248f075e00144ea638d06,data/datasets/sid-set/candidate-1500/images/real/73fe48cc20b16b518e7d8fc9d3537981f5dddd79da4248f075e00144ea638d06.jpg,saberzl/SID_Set,medium,0,0.5575246810913086
74198b8fa4109520ef64b8a68f3c5685ac29685c59e16541b7dd18acacc53b9e,data/datasets/sid-set/candidate-1500/images/real/74198b8fa4109520ef64b8a68f3c5685ac29685c59e16541b7dd18acacc53b9e.jpg,saberzl/SID_Set,low,0,0.7540138363838196
742d0d08ca7253bd39793f915d738e80b6af835f8228f2b7b58e007ccfc6ea39,data/datasets/sid-set/candidate-1500/images/fake/742d0d08ca7253bd39793f915d738e80b6af835f8228f2b7b58e007ccfc6ea39.png,saberzl/SID_Set,medium,1,0.9355891942977905
74b8a598ad6d727a5a89894bc04b4042a5d86e4fa82a78b2647fc23b26081475,data/datasets/sid-set/candidate-1500/images/real/74b8a598ad6d727a5a89894bc04b4042a5d86e4fa82a78b2647fc23b26081475.jpg,saberzl/SID_Set,medium,0,0.23255661129951477
74c1953e708c974092f9498bd6ca2d12862b26c48139f4724d5f26d95668ce60,data/datasets/sid-set/candidate-1500/images/fake/74c1953e708c974092f9498bd6ca2d12862b26c48139f4724d5f26d95668ce60.png,saberzl/SID_Set,low,1,0.9738743305206299
74cdc10cac55834f7a069a7b4d5403e51dd14167abd0a2d574acaef2af711115,data/datasets/sid-set/candidate-1500/images/fake/74cdc10cac55834f7a069a7b4d5403e51dd14167abd0a2d574acaef2af711115.png,saberzl/SID_Set,medium,1,0.9794819951057434
7515b6800b681eb21faccb88df3708211e39aa9668eb5cd3bc62cbad8064f1ac,data/datasets/sid-set/candidate-1500/images/real/7515b6800b681eb21faccb88df3708211e39aa9668eb5cd3bc62cbad8064f1ac.jpg,saberzl/SID_Set,medium,0,0.00980647373944521
75c97689c4126590e2eabb5af3201262e9db4bcfa2512c07017f7abed13d25e6,data/datasets/sid-set/candidate-1500/images/real/75c97689c4126590e2eabb5af3201262e9db4bcfa2512c07017f7abed13d25e6.jpg,saberzl/SID_Set,medium,0,0.06788818538188934
75feee742e9b8e0bcb6f06ec52bdbf72fab911c82c183c752b0eb7800794f318,data/datasets/sid-set/candidate-1500/images/fake/75feee742e9b8e0bcb6f06ec52bdbf72fab911c82c183c752b0eb7800794f318.png,saberzl/SID_Set,medium,1,0.994721531867981
7652f7d972c008a40b88c9a67fdd5bd0395863aa9bff14d81717a5a156b2f87a,data/datasets/sid-set/candidate-1500/images/real/7652f7d972c008a40b88c9a67fdd5bd0395863aa9bff14d81717a5a156b2f87a.jpg,saberzl/SID_Set,medium,0,0.008514957502484322
7677c2739a85bba3ab01202196061fa2c0cf2ab6b98ec6e297ee0e9cd1ca3f32,data/datasets/sid-set/candidate-1500/images/real/7677c2739a85bba3ab01202196061fa2c0cf2ab6b98ec6e297ee0e9cd1ca3f32.jpg,saberzl/SID_Set,medium,0,0.10834717750549316
767fbae07f5b472811c513c212c8bc8e1b1346e7be6e70cdd8a7d1f28caf2a57,data/datasets/sid-set/candidate-1500/images/real/767fbae07f5b472811c513c212c8bc8e1b1346e7be6e70cdd8a7d1f28caf2a57.jpg,saberzl/SID_Set,low,0,0.27684396505355835
7693687a47bfd68f70514b08323af2dc3a1922d753f5855e96092b9bf983e500,data/datasets/sid-set/candidate-1500/images/real/7693687a47bfd68f70514b08323af2dc3a1922d753f5855e96092b9bf983e500.jpg,saberzl/SID_Set,medium,0,0.8777269124984741
77289796f4c98eb0448211aef42d9269c5c404ae6cb4cba245e9011c80e9aba8,data/datasets/sid-set/candidate-1500/images/real/77289796f4c98eb0448211aef42d9269c5c404ae6cb4cba245e9011c80e9aba8.jpg,saberzl/SID_Set,medium,0,0.09363546222448349
7735880ee022eed0d45301631f2d5f39dea00d6b517f27424119c7c7e5c0a696,data/datasets/sid-set/candidate-1500/images/real/7735880ee022eed0d45301631f2d5f39dea00d6b517f27424119c7c7e5c0a696.jpg,saberzl/SID_Set,low,0,0.35339778661727905
7736baef42d9dcdd78f18a7e8d48907fb78153650fcea5aa1e61e9520e3de3e5,data/datasets/sid-set/candidate-1500/images/real/7736baef42d9dcdd78f18a7e8d48907fb78153650fcea5aa1e61e9520e3de3e5.jpg,saberzl/SID_Set,medium,0,0.12382787466049194
777e4808d48b18afd0a7fa9b337084ff5d830bcc062e5faf0e38f4604278219b,data/datasets/sid-set/candidate-1500/images/fake/777e4808d48b18afd0a7fa9b337084ff5d830bcc062e5faf0e38f4604278219b.png,saberzl/SID_Set,medium,1,0.8943285942077637
778556f6f02b5594634a7674a0307e078e22f808327fa031a033fac33f3b0fc6,data/datasets/sid-set/candidate-1500/images/real/778556f6f02b5594634a7674a0307e078e22f808327fa031a033fac33f3b0fc6.jpg,saberzl/SID_Set,medium,0,0.9230124950408936
77b0ad3bdba2a8bbbfb052498b360f5616fc238f7869a33593d7ae1a7fde3376,data/datasets/sid-set/candidate-1500/images/real/77b0ad3bdba2a8bbbfb052498b360f5616fc238f7869a33593d7ae1a7fde3376.jpg,saberzl/SID_Set,medium,0,0.5397665500640869
77c37d0d40b56b32a3bc8cdb92c99f7fc4a6ef29b81f8dcdb45560d65739d52b,data/datasets/sid-set/candidate-1500/images/real/77c37d0d40b56b32a3bc8cdb92c99f7fc4a6ef29b81f8dcdb45560d65739d52b.jpg,saberzl/SID_Set,low,0,0.041050054132938385
77c43e2fd3dd2c908bf67f49890590f6834c127454322aaf3770008eed3b10fb,data/datasets/sid-set/candidate-1500/images/real/77c43e2fd3dd2c908bf67f49890590f6834c127454322aaf3770008eed3b10fb.jpg,saberzl/SID_Set,medium,0,0.0010805235942825675
77dfa0d7abc2e44d1956ad4e2d782d9d4fbec12d69a640ca6d501b39a1a5ff60,data/datasets/sid-set/candidate-1500/images/real/77dfa0d7abc2e44d1956ad4e2d782d9d4fbec12d69a640ca6d501b39a1a5ff60.jpg,saberzl/SID_Set,low,0,0.2016812115907669
783906ac73c518a9bd63ef7926f3511b66060e3c8813112873bbe86055adb218,data/datasets/sid-set/candidate-1500/images/fake/783906ac73c518a9bd63ef7926f3511b66060e3c8813112873bbe86055adb218.png,saberzl/SID_Set,low,1,0.9834287762641907
78967e6c59f2c35741dd05f349ee710450788e992ff9a89f66b61ce67368f29e,data/datasets/sid-set/candidate-1500/images/real/78967e6c59f2c35741dd05f349ee710450788e992ff9a89f66b61ce67368f29e.jpg,saberzl/SID_Set,medium,0,0.0685870572924614
78a6d28af57d4d2529ab4c9efeee7b0e300741edaef87ba1f445c3fd7ef214fe,data/datasets/sid-set/candidate-1500/images/fake/78a6d28af57d4d2529ab4c9efeee7b0e300741edaef87ba1f445c3fd7ef214fe.png,saberzl/SID_Set,medium,1,0.9682783484458923
78ba61b6ecab1a19bb167ef8dc2669ff28030b6363078688e15d948649a64bdb,data/datasets/sid-set/candidate-1500/images/fake/78ba61b6ecab1a19bb167ef8dc2669ff28030b6363078688e15d948649a64bdb.png,saberzl/SID_Set,medium,1,0.9555436968803406
78e9d6ecdf4644797826f768cd028d10cbb8550fd666494491fcbdd9403c1393,data/datasets/sid-set/candidate-1500/images/real/78e9d6ecdf4644797826f768cd028d10cbb8550fd666494491fcbdd9403c1393.jpg,saberzl/SID_Set,medium,0,0.004730712156742811
79062dc43b02c76d3e84138de0f958a1f915ae803ec6bc6c535c6cf9b5ede12f,data/datasets/sid-set/candidate-1500/images/real/79062dc43b02c76d3e84138de0f958a1f915ae803ec6bc6c535c6cf9b5ede12f.jpg,saberzl/SID_Set,medium,0,0.6330966353416443
79a2ca2c7c5516febe7bd8c812b2ef770d9de3857b4d2a13979ba4c4c46139f2,data/datasets/sid-set/candidate-1500/images/fake/79a2ca2c7c5516febe7bd8c812b2ef770d9de3857b4d2a13979ba4c4c46139f2.png,saberzl/SID_Set,low,1,0.9846740961074829
79b0c5a05ee04a637dacf4c9e7a10d62bc6b0768615321cf9785e8949c01494a,data/datasets/sid-set/candidate-1500/images/real/79b0c5a05ee04a637dacf4c9e7a10d62bc6b0768615321cf9785e8949c01494a.jpg,saberzl/SID_Set,medium,0,0.0649627149105072
7a3a1da3f38244b16d43f10d51b5c269270af028cf1ed4d3bcba3c8c4bdf4f68,data/datasets/sid-set/candidate-1500/images/fake/7a3a1da3f38244b16d43f10d51b5c269270af028cf1ed4d3bcba3c8c4bdf4f68.png,saberzl/SID_Set,medium,1,0.8470245003700256
7a507b97c1247b2f7c0fa25ce85a611d58526c8fbd1b65c91183f231e3578b96,data/datasets/sid-set/candidate-1500/images/real/7a507b97c1247b2f7c0fa25ce85a611d58526c8fbd1b65c91183f231e3578b96.jpg,saberzl/SID_Set,high,0,0.09327913820743561
7a5a420db1c0016b05f9c41ff0d1a4008316c110d05778d70a218ce48086c0cb,data/datasets/sid-set/candidate-1500/images/fake/7a5a420db1c0016b05f9c41ff0d1a4008316c110d05778d70a218ce48086c0cb.png,saberzl/SID_Set,medium,1,0.9909362196922302
7a802308ef82d19f411ef43caf2f8f3164b6120b9e9c249235f812e8c5ae0cd8,data/datasets/sid-set/candidate-1500/images/fake/7a802308ef82d19f411ef43caf2f8f3164b6120b9e9c249235f812e8c5ae0cd8.png,saberzl/SID_Set,medium,1,0.9975836277008057
7a834e6ae1072b1f410cd47dd08d4294a8754b898b6478cb5c905bfdea5c2059,data/datasets/sid-set/candidate-1500/images/fake/7a834e6ae1072b1f410cd47dd08d4294a8754b898b6478cb5c905bfdea5c2059.png,saberzl/SID_Set,low,1,0.9405766129493713
7aa24c7e73f7ab6d011e3c03350f075f6d71813cf0b32a73a1734906f19e0671,data/datasets/sid-set/candidate-1500/images/fake/7aa24c7e73f7ab6d011e3c03350f075f6d71813cf0b32a73a1734906f19e0671.png,saberzl/SID_Set,medium,1,0.9915611147880554
7acbdd73d03a7f2edbd3ede8be63c886f542a5593cf340a46ba9b27dce7bd9c2,data/datasets/sid-set/candidate-1500/images/real/7acbdd73d03a7f2edbd3ede8be63c886f542a5593cf340a46ba9b27dce7bd9c2.jpg,saberzl/SID_Set,medium,0,0.05266100540757179
7b09ddf679d80491837edb0cea5c8d24a3cdce5af3ce4d238468edfbf628bc65,data/datasets/sid-set/candidate-1500/images/fake/7b09ddf679d80491837edb0cea5c8d24a3cdce5af3ce4d238468edfbf628bc65.png,saberzl/SID_Set,medium,1,0.9867688417434692
7b367b9d26641f1af525bb035347e524a96e3aa9cf313d7a418edcde947d5f6a,data/datasets/sid-set/candidate-1500/images/fake/7b367b9d26641f1af525bb035347e524a96e3aa9cf313d7a418edcde947d5f6a.png,saberzl/SID_Set,low,1,0.9840925931930542
7b5e2ccee5129a916f8a7d188e0fe3f459a9f288cc15952f4eb1029b536eded5,data/datasets/sid-set/candidate-1500/images/fake/7b5e2ccee5129a916f8a7d188e0fe3f459a9f288cc15952f4eb1029b536eded5.png,saberzl/SID_Set,low,1,0.9023326635360718
7b63d57f9d84013367d2e71ddc702543b8aec657c93ebecfae6a0bbadc843229,data/datasets/sid-set/candidate-1500/images/fake/7b63d57f9d84013367d2e71ddc702543b8aec657c93ebecfae6a0bbadc843229.png,saberzl/SID_Set,low,1,0.9976338148117065
7b716578066f6aae70850d82a67c81f43ce453a2171069a9f7c54152f1a0c315,data/datasets/sid-set/candidate-1500/images/real/7b716578066f6aae70850d82a67c81f43ce453a2171069a9f7c54152f1a0c315.jpg,saberzl/SID_Set,low,0,0.9671369194984436
7b775b5b0165109298c7f70606db55431acc2a12beb18f8f67cd496833dce02b,data/datasets/sid-set/candidate-1500/images/fake/7b775b5b0165109298c7f70606db55431acc2a12beb18f8f67cd496833dce02b.png,saberzl/SID_Set,medium,1,0.9169940948486328
7b9780fbc4e2f721837586a2f908b063c93c1b5883b3ab1e5dc0326aaf5262bd,data/datasets/sid-set/candidate-1500/images/real/7b9780fbc4e2f721837586a2f908b063c93c1b5883b3ab1e5dc0326aaf5262bd.jpg,saberzl/SID_Set,low,0,0.9911974668502808
7ba89be293e6ebe7fd23565f723160e19063f28ea7d0c42c2718a39f0cf32dae,data/datasets/sid-set/candidate-1500/images/fake/7ba89be293e6ebe7fd23565f723160e19063f28ea7d0c42c2718a39f0cf32dae.png,saberzl/SID_Set,medium,1,0.971310019493103
7be2d13c96f01448be47a95c2ed2cb7a40a3caa7780965a118c2d452604f6913,data/datasets/sid-set/candidate-1500/images/fake/7be2d13c96f01448be47a95c2ed2cb7a40a3caa7780965a118c2d452604f6913.png,saberzl/SID_Set,medium,1,0.822057843208313
7bf41e09a14279201d5d815eb16831c7db2b7a1ef307af5b6520089f5f59ba61,data/datasets/sid-set/candidate-1500/images/real/7bf41e09a14279201d5d815eb16831c7db2b7a1ef307af5b6520089f5f59ba61.jpg,saberzl/SID_Set,medium,0,0.344685822725296
7c3d86850bcac1e1240288402f51678ba977b3643f78b20349999e0ee1bf8a71,data/datasets/sid-set/candidate-1500/images/real/7c3d86850bcac1e1240288402f51678ba977b3643f78b20349999e0ee1bf8a71.jpg,saberzl/SID_Set,medium,0,0.5621856451034546
7c4c64e1f04da309aa89e05dff60cf94fd15eb1ae6180a52cb87ad18b9a8e16c,data/datasets/sid-set/candidate-1500/images/fake/7c4c64e1f04da309aa89e05dff60cf94fd15eb1ae6180a52cb87ad18b9a8e16c.png,saberzl/SID_Set,medium,1,0.99069744348526
7c8167afdd57fa6021a7b58d6782acce1bd63b8ddd3bfa218dd81c1b3caf16fc,data/datasets/sid-set/candidate-1500/images/real/7c8167afdd57fa6021a7b58d6782acce1bd63b8ddd3bfa218dd81c1b3caf16fc.jpg,saberzl/SID_Set,medium,0,0.05427150800824165
7c8b3aa6ed027429c9c2a298eae27be5d5c1ae92ccf1d0cb6956edcb9c62aa82,data/datasets/sid-set/candidate-1500/images/fake/7c8b3aa6ed027429c9c2a298eae27be5d5c1ae92ccf1d0cb6956edcb9c62aa82.png,saberzl/SID_Set,low,1,0.9933350086212158
7d256d65c45c1d3de762423dd39a64d88930e3b66c1abe5e80c63295e6b9e939,data/datasets/sid-set/candidate-1500/images/fake/7d256d65c45c1d3de762423dd39a64d88930e3b66c1abe5e80c63295e6b9e939.png,saberzl/SID_Set,low,1,0.9365837574005127
7d295337064c35bd24d6a170c9611a01b3b89e313e98f4147b1d54d866040028,data/datasets/sid-set/candidate-1500/images/fake/7d295337064c35bd24d6a170c9611a01b3b89e313e98f4147b1d54d866040028.png,saberzl/SID_Set,medium,1,0.8752703070640564
7d2ec51b5c74451b99a61f8130080e31103ec340bfb5df3dc0ca39ac18c071f5,data/datasets/sid-set/candidate-1500/images/real/7d2ec51b5c74451b99a61f8130080e31103ec340bfb5df3dc0ca39ac18c071f5.jpg,saberzl/SID_Set,low,0,0.9801049828529358
7d43a8556bbe1b7d728cdfb04c0e852bde4a9e858df360c04a40cb8e324efd8b,data/datasets/sid-set/candidate-1500/images/fake/7d43a8556bbe1b7d728cdfb04c0e852bde4a9e858df360c04a40cb8e324efd8b.png,saberzl/SID_Set,medium,1,0.9253695011138916
7d570f902ff22c79f4ee9633a98558b399eedb32d979239fc3e8baa080aabc90,data/datasets/sid-set/candidate-1500/images/fake/7d570f902ff22c79f4ee9633a98558b399eedb32d979239fc3e8baa080aabc90.png,saberzl/SID_Set,medium,1,0.9367426037788391
7d727bdf33b25d2ca149692ca92f29b791c2d1e60beccf52bda18dadac54a441,data/datasets/sid-set/candidate-1500/images/real/7d727bdf33b25d2ca149692ca92f29b791c2d1e60beccf52bda18dadac54a441.jpg,saberzl/SID_Set,medium,0,0.6461705565452576
7def9aa265de43b7b63c5643fabeab28c4505f4e23105f66366e10c80b632b12,data/datasets/sid-set/candidate-1500/images/real/7def9aa265de43b7b63c5643fabeab28c4505f4e23105f66366e10c80b632b12.jpg,saberzl/SID_Set,low,0,0.3156566619873047
7e3698847175a94e34fc077a0a4ceb414b995225fc9ad7c391bc4ab432f0a55d,data/datasets/sid-set/candidate-1500/images/real/7e3698847175a94e34fc077a0a4ceb414b995225fc9ad7c391bc4ab432f0a55d.jpg,saberzl/SID_Set,low,0,0.5510632991790771
7e42c96d500392c5afbefe5dfbae8313cee5619a920475647f113d881f30e0aa,data/datasets/sid-set/candidate-1500/images/real/7e42c96d500392c5afbefe5dfbae8313cee5619a920475647f113d881f30e0aa.jpg,saberzl/SID_Set,low,0,0.9529973864555359
7e43a3d4edbe1e5ea5269eebf2581b833957807458f8af6de36080cb5956cdd3,data/datasets/sid-set/candidate-1500/images/fake/7e43a3d4edbe1e5ea5269eebf2581b833957807458f8af6de36080cb5956cdd3.png,saberzl/SID_Set,medium,1,0.9560569524765015
7e4e4e6a270a0745ab1328c23bd4ae8ef23569e769d4939a5e4b8d8f2ff171c8,data/datasets/sid-set/candidate-1500/images/fake/7e4e4e6a270a0745ab1328c23bd4ae8ef23569e769d4939a5e4b8d8f2ff171c8.png,saberzl/SID_Set,low,1,0.8801586627960205
7e75f518f0d74747440a0315768ef16634b8834db82c6c1ed39c3434261a8163,data/datasets/sid-set/candidate-1500/images/real/7e75f518f0d74747440a0315768ef16634b8834db82c6c1ed39c3434261a8163.jpg,saberzl/SID_Set,low,0,0.6896132826805115
7e7f52898928373fc00ad18d4586f036bd1cd067760e3acd190cf137609724da,data/datasets/sid-set/candidate-1500/images/fake/7e7f52898928373fc00ad18d4586f036bd1cd067760e3acd190cf137609724da.png,saberzl/SID_Set,low,1,0.9714719653129578
7eaf5416cf05afef42d628f719a7aefd2e04a153c231e06a41d4a01c5d5cefb7,data/datasets/sid-set/candidate-1500/images/fake/7eaf5416cf05afef42d628f719a7aefd2e04a153c231e06a41d4a01c5d5cefb7.png,saberzl/SID_Set,low,1,0.936863362789154
7ef1445d28dc4eb025a6863094e7e36dbc23a6ca0b3770b9bb861db35b9578e2,data/datasets/sid-set/candidate-1500/images/real/7ef1445d28dc4eb025a6863094e7e36dbc23a6ca0b3770b9bb861db35b9578e2.jpg,saberzl/SID_Set,low,0,0.41209086775779724
7f1ca0e35f77cec495ac2573f3af2eb4760aa8b2eed68611ff2775ff75f3751f,data/datasets/sid-set/candidate-1500/images/fake/7f1ca0e35f77cec495ac2573f3af2eb4760aa8b2eed68611ff2775ff75f3751f.png,saberzl/SID_Set,medium,1,0.9288570880889893
7f551c77d784ee7c318cab56b28ef53653398c148af984d5455a66daa988e2f2,data/datasets/sid-set/candidate-1500/images/fake/7f551c77d784ee7c318cab56b28ef53653398c148af984d5455a66daa988e2f2.png,saberzl/SID_Set,medium,1,0.9883480668067932
7faafbdcb7449bd7d9d80dd271eff9c1240eea9ea681d092164c5dc5f06f72b7,data/datasets/sid-set/candidate-1500/images/real/7faafbdcb7449bd7d9d80dd271eff9c1240eea9ea681d092164c5dc5f06f72b7.jpg,saberzl/SID_Set,medium,0,0.29711344838142395
7fd085b1087eee2bcfac268a7cadddcab79c158b02c72c8bc8a5e0ea02ea5fbc,data/datasets/sid-set/candidate-1500/images/fake/7fd085b1087eee2bcfac268a7cadddcab79c158b02c72c8bc8a5e0ea02ea5fbc.png,saberzl/SID_Set,low,1,0.9595470428466797
7fe305a10717fac9b5ee7e835b61c6e9f8c08ea369a79296111b636983ba9790,data/datasets/sid-set/candidate-1500/images/real/7fe305a10717fac9b5ee7e835b61c6e9f8c08ea369a79296111b636983ba9790.jpg,saberzl/SID_Set,medium,0,0.13671875
80b4988a4f563fe112d643681acee7e975d1f7f510749b7a3880b28c2b7ad1b5,data/datasets/sid-set/candidate-1500/images/fake/80b4988a4f563fe112d643681acee7e975d1f7f510749b7a3880b28c2b7ad1b5.png,saberzl/SID_Set,medium,1,0.9832784533500671
80b6f407808ba28b0d8c6e09f3adace9a4408da9535b72e493af26fca6aa4412,data/datasets/sid-set/candidate-1500/images/real/80b6f407808ba28b0d8c6e09f3adace9a4408da9535b72e493af26fca6aa4412.jpg,saberzl/SID_Set,low,0,0.022883335128426552
80d67512de57c9f6de7c989d8d87002ca9a5aa9dd869967ac394758df5f19226,data/datasets/sid-set/candidate-1500/images/fake/80d67512de57c9f6de7c989d8d87002ca9a5aa9dd869967ac394758df5f19226.png,saberzl/SID_Set,low,1,0.9812682271003723
810ef2259ef21a7dc0c23ad566ad9c05b572495e5558275fad403f39a75c1db2,data/datasets/sid-set/candidate-1500/images/real/810ef2259ef21a7dc0c23ad566ad9c05b572495e5558275fad403f39a75c1db2.jpg,saberzl/SID_Set,medium,0,0.48180294036865234
811ed4c00e228d89dfc81787aeef2f6f565d9b98262daf4034f837a4dbca4eb7,data/datasets/sid-set/candidate-1500/images/fake/811ed4c00e228d89dfc81787aeef2f6f565d9b98262daf4034f837a4dbca4eb7.png,saberzl/SID_Set,high,1,0.9980376362800598
8130a9f2421ca018532ffda2360dac5591df5d040cce709e308b73e7312fcd78,data/datasets/sid-set/candidate-1500/images/real/8130a9f2421ca018532ffda2360dac5591df5d040cce709e308b73e7312fcd78.jpg,saberzl/SID_Set,low,0,0.6253311038017273
814c87385bfc1e2acb6d73208f75975b2e8df9f1dac07b9d268380ba8a1d4ace,data/datasets/sid-set/candidate-1500/images/real/814c87385bfc1e2acb6d73208f75975b2e8df9f1dac07b9d268380ba8a1d4ace.jpg,saberzl/SID_Set,medium,0,0.00013642759586218745
81822208c22982c09859d63606aa8d1f6a0d0ade58f58a3b97dbe36a53d54c88,data/datasets/sid-set/candidate-1500/images/real/81822208c22982c09859d63606aa8d1f6a0d0ade58f58a3b97dbe36a53d54c88.jpg,saberzl/SID_Set,low,0,0.9950409531593323
81ccccfcdaae9e42343367ab91c537c7e9b96e0075869fcdb4d8392d8aee3a64,data/datasets/sid-set/candidate-1500/images/real/81ccccfcdaae9e42343367ab91c537c7e9b96e0075869fcdb4d8392d8aee3a64.jpg,saberzl/SID_Set,low,0,0.04271954298019409
822fdc738d6cd61073d8071e45aec697a7c8f945089c9235baa11a433dd09efe,data/datasets/sid-set/candidate-1500/images/real/822fdc738d6cd61073d8071e45aec697a7c8f945089c9235baa11a433dd09efe.jpg,saberzl/SID_Set,low,0,0.08376230299472809
823a07aa9037e7b4b7bc749ea159c5d624bfb7191924191a89dc5cbce211d137,data/datasets/sid-set/candidate-1500/images/real/823a07aa9037e7b4b7bc749ea159c5d624bfb7191924191a89dc5cbce211d137.jpg,saberzl/SID_Set,medium,0,0.013609346002340317
8241bbae3a5ea1bfef7a442ce2bf631b1636664f15461873bf633f6b774a4265,data/datasets/sid-set/candidate-1500/images/real/8241bbae3a5ea1bfef7a442ce2bf631b1636664f15461873bf633f6b774a4265.jpg,saberzl/SID_Set,low,0,0.3790825307369232
82c3a4bdb0d6d205d52bcad6c069830752a2a7969daf1c8477142a62ad24dc2d,data/datasets/sid-set/candidate-1500/images/fake/82c3a4bdb0d6d205d52bcad6c069830752a2a7969daf1c8477142a62ad24dc2d.png,saberzl/SID_Set,medium,1,0.9802830219268799
835380e9e54399089aa3788d2ea7df016fbc2fd6bf4d30f1deb82aebac768f35,data/datasets/sid-set/candidate-1500/images/real/835380e9e54399089aa3788d2ea7df016fbc2fd6bf4d30f1deb82aebac768f35.jpg,saberzl/SID_Set,medium,0,0.005761505104601383
83cc0bdd89bbb3e14df3686fdb244236fbc0aeaa9a09a0792830fbb293df4fda,data/datasets/sid-set/candidate-1500/images/real/83cc0bdd89bbb3e14df3686fdb244236fbc0aeaa9a09a0792830fbb293df4fda.jpg,saberzl/SID_Set,low,0,0.6664677262306213
83d76e9aa8f6829446e43eb8f744e3f2284d3675d9cff767bda4e94a622fbe22,data/datasets/sid-set/candidate-1500/images/fake/83d76e9aa8f6829446e43eb8f744e3f2284d3675d9cff767bda4e94a622fbe22.png,saberzl/SID_Set,low,1,0.9986227750778198
8412d23ef47177cd9f62cceed7cae3ac9762b9a22a80072a64d285a3befb60d0,data/datasets/sid-set/candidate-1500/images/fake/8412d23ef47177cd9f62cceed7cae3ac9762b9a22a80072a64d285a3befb60d0.png,saberzl/SID_Set,low,1,0.9698452949523926
8453d29302a58f9ec26ec5d6fc65b7978bddcba15be8bfd2aab6cc8cf552dc4b,data/datasets/sid-set/candidate-1500/images/fake/8453d29302a58f9ec26ec5d6fc65b7978bddcba15be8bfd2aab6cc8cf552dc4b.png,saberzl/SID_Set,medium,1,0.9222757816314697
84742b95f02315a331989bcc2339c8f407e90d5d4edec032048b42e743d6123c,data/datasets/sid-set/candidate-1500/images/fake/84742b95f02315a331989bcc2339c8f407e90d5d4edec032048b42e743d6123c.png,saberzl/SID_Set,medium,1,0.8598920106887817
85009551b5b0f70177ab6c73e0803fa4f0192735a42ad6aaaa325a6f3773bd66,data/datasets/sid-set/candidate-1500/images/real/85009551b5b0f70177ab6c73e0803fa4f0192735a42ad6aaaa325a6f3773bd66.jpg,saberzl/SID_Set,medium,0,0.10672900080680847
85595b36d6acca648f451fd50a56beff3a8f0cccdbbea99c0ac86f8d670ae555,data/datasets/sid-set/candidate-1500/images/real/85595b36d6acca648f451fd50a56beff3a8f0cccdbbea99c0ac86f8d670ae555.jpg,saberzl/SID_Set,medium,0,0.1677892655134201
857926049646f3cf46f1a1e440431e6c224f6396fec0364b2b1fad097720ed46,data/datasets/sid-set/candidate-1500/images/fake/857926049646f3cf46f1a1e440431e6c224f6396fec0364b2b1fad097720ed46.png,saberzl/SID_Set,medium,1,0.9890269637107849
8586cf35675c4c87753983695b1c93ca6a3687b4686108d784e57d7aaadf8a15,data/datasets/sid-set/candidate-1500/images/fake/8586cf35675c4c87753983695b1c93ca6a3687b4686108d784e57d7aaadf8a15.png,saberzl/SID_Set,medium,1,0.9422338604927063
85945a461217c3280cf8cdd354015601033ff8dab1da908a2eb286be5238f226,data/datasets/sid-set/candidate-1500/images/fake/85945a461217c3280cf8cdd354015601033ff8dab1da908a2eb286be5238f226.png,saberzl/SID_Set,medium,1,0.9875968098640442
859d9ee06ce73cf28b418a2a902758a39896e43e57e8d49ec8ebe8f11ae9379e,data/datasets/sid-set/candidate-1500/images/real/859d9ee06ce73cf28b418a2a902758a39896e43e57e8d49ec8ebe8f11ae9379e.jpg,saberzl/SID_Set,low,0,0.004131507594138384
85a451298d359a306d06e3a05ec404731072fcbb7dfe8ea6532e5c00b011929d,data/datasets/sid-set/candidate-1500/images/real/85a451298d359a306d06e3a05ec404731072fcbb7dfe8ea6532e5c00b011929d.jpg,saberzl/SID_Set,high,0,0.42621317505836487
85a69583c000bfb534050c222a303eb63b6e927866893816b8741e0cb3c834e2,data/datasets/sid-set/candidate-1500/images/fake/85a69583c000bfb534050c222a303eb63b6e927866893816b8741e0cb3c834e2.png,saberzl/SID_Set,medium,1,0.9821297526359558
85e05d89b44c8ae89bff7809c4cc9ea59655f534d342d5244e70355ec1397f29,data/datasets/sid-set/candidate-1500/images/fake/85e05d89b44c8ae89bff7809c4cc9ea59655f534d342d5244e70355ec1397f29.png,saberzl/SID_Set,medium,1,0.7803634405136108
85f712a12c06aa7f2d058b7dd8ff3066b906962da08f119b48924e407a6b863b,data/datasets/sid-set/candidate-1500/images/fake/85f712a12c06aa7f2d058b7dd8ff3066b906962da08f119b48924e407a6b863b.png,saberzl/SID_Set,medium,1,0.960295557975769
860014905a621bdd70fe672a0824d161e90d73eaa0f7643380184919f60b87ac,data/datasets/sid-set/candidate-1500/images/fake/860014905a621bdd70fe672a0824d161e90d73eaa0f7643380184919f60b87ac.png,saberzl/SID_Set,medium,1,0.8578323721885681
86492403a8a5240b255106960c4c05c6f71a833e18e3555941140e72968c4433,data/datasets/sid-set/candidate-1500/images/fake/86492403a8a5240b255106960c4c05c6f71a833e18e3555941140e72968c4433.png,saberzl/SID_Set,low,1,0.9966603517532349
8671b9769255ee243c195623271d6674d361f24558613bb4a4f826f3e928a48f,data/datasets/sid-set/candidate-1500/images/fake/8671b9769255ee243c195623271d6674d361f24558613bb4a4f826f3e928a48f.png,saberzl/SID_Set,medium,1,0.9732598066329956
86d63fe870351eca9592cd3161a4c32b8bd5bdc02c470e8dae5a7cac501c47e6,data/datasets/sid-set/candidate-1500/images/real/86d63fe870351eca9592cd3161a4c32b8bd5bdc02c470e8dae5a7cac501c47e6.jpg,saberzl/SID_Set,medium,0,0.011321982368826866
8701b7b9e25e05321269d28070eb27ac8394f6c3a74c8c6165250bc28458c999,data/datasets/sid-set/candidate-1500/images/fake/8701b7b9e25e05321269d28070eb27ac8394f6c3a74c8c6165250bc28458c999.png,saberzl/SID_Set,medium,1,0.9731851816177368
877ad51fac4210fb817b3eeac13665011c94c9162d91d539dc00983bd4d1f4a0,data/datasets/sid-set/candidate-1500/images/fake/877ad51fac4210fb817b3eeac13665011c94c9162d91d539dc00983bd4d1f4a0.png,saberzl/SID_Set,medium,1,0.9519362449645996
87af98122ffbb2721bdad414fb28e3d4cd70a3504e6b8f9354fb4ebc17769a7b,data/datasets/sid-set/candidate-1500/images/real/87af98122ffbb2721bdad414fb28e3d4cd70a3504e6b8f9354fb4ebc17769a7b.jpg,saberzl/SID_Set,medium,0,0.22739483416080475
87f7f3aef5d9cee2b8e5726bfd5b29fdd5b8861dfc34aa9e98455c90f9b4400e,data/datasets/sid-set/candidate-1500/images/fake/87f7f3aef5d9cee2b8e5726bfd5b29fdd5b8861dfc34aa9e98455c90f9b4400e.png,saberzl/SID_Set,medium,1,0.9534221887588501
880ad5b295990c8fc8f60a504a83e2764760f845382bd48cf12a1ead982ca864,data/datasets/sid-set/candidate-1500/images/real/880ad5b295990c8fc8f60a504a83e2764760f845382bd48cf12a1ead982ca864.jpg,saberzl/SID_Set,medium,0,0.21431465446949005
881c7390821000cfb88ca0dfaa0c410f7cfa9b0838232a295d2086abb96ad1f5,data/datasets/sid-set/candidate-1500/images/fake/881c7390821000cfb88ca0dfaa0c410f7cfa9b0838232a295d2086abb96ad1f5.png,saberzl/SID_Set,medium,1,0.9129170179367065
88246a53a15621d7fbf6b5f9150530751cb77d15051e5924835d1e05d9de0468,data/datasets/sid-set/candidate-1500/images/fake/88246a53a15621d7fbf6b5f9150530751cb77d15051e5924835d1e05d9de0468.png,saberzl/SID_Set,low,1,0.9190974831581116
88488584cb09be0919944e3b5efb5bb144a09e0424baf97a3e07f31bef73513d,data/datasets/sid-set/candidate-1500/images/real/88488584cb09be0919944e3b5efb5bb144a09e0424baf97a3e07f31bef73513d.jpg,saberzl/SID_Set,medium,0,0.10638117790222168
88697857ba2cc443a298152d43a2585398659a6564e55f17e07e98829b16ef1e,data/datasets/sid-set/candidate-1500/images/real/88697857ba2cc443a298152d43a2585398659a6564e55f17e07e98829b16ef1e.jpg,saberzl/SID_Set,medium,0,0.16559673845767975
88e7eaf6a4ead48da3b7f7770b862088b6be320b6ec987909acdd80183bafc5e,data/datasets/sid-set/candidate-1500/images/fake/88e7eaf6a4ead48da3b7f7770b862088b6be320b6ec987909acdd80183bafc5e.png,saberzl/SID_Set,medium,1,0.9470954537391663
8947dd0d5cfb9c442a8472164d203729bd22db8abc9c326d364dd2c1520cb7e3,data/datasets/sid-set/candidate-1500/images/real/8947dd0d5cfb9c442a8472164d203729bd22db8abc9c326d364dd2c1520cb7e3.jpg,saberzl/SID_Set,medium,0,0.7503438591957092
898c1c610020a651f0ab2610ea9e1c90c0b35ca73bd5a48ac722dd538a125b81,data/datasets/sid-set/candidate-1500/images/fake/898c1c610020a651f0ab2610ea9e1c90c0b35ca73bd5a48ac722dd538a125b81.png,saberzl/SID_Set,low,1,0.9569603204727173
89bb86d2553903602f78ff24ee16b988a818f1618a77b069aeb7d660bc1afc7b,data/datasets/sid-set/candidate-1500/images/real/89bb86d2553903602f78ff24ee16b988a818f1618a77b069aeb7d660bc1afc7b.jpg,saberzl/SID_Set,medium,0,0.49144771695137024
89e6300596e780b0f5440621eaf1379bfc5072f83e59d95f8835987d3e7922f2,data/datasets/sid-set/candidate-1500/images/fake/89e6300596e780b0f5440621eaf1379bfc5072f83e59d95f8835987d3e7922f2.png,saberzl/SID_Set,low,1,0.9923564195632935
89ff7238df2bec086cdb88ba452cc3e0e9091e517567d852e6a3eb8a11c222a5,data/datasets/sid-set/candidate-1500/images/real/89ff7238df2bec086cdb88ba452cc3e0e9091e517567d852e6a3eb8a11c222a5.jpg,saberzl/SID_Set,medium,0,0.3232039511203766
8a24ea846c097c53341a9dc35780e50b18ec5a3ed316372c577c22b195ce6763,data/datasets/sid-set/candidate-1500/images/real/8a24ea846c097c53341a9dc35780e50b18ec5a3ed316372c577c22b195ce6763.jpg,saberzl/SID_Set,medium,0,0.08144127577543259
8a6fa8e16b1a94e3c558eef55a9f8d3e1943f613e127b8a38cf1915d3b553608,data/datasets/sid-set/candidate-1500/images/real/8a6fa8e16b1a94e3c558eef55a9f8d3e1943f613e127b8a38cf1915d3b553608.jpg,saberzl/SID_Set,medium,0,0.0712798684835434
8a74f175bf5bc61ae02b60ae8a93762d370d3b97dff0d98098d23f06ea0234d3,data/datasets/sid-set/candidate-1500/images/fake/8a74f175bf5bc61ae02b60ae8a93762d370d3b97dff0d98098d23f06ea0234d3.png,saberzl/SID_Set,low,1,0.5364020466804504
8a8532a4762d73135da88ea26dc9fd415f41a81b9239498eca3dbbbd29560daa,data/datasets/sid-set/candidate-1500/images/fake/8a8532a4762d73135da88ea26dc9fd415f41a81b9239498eca3dbbbd29560daa.png,saberzl/SID_Set,medium,1,0.9758083820343018
8a93257e9aa1b7932c9c09d3ddbb4f3def645bcf658576482574dbe235c781b0,data/datasets/sid-set/candidate-1500/images/real/8a93257e9aa1b7932c9c09d3ddbb4f3def645bcf658576482574dbe235c781b0.jpg,saberzl/SID_Set,medium,0,0.1654738336801529
8a93c55b634385e2e4528a36e9ea348ad91a8f491ac91cbf54fe06d18cdf5a4c,data/datasets/sid-set/candidate-1500/images/fake/8a93c55b634385e2e4528a36e9ea348ad91a8f491ac91cbf54fe06d18cdf5a4c.png,saberzl/SID_Set,low,1,0.9423403143882751
8af0adfdba88a4f03328bb19f623d643b0f15538467081ae1301592131b32a9f,data/datasets/sid-set/candidate-1500/images/real/8af0adfdba88a4f03328bb19f623d643b0f15538467081ae1301592131b32a9f.jpg,saberzl/SID_Set,low,0,0.16849271953105927
8b6d995ecb5bddca986b3d797bb6e80e58574ddebd5530fb859309180cc79da7,data/datasets/sid-set/candidate-1500/images/real/8b6d995ecb5bddca986b3d797bb6e80e58574ddebd5530fb859309180cc79da7.jpg,saberzl/SID_Set,medium,0,0.0016717439284548163
8b9d048b70ba4ccded5ce7b589a7535b9d2ba95e4ebdff0ecd498b35a81458ff,data/datasets/sid-set/candidate-1500/images/real/8b9d048b70ba4ccded5ce7b589a7535b9d2ba95e4ebdff0ecd498b35a81458ff.jpg,saberzl/SID_Set,medium,0,0.8884882926940918
8bcf64fd9dbb9ab0f63029c966c56d458794ab4cf8a116566b2e7cb6d776178a,data/datasets/sid-set/candidate-1500/images/fake/8bcf64fd9dbb9ab0f63029c966c56d458794ab4cf8a116566b2e7cb6d776178a.png,saberzl/SID_Set,medium,1,0.8030080199241638
8be4b6b864d16e74334e60af1207d7c40a989498b732f825c3d7eb925972ee2a,data/datasets/sid-set/candidate-1500/images/real/8be4b6b864d16e74334e60af1207d7c40a989498b732f825c3d7eb925972ee2a.jpg,saberzl/SID_Set,low,0,0.9868801832199097
8c3a18c40029629e368f5789b26ffa5c344d7bb9668c2bb0120ee75f0d49855d,data/datasets/sid-set/candidate-1500/images/fake/8c3a18c40029629e368f5789b26ffa5c344d7bb9668c2bb0120ee75f0d49855d.png,saberzl/SID_Set,medium,1,0.967166006565094
8cc189931eee360ead193ed8293fd15d8c64acabbc6014f2871c7365fe9140c3,data/datasets/sid-set/candidate-1500/images/fake/8cc189931eee360ead193ed8293fd15d8c64acabbc6014f2871c7365fe9140c3.png,saberzl/SID_Set,low,1,0.9883208870887756
8d08140adb94887be953e7681f20ede07702dc007caeb32cda591fbfcc65eb21,data/datasets/sid-set/candidate-1500/images/fake/8d08140adb94887be953e7681f20ede07702dc007caeb32cda591fbfcc65eb21.png,saberzl/SID_Set,medium,1,0.9577646851539612
8d148fac0c18572ccc7cf07de5bd2a94ca01edf736ead3d721dd69863b85396c,data/datasets/sid-set/candidate-1500/images/real/8d148fac0c18572ccc7cf07de5bd2a94ca01edf736ead3d721dd69863b85396c.jpg,saberzl/SID_Set,medium,0,0.02125997468829155
8d1be7e3dcce586bbcab59e97aef66f3ca85a358e30bafafd22e75933257f185,data/datasets/sid-set/candidate-1500/images/fake/8d1be7e3dcce586bbcab59e97aef66f3ca85a358e30bafafd22e75933257f185.png,saberzl/SID_Set,low,1,0.9946504235267639
8dbb2273603d95f9c4a72644d0c9720660f849cf98b1eb0cf53718aad4f1ad20,data/datasets/sid-set/candidate-1500/images/real/8dbb2273603d95f9c4a72644d0c9720660f849cf98b1eb0cf53718aad4f1ad20.jpg,saberzl/SID_Set,medium,0,0.04387480765581131
8dc38f803c50b2bcad31fca203921aec7714bf8d7b122a159f7512339547fdc5,data/datasets/sid-set/candidate-1500/images/fake/8dc38f803c50b2bcad31fca203921aec7714bf8d7b122a159f7512339547fdc5.png,saberzl/SID_Set,medium,1,0.9729509353637695
8e29ad1e2393f4eb11eec1c19582d449a9561d3c1088705f0b2ccd6b1d30a3ea,data/datasets/sid-set/candidate-1500/images/fake/8e29ad1e2393f4eb11eec1c19582d449a9561d3c1088705f0b2ccd6b1d30a3ea.png,saberzl/SID_Set,low,1,0.9943674206733704
8e471287b8396300676b51527ed46aaca17be49862515d8457b989e8ea91fc33,data/datasets/sid-set/candidate-1500/images/real/8e471287b8396300676b51527ed46aaca17be49862515d8457b989e8ea91fc33.jpg,saberzl/SID_Set,medium,0,0.3097013235092163
8e5e0727e0cc079cc8df687eb2b2d65a1dfe21d8e1f946d324cae69bf2740e8e,data/datasets/sid-set/candidate-1500/images/real/8e5e0727e0cc079cc8df687eb2b2d65a1dfe21d8e1f946d324cae69bf2740e8e.jpg,saberzl/SID_Set,medium,0,0.84037184715271
8e77de5b16701e4e89dfb7f2d6d298c2a3fbab9d8a70948398298c594923fa71,data/datasets/sid-set/candidate-1500/images/real/8e77de5b16701e4e89dfb7f2d6d298c2a3fbab9d8a70948398298c594923fa71.jpg,saberzl/SID_Set,medium,0,0.01880829781293869
8e7f3ed48f151f8f7847217641021779deb054b42529978a5f056f94c9389651,data/datasets/sid-set/candidate-1500/images/real/8e7f3ed48f151f8f7847217641021779deb054b42529978a5f056f94c9389651.jpg,saberzl/SID_Set,low,0,0.010586249642074108
8f1e09e502d5f8bc8a4606a7bdf52625e2857d1e5a139038d58017d7c39f7f9b,data/datasets/sid-set/candidate-1500/images/real/8f1e09e502d5f8bc8a4606a7bdf52625e2857d1e5a139038d58017d7c39f7f9b.jpg,saberzl/SID_Set,low,0,0.8945338129997253
8f2291312c99a74662a3de009359d72fe098236ecca3185ec98f173ece78973c,data/datasets/sid-set/candidate-1500/images/real/8f2291312c99a74662a3de009359d72fe098236ecca3185ec98f173ece78973c.jpg,saberzl/SID_Set,low,0,0.19713106751441956
8f62aa7a154463e499c1c8dc87b6fb3b47be455523fefa660b9aa6bf10a4bdfa,data/datasets/sid-set/candidate-1500/images/fake/8f62aa7a154463e499c1c8dc87b6fb3b47be455523fefa660b9aa6bf10a4bdfa.png,saberzl/SID_Set,medium,1,0.8822401165962219
8f68b364dfb23a361c45101c0b089a15246754591a1f42bdc05867ce104a7b5b,data/datasets/sid-set/candidate-1500/images/fake/8f68b364dfb23a361c45101c0b089a15246754591a1f42bdc05867ce104a7b5b.png,saberzl/SID_Set,low,1,0.9887050986289978
8f875006eb7509411d6727c381419ea0d4f5c693d827e5e0c513391f5e056a4a,data/datasets/sid-set/candidate-1500/images/fake/8f875006eb7509411d6727c381419ea0d4f5c693d827e5e0c513391f5e056a4a.png,saberzl/SID_Set,low,1,0.9858047366142273
8f88b1f7100b0421ca5e3f327c14086fee9ae9dbf0bbf5163995004ee74ab4af,data/datasets/sid-set/candidate-1500/images/real/8f88b1f7100b0421ca5e3f327c14086fee9ae9dbf0bbf5163995004ee74ab4af.jpg,saberzl/SID_Set,medium,0,0.06805165857076645
8fb2b37a72a284b146c510401492e6dde8b492b51924cbb46aa1bc3bddd69650,data/datasets/sid-set/candidate-1500/images/fake/8fb2b37a72a284b146c510401492e6dde8b492b51924cbb46aa1bc3bddd69650.png,saberzl/SID_Set,medium,1,0.8868093490600586
8fb71eef9c659eb5b6215006e5111ede17cef5782c7bf5d07970be6c12842b78,data/datasets/sid-set/candidate-1500/images/fake/8fb71eef9c659eb5b6215006e5111ede17cef5782c7bf5d07970be6c12842b78.png,saberzl/SID_Set,low,1,0.7558801174163818
8fe0f1732484710f4ed588930e50851a8ede28666324be3418200ca208b0df74,data/datasets/sid-set/candidate-1500/images/real/8fe0f1732484710f4ed588930e50851a8ede28666324be3418200ca208b0df74.jpg,saberzl/SID_Set,medium,0,0.80986088514328
8fe27d9c10acf01f1616e4b5d97ff618a71ab8226ec51b4b0b139b6f995a145d,data/datasets/sid-set/candidate-1500/images/real/8fe27d9c10acf01f1616e4b5d97ff618a71ab8226ec51b4b0b139b6f995a145d.jpg,saberzl/SID_Set,medium,0,0.8718464374542236
8ff40304740f412cba3e219ee8927f707f308735103b9f9c400c6e5f4b8d5f71,data/datasets/sid-set/candidate-1500/images/real/8ff40304740f412cba3e219ee8927f707f308735103b9f9c400c6e5f4b8d5f71.jpg,saberzl/SID_Set,medium,0,0.7516431212425232
9086bafc8cc45802ec70ba0f424211e15a7d80725a8227f0e64fdbe8bf89ad3a,data/datasets/sid-set/candidate-1500/images/fake/9086bafc8cc45802ec70ba0f424211e15a7d80725a8227f0e64fdbe8bf89ad3a.png,saberzl/SID_Set,medium,1,0.9502851366996765
90b04581e49b1c5859e40f80c988d9b7498dbbc04a061afbeea5c509e7bd43d1,data/datasets/sid-set/candidate-1500/images/fake/90b04581e49b1c5859e40f80c988d9b7498dbbc04a061afbeea5c509e7bd43d1.png,saberzl/SID_Set,medium,1,0.9756984114646912
911164be524ec31cd8a5399de4d6ba5b64d44c6b0b01aa5920109fb671908fbd,data/datasets/sid-set/candidate-1500/images/real/911164be524ec31cd8a5399de4d6ba5b64d44c6b0b01aa5920109fb671908fbd.jpg,saberzl/SID_Set,medium,0,0.8522585034370422
911ccbec03c6da6ef6843ef492ba6e9941ae5800060d1a954f6234bfd5d5f4de,data/datasets/sid-set/candidate-1500/images/fake/911ccbec03c6da6ef6843ef492ba6e9941ae5800060d1a954f6234bfd5d5f4de.png,saberzl/SID_Set,low,1,0.9840997457504272
91619dcdad7a014886e1c760b1f6f5b2c692082e177917483a6e412adfb3d440,data/datasets/sid-set/candidate-1500/images/fake/91619dcdad7a014886e1c760b1f6f5b2c692082e177917483a6e412adfb3d440.png,saberzl/SID_Set,low,1,0.9795315265655518
919f43a967f226b44e42d6212682e3b316fd5496f29d4de0f7acbda693839a8f,data/datasets/sid-set/candidate-1500/images/fake/919f43a967f226b44e42d6212682e3b316fd5496f29d4de0f7acbda693839a8f.png,saberzl/SID_Set,medium,1,0.9924929738044739
91a72e3cda35b451e35ceac6c9976b60fe9f503c4324b41f7c036702be28a27b,data/datasets/sid-set/candidate-1500/images/fake/91a72e3cda35b451e35ceac6c9976b60fe9f503c4324b41f7c036702be28a27b.png,saberzl/SID_Set,medium,1,0.9659036993980408
923f12bda098a724ac95ee88a5f1677760528598e5a28c7b136f46cf14defa33,data/datasets/sid-set/candidate-1500/images/real/923f12bda098a724ac95ee88a5f1677760528598e5a28c7b136f46cf14defa33.jpg,saberzl/SID_Set,medium,0,0.965797483921051
928d783b115edaa8c8fa163f8f43bb20755fb6882246009cce6525bc5e021bc9,data/datasets/sid-set/candidate-1500/images/fake/928d783b115edaa8c8fa163f8f43bb20755fb6882246009cce6525bc5e021bc9.png,saberzl/SID_Set,low,1,0.7054320573806763
92b6c45c96b961bf4f1bf097369b9237aa1bdf7abc1b712a86343217f243057a,data/datasets/sid-set/candidate-1500/images/real/92b6c45c96b961bf4f1bf097369b9237aa1bdf7abc1b712a86343217f243057a.jpg,saberzl/SID_Set,medium,0,0.21896369755268097
92c9f63324c950a64e47a597f6742e477df088a0d215794a60b64ecffbed1b6a,data/datasets/sid-set/candidate-1500/images/fake/92c9f63324c950a64e47a597f6742e477df088a0d215794a60b64ecffbed1b6a.png,saberzl/SID_Set,medium,1,0.9598895311355591
92d02cd1e19312e1ee6bde09c95612b5e652f7c7599c976d84fdba333020185d,data/datasets/sid-set/candidate-1500/images/real/92d02cd1e19312e1ee6bde09c95612b5e652f7c7599c976d84fdba333020185d.jpg,saberzl/SID_Set,low,0,0.008004981093108654
92ec100acb1ba8c225d3244d3be5b0e9750f74d7c909c9c96e3c02ef18c57310,data/datasets/sid-set/candidate-1500/images/real/92ec100acb1ba8c225d3244d3be5b0e9750f74d7c909c9c96e3c02ef18c57310.jpg,saberzl/SID_Set,medium,0,0.009615344926714897
9320b71d71d86bbe3564fb7fcb078bdc983e3021dbd1d45da27ac66adb9e1671,data/datasets/sid-set/candidate-1500/images/fake/9320b71d71d86bbe3564fb7fcb078bdc983e3021dbd1d45da27ac66adb9e1671.png,saberzl/SID_Set,medium,1,0.5534316301345825
933332343f679c207d883c5e9fcd0490479f6af1b23ac200697faf41efe9784f,data/datasets/sid-set/candidate-1500/images/real/933332343f679c207d883c5e9fcd0490479f6af1b23ac200697faf41efe9784f.jpg,saberzl/SID_Set,low,0,0.7061417698860168
938960688c68ca9f9e19fef02d6dad09dcbb677362afecb2d2f8427750253a88,data/datasets/sid-set/candidate-1500/images/real/938960688c68ca9f9e19fef02d6dad09dcbb677362afecb2d2f8427750253a88.jpg,saberzl/SID_Set,medium,0,0.7483764290809631
93e0fbc5940ce073b124b0e50460bc84ee6125fc7341a3d640a86eebff5cb129,data/datasets/sid-set/candidate-1500/images/real/93e0fbc5940ce073b124b0e50460bc84ee6125fc7341a3d640a86eebff5cb129.jpg,saberzl/SID_Set,medium,0,0.8956019282341003
9411180360523b81ff9e23c7c32f452b86576565323152ad0d0befa2d998923f,data/datasets/sid-set/candidate-1500/images/real/9411180360523b81ff9e23c7c32f452b86576565323152ad0d0befa2d998923f.jpg,saberzl/SID_Set,low,0,0.9555873274803162
941c0e47af0886c73831edd72e3564ca4453e7182f58e14aeb6e29bbe6289bd1,data/datasets/sid-set/candidate-1500/images/real/941c0e47af0886c73831edd72e3564ca4453e7182f58e14aeb6e29bbe6289bd1.jpg,saberzl/SID_Set,medium,0,0.10152474045753479
94b494140f96a51362f2f2e603bcbd43a7208198f1c5f162d98fd6020f73ac4e,data/datasets/sid-set/candidate-1500/images/real/94b494140f96a51362f2f2e603bcbd43a7208198f1c5f162d98fd6020f73ac4e.jpg,saberzl/SID_Set,medium,0,0.07409507036209106
94bb32d33cca2fcf17923743e0aa658640b6d815c651faf3b9750073adc58923,data/datasets/sid-set/candidate-1500/images/real/94bb32d33cca2fcf17923743e0aa658640b6d815c651faf3b9750073adc58923.jpg,saberzl/SID_Set,medium,0,0.031801577657461166
94bbb2bf7d9fbb0e1ff77b55f8cf29108986795eaecbefb9beeb75a7bc9d22b2,data/datasets/sid-set/candidate-1500/images/real/94bbb2bf7d9fbb0e1ff77b55f8cf29108986795eaecbefb9beeb75a7bc9d22b2.jpg,saberzl/SID_Set,medium,0,0.10075581073760986
94d118e1db14177f028b6fe2d579a31356174398fa5f517df49cb5ce68751308,data/datasets/sid-set/candidate-1500/images/real/94d118e1db14177f028b6fe2d579a31356174398fa5f517df49cb5ce68751308.jpg,saberzl/SID_Set,medium,0,0.984133243560791
94e6069b3f631ab0f818891b09703d89e0bd7041bd1441bc3773c565e0c90b0b,data/datasets/sid-set/candidate-1500/images/fake/94e6069b3f631ab0f818891b09703d89e0bd7041bd1441bc3773c565e0c90b0b.png,saberzl/SID_Set,medium,1,0.9066216945648193
9500acf31087a643675ae7129276cf8122004a7646f0579e91a679b7cbb4b282,data/datasets/sid-set/candidate-1500/images/real/9500acf31087a643675ae7129276cf8122004a7646f0579e91a679b7cbb4b282.jpg,saberzl/SID_Set,medium,0,0.005146491341292858
95230accca3c1c9945a0c269733711e790479ec5310de83aa8178b622dc4f113,data/datasets/sid-set/candidate-1500/images/real/95230accca3c1c9945a0c269733711e790479ec5310de83aa8178b622dc4f113.jpg,saberzl/SID_Set,medium,0,0.12970612943172455
953a3f83985da689117ee6fa2fbaa16e9c4f6b7c1a1ff7ae5988b354fc0862c5,data/datasets/sid-set/candidate-1500/images/fake/953a3f83985da689117ee6fa2fbaa16e9c4f6b7c1a1ff7ae5988b354fc0862c5.png,saberzl/SID_Set,medium,1,0.8964776992797852
953e4a406c646642c4843d1e2bf42c4cb82c2307f131b4aaa9d838fab2984ee8,data/datasets/sid-set/candidate-1500/images/fake/953e4a406c646642c4843d1e2bf42c4cb82c2307f131b4aaa9d838fab2984ee8.png,saberzl/SID_Set,medium,1,0.9821620583534241
956ccb7ecad497df0dc2e52afe758f8576a6a842ace64b55a13edacb4f37765e,data/datasets/sid-set/candidate-1500/images/real/956ccb7ecad497df0dc2e52afe758f8576a6a842ace64b55a13edacb4f37765e.jpg,saberzl/SID_Set,medium,0,0.0046167317777872086
9607be75271a83a5ee43a8d9e261b0bba2f7b0d991170b2cb4836b927849e80b,data/datasets/sid-set/candidate-1500/images/fake/9607be75271a83a5ee43a8d9e261b0bba2f7b0d991170b2cb4836b927849e80b.png,saberzl/SID_Set,medium,1,0.9989230036735535
964307d54d096f8ad4f3bbdf5aa3a2c8d3e461918ffd289b5219c90c955d8772,data/datasets/sid-set/candidate-1500/images/fake/964307d54d096f8ad4f3bbdf5aa3a2c8d3e461918ffd289b5219c90c955d8772.png,saberzl/SID_Set,low,1,0.9035744667053223
966e2a5b9a9df57a5f2fdc5d847758187e4c1e0e05dd01e56f7ca6fac8749a3d,data/datasets/sid-set/candidate-1500/images/real/966e2a5b9a9df57a5f2fdc5d847758187e4c1e0e05dd01e56f7ca6fac8749a3d.jpg,saberzl/SID_Set,low,0,0.009523160755634308
9679b280d3cbd0edf71fbe5c9d7e3b723eb9399f063dd7888f03e846719f6ca8,data/datasets/sid-set/candidate-1500/images/real/9679b280d3cbd0edf71fbe5c9d7e3b723eb9399f063dd7888f03e846719f6ca8.jpg,saberzl/SID_Set,low,0,0.9029829502105713
96c611517aa4d75bc92cee5e755bafbcfc11bc35c7134ae036b2198a4ded321f,data/datasets/sid-set/candidate-1500/images/fake/96c611517aa4d75bc92cee5e755bafbcfc11bc35c7134ae036b2198a4ded321f.png,saberzl/SID_Set,low,1,0.986700177192688
96ccb5fa154ebda7e6ba6f75853d7f4b49d19ff6da9584571781d3958e6c8c7a,data/datasets/sid-set/candidate-1500/images/real/96ccb5fa154ebda7e6ba6f75853d7f4b49d19ff6da9584571781d3958e6c8c7a.jpg,saberzl/SID_Set,low,0,0.5177063941955566
971d56475d53de8c1b3b2683eea1eeb2da72cfff718d8a73afeabbdfdfa1b8de,data/datasets/sid-set/candidate-1500/images/real/971d56475d53de8c1b3b2683eea1eeb2da72cfff718d8a73afeabbdfdfa1b8de.jpg,saberzl/SID_Set,medium,0,0.6942044496536255
971e9d53debebe609b7e2f0628666a376a06f387c89e92b3feeeebb01012b6f1,data/datasets/sid-set/candidate-1500/images/fake/971e9d53debebe609b7e2f0628666a376a06f387c89e92b3feeeebb01012b6f1.png,saberzl/SID_Set,medium,1,0.9922820925712585
97389ec1c976af7b98c6f1a20cb2fe5054950ddb0c90b49d5a9f61dee4d6ee62,data/datasets/sid-set/candidate-1500/images/fake/97389ec1c976af7b98c6f1a20cb2fe5054950ddb0c90b49d5a9f61dee4d6ee62.png,saberzl/SID_Set,low,1,0.9552606344223022
974f1f6568316db93a7beef9e0637621a5aa33aea4c710383d28c2e1e7c17544,data/datasets/sid-set/candidate-1500/images/fake/974f1f6568316db93a7beef9e0637621a5aa33aea4c710383d28c2e1e7c17544.png,saberzl/SID_Set,low,1,0.9939574003219604
97714dd63890fa56bcba88cb4c1f05694ebe6dfa3acefc447c779f0fb201ae33,data/datasets/sid-set/candidate-1500/images/fake/97714dd63890fa56bcba88cb4c1f05694ebe6dfa3acefc447c779f0fb201ae33.png,saberzl/SID_Set,low,1,0.873647153377533
979f8ac3ed0b2b00a0dfe6ece073f31223b0b87bb57171d91f301aabb823e4c2,data/datasets/sid-set/candidate-1500/images/fake/979f8ac3ed0b2b00a0dfe6ece073f31223b0b87bb57171d91f301aabb823e4c2.png,saberzl/SID_Set,medium,1,0.9923473596572876
97a1e9d63ddb1197f180ca170950ce53ed2aa178298fde797a67759a81c0e0ad,data/datasets/sid-set/candidate-1500/images/fake/97a1e9d63ddb1197f180ca170950ce53ed2aa178298fde797a67759a81c0e0ad.png,saberzl/SID_Set,medium,1,0.9858681559562683
97b2a446625850197d31efe18105213ad49b227a3bd98ac64c6e693ab538edf0,data/datasets/sid-set/candidate-1500/images/real/97b2a446625850197d31efe18105213ad49b227a3bd98ac64c6e693ab538edf0.jpg,saberzl/SID_Set,low,0,0.029086213558912277
97b56e13a2b440f30f5996532aa0c3c4ef5a2451ad08ede34cf9d1b102beb60c,data/datasets/sid-set/candidate-1500/images/real/97b56e13a2b440f30f5996532aa0c3c4ef5a2451ad08ede34cf9d1b102beb60c.jpg,saberzl/SID_Set,low,0,0.26786676049232483
97d5f46d0d40d20098fcc449041e54ea4f6ba6c72469e1cd17b395bfee0a2249,data/datasets/sid-set/candidate-1500/images/real/97d5f46d0d40d20098fcc449041e54ea4f6ba6c72469e1cd17b395bfee0a2249.jpg,saberzl/SID_Set,low,0,0.8208456039428711
985c84c8f9db0571c78e3c3f73f80ad6b50060cb15edc59af1282d19eeb975da,data/datasets/sid-set/candidate-1500/images/fake/985c84c8f9db0571c78e3c3f73f80ad6b50060cb15edc59af1282d19eeb975da.png,saberzl/SID_Set,medium,1,0.984183132648468
986932a4e6c416777b72d499e783d238fce89332d2d94221afffcaaf1e559ba9,data/datasets/sid-set/candidate-1500/images/real/986932a4e6c416777b72d499e783d238fce89332d2d94221afffcaaf1e559ba9.jpg,saberzl/SID_Set,low,0,0.006737068761140108
98873b22b0d43aeb75b3ed110eedc887fdc706138cb28c6a986285d8cbb3328e,data/datasets/sid-set/candidate-1500/images/real/98873b22b0d43aeb75b3ed110eedc887fdc706138cb28c6a986285d8cbb3328e.jpg,saberzl/SID_Set,low,0,0.8656548857688904
98ad010b4d4c14a13b7e4da630182712a83fc3c1bddc76768eecf6d6169453af,data/datasets/sid-set/candidate-1500/images/fake/98ad010b4d4c14a13b7e4da630182712a83fc3c1bddc76768eecf6d6169453af.png,saberzl/SID_Set,medium,1,0.9817488193511963
98b6594496dd825a8beadb6a5df34f66cae442e5e415fa3b711fc6ee65ac8e93,data/datasets/sid-set/candidate-1500/images/real/98b6594496dd825a8beadb6a5df34f66cae442e5e415fa3b711fc6ee65ac8e93.jpg,saberzl/SID_Set,medium,0,0.34758976101875305
98cb8248c1754de474f469f04a98da9841455ccc7f864cd3f525d0173469fc19,data/datasets/sid-set/candidate-1500/images/fake/98cb8248c1754de474f469f04a98da9841455ccc7f864cd3f525d0173469fc19.png,saberzl/SID_Set,low,1,0.9811586141586304
98da6a17e4c20c88bfd0c09251adfb926f3027f36840d16981c120d7317cc6cb,data/datasets/sid-set/candidate-1500/images/fake/98da6a17e4c20c88bfd0c09251adfb926f3027f36840d16981c120d7317cc6cb.png,saberzl/SID_Set,medium,1,0.9726937413215637
990f14c836f9f033b00d7839a45005e269bed9cebe048e26c2851b56d5a21c45,data/datasets/sid-set/candidate-1500/images/fake/990f14c836f9f033b00d7839a45005e269bed9cebe048e26c2851b56d5a21c45.png,saberzl/SID_Set,medium,1,0.9894272685050964
9917ae30be849b80d9d2070561bac2845a1d602067e135b7b8cdb5d5bc18e440,data/datasets/sid-set/candidate-1500/images/real/9917ae30be849b80d9d2070561bac2845a1d602067e135b7b8cdb5d5bc18e440.jpg,saberzl/SID_Set,low,0,0.9832032918930054
9986445cccea52327520c6b4507182ba228a4d405b95770ea84eb36442b9bad0,data/datasets/sid-set/candidate-1500/images/real/9986445cccea52327520c6b4507182ba228a4d405b95770ea84eb36442b9bad0.jpg,saberzl/SID_Set,medium,0,0.2058153748512268
99c061240c406a7162bf4db87086b0dee01ff52f0b4a9671e8b9964b7ecc3d81,data/datasets/sid-set/candidate-1500/images/real/99c061240c406a7162bf4db87086b0dee01ff52f0b4a9671e8b9964b7ecc3d81.jpg,saberzl/SID_Set,medium,0,0.015780910849571228
99c8693a7b70cddc9d39330d4490c3e5ab485e5d37beebba8b07cc076bb6c146,data/datasets/sid-set/candidate-1500/images/fake/99c8693a7b70cddc9d39330d4490c3e5ab485e5d37beebba8b07cc076bb6c146.png,saberzl/SID_Set,low,1,0.8790543079376221
9a32e7a75568d5996555f668087e061713d1fa5e92113e450c8ec48c1d4f6e38,data/datasets/sid-set/candidate-1500/images/real/9a32e7a75568d5996555f668087e061713d1fa5e92113e450c8ec48c1d4f6e38.jpg,saberzl/SID_Set,high,0,0.04120125621557236
9a693fe6ceff14178f35ff59bbda7764f4e08a33e5b692f9040e6d01cfc89d01,data/datasets/sid-set/candidate-1500/images/fake/9a693fe6ceff14178f35ff59bbda7764f4e08a33e5b692f9040e6d01cfc89d01.png,saberzl/SID_Set,low,1,0.5649521350860596
9b0737e9674eec8d08bcf12795db9b5f18329c2f33c15ab29e8287bbc19951b6,data/datasets/sid-set/candidate-1500/images/fake/9b0737e9674eec8d08bcf12795db9b5f18329c2f33c15ab29e8287bbc19951b6.png,saberzl/SID_Set,medium,1,0.9752539396286011
9b0f71614aafcd4610d941170dbcca9be1b5cdfa3bc3fd0c5134b3d1ce52b9ff,data/datasets/sid-set/candidate-1500/images/fake/9b0f71614aafcd4610d941170dbcca9be1b5cdfa3bc3fd0c5134b3d1ce52b9ff.png,saberzl/SID_Set,low,1,0.9989253878593445
9b1110c760e94416dc5784878512e63a32d37a4feeaeb91f8bcf4d2164d1c42c,data/datasets/sid-set/candidate-1500/images/real/9b1110c760e94416dc5784878512e63a32d37a4feeaeb91f8bcf4d2164d1c42c.jpg,saberzl/SID_Set,medium,0,0.023273425176739693
9bd9455c7205121e9ba742f93e2801d0cea3a33be136e9c16364d75b3753b644,data/datasets/sid-set/candidate-1500/images/fake/9bd9455c7205121e9ba742f93e2801d0cea3a33be136e9c16364d75b3753b644.png,saberzl/SID_Set,low,1,0.9366949200630188
9c063f46555aac031b736758fb6bbb9e47840d2473a64ece7a6e4d71c7f3948f,data/datasets/sid-set/candidate-1500/images/fake/9c063f46555aac031b736758fb6bbb9e47840d2473a64ece7a6e4d71c7f3948f.png,saberzl/SID_Set,medium,1,0.9960941672325134
9c19a7931b1eca054d4bf81bcf76b464d1a94af73ba50c8790d31bfa7de15fc3,data/datasets/sid-set/candidate-1500/images/real/9c19a7931b1eca054d4bf81bcf76b464d1a94af73ba50c8790d31bfa7de15fc3.jpg,saberzl/SID_Set,low,0,0.06303253769874573
9c441b155bacd95717e5ef9363b66f46123f18f59bc8d1384623493b285fd145,data/datasets/sid-set/candidate-1500/images/real/9c441b155bacd95717e5ef9363b66f46123f18f59bc8d1384623493b285fd145.jpg,saberzl/SID_Set,medium,0,0.4790336489677429
9c4cb17bbd8c72227ccecd0403e8c17d178f17227570268c4a925acd68af4756,data/datasets/sid-set/candidate-1500/images/fake/9c4cb17bbd8c72227ccecd0403e8c17d178f17227570268c4a925acd68af4756.png,saberzl/SID_Set,medium,1,0.9859558343887329
9c56d52f31cca7d07678d0de97bc0aec3b75121c0338ae364ee319bcc1f073d2,data/datasets/sid-set/candidate-1500/images/fake/9c56d52f31cca7d07678d0de97bc0aec3b75121c0338ae364ee319bcc1f073d2.png,saberzl/SID_Set,low,1,0.5734444856643677
9c5efbe159a3714c59581f0bd149537f77df7e212217e4363894e9b807cde1e8,data/datasets/sid-set/candidate-1500/images/fake/9c5efbe159a3714c59581f0bd149537f77df7e212217e4363894e9b807cde1e8.png,saberzl/SID_Set,low,1,0.9849076271057129
9c6a2c1d0698bb27366e9c142bbe49e6da93a59575df2b0d0f18734454480ddb,data/datasets/sid-set/candidate-1500/images/fake/9c6a2c1d0698bb27366e9c142bbe49e6da93a59575df2b0d0f18734454480ddb.png,saberzl/SID_Set,medium,1,0.9798905849456787
9c732068881311debf381caec9e3b87505f54077219f48470f5c4bfb1bcd161d,data/datasets/sid-set/candidate-1500/images/real/9c732068881311debf381caec9e3b87505f54077219f48470f5c4bfb1bcd161d.jpg,saberzl/SID_Set,medium,0,0.1333857625722885
9c8d9bf84c125013351caa5e9946bebc8ae847fb6b61b50eef4cfb17928ce38f,data/datasets/sid-set/candidate-1500/images/real/9c8d9bf84c125013351caa5e9946bebc8ae847fb6b61b50eef4cfb17928ce38f.jpg,saberzl/SID_Set,medium,0,0.21317842602729797
9ce8733d1c377da0901297e65926ecd8d1cc401a715e4b8f9a6c920126d7b645,data/datasets/sid-set/candidate-1500/images/real/9ce8733d1c377da0901297e65926ecd8d1cc401a715e4b8f9a6c920126d7b645.jpg,saberzl/SID_Set,low,0,0.8553447723388672
9cf9d287e4404c5b32d137c7e2cd6bacdbeed4b41be1bd3164ffefd7cc9437c2,data/datasets/sid-set/candidate-1500/images/fake/9cf9d287e4404c5b32d137c7e2cd6bacdbeed4b41be1bd3164ffefd7cc9437c2.png,saberzl/SID_Set,medium,1,0.9788286089897156
9d07567a419f3f6d01210533f349ca9944d56c17e3b5fe21d56e8d288de2e5af,data/datasets/sid-set/candidate-1500/images/real/9d07567a419f3f6d01210533f349ca9944d56c17e3b5fe21d56e8d288de2e5af.jpg,saberzl/SID_Set,low,0,0.11846146732568741
9d0c8ad7f5c2987905174b65cabe46cfe275f0500e6865013a89b1c3d9268edf,data/datasets/sid-set/candidate-1500/images/real/9d0c8ad7f5c2987905174b65cabe46cfe275f0500e6865013a89b1c3d9268edf.jpg,saberzl/SID_Set,medium,0,0.1045985072851181
9d4160124607cffffc1435c4a186cf53246318a63d6decba2304df84334a3a0f,data/datasets/sid-set/candidate-1500/images/real/9d4160124607cffffc1435c4a186cf53246318a63d6decba2304df84334a3a0f.jpg,saberzl/SID_Set,medium,0,0.9569472074508667
9d7f0f3794d165ed74895c9f0dc2e4e6e5415e99fc563c493c907020f59cdbb2,data/datasets/sid-set/candidate-1500/images/fake/9d7f0f3794d165ed74895c9f0dc2e4e6e5415e99fc563c493c907020f59cdbb2.png,saberzl/SID_Set,medium,1,0.9620150923728943
9dcd612254d658e451be275c4f15236ea725e8eb8ce4290d84b075a228c25f64,data/datasets/sid-set/candidate-1500/images/fake/9dcd612254d658e451be275c4f15236ea725e8eb8ce4290d84b075a228c25f64.png,saberzl/SID_Set,medium,1,0.9988859295845032
9dd04bffb7516a672e0a57e8fa508ee242fabccbe8dc43546f85ef4429f7dbc3,data/datasets/sid-set/candidate-1500/images/fake/9dd04bffb7516a672e0a57e8fa508ee242fabccbe8dc43546f85ef4429f7dbc3.png,saberzl/SID_Set,low,1,0.9895048141479492
9dd9aaa7fa6afe7e43345059b2dd35224782d79e41effaf72e4fc82476a0064a,data/datasets/sid-set/candidate-1500/images/fake/9dd9aaa7fa6afe7e43345059b2dd35224782d79e41effaf72e4fc82476a0064a.png,saberzl/SID_Set,low,1,0.9766414761543274
9dde535b3a4c710b6cd98242d1a2f5f200f4e72146abadf0175abfa549370025,data/datasets/sid-set/candidate-1500/images/real/9dde535b3a4c710b6cd98242d1a2f5f200f4e72146abadf0175abfa549370025.jpg,saberzl/SID_Set,medium,0,0.8592326641082764
9df41bc836c49970cba9f238aa82c0518f31d6afcf85b94b45c9811dade3a2cc,data/datasets/sid-set/candidate-1500/images/real/9df41bc836c49970cba9f238aa82c0518f31d6afcf85b94b45c9811dade3a2cc.jpg,saberzl/SID_Set,medium,0,0.7749491333961487
9df50f4e2974674061be19c1c650f48855c09cf91eeae2478547ac9aab89ce34,data/datasets/sid-set/candidate-1500/images/real/9df50f4e2974674061be19c1c650f48855c09cf91eeae2478547ac9aab89ce34.jpg,saberzl/SID_Set,medium,0,0.6022244095802307
9e0bae0c6ffd84c243884af24ea4192c5ae579c26a6ebc56aedab6a3ef44dd87,data/datasets/sid-set/candidate-1500/images/real/9e0bae0c6ffd84c243884af24ea4192c5ae579c26a6ebc56aedab6a3ef44dd87.jpg,saberzl/SID_Set,medium,0,0.07923565059900284
9e4e666b8630197a7736fca5e50c9fab8cbee809426f3013a416be60209631ab,data/datasets/sid-set/candidate-1500/images/real/9e4e666b8630197a7736fca5e50c9fab8cbee809426f3013a416be60209631ab.jpg,saberzl/SID_Set,medium,0,0.10365845263004303
9e64200b350b955cbe4649e5fb5ef7f9a4b3780cda28e8b9fb44250cc378aca8,data/datasets/sid-set/candidate-1500/images/fake/9e64200b350b955cbe4649e5fb5ef7f9a4b3780cda28e8b9fb44250cc378aca8.png,saberzl/SID_Set,low,1,0.9191012978553772
9ea7b8d128a6a8b964166b058afbf7b54b69e8c045e6302e975bdfc24eef69fd,data/datasets/sid-set/candidate-1500/images/fake/9ea7b8d128a6a8b964166b058afbf7b54b69e8c045e6302e975bdfc24eef69fd.png,saberzl/SID_Set,medium,1,0.9605793952941895
9ef0b1d06647a6b9a105391cd84718ee1d6c16eeb28ed199d7e78845683d8257,data/datasets/sid-set/candidate-1500/images/real/9ef0b1d06647a6b9a105391cd84718ee1d6c16eeb28ed199d7e78845683d8257.jpg,saberzl/SID_Set,low,0,0.7400498390197754
9f4bcddc09cc9741e68ce8a8c6fcd5133c54672a934d08049c0f3b35f43df756,data/datasets/sid-set/candidate-1500/images/real/9f4bcddc09cc9741e68ce8a8c6fcd5133c54672a934d08049c0f3b35f43df756.jpg,saberzl/SID_Set,medium,0,0.13970313966274261
9f549e1ef76da81d65ee5c8b334d74715d79b7d3aee264e75b1a992448bc2c82,data/datasets/sid-set/candidate-1500/images/real/9f549e1ef76da81d65ee5c8b334d74715d79b7d3aee264e75b1a992448bc2c82.jpg,saberzl/SID_Set,low,0,0.02792529948055744
9f9188f23a7afebdcf16783a3d963c592186142924bb6e8ed04f12df362ef59b,data/datasets/sid-set/candidate-1500/images/real/9f9188f23a7afebdcf16783a3d963c592186142924bb6e8ed04f12df362ef59b.jpg,saberzl/SID_Set,low,0,0.8164379000663757
9fb449efa2b61309ad22d662913664e2582835cfdd84fb823aaacf52e9432179,data/datasets/sid-set/candidate-1500/images/fake/9fb449efa2b61309ad22d662913664e2582835cfdd84fb823aaacf52e9432179.png,saberzl/SID_Set,low,1,0.9889615178108215
9fc3c20fb1a50b25accf9eae693de9299d71ee12bf9569edf3f874568fcde076,data/datasets/sid-set/candidate-1500/images/fake/9fc3c20fb1a50b25accf9eae693de9299d71ee12bf9569edf3f874568fcde076.png,saberzl/SID_Set,low,1,0.9827859997749329
9fdc9907db7a1ee239cf8c1e8fd1db6dbc4fee908398eb7dd9de000c753c37f1,data/datasets/sid-set/candidate-1500/images/real/9fdc9907db7a1ee239cf8c1e8fd1db6dbc4fee908398eb7dd9de000c753c37f1.jpg,saberzl/SID_Set,medium,0,0.04938220977783203
9fde180076b604049cb539958e0cfe72155d565e620d29ab486202c5c9480523,data/datasets/sid-set/candidate-1500/images/fake/9fde180076b604049cb539958e0cfe72155d565e620d29ab486202c5c9480523.png,saberzl/SID_Set,low,1,0.9835286140441895
a00b340a492d7e2611cc39eab0cb6411a4b163490975125651e1bedf0eb84f0c,data/datasets/sid-set/candidate-1500/images/real/a00b340a492d7e2611cc39eab0cb6411a4b163490975125651e1bedf0eb84f0c.jpg,saberzl/SID_Set,medium,0,0.16454873979091644
a04be6505115f4e074869acfcf4d1107a9cc99e981bada2949371ed7846c3704,data/datasets/sid-set/candidate-1500/images/fake/a04be6505115f4e074869acfcf4d1107a9cc99e981bada2949371ed7846c3704.png,saberzl/SID_Set,medium,1,0.8893514275550842
a06377665409bd08baca5dc9e7569af12072d04ffc80e5fe3b9a97b0835b5983,data/datasets/sid-set/candidate-1500/images/real/a06377665409bd08baca5dc9e7569af12072d04ffc80e5fe3b9a97b0835b5983.jpg,saberzl/SID_Set,low,0,0.8459962606430054
a06aeebaf65d206b3596460830fd99e864e954dfbe105e546e83c77238fdffa8,data/datasets/sid-set/candidate-1500/images/real/a06aeebaf65d206b3596460830fd99e864e954dfbe105e546e83c77238fdffa8.jpg,saberzl/SID_Set,medium,0,0.48231950402259827
a0aa8b675aed58cc951a1732f35a49863cf04172f1b9b3d3935278f675350671,data/datasets/sid-set/candidate-1500/images/real/a0aa8b675aed58cc951a1732f35a49863cf04172f1b9b3d3935278f675350671.jpg,saberzl/SID_Set,low,0,0.8769346475601196
a0c2db345ed24dfa10fcb5d346253f9009061013083d00b8b06a0180f193187b,data/datasets/sid-set/candidate-1500/images/real/a0c2db345ed24dfa10fcb5d346253f9009061013083d00b8b06a0180f193187b.jpg,saberzl/SID_Set,medium,0,0.00023717079602647573
a0d2b7425218605cd0b629ce1984019f4bbfd97e58ffde8eef4d1183e01a8ae7,data/datasets/sid-set/candidate-1500/images/fake/a0d2b7425218605cd0b629ce1984019f4bbfd97e58ffde8eef4d1183e01a8ae7.png,saberzl/SID_Set,medium,1,0.9919547438621521
a10e416e008b49ffdc3d436cdc92896d627c5b64fd99ab5bbf4cc59e04a2251e,data/datasets/sid-set/candidate-1500/images/fake/a10e416e008b49ffdc3d436cdc92896d627c5b64fd99ab5bbf4cc59e04a2251e.png,saberzl/SID_Set,medium,1,0.9514518976211548
a168b533c53e8f6d0c686d8b65c6d56a25ce9cfa41698ddfc336748654690c03,data/datasets/sid-set/candidate-1500/images/fake/a168b533c53e8f6d0c686d8b65c6d56a25ce9cfa41698ddfc336748654690c03.png,saberzl/SID_Set,low,1,0.9864600896835327
a1795e5106690d3129aeb9501849bfcf26ce48980d92be6dd76dc2af60425c20,data/datasets/sid-set/candidate-1500/images/real/a1795e5106690d3129aeb9501849bfcf26ce48980d92be6dd76dc2af60425c20.jpg,saberzl/SID_Set,medium,0,0.6650400161743164
a19f6018726e77b5a2f14bb03755263a31feeb65cb72217f8e189067dc1e4bde,data/datasets/sid-set/candidate-1500/images/real/a19f6018726e77b5a2f14bb03755263a31feeb65cb72217f8e189067dc1e4bde.jpg,saberzl/SID_Set,low,0,0.10716404765844345
a204c1f740057ef704e666b2dfa5ea0811211c9f48fae9a14c3b71c1ec91d203,data/datasets/sid-set/candidate-1500/images/fake/a204c1f740057ef704e666b2dfa5ea0811211c9f48fae9a14c3b71c1ec91d203.png,saberzl/SID_Set,medium,1,0.9880280494689941
a20b1a2205a4f536e7524d5bbad9abac460531164877c4f5f6cbf0c73f62e1b0,data/datasets/sid-set/candidate-1500/images/fake/a20b1a2205a4f536e7524d5bbad9abac460531164877c4f5f6cbf0c73f62e1b0.png,saberzl/SID_Set,low,1,0.933022141456604
a212bf21501e0e1c84162c4c44b22fbddf332b2152b37f76f9f56c6bee56eba0,data/datasets/sid-set/candidate-1500/images/fake/a212bf21501e0e1c84162c4c44b22fbddf332b2152b37f76f9f56c6bee56eba0.png,saberzl/SID_Set,low,1,0.986879825592041
a2586e94326f3f1b725a0b7d80d2b4a3e8c1ffaa3c84373389a20d39784ac4c3,data/datasets/sid-set/candidate-1500/images/fake/a2586e94326f3f1b725a0b7d80d2b4a3e8c1ffaa3c84373389a20d39784ac4c3.png,saberzl/SID_Set,low,1,0.9823682904243469
a28d7fa709393e804abad05bc4c844a511bcbbe0428b8557657170ab40e3e873,data/datasets/sid-set/candidate-1500/images/real/a28d7fa709393e804abad05bc4c844a511bcbbe0428b8557657170ab40e3e873.jpg,saberzl/SID_Set,medium,0,0.7029106020927429
a293d4698b810114bdd55ec26143477f9cbc39688d835e0fffcdb3b2267dbdba,data/datasets/sid-set/candidate-1500/images/fake/a293d4698b810114bdd55ec26143477f9cbc39688d835e0fffcdb3b2267dbdba.png,saberzl/SID_Set,low,1,0.7785902619361877
a2b5f71b73bd103b824c5a1a51656619321fa7bbd43f36c4123bffb0c0e83123,data/datasets/sid-set/candidate-1500/images/fake/a2b5f71b73bd103b824c5a1a51656619321fa7bbd43f36c4123bffb0c0e83123.png,saberzl/SID_Set,low,1,0.9991031885147095
a2c587254ae6dee0be37696f48ddf220b938c07a7b68bc252a28694be3df3418,data/datasets/sid-set/candidate-1500/images/fake/a2c587254ae6dee0be37696f48ddf220b938c07a7b68bc252a28694be3df3418.png,saberzl/SID_Set,low,1,0.9534734487533569
a2ce68a4f724446a8b92944215d29b16fc448b4c257152e8ab75570f78174be8,data/datasets/sid-set/candidate-1500/images/real/a2ce68a4f724446a8b92944215d29b16fc448b4c257152e8ab75570f78174be8.jpg,saberzl/SID_Set,low,0,0.49973684549331665
a2d6b66dab35bb1fc4d5755331f9948beffe9ab9511d895bcfab06b42f0b8760,data/datasets/sid-set/candidate-1500/images/real/a2d6b66dab35bb1fc4d5755331f9948beffe9ab9511d895bcfab06b42f0b8760.jpg,saberzl/SID_Set,medium,0,0.6641764044761658
a2fead0592f16577c98885185b99d14f5396ee6f92aac2a900eaa12dc6a79129,data/datasets/sid-set/candidate-1500/images/fake/a2fead0592f16577c98885185b99d14f5396ee6f92aac2a900eaa12dc6a79129.png,saberzl/SID_Set,low,1,0.9211554527282715
a328454eb311c9546c5a27ef40b3d5cd303565a58487421afbc47df1789efabe,data/datasets/sid-set/candidate-1500/images/real/a328454eb311c9546c5a27ef40b3d5cd303565a58487421afbc47df1789efabe.jpg,saberzl/SID_Set,medium,0,0.005593090783804655
a32c6006337dad14fdbb9964a11846f940cf02b1367ff3627af2fb9e4ecc3452,data/datasets/sid-set/candidate-1500/images/real/a32c6006337dad14fdbb9964a11846f940cf02b1367ff3627af2fb9e4ecc3452.jpg,saberzl/SID_Set,medium,0,0.16266554594039917
a35ec7631c74a033d4a216e239df8bdb0884055b17817cd451d12cfd131fe212,data/datasets/sid-set/candidate-1500/images/fake/a35ec7631c74a033d4a216e239df8bdb0884055b17817cd451d12cfd131fe212.png,saberzl/SID_Set,medium,1,0.9885722398757935
a37b31e1d2c79a56e53f0acbce59c6682adb02566e24bc22b6c27c5bcf8df0e8,data/datasets/sid-set/candidate-1500/images/real/a37b31e1d2c79a56e53f0acbce59c6682adb02566e24bc22b6c27c5bcf8df0e8.jpg,saberzl/SID_Set,medium,0,0.5662455558776855
a40ea7e6c2dafb3c4836fa3420d65f85763786623d7c3f07994e94cf4fe9af34,data/datasets/sid-set/candidate-1500/images/real/a40ea7e6c2dafb3c4836fa3420d65f85763786623d7c3f07994e94cf4fe9af34.jpg,saberzl/SID_Set,low,0,0.029848698526620865
a413336015fe6f7f0fe66e394d67b4e432bebd363a7cba4d500ab6b463d3c8f7,data/datasets/sid-set/candidate-1500/images/real/a413336015fe6f7f0fe66e394d67b4e432bebd363a7cba4d500ab6b463d3c8f7.jpg,saberzl/SID_Set,medium,0,0.6717155575752258
a4dfc12cf486dcc3ae2f862a3200317391c42715845370737c64ad421cfa66ae,data/datasets/sid-set/candidate-1500/images/fake/a4dfc12cf486dcc3ae2f862a3200317391c42715845370737c64ad421cfa66ae.png,saberzl/SID_Set,medium,1,0.9234713912010193
a521d1fdfd0e4b57d319684c72302e0073c79293de40c115f3ad5c47d5d44de2,data/datasets/sid-set/candidate-1500/images/fake/a521d1fdfd0e4b57d319684c72302e0073c79293de40c115f3ad5c47d5d44de2.png,saberzl/SID_Set,low,1,0.8000172972679138
a56e99a651d4ce3df9f78882d22ce27676c32c12f454bfd94c573a06f61ed24e,data/datasets/sid-set/candidate-1500/images/fake/a56e99a651d4ce3df9f78882d22ce27676c32c12f454bfd94c573a06f61ed24e.png,saberzl/SID_Set,low,1,0.9119634032249451
a575d940bbc7717532296d40aeba3fc3b84afbfa6c99545461929ebf46b493a7,data/datasets/sid-set/candidate-1500/images/fake/a575d940bbc7717532296d40aeba3fc3b84afbfa6c99545461929ebf46b493a7.png,saberzl/SID_Set,medium,1,0.41371363401412964
a583f7d090df7d96eece1c366993b7fab2710e1e4fb13f91d843ff53fd9bb764,data/datasets/sid-set/candidate-1500/images/fake/a583f7d090df7d96eece1c366993b7fab2710e1e4fb13f91d843ff53fd9bb764.png,saberzl/SID_Set,medium,1,0.9955116510391235
a584e03d68e5096602b76577a0974ab8af435e7fdd3a13ec9acbef9c50563960,data/datasets/sid-set/candidate-1500/images/fake/a584e03d68e5096602b76577a0974ab8af435e7fdd3a13ec9acbef9c50563960.png,saberzl/SID_Set,medium,1,0.9987998008728027
a5fd82913a382924be7dc4708d705aac94991f8a442e5f1f3d5e2f1c60a6adff,data/datasets/sid-set/candidate-1500/images/fake/a5fd82913a382924be7dc4708d705aac94991f8a442e5f1f3d5e2f1c60a6adff.png,saberzl/SID_Set,low,1,0.9743589758872986
a60551525ad81154be934aff9f5f4326efbdad6f7e946cc5188ab340e4c195fe,data/datasets/sid-set/candidate-1500/images/fake/a60551525ad81154be934aff9f5f4326efbdad6f7e946cc5188ab340e4c195fe.png,saberzl/SID_Set,low,1,0.9855327010154724
a63b3fa6bf944079aa8e809f15447f43fd7ba0303593c81fc5653bcdf5455842,data/datasets/sid-set/candidate-1500/images/real/a63b3fa6bf944079aa8e809f15447f43fd7ba0303593c81fc5653bcdf5455842.jpg,saberzl/SID_Set,medium,0,0.03825528919696808
a6607bb83a26fb86d2cd4628b3ae873844466ee4144e89454039047feefa684c,data/datasets/sid-set/candidate-1500/images/real/a6607bb83a26fb86d2cd4628b3ae873844466ee4144e89454039047feefa684c.jpg,saberzl/SID_Set,medium,0,0.0006145996158011258
a69f21d1d9d7e2778833d7f98370a2984cd55ed9d6e6a3445f28411f8977c3f8,data/datasets/sid-set/candidate-1500/images/fake/a69f21d1d9d7e2778833d7f98370a2984cd55ed9d6e6a3445f28411f8977c3f8.png,saberzl/SID_Set,medium,1,0.8766860365867615
a6ae0e37dd46d7d46d8a44716e24379e158d46ba05ec21b2ac5c54e1c4d6dd33,data/datasets/sid-set/candidate-1500/images/real/a6ae0e37dd46d7d46d8a44716e24379e158d46ba05ec21b2ac5c54e1c4d6dd33.jpg,saberzl/SID_Set,medium,0,0.2929193377494812
a7295ccb72e05dc67e4cf6a24002b063c22b2115d6dca9f4e2549315b02ec316,data/datasets/sid-set/candidate-1500/images/real/a7295ccb72e05dc67e4cf6a24002b063c22b2115d6dca9f4e2549315b02ec316.jpg,saberzl/SID_Set,low,0,0.9953141212463379
a750914ee731fc6ce31ece52b100d02bf89d4ff52a8100b9b5513bf947fffabf,data/datasets/sid-set/candidate-1500/images/real/a750914ee731fc6ce31ece52b100d02bf89d4ff52a8100b9b5513bf947fffabf.jpg,saberzl/SID_Set,medium,0,0.0011054612696170807
a75b43c425c42f72f8417d7379655f7528816fd7afa05c5187947844530cd929,data/datasets/sid-set/candidate-1500/images/real/a75b43c425c42f72f8417d7379655f7528816fd7afa05c5187947844530cd929.jpg,saberzl/SID_Set,high,0,0.6386088132858276
a7dc4245f58f037e5828ac86a102fe04b35a00d252693025736161581157980d,data/datasets/sid-set/candidate-1500/images/fake/a7dc4245f58f037e5828ac86a102fe04b35a00d252693025736161581157980d.png,saberzl/SID_Set,medium,1,0.9337989091873169
a7e1d7b2a6341572b6facb5b36d54dcee043e16f1528c7c95aafb527a34b2c6b,data/datasets/sid-set/candidate-1500/images/fake/a7e1d7b2a6341572b6facb5b36d54dcee043e16f1528c7c95aafb527a34b2c6b.png,saberzl/SID_Set,low,1,0.8098796606063843
a826f9bb379062476432f794209c788ce5d8063f5f760fd6d5c44ac3fb0a9654,data/datasets/sid-set/candidate-1500/images/real/a826f9bb379062476432f794209c788ce5d8063f5f760fd6d5c44ac3fb0a9654.jpg,saberzl/SID_Set,medium,0,0.8135059475898743
a82dbf7d053f6ecf686ebc314de423e69efc2d7206d38f738a85aeb99d61a082,data/datasets/sid-set/candidate-1500/images/fake/a82dbf7d053f6ecf686ebc314de423e69efc2d7206d38f738a85aeb99d61a082.png,saberzl/SID_Set,medium,1,0.9259358048439026
a84a51205a80d2e3231ffcc3424adc9af2da9a6a6a824ca6989e0ee13b132086,data/datasets/sid-set/candidate-1500/images/fake/a84a51205a80d2e3231ffcc3424adc9af2da9a6a6a824ca6989e0ee13b132086.png,saberzl/SID_Set,medium,1,0.8377306461334229
a89717769d5dd0945ca65162336263b33b0eef41dd669e4a0bda7620fcd63668,data/datasets/sid-set/candidate-1500/images/fake/a89717769d5dd0945ca65162336263b33b0eef41dd669e4a0bda7620fcd63668.png,saberzl/SID_Set,low,1,0.980844259262085
a8c06ad5c878d5a613ccd5e2ebe7119d27fc8a8529323c7c3d82975fe73f5553,data/datasets/sid-set/candidate-1500/images/fake/a8c06ad5c878d5a613ccd5e2ebe7119d27fc8a8529323c7c3d82975fe73f5553.png,saberzl/SID_Set,medium,1,0.9665383696556091
a8cddeabe436aef8fffc8f4a16608926d3d9dff8609f765564f7d7865ff70463,data/datasets/sid-set/candidate-1500/images/fake/a8cddeabe436aef8fffc8f4a16608926d3d9dff8609f765564f7d7865ff70463.png,saberzl/SID_Set,low,1,0.9357379078865051
a91a61ea14c44614f866a616abf69f41bcbf3be8c7b56caa47bc6c6d131602d0,data/datasets/sid-set/candidate-1500/images/fake/a91a61ea14c44614f866a616abf69f41bcbf3be8c7b56caa47bc6c6d131602d0.png,saberzl/SID_Set,medium,1,0.8342846632003784
a94f4d741dce438e18aa38d5cd9f9fd282196aa5d9c322c0ab7c476c28d0de6e,data/datasets/sid-set/candidate-1500/images/fake/a94f4d741dce438e18aa38d5cd9f9fd282196aa5d9c322c0ab7c476c28d0de6e.png,saberzl/SID_Set,low,1,0.9576494693756104
a95d9c8effd97fb5baee7872f322746c4523b39a6c87ff7e180d50782faf69da,data/datasets/sid-set/candidate-1500/images/fake/a95d9c8effd97fb5baee7872f322746c4523b39a6c87ff7e180d50782faf69da.png,saberzl/SID_Set,medium,1,0.9810603857040405
a964b7d07caafa859efd75c4c66c41cc14faf7d8f2201ee94d42ad4595e1c288,data/datasets/sid-set/candidate-1500/images/real/a964b7d07caafa859efd75c4c66c41cc14faf7d8f2201ee94d42ad4595e1c288.jpg,saberzl/SID_Set,medium,0,0.4602546691894531
a9d6365c2d7a510a9159cd6b7388df91a1af6e2aa1b47804016d05c3994e4972,data/datasets/sid-set/candidate-1500/images/fake/a9d6365c2d7a510a9159cd6b7388df91a1af6e2aa1b47804016d05c3994e4972.png,saberzl/SID_Set,medium,1,0.8776537775993347
aa0277fa642774fe5127a0e446f9d7f64cdc77dd90ffdce97ed16b5c1f377cc6,data/datasets/sid-set/candidate-1500/images/fake/aa0277fa642774fe5127a0e446f9d7f64cdc77dd90ffdce97ed16b5c1f377cc6.png,saberzl/SID_Set,low,1,0.9748422503471375
aa068ada86bf0b7edf893e710b7c4c2327f5e2caaf3fcdb684ef1032450d7c03,data/datasets/sid-set/candidate-1500/images/fake/aa068ada86bf0b7edf893e710b7c4c2327f5e2caaf3fcdb684ef1032450d7c03.png,saberzl/SID_Set,medium,1,0.9820696115493774
aa4860f170485f3342809b105101bf947da40660cfa3489d92626be5562b71f9,data/datasets/sid-set/candidate-1500/images/fake/aa4860f170485f3342809b105101bf947da40660cfa3489d92626be5562b71f9.png,saberzl/SID_Set,low,1,0.9118494987487793
aa951e628b91172b3809b32e505380e65ad31f081ec986f6ff38e8bfd3b708d1,data/datasets/sid-set/candidate-1500/images/fake/aa951e628b91172b3809b32e505380e65ad31f081ec986f6ff38e8bfd3b708d1.png,saberzl/SID_Set,medium,1,0.39937904477119446
aa988fd2e0476e19dd4d544d9303209c0675e6181f42a730b719b6cd96671147,data/datasets/sid-set/candidate-1500/images/fake/aa988fd2e0476e19dd4d544d9303209c0675e6181f42a730b719b6cd96671147.png,saberzl/SID_Set,medium,1,0.5273128151893616
ab0ec21e097cc09bac3898d60b4f6a02cb7db7903cf8a5e8be6b0e7460a1c1c2,data/datasets/sid-set/candidate-1500/images/real/ab0ec21e097cc09bac3898d60b4f6a02cb7db7903cf8a5e8be6b0e7460a1c1c2.jpg,saberzl/SID_Set,medium,0,0.822474479675293
abc15338fae0572abb90f6b8b61665ac693bee5764a6e2a18ab309e3798d0caa,data/datasets/sid-set/candidate-1500/images/real/abc15338fae0572abb90f6b8b61665ac693bee5764a6e2a18ab309e3798d0caa.jpg,saberzl/SID_Set,medium,0,0.5764504075050354
abc17788d13151f28c50b282a43d91208356b8c153d5eceb5bcf78b010e44775,data/datasets/sid-set/candidate-1500/images/fake/abc17788d13151f28c50b282a43d91208356b8c153d5eceb5bcf78b010e44775.png,saberzl/SID_Set,medium,1,0.9381791949272156
abc71dc8dfca2492283dabfacdd81bba4476d81dfa064879a65e8aa84ceeb39d,data/datasets/sid-set/candidate-1500/images/fake/abc71dc8dfca2492283dabfacdd81bba4476d81dfa064879a65e8aa84ceeb39d.png,saberzl/SID_Set,medium,1,0.9298437833786011
abd3ab2d7343edab3ba2cd99e2068be8e2d3dd2764b96004a512a2e41fe05e83,data/datasets/sid-set/candidate-1500/images/fake/abd3ab2d7343edab3ba2cd99e2068be8e2d3dd2764b96004a512a2e41fe05e83.png,saberzl/SID_Set,medium,1,0.8317656517028809
abd68893fbfcc7044c3b54348d20b8eb763c7794169607143967dcb263692ce6,data/datasets/sid-set/candidate-1500/images/fake/abd68893fbfcc7044c3b54348d20b8eb763c7794169607143967dcb263692ce6.png,saberzl/SID_Set,medium,1,0.9245432019233704
abefc87b387316e0a84a276b1073cb220b522255b5bb5b1e3528a6053bb2aed5,data/datasets/sid-set/candidate-1500/images/fake/abefc87b387316e0a84a276b1073cb220b522255b5bb5b1e3528a6053bb2aed5.png,saberzl/SID_Set,medium,1,0.9753716588020325
abf5ed3408abfae12e0a9da87e8b044586c4d7b67a315492f27ca5a79e7ba314,data/datasets/sid-set/candidate-1500/images/real/abf5ed3408abfae12e0a9da87e8b044586c4d7b67a315492f27ca5a79e7ba314.jpg,saberzl/SID_Set,medium,0,0.20673803985118866
ac01aa8e06535d74f4a49afd1ec46850ccf95dd67b4cc95145b36f1b8dcfa3dc,data/datasets/sid-set/candidate-1500/images/real/ac01aa8e06535d74f4a49afd1ec46850ccf95dd67b4cc95145b36f1b8dcfa3dc.jpg,saberzl/SID_Set,medium,0,0.8546609878540039
ac335e2d5520d7d96bc4689dfc400d054642558e36aa49bfc8e1bcd27dc6646b,data/datasets/sid-set/candidate-1500/images/fake/ac335e2d5520d7d96bc4689dfc400d054642558e36aa49bfc8e1bcd27dc6646b.png,saberzl/SID_Set,medium,1,0.9883242845535278
ac910c2572bc0d2ca00c1818d6bfb7b2c663629981b4727f680b8e98c989b7ac,data/datasets/sid-set/candidate-1500/images/fake/ac910c2572bc0d2ca00c1818d6bfb7b2c663629981b4727f680b8e98c989b7ac.png,saberzl/SID_Set,low,1,0.953177273273468
ace4816b8651359458dd6a5cb5970dc6208672c12957b84c0ef08ecfcee6076f,data/datasets/sid-set/candidate-1500/images/real/ace4816b8651359458dd6a5cb5970dc6208672c12957b84c0ef08ecfcee6076f.jpg,saberzl/SID_Set,medium,0,0.9591310620307922
ad0fc3fc85cbc004836355e3f7afd6273d5045c268ff2eba6937f6a89e75f6a8,data/datasets/sid-set/candidate-1500/images/real/ad0fc3fc85cbc004836355e3f7afd6273d5045c268ff2eba6937f6a89e75f6a8.jpg,saberzl/SID_Set,medium,0,0.09068377315998077
ad46abbc609db34f7f9e7aec7b734de0fda1bec95ce184cdca48fbe6a853fcc1,data/datasets/sid-set/candidate-1500/images/real/ad46abbc609db34f7f9e7aec7b734de0fda1bec95ce184cdca48fbe6a853fcc1.jpg,saberzl/SID_Set,low,0,0.1352158784866333
ad4ff63587beac58dffdf91956ef71451fcceb5d5e4d82d46c35319d5c1b366a,data/datasets/sid-set/candidate-1500/images/fake/ad4ff63587beac58dffdf91956ef71451fcceb5d5e4d82d46c35319d5c1b366a.png,saberzl/SID_Set,low,1,0.9671052694320679
ad6bdf5b75d076fdc3509c99977bb8668063df36d7834bd9becc259f58477bdb,data/datasets/sid-set/candidate-1500/images/real/ad6bdf5b75d076fdc3509c99977bb8668063df36d7834bd9becc259f58477bdb.jpg,saberzl/SID_Set,low,0,0.9915456175804138
ad7c003978de79bc3350847567c9285ef154f782792f62acca4e69c47b11330e,data/datasets/sid-set/candidate-1500/images/fake/ad7c003978de79bc3350847567c9285ef154f782792f62acca4e69c47b11330e.png,saberzl/SID_Set,medium,1,0.9925206899642944
ad8bb7d46b2e7ccca5db42064a1e4695a49e2af2ea6221f16f842d5b55e8c495,data/datasets/sid-set/candidate-1500/images/fake/ad8bb7d46b2e7ccca5db42064a1e4695a49e2af2ea6221f16f842d5b55e8c495.png,saberzl/SID_Set,medium,1,0.9886288642883301
adfee4f0139a7b35727b7c8d89ce882b20bf3b8467ebd633f94a4078c72afe37,data/datasets/sid-set/candidate-1500/images/real/adfee4f0139a7b35727b7c8d89ce882b20bf3b8467ebd633f94a4078c72afe37.jpg,saberzl/SID_Set,medium,0,0.09341736137866974
ae054ba0aefe238b4654defefe781888917eb50ff8c1b3b8ddd5fa7557d540b7,data/datasets/sid-set/candidate-1500/images/fake/ae054ba0aefe238b4654defefe781888917eb50ff8c1b3b8ddd5fa7557d540b7.png,saberzl/SID_Set,medium,1,0.9819406270980835
ae0bb66822c42d759761a80c01651468cb7e34c62e853a671aaa0bf20c9137c3,data/datasets/sid-set/candidate-1500/images/real/ae0bb66822c42d759761a80c01651468cb7e34c62e853a671aaa0bf20c9137c3.jpg,saberzl/SID_Set,low,0,0.45736443996429443
ae1ba58efc6b7b9d6577fd8257a82a58a69b88bc720ff3eda66cc8a146f019e2,data/datasets/sid-set/candidate-1500/images/fake/ae1ba58efc6b7b9d6577fd8257a82a58a69b88bc720ff3eda66cc8a146f019e2.png,saberzl/SID_Set,medium,1,0.9740219116210938
ae37eef180ee1b1263b58844777494186aa96bbbb32396f3117c0a43e39cf0e5,data/datasets/sid-set/candidate-1500/images/fake/ae37eef180ee1b1263b58844777494186aa96bbbb32396f3117c0a43e39cf0e5.png,saberzl/SID_Set,medium,1,0.9720083475112915
ae8693055ed42b56d656453c0b0f0a5152967f269463e74558a241b745d448e0,data/datasets/sid-set/candidate-1500/images/fake/ae8693055ed42b56d656453c0b0f0a5152967f269463e74558a241b745d448e0.png,saberzl/SID_Set,medium,1,0.9393275380134583
ae8871e23c67229536bc36e5704334e6750e1c10395672781c276830cd024644,data/datasets/sid-set/candidate-1500/images/real/ae8871e23c67229536bc36e5704334e6750e1c10395672781c276830cd024644.jpg,saberzl/SID_Set,medium,0,0.10395866632461548
aeda4affd38c7e1f159ccdc1e7182063a13ffa8ec6c1c9d0fa4f6b192d895cd7,data/datasets/sid-set/candidate-1500/images/fake/aeda4affd38c7e1f159ccdc1e7182063a13ffa8ec6c1c9d0fa4f6b192d895cd7.png,saberzl/SID_Set,medium,1,0.8943371772766113
af87e5fb0d6db763e2066c626ead94cf44bc59dfa4975c7651aa46a98bca4b6f,data/datasets/sid-set/candidate-1500/images/fake/af87e5fb0d6db763e2066c626ead94cf44bc59dfa4975c7651aa46a98bca4b6f.png,saberzl/SID_Set,low,1,0.9905102849006653
af88819feae5e3514d3b334fa1ab60c6c9e4136891b7c3b863bbbd0cf42342ac,data/datasets/sid-set/candidate-1500/images/real/af88819feae5e3514d3b334fa1ab60c6c9e4136891b7c3b863bbbd0cf42342ac.jpg,saberzl/SID_Set,medium,0,0.37273138761520386
afbbeb1517890c33b4a19922d1904d4c36d46ba817935f7fcdd10bf20dc15b3a,data/datasets/sid-set/candidate-1500/images/fake/afbbeb1517890c33b4a19922d1904d4c36d46ba817935f7fcdd10bf20dc15b3a.png,saberzl/SID_Set,low,1,0.9898042678833008
afcabf88faa97c67aea4898767860111eb596d1fbcb385e42b3bd42190db4686,data/datasets/sid-set/candidate-1500/images/fake/afcabf88faa97c67aea4898767860111eb596d1fbcb385e42b3bd42190db4686.png,saberzl/SID_Set,medium,1,0.9956561326980591
b0329d5b8f7a1bd515fa411b77416184ec01630fa645ea68a873708108ad0d5a,data/datasets/sid-set/candidate-1500/images/real/b0329d5b8f7a1bd515fa411b77416184ec01630fa645ea68a873708108ad0d5a.jpg,saberzl/SID_Set,low,0,0.9984076619148254
b049fb5d805ef3233ce5489c831582c36018dcb564c7ce3190f40f1a15d6cef1,data/datasets/sid-set/candidate-1500/images/real/b049fb5d805ef3233ce5489c831582c36018dcb564c7ce3190f40f1a15d6cef1.jpg,saberzl/SID_Set,low,0,0.9356972575187683
b064f2696f488290d6a9327db95b73c2defccdcacfddb830bf124d46e72ae382,data/datasets/sid-set/candidate-1500/images/real/b064f2696f488290d6a9327db95b73c2defccdcacfddb830bf124d46e72ae382.jpg,saberzl/SID_Set,medium,0,0.02616974711418152
b0945bf9e46b56f2f540e836ea955ff979ec591b2c6c29261060c7605947a8f6,data/datasets/sid-set/candidate-1500/images/real/b0945bf9e46b56f2f540e836ea955ff979ec591b2c6c29261060c7605947a8f6.jpg,saberzl/SID_Set,low,0,0.7787948250770569
b09bd149f8e1f0fc42c7b5bfbdcde956e1356ab73b9d81d4506f1029bb3f52cc,data/datasets/sid-set/candidate-1500/images/fake/b09bd149f8e1f0fc42c7b5bfbdcde956e1356ab73b9d81d4506f1029bb3f52cc.png,saberzl/SID_Set,medium,1,0.9355739951133728
b0b065bffbd7152f666a685b87c8dfb20497490090871841a7fa79c132704bbf,data/datasets/sid-set/candidate-1500/images/real/b0b065bffbd7152f666a685b87c8dfb20497490090871841a7fa79c132704bbf.jpg,saberzl/SID_Set,medium,0,0.02466350793838501
b11558ea1f118792bbb26e92d5a69ca42c1b24815d81a69f7eb90e54add71040,data/datasets/sid-set/candidate-1500/images/real/b11558ea1f118792bbb26e92d5a69ca42c1b24815d81a69f7eb90e54add71040.jpg,saberzl/SID_Set,medium,0,0.1688149869441986
b1219844d3483f0179fd8d9aa243cbfe414a7e4c7c6abc0d22ce5fbc7cf1dd9c,data/datasets/sid-set/candidate-1500/images/real/b1219844d3483f0179fd8d9aa243cbfe414a7e4c7c6abc0d22ce5fbc7cf1dd9c.jpg,saberzl/SID_Set,low,0,0.4321233630180359
b121de150f62ab984b0e43ccd74079b20bdebebc7c2d81b78a1d9ecb10b5b618,data/datasets/sid-set/candidate-1500/images/fake/b121de150f62ab984b0e43ccd74079b20bdebebc7c2d81b78a1d9ecb10b5b618.png,saberzl/SID_Set,medium,1,0.992838442325592
b149341d6e7ddc72cd7a33a553a081abcf46e3817fdd911215c9d0fa939ea5c2,data/datasets/sid-set/candidate-1500/images/real/b149341d6e7ddc72cd7a33a553a081abcf46e3817fdd911215c9d0fa939ea5c2.jpg,saberzl/SID_Set,medium,0,0.06650383025407791
b15272e3dd65e4c16b66287f67d14308c26f8466ba26acc84db72901d6fdf70b,data/datasets/sid-set/candidate-1500/images/fake/b15272e3dd65e4c16b66287f67d14308c26f8466ba26acc84db72901d6fdf70b.png,saberzl/SID_Set,low,1,0.9870855212211609
b1632949448f5c018a993c51b2d8598e21afd31795901bd590259f5b16077de7,data/datasets/sid-set/candidate-1500/images/real/b1632949448f5c018a993c51b2d8598e21afd31795901bd590259f5b16077de7.jpg,saberzl/SID_Set,medium,0,0.16705432534217834
b1cc32d56565d43b3adbe6d49499ab0ddf9bc8a302685dff897b5af2372f3efb,data/datasets/sid-set/candidate-1500/images/real/b1cc32d56565d43b3adbe6d49499ab0ddf9bc8a302685dff897b5af2372f3efb.jpg,saberzl/SID_Set,medium,0,0.008922867476940155
b234032ed18cf73b83e71534da3845da51b54d23c37022585a1b3a158fdae367,data/datasets/sid-set/candidate-1500/images/real/b234032ed18cf73b83e71534da3845da51b54d23c37022585a1b3a158fdae367.jpg,saberzl/SID_Set,medium,0,0.7107688784599304
b2555488817f591b559538d7b6b4794359c67daec417b33a10f348a9c7e9ed3f,data/datasets/sid-set/candidate-1500/images/real/b2555488817f591b559538d7b6b4794359c67daec417b33a10f348a9c7e9ed3f.jpg,saberzl/SID_Set,medium,0,0.3156948983669281
b2c44efd69b65ba6668b765bb56e6bd5c0b2414652a14736960a3cd648099e5c,data/datasets/sid-set/candidate-1500/images/fake/b2c44efd69b65ba6668b765bb56e6bd5c0b2414652a14736960a3cd648099e5c.png,saberzl/SID_Set,low,1,0.7542577385902405
b2eb9dd58be33636b3e492afa15cd98ae1ebc3d3df687191bcb4d47b641b1ef9,data/datasets/sid-set/candidate-1500/images/fake/b2eb9dd58be33636b3e492afa15cd98ae1ebc3d3df687191bcb4d47b641b1ef9.png,saberzl/SID_Set,medium,1,0.9980320334434509
b3064e4e48b86207e4718fce7339bc05afcd9235a9b4ced6ff9bb63c7a5881b5,data/datasets/sid-set/candidate-1500/images/fake/b3064e4e48b86207e4718fce7339bc05afcd9235a9b4ced6ff9bb63c7a5881b5.png,saberzl/SID_Set,medium,1,0.9389522671699524
b3079459459f503f5c78975144b05a59049018e6e2b6759daeda414af5f49410,data/datasets/sid-set/candidate-1500/images/real/b3079459459f503f5c78975144b05a59049018e6e2b6759daeda414af5f49410.jpg,saberzl/SID_Set,low,0,0.13819684088230133
b308338cb3c2189446e9ad8a02ec3d2cf98ca8f2e5415f3b980828db98ba5654,data/datasets/sid-set/candidate-1500/images/fake/b308338cb3c2189446e9ad8a02ec3d2cf98ca8f2e5415f3b980828db98ba5654.png,saberzl/SID_Set,medium,1,0.9851896166801453
b37d7459799ec8d00492778d3fc9a0428bd613cb998c780200c1c85aaae3eaf4,data/datasets/sid-set/candidate-1500/images/real/b37d7459799ec8d00492778d3fc9a0428bd613cb998c780200c1c85aaae3eaf4.jpg,saberzl/SID_Set,medium,0,0.8877256512641907
b38c04f7602846eacfee423bdb2c72dbd767a77ab2be2a37a0e0d8959f9f0edc,data/datasets/sid-set/candidate-1500/images/real/b38c04f7602846eacfee423bdb2c72dbd767a77ab2be2a37a0e0d8959f9f0edc.jpg,saberzl/SID_Set,medium,0,0.21483024954795837
b391c6301c7309c91ff4cae743d67ff226651cc394ca1fc4b619d5106d340da4,data/datasets/sid-set/candidate-1500/images/fake/b391c6301c7309c91ff4cae743d67ff226651cc394ca1fc4b619d5106d340da4.png,saberzl/SID_Set,low,1,0.8342624306678772
b4cb1bfb434471caa0520482813b1919efd054932892464e6e629080f029bb58,data/datasets/sid-set/candidate-1500/images/real/b4cb1bfb434471caa0520482813b1919efd054932892464e6e629080f029bb58.jpg,saberzl/SID_Set,medium,0,0.062264855951070786
b4f4d7f660943ca2db164ff4f07e8d4915354ba2f05e20827f2d0469b6a5c937,data/datasets/sid-set/candidate-1500/images/fake/b4f4d7f660943ca2db164ff4f07e8d4915354ba2f05e20827f2d0469b6a5c937.png,saberzl/SID_Set,low,1,0.9947856068611145
b4fa42808c3ecab3684ecc2e4aac2bae76961e540e80990a54602e8e5e8f9347,data/datasets/sid-set/candidate-1500/images/real/b4fa42808c3ecab3684ecc2e4aac2bae76961e540e80990a54602e8e5e8f9347.jpg,saberzl/SID_Set,low,0,0.0021691475994884968
b5134cb92892b452ecae7d738a0e5ffb2c71b6440e356e2f15361e49ce2b91ba,data/datasets/sid-set/candidate-1500/images/real/b5134cb92892b452ecae7d738a0e5ffb2c71b6440e356e2f15361e49ce2b91ba.jpg,saberzl/SID_Set,low,0,0.13844533264636993
b5cd6d04d6f1749674abb50c0633c2aadaaa2344908aede43a947207eee7bed4,data/datasets/sid-set/candidate-1500/images/fake/b5cd6d04d6f1749674abb50c0633c2aadaaa2344908aede43a947207eee7bed4.png,saberzl/SID_Set,medium,1,0.991797685623169
b5cf5c428bee66b49c5f8f3d77ba95cb7f385b1fb3252bffa8581d735a1f1563,data/datasets/sid-set/candidate-1500/images/fake/b5cf5c428bee66b49c5f8f3d77ba95cb7f385b1fb3252bffa8581d735a1f1563.png,saberzl/SID_Set,low,1,0.9699994921684265
b5ebdbf92e893e49eb8f71b10c8efecfe02c9aca91d4e7245e37afe52753b230,data/datasets/sid-set/candidate-1500/images/real/b5ebdbf92e893e49eb8f71b10c8efecfe02c9aca91d4e7245e37afe52753b230.jpg,saberzl/SID_Set,medium,0,0.06563697010278702
b65abc1ac6ce8d889b05724dc632af805d0440e947e1e865813c475dbeccbbb6,data/datasets/sid-set/candidate-1500/images/real/b65abc1ac6ce8d889b05724dc632af805d0440e947e1e865813c475dbeccbbb6.jpg,saberzl/SID_Set,low,0,0.1904143989086151
b675c20fd32f00570aa7e8d76cd861beef4aa8aa642ecc22939a666d83dd8605,data/datasets/sid-set/candidate-1500/images/fake/b675c20fd32f00570aa7e8d76cd861beef4aa8aa642ecc22939a666d83dd8605.png,saberzl/SID_Set,low,1,0.9906356930732727
b67d9200e858585819b350fae396cf4c17e22248feb7edececcf47ba21e2b3cf,data/datasets/sid-set/candidate-1500/images/real/b67d9200e858585819b350fae396cf4c17e22248feb7edececcf47ba21e2b3cf.jpg,saberzl/SID_Set,low,0,0.10723765194416046
b6dd00d6191e8590c2eeaaf374d99f482376b4749c0f0cd2625be98ee5890722,data/datasets/sid-set/candidate-1500/images/fake/b6dd00d6191e8590c2eeaaf374d99f482376b4749c0f0cd2625be98ee5890722.png,saberzl/SID_Set,medium,1,0.9796251058578491
b6e9cafa167867723d906567b1ae27e2047ff4a1a8ae6a558c62d4efb153a0bb,data/datasets/sid-set/candidate-1500/images/real/b6e9cafa167867723d906567b1ae27e2047ff4a1a8ae6a558c62d4efb153a0bb.jpg,saberzl/SID_Set,medium,0,0.31020262837409973
b74b388e59e3067106a821b9efb29fcd3df9ee380a50c1aafb56af3b9dbfb350,data/datasets/sid-set/candidate-1500/images/real/b74b388e59e3067106a821b9efb29fcd3df9ee380a50c1aafb56af3b9dbfb350.jpg,saberzl/SID_Set,low,0,0.9199798107147217
b75ca861d01fb62075507040abd1ba17b5a989d9b4ba55290d77b00a44fa9b80,data/datasets/sid-set/candidate-1500/images/fake/b75ca861d01fb62075507040abd1ba17b5a989d9b4ba55290d77b00a44fa9b80.png,saberzl/SID_Set,high,1,0.990865170955658
b76852d2a08cd3ad26d43df50db1b60d6fbcb3b7325b5080b48a8167a992ce0c,data/datasets/sid-set/candidate-1500/images/fake/b76852d2a08cd3ad26d43df50db1b60d6fbcb3b7325b5080b48a8167a992ce0c.png,saberzl/SID_Set,low,1,0.9789257049560547
b77dcbd666f8331082a2fbe8392d0eca1b3095ac0a77c3115c4d02670f909f23,data/datasets/sid-set/candidate-1500/images/real/b77dcbd666f8331082a2fbe8392d0eca1b3095ac0a77c3115c4d02670f909f23.jpg,saberzl/SID_Set,medium,0,0.036143120378255844
b78616a6d905514a92e20bf8b1f8c5b29113ab0b137a005b6689d4fdc8b139ef,data/datasets/sid-set/candidate-1500/images/fake/b78616a6d905514a92e20bf8b1f8c5b29113ab0b137a005b6689d4fdc8b139ef.png,saberzl/SID_Set,low,1,0.9383192658424377
b8134878210c7ed4e1c6477214d421fc62ad6d8a27d38ed33e45b81f818ae4a7,data/datasets/sid-set/candidate-1500/images/fake/b8134878210c7ed4e1c6477214d421fc62ad6d8a27d38ed33e45b81f818ae4a7.png,saberzl/SID_Set,medium,1,0.9021401405334473
b8444ab0e4ffa409444183569ab7da0cb2061b4407bfe8f42ebcc2954fadade4,data/datasets/sid-set/candidate-1500/images/fake/b8444ab0e4ffa409444183569ab7da0cb2061b4407bfe8f42ebcc2954fadade4.png,saberzl/SID_Set,low,1,0.982633650302887
b84aeb44d07ddd976764fb43760e93d4d07c41cdd99f817a83334721756179ce,data/datasets/sid-set/candidate-1500/images/real/b84aeb44d07ddd976764fb43760e93d4d07c41cdd99f817a83334721756179ce.jpg,saberzl/SID_Set,medium,0,0.1879866123199463
b995e411df5d86c75b618d51cc89343ad565dd23c7744b19d755fbebbb91b8be,data/datasets/sid-set/candidate-1500/images/fake/b995e411df5d86c75b618d51cc89343ad565dd23c7744b19d755fbebbb91b8be.png,saberzl/SID_Set,medium,1,0.9874419569969177
b9f28a9c7e25db31da55ef294770b11995d157a819817761fc8513dd75ba304d,data/datasets/sid-set/candidate-1500/images/real/b9f28a9c7e25db31da55ef294770b11995d157a819817761fc8513dd75ba304d.jpg,saberzl/SID_Set,low,0,0.683448314666748
ba3559b3e0f7b7792ff682688f131919a2ac67b945caeba2e9f166b4411aa93f,data/datasets/sid-set/candidate-1500/images/real/ba3559b3e0f7b7792ff682688f131919a2ac67b945caeba2e9f166b4411aa93f.jpg,saberzl/SID_Set,medium,0,0.19022443890571594
ba39eff05727c0645b89f0e4c64dcde6d90a0d33dfc9e095c722c0983e10d056,data/datasets/sid-set/candidate-1500/images/real/ba39eff05727c0645b89f0e4c64dcde6d90a0d33dfc9e095c722c0983e10d056.jpg,saberzl/SID_Set,medium,0,0.14915011823177338
ba54696c0e84b77fa815b730c32817576300a918349557e1613bfe475a288b7a,data/datasets/sid-set/candidate-1500/images/fake/ba54696c0e84b77fa815b730c32817576300a918349557e1613bfe475a288b7a.png,saberzl/SID_Set,medium,1,0.9504119753837585
bad2eb561e967dcbecc626158803fb60907c1d9340e655543b0323a017a4ebac,data/datasets/sid-set/candidate-1500/images/fake/bad2eb561e967dcbecc626158803fb60907c1d9340e655543b0323a017a4ebac.png,saberzl/SID_Set,medium,1,0.9893074631690979
baf4e340d006eff83cd83fe4abff8956937133d431eeb71c63610c052aeebc69,data/datasets/sid-set/candidate-1500/images/fake/baf4e340d006eff83cd83fe4abff8956937133d431eeb71c63610c052aeebc69.png,saberzl/SID_Set,medium,1,0.9885699152946472
bafe20e9c999f953a9b97c829326e5c0d5414184bb76f5440d533420808489f7,data/datasets/sid-set/candidate-1500/images/fake/bafe20e9c999f953a9b97c829326e5c0d5414184bb76f5440d533420808489f7.png,saberzl/SID_Set,medium,1,0.8095002770423889
bb2c47d1f0af52f3e11d36cef8778ecbc7faa5a6630a25244706d808cebcde66,data/datasets/sid-set/candidate-1500/images/real/bb2c47d1f0af52f3e11d36cef8778ecbc7faa5a6630a25244706d808cebcde66.jpg,saberzl/SID_Set,medium,0,0.2580530643463135
bb3bf59ff021639b567ef56cdd96b4bab904f3ad583d5b752b483eca16693264,data/datasets/sid-set/candidate-1500/images/real/bb3bf59ff021639b567ef56cdd96b4bab904f3ad583d5b752b483eca16693264.jpg,saberzl/SID_Set,low,0,0.4226056933403015
bb6bde7464e499aa217c61b588a2480726f17a2a78a9f62751383d985abb527f,data/datasets/sid-set/candidate-1500/images/real/bb6bde7464e499aa217c61b588a2480726f17a2a78a9f62751383d985abb527f.jpg,saberzl/SID_Set,low,0,0.5724563598632812
bb832fd2886ee62af8865ab172f8901a2f02cb3a1a10009f48af26578854b211,data/datasets/sid-set/candidate-1500/images/real/bb832fd2886ee62af8865ab172f8901a2f02cb3a1a10009f48af26578854b211.jpg,saberzl/SID_Set,medium,0,0.0409105084836483
bc194397e108f8b6ccf35d2cece6a82f89435563d0a9c869a03b9931d21827f4,data/datasets/sid-set/candidate-1500/images/fake/bc194397e108f8b6ccf35d2cece6a82f89435563d0a9c869a03b9931d21827f4.png,saberzl/SID_Set,medium,1,0.9613303542137146
bc5bf365c50be360233e3174d2d7a074f1039738692e3d51f78c062ee010786a,data/datasets/sid-set/candidate-1500/images/real/bc5bf365c50be360233e3174d2d7a074f1039738692e3d51f78c062ee010786a.jpg,saberzl/SID_Set,medium,0,0.00010306181502528489
bc621b45a1d58ea68d9d3dc2b1716506503e867c7a9cf1f865ecb2c733b33134,data/datasets/sid-set/candidate-1500/images/fake/bc621b45a1d58ea68d9d3dc2b1716506503e867c7a9cf1f865ecb2c733b33134.png,saberzl/SID_Set,medium,1,0.8761269450187683
bc66daccc5e4ee5b8134e33319620871c7cd212d19e28eea63598188a76566cd,data/datasets/sid-set/candidate-1500/images/fake/bc66daccc5e4ee5b8134e33319620871c7cd212d19e28eea63598188a76566cd.png,saberzl/SID_Set,medium,1,0.9659208059310913
bd05cc98a020f538fcc2158c16653c0d556946e68fae83d6776c0a65e7ea0040,data/datasets/sid-set/candidate-1500/images/real/bd05cc98a020f538fcc2158c16653c0d556946e68fae83d6776c0a65e7ea0040.jpg,saberzl/SID_Set,medium,0,0.3619178235530853
bd37e7d5ac4479f6c10e29f3d7b67131cd74f0ebd3657720a6c88818c08b9c20,data/datasets/sid-set/candidate-1500/images/real/bd37e7d5ac4479f6c10e29f3d7b67131cd74f0ebd3657720a6c88818c08b9c20.jpg,saberzl/SID_Set,low,0,0.03318489342927933
bd4b219399d7fbc654f52c0fa8aa3b7c1feb211f41d4b4e8dabfccf779a0ab4e,data/datasets/sid-set/candidate-1500/images/fake/bd4b219399d7fbc654f52c0fa8aa3b7c1feb211f41d4b4e8dabfccf779a0ab4e.png,saberzl/SID_Set,medium,1,0.9963022470474243
bd51b96a71b1fe71ee23c8ad30e3f671bc2f938cb7bcb8136fa3e266c48c7572,data/datasets/sid-set/candidate-1500/images/real/bd51b96a71b1fe71ee23c8ad30e3f671bc2f938cb7bcb8136fa3e266c48c7572.jpg,saberzl/SID_Set,low,0,0.22553853690624237
bd646544d1bedb8035c3980700018b7bef78b5e7416b6433f682568bbe9bbdcf,data/datasets/sid-set/candidate-1500/images/fake/bd646544d1bedb8035c3980700018b7bef78b5e7416b6433f682568bbe9bbdcf.png,saberzl/SID_Set,medium,1,0.9284521341323853
bd9a1cac342380dd2b2c2c0a8d63c67fdbc13951960a98c5803676d194ba1905,data/datasets/sid-set/candidate-1500/images/real/bd9a1cac342380dd2b2c2c0a8d63c67fdbc13951960a98c5803676d194ba1905.jpg,saberzl/SID_Set,low,0,0.7785865068435669
bd9e72d1b6d15ac87726d5f3595982b2cd896fd3425804185b8bfa1061294290,data/datasets/sid-set/candidate-1500/images/real/bd9e72d1b6d15ac87726d5f3595982b2cd896fd3425804185b8bfa1061294290.jpg,saberzl/SID_Set,medium,0,0.10146621614694595
bd9f7da1d77bbcad4a67a3dc563f5272bb032384cd3f50f022d2101cd102cfe3,data/datasets/sid-set/candidate-1500/images/real/bd9f7da1d77bbcad4a67a3dc563f5272bb032384cd3f50f022d2101cd102cfe3.jpg,saberzl/SID_Set,low,0,0.9437316656112671
bdb3cd6886de35bb4b2179d6f4f681bf64351a8d9fec03ea17c99972803c66ef,data/datasets/sid-set/candidate-1500/images/fake/bdb3cd6886de35bb4b2179d6f4f681bf64351a8d9fec03ea17c99972803c66ef.png,saberzl/SID_Set,medium,1,0.8711888790130615
bdf62bcc6770dfc1d3883083f0da0553191e5cbdc22eff0b5f20b6715c6e841b,data/datasets/sid-set/candidate-1500/images/fake/bdf62bcc6770dfc1d3883083f0da0553191e5cbdc22eff0b5f20b6715c6e841b.png,saberzl/SID_Set,medium,1,0.9866428375244141
be19b3439e6904df526e5c3867b6a506e0ce555cb217dda86a7061a208869950,data/datasets/sid-set/candidate-1500/images/real/be19b3439e6904df526e5c3867b6a506e0ce555cb217dda86a7061a208869950.jpg,saberzl/SID_Set,low,0,0.9830742478370667
be34c6c6be47d183ee322a2dfa7f8ba7e2798bdb56d15e18af2bce57531bf0b2,data/datasets/sid-set/candidate-1500/images/fake/be34c6c6be47d183ee322a2dfa7f8ba7e2798bdb56d15e18af2bce57531bf0b2.png,saberzl/SID_Set,low,1,0.9510459899902344
be6559890cc95c081e87d1205248fa045cbf7f6f55d6ba16880d17d8f99f68c2,data/datasets/sid-set/candidate-1500/images/fake/be6559890cc95c081e87d1205248fa045cbf7f6f55d6ba16880d17d8f99f68c2.png,saberzl/SID_Set,medium,1,0.9821400046348572
be6c4b269eb70b11fbb8acdf66179d54ce1172341cceb727d5fbe105e1e0f71c,data/datasets/sid-set/candidate-1500/images/fake/be6c4b269eb70b11fbb8acdf66179d54ce1172341cceb727d5fbe105e1e0f71c.png,saberzl/SID_Set,medium,1,0.9840784072875977
bebbb0ed484c4826be2d28370b8d0ae0f525f7d321432655d09f71c881f80b1f,data/datasets/sid-set/candidate-1500/images/fake/bebbb0ed484c4826be2d28370b8d0ae0f525f7d321432655d09f71c881f80b1f.png,saberzl/SID_Set,medium,1,0.997369647026062
bee7dc93465c29e715914999fcae336458da2f66f6504f2281b1c961ca9215d0,data/datasets/sid-set/candidate-1500/images/real/bee7dc93465c29e715914999fcae336458da2f66f6504f2281b1c961ca9215d0.jpg,saberzl/SID_Set,medium,0,0.025815390050411224
beea8e894360787abaf73d0cadfb6848de6a6f9ff87bc0e2b1923f0c5ab9f961,data/datasets/sid-set/candidate-1500/images/fake/beea8e894360787abaf73d0cadfb6848de6a6f9ff87bc0e2b1923f0c5ab9f961.png,saberzl/SID_Set,medium,1,0.9761146306991577
bf479e0750e5e3369d9ac474cf7368fb4205801e25e9a71c59230965f56b34f1,data/datasets/sid-set/candidate-1500/images/real/bf479e0750e5e3369d9ac474cf7368fb4205801e25e9a71c59230965f56b34f1.jpg,saberzl/SID_Set,low,0,0.15768694877624512
bfaa53851851278f837759061694f04d8c570b3c35356765ec8704f3c5b53872,data/datasets/sid-set/candidate-1500/images/real/bfaa53851851278f837759061694f04d8c570b3c35356765ec8704f3c5b53872.jpg,saberzl/SID_Set,medium,0,0.0012280961964279413
bfc461f7064e5d49fd47f7972efbe58b71c08180f05e84a73382e192795e7427,data/datasets/sid-set/candidate-1500/images/fake/bfc461f7064e5d49fd47f7972efbe58b71c08180f05e84a73382e192795e7427.png,saberzl/SID_Set,low,1,0.9695713520050049
c01a372863adec6660e76540c55d88df25016129fcdbc0e2d25933b448113d57,data/datasets/sid-set/candidate-1500/images/fake/c01a372863adec6660e76540c55d88df25016129fcdbc0e2d25933b448113d57.png,saberzl/SID_Set,low,1,0.9947829842567444
c04dbf031d6ba7e732a54018913c1bf4c3f1309bf8f847dcbc742e4b7746400c,data/datasets/sid-set/candidate-1500/images/fake/c04dbf031d6ba7e732a54018913c1bf4c3f1309bf8f847dcbc742e4b7746400c.png,saberzl/SID_Set,medium,1,0.5024598836898804
c04f18dc04acdd6020734bbe9b6ac6d87e2748c07d07951246403d67fe8521dc,data/datasets/sid-set/candidate-1500/images/fake/c04f18dc04acdd6020734bbe9b6ac6d87e2748c07d07951246403d67fe8521dc.png,saberzl/SID_Set,medium,1,0.9111889600753784
c0ac1d2f4088996987044051675b54b64faa707f2835c88bfa154c13043e9177,data/datasets/sid-set/candidate-1500/images/real/c0ac1d2f4088996987044051675b54b64faa707f2835c88bfa154c13043e9177.jpg,saberzl/SID_Set,medium,0,0.00012306416465435177
c0aeaea780d08d61a1370a38183a9c2af20c75058e6953b56745cf7a81037cc9,data/datasets/sid-set/candidate-1500/images/fake/c0aeaea780d08d61a1370a38183a9c2af20c75058e6953b56745cf7a81037cc9.png,saberzl/SID_Set,medium,1,0.957073450088501
c0feb92794768bb18f374a57504541906f8fe5cf4aab9afc8b772edeb19dd95e,data/datasets/sid-set/candidate-1500/images/real/c0feb92794768bb18f374a57504541906f8fe5cf4aab9afc8b772edeb19dd95e.jpg,saberzl/SID_Set,medium,0,0.040122274309396744
c19b23bf7c8b665d6298a945dd7f72d389df6d14fdb822ea880b9f2f35f4ea53,data/datasets/sid-set/candidate-1500/images/fake/c19b23bf7c8b665d6298a945dd7f72d389df6d14fdb822ea880b9f2f35f4ea53.png,saberzl/SID_Set,low,1,0.9971767663955688
c19e9262271c6d71522d698cf9e29dcf3a0368c05df61c760717707869c9718e,data/datasets/sid-set/candidate-1500/images/fake/c19e9262271c6d71522d698cf9e29dcf3a0368c05df61c760717707869c9718e.png,saberzl/SID_Set,low,1,0.7421836853027344
c1b3f31da807d1c6bcefffe55f71a0c217667319557d4af9fbea5ed6930ae674,data/datasets/sid-set/candidate-1500/images/real/c1b3f31da807d1c6bcefffe55f71a0c217667319557d4af9fbea5ed6930ae674.jpg,saberzl/SID_Set,low,0,0.3230413794517517
c209e1896104d85f4453ec045d05e47e15e6762106b49c85514fbe8b331ec317,data/datasets/sid-set/candidate-1500/images/fake/c209e1896104d85f4453ec045d05e47e15e6762106b49c85514fbe8b331ec317.png,saberzl/SID_Set,low,1,0.8905395269393921
c226728be829310c07e8419204fa4541cbb832388d622eb8e2e6e4f9452b8fc7,data/datasets/sid-set/candidate-1500/images/fake/c226728be829310c07e8419204fa4541cbb832388d622eb8e2e6e4f9452b8fc7.png,saberzl/SID_Set,medium,1,0.971373975276947
c2881379492dd71284ac4b63a8d3c629baa2b448c2c9359b65063d36490e1f3a,data/datasets/sid-set/candidate-1500/images/fake/c2881379492dd71284ac4b63a8d3c629baa2b448c2c9359b65063d36490e1f3a.png,saberzl/SID_Set,medium,1,0.9580504298210144
c288843167ffc486da7871707c498ef7ad73ad1ff2f253c4a08fd0d9c1fbcad2,data/datasets/sid-set/candidate-1500/images/real/c288843167ffc486da7871707c498ef7ad73ad1ff2f253c4a08fd0d9c1fbcad2.jpg,saberzl/SID_Set,medium,0,0.8974133133888245
c290c2eda4e0d1928ee30762b52be5d5147c99e2769b1fadaa1050ce032d8eab,data/datasets/sid-set/candidate-1500/images/real/c290c2eda4e0d1928ee30762b52be5d5147c99e2769b1fadaa1050ce032d8eab.jpg,saberzl/SID_Set,medium,0,0.026839211583137512
c3034badca77ee689d9f79b5a9324235e0dd7da6ae147d16bc01156244efe917,data/datasets/sid-set/candidate-1500/images/real/c3034badca77ee689d9f79b5a9324235e0dd7da6ae147d16bc01156244efe917.jpg,saberzl/SID_Set,medium,0,0.025249382480978966
c32119264940e68ed08f6ecdae85f5d84cb60bc17ec1cf1b57ac0bb435cea278,data/datasets/sid-set/candidate-1500/images/real/c32119264940e68ed08f6ecdae85f5d84cb60bc17ec1cf1b57ac0bb435cea278.jpg,saberzl/SID_Set,low,0,0.3827631175518036
c3321c44980ac1eb4861d67763ab0de9594eb2b4a43ba346bac3a86077102dcf,data/datasets/sid-set/candidate-1500/images/fake/c3321c44980ac1eb4861d67763ab0de9594eb2b4a43ba346bac3a86077102dcf.png,saberzl/SID_Set,medium,1,0.9521095752716064
c3547d5d3389266a9e52cdee97d7cb5d10592b539e0c40bfa95837bff6f38cb9,data/datasets/sid-set/candidate-1500/images/real/c3547d5d3389266a9e52cdee97d7cb5d10592b539e0c40bfa95837bff6f38cb9.jpg,saberzl/SID_Set,low,0,0.8357210159301758
c3600adea783e307d21c75c19bc94d7b55fd11444f296aac1e5514161f097bf3,data/datasets/sid-set/candidate-1500/images/real/c3600adea783e307d21c75c19bc94d7b55fd11444f296aac1e5514161f097bf3.jpg,saberzl/SID_Set,medium,0,0.023394940420985222
c36f1c377c4fa2714ad152a8175f4209c33312af4c9e8c83c5297a95e32d3f6c,data/datasets/sid-set/candidate-1500/images/fake/c36f1c377c4fa2714ad152a8175f4209c33312af4c9e8c83c5297a95e32d3f6c.png,saberzl/SID_Set,low,1,0.9950494170188904
c36f4ee06c886656386fe378b51f7d5e9045b3e0a5e7e236c911e715c1fe39b5,data/datasets/sid-set/candidate-1500/images/real/c36f4ee06c886656386fe378b51f7d5e9045b3e0a5e7e236c911e715c1fe39b5.jpg,saberzl/SID_Set,medium,0,0.6814476251602173
c38d6a709302f7a35c19e84f7abfeb2a3a874f7061549a3c7c8404b9515cd051,data/datasets/sid-set/candidate-1500/images/fake/c38d6a709302f7a35c19e84f7abfeb2a3a874f7061549a3c7c8404b9515cd051.png,saberzl/SID_Set,low,1,0.9851546883583069
c3996a8faa03d6bdc27ef148911f0f8ea58e60f62e91057c165e76b2454683a0,data/datasets/sid-set/candidate-1500/images/real/c3996a8faa03d6bdc27ef148911f0f8ea58e60f62e91057c165e76b2454683a0.jpg,saberzl/SID_Set,low,0,0.9264430999755859
c3b15dd0213564889cf6dc0503b0a22c76b42ea98572550f3cb69f6cbe1ddca2,data/datasets/sid-set/candidate-1500/images/real/c3b15dd0213564889cf6dc0503b0a22c76b42ea98572550f3cb69f6cbe1ddca2.jpg,saberzl/SID_Set,low,0,0.6432979702949524
c3d7812ae36bd3d9f350ac75178914e8298e099972b164c0a8c5f2467761628d,data/datasets/sid-set/candidate-1500/images/real/c3d7812ae36bd3d9f350ac75178914e8298e099972b164c0a8c5f2467761628d.jpg,saberzl/SID_Set,low,0,0.47766751050949097
c3f8209a71f2a5a7632d98cfe19bd27f5315cee4e0f182eb28e33cd439460aa5,data/datasets/sid-set/candidate-1500/images/real/c3f8209a71f2a5a7632d98cfe19bd27f5315cee4e0f182eb28e33cd439460aa5.jpg,saberzl/SID_Set,medium,0,0.035939931869506836
c415f91fa599171187377580d8f8d922f1f9709634e88f113391ed9581758e44,data/datasets/sid-set/candidate-1500/images/real/c415f91fa599171187377580d8f8d922f1f9709634e88f113391ed9581758e44.jpg,saberzl/SID_Set,medium,0,0.9700288772583008
c45e9156798d4a69e7d70cc43f8e9bf0bfe01be4353b5929a02fc77c00a65e17,data/datasets/sid-set/candidate-1500/images/real/c45e9156798d4a69e7d70cc43f8e9bf0bfe01be4353b5929a02fc77c00a65e17.jpg,saberzl/SID_Set,medium,0,0.0021100149024277925
c488561e5176c63ed3c7d1097da0b024c917b99241a91e53f9e05d17b31e5590,data/datasets/sid-set/candidate-1500/images/fake/c488561e5176c63ed3c7d1097da0b024c917b99241a91e53f9e05d17b31e5590.png,saberzl/SID_Set,low,1,0.9834399223327637
c4b04c578c6b8a89e4a135d73f0f69ed2fba0787c97b6692279044737196055c,data/datasets/sid-set/candidate-1500/images/real/c4b04c578c6b8a89e4a135d73f0f69ed2fba0787c97b6692279044737196055c.jpg,saberzl/SID_Set,medium,0,0.014630868099629879
c4bd6f92cac183d61bbec7029ee3ddce84d3bf567c8196541f2b3e494bc6262f,data/datasets/sid-set/candidate-1500/images/fake/c4bd6f92cac183d61bbec7029ee3ddce84d3bf567c8196541f2b3e494bc6262f.png,saberzl/SID_Set,low,1,0.9557885527610779
c4d19a75ffec3b25458e7a44dd7e1c11a3e9b106e060a74e89c83e785dfc7b54,data/datasets/sid-set/candidate-1500/images/fake/c4d19a75ffec3b25458e7a44dd7e1c11a3e9b106e060a74e89c83e785dfc7b54.png,saberzl/SID_Set,low,1,0.9824997186660767
c4da5465a34e7c9cafb597ff062d954935b53ed2f82977bb59580d894d150f6c,data/datasets/sid-set/candidate-1500/images/fake/c4da5465a34e7c9cafb597ff062d954935b53ed2f82977bb59580d894d150f6c.png,saberzl/SID_Set,low,1,0.9698278903961182
c4ef5ef2f139691c9191ca331101cf7967aa87fac84e8a4c889825b6f73283c7,data/datasets/sid-set/candidate-1500/images/fake/c4ef5ef2f139691c9191ca331101cf7967aa87fac84e8a4c889825b6f73283c7.png,saberzl/SID_Set,low,1,0.9811000823974609
c511ba529b3d730b3d90a3866f9840f9889ce2a1183f3398a257ef660a8cb688,data/datasets/sid-set/candidate-1500/images/real/c511ba529b3d730b3d90a3866f9840f9889ce2a1183f3398a257ef660a8cb688.jpg,saberzl/SID_Set,medium,0,0.04921000823378563
c5224d8826510a803826e9b3d994623f3905b28787a92a9d2ec47890d6595d61,data/datasets/sid-set/candidate-1500/images/real/c5224d8826510a803826e9b3d994623f3905b28787a92a9d2ec47890d6595d61.jpg,saberzl/SID_Set,medium,0,0.9859407544136047
c5b00e14eb9bd2e8d1107f945298e17d4913731800fbdba1e3d29e890ce37af0,data/datasets/sid-set/candidate-1500/images/fake/c5b00e14eb9bd2e8d1107f945298e17d4913731800fbdba1e3d29e890ce37af0.png,saberzl/SID_Set,low,1,0.9893931150436401
c5c443056171b8db68e2d7a2383ecf4bf834d115cdb977cdd55f71c4b57b48bd,data/datasets/sid-set/candidate-1500/images/real/c5c443056171b8db68e2d7a2383ecf4bf834d115cdb977cdd55f71c4b57b48bd.jpg,saberzl/SID_Set,medium,0,0.7776137590408325
c63e4900752cd8f9f97d1452ff335fe0cabe7dea551947edd2dd7019468b21a5,data/datasets/sid-set/candidate-1500/images/fake/c63e4900752cd8f9f97d1452ff335fe0cabe7dea551947edd2dd7019468b21a5.png,saberzl/SID_Set,medium,1,0.9897909760475159
c644e665dac13a3df989d9e1eab41a3391c68331d70d231e01ac7678d1ad2788,data/datasets/sid-set/candidate-1500/images/fake/c644e665dac13a3df989d9e1eab41a3391c68331d70d231e01ac7678d1ad2788.png,saberzl/SID_Set,low,1,0.9949278831481934
c775e443b47a3098db7cdb501bde72165ee9b69e84250f50236c5f2285317350,data/datasets/sid-set/candidate-1500/images/fake/c775e443b47a3098db7cdb501bde72165ee9b69e84250f50236c5f2285317350.png,saberzl/SID_Set,medium,1,0.9818100929260254
c78dbccb820bde781f9aaeea6a9e19e9d22ffb2d182460fdc4c28cfe5810bc0e,data/datasets/sid-set/candidate-1500/images/fake/c78dbccb820bde781f9aaeea6a9e19e9d22ffb2d182460fdc4c28cfe5810bc0e.png,saberzl/SID_Set,medium,1,0.9389566779136658
c7ae950025c33e5cf3faa8741e7237f4868205a0dbb3a71ff9be6d593b26e9c8,data/datasets/sid-set/candidate-1500/images/real/c7ae950025c33e5cf3faa8741e7237f4868205a0dbb3a71ff9be6d593b26e9c8.jpg,saberzl/SID_Set,low,0,0.9638053178787231
c7baedfc6decc5c7629e579fd63cf2fb34368602ce69a8566acbfea163f3ccea,data/datasets/sid-set/candidate-1500/images/fake/c7baedfc6decc5c7629e579fd63cf2fb34368602ce69a8566acbfea163f3ccea.png,saberzl/SID_Set,low,1,0.9944167137145996
c7c9c82a975acb63270425ba3849174bcf1676ec068ca905472443a5aae945ff,data/datasets/sid-set/candidate-1500/images/fake/c7c9c82a975acb63270425ba3849174bcf1676ec068ca905472443a5aae945ff.png,saberzl/SID_Set,medium,1,0.8639014959335327
c7f48c001248fdf39e471f051de245b8c6580c57b4c6f9f69853e99000e51306,data/datasets/sid-set/candidate-1500/images/real/c7f48c001248fdf39e471f051de245b8c6580c57b4c6f9f69853e99000e51306.jpg,saberzl/SID_Set,medium,0,0.6741428971290588
c7ff2cac7c2c5b732923ec4ec260ef297d903932fd59de86b3ec0fc0cbf23fda,data/datasets/sid-set/candidate-1500/images/real/c7ff2cac7c2c5b732923ec4ec260ef297d903932fd59de86b3ec0fc0cbf23fda.jpg,saberzl/SID_Set,medium,0,0.3746238648891449
c81cdf27e85e5c03d178bb480ab1c7872a09b1ece9aac4aa72f57bea2028538f,data/datasets/sid-set/candidate-1500/images/real/c81cdf27e85e5c03d178bb480ab1c7872a09b1ece9aac4aa72f57bea2028538f.jpg,saberzl/SID_Set,medium,0,0.19809240102767944
c836b3a1b26e5af75b24ca7533e570e65c2f9bba68a3ac3f333f18ad0373917a,data/datasets/sid-set/candidate-1500/images/fake/c836b3a1b26e5af75b24ca7533e570e65c2f9bba68a3ac3f333f18ad0373917a.png,saberzl/SID_Set,medium,1,0.9703246355056763
c83be7685dc905119ef9aebcb9fc4b86c665ea3b8c56b0423e821d38c543a7b9,data/datasets/sid-set/candidate-1500/images/real/c83be7685dc905119ef9aebcb9fc4b86c665ea3b8c56b0423e821d38c543a7b9.jpg,saberzl/SID_Set,medium,0,0.32252004742622375
c83ebc09d184186661b731e667f0bcd9095c3044cfd1bffa79a21c4144cd4f47,data/datasets/sid-set/candidate-1500/images/fake/c83ebc09d184186661b731e667f0bcd9095c3044cfd1bffa79a21c4144cd4f47.png,saberzl/SID_Set,medium,1,0.9356442093849182
c846ae866d667416b1596b947cade400c68941cfc515c7b663d832d38bd40419,data/datasets/sid-set/candidate-1500/images/real/c846ae866d667416b1596b947cade400c68941cfc515c7b663d832d38bd40419.jpg,saberzl/SID_Set,low,0,0.14143307507038116
c84e5992d558a4d25f05995c5763725a508923a6b96e15cd2e197c93edbdc1c2,data/datasets/sid-set/candidate-1500/images/real/c84e5992d558a4d25f05995c5763725a508923a6b96e15cd2e197c93edbdc1c2.jpg,saberzl/SID_Set,medium,0,0.006388399749994278
c85157e5de0391c815056bf9a9919751d79c91ed57f718b087daaeb1088eba8f,data/datasets/sid-set/candidate-1500/images/real/c85157e5de0391c815056bf9a9919751d79c91ed57f718b087daaeb1088eba8f.jpg,saberzl/SID_Set,medium,0,0.13711921870708466
c87fe0223ed4a9289e3094af7904de124cad56f14af49a5c619bda099a535bcd,data/datasets/sid-set/candidate-1500/images/real/c87fe0223ed4a9289e3094af7904de124cad56f14af49a5c619bda099a535bcd.jpg,saberzl/SID_Set,medium,0,0.01959686540067196
c88d725a580041337e27148929c3a548145987224429641bb8435836a5b5944b,data/datasets/sid-set/candidate-1500/images/real/c88d725a580041337e27148929c3a548145987224429641bb8435836a5b5944b.jpg,saberzl/SID_Set,medium,0,0.9764887690544128
c898469bff552eb4c3b26e6aea58fba2febb9ad00b013f6785f8a3da6662929f,data/datasets/sid-set/candidate-1500/images/real/c898469bff552eb4c3b26e6aea58fba2febb9ad00b013f6785f8a3da6662929f.jpg,saberzl/SID_Set,medium,0,0.21099920570850372
c8e311ffc8f1f49ab711b2fc77d4d10501bcd8e3238cc67227022bac944b125d,data/datasets/sid-set/candidate-1500/images/fake/c8e311ffc8f1f49ab711b2fc77d4d10501bcd8e3238cc67227022bac944b125d.png,saberzl/SID_Set,low,1,0.9792784452438354
c8fb068bda13b7001df93d1e0411fad895cc6f4f5603a5ed0ee2e978672d9457,data/datasets/sid-set/candidate-1500/images/fake/c8fb068bda13b7001df93d1e0411fad895cc6f4f5603a5ed0ee2e978672d9457.png,saberzl/SID_Set,medium,1,0.9359474778175354
c909e7c8be0cd5c92f839208f2ca0925d73b46cb16de09271c19b4a940ee4f7d,data/datasets/sid-set/candidate-1500/images/fake/c909e7c8be0cd5c92f839208f2ca0925d73b46cb16de09271c19b4a940ee4f7d.png,saberzl/SID_Set,medium,1,0.9820350408554077
c928c6fa5ba42d0f1d7d65f7f95ebd23ae3835a597a90371c7e8b28518ba74b5,data/datasets/sid-set/candidate-1500/images/fake/c928c6fa5ba42d0f1d7d65f7f95ebd23ae3835a597a90371c7e8b28518ba74b5.png,saberzl/SID_Set,low,1,0.9926047325134277
c9458878b2459e12c6c8ad350b95764a8ff15c1fa847c98ce06897a2d7b9f2ff,data/datasets/sid-set/candidate-1500/images/real/c9458878b2459e12c6c8ad350b95764a8ff15c1fa847c98ce06897a2d7b9f2ff.jpg,saberzl/SID_Set,medium,0,0.03651710972189903
c95fe7ee4d41efc2181eaa4c166d631cc539403b6ba0cffa51fbea58f5800060,data/datasets/sid-set/candidate-1500/images/real/c95fe7ee4d41efc2181eaa4c166d631cc539403b6ba0cffa51fbea58f5800060.jpg,saberzl/SID_Set,medium,0,0.0015215912135317922
c971689c1b870d12c9dc74b20a83419ba5a0ddc2de03c5f6afb48af5e502f5a6,data/datasets/sid-set/candidate-1500/images/real/c971689c1b870d12c9dc74b20a83419ba5a0ddc2de03c5f6afb48af5e502f5a6.jpg,saberzl/SID_Set,medium,0,0.052203137427568436
c9738d7d2ccdd0a7a9f3df6477f83058fd5c2a46b50b46a5cd72ba1be2d208bc,data/datasets/sid-set/candidate-1500/images/real/c9738d7d2ccdd0a7a9f3df6477f83058fd5c2a46b50b46a5cd72ba1be2d208bc.jpg,saberzl/SID_Set,medium,0,0.2687566578388214
c986e249b579192a6f753205ab530e701908d8b3c90573534cacaa90be4d616f,data/datasets/sid-set/candidate-1500/images/real/c986e249b579192a6f753205ab530e701908d8b3c90573534cacaa90be4d616f.jpg,saberzl/SID_Set,low,0,0.9478805065155029
c9b2ac5127dbd56494e84850d3dc58fa9310669fd40bdef7783f189db450e741,data/datasets/sid-set/candidate-1500/images/fake/c9b2ac5127dbd56494e84850d3dc58fa9310669fd40bdef7783f189db450e741.png,saberzl/SID_Set,low,1,0.9782503247261047
c9cb697c68d65a32e8dd0c7b19c6f0ab6c1112426d8a12eb2307794dac708e19,data/datasets/sid-set/candidate-1500/images/fake/c9cb697c68d65a32e8dd0c7b19c6f0ab6c1112426d8a12eb2307794dac708e19.png,saberzl/SID_Set,low,1,0.9831998348236084
c9cca6efd78d722b5c4e4a8c836e7121c40b6e95752ce9f0caf8e2efe7c0800f,data/datasets/sid-set/candidate-1500/images/fake/c9cca6efd78d722b5c4e4a8c836e7121c40b6e95752ce9f0caf8e2efe7c0800f.png,saberzl/SID_Set,low,1,0.9421529769897461
ca075da5b1f6a27b7dd3135eb18af59a1dad689186791517380f8db3670edd57,data/datasets/sid-set/candidate-1500/images/fake/ca075da5b1f6a27b7dd3135eb18af59a1dad689186791517380f8db3670edd57.png,saberzl/SID_Set,medium,1,0.9506670236587524
ca202ce83730c4484a9d3909d34371ec8767a3db93e5ea3b92d922fc2160fda1,data/datasets/sid-set/candidate-1500/images/real/ca202ce83730c4484a9d3909d34371ec8767a3db93e5ea3b92d922fc2160fda1.jpg,saberzl/SID_Set,low,0,0.005033825524151325
ca3a7670f11788f0d42a4470534927e86a7d66ac993e94bd01c9c576aa2c431e,data/datasets/sid-set/candidate-1500/images/real/ca3a7670f11788f0d42a4470534927e86a7d66ac993e94bd01c9c576aa2c431e.jpg,saberzl/SID_Set,low,0,0.9936541318893433
caa083948312f7d3794e0992e6a6de9c18b072aa426dbc2fe1599f69affa8ffa,data/datasets/sid-set/candidate-1500/images/real/caa083948312f7d3794e0992e6a6de9c18b072aa426dbc2fe1599f69affa8ffa.jpg,saberzl/SID_Set,medium,0,0.22938428819179535
cac7904f0b12850eaa151cd1a61321e74b4576c8ddbcf8a0ba408086bc43f0c0,data/datasets/sid-set/candidate-1500/images/fake/cac7904f0b12850eaa151cd1a61321e74b4576c8ddbcf8a0ba408086bc43f0c0.png,saberzl/SID_Set,low,1,0.9931172132492065
cadb648dc62ae05472b2e4ed3cbe5560895d8285cec838c2497f595dc0ec2cfc,data/datasets/sid-set/candidate-1500/images/real/cadb648dc62ae05472b2e4ed3cbe5560895d8285cec838c2497f595dc0ec2cfc.jpg,saberzl/SID_Set,low,0,0.9511419534683228
cb04ef807bf07235030c99858a5b64b17526b60e9ec5cd22e36a025000cd758d,data/datasets/sid-set/candidate-1500/images/real/cb04ef807bf07235030c99858a5b64b17526b60e9ec5cd22e36a025000cd758d.jpg,saberzl/SID_Set,medium,0,0.5856769680976868
cb2e26eb0d083007784404bf5915286bc1566ce9bf1b3a3174df8a674c1effee,data/datasets/sid-set/candidate-1500/images/real/cb2e26eb0d083007784404bf5915286bc1566ce9bf1b3a3174df8a674c1effee.jpg,saberzl/SID_Set,low,0,0.5154147744178772
cb7d165d032c2eb39be6e57eff30610c0167ba708f20d83924fbd7ae4021b84d,data/datasets/sid-set/candidate-1500/images/fake/cb7d165d032c2eb39be6e57eff30610c0167ba708f20d83924fbd7ae4021b84d.png,saberzl/SID_Set,medium,1,0.9943844079971313
cb9401c5ddce3c5f4f03f5d217573ff85e17e0fd6400a40dc29904555495bf3e,data/datasets/sid-set/candidate-1500/images/real/cb9401c5ddce3c5f4f03f5d217573ff85e17e0fd6400a40dc29904555495bf3e.jpg,saberzl/SID_Set,medium,0,0.43205735087394714
cbad67fdac0a4b0116d73f2a9c238b53c360c9bcf23d9f4ae115539bbf12f2fa,data/datasets/sid-set/candidate-1500/images/fake/cbad67fdac0a4b0116d73f2a9c238b53c360c9bcf23d9f4ae115539bbf12f2fa.png,saberzl/SID_Set,low,1,0.7710511684417725
cc3dcb7cb4b21477aa05b561dd8a69366d4c1bdbe32a0d1a3abce83e81697b79,data/datasets/sid-set/candidate-1500/images/real/cc3dcb7cb4b21477aa05b561dd8a69366d4c1bdbe32a0d1a3abce83e81697b79.jpg,saberzl/SID_Set,low,0,0.9640889167785645
cc4089d4cc539abff42c4038fc67c167a460b33ba5165d8b18a5780e4045324a,data/datasets/sid-set/candidate-1500/images/real/cc4089d4cc539abff42c4038fc67c167a460b33ba5165d8b18a5780e4045324a.jpg,saberzl/SID_Set,medium,0,0.9594692587852478
cc97a56aad15bbad36f11c8cc20bc1706049348950941d58463e3437ef499d5c,data/datasets/sid-set/candidate-1500/images/fake/cc97a56aad15bbad36f11c8cc20bc1706049348950941d58463e3437ef499d5c.png,saberzl/SID_Set,medium,1,0.9798229336738586
cc98640db271e5affacd6afdc49bb52325038899733a292f3d13dd1fcaf67b51,data/datasets/sid-set/candidate-1500/images/real/cc98640db271e5affacd6afdc49bb52325038899733a292f3d13dd1fcaf67b51.jpg,saberzl/SID_Set,medium,0,0.16115571558475494
ccbf55f91b66c9111e3a8eb900758f0801e42c27b794837caf8c23f491f99876,data/datasets/sid-set/candidate-1500/images/real/ccbf55f91b66c9111e3a8eb900758f0801e42c27b794837caf8c23f491f99876.jpg,saberzl/SID_Set,medium,0,0.817024827003479
ccdd15bdb9729d2f8220b579758de42c7cdec59e99e6d41722a68be55d8fb0e2,data/datasets/sid-set/candidate-1500/images/fake/ccdd15bdb9729d2f8220b579758de42c7cdec59e99e6d41722a68be55d8fb0e2.png,saberzl/SID_Set,medium,1,0.9986963868141174
ccf8a071d9ec6622b29dc16e7d37fdda39b74fcf22b6b88ce8c7589d08c1dc68,data/datasets/sid-set/candidate-1500/images/fake/ccf8a071d9ec6622b29dc16e7d37fdda39b74fcf22b6b88ce8c7589d08c1dc68.png,saberzl/SID_Set,medium,1,0.8479167222976685
cd2f13609e89b0a0a68fef8be7270c664b73d0421471682790823c42feec25df,data/datasets/sid-set/candidate-1500/images/real/cd2f13609e89b0a0a68fef8be7270c664b73d0421471682790823c42feec25df.jpg,saberzl/SID_Set,medium,0,0.5662422776222229
cd3c127c8b030ec979388c5308eba8b6097d9a8f67144835ebf06d49315f6ab8,data/datasets/sid-set/candidate-1500/images/real/cd3c127c8b030ec979388c5308eba8b6097d9a8f67144835ebf06d49315f6ab8.jpg,saberzl/SID_Set,low,0,0.9257701635360718
cdc6c2adcbea5b64d50b74af4c0443e3aa6614588b5fdacdb905fe237bb074fe,data/datasets/sid-set/candidate-1500/images/fake/cdc6c2adcbea5b64d50b74af4c0443e3aa6614588b5fdacdb905fe237bb074fe.png,saberzl/SID_Set,low,1,0.9989210367202759
cdd03c13ad446fb30ad2b586323acf729c70dabaf48384c3100387bb7ab19493,data/datasets/sid-set/candidate-1500/images/real/cdd03c13ad446fb30ad2b586323acf729c70dabaf48384c3100387bb7ab19493.jpg,saberzl/SID_Set,medium,0,0.8285300135612488
cdd1f0ae79a48db92440bda507607d1fc37966555829a44555821e0acd4254dc,data/datasets/sid-set/candidate-1500/images/real/cdd1f0ae79a48db92440bda507607d1fc37966555829a44555821e0acd4254dc.jpg,saberzl/SID_Set,medium,0,0.3988890051841736
cde8034bffec16672bb4501eabbc1e2ceca39ee3624585ddc831b0d74a7abf28,data/datasets/sid-set/candidate-1500/images/fake/cde8034bffec16672bb4501eabbc1e2ceca39ee3624585ddc831b0d74a7abf28.png,saberzl/SID_Set,medium,1,0.9968745708465576
cdeb9bca0271c9523ca2e4467085ec1e91a2a5347cbe5d6970f14c1c8c501a2a,data/datasets/sid-set/candidate-1500/images/fake/cdeb9bca0271c9523ca2e4467085ec1e91a2a5347cbe5d6970f14c1c8c501a2a.png,saberzl/SID_Set,medium,1,0.9874864816665649
ce0234ea012a7dcd12725d5b81123ce28bb76615e8a291f91b479afd5e9456e7,data/datasets/sid-set/candidate-1500/images/real/ce0234ea012a7dcd12725d5b81123ce28bb76615e8a291f91b479afd5e9456e7.jpg,saberzl/SID_Set,low,0,0.894782304763794
cf2cbadf6f1e7e59afbd19a07896203d5d104e1ac31eb93d9eb1391e11094e82,data/datasets/sid-set/candidate-1500/images/real/cf2cbadf6f1e7e59afbd19a07896203d5d104e1ac31eb93d9eb1391e11094e82.jpg,saberzl/SID_Set,medium,0,0.19665950536727905
cf55db9bc4ff3888a5edcd8417ebd5c6bd475d27020412b5be459a42a772ad66,data/datasets/sid-set/candidate-1500/images/real/cf55db9bc4ff3888a5edcd8417ebd5c6bd475d27020412b5be459a42a772ad66.jpg,saberzl/SID_Set,medium,0,0.9585696458816528
cf571eeb694d44734b0d694e047c444ff1400ff1d49416ac3eab77e77ebc5d09,data/datasets/sid-set/candidate-1500/images/fake/cf571eeb694d44734b0d694e047c444ff1400ff1d49416ac3eab77e77ebc5d09.png,saberzl/SID_Set,medium,1,0.9246992468833923
cf7eae2ef4fb850a0c675fbd6c87c711719f7e314dcb6a1e14563114e78111ec,data/datasets/sid-set/candidate-1500/images/fake/cf7eae2ef4fb850a0c675fbd6c87c711719f7e314dcb6a1e14563114e78111ec.png,saberzl/SID_Set,low,1,0.9662750959396362
cfb89bc2ce065157cfceb3b2d52caefd2fc8dbac64a0dc00a5c9d5bfda40ff8a,data/datasets/sid-set/candidate-1500/images/real/cfb89bc2ce065157cfceb3b2d52caefd2fc8dbac64a0dc00a5c9d5bfda40ff8a.jpg,saberzl/SID_Set,medium,0,0.2677323520183563
cfc079b8e88ffd7c99544d22474143afa1858af1e5dd8c5af391a58bf1fb6fab,data/datasets/sid-set/candidate-1500/images/fake/cfc079b8e88ffd7c99544d22474143afa1858af1e5dd8c5af391a58bf1fb6fab.png,saberzl/SID_Set,low,1,0.9766635298728943
cfe8594f2b0c30931a483c55a92a7129bb31a641945486d6581ff6458ce17aba,data/datasets/sid-set/candidate-1500/images/fake/cfe8594f2b0c30931a483c55a92a7129bb31a641945486d6581ff6458ce17aba.png,saberzl/SID_Set,medium,1,0.9922440648078918
d0161538206a535b6956462d811114ec40e0326efa1aa3ccfff25f3e45f5610a,data/datasets/sid-set/candidate-1500/images/real/d0161538206a535b6956462d811114ec40e0326efa1aa3ccfff25f3e45f5610a.jpg,saberzl/SID_Set,low,0,0.0015488946810364723
d033311ac0c4f9301cb10cb4ac12d3345c75c4050b4a0c107f47a08574ee5cb2,data/datasets/sid-set/candidate-1500/images/fake/d033311ac0c4f9301cb10cb4ac12d3345c75c4050b4a0c107f47a08574ee5cb2.png,saberzl/SID_Set,low,1,0.9940453767776489
d04b5438afe50e9ac7343223222a70d1d0c7a64e00b754502dd333c645278232,data/datasets/sid-set/candidate-1500/images/real/d04b5438afe50e9ac7343223222a70d1d0c7a64e00b754502dd333c645278232.jpg,saberzl/SID_Set,medium,0,0.7476997375488281
d05041e98611d7c927304e7748b78e3401e057d7d49f07a56b098a139ecd115d,data/datasets/sid-set/candidate-1500/images/fake/d05041e98611d7c927304e7748b78e3401e057d7d49f07a56b098a139ecd115d.png,saberzl/SID_Set,medium,1,0.4856676459312439
d07510b419579daf702319254e8bb737e5690db2805c497c1adab080e18bb838,data/datasets/sid-set/candidate-1500/images/fake/d07510b419579daf702319254e8bb737e5690db2805c497c1adab080e18bb838.png,saberzl/SID_Set,low,1,0.9787705540657043
d11569494b19cd78a6cf9e2c24988063987532c0f6bc04b8835b2bae55a621df,data/datasets/sid-set/candidate-1500/images/real/d11569494b19cd78a6cf9e2c24988063987532c0f6bc04b8835b2bae55a621df.jpg,saberzl/SID_Set,medium,0,0.7219303846359253
d1406b63b8991e1afe2721c5485149eb68085b65b9334faae7070864c4018c55,data/datasets/sid-set/candidate-1500/images/fake/d1406b63b8991e1afe2721c5485149eb68085b65b9334faae7070864c4018c55.png,saberzl/SID_Set,low,1,0.9777037501335144
d14f4a59f0b6abeccaaa641377bae6125fd8fc1df21d9398f29464dc59f424ac,data/datasets/sid-set/candidate-1500/images/real/d14f4a59f0b6abeccaaa641377bae6125fd8fc1df21d9398f29464dc59f424ac.jpg,saberzl/SID_Set,medium,0,0.01834796369075775
d18ec6d35a3ca5e5e8c7842b7a175c80d480df8e7367c2b713191c06e90b8c5d,data/datasets/sid-set/candidate-1500/images/real/d18ec6d35a3ca5e5e8c7842b7a175c80d480df8e7367c2b713191c06e90b8c5d.jpg,saberzl/SID_Set,high,0,0.3855629861354828
d1db65f754b643548db9cb83bf015b3523157c16f58cc7d45bd69c8bac064a86,data/datasets/sid-set/candidate-1500/images/fake/d1db65f754b643548db9cb83bf015b3523157c16f58cc7d45bd69c8bac064a86.png,saberzl/SID_Set,medium,1,0.9399590492248535
d1e946eef979ab4beee2e901e9fd62478d562b238ca62eb2fbdb98d7e2a8377f,data/datasets/sid-set/candidate-1500/images/real/d1e946eef979ab4beee2e901e9fd62478d562b238ca62eb2fbdb98d7e2a8377f.jpg,saberzl/SID_Set,medium,0,0.0019184703705832362
d1f131bc024591a8704fe9cfeac975d79c5b5632297c130c92fed293e3b21fd2,data/datasets/sid-set/candidate-1500/images/real/d1f131bc024591a8704fe9cfeac975d79c5b5632297c130c92fed293e3b21fd2.jpg,saberzl/SID_Set,medium,0,0.37825554609298706
d219dd09455ba27e628fd8da8db35e8b3f1582c2ee91ddc3b6343185d1f870ea,data/datasets/sid-set/candidate-1500/images/fake/d219dd09455ba27e628fd8da8db35e8b3f1582c2ee91ddc3b6343185d1f870ea.png,saberzl/SID_Set,medium,1,0.9513915777206421
d252d88f1f77f3508e6511f26d2239456f7aa22b2f68ff09a8543ff7e53c3f37,data/datasets/sid-set/candidate-1500/images/real/d252d88f1f77f3508e6511f26d2239456f7aa22b2f68ff09a8543ff7e53c3f37.jpg,saberzl/SID_Set,low,0,0.33209991455078125
d294a3f4dfbef7383624f0d9ee20625f080f8404ccf07832f84f424ea1ff42b6,data/datasets/sid-set/candidate-1500/images/fake/d294a3f4dfbef7383624f0d9ee20625f080f8404ccf07832f84f424ea1ff42b6.png,saberzl/SID_Set,medium,1,0.44535791873931885
d2fa49d263bf944fd959e358325b53e3ccc1fac088d360906653843a8f808cac,data/datasets/sid-set/candidate-1500/images/fake/d2fa49d263bf944fd959e358325b53e3ccc1fac088d360906653843a8f808cac.png,saberzl/SID_Set,low,1,0.9783639311790466
d34a7659946c94adf783d64e301565181f1c360f61ea9fe6775a5bb077ab754d,data/datasets/sid-set/candidate-1500/images/fake/d34a7659946c94adf783d64e301565181f1c360f61ea9fe6775a5bb077ab754d.png,saberzl/SID_Set,low,1,0.8052164912223816
d37b6e2864def648f1ad866e0dea40ae06c9ac1791ddd58450e6cce05ee252b5,data/datasets/sid-set/candidate-1500/images/real/d37b6e2864def648f1ad866e0dea40ae06c9ac1791ddd58450e6cce05ee252b5.jpg,saberzl/SID_Set,medium,0,0.30090242624282837
d3e1f3f3797b93ce82c592a7d3e9b04abfb264e2c78624a2ea0cf479db6d7e78,data/datasets/sid-set/candidate-1500/images/fake/d3e1f3f3797b93ce82c592a7d3e9b04abfb264e2c78624a2ea0cf479db6d7e78.png,saberzl/SID_Set,low,1,0.9867823123931885
d49b53f27acca3660be831861d521593754a85d8b55b6e511dbcfecf02da60d8,data/datasets/sid-set/candidate-1500/images/real/d49b53f27acca3660be831861d521593754a85d8b55b6e511dbcfecf02da60d8.jpg,saberzl/SID_Set,medium,0,0.042368244379758835
d4ab121d36684b193407d1a1532fe43301534315bdf4f0e8ed401216f4c5d60c,data/datasets/sid-set/candidate-1500/images/fake/d4ab121d36684b193407d1a1532fe43301534315bdf4f0e8ed401216f4c5d60c.png,saberzl/SID_Set,low,1,0.887758731842041
d4ea3bb856f02755e667877cede7b2701594cbf278222bfef6b82931304b767c,data/datasets/sid-set/candidate-1500/images/fake/d4ea3bb856f02755e667877cede7b2701594cbf278222bfef6b82931304b767c.png,saberzl/SID_Set,medium,1,0.9696061611175537
d506c23b6ef8cca94d600a41dfcb3e477121d0ab83d4a5b8154a1295da396c69,data/datasets/sid-set/candidate-1500/images/fake/d506c23b6ef8cca94d600a41dfcb3e477121d0ab83d4a5b8154a1295da396c69.png,saberzl/SID_Set,medium,1,0.9877800941467285
d541e1808be7102aaf8b6e008d7bf4214d2671d5b22d4d37dfadd11f80606a8a,data/datasets/sid-set/candidate-1500/images/real/d541e1808be7102aaf8b6e008d7bf4214d2671d5b22d4d37dfadd11f80606a8a.jpg,saberzl/SID_Set,low,0,0.9667907953262329
d59a9228e97df00be2c69251e5b3587401b183206498f928602d8e7a9114144b,data/datasets/sid-set/candidate-1500/images/fake/d59a9228e97df00be2c69251e5b3587401b183206498f928602d8e7a9114144b.png,saberzl/SID_Set,medium,1,0.9858149290084839
d6182b916886325a9bda543eb5c7af784ab53a1500a33f903d052de2c8a2a359,data/datasets/sid-set/candidate-1500/images/real/d6182b916886325a9bda543eb5c7af784ab53a1500a33f903d052de2c8a2a359.jpg,saberzl/SID_Set,low,0,0.18758882582187653
d66b6df8bb2d8725eb1ad6ea69f1a2101961f28d8fb06848c71283536066668b,data/datasets/sid-set/candidate-1500/images/fake/d66b6df8bb2d8725eb1ad6ea69f1a2101961f28d8fb06848c71283536066668b.png,saberzl/SID_Set,medium,1,0.9902307391166687
d700bb900286b098f781bdb60ee65e8a069e629c486009b99ae0381a4ba7f990,data/datasets/sid-set/candidate-1500/images/fake/d700bb900286b098f781bdb60ee65e8a069e629c486009b99ae0381a4ba7f990.png,saberzl/SID_Set,low,1,0.7666987180709839
d7bd84750af3e7e39ed73b6f934bfaba2b3e25aee89eff0c7b3c31955ef207d7,data/datasets/sid-set/candidate-1500/images/real/d7bd84750af3e7e39ed73b6f934bfaba2b3e25aee89eff0c7b3c31955ef207d7.jpg,saberzl/SID_Set,medium,0,0.08543704450130463
d83b990da1b743a0385b8d2e287ea925d5c6067d01b688002a9926bde0304f4a,data/datasets/sid-set/candidate-1500/images/fake/d83b990da1b743a0385b8d2e287ea925d5c6067d01b688002a9926bde0304f4a.png,saberzl/SID_Set,medium,1,0.9476058483123779
d86e7726ca15f36f2014ed2cc4a5f2f8167b7bfbf148a007bf82581349331f4b,data/datasets/sid-set/candidate-1500/images/fake/d86e7726ca15f36f2014ed2cc4a5f2f8167b7bfbf148a007bf82581349331f4b.png,saberzl/SID_Set,medium,1,0.7018881440162659
d892f543698758b801a087fc7626aa232ec83b69c33e11e8a684be8a45d06073,data/datasets/sid-set/candidate-1500/images/real/d892f543698758b801a087fc7626aa232ec83b69c33e11e8a684be8a45d06073.jpg,saberzl/SID_Set,low,0,0.3411653935909271
d8b7b3b6c88aeb701ef20791105b9b35e8248ee4e6557ea79a093ba1d5311155,data/datasets/sid-set/candidate-1500/images/real/d8b7b3b6c88aeb701ef20791105b9b35e8248ee4e6557ea79a093ba1d5311155.jpg,saberzl/SID_Set,medium,0,0.016887769103050232
d8ba0315b1285e458dcd0f2721adc8678c9bf3108f3dbda4735770bfc83eecde,data/datasets/sid-set/candidate-1500/images/real/d8ba0315b1285e458dcd0f2721adc8678c9bf3108f3dbda4735770bfc83eecde.jpg,saberzl/SID_Set,medium,0,0.8862642645835876
d9573fdb4fb2d0e033e3ffe29f32bc5f3f94a1ede5ab41e9e6909d0083dc8853,data/datasets/sid-set/candidate-1500/images/real/d9573fdb4fb2d0e033e3ffe29f32bc5f3f94a1ede5ab41e9e6909d0083dc8853.jpg,saberzl/SID_Set,low,0,0.5950105786323547
d95a7a05137c451a9403f6731e2e9a80d8071402c1b64b4ef6c0df03795db4a1,data/datasets/sid-set/candidate-1500/images/fake/d95a7a05137c451a9403f6731e2e9a80d8071402c1b64b4ef6c0df03795db4a1.png,saberzl/SID_Set,medium,1,0.9978856444358826
da0a9d12c2fbf72f026a50ce13a1005c56738e8c58989a520810d9c121fa820f,data/datasets/sid-set/candidate-1500/images/fake/da0a9d12c2fbf72f026a50ce13a1005c56738e8c58989a520810d9c121fa820f.png,saberzl/SID_Set,low,1,0.9598265886306763
da3e032eba23a0084136b7830487a585f7ae6109a58ea2c8701ef9d59c059db1,data/datasets/sid-set/candidate-1500/images/fake/da3e032eba23a0084136b7830487a585f7ae6109a58ea2c8701ef9d59c059db1.png,saberzl/SID_Set,low,1,0.9432059526443481
da88e05c4ba681fdee852cbe88fe5cfc7b11dd2ff45f636e270f5e48df2ee81b,data/datasets/sid-set/candidate-1500/images/fake/da88e05c4ba681fdee852cbe88fe5cfc7b11dd2ff45f636e270f5e48df2ee81b.png,saberzl/SID_Set,low,1,0.9979664087295532
daa2d3646895694c9c51a1dc7218858a033c55ea02a6396550a508b2a5a63603,data/datasets/sid-set/candidate-1500/images/real/daa2d3646895694c9c51a1dc7218858a033c55ea02a6396550a508b2a5a63603.jpg,saberzl/SID_Set,medium,0,0.03812892735004425
dacb4dcb38f32af1e4ffd65fccb0eda7d3e836083a587cedd26fe9bf8b93f787,data/datasets/sid-set/candidate-1500/images/fake/dacb4dcb38f32af1e4ffd65fccb0eda7d3e836083a587cedd26fe9bf8b93f787.png,saberzl/SID_Set,low,1,0.0727202296257019
daf694382c7619a7b75fd8298308e648c3ff1fb19e95341b503e0fe33dddea3c,data/datasets/sid-set/candidate-1500/images/fake/daf694382c7619a7b75fd8298308e648c3ff1fb19e95341b503e0fe33dddea3c.png,saberzl/SID_Set,low,1,0.997355580329895
db26c8464c68211bc6fec4d0ffbc5337eff40d02a23306f7fbc858a2918ed265,data/datasets/sid-set/candidate-1500/images/real/db26c8464c68211bc6fec4d0ffbc5337eff40d02a23306f7fbc858a2918ed265.jpg,saberzl/SID_Set,medium,0,0.8002043962478638
db9d42fceb4c4beb0f6aaac455280a8134a15935e606395f4e3722f5a44e0e5c,data/datasets/sid-set/candidate-1500/images/real/db9d42fceb4c4beb0f6aaac455280a8134a15935e606395f4e3722f5a44e0e5c.jpg,saberzl/SID_Set,medium,0,0.05549398064613342
dba123aebc208e091a0cd2e2384c5f61987edf483a97dacf6b642b1a283d4f8c,data/datasets/sid-set/candidate-1500/images/real/dba123aebc208e091a0cd2e2384c5f61987edf483a97dacf6b642b1a283d4f8c.jpg,saberzl/SID_Set,medium,0,0.0010496515315026045
dbad08fd38392fc7900329c81f539852697567b1f60a1a98376f9bc504746fb0,data/datasets/sid-set/candidate-1500/images/real/dbad08fd38392fc7900329c81f539852697567b1f60a1a98376f9bc504746fb0.jpg,saberzl/SID_Set,medium,0,0.0010573394829407334
dbcd80028dfadc7bd861696b8aea15282212811ccc3e5bfc7810b27b61b8cd32,data/datasets/sid-set/candidate-1500/images/fake/dbcd80028dfadc7bd861696b8aea15282212811ccc3e5bfc7810b27b61b8cd32.png,saberzl/SID_Set,low,1,0.9488890171051025
dbeb4276542c32846227e96eefc2cbacdba7d1b3d0d8121584e005353aed9b5d,data/datasets/sid-set/candidate-1500/images/real/dbeb4276542c32846227e96eefc2cbacdba7d1b3d0d8121584e005353aed9b5d.jpg,saberzl/SID_Set,medium,0,0.0171122457832098
dc1259935dc9c66af83e4997783ddb9a0fbdfb96ee830658e2b9e61d7d08fef9,data/datasets/sid-set/candidate-1500/images/real/dc1259935dc9c66af83e4997783ddb9a0fbdfb96ee830658e2b9e61d7d08fef9.jpg,saberzl/SID_Set,low,0,0.8379008173942566
dc15b26eaa0383b5a92a1680a5998084b567f698647e6ca35d8e9082d8f99f55,data/datasets/sid-set/candidate-1500/images/fake/dc15b26eaa0383b5a92a1680a5998084b567f698647e6ca35d8e9082d8f99f55.png,saberzl/SID_Set,medium,1,0.9929978847503662
dc1da78f45625332a6f327c4e6e4cf22433541d06ea3f35de6973b1784df7eb9,data/datasets/sid-set/candidate-1500/images/real/dc1da78f45625332a6f327c4e6e4cf22433541d06ea3f35de6973b1784df7eb9.jpg,saberzl/SID_Set,low,0,0.30015572905540466
dc26ca835d0678531dbada61ad4a0fde4d45a0eb65749ca4b79874201bff7b5c,data/datasets/sid-set/candidate-1500/images/real/dc26ca835d0678531dbada61ad4a0fde4d45a0eb65749ca4b79874201bff7b5c.jpg,saberzl/SID_Set,medium,0,0.09341096878051758
dc3c5b4fcddc615a09ec80486017484cc4e9aff600e16cb1d3ebcec090c5a20e,data/datasets/sid-set/candidate-1500/images/fake/dc3c5b4fcddc615a09ec80486017484cc4e9aff600e16cb1d3ebcec090c5a20e.png,saberzl/SID_Set,medium,1,0.9954106211662292
dc4ca48c84c66edbf04b98042ad79cd8656803c32a3090b3cd9d51ae58c0e6e1,data/datasets/sid-set/candidate-1500/images/fake/dc4ca48c84c66edbf04b98042ad79cd8656803c32a3090b3cd9d51ae58c0e6e1.png,saberzl/SID_Set,medium,1,0.9959121942520142
dc692ee11736f62ac168e05c8ec227969c0c44ac7d8458b35ed3eba1e00fafbc,data/datasets/sid-set/candidate-1500/images/real/dc692ee11736f62ac168e05c8ec227969c0c44ac7d8458b35ed3eba1e00fafbc.jpg,saberzl/SID_Set,low,0,0.131651371717453
dc96356699128b89d82e6a5ec7194d0b0c481d54fbffb2eb478a9d383ea986b6,data/datasets/sid-set/candidate-1500/images/fake/dc96356699128b89d82e6a5ec7194d0b0c481d54fbffb2eb478a9d383ea986b6.png,saberzl/SID_Set,medium,1,0.9844836592674255
dcaf424757dc655c704995638a27201542b95fa9ba688701a7eac952e875496b,data/datasets/sid-set/candidate-1500/images/fake/dcaf424757dc655c704995638a27201542b95fa9ba688701a7eac952e875496b.png,saberzl/SID_Set,medium,1,0.9764713048934937
dcb2965d2e028aac3a8385f0ddbb0d7eaf8eb882d1331175314916a043ee4223,data/datasets/sid-set/candidate-1500/images/real/dcb2965d2e028aac3a8385f0ddbb0d7eaf8eb882d1331175314916a043ee4223.jpg,saberzl/SID_Set,medium,0,0.5542221665382385
dcc1f92c50deced95bc0f18f66a9b4c3c532c0de1c950499c4059754e86e81ea,data/datasets/sid-set/candidate-1500/images/real/dcc1f92c50deced95bc0f18f66a9b4c3c532c0de1c950499c4059754e86e81ea.jpg,saberzl/SID_Set,low,0,0.9572893381118774
dcccd079b59216bf260c8682306e48c6283e3438ca9b9d1a38749242b1251769,data/datasets/sid-set/candidate-1500/images/fake/dcccd079b59216bf260c8682306e48c6283e3438ca9b9d1a38749242b1251769.png,saberzl/SID_Set,medium,1,0.9715869426727295
dcd3f7dd5053170f10a3ab0900fa8c702de592cf305e62c2a367d94414b02df8,data/datasets/sid-set/candidate-1500/images/fake/dcd3f7dd5053170f10a3ab0900fa8c702de592cf305e62c2a367d94414b02df8.png,saberzl/SID_Set,medium,1,0.9039224982261658
dd56b3255844665fbc9640324af4fd01d73f23e6d0d44063278df29dd593146f,data/datasets/sid-set/candidate-1500/images/fake/dd56b3255844665fbc9640324af4fd01d73f23e6d0d44063278df29dd593146f.png,saberzl/SID_Set,medium,1,0.926790177822113
dd572b4dd999553839175bf9cc0fbe795d13e53177bf70201e752c72efdf221b,data/datasets/sid-set/candidate-1500/images/fake/dd572b4dd999553839175bf9cc0fbe795d13e53177bf70201e752c72efdf221b.png,saberzl/SID_Set,medium,1,0.9789990186691284
dd720d73e77e8dc5198e72d1f0ffb5626548f5134311acf00eed71739feadd9e,data/datasets/sid-set/candidate-1500/images/real/dd720d73e77e8dc5198e72d1f0ffb5626548f5134311acf00eed71739feadd9e.jpg,saberzl/SID_Set,low,0,0.019825806841254234
dda7436936674d04d881ee30dbddb213f5e03aa8f9d8df3f0bcde619def803fb,data/datasets/sid-set/candidate-1500/images/fake/dda7436936674d04d881ee30dbddb213f5e03aa8f9d8df3f0bcde619def803fb.png,saberzl/SID_Set,medium,1,0.9910979866981506
ddafbd1b3c67262d8609fed95e13fc65ef7bae60d9001db1d08f6f9ec1a1ebee,data/datasets/sid-set/candidate-1500/images/fake/ddafbd1b3c67262d8609fed95e13fc65ef7bae60d9001db1d08f6f9ec1a1ebee.png,saberzl/SID_Set,low,1,0.9819431900978088
ddc5dcb131258fb47d899362a6e5ff6b647f7e03a940f09a66e4b2ad76e8136c,data/datasets/sid-set/candidate-1500/images/fake/ddc5dcb131258fb47d899362a6e5ff6b647f7e03a940f09a66e4b2ad76e8136c.png,saberzl/SID_Set,medium,1,0.9760103821754456
de0622ed970f636a04f05b17a091b4c64a5aa311cea7b872a19f4f649445f8c9,data/datasets/sid-set/candidate-1500/images/real/de0622ed970f636a04f05b17a091b4c64a5aa311cea7b872a19f4f649445f8c9.jpg,saberzl/SID_Set,medium,0,0.00812592264264822
de0b635df4dfd7e35ff0254c151d1102e50458c65b50e785eb1a57fbede2184a,data/datasets/sid-set/candidate-1500/images/real/de0b635df4dfd7e35ff0254c151d1102e50458c65b50e785eb1a57fbede2184a.jpg,saberzl/SID_Set,low,0,0.11198526620864868
de2d8d412d4b1896254b4cdddea16288d92da2527df75f6069c02e24fdc25ed4,data/datasets/sid-set/candidate-1500/images/fake/de2d8d412d4b1896254b4cdddea16288d92da2527df75f6069c02e24fdc25ed4.png,saberzl/SID_Set,medium,1,0.9477776288986206
de8715638e477f01341583d52c0a349524c262c268df89c0c7b2fb4c81672257,data/datasets/sid-set/candidate-1500/images/real/de8715638e477f01341583d52c0a349524c262c268df89c0c7b2fb4c81672257.jpg,saberzl/SID_Set,medium,0,0.001294482033699751
de8acfe3cbd87b8397b5cd7c53e49c65d1e570552d73591e65510b677d00f01a,data/datasets/sid-set/candidate-1500/images/real/de8acfe3cbd87b8397b5cd7c53e49c65d1e570552d73591e65510b677d00f01a.jpg,saberzl/SID_Set,low,0,0.8520877361297607
deb5c137a6cfb0f0651e6960166159761901873ec6764ce292d51b98ce1dd31e,data/datasets/sid-set/candidate-1500/images/fake/deb5c137a6cfb0f0651e6960166159761901873ec6764ce292d51b98ce1dd31e.png,saberzl/SID_Set,high,1,0.8119674921035767
deb7eed518d8ed402535777586c38ae23fe8889ab325767910e7b6b7ea3ebaca,data/datasets/sid-set/candidate-1500/images/fake/deb7eed518d8ed402535777586c38ae23fe8889ab325767910e7b6b7ea3ebaca.png,saberzl/SID_Set,low,1,0.6588901877403259
dec8f224a5095e2d3f56e4beaade3f0997ff8fdfe0a5bf5a1198c0c7c15f2d7a,data/datasets/sid-set/candidate-1500/images/real/dec8f224a5095e2d3f56e4beaade3f0997ff8fdfe0a5bf5a1198c0c7c15f2d7a.jpg,saberzl/SID_Set,medium,0,0.13897688686847687
dee3994889b4447c84cafc498b56c70472d38c6a735a1036df9bfa8f5f033786,data/datasets/sid-set/candidate-1500/images/real/dee3994889b4447c84cafc498b56c70472d38c6a735a1036df9bfa8f5f033786.jpg,saberzl/SID_Set,medium,0,0.06858807802200317
e015c35145b8a33c602e0786b2b08df2fd7e1489566a17618c57b39c5dbdaae6,data/datasets/sid-set/candidate-1500/images/real/e015c35145b8a33c602e0786b2b08df2fd7e1489566a17618c57b39c5dbdaae6.jpg,saberzl/SID_Set,low,0,0.7892034649848938
e0241536b66aeb4681a42afe37bc96078804f2335bf2b30280aa5fdc4f57ec19,data/datasets/sid-set/candidate-1500/images/real/e0241536b66aeb4681a42afe37bc96078804f2335bf2b30280aa5fdc4f57ec19.jpg,saberzl/SID_Set,medium,0,0.003002578392624855
e05fdca77a4778e708789a5e98bac79205025b51d6ccc88463037c44b22b3a51,data/datasets/sid-set/candidate-1500/images/fake/e05fdca77a4778e708789a5e98bac79205025b51d6ccc88463037c44b22b3a51.png,saberzl/SID_Set,medium,1,0.9949701428413391
e0654928fe7dcca7e49a7b02bde373aac01491458814fb27078a7af303458653,data/datasets/sid-set/candidate-1500/images/real/e0654928fe7dcca7e49a7b02bde373aac01491458814fb27078a7af303458653.jpg,saberzl/SID_Set,medium,0,0.024593064561486244
e085a87989b2bd3760c3458eff960248f9becfb5f4c90f6a85adfbae82b2bff5,data/datasets/sid-set/candidate-1500/images/real/e085a87989b2bd3760c3458eff960248f9becfb5f4c90f6a85adfbae82b2bff5.jpg,saberzl/SID_Set,medium,0,0.976914644241333
e0a5381a5d132cec0cefadb6d712df425e12320dbbbce7c4dac762b0cc1ff38e,data/datasets/sid-set/candidate-1500/images/real/e0a5381a5d132cec0cefadb6d712df425e12320dbbbce7c4dac762b0cc1ff38e.jpg,saberzl/SID_Set,high,0,0.08296289294958115
e0b4db02808cedaf5415fb5b48096e4204ae22889d0da00a91e4b65e56fcfa05,data/datasets/sid-set/candidate-1500/images/real/e0b4db02808cedaf5415fb5b48096e4204ae22889d0da00a91e4b65e56fcfa05.jpg,saberzl/SID_Set,low,0,0.10225726664066315
e0eb31ea615b460c378ecd0569922b853da546444e81a32eb27e4fb80658cd79,data/datasets/sid-set/candidate-1500/images/fake/e0eb31ea615b460c378ecd0569922b853da546444e81a32eb27e4fb80658cd79.png,saberzl/SID_Set,medium,1,0.978725016117096
e1258adc73c6b68d9e12c797c0fbdd1d130be6e6f07380e55b4923540d28a101,data/datasets/sid-set/candidate-1500/images/real/e1258adc73c6b68d9e12c797c0fbdd1d130be6e6f07380e55b4923540d28a101.jpg,saberzl/SID_Set,medium,0,0.1751205325126648
e14c2b72ee15ebc0d3ad2b65d557797a2cba7e590b0544a229ae192ac81c5d4f,data/datasets/sid-set/candidate-1500/images/fake/e14c2b72ee15ebc0d3ad2b65d557797a2cba7e590b0544a229ae192ac81c5d4f.png,saberzl/SID_Set,low,1,0.9939064383506775
e1571cbce847ae739a5829d8d4714a796e64f0bb008864e4184e0f391e270b87,data/datasets/sid-set/candidate-1500/images/fake/e1571cbce847ae739a5829d8d4714a796e64f0bb008864e4184e0f391e270b87.png,saberzl/SID_Set,low,1,0.9824020266532898
e15fb5600df3650d55a6c5163238e6a7c02795915d66339586bd707bcdc356be,data/datasets/sid-set/candidate-1500/images/fake/e15fb5600df3650d55a6c5163238e6a7c02795915d66339586bd707bcdc356be.png,saberzl/SID_Set,medium,1,0.934769332408905
e16566fc8a79d68d5a30f05fbee3f43a7336774915ee7509be7ea6d7ef9e1ed5,data/datasets/sid-set/candidate-1500/images/fake/e16566fc8a79d68d5a30f05fbee3f43a7336774915ee7509be7ea6d7ef9e1ed5.png,saberzl/SID_Set,medium,1,0.9738918542861938
e17497a2d9000857032718f0c1d6da473d9d33ad6a4a7f55e7bee6f53e00c38f,data/datasets/sid-set/candidate-1500/images/real/e17497a2d9000857032718f0c1d6da473d9d33ad6a4a7f55e7bee6f53e00c38f.jpg,saberzl/SID_Set,low,0,0.9221994876861572
e1aae5ff2228ea65682ba458f78da061335c45e6e25344fc567783e14eb56501,data/datasets/sid-set/candidate-1500/images/fake/e1aae5ff2228ea65682ba458f78da061335c45e6e25344fc567783e14eb56501.png,saberzl/SID_Set,medium,1,0.9360459446907043
e1c5fe35f7008d8ed68eed70e48f4819dd62108cc50744fab98245c4d085a1d2,data/datasets/sid-set/candidate-1500/images/real/e1c5fe35f7008d8ed68eed70e48f4819dd62108cc50744fab98245c4d085a1d2.jpg,saberzl/SID_Set,medium,0,0.017963778227567673
e1ec95025f09d918f352446d501a64a2d1a07a1a4a883c4c0a682612c173ce10,data/datasets/sid-set/candidate-1500/images/real/e1ec95025f09d918f352446d501a64a2d1a07a1a4a883c4c0a682612c173ce10.jpg,saberzl/SID_Set,low,0,0.6449137330055237
e23b018dbcb13d938e2685c9ca79df8043b0acac4f15ee1320bf0d2fc9d89c99,data/datasets/sid-set/candidate-1500/images/fake/e23b018dbcb13d938e2685c9ca79df8043b0acac4f15ee1320bf0d2fc9d89c99.png,saberzl/SID_Set,medium,1,0.9345078468322754
e23c5f97c3c0819f7d70bafa2a2535809ec47896f11c9f20561b1af807e8a9a5,data/datasets/sid-set/candidate-1500/images/fake/e23c5f97c3c0819f7d70bafa2a2535809ec47896f11c9f20561b1af807e8a9a5.png,saberzl/SID_Set,high,1,0.9640693068504333
e2476087b3d713ff51326ccdef8bf98643526738368117038f69d6ce4737def7,data/datasets/sid-set/candidate-1500/images/fake/e2476087b3d713ff51326ccdef8bf98643526738368117038f69d6ce4737def7.png,saberzl/SID_Set,medium,1,0.9275962114334106
e250b4e25325de8c8ace790d35846411293ea48a557c681d1507fd79c884d547,data/datasets/sid-set/candidate-1500/images/real/e250b4e25325de8c8ace790d35846411293ea48a557c681d1507fd79c884d547.jpg,saberzl/SID_Set,low,0,0.7057240009307861
e254467176132a9005a1f8a2f4d22a093881058aab1825b128e650cf11e893a0,data/datasets/sid-set/candidate-1500/images/fake/e254467176132a9005a1f8a2f4d22a093881058aab1825b128e650cf11e893a0.png,saberzl/SID_Set,medium,1,0.9874294400215149
e285cca656782fef8597b829527282a4a8b3ffe65a32e6648fdfa7707ae75e7c,data/datasets/sid-set/candidate-1500/images/fake/e285cca656782fef8597b829527282a4a8b3ffe65a32e6648fdfa7707ae75e7c.png,saberzl/SID_Set,low,1,0.8470857739448547
e29296f1067afdc14c4bcb5078d5d39eb092fdbbb283b91d2cb2150a73987833,data/datasets/sid-set/candidate-1500/images/fake/e29296f1067afdc14c4bcb5078d5d39eb092fdbbb283b91d2cb2150a73987833.png,saberzl/SID_Set,low,1,0.5901519060134888
e2cba1fea63e7e7ab9c587055f6747674facd3cde415aabd8be5aa4bb8102298,data/datasets/sid-set/candidate-1500/images/fake/e2cba1fea63e7e7ab9c587055f6747674facd3cde415aabd8be5aa4bb8102298.png,saberzl/SID_Set,medium,1,0.9697530269622803
e317a25743bcf91143dadfa9119290983c31ea4a1b63a94bd6be4f5371db3c7b,data/datasets/sid-set/candidate-1500/images/real/e317a25743bcf91143dadfa9119290983c31ea4a1b63a94bd6be4f5371db3c7b.jpg,saberzl/SID_Set,low,0,0.05911478027701378
e372dec4b06106de17c8498e832de8372dca39b773a5b8d69175d0b47a329351,data/datasets/sid-set/candidate-1500/images/fake/e372dec4b06106de17c8498e832de8372dca39b773a5b8d69175d0b47a329351.png,saberzl/SID_Set,medium,1,0.9871091842651367
e37b1117f955cadc49b70ce95e8d68c8709fa28577cd558c17642ce7acfb2732,data/datasets/sid-set/candidate-1500/images/real/e37b1117f955cadc49b70ce95e8d68c8709fa28577cd558c17642ce7acfb2732.jpg,saberzl/SID_Set,high,0,0.34312647581100464
e39fed98c359c77819fe68978447873c0353a1f0c120f6127e0ac947d3838725,data/datasets/sid-set/candidate-1500/images/fake/e39fed98c359c77819fe68978447873c0353a1f0c120f6127e0ac947d3838725.png,saberzl/SID_Set,medium,1,0.6734865307807922
e3a24520e9bd6af1c62a01747a5e9a1038a28f86f4ec410b99dfe557f3d6f0ec,data/datasets/sid-set/candidate-1500/images/fake/e3a24520e9bd6af1c62a01747a5e9a1038a28f86f4ec410b99dfe557f3d6f0ec.png,saberzl/SID_Set,medium,1,0.9818582534790039
e3f319f7de70ffc77fcee754aedafe95391e0c28f970cba15683d196809d5cbe,data/datasets/sid-set/candidate-1500/images/fake/e3f319f7de70ffc77fcee754aedafe95391e0c28f970cba15683d196809d5cbe.png,saberzl/SID_Set,low,1,0.9813506603240967
e3fcba18f5421e091c34a951fc82c1739dc87a7656ecce311020aa94c82bc3de,data/datasets/sid-set/candidate-1500/images/fake/e3fcba18f5421e091c34a951fc82c1739dc87a7656ecce311020aa94c82bc3de.png,saberzl/SID_Set,medium,1,0.9855068922042847
e41d3c7ef887099c9bf8436a4129552501da31e09bc93182dc5427f9e26c1bba,data/datasets/sid-set/candidate-1500/images/real/e41d3c7ef887099c9bf8436a4129552501da31e09bc93182dc5427f9e26c1bba.jpg,saberzl/SID_Set,low,0,0.0004576973442453891
e42949f70524b3607a8a55d1dbc8ae74b6557033413ae15a8b7461c7a87027bd,data/datasets/sid-set/candidate-1500/images/real/e42949f70524b3607a8a55d1dbc8ae74b6557033413ae15a8b7461c7a87027bd.jpg,saberzl/SID_Set,medium,0,0.7453175187110901
e448b80ee5c8c0b2b2e8087a23b8ffd74555838b97fcd8cb022701e04f2e701a,data/datasets/sid-set/candidate-1500/images/fake/e448b80ee5c8c0b2b2e8087a23b8ffd74555838b97fcd8cb022701e04f2e701a.png,saberzl/SID_Set,low,1,0.9647195339202881
e4de90a18991b8a5a6e2b59129e43dd419c143c6f3ee991c77fd3ba028e75521,data/datasets/sid-set/candidate-1500/images/real/e4de90a18991b8a5a6e2b59129e43dd419c143c6f3ee991c77fd3ba028e75521.jpg,saberzl/SID_Set,low,0,0.35875552892684937
e4f4441b66da27740343f3582e16f2b8824e132433b2dfb2ca9b0af0f5da4656,data/datasets/sid-set/candidate-1500/images/real/e4f4441b66da27740343f3582e16f2b8824e132433b2dfb2ca9b0af0f5da4656.jpg,saberzl/SID_Set,medium,0,0.07134367525577545
e5664878566d81798c9ca3c86df4b19799156e84ef7754625cd789a34d141f90,data/datasets/sid-set/candidate-1500/images/real/e5664878566d81798c9ca3c86df4b19799156e84ef7754625cd789a34d141f90.jpg,saberzl/SID_Set,medium,0,0.9015063643455505
e567c49b21c5a1fc0aab1b42abe68c658296d66648dd925aee527a4d93671401,data/datasets/sid-set/candidate-1500/images/fake/e567c49b21c5a1fc0aab1b42abe68c658296d66648dd925aee527a4d93671401.png,saberzl/SID_Set,medium,1,0.9409322738647461
e58412aa319910885afdd37d05af6b7a2985a6529802ff6d24c6f8940b4724f1,data/datasets/sid-set/candidate-1500/images/real/e58412aa319910885afdd37d05af6b7a2985a6529802ff6d24c6f8940b4724f1.jpg,saberzl/SID_Set,medium,0,0.03101471997797489
e5b62dc872df9c7a5d27c6440bc2a15034e68de462fb8deb37186006a9177e9e,data/datasets/sid-set/candidate-1500/images/real/e5b62dc872df9c7a5d27c6440bc2a15034e68de462fb8deb37186006a9177e9e.jpg,saberzl/SID_Set,medium,0,0.04215727746486664
e5cdfc26899f3666fec10d98ee0d8f2d4975441d05c73425edb621ef8a957712,data/datasets/sid-set/candidate-1500/images/real/e5cdfc26899f3666fec10d98ee0d8f2d4975441d05c73425edb621ef8a957712.jpg,saberzl/SID_Set,medium,0,0.8629409670829773
e5f55ef6b86b20d493f1523d83ffa07cf74e5e1d2ae8f7015ec289d6320247da,data/datasets/sid-set/candidate-1500/images/fake/e5f55ef6b86b20d493f1523d83ffa07cf74e5e1d2ae8f7015ec289d6320247da.png,saberzl/SID_Set,low,1,0.9735335111618042
e5f85c20cec3072aeedb0f6bfcf774dc516833d7281dbd678ac13c39a4802e33,data/datasets/sid-set/candidate-1500/images/fake/e5f85c20cec3072aeedb0f6bfcf774dc516833d7281dbd678ac13c39a4802e33.png,saberzl/SID_Set,medium,1,0.9597510695457458
e6262ce0e925617eb3711017976fe1cc3e763e479cc6cbe32f69a1d2479c0749,data/datasets/sid-set/candidate-1500/images/fake/e6262ce0e925617eb3711017976fe1cc3e763e479cc6cbe32f69a1d2479c0749.png,saberzl/SID_Set,medium,1,0.9985997080802917
e62e101cefbb85c6fedb23fa8441b6c3e2e93a58c6bfc4cef691d09f0064e067,data/datasets/sid-set/candidate-1500/images/real/e62e101cefbb85c6fedb23fa8441b6c3e2e93a58c6bfc4cef691d09f0064e067.jpg,saberzl/SID_Set,medium,0,0.9978905320167542
e65c80c6a92e9cd91f285c3791f273d7d407af08c129e065d49687b08b9fd3a2,data/datasets/sid-set/candidate-1500/images/fake/e65c80c6a92e9cd91f285c3791f273d7d407af08c129e065d49687b08b9fd3a2.png,saberzl/SID_Set,medium,1,0.8670363426208496
e674e7586c95e7021a44cc36592804abd71b08d92ce640f8278ca9fd2f33e9d7,data/datasets/sid-set/candidate-1500/images/fake/e674e7586c95e7021a44cc36592804abd71b08d92ce640f8278ca9fd2f33e9d7.png,saberzl/SID_Set,medium,1,0.9221683740615845
e677265ae1ef2920fef1d27a93c33800e43036d3e90c1140ee3afb7bcffbbbe7,data/datasets/sid-set/candidate-1500/images/fake/e677265ae1ef2920fef1d27a93c33800e43036d3e90c1140ee3afb7bcffbbbe7.png,saberzl/SID_Set,medium,1,0.9992135763168335
e6aa75cf6b4cda511236ce3d52861d7270edd9f29cd6eb14bbd553c9558c655f,data/datasets/sid-set/candidate-1500/images/real/e6aa75cf6b4cda511236ce3d52861d7270edd9f29cd6eb14bbd553c9558c655f.jpg,saberzl/SID_Set,low,0,0.39075207710266113
e7086195fe63aa19f2b10dd6aacce516b0d06b391a7fa64c206752df8ff04a65,data/datasets/sid-set/candidate-1500/images/fake/e7086195fe63aa19f2b10dd6aacce516b0d06b391a7fa64c206752df8ff04a65.png,saberzl/SID_Set,medium,1,0.9656039476394653
e730304ab907dc040aa6516eacc6f38ca4b5d1b6ccf5914420fd22628cce2637,data/datasets/sid-set/candidate-1500/images/real/e730304ab907dc040aa6516eacc6f38ca4b5d1b6ccf5914420fd22628cce2637.jpg,saberzl/SID_Set,medium,0,0.06308785080909729
e79690a3c16bdcbd29185acc72bfe22fd562dde0fcc6ca4691198cba7ce3a168,data/datasets/sid-set/candidate-1500/images/real/e79690a3c16bdcbd29185acc72bfe22fd562dde0fcc6ca4691198cba7ce3a168.jpg,saberzl/SID_Set,medium,0,0.08955228328704834
e7a47f8237030d196b002bb73670edaf3c085f60e1d1a4dc926f222c38423aa1,data/datasets/sid-set/candidate-1500/images/fake/e7a47f8237030d196b002bb73670edaf3c085f60e1d1a4dc926f222c38423aa1.png,saberzl/SID_Set,medium,1,0.9841403961181641
e7d5f0a34eb5761e96fa85318c22659363255eb3aa85b1665b2d65f1690b3bd6,data/datasets/sid-set/candidate-1500/images/real/e7d5f0a34eb5761e96fa85318c22659363255eb3aa85b1665b2d65f1690b3bd6.jpg,saberzl/SID_Set,low,0,0.013864072971045971
e800cc6b1e962aa0887fe65f7a3ce0f6f1c7cf8b8d727f70d4863cc209d092ff,data/datasets/sid-set/candidate-1500/images/fake/e800cc6b1e962aa0887fe65f7a3ce0f6f1c7cf8b8d727f70d4863cc209d092ff.png,saberzl/SID_Set,medium,1,0.9861019849777222
e814d5b553e88c77c7c429ed598c156d1f2b5a9f29ba81929c0d28d4471cca91,data/datasets/sid-set/candidate-1500/images/real/e814d5b553e88c77c7c429ed598c156d1f2b5a9f29ba81929c0d28d4471cca91.jpg,saberzl/SID_Set,medium,0,0.6422103643417358
e88e4605f88f7ccfa42792abc0bc3a22110d19d74b30b32b3773541d0eeef4b8,data/datasets/sid-set/candidate-1500/images/fake/e88e4605f88f7ccfa42792abc0bc3a22110d19d74b30b32b3773541d0eeef4b8.png,saberzl/SID_Set,medium,1,0.9911366701126099
e8aa761b3f259c51c450e9e6afb3ef5fb38db2e9a8a160b5e2dc54dc93bf75d2,data/datasets/sid-set/candidate-1500/images/fake/e8aa761b3f259c51c450e9e6afb3ef5fb38db2e9a8a160b5e2dc54dc93bf75d2.png,saberzl/SID_Set,medium,1,0.9996488094329834
e8aed9f118b84313b3312190ab6ff95e8e7f70101ca02f8404916424f3cce28a,data/datasets/sid-set/candidate-1500/images/real/e8aed9f118b84313b3312190ab6ff95e8e7f70101ca02f8404916424f3cce28a.jpg,saberzl/SID_Set,medium,0,0.2229924499988556
e8ea52451932dda82ac0b013998e1d331f31d67cf276f625b734793aa7516725,data/datasets/sid-set/candidate-1500/images/fake/e8ea52451932dda82ac0b013998e1d331f31d67cf276f625b734793aa7516725.png,saberzl/SID_Set,low,1,0.9478324055671692
e929aefd2e666ecdb3b03a5eb456b21582c0844785fd2c7d03ea20bd08b45a7c,data/datasets/sid-set/candidate-1500/images/fake/e929aefd2e666ecdb3b03a5eb456b21582c0844785fd2c7d03ea20bd08b45a7c.png,saberzl/SID_Set,medium,1,0.973559558391571
e92c07ab9a8c9f867028d07a1fc1c08abc797938627a7d5b8627d1bfd4f39983,data/datasets/sid-set/candidate-1500/images/real/e92c07ab9a8c9f867028d07a1fc1c08abc797938627a7d5b8627d1bfd4f39983.jpg,saberzl/SID_Set,medium,0,0.6309031248092651
e9429201e92ef6ece0d48c4086838bddee40d64d2153d152dc4e54be0c30e754,data/datasets/sid-set/candidate-1500/images/fake/e9429201e92ef6ece0d48c4086838bddee40d64d2153d152dc4e54be0c30e754.png,saberzl/SID_Set,low,1,0.9664846062660217
e945d9f6a95aeac6aa43a512b0306929cba7671ea459a1cd58a8483ce92849d7,data/datasets/sid-set/candidate-1500/images/real/e945d9f6a95aeac6aa43a512b0306929cba7671ea459a1cd58a8483ce92849d7.jpg,saberzl/SID_Set,low,0,0.16284412145614624
e95c6d51825805da7390f362b4385e9fbc46ae05970b754a058dc546ebf0203b,data/datasets/sid-set/candidate-1500/images/fake/e95c6d51825805da7390f362b4385e9fbc46ae05970b754a058dc546ebf0203b.png,saberzl/SID_Set,medium,1,0.8625912070274353
e974c5270c9beb4a5fac394ad7750e613409a4e1c0f17e7ffc91fca96afc3a5d,data/datasets/sid-set/candidate-1500/images/real/e974c5270c9beb4a5fac394ad7750e613409a4e1c0f17e7ffc91fca96afc3a5d.jpg,saberzl/SID_Set,medium,0,0.031680233776569366
e9871344f460d2a83d328199ace553bb21eec1bbae69717394c6f08d338a9930,data/datasets/sid-set/candidate-1500/images/fake/e9871344f460d2a83d328199ace553bb21eec1bbae69717394c6f08d338a9930.png,saberzl/SID_Set,medium,1,0.9618409276008606
e9a63cfba25176df1091dcabb5e1fec57f5568eb751811e16966e62cd11e8e04,data/datasets/sid-set/candidate-1500/images/fake/e9a63cfba25176df1091dcabb5e1fec57f5568eb751811e16966e62cd11e8e04.png,saberzl/SID_Set,medium,1,0.9978269934654236
e9b62a2d97b009a091d155b8bb73b73561ca417e9889ecb8fca3b1915e6545be,data/datasets/sid-set/candidate-1500/images/real/e9b62a2d97b009a091d155b8bb73b73561ca417e9889ecb8fca3b1915e6545be.jpg,saberzl/SID_Set,medium,0,0.8670891523361206
e9bb1390d5b92dfd5337782a36502e1101a00fac3d9a997952c86e73642b53ac,data/datasets/sid-set/candidate-1500/images/fake/e9bb1390d5b92dfd5337782a36502e1101a00fac3d9a997952c86e73642b53ac.png,saberzl/SID_Set,medium,1,0.9847217202186584
e9d9577792209a7e195a70716751784fae64b0abf88fa17978efcae7056cae84,data/datasets/sid-set/candidate-1500/images/fake/e9d9577792209a7e195a70716751784fae64b0abf88fa17978efcae7056cae84.png,saberzl/SID_Set,low,1,0.8660481572151184
e9ffd0d6e3d69e32f05d0393abb4feae7ccaba5bf2535a064907cd24683a864c,data/datasets/sid-set/candidate-1500/images/real/e9ffd0d6e3d69e32f05d0393abb4feae7ccaba5bf2535a064907cd24683a864c.jpg,saberzl/SID_Set,medium,0,0.9885741472244263
ea0a109a20508fd3c96274b4a13d0497c1340d784f69eacc726d366666f6c17f,data/datasets/sid-set/candidate-1500/images/fake/ea0a109a20508fd3c96274b4a13d0497c1340d784f69eacc726d366666f6c17f.png,saberzl/SID_Set,low,1,0.8539365530014038
ea5f6daf7b78f6e638376e73456b630ea7633d2f191612bdfd8a9f81e261ac66,data/datasets/sid-set/candidate-1500/images/fake/ea5f6daf7b78f6e638376e73456b630ea7633d2f191612bdfd8a9f81e261ac66.png,saberzl/SID_Set,low,1,0.9874629974365234
ea88e4e6d9ac591e831dfb2c5b1e1271f2ddf5d1101ef7ff64b219338263305e,data/datasets/sid-set/candidate-1500/images/real/ea88e4e6d9ac591e831dfb2c5b1e1271f2ddf5d1101ef7ff64b219338263305e.jpg,saberzl/SID_Set,medium,0,0.13412098586559296
eb028dd17b98123d91dbef771a400522869c1f3acafb6e59d9468698ba8cda56,data/datasets/sid-set/candidate-1500/images/fake/eb028dd17b98123d91dbef771a400522869c1f3acafb6e59d9468698ba8cda56.png,saberzl/SID_Set,medium,1,0.7524427771568298
eb25386057bf63378375e3a9c1bb6600ddcd3d5eb615eb42dbac095afc0ec08b,data/datasets/sid-set/candidate-1500/images/fake/eb25386057bf63378375e3a9c1bb6600ddcd3d5eb615eb42dbac095afc0ec08b.png,saberzl/SID_Set,medium,1,0.6787385940551758
eb4f2e2c8ca26dcba53bdf511fc49c53a636e45b403dfc21d80a72bb45869ae2,data/datasets/sid-set/candidate-1500/images/real/eb4f2e2c8ca26dcba53bdf511fc49c53a636e45b403dfc21d80a72bb45869ae2.jpg,saberzl/SID_Set,medium,0,0.5226072072982788
eb4fe7b96ed7e5b8a7e4e24e25163c80144548fd68e4a0d32432629b9761278c,data/datasets/sid-set/candidate-1500/images/real/eb4fe7b96ed7e5b8a7e4e24e25163c80144548fd68e4a0d32432629b9761278c.jpg,saberzl/SID_Set,medium,0,0.15709955990314484
eb5fe23c53e82d40cee8849c03bfb89924044e05e85fa26b04f16a724103f5af,data/datasets/sid-set/candidate-1500/images/real/eb5fe23c53e82d40cee8849c03bfb89924044e05e85fa26b04f16a724103f5af.jpg,saberzl/SID_Set,medium,0,0.6196374297142029
eb72110be5ec5a1de56cb685ce3c48a33e31a3b3354d8d59f087d40819593981,data/datasets/sid-set/candidate-1500/images/real/eb72110be5ec5a1de56cb685ce3c48a33e31a3b3354d8d59f087d40819593981.jpg,saberzl/SID_Set,medium,0,0.582318902015686
ebdebf8dc4ed538c9446dca96c4428f2c80802d1f470b7296db79c2603f766d8,data/datasets/sid-set/candidate-1500/images/fake/ebdebf8dc4ed538c9446dca96c4428f2c80802d1f470b7296db79c2603f766d8.png,saberzl/SID_Set,low,1,0.9967118501663208
ec057870e9c342b196d830d0f7b8e71e5ee175d8e1c645a3f070b4a1f301c895,data/datasets/sid-set/candidate-1500/images/fake/ec057870e9c342b196d830d0f7b8e71e5ee175d8e1c645a3f070b4a1f301c895.png,saberzl/SID_Set,medium,1,0.9796287417411804
ec09d52ad34b1e0573bdeb40a80207e83c488d698dcb79aaebe53abbba6cbe92,data/datasets/sid-set/candidate-1500/images/real/ec09d52ad34b1e0573bdeb40a80207e83c488d698dcb79aaebe53abbba6cbe92.jpg,saberzl/SID_Set,low,0,0.14545829594135284
ec7f8cee699b2e3a5763225b297d912a01843d500d5716ec60319ed284f00a65,data/datasets/sid-set/candidate-1500/images/fake/ec7f8cee699b2e3a5763225b297d912a01843d500d5716ec60319ed284f00a65.png,saberzl/SID_Set,low,1,0.9121740460395813
ec89fdb08f80db87cf02a97461e0f4d4495dab58e0ab9ba687fa56b89e5219c6,data/datasets/sid-set/candidate-1500/images/real/ec89fdb08f80db87cf02a97461e0f4d4495dab58e0ab9ba687fa56b89e5219c6.jpg,saberzl/SID_Set,medium,0,0.014648092910647392
ec921c89e01f79f9421ef94647705ac0b0cb86e7da2e81e3d64032e9c0f17d7c,data/datasets/sid-set/candidate-1500/images/real/ec921c89e01f79f9421ef94647705ac0b0cb86e7da2e81e3d64032e9c0f17d7c.jpg,saberzl/SID_Set,low,0,0.2309962958097458
ecd372e08ff7dfc1df887b26bc322e71992d491e39006c8f2e56792abe7ca261,data/datasets/sid-set/candidate-1500/images/real/ecd372e08ff7dfc1df887b26bc322e71992d491e39006c8f2e56792abe7ca261.jpg,saberzl/SID_Set,medium,0,0.5085563063621521
ecde51d05c3e7ae5f7d5b01a62dd87b38759095a08921579f6cf58dd7be6739b,data/datasets/sid-set/candidate-1500/images/fake/ecde51d05c3e7ae5f7d5b01a62dd87b38759095a08921579f6cf58dd7be6739b.png,saberzl/SID_Set,medium,1,0.9758318662643433
ed0f6d6c505eb88c92ce534b76dbc488983e2efc22aaae13f64b780da76868cc,data/datasets/sid-set/candidate-1500/images/fake/ed0f6d6c505eb88c92ce534b76dbc488983e2efc22aaae13f64b780da76868cc.png,saberzl/SID_Set,low,1,0.9988038539886475
ed533e9e9935b1a7f4c0e2c05cce2d8d3c4621baf2e51cfee213d2fd52d44f77,data/datasets/sid-set/candidate-1500/images/fake/ed533e9e9935b1a7f4c0e2c05cce2d8d3c4621baf2e51cfee213d2fd52d44f77.png,saberzl/SID_Set,medium,1,0.9773733615875244
ed5b1eb50c0fefb630ac7bbbe6c172504b241ba26395cd6fa871a39e5d6f5ad9,data/datasets/sid-set/candidate-1500/images/fake/ed5b1eb50c0fefb630ac7bbbe6c172504b241ba26395cd6fa871a39e5d6f5ad9.png,saberzl/SID_Set,low,1,0.9319080114364624
eda7db683048a01e68b8e05bbe6bf4e219964e2e79f35101c727a340524b636b,data/datasets/sid-set/candidate-1500/images/fake/eda7db683048a01e68b8e05bbe6bf4e219964e2e79f35101c727a340524b636b.png,saberzl/SID_Set,medium,1,0.9793457984924316
ee28e5f8b4128e682f9b86f9799dec8f31eb47277a67e5681e1ed53af210f640,data/datasets/sid-set/candidate-1500/images/real/ee28e5f8b4128e682f9b86f9799dec8f31eb47277a67e5681e1ed53af210f640.jpg,saberzl/SID_Set,medium,0,0.9942837357521057
ee94fe3b15d2f482c0c21e209466c2a5f61950f57bb2ca73bbe9084bb24cd4fb,data/datasets/sid-set/candidate-1500/images/fake/ee94fe3b15d2f482c0c21e209466c2a5f61950f57bb2ca73bbe9084bb24cd4fb.png,saberzl/SID_Set,medium,1,0.9293907284736633
eea23b496c2b49430c24785a9fc529d8b80c117c2b795d3495dc6dea34440b5d,data/datasets/sid-set/candidate-1500/images/fake/eea23b496c2b49430c24785a9fc529d8b80c117c2b795d3495dc6dea34440b5d.png,saberzl/SID_Set,low,1,0.9645453095436096
eec2632e0fdda35f8ce37ae5ecb4b669789def12c0f8a7c0a9838866ad5d72e5,data/datasets/sid-set/candidate-1500/images/fake/eec2632e0fdda35f8ce37ae5ecb4b669789def12c0f8a7c0a9838866ad5d72e5.png,saberzl/SID_Set,medium,1,0.9818304181098938
eed3c009e025261b4ada87056c663156f4171992b0bd43d936df654e3bff0bda,data/datasets/sid-set/candidate-1500/images/real/eed3c009e025261b4ada87056c663156f4171992b0bd43d936df654e3bff0bda.jpg,saberzl/SID_Set,medium,0,0.0015736994100734591
ef4cf1e5e7082a0fbcbc32a153ad9754ab09d1fac4ccfdb61f4f9b8b8c236c86,data/datasets/sid-set/candidate-1500/images/fake/ef4cf1e5e7082a0fbcbc32a153ad9754ab09d1fac4ccfdb61f4f9b8b8c236c86.png,saberzl/SID_Set,medium,1,0.9884673953056335
ef5ac6ff7160d5a07c39e78ece79bb63a0bb57503a777b6a89fdd1ae6c5d6584,data/datasets/sid-set/candidate-1500/images/fake/ef5ac6ff7160d5a07c39e78ece79bb63a0bb57503a777b6a89fdd1ae6c5d6584.png,saberzl/SID_Set,low,1,0.4812612533569336
ef63936424a1bcc8949515cf6b9aaa4227bf369a8559880f9871431eb75f6a79,data/datasets/sid-set/candidate-1500/images/fake/ef63936424a1bcc8949515cf6b9aaa4227bf369a8559880f9871431eb75f6a79.png,saberzl/SID_Set,low,1,0.93876713514328
efc1996f2ea132540d7ab7616fda71af1b50cfbac00e91dbc03cd45d66be075f,data/datasets/sid-set/candidate-1500/images/real/efc1996f2ea132540d7ab7616fda71af1b50cfbac00e91dbc03cd45d66be075f.jpg,saberzl/SID_Set,low,0,0.058561112731695175
efec09a3717dc405a21fec40e7df9de8250590f44f9d87502537fc6e0e5d0176,data/datasets/sid-set/candidate-1500/images/real/efec09a3717dc405a21fec40e7df9de8250590f44f9d87502537fc6e0e5d0176.jpg,saberzl/SID_Set,medium,0,0.2391367405653
eff003401d97eab2d2425c696cc8f251664557e3bc2b52c8889e8d1d72c579f1,data/datasets/sid-set/candidate-1500/images/real/eff003401d97eab2d2425c696cc8f251664557e3bc2b52c8889e8d1d72c579f1.jpg,saberzl/SID_Set,medium,0,0.3234606385231018
f00af1134e2fb816d6904e882cd8a7348691e2ffec0376d5418b92ac528e6ccd,data/datasets/sid-set/candidate-1500/images/fake/f00af1134e2fb816d6904e882cd8a7348691e2ffec0376d5418b92ac528e6ccd.png,saberzl/SID_Set,medium,1,0.9450698494911194
f029f440c45f2e5a461b4a2d96fc75b9616cc9d0f0d2695dda11642fa9d455f2,data/datasets/sid-set/candidate-1500/images/fake/f029f440c45f2e5a461b4a2d96fc75b9616cc9d0f0d2695dda11642fa9d455f2.png,saberzl/SID_Set,medium,1,0.9695017337799072
f0322af8d451c7bc432ede2f5c01c3ee419bf7c40713023ab83b6679aac26111,data/datasets/sid-set/candidate-1500/images/real/f0322af8d451c7bc432ede2f5c01c3ee419bf7c40713023ab83b6679aac26111.jpg,saberzl/SID_Set,medium,0,0.4947746992111206
f035160288e487d9c714b7cbb5a3ff60462cee66cba61f2552dde9ea96fdc2a0,data/datasets/sid-set/candidate-1500/images/real/f035160288e487d9c714b7cbb5a3ff60462cee66cba61f2552dde9ea96fdc2a0.jpg,saberzl/SID_Set,medium,0,0.022504478693008423
f048bbc3f73038cf10efc686a5b2d5aa08b1cd1c4e9f8855f05be8499e0ef49f,data/datasets/sid-set/candidate-1500/images/real/f048bbc3f73038cf10efc686a5b2d5aa08b1cd1c4e9f8855f05be8499e0ef49f.jpg,saberzl/SID_Set,low,0,0.372597873210907
f06666934bcfbfceb450c16d5345af857fcd4d1aed638b6a6d9d50dfeefcc717,data/datasets/sid-set/candidate-1500/images/real/f06666934bcfbfceb450c16d5345af857fcd4d1aed638b6a6d9d50dfeefcc717.jpg,saberzl/SID_Set,medium,0,0.9019302725791931
f06fc698ed8033a099facca66de5fa150418d3027ade0d73edcce6dfe1a766a1,data/datasets/sid-set/candidate-1500/images/real/f06fc698ed8033a099facca66de5fa150418d3027ade0d73edcce6dfe1a766a1.jpg,saberzl/SID_Set,low,0,0.8345441222190857
f09023a6e908fddd9f6c69f5013b926799873d3ec840db66414be328f8f18e3e,data/datasets/sid-set/candidate-1500/images/fake/f09023a6e908fddd9f6c69f5013b926799873d3ec840db66414be328f8f18e3e.png,saberzl/SID_Set,low,1,0.9757290482521057
f0c2498c455ea46413cfb5f39e2c9d3b79e71bfffd7ff69532eac4e81f823ada,data/datasets/sid-set/candidate-1500/images/real/f0c2498c455ea46413cfb5f39e2c9d3b79e71bfffd7ff69532eac4e81f823ada.jpg,saberzl/SID_Set,medium,0,0.21049651503562927
f0cd035663aeb1803e6b472b5f943ff5adfee3fa1d68ae2beb1cb4a101c1dc26,data/datasets/sid-set/candidate-1500/images/fake/f0cd035663aeb1803e6b472b5f943ff5adfee3fa1d68ae2beb1cb4a101c1dc26.png,saberzl/SID_Set,medium,1,0.943245530128479
f0d6cff91004612b9d878bd3835e9a82c98fb17be73104e3f6c0ff5918fc5855,data/datasets/sid-set/candidate-1500/images/fake/f0d6cff91004612b9d878bd3835e9a82c98fb17be73104e3f6c0ff5918fc5855.png,saberzl/SID_Set,low,1,0.9540335536003113
f16e86b8d3f99d67e4d16e584519e1b0f16cba06e7b9f9ebaaa762c6c94e866e,data/datasets/sid-set/candidate-1500/images/real/f16e86b8d3f99d67e4d16e584519e1b0f16cba06e7b9f9ebaaa762c6c94e866e.jpg,saberzl/SID_Set,low,0,0.9625844955444336
f2325fd71d1d19db02ccce97a23c9880221e5e5060d4480d819680235ac98f46,data/datasets/sid-set/candidate-1500/images/fake/f2325fd71d1d19db02ccce97a23c9880221e5e5060d4480d819680235ac98f46.png,saberzl/SID_Set,medium,1,0.8018181920051575
f2348e9d1ae15e2904f7adaf958783f1c6c70c6a91db2597a3ba86dc1e0ceb79,data/datasets/sid-set/candidate-1500/images/real/f2348e9d1ae15e2904f7adaf958783f1c6c70c6a91db2597a3ba86dc1e0ceb79.jpg,saberzl/SID_Set,medium,0,0.9496946334838867
f261de55321515a60143820b17c29702de21627730f6c9810318b5a4d9cba573,data/datasets/sid-set/candidate-1500/images/fake/f261de55321515a60143820b17c29702de21627730f6c9810318b5a4d9cba573.png,saberzl/SID_Set,medium,1,0.7900441884994507
f2a820003b63c22618a35d2593635c5f5360c434fc38544413655ffccde26db1,data/datasets/sid-set/candidate-1500/images/real/f2a820003b63c22618a35d2593635c5f5360c434fc38544413655ffccde26db1.jpg,saberzl/SID_Set,medium,0,0.08757275342941284
f2de8b1fc1b98838cd7286c123bb5bf88c23be6253c6302a15858570d5279eca,data/datasets/sid-set/candidate-1500/images/fake/f2de8b1fc1b98838cd7286c123bb5bf88c23be6253c6302a15858570d5279eca.png,saberzl/SID_Set,low,1,0.9711744785308838
f30151d3d91466758ca8ce90e4b932c38d515f9be4ad4ff47ef9be6dd8a09dcb,data/datasets/sid-set/candidate-1500/images/fake/f30151d3d91466758ca8ce90e4b932c38d515f9be4ad4ff47ef9be6dd8a09dcb.png,saberzl/SID_Set,low,1,0.9792856574058533
f340c67311643341beb4e1b8d223875c31b373bf27ab1bbc1f52acd969e4d0b6,data/datasets/sid-set/candidate-1500/images/real/f340c67311643341beb4e1b8d223875c31b373bf27ab1bbc1f52acd969e4d0b6.jpg,saberzl/SID_Set,medium,0,0.136982724070549
f3becf09f811d411ab311d1735ddd4a88453ea533a7bb33da2bea0e262531f74,data/datasets/sid-set/candidate-1500/images/fake/f3becf09f811d411ab311d1735ddd4a88453ea533a7bb33da2bea0e262531f74.png,saberzl/SID_Set,low,1,0.9907045960426331
f3e9e757846b7920af6b2076169774f291fdcb88b9fbcf4979dd52ddb54e7bd2,data/datasets/sid-set/candidate-1500/images/fake/f3e9e757846b7920af6b2076169774f291fdcb88b9fbcf4979dd52ddb54e7bd2.png,saberzl/SID_Set,low,1,0.9065948724746704
f3f29617a1b1ce4e37dccfcc24761fb9dbc7a15d75622ed552c27360d894e754,data/datasets/sid-set/candidate-1500/images/fake/f3f29617a1b1ce4e37dccfcc24761fb9dbc7a15d75622ed552c27360d894e754.png,saberzl/SID_Set,low,1,0.9628496170043945
f4100eacc9540fa0b00f603c45040698f9e3b6401579cc3e0515d263e9758744,data/datasets/sid-set/candidate-1500/images/fake/f4100eacc9540fa0b00f603c45040698f9e3b6401579cc3e0515d263e9758744.png,saberzl/SID_Set,medium,1,0.9497579336166382
f41bca5c5fe8d055261c9c0d23bb989f1a3a57ba70bc73a24417b223dcd79090,data/datasets/sid-set/candidate-1500/images/real/f41bca5c5fe8d055261c9c0d23bb989f1a3a57ba70bc73a24417b223dcd79090.jpg,saberzl/SID_Set,medium,0,0.7819662690162659
f44344597a711472cc39d2a17ba07dac8fab8f6aef26865b1d8fd0224ebc7c62,data/datasets/sid-set/candidate-1500/images/real/f44344597a711472cc39d2a17ba07dac8fab8f6aef26865b1d8fd0224ebc7c62.jpg,saberzl/SID_Set,low,0,0.30946922302246094
f45e11654db2d7af65034d9103421209ef801c685e7587052edfeaaa60ad995c,data/datasets/sid-set/candidate-1500/images/fake/f45e11654db2d7af65034d9103421209ef801c685e7587052edfeaaa60ad995c.png,saberzl/SID_Set,low,1,0.9930688142776489
f46ea0a9f7122cb111f80792f1eecf8b7cf816517426349568d972e8737d7f76,data/datasets/sid-set/candidate-1500/images/real/f46ea0a9f7122cb111f80792f1eecf8b7cf816517426349568d972e8737d7f76.jpg,saberzl/SID_Set,low,0,0.46332088112831116
f4d72e9350d6e895afa449b70653ab7d5a2a43ad9f8034096ca3ae2500cc05b2,data/datasets/sid-set/candidate-1500/images/fake/f4d72e9350d6e895afa449b70653ab7d5a2a43ad9f8034096ca3ae2500cc05b2.png,saberzl/SID_Set,medium,1,0.985475480556488
f546df4fdf2f5a5319d6daf771f11ea1f5fe4141fa95bd815a7cc5c2defe4d7f,data/datasets/sid-set/candidate-1500/images/real/f546df4fdf2f5a5319d6daf771f11ea1f5fe4141fa95bd815a7cc5c2defe4d7f.jpg,saberzl/SID_Set,medium,0,0.1490677297115326
f5a0b14d6ba74a7f1519cfd9da120c5b164ecbb95dc1750f8778287e2a6e0a14,data/datasets/sid-set/candidate-1500/images/fake/f5a0b14d6ba74a7f1519cfd9da120c5b164ecbb95dc1750f8778287e2a6e0a14.png,saberzl/SID_Set,low,1,0.8563302159309387
f5f53c4a5c57fed5111f36edc822cfa089ee7541ee3564740bf1027842e5bc7c,data/datasets/sid-set/candidate-1500/images/real/f5f53c4a5c57fed5111f36edc822cfa089ee7541ee3564740bf1027842e5bc7c.jpg,saberzl/SID_Set,low,0,0.9949837923049927
f5fd91d1bf4ce36b512b0627f2a8ed9b30477ca0e3c86a2e10bb779e82e8565f,data/datasets/sid-set/candidate-1500/images/fake/f5fd91d1bf4ce36b512b0627f2a8ed9b30477ca0e3c86a2e10bb779e82e8565f.png,saberzl/SID_Set,medium,1,0.9819324016571045
f62a81375856d7937de5f10f77fb2e2ff2f79ad5425bb09b7cc190846fc67fa3,data/datasets/sid-set/candidate-1500/images/fake/f62a81375856d7937de5f10f77fb2e2ff2f79ad5425bb09b7cc190846fc67fa3.png,saberzl/SID_Set,medium,1,0.9905349612236023
f62ec44582f00a06e793638327952598647ff8236cac0b0031b781503c164721,data/datasets/sid-set/candidate-1500/images/fake/f62ec44582f00a06e793638327952598647ff8236cac0b0031b781503c164721.png,saberzl/SID_Set,low,1,0.4846859872341156
f66761a9d6bc61bfd09638aa6f4d56016bb33b0c72f9b4410d3961b97f9ce56e,data/datasets/sid-set/candidate-1500/images/fake/f66761a9d6bc61bfd09638aa6f4d56016bb33b0c72f9b4410d3961b97f9ce56e.png,saberzl/SID_Set,medium,1,0.9279831647872925
f6b9b093e8e629c1ce1f732392b3db7a743b73246cc40fccc22cdd7157e4250e,data/datasets/sid-set/candidate-1500/images/fake/f6b9b093e8e629c1ce1f732392b3db7a743b73246cc40fccc22cdd7157e4250e.png,saberzl/SID_Set,low,1,0.8604109287261963
f6f1824a543618221794df39fcffd4eeb7073281acb1ad7543c8fbdac13fa0b5,data/datasets/sid-set/candidate-1500/images/fake/f6f1824a543618221794df39fcffd4eeb7073281acb1ad7543c8fbdac13fa0b5.png,saberzl/SID_Set,low,1,0.9936690926551819
f6f7e9f71ea5cd3759c4c94c754524b6d3ab2777270c5f3b77c2c826c84a28b5,data/datasets/sid-set/candidate-1500/images/real/f6f7e9f71ea5cd3759c4c94c754524b6d3ab2777270c5f3b77c2c826c84a28b5.jpg,saberzl/SID_Set,low,0,0.05572285130620003
f7604e81764616ea566623b37a35ddfd41803e477873ef65788e3198f3f54c11,data/datasets/sid-set/candidate-1500/images/fake/f7604e81764616ea566623b37a35ddfd41803e477873ef65788e3198f3f54c11.png,saberzl/SID_Set,medium,1,0.9844999313354492
f78780217e05573a991428332a693fd5e6d4f5a2ecd021cc0b78406f3b5a41fa,data/datasets/sid-set/candidate-1500/images/real/f78780217e05573a991428332a693fd5e6d4f5a2ecd021cc0b78406f3b5a41fa.jpg,saberzl/SID_Set,low,0,0.18489186465740204
f7b346c7ba61116a506793d733d46ea0394f3e048af676e6d4ddc6a328f507c2,data/datasets/sid-set/candidate-1500/images/fake/f7b346c7ba61116a506793d733d46ea0394f3e048af676e6d4ddc6a328f507c2.png,saberzl/SID_Set,low,1,0.9804744720458984
f7bd047ca38f4a60feb27f8c29464b445780a0eb97033478b0c7538ea8645a43,data/datasets/sid-set/candidate-1500/images/real/f7bd047ca38f4a60feb27f8c29464b445780a0eb97033478b0c7538ea8645a43.jpg,saberzl/SID_Set,medium,0,0.29780861735343933
f7e74782db0a9c22c7ad7b9c414975afb3c70616c9e143f264fe5c59e79d4203,data/datasets/sid-set/candidate-1500/images/real/f7e74782db0a9c22c7ad7b9c414975afb3c70616c9e143f264fe5c59e79d4203.jpg,saberzl/SID_Set,medium,0,0.19597242772579193
f7eca2d42960acb9387da91e61711ee68458e5b1e1257513397bf34d0c6927ce,data/datasets/sid-set/candidate-1500/images/fake/f7eca2d42960acb9387da91e61711ee68458e5b1e1257513397bf34d0c6927ce.png,saberzl/SID_Set,low,1,0.9855769276618958
f7f9c2648c4af2c106dc7648e84e44ac32686845515ab634b9f5de58aefb80bd,data/datasets/sid-set/candidate-1500/images/real/f7f9c2648c4af2c106dc7648e84e44ac32686845515ab634b9f5de58aefb80bd.jpg,saberzl/SID_Set,low,0,0.32106277346611023
f825cc995c65869e39155db621bf2f57de31a260cb631ba932105a3a7ff74e68,data/datasets/sid-set/candidate-1500/images/fake/f825cc995c65869e39155db621bf2f57de31a260cb631ba932105a3a7ff74e68.png,saberzl/SID_Set,medium,1,0.9954063892364502
f82f4b8c94cec87a824fea0d882e069c2c0e1f1e71a2aa7ab5aab2e256c96ba9,data/datasets/sid-set/candidate-1500/images/real/f82f4b8c94cec87a824fea0d882e069c2c0e1f1e71a2aa7ab5aab2e256c96ba9.jpg,saberzl/SID_Set,medium,0,0.7621091604232788
f8305b0bce408753d83bb838709025397c98aa7a432fbe57cdedb66038c1c08c,data/datasets/sid-set/candidate-1500/images/fake/f8305b0bce408753d83bb838709025397c98aa7a432fbe57cdedb66038c1c08c.png,saberzl/SID_Set,medium,1,0.9794517159461975
f86ef2949dcc58a6659ef4c08136853de3dc87c2e79314519acc3b28abe0ceb8,data/datasets/sid-set/candidate-1500/images/real/f86ef2949dcc58a6659ef4c08136853de3dc87c2e79314519acc3b28abe0ceb8.jpg,saberzl/SID_Set,low,0,0.5550654530525208
f873a67647a3c40e054201c4f4daf6f87717be548c8b10bab4c499e80bc3b393,data/datasets/sid-set/candidate-1500/images/fake/f873a67647a3c40e054201c4f4daf6f87717be548c8b10bab4c499e80bc3b393.png,saberzl/SID_Set,medium,1,0.965288519859314
f8ce151f6b1c9576f1cf6f7201b6b0052b6191cf9ad5a141009bf1bd2a5fac29,data/datasets/sid-set/candidate-1500/images/fake/f8ce151f6b1c9576f1cf6f7201b6b0052b6191cf9ad5a141009bf1bd2a5fac29.png,saberzl/SID_Set,medium,1,0.9725136160850525
f8e1d7a5f5e660156be0aeac542c9aa4c27cb2ea8509d93ef10de38d6d84875f,data/datasets/sid-set/candidate-1500/images/fake/f8e1d7a5f5e660156be0aeac542c9aa4c27cb2ea8509d93ef10de38d6d84875f.png,saberzl/SID_Set,medium,1,0.9073100090026855
f8f7fe33cdb07e2859b1d28b5bec8a5e865ae54f193e9e75329a875166516bd9,data/datasets/sid-set/candidate-1500/images/real/f8f7fe33cdb07e2859b1d28b5bec8a5e865ae54f193e9e75329a875166516bd9.jpg,saberzl/SID_Set,medium,0,0.8673134446144104
f91c00241590257c2d75ae72b3c00c823f8bf39b43d06ee43b440c0b0b0ef60b,data/datasets/sid-set/candidate-1500/images/fake/f91c00241590257c2d75ae72b3c00c823f8bf39b43d06ee43b440c0b0b0ef60b.png,saberzl/SID_Set,low,1,0.9792369604110718
f9c3596a3388d0a929ee5a43dd74c44c7eac50a58646c14cef596c8ac3b1a630,data/datasets/sid-set/candidate-1500/images/real/f9c3596a3388d0a929ee5a43dd74c44c7eac50a58646c14cef596c8ac3b1a630.jpg,saberzl/SID_Set,medium,0,0.004284434951841831
fa2ed703b49f210195fdd1f3a462f1b95826253121aded4f08fd439b0e8623e7,data/datasets/sid-set/candidate-1500/images/real/fa2ed703b49f210195fdd1f3a462f1b95826253121aded4f08fd439b0e8623e7.jpg,saberzl/SID_Set,medium,0,0.00031002386822365224
fa57f7d1d3c082f6393e450228e1fd93c04a745fa9210a1fd843b76ec126a838,data/datasets/sid-set/candidate-1500/images/fake/fa57f7d1d3c082f6393e450228e1fd93c04a745fa9210a1fd843b76ec126a838.png,saberzl/SID_Set,medium,1,0.979526162147522
fa598674dda370d19b90e61c6d1a9152c99438ba20a098936f5cd3bbcb5b87eb,data/datasets/sid-set/candidate-1500/images/real/fa598674dda370d19b90e61c6d1a9152c99438ba20a098936f5cd3bbcb5b87eb.jpg,saberzl/SID_Set,low,0,0.4557007849216461
fa9f7cfcfcfa2e38649b278f95b712484447b1506b0af0535df07c1367dbf4e9,data/datasets/sid-set/candidate-1500/images/real/fa9f7cfcfcfa2e38649b278f95b712484447b1506b0af0535df07c1367dbf4e9.jpg,saberzl/SID_Set,low,0,0.6470761895179749
fad4fee4be3788fe5b1d56a1ce6df5981430ebb8f0f5315baf1ff4e94424642e,data/datasets/sid-set/candidate-1500/images/fake/fad4fee4be3788fe5b1d56a1ce6df5981430ebb8f0f5315baf1ff4e94424642e.png,saberzl/SID_Set,low,1,0.9340375661849976
fb4488bc21fcc5025f60fc1fd6b6197877e040576aa47baeb32428214516da70,data/datasets/sid-set/candidate-1500/images/real/fb4488bc21fcc5025f60fc1fd6b6197877e040576aa47baeb32428214516da70.jpg,saberzl/SID_Set,medium,0,0.10818061977624893
fb5cf8e28931a558d0c19efcc8cc383a483ed74e00ddce5ad33f835f66ba49ce,data/datasets/sid-set/candidate-1500/images/fake/fb5cf8e28931a558d0c19efcc8cc383a483ed74e00ddce5ad33f835f66ba49ce.png,saberzl/SID_Set,medium,1,0.9320380687713623
fb6996dc20083fced80fa456a850709c36c0142dec81b4cdfdc09e7a8d4aba4c,data/datasets/sid-set/candidate-1500/images/real/fb6996dc20083fced80fa456a850709c36c0142dec81b4cdfdc09e7a8d4aba4c.jpg,saberzl/SID_Set,medium,0,0.12764954566955566
fbc7474a6ae1111ab72f21d60477e7e2530d98080020b41511366f73f4d0a93a,data/datasets/sid-set/candidate-1500/images/fake/fbc7474a6ae1111ab72f21d60477e7e2530d98080020b41511366f73f4d0a93a.png,saberzl/SID_Set,low,1,0.9860116839408875
fbdbc56f925ca684e2645a753e8c39cd4687197dd14bd73faabb035b21733583,data/datasets/sid-set/candidate-1500/images/real/fbdbc56f925ca684e2645a753e8c39cd4687197dd14bd73faabb035b21733583.jpg,saberzl/SID_Set,medium,0,0.007806646171957254
fc28071a71f3ee56fa1f243abdc0a1031b165e478f536c63628974a22b05bc7a,data/datasets/sid-set/candidate-1500/images/fake/fc28071a71f3ee56fa1f243abdc0a1031b165e478f536c63628974a22b05bc7a.png,saberzl/SID_Set,medium,1,0.9139848947525024
fc3a4ea2433311d267d3ccf567459b3fb727fb7555e46db407b40107937b5313,data/datasets/sid-set/candidate-1500/images/fake/fc3a4ea2433311d267d3ccf567459b3fb727fb7555e46db407b40107937b5313.png,saberzl/SID_Set,medium,1,0.9801550507545471
fc41d233bafefb8846e305b3400d203d8492b59bd629e7eb46eebca02e63c756,data/datasets/sid-set/candidate-1500/images/real/fc41d233bafefb8846e305b3400d203d8492b59bd629e7eb46eebca02e63c756.jpg,saberzl/SID_Set,low,0,0.5920377373695374
fc62036d80d5b28bf3263d14289de2f7aff3acbcd54acd34d373a1d007c7a7d6,data/datasets/sid-set/candidate-1500/images/real/fc62036d80d5b28bf3263d14289de2f7aff3acbcd54acd34d373a1d007c7a7d6.jpg,saberzl/SID_Set,low,0,0.08637745678424835
fc70681695700f43d9f9b20a833576643cdb587628ee8bd242387e8d889e2ed0,data/datasets/sid-set/candidate-1500/images/real/fc70681695700f43d9f9b20a833576643cdb587628ee8bd242387e8d889e2ed0.jpg,saberzl/SID_Set,medium,0,0.7783723473548889
fc82a9c5e0f077b2d03b1894948440ce66fba834ae611a4a442982880c7efc16,data/datasets/sid-set/candidate-1500/images/fake/fc82a9c5e0f077b2d03b1894948440ce66fba834ae611a4a442982880c7efc16.png,saberzl/SID_Set,medium,1,0.9942044615745544
fc874880b9a04dc295d47ea313f3342e1376eae30f3cd71998f1d8a80d4fd654,data/datasets/sid-set/candidate-1500/images/fake/fc874880b9a04dc295d47ea313f3342e1376eae30f3cd71998f1d8a80d4fd654.png,saberzl/SID_Set,low,1,0.992935836315155
fcb8509c41b1aace8e26155e530d67c34d1dd57d4e11c96a15278e9e65fadfad,data/datasets/sid-set/candidate-1500/images/fake/fcb8509c41b1aace8e26155e530d67c34d1dd57d4e11c96a15278e9e65fadfad.png,saberzl/SID_Set,medium,1,0.9604394435882568
fcc33daa2f0dcaf21466e090b42935a1002b5a99a2adf56930bb62a8341e89ce,data/datasets/sid-set/candidate-1500/images/fake/fcc33daa2f0dcaf21466e090b42935a1002b5a99a2adf56930bb62a8341e89ce.png,saberzl/SID_Set,low,1,0.9766808152198792
fcfacf26e9d5b5d3bf564dad7752803a473c97ce2efb34c68f5659c928acf8e8,data/datasets/sid-set/candidate-1500/images/real/fcfacf26e9d5b5d3bf564dad7752803a473c97ce2efb34c68f5659c928acf8e8.jpg,saberzl/SID_Set,medium,0,0.5329952836036682
fd6500ff604b80287cc94ddb307b6dc2c26a2d3965cfe59e54e2c28ae056b471,data/datasets/sid-set/candidate-1500/images/real/fd6500ff604b80287cc94ddb307b6dc2c26a2d3965cfe59e54e2c28ae056b471.jpg,saberzl/SID_Set,low,0,0.945389986038208
fd6766e729c885cce76e7894dc44d7a4c8f08e64a04e351e0fc7e62a308b9926,data/datasets/sid-set/candidate-1500/images/fake/fd6766e729c885cce76e7894dc44d7a4c8f08e64a04e351e0fc7e62a308b9926.png,saberzl/SID_Set,medium,1,0.9901071786880493
fdb22708cc3ab5c34edf1a33223c2978ddd494a76b33101ea6cb01ce701078ab,data/datasets/sid-set/candidate-1500/images/real/fdb22708cc3ab5c34edf1a33223c2978ddd494a76b33101ea6cb01ce701078ab.jpg,saberzl/SID_Set,medium,0,0.45903822779655457
fdf4d1de0ed00496974366e555ff8afd3e9fbc028b02edf860d7a6bf2089cb8b,data/datasets/sid-set/candidate-1500/images/fake/fdf4d1de0ed00496974366e555ff8afd3e9fbc028b02edf860d7a6bf2089cb8b.png,saberzl/SID_Set,medium,1,0.992492139339447
ff0ed5e4cec251cfe13c70075dda210700bd37287b89d35bff5a62ad92a25571,data/datasets/sid-set/candidate-1500/images/fake/ff0ed5e4cec251cfe13c70075dda210700bd37287b89d35bff5a62ad92a25571.png,saberzl/SID_Set,medium,1,0.956291913986206
ff13f5e1afd89c8cd64361ae52cfa78111e3759c1c725298a420bb569a06e219,data/datasets/sid-set/candidate-1500/images/real/ff13f5e1afd89c8cd64361ae52cfa78111e3759c1c725298a420bb569a06e219.jpg,saberzl/SID_Set,medium,0,0.05237019807100296
ff28a83449f85294f24c2f9e652857a7757b66e0ce0b8792a9eaf6fdadc50d07,data/datasets/sid-set/candidate-1500/images/real/ff28a83449f85294f24c2f9e652857a7757b66e0ce0b8792a9eaf6fdadc50d07.jpg,saberzl/SID_Set,low,0,0.01226863544434309
ff8f3d8daae076d6bf47870b598317a8d4b421e404d40c1087d945d45f0eeece,data/datasets/sid-set/candidate-1500/images/real/ff8f3d8daae076d6bf47870b598317a8d4b421e404d40c1087d945d45f0eeece.jpg,saberzl/SID_Set,low,0,0.007042032200843096
ff9ae9028f021a9b3d5a6d14e51f0e3ced95d26f25611f4c3242c03ce84e262a,data/datasets/sid-set/candidate-1500/images/real/ff9ae9028f021a9b3d5a6d14e51f0e3ced95d26f25611f4c3242c03ce84e262a.jpg,saberzl/SID_Set,medium,0,0.033928267657756805
ffe8fa359cd1e640c6b3f1bb2071eadabab56872e481159fce9a4ca971b6b680,data/datasets/sid-set/candidate-1500/images/real/ffe8fa359cd1e640c6b3f1bb2071eadabab56872e481159fce9a4ca971b6b680.jpg,saberzl/SID_Set,low,0,0.7243358492851257
