content_hash,image_path,sensitivity_level,label,probability_fake
00047e1946fdc5314c0f076ce0db75c7cbb8bfcc8496ee2cb89a3deffa2c3eac,data/datasets/sid-set/candidate-1500/images/real/00047e1946fdc5314c0f076ce0db75c7cbb8bfcc8496ee2cb89a3deffa2c3eac.jpg,medium,0,0.0007636001100763679
001ad8105761a89f2cc74f833b1e90df1c60c65d7948cf206180b609259d050c,data/datasets/RRDataset/selection_1500/sara/ai/War_&_Conflict_Scenes_000748.png,medium,1,0.8887396454811096
00294dcb68a832c07c7fede8179e6f9caa0e209ef1622436be2502c9dfdfaa2a,data/datasets/openfake/pilot-600/images/fake/00294dcb68a832c07c7fede8179e6f9caa0e209ef1622436be2502c9dfdfaa2a.png,medium,1,0.9137302041053772
0039e56521cb74a8136fd71a536f14433e0c2339eb94a802e1d862029395d856,data/datasets/RRDataset/selection_1500/lorenzo/ai/normal_008876.png,medium,1,0.9317491054534912
0044cb3e58cacc4afc961798a33f77b3e83bc5b43787ea5a66f97b7095241392,data/datasets/sid-set/candidate-1500/images/fake/0044cb3e58cacc4afc961798a33f77b3e83bc5b43787ea5a66f97b7095241392.png,medium,1,0.9948797225952148
006889a0c3aaec918b4588904790820ec39e1b97c6e08c6b6a803ecae1d8b6e6,data/datasets/openfake/pilot-600/images/fake/006889a0c3aaec918b4588904790820ec39e1b97c6e08c6b6a803ecae1d8b6e6.png,medium,1,0.9414595365524292
006ecef50f937cf692c61c13c25549171f5a6ac3a816f78501353d653cca06da,data/datasets/openfake/additional-900/images/real/006ecef50f937cf692c61c13c25549171f5a6ac3a816f78501353d653cca06da.jpg,medium,0,0.4672873914241791
006ee61f66b7d52d7c5e51f48e5824f2a032cf318f31e3a470dee6743999f343,data/datasets/sid-set/candidate-1500/images/fake/006ee61f66b7d52d7c5e51f48e5824f2a032cf318f31e3a470dee6743999f343.png,medium,1,0.9772985577583313
008594762f20ec8efb62efe09d5cf0dee237e5c2b2e32f60c50c06d911d58f3e,data/datasets/openfake/pilot-600/images/real/008594762f20ec8efb62efe09d5cf0dee237e5c2b2e32f60c50c06d911d58f3e.jpg,medium,0,0.9005652666091919
008829b6c2c12cba65ef788d6276ccef739f2c79c3834da0013a42fb56e91fcf,data/datasets/openfake/additional-900/images/fake/008829b6c2c12cba65ef788d6276ccef739f2c79c3834da0013a42fb56e91fcf.png,medium,1,0.9860337376594543
0099b30765280306e279de6db498ce56bfaf71b2784b5645442dc565dc49473a,data/datasets/RRDataset/selection_1500/lorenzo/real/real_003615.jpg,medium,0,0.9611600637435913
00c0435d508a73bbeda582d06bf261b98b6913a56226e7cf29da67737ddd5e20,data/datasets/openfake/additional-900/images/fake/00c0435d508a73bbeda582d06bf261b98b6913a56226e7cf29da67737ddd5e20.webp,medium,1,0.0489145964384079
00dce87d8dc797286f65edb6be61a2c53108e35134b76defb3c2ade3b95c1954,data/datasets/sid-set/candidate-1500/images/fake/00dce87d8dc797286f65edb6be61a2c53108e35134b76defb3c2ade3b95c1954.png,medium,1,0.9920735955238342
00e8c18aaa33268122441ad7eb1a2980d9f94dd065c5be4fe79ed4fb6646ad00,data/datasets/openfake/additional-900/images/real/00e8c18aaa33268122441ad7eb1a2980d9f94dd065c5be4fe79ed4fb6646ad00.jpg,medium,0,0.07733520865440369
011a68a2b099883d03cdb2c19dc38a007c65bffe3aeba1fd0d026e4f8d85d933,data/datasets/openfake/additional-900/images/fake/011a68a2b099883d03cdb2c19dc38a007c65bffe3aeba1fd0d026e4f8d85d933.png,medium,1,0.9914807081222534
0126a08492ae133193d23d77abf6c6fc5e8ec10e44c8cfebce7e6ac0e4e243d8,data/datasets/sid-set/candidate-1500/images/real/0126a08492ae133193d23d77abf6c6fc5e8ec10e44c8cfebce7e6ac0e4e243d8.jpg,medium,0,0.19891540706157684
0127d0b8bcd59b2f90c60f188d68d0299c9d4832df77c4853c0229464648e369,data/datasets/openfake/additional-900/images/fake/0127d0b8bcd59b2f90c60f188d68d0299c9d4832df77c4853c0229464648e369.png,medium,1,0.19355875253677368
014d02224457fd79efab38f7f55b35f63b2b64d679a455cec9e5c7ccf62cdda5,data/datasets/openfake/additional-900/images/fake/014d02224457fd79efab38f7f55b35f63b2b64d679a455cec9e5c7ccf62cdda5.png,medium,1,0.9988842606544495
018f0dc1e0ebdb5eb8adf57f8b90001a5b03131e7585ee8378d32efbbe5a06be,data/datasets/openfake/additional-900/images/real/018f0dc1e0ebdb5eb8adf57f8b90001a5b03131e7585ee8378d32efbbe5a06be.jpg,medium,0,0.0033057699911296368
01901d6963a13165939e31ef73248313565145033418a9613082e0063cceea4d,data/datasets/openfake/additional-900/images/real/01901d6963a13165939e31ef73248313565145033418a9613082e0063cceea4d.jpg,medium,0,0.7741602063179016
0197454677d4f66eb0b0159da171d0c8da9e7d63511805503199d5eb0e30b461,data/datasets/sid-set/candidate-1500/images/fake/0197454677d4f66eb0b0159da171d0c8da9e7d63511805503199d5eb0e30b461.png,medium,1,0.9643429517745972
019fc1983980f42b9b079ffd92a806050fe3dffa10128486f7cd6a3c85082a8a,data/datasets/RRDataset/selection_1500/sara/ai/Medical_&_Public_Health_000726.png,medium,1,0.9254338145256042
01b18ee7f96da180a85c3205e39912b4360d5c11982bbcdf053e167e309238ed,data/datasets/openfake/additional-900/images/real/01b18ee7f96da180a85c3205e39912b4360d5c11982bbcdf053e167e309238ed.jpg,medium,0,8.977448305813596e-05
01b2f2d2e32a785f8e6fc48dbc9862b785f6a6947a58677d3d504368cd9b6214,data/datasets/openfake/pilot-600/images/real/01b2f2d2e32a785f8e6fc48dbc9862b785f6a6947a58677d3d504368cd9b6214.jpg,medium,0,0.05733522027730942
01cbc35952e0819a0ce45a7747eb183974f7cb99a314ebc0e37dcae10d503791,data/datasets/openfake/additional-900/images/fake/01cbc35952e0819a0ce45a7747eb183974f7cb99a314ebc0e37dcae10d503791.png,medium,1,0.919834554195404
01ed0f495a735cebf575445b4080359d4371638b3e6ae1ae156492ed1b006f44,data/datasets/RRDataset/selection_1500/giovanni/real/real_003418.jpg,medium,0,0.06871207058429718
02246355c564a6bf91290473432288859ee14c77c2da95802df2fae992d9b261,data/datasets/RRDataset/selection_1500/lorenzo/real/real_001725.jpg,medium,0,0.4269222021102905
02386a52b1b73b5fe1b4f9d5e32618571533c7271b2185107e11c13f68246f41,data/datasets/RRDataset/selection_1500/giovanni/real/real_008927.jpg,medium,0,0.6661049127578735
024121446d9b4c927e70c286c359bf61324585372cae6ea98c1bf41d597582c6,data/datasets/RRDataset/selection_1500/sara/ai/War_&_Conflict_Scenes_000468.png,medium,1,0.9728043675422668
024ddf004bacbdf8b2e80b053fb78c91d82a329d75d1b3aa4557edc8f832b4a5,data/datasets/sid-set/candidate-1500/images/fake/024ddf004bacbdf8b2e80b053fb78c91d82a329d75d1b3aa4557edc8f832b4a5.png,medium,1,0.9724993109703064
025491dce15d071c5e15aaa21b0e00402c4b7ebe88998548a850752645f53650,data/datasets/RRDataset/selection_1500/sara/ai/War_&_Conflict_Scenes_000061.png,medium,1,0.9506436586380005
02704b70f3943efbc63a29c11e2fb5caf68808d596e36035aea48e139919a2cc,data/datasets/openfake/pilot-600/images/real/02704b70f3943efbc63a29c11e2fb5caf68808d596e36035aea48e139919a2cc.jpg,medium,0,0.4608221650123596
028383a2bc29d233f5f1264b66ec16e43fd861654d9ee5978ea8e462b4b43f79,data/datasets/openfake/pilot-600/images/fake/028383a2bc29d233f5f1264b66ec16e43fd861654d9ee5978ea8e462b4b43f79.png,medium,1,0.9089142680168152
0299ebb3a3c083dc84694d45979865e9982a7772b08b115b12dafbb460078fd2,data/datasets/RRDataset/selection_1500/sara/ai/Culture_&_Religion_000655.png,medium,1,0.9680286645889282
02aba247c6abe5b9a067c041a4e0a65cf166b375e2c4cbc44677b288ffbf8446,data/datasets/openfake/additional-900/images/fake/02aba247c6abe5b9a067c041a4e0a65cf166b375e2c4cbc44677b288ffbf8446.png,medium,1,0.9925711750984192
02b4ff836d7f3edf0e68eaaa2a045baec77cbb402246f9baff14194db49fdde7,data/datasets/openfake/additional-900/images/real/02b4ff836d7f3edf0e68eaaa2a045baec77cbb402246f9baff14194db49fdde7.jpg,medium,0,0.5393695831298828
03183ad87f31c3c99a1bec9f37c98e76d7f6dac9d4851eda5d0a4b4605425d75,data/datasets/openfake/additional-900/images/real/03183ad87f31c3c99a1bec9f37c98e76d7f6dac9d4851eda5d0a4b4605425d75.jpg,medium,0,0.025586366653442383
032d42075a67e2372443a952268daf731f8529db7f3c78994cf4575b3ccd2f26,data/datasets/RRDataset/selection_1500/giovanni/real/real_001354.jpg,medium,0,0.4593081772327423
034210a00259d977911df2af667420db2d3c1bfffac5db8089823d9508b1ef36,data/datasets/openfake/pilot-600/images/fake/034210a00259d977911df2af667420db2d3c1bfffac5db8089823d9508b1ef36.png,medium,1,0.7867130637168884
034a3d4070847840505a010c78888746d367be6658457fc770780c5d5f9e0681,data/datasets/openfake/additional-900/images/real/034a3d4070847840505a010c78888746d367be6658457fc770780c5d5f9e0681.jpg,medium,0,0.11016559600830078
035ecfeb940c4d35c80b3cc0ccb914d0ac42a26bcc7c582e59257a3f8b5c9a95,data/datasets/openfake/additional-900/images/fake/035ecfeb940c4d35c80b3cc0ccb914d0ac42a26bcc7c582e59257a3f8b5c9a95.png,medium,1,0.5900999307632446
035f9833425f119a6bddb448298b8395c00724ced8cf09a3aad4de4e7454889b,data/datasets/sid-set/candidate-1500/images/fake/035f9833425f119a6bddb448298b8395c00724ced8cf09a3aad4de4e7454889b.png,medium,1,0.9803896546363831
0361ed7b660649ee51ab09b026ea1c998052a686aaded4df7c422cee79b04553,data/datasets/sid-set/candidate-1500/images/fake/0361ed7b660649ee51ab09b026ea1c998052a686aaded4df7c422cee79b04553.png,medium,1,0.9859297871589661
036304a4c432ccbb930f006425afff9ea0ccd6e0ccd28fd4004c03d0979914b0,data/datasets/RRDataset/selection_1500/sara/real/real_000388.jpg,medium,0,0.8400893211364746
03688c9b1bb495e0696e35b7d00c15a7999b4af4f590f31724741fd56d18523c,data/datasets/sid-set/candidate-1500/images/real/03688c9b1bb495e0696e35b7d00c15a7999b4af4f590f31724741fd56d18523c.jpg,medium,0,0.03217446058988571
036f70333998ec27791d7595d9315bf278d7c55b7d96a6b0983b35960a9af1aa,data/datasets/RRDataset/selection_1500/lorenzo/ai/Political_&_Social_Events_000101.png,medium,1,0.9686708450317383
0384a4e4cde6eb15445960c67345e442b99fcfd4f50dae4dd91a0bc65a358419,data/datasets/RRDataset/selection_1500/lorenzo/real/real_002598.jpg,medium,0,0.359791100025177
039d62e7d5a6902bc0ec8e8921cd76d941e08a52b3aff0862ed5267f85dc0078,data/datasets/openfake/pilot-600/images/real/039d62e7d5a6902bc0ec8e8921cd76d941e08a52b3aff0862ed5267f85dc0078.jpg,medium,0,0.0037711006589233875
03bcfea1219f53baa2446be2be51b574ff75e3721ab8d0a3204ac1eb140a88f9,data/datasets/RRDataset/selection_1500/sara/ai/Political_&_Social_Events_000784.png,medium,1,0.9941233992576599
03d9f1b3182b07231aa95c0fee478d45c5f5ed0e3e87053129237c36ca14cd58,data/datasets/RRDataset/selection_1500/lorenzo/ai/Political_&_Social_Events_000587.png,medium,1,0.9234283566474915
03f2e19c06f403e8089f8e58647535b20445590e46225ea4113e463d86a378cb,data/datasets/openfake/additional-900/images/real/03f2e19c06f403e8089f8e58647535b20445590e46225ea4113e463d86a378cb.png,medium,0,0.7498335242271423
04123341d61ed5d2f72ae9d09735f9656e36f2f7cea293c80e6301b0f63a6c73,data/datasets/openfake/additional-900/images/real/04123341d61ed5d2f72ae9d09735f9656e36f2f7cea293c80e6301b0f63a6c73.jpg,medium,0,0.36396390199661255
041604145251570586a59390ec61b720cf131a5686547d68b0f28ad6bed2f181,data/datasets/RRDataset/selection_1500/sara/real/real_000715.jpg,medium,0,0.3497341275215149
04362431d32533d243b45dd970bc15714782f46ae568a68d7f3b277f3f82295c,data/datasets/openfake/additional-900/images/real/04362431d32533d243b45dd970bc15714782f46ae568a68d7f3b277f3f82295c.jpg,medium,0,0.04890710487961769
0444a8dbadba66ac8169e326ab74f6153e6307d043e42b9b3421f7065cb99388,data/datasets/RRDataset/selection_1500/sara/real/real_000694.jpg,medium,0,0.9946250319480896
04549a213aeabe11d22655e26efc478344b26eda1d1b56395c034f2177e8c90d,data/datasets/openfake/additional-900/images/real/04549a213aeabe11d22655e26efc478344b26eda1d1b56395c034f2177e8c90d.jpg,medium,0,0.8820500373840332
04debdcbbe8057f832fa8ecbbad024136957f8e33d7e6c59ffe3de804ea0248d,data/datasets/sid-set/candidate-1500/images/real/04debdcbbe8057f832fa8ecbbad024136957f8e33d7e6c59ffe3de804ea0248d.jpg,medium,0,0.36149269342422485
04ff629a92b0be237e5872ab65749303d0de15df814f00635e8183625a6cfaaf,data/datasets/RRDataset/selection_1500/giovanni/real/real_007135.jpg,medium,0,0.9757948517799377
0547f3652efbefa56db7f9c8369f298a99d35178873d98b91d56f43f377c01f3,data/datasets/sid-set/candidate-1500/images/fake/0547f3652efbefa56db7f9c8369f298a99d35178873d98b91d56f43f377c01f3.png,medium,1,0.8977216482162476
0568406b7f243e4c578199527ae3c0cfd501be529960a0d81b25b491a758ea07,data/datasets/RRDataset/selection_1500/sara/real/real_005962.jpg,medium,0,0.071692556142807
057bc1cf0313880845d41a94b4aaea46eab804d506dc0949243ca7b202f4beb4,data/datasets/sid-set/candidate-1500/images/real/057bc1cf0313880845d41a94b4aaea46eab804d506dc0949243ca7b202f4beb4.jpg,medium,0,0.9438967704772949
05821ee51ef95d0a7de9d81a147b95ad2f0bb57f7608320a6e34e3565e13157e,data/datasets/openfake/pilot-600/images/fake/05821ee51ef95d0a7de9d81a147b95ad2f0bb57f7608320a6e34e3565e13157e.png,medium,1,0.9973827004432678
059f1908e3048aa449d2bdc10469257ba9693e83f595c53229504a0b789bcfa2,data/datasets/sid-set/candidate-1500/images/real/059f1908e3048aa449d2bdc10469257ba9693e83f595c53229504a0b789bcfa2.jpg,medium,0,0.6462254524230957
05ac0359d577325e72e93d1f7de77d76d58aec86402d792f8274648287ef037a,data/datasets/openfake/additional-900/images/fake/05ac0359d577325e72e93d1f7de77d76d58aec86402d792f8274648287ef037a.png,medium,1,0.9937394857406616
05c22cb53a298bde3b21ec354fe68620810f437ec2d2a670b26109d085824f2c,data/datasets/openfake/additional-900/images/fake/05c22cb53a298bde3b21ec354fe68620810f437ec2d2a670b26109d085824f2c.jpg,medium,1,0.8719168901443481
05cf1baa0f57118dc42efc4670dd70afc952ec4d75c977214fb93a369d4056d8,data/datasets/RRDataset/selection_1500/giovanni/ai/Natural_Disasters_&_Accidents_000496.png,medium,1,0.9649109840393066
05f2adc828fc440129f78235e85f2af99aa3c003f2f9fc43e5d8ab47c97d8f8e,data/datasets/sid-set/candidate-1500/images/real/05f2adc828fc440129f78235e85f2af99aa3c003f2f9fc43e5d8ab47c97d8f8e.jpg,medium,0,0.021319305524230003
05f91619bc57703b921503b38c585515445fc6c9c41e9cad81774510dc6e146c,data/datasets/sid-set/candidate-1500/images/fake/05f91619bc57703b921503b38c585515445fc6c9c41e9cad81774510dc6e146c.png,medium,1,0.9934828877449036
06166c8f82123b51c26e8ff512f6479e255aabfcb6d4dc5ae13e239ed2ee1797,data/datasets/openfake/additional-900/images/fake/06166c8f82123b51c26e8ff512f6479e255aabfcb6d4dc5ae13e239ed2ee1797.png,medium,1,0.9793696999549866
061a8efa3d02f3d7905ddafa05f6c5d2a793da27013c6940471335e286b5f7f8,data/datasets/openfake/additional-900/images/real/061a8efa3d02f3d7905ddafa05f6c5d2a793da27013c6940471335e286b5f7f8.jpg,medium,0,0.01057943981140852
063ca4ef077d8f4a537cf22d74429c0b343c9fb87ac87dd315ea6cdfc07c5a39,data/datasets/RRDataset/selection_1500/giovanni/real/real_001234.jpg,medium,0,0.9602094888687134
068a372b0f7788ee141bc6b9c829f77f4b84b1d5b6e4f29bc628e209d00b5a4c,data/datasets/openfake/additional-900/images/fake/068a372b0f7788ee141bc6b9c829f77f4b84b1d5b6e4f29bc628e209d00b5a4c.png,medium,1,0.8789003491401672
06c4c335da658b9af994506ce9fd7a709257689add1885ebacf0598e2505fdbe,data/datasets/sid-set/candidate-1500/images/real/06c4c335da658b9af994506ce9fd7a709257689add1885ebacf0598e2505fdbe.jpg,medium,0,0.007464973255991936
06d9af988efd8d6d3ff49e4b253efa2f87950c83d1b77aa1c383311700baaa81,data/datasets/openfake/additional-900/images/real/06d9af988efd8d6d3ff49e4b253efa2f87950c83d1b77aa1c383311700baaa81.jpg,medium,0,0.041224218904972076
06eadc1118dbb9cddf991d8bfcbcd73cc8e7bd39947fcaf2247f20a7007b3089,data/datasets/sid-set/candidate-1500/images/real/06eadc1118dbb9cddf991d8bfcbcd73cc8e7bd39947fcaf2247f20a7007b3089.jpg,medium,0,0.038554199039936066
06f827bf1da25a8736f1c07da9723ebcd1f1d6023efb7f4cbe14950c78fe58b2,data/datasets/sid-set/candidate-1500/images/fake/06f827bf1da25a8736f1c07da9723ebcd1f1d6023efb7f4cbe14950c78fe58b2.png,medium,1,0.7235884070396423
071197fcfb6f8615b2e6ff492501ffb71dbd113825c51d24ab95144c5f59a779,data/datasets/sid-set/candidate-1500/images/fake/071197fcfb6f8615b2e6ff492501ffb71dbd113825c51d24ab95144c5f59a779.png,medium,1,0.9844862222671509
07384e302abb3ab518e316c601457622bb1a67460d1fdaca3c5362d347979dd8,data/datasets/openfake/additional-900/images/fake/07384e302abb3ab518e316c601457622bb1a67460d1fdaca3c5362d347979dd8.png,medium,1,0.9957340359687805
0748fc18a4e203a812acb3f10f27cb6ba055a6682879a0ef0272abe059a7f679,data/datasets/sid-set/candidate-1500/images/real/0748fc18a4e203a812acb3f10f27cb6ba055a6682879a0ef0272abe059a7f679.jpg,medium,0,0.8911606073379517
075f59a5226c597a9d67cbd2482a6ab8f87b39fd4b50cf6b850dd9e12e078492,data/datasets/openfake/pilot-600/images/fake/075f59a5226c597a9d67cbd2482a6ab8f87b39fd4b50cf6b850dd9e12e078492.png,medium,1,0.9822680950164795
076b6e1b9585511997caab0ab3481b2b06b8bd2aeebbb3112707760bf4c159e1,data/datasets/RRDataset/selection_1500/lorenzo/ai/Medical_&_Public_Health_000738.png,medium,1,0.9189029335975647
079197288a30e54f5f3e4c826e5d9d9b66dd27ce31bedc9021c2878182d3764a,data/datasets/sid-set/candidate-1500/images/fake/079197288a30e54f5f3e4c826e5d9d9b66dd27ce31bedc9021c2878182d3764a.png,medium,1,0.8536595702171326
07ac9cad597a17c8a8a0a0f986888e3b53fd692703562e85c276c69bafb6056c,data/datasets/RRDataset/selection_1500/giovanni/real/real_005682.jpg,medium,0,0.4811653792858124
07add180346a24f4614278d296955acc22d15cc19d955de48e6f66da2aa69807,data/datasets/openfake/additional-900/images/real/07add180346a24f4614278d296955acc22d15cc19d955de48e6f66da2aa69807.jpg,medium,0,0.586332380771637
07e12ede05a01457fec05feecbad284bc870747af5501a9a998c13e138ea498a,data/datasets/RRDataset/selection_1500/lorenzo/ai/production_000147.png,medium,1,0.9878040552139282
07efa4c46f65faf58d2697e6664af72241dafa8dcae0149ce2060e36a853a8bc,data/datasets/sid-set/candidate-1500/images/fake/07efa4c46f65faf58d2697e6664af72241dafa8dcae0149ce2060e36a853a8bc.png,medium,1,0.9884636998176575
082c20baf5166a9e86e9a17dd582148bd232ace5186d4a226cd45092b5195df4,data/datasets/openfake/additional-900/images/real/082c20baf5166a9e86e9a17dd582148bd232ace5186d4a226cd45092b5195df4.jpg,medium,0,0.026866365224123
082c9244b2f98754068d696ae42cc29ba67c4d481b6a905cce21db15359e724e,data/datasets/RRDataset/selection_1500/lorenzo/real/real_000369.jpg,medium,0,0.3248603641986847
083fea3cfd189f8bb1973fe5866f6fd8c43becec181d20b8c045ea9468482bfd,data/datasets/openfake/additional-900/images/fake/083fea3cfd189f8bb1973fe5866f6fd8c43becec181d20b8c045ea9468482bfd.jpg,medium,1,0.9186974167823792
0846ac50b39b5be3285e616c7c70e81ce2d5941b9821ed5816ee8200fe8548e0,data/datasets/RRDataset/selection_1500/lorenzo/real/real_000562.jpg,medium,0,0.9785178899765015
084f83d82c3f81e3b139a52ac082ef0ea939a667f5eeca08a1121adfe9db0122,data/datasets/sid-set/candidate-1500/images/real/084f83d82c3f81e3b139a52ac082ef0ea939a667f5eeca08a1121adfe9db0122.jpg,medium,0,0.07013751566410065
08766ef5b802dfa20790de8b86ad7b40866be06649644d14c7428b6598ab53b0,data/datasets/sid-set/candidate-1500/images/fake/08766ef5b802dfa20790de8b86ad7b40866be06649644d14c7428b6598ab53b0.png,medium,1,0.940547525882721
088a1ed9ccad7f7fcf9bb2d253961d1c0cb2fb9a745338732d74548008b20a82,data/datasets/sid-set/candidate-1500/images/fake/088a1ed9ccad7f7fcf9bb2d253961d1c0cb2fb9a745338732d74548008b20a82.png,medium,1,0.9896695017814636
0893ece1927df58e4306632d0589c0fc02a4ac890c992ad0c0853db2692f3351,data/datasets/openfake/pilot-600/images/fake/0893ece1927df58e4306632d0589c0fc02a4ac890c992ad0c0853db2692f3351.png,medium,1,0.9910953044891357
08a13c2efd3f79c9de49bd372c652a1c463d00afc132f38141a4dd25c6a96330,data/datasets/openfake/pilot-600/images/real/08a13c2efd3f79c9de49bd372c652a1c463d00afc132f38141a4dd25c6a96330.jpg,medium,0,0.4933040738105774
08ac98b0ffa43c5e3d8088abb10f13fcdbe243e075182db3e732cfbd1a231867,data/datasets/sid-set/candidate-1500/images/fake/08ac98b0ffa43c5e3d8088abb10f13fcdbe243e075182db3e732cfbd1a231867.png,medium,1,0.9799198508262634
08d5d4ced4a5c0d73f46f7645e6e59ffe5749b60562abdf8f0fa5111c7494820,data/datasets/openfake/additional-900/images/real/08d5d4ced4a5c0d73f46f7645e6e59ffe5749b60562abdf8f0fa5111c7494820.jpg,medium,0,0.22709549963474274
08d7b830c58ce1635497fec67c9b61ce43d4ae80129ad6d9f1db6230a4212036,data/datasets/sid-set/candidate-1500/images/real/08d7b830c58ce1635497fec67c9b61ce43d4ae80129ad6d9f1db6230a4212036.jpg,medium,0,0.31153953075408936
08d92bb66db7be10f0ccd12ce83a71c1daf2b6e52fec460fb696da4b797a7129,data/datasets/sid-set/candidate-1500/images/fake/08d92bb66db7be10f0ccd12ce83a71c1daf2b6e52fec460fb696da4b797a7129.png,medium,1,0.6610407829284668
08febd1fa1537337e19f40ca6c33b36303d2545b82a9ce984455dff5b7cabb64,data/datasets/openfake/additional-900/images/fake/08febd1fa1537337e19f40ca6c33b36303d2545b82a9ce984455dff5b7cabb64.png,medium,1,0.7357648015022278
091fad4af1b62a2001892ab1b2c045364c580616c8202cd9416b649a74aec05b,data/datasets/RRDataset/selection_1500/sara/ai/War_&_Conflict_Scenes_000090.png,medium,1,0.9200228452682495
092887997d51f7815df6460cea8ab51c106aecb080de7aeaf8fe9ae3febb233a,data/datasets/RRDataset/selection_1500/giovanni/real/real_007124.jpg,medium,0,0.9241631627082825
092b5fc5bb75fba66281476a87d4b820d7015a8b6a40d4c204bf53c58f0d8c3f,data/datasets/openfake/additional-900/images/real/092b5fc5bb75fba66281476a87d4b820d7015a8b6a40d4c204bf53c58f0d8c3f.jpg,medium,0,0.09776527434587479
092c39d03b1b2f66a170ae3986f836d0212d55d092f3b7314757b4fd39eabe93,data/datasets/openfake/additional-900/images/real/092c39d03b1b2f66a170ae3986f836d0212d55d092f3b7314757b4fd39eabe93.jpg,medium,0,0.7039432525634766
094dc682ff1a59e3ef3d2f1ed6ae13ccb66bd15e7c840f7f41132bff4511dd96,data/datasets/sid-set/candidate-1500/images/real/094dc682ff1a59e3ef3d2f1ed6ae13ccb66bd15e7c840f7f41132bff4511dd96.jpg,medium,0,0.16539016366004944
0952277d830d647fb5c53ab7161e0231d697e8640397095488bba286cd0b194d,data/datasets/RRDataset/selection_1500/lorenzo/ai/Natural_Disasters_&_Accidents_000906.png,medium,1,0.9832040071487427
09c0b683f563d2f4a8d8849a1673460ed3567c673fd4c162165e27a1eea6ee23,data/datasets/openfake/pilot-600/images/real/09c0b683f563d2f4a8d8849a1673460ed3567c673fd4c162165e27a1eea6ee23.jpg,medium,0,0.32505685091018677
09d835575205087ba11f9da84e287ae26fc972bf7d6157fb456b3018eb33f352,data/datasets/openfake/additional-900/images/fake/09d835575205087ba11f9da84e287ae26fc972bf7d6157fb456b3018eb33f352.png,medium,1,0.8923169374465942
09e3886b0ee63c011e6337b1860de517aab556f850dffe0414131a2b6af85530,data/datasets/sid-set/candidate-1500/images/real/09e3886b0ee63c011e6337b1860de517aab556f850dffe0414131a2b6af85530.jpg,medium,0,0.472337007522583
09f85f76fd7d319a69fc078f7b19181edbda37cadf52ea8c56bdc687d13df2fc,data/datasets/openfake/additional-900/images/real/09f85f76fd7d319a69fc078f7b19181edbda37cadf52ea8c56bdc687d13df2fc.jpg,medium,0,5.487802263814956e-05
09ff3ff85336f4c9115892d584f22e3796c0d76642c599f0e1b963401a61640b,data/datasets/sid-set/candidate-1500/images/fake/09ff3ff85336f4c9115892d584f22e3796c0d76642c599f0e1b963401a61640b.png,medium,1,0.9817329049110413
0a1924792c95a4b35cdef6b40e26f6c921d32b094a2b598d4417a0c144c9ec9a,data/datasets/openfake/pilot-600/images/real/0a1924792c95a4b35cdef6b40e26f6c921d32b094a2b598d4417a0c144c9ec9a.jpg,medium,0,0.007006100378930569
0a45e187cfe351c118e6f7d66d89dd041c4a6ee299f0e2c506643a3364af6e29,data/datasets/openfake/additional-900/images/real/0a45e187cfe351c118e6f7d66d89dd041c4a6ee299f0e2c506643a3364af6e29.jpg,medium,0,0.018336476758122444
0a7467011599631aeae28960a22663b95716ef3415ad8132eb11c8c91f02be6a,data/datasets/RRDataset/selection_1500/lorenzo/real/real_005219.jpg,medium,0,0.2661799192428589
0a7e89a52c053f6051f6d8d3264528a762d2731f51a94345796cd42b49d54dc6,data/datasets/openfake/pilot-600/images/fake/0a7e89a52c053f6051f6d8d3264528a762d2731f51a94345796cd42b49d54dc6.png,medium,1,0.9934466481208801
0a8d2c0982c673b69ee45e6f516e19fc970d480a7d5d23a140da784774ed5da5,data/datasets/openfake/additional-900/images/real/0a8d2c0982c673b69ee45e6f516e19fc970d480a7d5d23a140da784774ed5da5.jpg,medium,0,0.00114440789911896
0a921a02ab9e79abccf4ef3e39c2107a511106d0cc0f71137c4f102cee776a1d,data/datasets/openfake/pilot-600/images/fake/0a921a02ab9e79abccf4ef3e39c2107a511106d0cc0f71137c4f102cee776a1d.png,medium,1,0.9921503067016602
0a98527f49c1d40989de6eb1c8bcdb9b28e291a0f769e7b56f8e254670da7a4c,data/datasets/sid-set/candidate-1500/images/fake/0a98527f49c1d40989de6eb1c8bcdb9b28e291a0f769e7b56f8e254670da7a4c.png,medium,1,0.9682883024215698
0a9f0ea61af3d8d498b9efcfd75471d262e4c792e254b6092d57fb4f61ed0d2a,data/datasets/openfake/pilot-600/images/real/0a9f0ea61af3d8d498b9efcfd75471d262e4c792e254b6092d57fb4f61ed0d2a.jpg,medium,0,0.0003408690681681037
0ab44341e182a1e9de811e24e39b9a6c8d22362b88cbc517c4b9969a30cbb44c,data/datasets/RRDataset/selection_1500/sara/real/real_002874.jpg,medium,0,0.9388875365257263
0ab51af85e3d83179b0caf8a5354710e281bac2418f0679e648924cd3e40e541,data/datasets/openfake/additional-900/images/fake/0ab51af85e3d83179b0caf8a5354710e281bac2418f0679e648924cd3e40e541.png,medium,1,0.9533790946006775
0af482d1882ef23560905432e0601bf39ac2d3a7fbaaf341c899444a703b9ede,data/datasets/RRDataset/selection_1500/lorenzo/real/real_000336.jpg,medium,0,0.6729695200920105
0b11c6ad97dc14bcc8b6fafa215a586d4d883f4f5a2cdcab3c633b18bf601be0,data/datasets/sid-set/candidate-1500/images/real/0b11c6ad97dc14bcc8b6fafa215a586d4d883f4f5a2cdcab3c633b18bf601be0.jpg,medium,0,0.5779047012329102
0b17025705bf49b28ccffcd659a7931c6ba53c02d1151a848de0ef72ebbf2d97,data/datasets/RRDataset/selection_1500/lorenzo/real/real_002082.jpg,medium,0,0.08525380492210388
0b30022e1685b4b0a910d3afc248d572ab5b939a9544cd0ec879808a2be8ad3e,data/datasets/sid-set/candidate-1500/images/fake/0b30022e1685b4b0a910d3afc248d572ab5b939a9544cd0ec879808a2be8ad3e.png,medium,1,0.6685236692428589
0b56a0ed2cec66509db65427be8462292864b58647c34b02abb551cffed2c642,data/datasets/RRDataset/selection_1500/giovanni/real/real_006883.jpg,medium,0,0.9889718890190125
0b5a67b5437e537fe8dcff1fbd94b148b9f858815c4e0c993f95d3b8dc7a8734,data/datasets/openfake/pilot-600/images/real/0b5a67b5437e537fe8dcff1fbd94b148b9f858815c4e0c993f95d3b8dc7a8734.jpg,medium,0,0.9536359310150146
0b5f344910e00d8df72cd42b16c1d3dc1260245903e227cdb56809fe73884cbf,data/datasets/RRDataset/selection_1500/lorenzo/real/real_006599.jpg,medium,0,0.9900116324424744
0b70504b4786fc7ec65c05711e8438375d5cccc6c21c352ed613e4b521b735fe,data/datasets/openfake/pilot-600/images/fake/0b70504b4786fc7ec65c05711e8438375d5cccc6c21c352ed613e4b521b735fe.png,medium,1,0.06671235710382462
0b98c8696a045fdbd7d86234717cd7bf5c3f823e2556d6fd1f486819fcf311e2,data/datasets/RRDataset/selection_1500/lorenzo/ai/Culture_&_Religion_000895.png,medium,1,0.9923862218856812
0ba2184058d074e9a40c6a61244a31d52928ab8a1bc7a48300e416465ace31d3,data/datasets/sid-set/candidate-1500/images/real/0ba2184058d074e9a40c6a61244a31d52928ab8a1bc7a48300e416465ace31d3.jpg,medium,0,0.987293004989624
0ba4c6c79d3f13652ec83631b721007e44a3b50802543715e77bf6f5bdc36236,data/datasets/openfake/pilot-600/images/fake/0ba4c6c79d3f13652ec83631b721007e44a3b50802543715e77bf6f5bdc36236.png,medium,1,0.1966523677110672
0bdc8e5c1a8e4d85066ac01f33176b267cfe36880c32d62d978323fe980dbbec,data/datasets/sid-set/candidate-1500/images/real/0bdc8e5c1a8e4d85066ac01f33176b267cfe36880c32d62d978323fe980dbbec.jpg,medium,0,0.2462315857410431
0be0c4bfc0aec81122347ee5410a4e81278df49dab0482bcfa5b7f8ebb1f183a,data/datasets/openfake/additional-900/images/fake/0be0c4bfc0aec81122347ee5410a4e81278df49dab0482bcfa5b7f8ebb1f183a.png,medium,1,0.9725714921951294
0c4c604f58c95b076b31e39a6bdcb83013b17653cce427dd2dc44cab6bc0405c,data/datasets/sid-set/candidate-1500/images/fake/0c4c604f58c95b076b31e39a6bdcb83013b17653cce427dd2dc44cab6bc0405c.png,medium,1,0.9728241562843323
0c4e7d25a02e169dc3433a340c940e5cd5b673da8c27299ee32a5e7b52875a6c,data/datasets/RRDataset/selection_1500/lorenzo/ai/Political_&_Social_Events_000356.png,medium,1,0.8511140942573547
0c6144c8afc39dd5cabf7eb8571b35bf3c2796aa279dd33cc760dcba73581637,data/datasets/RRDataset/selection_1500/sara/ai/Culture_&_Religion_000128.png,medium,1,0.8895542621612549
0c74f2927e3a9e1481c576943b89a2214b892d03077ce13891fb0974c7a2c970,data/datasets/RRDataset/selection_1500/giovanni/ai/Medical_&_Public_Health_000128.png,medium,1,0.7644646167755127
0c978775b84a96bee8f055cb58184925dd6a9c6c7a41a02c0b47b39aa6b6859b,data/datasets/openfake/pilot-600/images/fake/0c978775b84a96bee8f055cb58184925dd6a9c6c7a41a02c0b47b39aa6b6859b.png,medium,1,0.9758147597312927
0ca6f1f357555a0fac588b0c7dffee165e42298d168a9d10eef0dc4a5ec896f0,data/datasets/RRDataset/selection_1500/lorenzo/real/real_006098.jpg,medium,0,0.977853000164032
0cb63a7b76b66aa12abe158d2cb405a39a6eaf1710d3b2f95725f50cafcc9887,data/datasets/sid-set/candidate-1500/images/fake/0cb63a7b76b66aa12abe158d2cb405a39a6eaf1710d3b2f95725f50cafcc9887.png,medium,1,0.99153733253479
0cd779e6c854ed392df6e5f3c3ab59c34f640edf454a39fd05e3d1b27b8f1a2d,data/datasets/sid-set/candidate-1500/images/real/0cd779e6c854ed392df6e5f3c3ab59c34f640edf454a39fd05e3d1b27b8f1a2d.jpg,medium,0,0.5985272526741028
0cdf02fcdb30f365901c108129e0338005cb983cef55f6a5af92a425cf67e0d1,data/datasets/openfake/additional-900/images/real/0cdf02fcdb30f365901c108129e0338005cb983cef55f6a5af92a425cf67e0d1.jpg,medium,0,0.006163951009511948
0d07d71e4534f5a7004a7f6542a282e0587dc895be3018de552d99dc24f1f59b,data/datasets/RRDataset/selection_1500/sara/real/real_002954.jpg,medium,0,0.8676875233650208
0d08011952fc4997aa7c122abe86307dcd86342e40c6fc7590b79c340addb8f7,data/datasets/openfake/additional-900/images/fake/0d08011952fc4997aa7c122abe86307dcd86342e40c6fc7590b79c340addb8f7.png,medium,1,0.7571433782577515
0d0cccd8caecc615dce3e00333517ac208cf9ab9ac6a86328d69574029856fb4,data/datasets/sid-set/candidate-1500/images/fake/0d0cccd8caecc615dce3e00333517ac208cf9ab9ac6a86328d69574029856fb4.png,medium,1,0.9954788088798523
0d1ad29bda23bfda16ca625c43a0ec0a23de6d9b43204312bfd98858ecb75517,data/datasets/RRDataset/selection_1500/lorenzo/ai/production_000196.png,medium,1,0.9845125675201416
0d286c848d9db9e3b209ba021d812fda170caa2ac02f197d59fceff43fb6b6a3,data/datasets/RRDataset/selection_1500/lorenzo/ai/normal_007382.png,medium,1,0.9981746673583984
0d3a6c1adf273fd526f05973b18e6ba54ca8f627beb115c24a258a216186ed64,data/datasets/sid-set/candidate-1500/images/real/0d3a6c1adf273fd526f05973b18e6ba54ca8f627beb115c24a258a216186ed64.jpg,medium,0,0.5123108625411987
0d591bb0d2aaa5d268f2c2db8f6bfde4b60bbba857f06b712844eb84adc2ff29,data/datasets/sid-set/candidate-1500/images/fake/0d591bb0d2aaa5d268f2c2db8f6bfde4b60bbba857f06b712844eb84adc2ff29.png,medium,1,0.9786579608917236
0d6910967163e37fb6263f3e96f8a381a6f4e8e6e2846f348bb54bd7057972eb,data/datasets/openfake/additional-900/images/fake/0d6910967163e37fb6263f3e96f8a381a6f4e8e6e2846f348bb54bd7057972eb.png,medium,1,0.23679962754249573
0d693c025b7f296cfed5e1f67d9589b3add34bc8d6c3a0ea29b946051f71c604,data/datasets/sid-set/candidate-1500/images/real/0d693c025b7f296cfed5e1f67d9589b3add34bc8d6c3a0ea29b946051f71c604.jpg,medium,0,0.2792160212993622
0d6c0787cf440536f527fa38314b3b464ae138c8240334baae79d3f4252f6c2d,data/datasets/RRDataset/selection_1500/lorenzo/ai/Culture_&_Religion_000266.png,medium,1,0.9350146055221558
0d83baf45e27609072fd220aeb8d7306bfe14b0b7d18e5b1c3c3da96f7babc4a,data/datasets/sid-set/candidate-1500/images/fake/0d83baf45e27609072fd220aeb8d7306bfe14b0b7d18e5b1c3c3da96f7babc4a.png,medium,1,0.9355820417404175
0da1632426e629999225ddb1b9c964792096c14270e527a5c4e9c14d0b42625d,data/datasets/RRDataset/selection_1500/lorenzo/real/real_003280.jpg,medium,0,0.3067893087863922
0da3e68c40100bf728a288a402033d1c2d6163478b0130a0940c922f89ba3ca2,data/datasets/openfake/additional-900/images/real/0da3e68c40100bf728a288a402033d1c2d6163478b0130a0940c922f89ba3ca2.jpg,medium,0,0.00371334096416831
0dc31d5f410094d6dce37ba0701877ed06ab08773de69de6cf813f43f3435abe,data/datasets/RRDataset/selection_1500/giovanni/ai/War_&_Conflict_Scenes_000913.png,medium,1,0.998347282409668
0dcddd10a258c4ac46deeedb24c0264f414c0139e5d09e610035200a8d9f1c62,data/datasets/sid-set/candidate-1500/images/fake/0dcddd10a258c4ac46deeedb24c0264f414c0139e5d09e610035200a8d9f1c62.png,medium,1,0.9890917539596558
0de8454c0539f8fbefe8c4a9e785afa495bcfc4febc9ff0ec70dde106b560dcc,data/datasets/openfake/additional-900/images/real/0de8454c0539f8fbefe8c4a9e785afa495bcfc4febc9ff0ec70dde106b560dcc.jpg,medium,0,0.6369211077690125
0deb3d98375d72fa1814f65f1ae36155eec327fd19bbcf534da775efb12c84e2,data/datasets/RRDataset/selection_1500/giovanni/real/real_008307.jpg,medium,0,0.971404492855072
0df0afd8f3f0a8925e407b43235ed7d3de91067312037552b643250792fafe68,data/datasets/openfake/additional-900/images/real/0df0afd8f3f0a8925e407b43235ed7d3de91067312037552b643250792fafe68.jpg,medium,0,0.0059197028167545795
0e1adcf1938bffe75354b08d731f1bfe20fdd5794f92bd85edff315ea0949525,data/datasets/RRDataset/selection_1500/lorenzo/real/real_003381.jpg,medium,0,0.17080557346343994
0e203ae2a1de6ea5cc20dda84ae8a8ea983dd79a0d32fb80bd385597f37a84a9,data/datasets/RRDataset/selection_1500/giovanni/real/real_000931.jpg,medium,0,0.8186236023902893
0e2dd64a1864740a4521b8f9c0abe12c108dada250062e8fb923de45cee03e75,data/datasets/RRDataset/selection_1500/sara/real/real_000924.jpg,medium,0,0.002034845994785428
0e34ed22d367a36fe41a4ffb4fcfa163372bd140c55f7688af17e1b9e84ededd,data/datasets/RRDataset/selection_1500/giovanni/real/real_005065.jpg,medium,0,0.7937597632408142
0e3939d15aa671baf3379244de712eaece3c97429496d4008a06af8703a90a05,data/datasets/RRDataset/selection_1500/giovanni/real/real_006449.jpg,medium,0,0.8690475225448608
0e9d4e2ea6ee279becbc88801d0a2c08c10f5f76042dffa611974c548c7d12aa,data/datasets/RRDataset/selection_1500/lorenzo/ai/Culture_&_Religion_000351.png,medium,1,0.9980746507644653
0efd41d40e015f37a3f04b7556435a99d5da9ffe9f937cd93c9394d668ffb489,data/datasets/sid-set/candidate-1500/images/real/0efd41d40e015f37a3f04b7556435a99d5da9ffe9f937cd93c9394d668ffb489.jpg,medium,0,0.9183892607688904
0f018974851f30413002341d1152f90a3b58a9e2995b266ba8839d88a3f432fb,data/datasets/openfake/pilot-600/images/real/0f018974851f30413002341d1152f90a3b58a9e2995b266ba8839d88a3f432fb.jpg,medium,0,0.00469457171857357
0f137c20e0ceabcab2698736c751ac2bbc377b4e5722c91a10110dc473ab44e8,data/datasets/sid-set/candidate-1500/images/real/0f137c20e0ceabcab2698736c751ac2bbc377b4e5722c91a10110dc473ab44e8.jpg,medium,0,0.9770077466964722
0f1556f57e68c39ad76d806b905a5174d6edbc727b85fcc10d1a71d5226e776a,data/datasets/RRDataset/selection_1500/giovanni/real/real_001403.jpg,medium,0,0.7880587577819824
0f22327997bf074e0fab52cf717f57a279f0aeb8cbd283b7fb3473f870b48919,data/datasets/sid-set/candidate-1500/images/real/0f22327997bf074e0fab52cf717f57a279f0aeb8cbd283b7fb3473f870b48919.jpg,medium,0,0.15095798671245575
0f6b25013150853b93bb8890f4b4c9c5fb29b8c8f5e9d6f6e2e0b97d25406a30,data/datasets/RRDataset/selection_1500/giovanni/ai/production_000096.png,medium,1,0.9863016605377197
0f6d3a2db252e38772e399e4805c703d539fe0fede5294ef40726f6c5ad6396d,data/datasets/sid-set/candidate-1500/images/real/0f6d3a2db252e38772e399e4805c703d539fe0fede5294ef40726f6c5ad6396d.jpg,medium,0,0.011817234568297863
0f76c848074696be4e3813cd4e7a2845d0d559e93cf4ca72891e025f5f62297a,data/datasets/sid-set/candidate-1500/images/real/0f76c848074696be4e3813cd4e7a2845d0d559e93cf4ca72891e025f5f62297a.jpg,medium,0,0.9926181435585022
0f7cd12f3a4ab6cc2e390c42f1d4ccfff83175d743abaf07ee1fff592d770edc,data/datasets/sid-set/candidate-1500/images/fake/0f7cd12f3a4ab6cc2e390c42f1d4ccfff83175d743abaf07ee1fff592d770edc.png,medium,1,0.9887883067131042
0fac9657a5cf8e240e93292f6fe6284bb0dffb565bf58df50d9269a32da6673f,data/datasets/RRDataset/selection_1500/sara/real/real_001876.jpg,medium,0,0.431949645280838
0fb61b47bb729eade4e8abf180b3df4502b603884787dfa452960621f59315c2,data/datasets/openfake/pilot-600/images/real/0fb61b47bb729eade4e8abf180b3df4502b603884787dfa452960621f59315c2.jpg,medium,0,0.14884212613105774
0fb6b36b89ab83f004de9cb59ddcb3e59eb7d21b4e2a615b3aa773bd571a5c6c,data/datasets/openfake/pilot-600/images/fake/0fb6b36b89ab83f004de9cb59ddcb3e59eb7d21b4e2a615b3aa773bd571a5c6c.png,medium,1,0.9701955914497375
0fe8a3aca679b2c8034507382c588c747656d4bde9b3a23f48f38d5150333cb9,data/datasets/RRDataset/selection_1500/sara/real/real_001814.jpg,medium,0,0.909349262714386
0feb07e2dea28e13b01b612c17f72cbc5afd27ae360cde119cb7afc9d1b377bf,data/datasets/sid-set/candidate-1500/images/real/0feb07e2dea28e13b01b612c17f72cbc5afd27ae360cde119cb7afc9d1b377bf.jpg,medium,0,0.3485024571418762
0ff224bcab39341351bfa4b6f87a281302687892ab7a9958e783ee116a27adae,data/datasets/sid-set/candidate-1500/images/fake/0ff224bcab39341351bfa4b6f87a281302687892ab7a9958e783ee116a27adae.png,medium,1,0.9727472066879272
0ffe738612c5825e47c7c70df0902ce4577a92ef8ede19ec10e40d1b8cbff650,data/datasets/RRDataset/selection_1500/lorenzo/real/real_006987.jpg,medium,0,0.9893669486045837
100b14dfeed83c07ecdc767d6b8f6f36fc28aab8f57575c6628ebabd47749476,data/datasets/openfake/additional-900/images/fake/100b14dfeed83c07ecdc767d6b8f6f36fc28aab8f57575c6628ebabd47749476.jpg,medium,1,0.8612620830535889
10116d50fcf173f3533d2061e6b9e16bce2f9d6c51bdf2ea9223285a6f5635cb,data/datasets/openfake/pilot-600/images/fake/10116d50fcf173f3533d2061e6b9e16bce2f9d6c51bdf2ea9223285a6f5635cb.png,medium,1,0.9782349467277527
101efb0250eb3b4c830b89c117ceb7de5894862f69c281c8daf3160e1073fda7,data/datasets/RRDataset/selection_1500/lorenzo/real/real_000744.jpg,medium,0,0.9240102767944336
10245f45f0c67fe23a1a6899d4a990a81c403cca3059034b189ff9ba8dafda97,data/datasets/openfake/pilot-600/images/fake/10245f45f0c67fe23a1a6899d4a990a81c403cca3059034b189ff9ba8dafda97.png,medium,1,0.3366190493106842
103733339b37e2f8da3121679eb1fc941ca1f5bf1878995d326487b7202d7225,data/datasets/RRDataset/selection_1500/giovanni/ai/Culture_&_Religion_000782.png,medium,1,0.9702474474906921
104ae6ad23b9f79a6495f0336612cd717f72ee56bc44c8fdff29f7afdfd6078d,data/datasets/sid-set/candidate-1500/images/fake/104ae6ad23b9f79a6495f0336612cd717f72ee56bc44c8fdff29f7afdfd6078d.png,medium,1,0.9938631057739258
104cefa638a2fdb4f0a9cdeb0a427efbe2f96b6dd0d52e2fd68694b48d82b610,data/datasets/RRDataset/selection_1500/giovanni/real/real_005760.jpg,medium,0,0.9479846358299255
1071dc3db6ef183a84eaac9b3b5c9c3a0345407fcba6eebbd842ba61454c18de,data/datasets/sid-set/candidate-1500/images/real/1071dc3db6ef183a84eaac9b3b5c9c3a0345407fcba6eebbd842ba61454c18de.jpg,medium,0,0.04642907902598381
10ac94092ec949920512cd6b2973037a9afea6931372e523d3620c8c327c522c,data/datasets/openfake/pilot-600/images/real/10ac94092ec949920512cd6b2973037a9afea6931372e523d3620c8c327c522c.jpg,medium,0,0.6418929696083069
112eeef057d8e1656db29f809fa57dd4d995212a75bb59f3fcf8ac264694f48d,data/datasets/sid-set/candidate-1500/images/real/112eeef057d8e1656db29f809fa57dd4d995212a75bb59f3fcf8ac264694f48d.jpg,medium,0,0.994681179523468
113526d056e358968ba7809871910a5c3b3848924f6c32e21bce8cf891f68d9b,data/datasets/openfake/pilot-600/images/fake/113526d056e358968ba7809871910a5c3b3848924f6c32e21bce8cf891f68d9b.png,medium,1,0.991486132144928
113f27d4356cd495539c60114392995c5861672caf833736732baf79eff07606,data/datasets/sid-set/candidate-1500/images/fake/113f27d4356cd495539c60114392995c5861672caf833736732baf79eff07606.png,medium,1,0.9301777482032776
115f9bbab3fa8043909de18ad980e8792323e3186fe559b7debc18b511b06f22,data/datasets/RRDataset/selection_1500/giovanni/ai/Natural_Disasters_&_Accidents_000816.png,medium,1,0.6153935790061951
116648816a9d870730937c1d01038b1c986e0b088fb38a12ecff5cdf35e4fb5f,data/datasets/RRDataset/selection_1500/sara/real/real_005225.jpg,medium,0,0.766120970249176
119e4fa9a3e0b436ac150ae11c3c00edb522a73b1b790fadb9869be8f5b9b16c,data/datasets/openfake/pilot-600/images/real/119e4fa9a3e0b436ac150ae11c3c00edb522a73b1b790fadb9869be8f5b9b16c.jpg,medium,0,0.007047963794320822
11b521351ea60dde3a25c6c01f01652bfd5dc90fddd38d09ef96e697301325bc,data/datasets/sid-set/candidate-1500/images/fake/11b521351ea60dde3a25c6c01f01652bfd5dc90fddd38d09ef96e697301325bc.png,medium,1,0.9965108036994934
11c877264069f47e075d85f7c9c1e47722c4d69603176f65873ed8529748a687,data/datasets/sid-set/candidate-1500/images/real/11c877264069f47e075d85f7c9c1e47722c4d69603176f65873ed8529748a687.jpg,medium,0,0.14270323514938354
11d65232580ed1aead1f0c2e1812e30d3d00ecd7c0dde17ca31c5eefc10e5ad9,data/datasets/openfake/pilot-600/images/fake/11d65232580ed1aead1f0c2e1812e30d3d00ecd7c0dde17ca31c5eefc10e5ad9.png,medium,1,0.9850030541419983
11d6de7dbb1bb88fc642caf4abd239e2cd53d345bc8f2a577a5d8f53f0ede5da,data/datasets/sid-set/candidate-1500/images/real/11d6de7dbb1bb88fc642caf4abd239e2cd53d345bc8f2a577a5d8f53f0ede5da.jpg,medium,0,0.05121786892414093
11ddde3d0fe35d97f80c0421f63f84548d42eac7f94cfbfbe41454ed3e0b3ad0,data/datasets/sid-set/candidate-1500/images/real/11ddde3d0fe35d97f80c0421f63f84548d42eac7f94cfbfbe41454ed3e0b3ad0.jpg,medium,0,0.19194185733795166
11ee9475a0c8354f7cd314dee30deac37f98116703c50aff475bf2998791ea1e,data/datasets/sid-set/candidate-1500/images/real/11ee9475a0c8354f7cd314dee30deac37f98116703c50aff475bf2998791ea1e.jpg,medium,0,0.44109827280044556
121b6ed30186ced7a3f0e66d77b68696c710a069c60cf894274d17c574426878,data/datasets/sid-set/candidate-1500/images/real/121b6ed30186ced7a3f0e66d77b68696c710a069c60cf894274d17c574426878.jpg,medium,0,0.9778203964233398
12409b2e442d88dedb40d0e16659e55bd624969679af1faf7f43aa857c5ee137,data/datasets/openfake/additional-900/images/real/12409b2e442d88dedb40d0e16659e55bd624969679af1faf7f43aa857c5ee137.jpg,medium,0,0.006654747296124697
12565dc391bab4e2bb6b21b5969d5da2ff6e767546940c4101bc9b95b59ea9d2,data/datasets/openfake/pilot-600/images/fake/12565dc391bab4e2bb6b21b5969d5da2ff6e767546940c4101bc9b95b59ea9d2.png,medium,1,0.9279565215110779
1256cabdff0d36d908ba739bd1feda661708e9a39160282d57c7300ad0e2eb6e,data/datasets/RRDataset/selection_1500/giovanni/ai/production_000038.png,medium,1,0.9888415932655334
12668c58ce03cf73396bea3bad88b554c34a59f75df848ac985d9dd208d22c1f,data/datasets/sid-set/candidate-1500/images/fake/12668c58ce03cf73396bea3bad88b554c34a59f75df848ac985d9dd208d22c1f.png,medium,1,0.9919888377189636
127bf963d076b8d6815abcdb4c602309cf207abf868458998a683c98848783d5,data/datasets/openfake/additional-900/images/fake/127bf963d076b8d6815abcdb4c602309cf207abf868458998a683c98848783d5.png,medium,1,0.9732015132904053
128bd40a51f84fd5c425d1bc64f40c2db9a763849ab1f880582b850aaa7656eb,data/datasets/openfake/additional-900/images/fake/128bd40a51f84fd5c425d1bc64f40c2db9a763849ab1f880582b850aaa7656eb.png,medium,1,0.9378792643547058
12fc667c04d3c86d98d6d92ab221efa15d1aa8d3c094306e73e4f39006c13db2,data/datasets/sid-set/candidate-1500/images/real/12fc667c04d3c86d98d6d92ab221efa15d1aa8d3c094306e73e4f39006c13db2.jpg,medium,0,0.16317351162433624
13513957a1004f275ffe7fad4229b4887ec082f30454027b0a6de7a9a088248d,data/datasets/sid-set/candidate-1500/images/fake/13513957a1004f275ffe7fad4229b4887ec082f30454027b0a6de7a9a088248d.png,medium,1,0.9981845021247864
13661344349b2a039123ef0e22a9afba63de0c3192f2a4e57a23107fb546c9c4,data/datasets/openfake/additional-900/images/real/13661344349b2a039123ef0e22a9afba63de0c3192f2a4e57a23107fb546c9c4.jpg,medium,0,0.1853245347738266
13667e7b59f8d594b3c71a2dc1f75b52cf896a28c5a1a7e1c3acdc97f0b4fc05,data/datasets/RRDataset/selection_1500/sara/real/real_008673.jpg,medium,0,0.22756564617156982
13684f8e594bc8abe6e107b11d53ff57abaf97b31f0ba317b475fb06a20f648e,data/datasets/sid-set/candidate-1500/images/fake/13684f8e594bc8abe6e107b11d53ff57abaf97b31f0ba317b475fb06a20f648e.png,medium,1,0.9987373948097229
13748c372ba00e7b8b3d79cfa1c311245c9324575e171f4b658ab352bd4507ad,data/datasets/openfake/pilot-600/images/real/13748c372ba00e7b8b3d79cfa1c311245c9324575e171f4b658ab352bd4507ad.jpg,medium,0,0.02173154056072235
137f912e1d209ec96e1090b59233c0f56c03e1dca77428c41734f74575505993,data/datasets/sid-set/candidate-1500/images/real/137f912e1d209ec96e1090b59233c0f56c03e1dca77428c41734f74575505993.jpg,medium,0,0.6461999416351318
13819db5f47508eeddad4594bd6da492486e99265a77decb3f9101d9fe1f399b,data/datasets/RRDataset/selection_1500/lorenzo/real/real_005387.jpg,medium,0,0.08716122806072235
13838bf0a4678bec86d689e821a3083c187b3f6bba6dad62435b035d6860e7d5,data/datasets/sid-set/candidate-1500/images/real/13838bf0a4678bec86d689e821a3083c187b3f6bba6dad62435b035d6860e7d5.jpg,medium,0,0.8630631566047668
13944cfca8eeab3197cb8b8033e3d4db7a937d2448b0302e591572abe4b1f760,data/datasets/openfake/additional-900/images/fake/13944cfca8eeab3197cb8b8033e3d4db7a937d2448b0302e591572abe4b1f760.png,medium,1,0.9962838292121887
13a61a92645231ea51ecd11e4fa1ee305bbf5ae44a865c59b6a2ac95eab7a72b,data/datasets/openfake/pilot-600/images/real/13a61a92645231ea51ecd11e4fa1ee305bbf5ae44a865c59b6a2ac95eab7a72b.jpg,medium,0,0.003576956456527114
13b3ef4a125d6e68d27ceeb425ad84b5f596db1e4a84212bd55d1fcf87196c39,data/datasets/sid-set/candidate-1500/images/real/13b3ef4a125d6e68d27ceeb425ad84b5f596db1e4a84212bd55d1fcf87196c39.jpg,medium,0,0.25633344054222107
13c45a75dad1960b9f9fc7a54a7b443e924b6e5851715d8f4e92325b7709e477,data/datasets/sid-set/candidate-1500/images/fake/13c45a75dad1960b9f9fc7a54a7b443e924b6e5851715d8f4e92325b7709e477.png,medium,1,0.9912760257720947
13c46897e41a98079999097ab568f660237999ae6283ac983e40c6fecc413c41,data/datasets/openfake/additional-900/images/fake/13c46897e41a98079999097ab568f660237999ae6283ac983e40c6fecc413c41.png,medium,1,0.8928788900375366
13dd32f87ee26c1d81a03932949b00989b8b8b69d7e252296bb00365f5fef744,data/datasets/openfake/additional-900/images/fake/13dd32f87ee26c1d81a03932949b00989b8b8b69d7e252296bb00365f5fef744.jpg,medium,1,0.9362194538116455
13eaf3f006a205859c056a62b1fbad814fc90a268bfd4129b442feffc38a4cec,data/datasets/openfake/additional-900/images/real/13eaf3f006a205859c056a62b1fbad814fc90a268bfd4129b442feffc38a4cec.jpg,medium,0,0.1836152821779251
14253a5bf9a0a88715e4f1863eaa4131e7360b298cf389b70cacaea09fcb7802,data/datasets/sid-set/candidate-1500/images/real/14253a5bf9a0a88715e4f1863eaa4131e7360b298cf389b70cacaea09fcb7802.jpg,medium,0,0.026379507035017014
1434df2cec3248215c2ce1de789b53deeb7607de561b5f2ef8893702c0e5982d,data/datasets/RRDataset/selection_1500/lorenzo/real/real_001967.jpg,medium,0,0.7652220726013184
143d2239be8b27502ad928aa162a8a365bf620671e1fd748153dba217be7fc72,data/datasets/sid-set/candidate-1500/images/fake/143d2239be8b27502ad928aa162a8a365bf620671e1fd748153dba217be7fc72.png,medium,1,0.9408536553382874
1476ccacb2ca15cba18839c8b9e6262d91a7f366c4342717d45f05abc0aec035,data/datasets/RRDataset/selection_1500/sara/ai/normal_009411.png,medium,1,0.9993532299995422
14892f90843f64d05043a1fd060f02b14d8c22ada2a02d7bb12592c0015f5889,data/datasets/openfake/additional-900/images/real/14892f90843f64d05043a1fd060f02b14d8c22ada2a02d7bb12592c0015f5889.jpg,medium,0,0.08200089633464813
14a5dcec9e8bad994bf0de1540d26701337911842c94bdece8bd261aee51b25e,data/datasets/sid-set/candidate-1500/images/fake/14a5dcec9e8bad994bf0de1540d26701337911842c94bdece8bd261aee51b25e.png,medium,1,0.9972140192985535
14a664d7344658742b8d8c5a5190fa1abc61986cc90e7b186f163fad4011dfcc,data/datasets/sid-set/candidate-1500/images/fake/14a664d7344658742b8d8c5a5190fa1abc61986cc90e7b186f163fad4011dfcc.png,medium,1,0.9785798788070679
14aba19fca4ea1aae0d9fdd78da761b7bf6f2704ed20656235b4d24fc712bef2,data/datasets/openfake/additional-900/images/real/14aba19fca4ea1aae0d9fdd78da761b7bf6f2704ed20656235b4d24fc712bef2.jpg,medium,0,0.21495169401168823
14ac295e296b350bef7a22796d6dd6f962353f3b44b3239c331161d62100970c,data/datasets/sid-set/candidate-1500/images/real/14ac295e296b350bef7a22796d6dd6f962353f3b44b3239c331161d62100970c.jpg,medium,0,0.14462941884994507
14acc8c0d89e4492d79d2b43068916e924ed4f629248e6ac2913528168425830,data/datasets/openfake/additional-900/images/real/14acc8c0d89e4492d79d2b43068916e924ed4f629248e6ac2913528168425830.jpg,medium,0,0.0012322007678449154
14bcd2ea8e468de15eb7ca9d16a3370caa8bb467f659b4043df2fcc1350f5628,data/datasets/sid-set/candidate-1500/images/real/14bcd2ea8e468de15eb7ca9d16a3370caa8bb467f659b4043df2fcc1350f5628.jpg,medium,0,0.967743992805481
14c284b8e48774b91bcf9b744be94afbe4f187956fe77f13fa99357b3eee663a,data/datasets/openfake/additional-900/images/fake/14c284b8e48774b91bcf9b744be94afbe4f187956fe77f13fa99357b3eee663a.png,medium,1,0.9345858693122864
14c3155a8eb37b344c101c2fb306ef4054ac1266510b7391b18f4483f8bae30b,data/datasets/RRDataset/selection_1500/lorenzo/ai/Political_&_Social_Events_000791.png,medium,1,0.9943068623542786
14ccd22b4ff7a5370c5ac3f7bd8dad047c581e344bbd21f524df37ba4d077356,data/datasets/sid-set/candidate-1500/images/real/14ccd22b4ff7a5370c5ac3f7bd8dad047c581e344bbd21f524df37ba4d077356.jpg,medium,0,0.9324080944061279
14df3a280afb698df7227ced3333c17a812c53cb601255b12fbe2a61ff021a75,data/datasets/RRDataset/selection_1500/giovanni/real/real_001904.jpg,medium,0,0.8776184320449829
14f513fd84768fdc790b42c5ae5b665f2e2d4f96e33c469ca987b0d5a150ae11,data/datasets/sid-set/candidate-1500/images/real/14f513fd84768fdc790b42c5ae5b665f2e2d4f96e33c469ca987b0d5a150ae11.jpg,medium,0,0.08284793049097061
150e252b157d1adc11b58a1487676d599e40aeb02a1f82cc61870eba77502bf3,data/datasets/RRDataset/selection_1500/sara/ai/Culture_&_Religion_000292.png,medium,1,0.978286623954773
153ccd12c2ba1852d9b908a7595ceab2880fc0a5cc5bee099be1a2bd17523f78,data/datasets/sid-set/candidate-1500/images/real/153ccd12c2ba1852d9b908a7595ceab2880fc0a5cc5bee099be1a2bd17523f78.jpg,medium,0,0.03990180417895317
15423dea4c2bd3c293712d2c6dcfc57e09f2de90f285f7fff1a8da7000fbac48,data/datasets/sid-set/candidate-1500/images/fake/15423dea4c2bd3c293712d2c6dcfc57e09f2de90f285f7fff1a8da7000fbac48.png,medium,1,0.9557675123214722
1564245bbd0aa7132fa0391258283c258e918d85f04ecb93564a3b29de3261ce,data/datasets/openfake/additional-900/images/real/1564245bbd0aa7132fa0391258283c258e918d85f04ecb93564a3b29de3261ce.jpg,medium,0,0.011436562053859234
1564c851846d5432623a866f7b3a5e24de764de4df025e4bfc903c331041ed38,data/datasets/openfake/pilot-600/images/fake/1564c851846d5432623a866f7b3a5e24de764de4df025e4bfc903c331041ed38.png,medium,1,0.28794196248054504
1589d1fd225b765173ac4cb7b458f48991a239f5085f9eaf8a1c1a2468ccb28c,data/datasets/RRDataset/selection_1500/giovanni/real/real_006130.jpg,medium,0,0.9445534944534302
158f234e6953e5ceaa104536689f08922a74c65b05cfadd2ab4a7812b1fb084e,data/datasets/sid-set/candidate-1500/images/fake/158f234e6953e5ceaa104536689f08922a74c65b05cfadd2ab4a7812b1fb084e.png,medium,1,0.9686844944953918
159a60c15f074e98ab005b1028adbc2084536fe577df51646c0509ad936704ab,data/datasets/openfake/additional-900/images/fake/159a60c15f074e98ab005b1028adbc2084536fe577df51646c0509ad936704ab.png,medium,1,0.9363215565681458
15ae8374438d5cc4db199621967bb1de849004e3e9b332e829a1596aed8ef51b,data/datasets/sid-set/candidate-1500/images/real/15ae8374438d5cc4db199621967bb1de849004e3e9b332e829a1596aed8ef51b.jpg,medium,0,0.056176651269197464
15d3a422fe6d65815ca6cd46b2d8c98621c5be9f2c7a261f446052b2bd374959,data/datasets/RRDataset/selection_1500/sara/real/real_007717.jpg,medium,0,0.5620002746582031
15dddb8318d3d198e496fe3c8723d5d71a4c475c8e31094ffe788b851ed9aa1d,data/datasets/openfake/additional-900/images/fake/15dddb8318d3d198e496fe3c8723d5d71a4c475c8e31094ffe788b851ed9aa1d.png,medium,1,0.8416568636894226
16085a68c11ec7e38156aeaf0c08eb5ba0e70a21ef0d8c5b6c8ba7743fa7c50e,data/datasets/sid-set/candidate-1500/images/fake/16085a68c11ec7e38156aeaf0c08eb5ba0e70a21ef0d8c5b6c8ba7743fa7c50e.png,medium,1,0.9724830985069275
160bc0bc57af8938379209b31d1ff76de80728422008d028098e7ce111465bc4,data/datasets/openfake/additional-900/images/fake/160bc0bc57af8938379209b31d1ff76de80728422008d028098e7ce111465bc4.png,medium,1,0.7175657749176025
161a24d079a4cbaca93de55ee2af8a40aa1b60871e63a61e03dcef0f6d964310,data/datasets/RRDataset/selection_1500/giovanni/real/real_005826.jpg,medium,0,0.98759925365448
161f0a7501ffd5d637fa5d4137dbe3b8f530c90666b2d8ee43147c11473c3b83,data/datasets/sid-set/candidate-1500/images/real/161f0a7501ffd5d637fa5d4137dbe3b8f530c90666b2d8ee43147c11473c3b83.jpg,medium,0,0.013709566555917263
161f202bb986abd629905ea2fefd16a7679a0e38574e9efe1af8692090b7cad2,data/datasets/RRDataset/selection_1500/sara/ai/War_&_Conflict_Scenes_000764.png,medium,1,0.9059655070304871
16203f9e3abbe615f54b91ff6a4d2adc7396e7f2d6456b8e72796337a2977498,data/datasets/RRDataset/selection_1500/sara/real/real_009101.jpg,medium,0,0.036913152784109116
1649eac954d5a54d6419a76ce460b565d1afe9b052b78663aecadb88a4038f6d,data/datasets/sid-set/candidate-1500/images/real/1649eac954d5a54d6419a76ce460b565d1afe9b052b78663aecadb88a4038f6d.jpg,medium,0,0.01978367567062378
1676bd5789897743587c9d3bca259c029a8760958b17e4e201840a8baf1af383,data/datasets/sid-set/candidate-1500/images/real/1676bd5789897743587c9d3bca259c029a8760958b17e4e201840a8baf1af383.jpg,medium,0,0.42237088084220886
1679aa420705cac2a1bfea454041aacf32a615d1b8f68129d88b8c576f6f1db2,data/datasets/openfake/additional-900/images/real/1679aa420705cac2a1bfea454041aacf32a615d1b8f68129d88b8c576f6f1db2.jpg,medium,0,0.5175105333328247
167fc1a77539275649a700c0aa6567cd3b9649224808e7caf9c52f760f549d7e,data/datasets/openfake/additional-900/images/real/167fc1a77539275649a700c0aa6567cd3b9649224808e7caf9c52f760f549d7e.jpg,medium,0,0.022934861481189728
168676527b9659af3e21dfa26d798a0ae26054c0b00ce38bce57c2e5e2605212,data/datasets/openfake/pilot-600/images/real/168676527b9659af3e21dfa26d798a0ae26054c0b00ce38bce57c2e5e2605212.jpg,medium,0,0.013266520574688911
16a2e8eae24a2a885aa33739b75543fed13358427ee3e023f7d3559f443a407c,data/datasets/sid-set/candidate-1500/images/fake/16a2e8eae24a2a885aa33739b75543fed13358427ee3e023f7d3559f443a407c.png,medium,1,0.9803928732872009
16aec872399be4e1ded155736a2104117e2663c55237b7d8afcc74e55fba5601,data/datasets/openfake/pilot-600/images/real/16aec872399be4e1ded155736a2104117e2663c55237b7d8afcc74e55fba5601.jpg,medium,0,0.001048300415277481
16c14f1512289686074b3c869540122c654ed5b851f31b72dbb7dc6f861b78a6,data/datasets/sid-set/candidate-1500/images/real/16c14f1512289686074b3c869540122c654ed5b851f31b72dbb7dc6f861b78a6.jpg,medium,0,0.8021886944770813
16c1b979972f6b2d2846de0545138c9051fdcce463834dc2d9e9c074efbdeb29,data/datasets/openfake/pilot-600/images/real/16c1b979972f6b2d2846de0545138c9051fdcce463834dc2d9e9c074efbdeb29.jpg,medium,0,0.5544804334640503
175a0f865cdd2708d7d76342d9c750c303c811cee85de38e7e086a572959a796,data/datasets/sid-set/candidate-1500/images/real/175a0f865cdd2708d7d76342d9c750c303c811cee85de38e7e086a572959a796.jpg,medium,0,0.4834461212158203
1771183626e16132371803c9122ea394f6647fb06f41e5268589dbe51fd1b596,data/datasets/openfake/additional-900/images/fake/1771183626e16132371803c9122ea394f6647fb06f41e5268589dbe51fd1b596.png,medium,1,0.9723090529441833
17b16327b31e710e33099d5bbdf9b064a4a89740b4b52914cf275d148020f7e2,data/datasets/openfake/pilot-600/images/fake/17b16327b31e710e33099d5bbdf9b064a4a89740b4b52914cf275d148020f7e2.png,medium,1,0.9982592463493347
17b63058c685059cf8d116acde86a5177525309bd1b5208b68208ea6aef1e233,data/datasets/openfake/pilot-600/images/real/17b63058c685059cf8d116acde86a5177525309bd1b5208b68208ea6aef1e233.jpg,medium,0,0.0052610523998737335
18481af923c1eb46606764eefe32ab02e679036b66ffe1827c876ad040795a7b,data/datasets/openfake/additional-900/images/fake/18481af923c1eb46606764eefe32ab02e679036b66ffe1827c876ad040795a7b.png,medium,1,0.7975029349327087
1863f9968a510cd7ccce2a9ea0bf7689417bb78e044045decfccd6886d60b8f5,data/datasets/RRDataset/selection_1500/giovanni/real/real_000154.jpg,medium,0,0.22232717275619507
18677039b1d14ceed604c80d4207873d1f48bd6b1510ceb1a6ff3836b1c67a22,data/datasets/RRDataset/selection_1500/sara/real/real_004336.jpg,medium,0,0.14678886532783508
186a7c729029dec4ee8964638fd861cd7152a392320d4928fd8ce5f21bcb317f,data/datasets/RRDataset/selection_1500/lorenzo/ai/Culture_&_Religion_000806.png,medium,1,0.9434368014335632
18712211c1127285b224807fe7b06db51315ee990936fe20d52cf17934c56ef3,data/datasets/sid-set/candidate-1500/images/fake/18712211c1127285b224807fe7b06db51315ee990936fe20d52cf17934c56ef3.png,medium,1,0.9798034429550171
187508b0cba09aa5189880f37d155cf36dede087dda427f738197fbd2fd684c9,data/datasets/sid-set/candidate-1500/images/fake/187508b0cba09aa5189880f37d155cf36dede087dda427f738197fbd2fd684c9.png,medium,1,0.9696032404899597
18751ab204d7dc3c37bc1c5e23b749cc6b3c5c3eb014f1165a85421f1396070e,data/datasets/openfake/additional-900/images/real/18751ab204d7dc3c37bc1c5e23b749cc6b3c5c3eb014f1165a85421f1396070e.jpg,medium,0,0.0003289751475676894
187a6890f0e1601169e483821043f73f14473a907d7612c8d56c3d579a1e43a2,data/datasets/RRDataset/selection_1500/lorenzo/ai/normal_007808.png,medium,1,0.9880039691925049
1885de671383273149c2a1c998c85c6a5ccf488cf9a65175f9457ac1d6721d98,data/datasets/openfake/pilot-600/images/fake/1885de671383273149c2a1c998c85c6a5ccf488cf9a65175f9457ac1d6721d98.png,medium,1,0.9207774996757507
18a86c9bef8206bf37e3d41dd3d5df8fa34e06b299db11eaabf7cd2c004ddaa7,data/datasets/openfake/pilot-600/images/fake/18a86c9bef8206bf37e3d41dd3d5df8fa34e06b299db11eaabf7cd2c004ddaa7.jpg,medium,1,0.979158878326416
18b5a703fb533639ae5b1edecc8d97ec8a5e240275173b1f39f0aad59f6314c4,data/datasets/RRDataset/selection_1500/giovanni/ai/production_000515.png,medium,1,0.9982709884643555
18cfb8b96af1cdc6c0a14f5034f65a2a05d906f88adab74d0952ddef8871bce6,data/datasets/openfake/pilot-600/images/fake/18cfb8b96af1cdc6c0a14f5034f65a2a05d906f88adab74d0952ddef8871bce6.png,medium,1,0.8902838826179504
18daf12aa2da356f48f91d94987db33d702523bcb6906b640d6a2e2bdf86b463,data/datasets/openfake/pilot-600/images/real/18daf12aa2da356f48f91d94987db33d702523bcb6906b640d6a2e2bdf86b463.jpg,medium,0,0.02056269720196724
18ed85d1de33fd0780782337a9a228e54f0b191a7bf340a75cc8d390486674e5,data/datasets/sid-set/candidate-1500/images/fake/18ed85d1de33fd0780782337a9a228e54f0b191a7bf340a75cc8d390486674e5.png,medium,1,0.997423529624939
190e79c0a80f24d370bdc91d5b0ccc8ba26374e7029f86cef65fc3441ad1c466,data/datasets/sid-set/candidate-1500/images/real/190e79c0a80f24d370bdc91d5b0ccc8ba26374e7029f86cef65fc3441ad1c466.jpg,medium,0,0.36846432089805603
191a8ba65ff5fae2d68837eb60590b97ddcc5b701c30c8ff7ca9b770e2f13ce8,data/datasets/sid-set/candidate-1500/images/fake/191a8ba65ff5fae2d68837eb60590b97ddcc5b701c30c8ff7ca9b770e2f13ce8.png,medium,1,0.9995286464691162
193a50148cdb4cb8b7e1d9e078f60e1913a69787b44221e4ae72be23ccefeca3,data/datasets/openfake/additional-900/images/fake/193a50148cdb4cb8b7e1d9e078f60e1913a69787b44221e4ae72be23ccefeca3.png,medium,1,0.9945796728134155
19457c75e39c935c052e5dde70fa274c78a556c58547f9869871594bc9101387,data/datasets/sid-set/candidate-1500/images/fake/19457c75e39c935c052e5dde70fa274c78a556c58547f9869871594bc9101387.png,medium,1,0.9658785462379456
196c80108d6be6d6f4133298647e279118b7df27ce9cf55312b48774d9b07c0d,data/datasets/RRDataset/selection_1500/giovanni/ai/Culture_&_Religion_000182.png,medium,1,0.8606728911399841
1982c891e00bd396f991e132074adcc3a15e939be57371ecc1b833522e1f72eb,data/datasets/RRDataset/selection_1500/lorenzo/real/real_008250.jpg,medium,0,0.873511791229248
198b4ee4455104444b096016a7f3071069f75c4fbfd3755f8d4ad8842bdde63e,data/datasets/RRDataset/selection_1500/sara/real/real_004694.jpg,medium,0,0.9259418249130249
1991834aa6ef561567cf37ce3ce5aadc0eecbaf46b75c6daf4b3261a07a3a0bc,data/datasets/RRDataset/selection_1500/sara/real/real_003258.jpg,medium,0,0.8406676650047302
19a5a634bd497453962877b07938da263d71755c511d16ba99aa4c759d92af09,data/datasets/RRDataset/selection_1500/giovanni/real/real_005660.jpg,medium,0,0.3452509641647339
19bf0fa724fffaf5ce31b3e1db8269548ab488537a8bdd608df390715fdedfb4,data/datasets/RRDataset/selection_1500/lorenzo/real/real_006848.jpg,medium,0,0.9096657037734985
19c530d2a60c0687844cc650389c43eaab499d15c6457ba593704a77a73a7007,data/datasets/openfake/pilot-600/images/fake/19c530d2a60c0687844cc650389c43eaab499d15c6457ba593704a77a73a7007.png,medium,1,0.6432943940162659
19c7f0bd5184a3e640b2bedec797ab6499ce7ffb93a2ebae088769536f25defc,data/datasets/sid-set/candidate-1500/images/real/19c7f0bd5184a3e640b2bedec797ab6499ce7ffb93a2ebae088769536f25defc.jpg,medium,0,0.4408305287361145
19d9bd9b277b6425a04c31d3b9f7d993e62f9dd21766def9ccbaaa907bb217f0,data/datasets/sid-set/candidate-1500/images/real/19d9bd9b277b6425a04c31d3b9f7d993e62f9dd21766def9ccbaaa907bb217f0.jpg,medium,0,0.007852633483707905
19f73e2621e310f4b83b9c81d451c5aaeb67a63b5cca858cdc435262e9beafb1,data/datasets/sid-set/candidate-1500/images/real/19f73e2621e310f4b83b9c81d451c5aaeb67a63b5cca858cdc435262e9beafb1.jpg,medium,0,0.9505249261856079
19ff678e93f0e73e3253d9b50be407d464033e0f4171ef01db8fcc5ba58159af,data/datasets/openfake/pilot-600/images/real/19ff678e93f0e73e3253d9b50be407d464033e0f4171ef01db8fcc5ba58159af.jpg,medium,0,0.20483553409576416
1a0f5cdf7ab03bd0a52e189ce65385a1763cd2669eae67037a9c4c1f9928621c,data/datasets/sid-set/candidate-1500/images/fake/1a0f5cdf7ab03bd0a52e189ce65385a1763cd2669eae67037a9c4c1f9928621c.png,medium,1,0.9906344413757324
1a10e13de0f7ba5709ede61ba4eae47b5f9837118f98f838e63d7277d9375e0d,data/datasets/openfake/pilot-600/images/real/1a10e13de0f7ba5709ede61ba4eae47b5f9837118f98f838e63d7277d9375e0d.jpg,medium,0,0.1054299995303154
1a320a3d7d11e9e95f1faa9864c68518ab3829a7ce2f2649b68a1f41e0912dc7,data/datasets/sid-set/candidate-1500/images/real/1a320a3d7d11e9e95f1faa9864c68518ab3829a7ce2f2649b68a1f41e0912dc7.jpg,medium,0,0.04294453561306
1a81b6718f52d4787777fdd0cc65ffd0f61a5311ea5bd20c73217381c5bc0c2e,data/datasets/openfake/pilot-600/images/fake/1a81b6718f52d4787777fdd0cc65ffd0f61a5311ea5bd20c73217381c5bc0c2e.png,medium,1,0.9785711169242859
1a8d02901738183f57a59a686fb847bcb003d46de5fd2fbf10ce889898f0d9b0,data/datasets/sid-set/candidate-1500/images/real/1a8d02901738183f57a59a686fb847bcb003d46de5fd2fbf10ce889898f0d9b0.jpg,medium,0,0.04499993100762367
1ab16642b8f631407df60b9e51c0ef35140598ebe3c0cf17a3f03c42d8053484,data/datasets/RRDataset/selection_1500/lorenzo/real/real_003983.jpg,medium,0,0.6124315857887268
1abd06f1eb5a9190036995b314cb6eabc033b699e7c46b561b890862d2bccd5f,data/datasets/sid-set/candidate-1500/images/real/1abd06f1eb5a9190036995b314cb6eabc033b699e7c46b561b890862d2bccd5f.jpg,medium,0,0.6063556671142578
1ae5f72c089dc309dbe0dc7157984efe19146c593839cf84dc434b6610a50ad9,data/datasets/openfake/additional-900/images/real/1ae5f72c089dc309dbe0dc7157984efe19146c593839cf84dc434b6610a50ad9.jpg,medium,0,0.4156169295310974
1ae640c6e6fa423867b305b25e8b382a5f065061f8ce101e6394b62717254a7a,data/datasets/RRDataset/selection_1500/giovanni/real/real_000014.png,medium,0,0.9145846366882324
1aef516961e150465470a1132a4921b721dc9ba6c6b2fcfc2b376e62ad13499a,data/datasets/sid-set/candidate-1500/images/fake/1aef516961e150465470a1132a4921b721dc9ba6c6b2fcfc2b376e62ad13499a.png,medium,1,0.9781894087791443
1af942d8ab3e7d2518b12df29992ddf4cf3f2571489c3dbdbdf79f4a6efb3691,data/datasets/openfake/additional-900/images/real/1af942d8ab3e7d2518b12df29992ddf4cf3f2571489c3dbdbdf79f4a6efb3691.jpg,medium,0,0.00017242664762306958
1afe45d7505bc1fa8fe138c246670aa6839106b61cd4e5c991e74485cdb38dac,data/datasets/sid-set/candidate-1500/images/real/1afe45d7505bc1fa8fe138c246670aa6839106b61cd4e5c991e74485cdb38dac.jpg,medium,0,0.8996776342391968
1b04a6b945ce39449a7cc7fbd80beafb7a3e5f441b16887746291fcfe5d5c461,data/datasets/RRDataset/selection_1500/lorenzo/ai/Medical_&_Public_Health_000578.png,medium,1,0.9828240871429443
1b93918831c1bc80d2028ba2075cb32c50618be10daf2fcdaa4b305a48dcd0d8,data/datasets/openfake/additional-900/images/fake/1b93918831c1bc80d2028ba2075cb32c50618be10daf2fcdaa4b305a48dcd0d8.png,medium,1,0.9516686797142029
1b9a156cda93a270a42c338aa7c29c2e8c20efa07a6fd4e2c3740dab83d5db10,data/datasets/sid-set/candidate-1500/images/real/1b9a156cda93a270a42c338aa7c29c2e8c20efa07a6fd4e2c3740dab83d5db10.jpg,medium,0,0.9210389256477356
1b9e7c61734bbe03aee1ceabd294cabae982d0cb4cdd27604820a6eda101f702,data/datasets/RRDataset/selection_1500/giovanni/ai/Culture_&_Religion_000797.png,medium,1,0.9897449612617493
1ba6feb03afdb7ba7a2daed115e162f9a6c1f0422c20200d46fef00693ce27f8,data/datasets/openfake/additional-900/images/fake/1ba6feb03afdb7ba7a2daed115e162f9a6c1f0422c20200d46fef00693ce27f8.png,medium,1,0.9654847979545593
1bb1589ed6e97df41ca7fc2d12f2b4d4d2b7d96ee5105d40271407bfe8741c91,data/datasets/sid-set/candidate-1500/images/fake/1bb1589ed6e97df41ca7fc2d12f2b4d4d2b7d96ee5105d40271407bfe8741c91.png,medium,1,0.9528629183769226
1bb9ab4aa45423831f71250ee8721029a432fa78fd0e52d1fa985cbe3b7556f1,data/datasets/sid-set/candidate-1500/images/real/1bb9ab4aa45423831f71250ee8721029a432fa78fd0e52d1fa985cbe3b7556f1.jpg,medium,0,0.5607887506484985
1bc86717d2c636c94375ac7004f5d4f6e54bf18c27138c7dc48d8b06f69d0c2a,data/datasets/RRDataset/selection_1500/sara/ai/Medical_&_Public_Health_000627.png,medium,1,0.9838776588439941
1bcfce7cd8f0175b51ffe4ceae69da445a1484d04c9e8637c83a4506ca4fa2dd,data/datasets/openfake/pilot-600/images/fake/1bcfce7cd8f0175b51ffe4ceae69da445a1484d04c9e8637c83a4506ca4fa2dd.webp,medium,1,0.9159026145935059
1bd1d4f16b72cd3d16cbe1fedf769d4e1b859333ba5f4c8836688928a8e3d865,data/datasets/openfake/pilot-600/images/fake/1bd1d4f16b72cd3d16cbe1fedf769d4e1b859333ba5f4c8836688928a8e3d865.png,medium,1,0.9983331561088562
1be0ff7dd61bb40e9e21b15aeaa62d509f3b4d50e75e4471c9ffa4c96c308900,data/datasets/sid-set/candidate-1500/images/fake/1be0ff7dd61bb40e9e21b15aeaa62d509f3b4d50e75e4471c9ffa4c96c308900.png,medium,1,0.9390950202941895
1be2620cb340f2889a3779bd7091ed8c4e42131982d9a2b5534ad7a9aa7070ba,data/datasets/sid-set/candidate-1500/images/fake/1be2620cb340f2889a3779bd7091ed8c4e42131982d9a2b5534ad7a9aa7070ba.png,medium,1,0.9528967142105103
1be5e2d9927b3e26d7a9e783e3f14f70b721508011d9d4bb86de940c6a31001a,data/datasets/openfake/pilot-600/images/real/1be5e2d9927b3e26d7a9e783e3f14f70b721508011d9d4bb86de940c6a31001a.jpg,medium,0,0.360822468996048
1bfa76f151ce782e2d59b37f2ceb3f07aad397bd581f3a1d058ac9a104d62ad4,data/datasets/openfake/pilot-600/images/fake/1bfa76f151ce782e2d59b37f2ceb3f07aad397bd581f3a1d058ac9a104d62ad4.png,medium,1,0.9750795960426331
1c2b8f1d874d78e86dec0ef527ab337b3cef94333f7ab22470384b99399dc225,data/datasets/openfake/additional-900/images/real/1c2b8f1d874d78e86dec0ef527ab337b3cef94333f7ab22470384b99399dc225.jpg,medium,0,0.17231881618499756
1c2bd7d8820532f8959f4e311a7a12dd1089a81c3e2a61f58fcd798574422470,data/datasets/sid-set/candidate-1500/images/fake/1c2bd7d8820532f8959f4e311a7a12dd1089a81c3e2a61f58fcd798574422470.png,medium,1,0.9799551367759705
1c332d5e8e126675bb473827e28520c1898f73a756a3df5d6cde9cfbd5787f6b,data/datasets/openfake/additional-900/images/fake/1c332d5e8e126675bb473827e28520c1898f73a756a3df5d6cde9cfbd5787f6b.png,medium,1,0.9631333947181702
1c511eea248274819445d7738f5743951966fa609de309a52140e5b1857bbc1f,data/datasets/openfake/additional-900/images/real/1c511eea248274819445d7738f5743951966fa609de309a52140e5b1857bbc1f.jpg,medium,0,0.6921270489692688
1c6780a5229c865b623de88042515ee79e69e78d48023d9a74f589c469cf689e,data/datasets/openfake/pilot-600/images/fake/1c6780a5229c865b623de88042515ee79e69e78d48023d9a74f589c469cf689e.png,medium,1,0.899928867816925
1c7b3647bde78519d9252f668fabca747174238c881e148610097de71061d235,data/datasets/sid-set/candidate-1500/images/real/1c7b3647bde78519d9252f668fabca747174238c881e148610097de71061d235.jpg,medium,0,0.9671740531921387
1c9f16e1d6d8cb404e2ab836ca927743e31c31f9dda8de0d408a028de3b92932,data/datasets/openfake/pilot-600/images/fake/1c9f16e1d6d8cb404e2ab836ca927743e31c31f9dda8de0d408a028de3b92932.png,medium,1,0.9456985592842102
1cd1dce733142672cd5255977a560ba779661f369b8f08b8e4f642a778f9f08a,data/datasets/openfake/additional-900/images/real/1cd1dce733142672cd5255977a560ba779661f369b8f08b8e4f642a778f9f08a.jpg,medium,0,0.13776414096355438
1ce02e67b5980d1a7a57a0f7673fa6b291b17545e72829a02ce7f203cd6dee8d,data/datasets/RRDataset/selection_1500/sara/ai/Political_&_Social_Events_000181.png,medium,1,0.8673150539398193
1ce5f20d7c4c95c0a6eeb3d912e2f63c98a1103d2636f9ad3b5d4999eea63d58,data/datasets/RRDataset/selection_1500/sara/real/real_002632.jpg,medium,0,0.9567857980728149
1ceebdbd8f8880e6fd354366bf72a797ed8b489b293345fb865514a68151d8aa,data/datasets/sid-set/candidate-1500/images/real/1ceebdbd8f8880e6fd354366bf72a797ed8b489b293345fb865514a68151d8aa.jpg,medium,0,0.9082629680633545
1d1261608065a9ea83831a17f7caf671b1f5f8dd6681d440b2026ee28598bb8e,data/datasets/RRDataset/selection_1500/giovanni/ai/production_000340.png,medium,1,0.9873806238174438
1d2b01a82b5deb013e265141ffa79161b90ec884a25e3a740acf34fc758f29f7,data/datasets/RRDataset/selection_1500/sara/real/real_006708.jpg,medium,0,0.9088109731674194
1d38a1a5e788bbe0b72ab69b1f96a917dbb6d14a0dbee3a4ef4f1b868c3c42f6,data/datasets/RRDataset/selection_1500/giovanni/ai/Natural_Disasters_&_Accidents_000546.png,medium,1,0.9961329698562622
1d416e0072a0de791cd53abd061c7dabbb4a98e6d390e7133f32597995e37c74,data/datasets/RRDataset/selection_1500/giovanni/real/real_002175.jpg,medium,0,0.9219331741333008
1d4c9715c5236643c209c5b671dfba7f397ba025ed77f00d832897728017c69c,data/datasets/RRDataset/selection_1500/lorenzo/ai/Natural_Disasters_&_Accidents_000525.png,medium,1,0.9966772794723511
1d5a25e27f0cfee2f925f703e34e2d41463b1bc819660fdfeff09233e9f063cb,data/datasets/openfake/additional-900/images/fake/1d5a25e27f0cfee2f925f703e34e2d41463b1bc819660fdfeff09233e9f063cb.webp,medium,1,0.2139996588230133
1d81ec86b6a05e7dfbbf2409bc7978e1f3176df178958ffc83cf2469e112dadc,data/datasets/sid-set/candidate-1500/images/real/1d81ec86b6a05e7dfbbf2409bc7978e1f3176df178958ffc83cf2469e112dadc.jpg,medium,0,0.8433620929718018
1db2cd6eb74b1ab30074042ca1d6628da91c25b99918d5e8fb0991c4732fe07e,data/datasets/RRDataset/selection_1500/lorenzo/ai/Culture_&_Religion_000512.png,medium,1,0.9919008612632751
1dbb0316c9fdf94ae2b48543f4005940e52d5ad7dd8664a02c2294f1c5fd064a,data/datasets/openfake/additional-900/images/fake/1dbb0316c9fdf94ae2b48543f4005940e52d5ad7dd8664a02c2294f1c5fd064a.png,medium,1,0.8741072416305542
1dbb0d6bf2cf47801bd23a8cb7495d2afb549a14c27a36c0dc6552c50c273dcf,data/datasets/RRDataset/selection_1500/giovanni/ai/Medical_&_Public_Health_000524.png,medium,1,0.9587291479110718
1ddc677fcc78f68516a3331923ddfb017eaa07842db6921aecfb0845eaacdaf5,data/datasets/openfake/additional-900/images/fake/1ddc677fcc78f68516a3331923ddfb017eaa07842db6921aecfb0845eaacdaf5.png,medium,1,0.9154585003852844
1e1815c3cf036b9a54d15506ee3edc36e925a2ed3a5afe65a0e63cc76c5b6956,data/datasets/openfake/additional-900/images/real/1e1815c3cf036b9a54d15506ee3edc36e925a2ed3a5afe65a0e63cc76c5b6956.jpg,medium,0,0.0027631064876914024
1e372c98cdb127e8d772bc13a52419c858bc3651ee512dfa36215b15ec4c3132,data/datasets/RRDataset/selection_1500/sara/ai/Culture_&_Religion_000736.png,medium,1,0.9551034569740295
1e3be06384c93825b2826c82758a2e22895f1e8d13827e7c7b98ab44892b04a5,data/datasets/RRDataset/selection_1500/sara/ai/Culture_&_Religion_000870.png,medium,1,0.9886854887008667
1e42e2aef08ddfe7d7325a55ac54fda825b3e5ba5131ec6d7e3edfb09bb70bcb,data/datasets/sid-set/candidate-1500/images/real/1e42e2aef08ddfe7d7325a55ac54fda825b3e5ba5131ec6d7e3edfb09bb70bcb.jpg,medium,0,0.6102480888366699
1e5425fe731c255b04fae5cb0dfc5e8434f6186545852d234d033670d3c449f9,data/datasets/sid-set/candidate-1500/images/real/1e5425fe731c255b04fae5cb0dfc5e8434f6186545852d234d033670d3c449f9.jpg,medium,0,0.9101457595825195
1e61be02e41e4e225d4ab7dac7c375150b1bf86a5f45a90c4616762e89849298,data/datasets/RRDataset/selection_1500/sara/real/real_000995.jpg,medium,0,0.8515183925628662
1e86aea4d75400d0ca1e174e2358bd0c239d76ffab6f356a64909ce0f17aeb17,data/datasets/openfake/pilot-600/images/real/1e86aea4d75400d0ca1e174e2358bd0c239d76ffab6f356a64909ce0f17aeb17.jpg,medium,0,0.00025198221555911005
1ebd600fca149613da67c19fe286b7caa221c0afa35cc1be3d78efa8178ae71b,data/datasets/RRDataset/selection_1500/sara/ai/production_000325.png,medium,1,0.9933890104293823
1ec60f4a00f16de352c4f1c64ad24f08abe579befc4f069b0734d924cda31113,data/datasets/sid-set/candidate-1500/images/real/1ec60f4a00f16de352c4f1c64ad24f08abe579befc4f069b0734d924cda31113.jpg,medium,0,0.40541568398475647
1f138752111917dfb17d14f425105459ff243d47b4db1c8750e86b16c1ab75c4,data/datasets/sid-set/candidate-1500/images/real/1f138752111917dfb17d14f425105459ff243d47b4db1c8750e86b16c1ab75c4.jpg,medium,0,0.02472556382417679
1f579705ff91e78cd07f4c5a37c21d74ca7ad1f7a931eb36f5c0dbea365617ec,data/datasets/RRDataset/selection_1500/sara/real/real_006573.jpg,medium,0,0.5632189512252808
1f61805373af202b8f3a8bbb2b0dc65d9e686a36969feb72d8681ab9af86b406,data/datasets/openfake/additional-900/images/real/1f61805373af202b8f3a8bbb2b0dc65d9e686a36969feb72d8681ab9af86b406.jpg,medium,0,0.02979493886232376
1f61b2c9c066e8171d2a5173011654033789b4bb071a0e851f0c3b46e9292bd8,data/datasets/openfake/additional-900/images/fake/1f61b2c9c066e8171d2a5173011654033789b4bb071a0e851f0c3b46e9292bd8.jpg,medium,1,0.9744462370872498
1f69e0ebfad23ce45ca1b6ec6f59195f7ffe6d774cb8c360bce54ee3341ca7e0,data/datasets/RRDataset/selection_1500/giovanni/ai/Political_&_Social_Events_000135.png,medium,1,0.912589430809021
1f6d787b0f4beab62e61c1386d9e4121d3485bc557181bf5027c89521c0bdbf0,data/datasets/openfake/additional-900/images/real/1f6d787b0f4beab62e61c1386d9e4121d3485bc557181bf5027c89521c0bdbf0.jpg,medium,0,0.00034479418536648154
1f96e0577e81ac6c855d00d6398136a507552cdeb4ad8cfbeb5b478fad80d62b,data/datasets/sid-set/candidate-1500/images/fake/1f96e0577e81ac6c855d00d6398136a507552cdeb4ad8cfbeb5b478fad80d62b.png,medium,1,0.9950183629989624
1fb12562bf72750061ae14c46388f494c7458e400fa33d3b4df37a4cef7d1c59,data/datasets/RRDataset/selection_1500/sara/real/real_003631.jpg,medium,0,0.027592573314905167
1fb6cab0fbcc6d47276a70ab57244452848733f6e2159bef8fffe04cf67720a4,data/datasets/sid-set/candidate-1500/images/fake/1fb6cab0fbcc6d47276a70ab57244452848733f6e2159bef8fffe04cf67720a4.png,medium,1,0.9927805066108704
1fbcc329ce2eca0a15ef45780971a900562688229df75884d1b35f598b44f36a,data/datasets/sid-set/candidate-1500/images/fake/1fbcc329ce2eca0a15ef45780971a900562688229df75884d1b35f598b44f36a.png,medium,1,0.9927489161491394
1fc9da9c6849fe1d80a2981815b897aeb8bc106286466266d28e01acc2aea7fc,data/datasets/openfake/additional-900/images/fake/1fc9da9c6849fe1d80a2981815b897aeb8bc106286466266d28e01acc2aea7fc.png,medium,1,0.63112473487854
1ffbe318c71601c7e01c45b979b6d63eba2822c1168ddc599ad0cf24be1e116e,data/datasets/sid-set/candidate-1500/images/real/1ffbe318c71601c7e01c45b979b6d63eba2822c1168ddc599ad0cf24be1e116e.jpg,medium,0,0.0007987683638930321
200a7a0052861e463d5f05ca2d582ce0304724531b964d437aeb3b11082f3c01,data/datasets/sid-set/candidate-1500/images/fake/200a7a0052861e463d5f05ca2d582ce0304724531b964d437aeb3b11082f3c01.png,medium,1,0.9721744060516357
201921e4a39180fb5e0f990275bd17e4c783a4adaa8365a2581fa879d1849062,data/datasets/RRDataset/selection_1500/sara/ai/Culture_&_Religion_000763.png,medium,1,0.9994906187057495
201a3944a15f8277dc3252c87ea60a35d2c5dadf9bdf7cf6dba4829303b4d6c3,data/datasets/sid-set/candidate-1500/images/fake/201a3944a15f8277dc3252c87ea60a35d2c5dadf9bdf7cf6dba4829303b4d6c3.png,medium,1,0.9674662947654724
20417e1c26d98dbe985a4ab739e60dfb1330e340f3632d4b082f05e5d1bdc41d,data/datasets/sid-set/candidate-1500/images/fake/20417e1c26d98dbe985a4ab739e60dfb1330e340f3632d4b082f05e5d1bdc41d.png,medium,1,0.9773153066635132
204e2917f387ef3b3953f2993ad6e95a032eed89f66f267e2b209e3734446ace,data/datasets/openfake/additional-900/images/fake/204e2917f387ef3b3953f2993ad6e95a032eed89f66f267e2b209e3734446ace.png,medium,1,0.026465659961104393
205618b191a6359f037868281a1d2080a198b0d6ca4c09d8db52c86d2dda4f5d,data/datasets/sid-set/candidate-1500/images/fake/205618b191a6359f037868281a1d2080a198b0d6ca4c09d8db52c86d2dda4f5d.png,medium,1,0.9772192239761353
206836d644b1161367c6085da37bf09881d3427c0f34e4d8857116e18cb453a1,data/datasets/sid-set/candidate-1500/images/fake/206836d644b1161367c6085da37bf09881d3427c0f34e4d8857116e18cb453a1.png,medium,1,0.9707645773887634
2095bd17fb54e13f0ba9966df4b8ef27a7ebc3e4117608a64ffaf6edc3c3e6f3,data/datasets/RRDataset/selection_1500/lorenzo/real/real_009156.jpg,medium,0,0.0016316560795530677
2098e4c6f7f12cb9e27b62261770bb72ec17872bab7dbe9b21d636111db64581,data/datasets/sid-set/candidate-1500/images/fake/2098e4c6f7f12cb9e27b62261770bb72ec17872bab7dbe9b21d636111db64581.png,medium,1,0.8936164975166321
20bc833ac6a1884f8fca53f03d3e419bb4866fcb0287769333f9555c9051afef,data/datasets/RRDataset/selection_1500/lorenzo/ai/Natural_Disasters_&_Accidents_000529.png,medium,1,0.9985162615776062
20bd466274c688abc8452f933269fa86ea7188256c2a3ff6e2edac11f965ffa2,data/datasets/sid-set/candidate-1500/images/real/20bd466274c688abc8452f933269fa86ea7188256c2a3ff6e2edac11f965ffa2.jpg,medium,0,0.1255919188261032
20e030659e9887f1546479f72bcc243850b2286dee1c0047e270897dd9e2bffc,data/datasets/sid-set/candidate-1500/images/real/20e030659e9887f1546479f72bcc243850b2286dee1c0047e270897dd9e2bffc.jpg,medium,0,0.013759210705757141
20eb12a89eaf1a8af0ac282c3dd6e89d1517fe082b608b3f3f333cdb279ab30f,data/datasets/sid-set/candidate-1500/images/real/20eb12a89eaf1a8af0ac282c3dd6e89d1517fe082b608b3f3f333cdb279ab30f.jpg,medium,0,0.6285820603370667
20f40fc72b78a4fbcf36e9f31394da7a739e50d418754d37a81e616f20d3acb6,data/datasets/openfake/pilot-600/images/real/20f40fc72b78a4fbcf36e9f31394da7a739e50d418754d37a81e616f20d3acb6.jpg,medium,0,0.10474499315023422
20fbee41667b5ee765ed2c62353a0885f4004570a92b191b60f7e249e3fe7343,data/datasets/sid-set/candidate-1500/images/real/20fbee41667b5ee765ed2c62353a0885f4004570a92b191b60f7e249e3fe7343.jpg,medium,0,0.005991216283291578
20fd7dcb90c630ad7009a7ea6faa3d1b829d026c8c01618b1b981bd093d88e76,data/datasets/RRDataset/selection_1500/giovanni/ai/Culture_&_Religion_000511.png,medium,1,0.9943511486053467
2108c6cb939d1d8d6da6d656fb51268d443a28fbc212c81c1b370495becd3761,data/datasets/RRDataset/selection_1500/sara/real/real_000485.jpg,medium,0,0.4851292669773102
210ab0f8fc6859fd37a4ebe1b0b9520505345730486821eedf5a4cb981c16da1,data/datasets/openfake/pilot-600/images/fake/210ab0f8fc6859fd37a4ebe1b0b9520505345730486821eedf5a4cb981c16da1.webp,medium,1,0.9747251868247986
210ad771646e8be549b79ee1fe5eccb64e24eabb8c53edfbf15292d52efb2c5c,data/datasets/sid-set/candidate-1500/images/real/210ad771646e8be549b79ee1fe5eccb64e24eabb8c53edfbf15292d52efb2c5c.jpg,medium,0,0.013605417683720589
2120ab66203a98af3c9d88410ef4716e29ab37487b6e4823a7ced411aad21e88,data/datasets/RRDataset/selection_1500/giovanni/real/real_006913.jpg,medium,0,0.3011198937892914
215fc319b724f92612b408c7c975f3148125687f75c1bd5cdfcb52cde613cab0,data/datasets/sid-set/candidate-1500/images/real/215fc319b724f92612b408c7c975f3148125687f75c1bd5cdfcb52cde613cab0.jpg,medium,0,0.5084123015403748
216bcaf01f6a299af7afbfbee58ddd6605f07021873572a39cf69f66e956cb9c,data/datasets/openfake/additional-900/images/fake/216bcaf01f6a299af7afbfbee58ddd6605f07021873572a39cf69f66e956cb9c.webp,medium,1,0.7629385590553284
21773b1538f82236655b407b03afb13c87ec27c054f703e4656333aaeb67bc82,data/datasets/openfake/pilot-600/images/real/21773b1538f82236655b407b03afb13c87ec27c054f703e4656333aaeb67bc82.jpg,medium,0,0.927453875541687
219a080014e0bc6397e72dbb87a5479c0e1c8bd8b0ddcb9ca04f612ca76a6339,data/datasets/RRDataset/selection_1500/giovanni/ai/Natural_Disasters_&_Accidents_000848.png,medium,1,0.9934053421020508
21ab27fd4f26bc06653dda259fb604f1b23b4c95e2cad1f33f02ab3f7325697e,data/datasets/RRDataset/selection_1500/giovanni/real/real_008736.jpg,medium,0,0.01798720471560955
21aee744ba7ffaa3ac5a4d4f8a1c7d4b50fd19b45ffe0d0f15b527bc96f4209b,data/datasets/openfake/additional-900/images/real/21aee744ba7ffaa3ac5a4d4f8a1c7d4b50fd19b45ffe0d0f15b527bc96f4209b.jpg,medium,0,0.0028147161938250065
21c59e3c8f2c33ff5b59b584dae4a18ab0c37c9fc1ba3149cfd0f59f18580dc7,data/datasets/openfake/additional-900/images/fake/21c59e3c8f2c33ff5b59b584dae4a18ab0c37c9fc1ba3149cfd0f59f18580dc7.png,medium,1,0.992265522480011
21ea124c36f8366371fb905bd1cd4db4d9b96d3309003dab60772f6341d4392c,data/datasets/openfake/pilot-600/images/fake/21ea124c36f8366371fb905bd1cd4db4d9b96d3309003dab60772f6341d4392c.png,medium,1,0.9932419657707214
21fb82c8bef1d4e3c77ba14e05a1d3d5e5b0c1bf68c622220f89622f01d8ad42,data/datasets/sid-set/candidate-1500/images/fake/21fb82c8bef1d4e3c77ba14e05a1d3d5e5b0c1bf68c622220f89622f01d8ad42.png,medium,1,0.9934604167938232
2201cecdd3684bdf909ad8d9c444ac6cfe19aed34b6a0420298866273d70f02d,data/datasets/RRDataset/selection_1500/giovanni/ai/Culture_&_Religion_000139.png,medium,1,0.9599665403366089
22b239a0faf06fbd49ed094507986d70fd095a2dfdb6fb1ed7af39ad56e402f4,data/datasets/openfake/additional-900/images/real/22b239a0faf06fbd49ed094507986d70fd095a2dfdb6fb1ed7af39ad56e402f4.jpg,medium,0,0.0003499366284813732
22b32bafa7d23ac7ee065a75540bc3d8939c4ec413972be927c90a6d9eda6b40,data/datasets/openfake/pilot-600/images/fake/22b32bafa7d23ac7ee065a75540bc3d8939c4ec413972be927c90a6d9eda6b40.png,medium,1,0.8843321204185486
22b65e60c4f72e2154b8ed8816a1b979f87e36ce680d57dde8f550cade10efb3,data/datasets/sid-set/candidate-1500/images/fake/22b65e60c4f72e2154b8ed8816a1b979f87e36ce680d57dde8f550cade10efb3.png,medium,1,0.9794070720672607
22baa876d6617bc1d3e776486fe0d9c5c3a7d7c86c97bd7ded970b807e070bc5,data/datasets/RRDataset/selection_1500/giovanni/ai/Political_&_Social_Events_000629.png,medium,1,0.9997438788414001
22c62153792403ad5d7223c93ee68daa44da0bb2c7f5bbad9d6dc92212293a2e,data/datasets/sid-set/candidate-1500/images/real/22c62153792403ad5d7223c93ee68daa44da0bb2c7f5bbad9d6dc92212293a2e.jpg,medium,0,0.379710853099823
2310020a213b01bf1670b613b67cdf54d9e078a63f232a388bb13df0d4522ee5,data/datasets/openfake/pilot-600/images/fake/2310020a213b01bf1670b613b67cdf54d9e078a63f232a388bb13df0d4522ee5.png,medium,1,0.9698169231414795
231b2eb5907718354a23a4ffe402eea77fd5ddb9b3954bb3e1acb887db9fb1e7,data/datasets/sid-set/candidate-1500/images/real/231b2eb5907718354a23a4ffe402eea77fd5ddb9b3954bb3e1acb887db9fb1e7.jpg,medium,0,0.9886681437492371
23367e4b857d9d06a0326726543152a6109eb116b92f6b338ca9118bbf079759,data/datasets/sid-set/candidate-1500/images/fake/23367e4b857d9d06a0326726543152a6109eb116b92f6b338ca9118bbf079759.png,medium,1,0.9900902509689331
234591f69ed573280e146297f67a0ca4e9684628c61c615f18d590e48411ead1,data/datasets/sid-set/candidate-1500/images/real/234591f69ed573280e146297f67a0ca4e9684628c61c615f18d590e48411ead1.jpg,medium,0,0.7032097578048706
235d9f65a8c97509cac0377ad675b47300331e576b4880821385f46069ad8af7,data/datasets/sid-set/candidate-1500/images/real/235d9f65a8c97509cac0377ad675b47300331e576b4880821385f46069ad8af7.jpg,medium,0,0.7279922962188721
238f3f97f7aa7d51e8b51f42cf43558963d24bb428107062086cb1b43debe4df,data/datasets/RRDataset/selection_1500/sara/real/real_000223.jpg,medium,0,0.48278552293777466
239befe410762a4de63d6ad9dc9d8f43d3472c1839a9f5a0cf380ae233c8a7a0,data/datasets/RRDataset/selection_1500/sara/ai/production_000933.png,medium,1,0.9903665781021118
23b6fd5b96ea00ed7aa0d460ce7a12649b3020b1fc137200ce78353de630fa6e,data/datasets/RRDataset/selection_1500/sara/ai/War_&_Conflict_Scenes_000736.png,medium,1,0.998167872428894
23ce68dba52b13b525d1eecd7d7dd44bc386626a7e5280702bfc4d78829d02ce,data/datasets/RRDataset/selection_1500/giovanni/ai/Medical_&_Public_Health_000147.png,medium,1,0.959932267665863
23e0f9c0fe7eac99d6b4ac0b15cacc3f4b41de3c447e01175c3c5c416196018d,data/datasets/sid-set/candidate-1500/images/real/23e0f9c0fe7eac99d6b4ac0b15cacc3f4b41de3c447e01175c3c5c416196018d.jpg,medium,0,0.003683818271383643
23fc2a5e914f881f35d2ee2c6ae8d0e48b147e2645dc8f060bcf28b5cce2c155,data/datasets/RRDataset/selection_1500/lorenzo/ai/production_000015.png,medium,1,0.6706794500350952
240065ce4fb297a8aa6d9ed3b7b017531124c27050465cabdd751b7526f9d600,data/datasets/RRDataset/selection_1500/giovanni/ai/War_&_Conflict_Scenes_000023.png,medium,1,0.8941829800605774
2425df686c4ebb5e3e0b5434242f3bac26b9530f63ac0e3234a9c3d57c338a71,data/datasets/RRDataset/selection_1500/giovanni/ai/Natural_Disasters_&_Accidents_000013.png,medium,1,0.8267548680305481
242e086db920de3955a343d8eb63dad5ac3ba06e4106b2f68863761f4a72f0f3,data/datasets/RRDataset/selection_1500/lorenzo/real/real_005440.jpg,medium,0,0.8556097745895386
2432540bf787360e4d81b58b71bf29c5c24dfa6a866bbba40e44ab7bb9df3fea,data/datasets/openfake/additional-900/images/fake/2432540bf787360e4d81b58b71bf29c5c24dfa6a866bbba40e44ab7bb9df3fea.png,medium,1,0.3098345696926117
2432f6e46cb39daab2bed6d38a310b02606bab3d8c56a2d08e30a901e9cb5fc2,data/datasets/openfake/additional-900/images/real/2432f6e46cb39daab2bed6d38a310b02606bab3d8c56a2d08e30a901e9cb5fc2.jpg,medium,0,0.04016058146953583
244fa1c119c5f1ce6c620608b80d69fa37d770ac565d804261d32e5baade078f,data/datasets/openfake/pilot-600/images/fake/244fa1c119c5f1ce6c620608b80d69fa37d770ac565d804261d32e5baade078f.png,medium,1,0.970207691192627
245405dca9ff5ec91ce902a813c082c9eb32fc09f6b4e9f2e70f5834ab8c662c,data/datasets/sid-set/candidate-1500/images/fake/245405dca9ff5ec91ce902a813c082c9eb32fc09f6b4e9f2e70f5834ab8c662c.png,medium,1,0.9972416162490845
2457330713fd03ba2d0c72c7c5cf58c050a4202d08e558879a50b903af5e34a0,data/datasets/sid-set/candidate-1500/images/fake/2457330713fd03ba2d0c72c7c5cf58c050a4202d08e558879a50b903af5e34a0.png,medium,1,0.9961262345314026
245c6dbf7b290c17f7dff7707696369cfc7c789495d04c7ced51e038a728455d,data/datasets/openfake/pilot-600/images/real/245c6dbf7b290c17f7dff7707696369cfc7c789495d04c7ced51e038a728455d.jpg,medium,0,0.0004472759610507637
24698cfc6224279dd379faacb358e313d713b54903239cc66ca5c7baaf848e42,data/datasets/sid-set/candidate-1500/images/real/24698cfc6224279dd379faacb358e313d713b54903239cc66ca5c7baaf848e42.jpg,medium,0,0.012763314880430698
249bc76070d4b6dac7fe2d9cd4f9022791155cf53f40ac77a1f1a46824f25d0e,data/datasets/openfake/additional-900/images/real/249bc76070d4b6dac7fe2d9cd4f9022791155cf53f40ac77a1f1a46824f25d0e.jpg,medium,0,5.687319571734406e-05
249ed2311afff5c2337482ce2f19767ce5ee31877cc83e4b778e2818adb1ace0,data/datasets/RRDataset/selection_1500/lorenzo/ai/War_&_Conflict_Scenes_000747.png,medium,1,0.9951175451278687
24a696fb1a873bec98ee896ee42c155138585ae05fca68727e207fe9f4ace5d7,data/datasets/openfake/pilot-600/images/fake/24a696fb1a873bec98ee896ee42c155138585ae05fca68727e207fe9f4ace5d7.png,medium,1,0.9021698236465454
24b723f3555be4d0e4a65141ebfc7ffc990649e739d77443490d7dcffa29c9e5,data/datasets/openfake/additional-900/images/fake/24b723f3555be4d0e4a65141ebfc7ffc990649e739d77443490d7dcffa29c9e5.png,medium,1,0.9055649042129517
24fc6ffd7b7d2feaf8e591a3c16222c41590ec0f286a478043c56992f7d52caa,data/datasets/RRDataset/selection_1500/giovanni/real/real_002323.jpg,medium,0,0.9689695835113525
25075697d21dec2a3be2c216625a8dc03306d1be27c3518210be1bcee7964c2b,data/datasets/RRDataset/selection_1500/lorenzo/ai/War_&_Conflict_Scenes_000646.png,medium,1,0.9623459577560425
25132420b6932c0a4cfd259d844dbcca97fd730286082f42486ebb93b5eeb8d7,data/datasets/openfake/pilot-600/images/real/25132420b6932c0a4cfd259d844dbcca97fd730286082f42486ebb93b5eeb8d7.jpg,medium,0,0.8556895852088928
2537dad7ba2cdf047b3e22060a047e58bbb9d4e9e845b024530a813d49c02efc,data/datasets/RRDataset/selection_1500/lorenzo/real/real_004447.jpg,medium,0,0.9304541349411011
25451d167b7458ffd4c10e668935eba0a56bce9e11301b93e119b07321b358fd,data/datasets/RRDataset/selection_1500/lorenzo/real/real_000614.jpg,medium,0,0.145164355635643
2554b23bdf6bc5559f93bf1f6db54732700c6bbdabe57c77b283804122b213f4,data/datasets/openfake/pilot-600/images/real/2554b23bdf6bc5559f93bf1f6db54732700c6bbdabe57c77b283804122b213f4.jpg,medium,0,0.029802832752466202
2561b5aef1af714dc2ad6572b1e0aa8307ee3c28307a41d41b707548d7b48049,data/datasets/RRDataset/selection_1500/giovanni/ai/Medical_&_Public_Health_000052.png,medium,1,0.9453722834587097
258a4fff7d57375204900017cb13fc6f61e4a297958d1c00f29a75e508b16283,data/datasets/openfake/pilot-600/images/fake/258a4fff7d57375204900017cb13fc6f61e4a297958d1c00f29a75e508b16283.png,medium,1,0.8384072184562683
259b62241565cbddbedef0871964e97143e41b4a1621eabb59f1ff8af137fd40,data/datasets/sid-set/candidate-1500/images/fake/259b62241565cbddbedef0871964e97143e41b4a1621eabb59f1ff8af137fd40.png,medium,1,0.9888797998428345
25a391bc2db5bf67c2da56c8dff03dea99a8770533c4bd0917c97eb299a39196,data/datasets/openfake/pilot-600/images/real/25a391bc2db5bf67c2da56c8dff03dea99a8770533c4bd0917c97eb299a39196.jpg,medium,0,0.2515239417552948
25d07d57f81624369be866dcd8fecd85ad963fc948fab84d03b28fa6f66f087e,data/datasets/RRDataset/selection_1500/lorenzo/ai/Culture_&_Religion_000033.png,medium,1,0.9776132702827454
25dbc9bb5f629818a89bffefe0d640280652b4cbef2fa34f02dc519dd1812618,data/datasets/RRDataset/selection_1500/giovanni/real/real_007327.jpg,medium,0,0.37698128819465637
25e0c5d9723a6e1bb4eecbfdcc74b7c73fa96b65655e623a63ae531b47b2a935,data/datasets/RRDataset/selection_1500/giovanni/ai/Medical_&_Public_Health_000930.png,medium,1,0.9636893272399902
25e41aa51dc6e739cf4e77ef570612af965e1a7c89de8b27a333a65ac05b1326,data/datasets/openfake/pilot-600/images/fake/25e41aa51dc6e739cf4e77ef570612af965e1a7c89de8b27a333a65ac05b1326.webp,medium,1,0.9801912307739258
2615f941b64aa628d24d16cdb7d1da7a2f9975815d49d3f8969eb4fc672b75d9,data/datasets/openfake/additional-900/images/real/2615f941b64aa628d24d16cdb7d1da7a2f9975815d49d3f8969eb4fc672b75d9.jpg,medium,0,0.007302653510123491
26554ec623d577e9f032586e09f08cd4b2fdcb872c8bffb65eaa0d6e0dba4a29,data/datasets/sid-set/candidate-1500/images/real/26554ec623d577e9f032586e09f08cd4b2fdcb872c8bffb65eaa0d6e0dba4a29.jpg,medium,0,0.8958498239517212
26a0736a96d9e3dfa212abb09eb940a3fac70f6d1893d127d6211ca0ff4eed0e,data/datasets/RRDataset/selection_1500/lorenzo/ai/Natural_Disasters_&_Accidents_000672.png,medium,1,0.9982724189758301
26a57244bce0d8d73e339fb823acfc14134ed844ef1ea28d18826105599261ca,data/datasets/sid-set/candidate-1500/images/real/26a57244bce0d8d73e339fb823acfc14134ed844ef1ea28d18826105599261ca.jpg,medium,0,0.9015119075775146
26d1386fe0f18bd55800603f8bc81c87b95c42438ab94de90088248282620a30,data/datasets/sid-set/candidate-1500/images/real/26d1386fe0f18bd55800603f8bc81c87b95c42438ab94de90088248282620a30.jpg,medium,0,0.28911104798316956
270c5de8b1642e10e28105974382134caa9c631f7dce25554f24023dea8d8e6e,data/datasets/sid-set/candidate-1500/images/real/270c5de8b1642e10e28105974382134caa9c631f7dce25554f24023dea8d8e6e.jpg,medium,0,0.3056612014770508
270f6736a2490a238b1a6ed9c97d76adc0a80fad88e3f3e47a9053db2fdc56f5,data/datasets/RRDataset/selection_1500/giovanni/ai/Culture_&_Religion_000244.png,medium,1,0.8960787653923035
270fc41ca21933672cbe26c4a416c29ee77960dc6c1a7d517e4e35d0fa913ab4,data/datasets/RRDataset/selection_1500/lorenzo/ai/Political_&_Social_Events_000238.png,medium,1,0.9694530963897705
27181a257121302906ac0825fc5d0e30cd3dab312953c70192c3ebe202a31e68,data/datasets/openfake/additional-900/images/fake/27181a257121302906ac0825fc5d0e30cd3dab312953c70192c3ebe202a31e68.png,medium,1,0.9850393533706665
273990b3d2312cbca678fc53171979ca5a1b19948f05d1647e9136091731c7d4,data/datasets/openfake/additional-900/images/fake/273990b3d2312cbca678fc53171979ca5a1b19948f05d1647e9136091731c7d4.png,medium,1,0.9964786171913147
274bfe7ff8a246a7504670a9e62b7ded3b7c7355206da3bc8ddbd26fd1ec9f00,data/datasets/RRDataset/selection_1500/lorenzo/real/real_002512.jpg,medium,0,0.8715513944625854
275d599c78b270ae7a59a921d94febffe3a86d55455897e09cb33a3e1346e8b7,data/datasets/sid-set/candidate-1500/images/real/275d599c78b270ae7a59a921d94febffe3a86d55455897e09cb33a3e1346e8b7.jpg,medium,0,0.10027389973402023
27676cf12a8579e86c2903278ca9895b83138016d5de96f94183b0b0dd736a5f,data/datasets/openfake/pilot-600/images/real/27676cf12a8579e86c2903278ca9895b83138016d5de96f94183b0b0dd736a5f.jpg,medium,0,0.8798498511314392
27958940f4f32e432400360f307197349233d84f18b01bcf7860c2d0b2db4966,data/datasets/RRDataset/selection_1500/lorenzo/ai/War_&_Conflict_Scenes_000275.png,medium,1,0.9801060557365417
27959c275c42cb9bef4bb287672e84e13c39ac9bbe2e8cc2990133948315944a,data/datasets/openfake/additional-900/images/real/27959c275c42cb9bef4bb287672e84e13c39ac9bbe2e8cc2990133948315944a.jpg,medium,0,0.0317259207367897
279cc96aa5a815ac379898e3a41e9107cfbb9873b843654265e22cf576ada49f,data/datasets/RRDataset/selection_1500/sara/real/real_008380.jpg,medium,0,0.9896796941757202
27a8837396877f6e6c79abe739a969bbbed572cbab48a8ad372f4b3bec846b6e,data/datasets/openfake/pilot-600/images/fake/27a8837396877f6e6c79abe739a969bbbed572cbab48a8ad372f4b3bec846b6e.png,medium,1,0.9302253723144531
27a886a9c1db43eb8f36f42ac30d2024be1a476db0fc3e61cd4ecc06e36655fe,data/datasets/sid-set/candidate-1500/images/real/27a886a9c1db43eb8f36f42ac30d2024be1a476db0fc3e61cd4ecc06e36655fe.jpg,medium,0,0.16305716335773468
27a8b2d173e69b062fed5ae9c96b8a439ec767cb7258a89255108a380acdd3ff,data/datasets/openfake/additional-900/images/real/27a8b2d173e69b062fed5ae9c96b8a439ec767cb7258a89255108a380acdd3ff.jpg,medium,0,0.002072761068120599
27bac3f84c7ce9a35e80c48e466ef30e4a5c0951f021a15f546c8f60d22cf429,data/datasets/RRDataset/selection_1500/giovanni/real/real_002952.jpg,medium,0,0.9487547874450684
27bd2140e36ee16d66e0b0ee2aad1636b95331545b1f7484d50f278775a32719,data/datasets/sid-set/candidate-1500/images/real/27bd2140e36ee16d66e0b0ee2aad1636b95331545b1f7484d50f278775a32719.jpg,medium,0,0.3396016061306
27c0c0973196a2d3c89f636e7b6068a17bd860804c862891d36284660d5d33b1,data/datasets/openfake/additional-900/images/real/27c0c0973196a2d3c89f636e7b6068a17bd860804c862891d36284660d5d33b1.jpg,medium,0,0.0032973375637084246
27dd2e18e8f1b1581c6fe5442368cec27738923f12cb891af27acda9d5d95d51,data/datasets/sid-set/candidate-1500/images/fake/27dd2e18e8f1b1581c6fe5442368cec27738923f12cb891af27acda9d5d95d51.png,medium,1,0.9810271263122559
27f6a88a65545ffb99a694d639ce6f5f1a582803a771d843303f34c15d8a3683,data/datasets/sid-set/candidate-1500/images/real/27f6a88a65545ffb99a694d639ce6f5f1a582803a771d843303f34c15d8a3683.jpg,medium,0,0.17382530868053436
280c4f3c4b87f5c3ee9f8ecd8dcc11a17532719b311837d3c58cb06cf56ec39f,data/datasets/openfake/additional-900/images/real/280c4f3c4b87f5c3ee9f8ecd8dcc11a17532719b311837d3c58cb06cf56ec39f.jpg,medium,0,0.4063889980316162
281a4ff1e2fef3e13002c26c1821f6462729cef1ffdc184ce6538da338d82c0e,data/datasets/openfake/pilot-600/images/real/281a4ff1e2fef3e13002c26c1821f6462729cef1ffdc184ce6538da338d82c0e.jpg,medium,0,0.9183257222175598
2823a509f7661ac9f4141e8e2a0a14219094c3b8acb571b1e1148fe48b6a26a2,data/datasets/openfake/pilot-600/images/real/2823a509f7661ac9f4141e8e2a0a14219094c3b8acb571b1e1148fe48b6a26a2.jpg,medium,0,0.2398577183485031
286d9b91142b63d04c6fc188791f5548471277e634a32fad2c7fe907153b1fe3,data/datasets/RRDataset/selection_1500/lorenzo/ai/Culture_&_Religion_000876.png,medium,1,0.9868865609169006
2885a5072993bac19f66407d19c14f3f48b6bff88b6becaef4e2ddc51adcbc83,data/datasets/RRDataset/selection_1500/lorenzo/real/real_003223.jpg,medium,0,0.19301940500736237
2896e9ee6e0a02103f7c252ab54f66d6e699e4480e860083a15070c6bc5d4e0b,data/datasets/RRDataset/selection_1500/sara/ai/Political_&_Social_Events_000958.png,medium,1,0.9971318244934082
289c3d2d731715a1afee54caeee6606ed2c97477fde31b85a3be275139ebcdc4,data/datasets/openfake/additional-900/images/real/289c3d2d731715a1afee54caeee6606ed2c97477fde31b85a3be275139ebcdc4.jpg,medium,0,0.0024800626561045647
28a686a50704ad0a58dd97a398bab0331751aad4a817904b7c7aaedd2dcd6d43,data/datasets/openfake/additional-900/images/real/28a686a50704ad0a58dd97a398bab0331751aad4a817904b7c7aaedd2dcd6d43.png,medium,0,0.7858666181564331
28a9df12939258b439a3fad4aefdc05fd09fb5bf4c9e4903658767cc06259477,data/datasets/RRDataset/selection_1500/giovanni/ai/normal_006866.jpg,medium,1,0.8932428359985352
28aad55f47cc94fac797b797c40ef886632c61d770031b77ef253ee2f8f4cb75,data/datasets/RRDataset/selection_1500/giovanni/ai/Culture_&_Religion_000934.png,medium,1,0.9978525638580322
28cadb11b39940bceee2169f86611add06bed6126976518c32f40be142d8d695,data/datasets/openfake/additional-900/images/fake/28cadb11b39940bceee2169f86611add06bed6126976518c32f40be142d8d695.png,medium,1,0.12106247246265411
28d7ce5200fff94bb0609a5486b19029014d00d9ced09de467c8b50b4f33a783,data/datasets/openfake/pilot-600/images/fake/28d7ce5200fff94bb0609a5486b19029014d00d9ced09de467c8b50b4f33a783.png,medium,1,0.9804348945617676
28e860fdcc4bdcd090b8760c9adb072c0ed63bb86d522cad1ab4be0e73af4e1b,data/datasets/sid-set/candidate-1500/images/fake/28e860fdcc4bdcd090b8760c9adb072c0ed63bb86d522cad1ab4be0e73af4e1b.png,medium,1,0.9993014335632324
28fa0466753ac97f41c7ae89a4e634aa2b63c6f5964a5c77d221cbf2277f4c8f,data/datasets/openfake/additional-900/images/fake/28fa0466753ac97f41c7ae89a4e634aa2b63c6f5964a5c77d221cbf2277f4c8f.webp,medium,1,0.8777216672897339
28fc59b4391c8122a172865fc538818bb35aa55831a7ade2ef0b490659dcdb75,data/datasets/sid-set/candidate-1500/images/real/28fc59b4391c8122a172865fc538818bb35aa55831a7ade2ef0b490659dcdb75.jpg,medium,0,0.5164221525192261
2900b6e799ecbab10ef1acbc88c6fdfa3f136118d16c22e816b7466b8fb012a9,data/datasets/sid-set/candidate-1500/images/real/2900b6e799ecbab10ef1acbc88c6fdfa3f136118d16c22e816b7466b8fb012a9.jpg,medium,0,0.1534370481967926
291ed8d64a11d62e45c507d5c44add44d264f8b69dc07f32fec160aa91d51282,data/datasets/RRDataset/selection_1500/giovanni/ai/Culture_&_Religion_000859.png,medium,1,0.9806113243103027
292126a83a0b2418b772d4883d6f469e86e0dd1688dda27dfda6fe2785b5a35d,data/datasets/sid-set/candidate-1500/images/fake/292126a83a0b2418b772d4883d6f469e86e0dd1688dda27dfda6fe2785b5a35d.png,medium,1,0.9693189263343811
293860d0ddb530ae997fb95809ecf5c8c7d877e361073c65151a398e975eb541,data/datasets/sid-set/candidate-1500/images/fake/293860d0ddb530ae997fb95809ecf5c8c7d877e361073c65151a398e975eb541.png,medium,1,0.9239146113395691
2943a0b308a45d7150970bef160a0c67bf3768bf50ecb552e76ca85dd2716003,data/datasets/openfake/additional-900/images/real/2943a0b308a45d7150970bef160a0c67bf3768bf50ecb552e76ca85dd2716003.jpg,medium,0,7.053015724522993e-05
2947b67f7d93e8aafd3f99119d193d7af0042231e2c2246f1669297fd339c4a0,data/datasets/sid-set/candidate-1500/images/fake/2947b67f7d93e8aafd3f99119d193d7af0042231e2c2246f1669297fd339c4a0.png,medium,1,0.9579179286956787
29680b6392c2fe73c93b893367d55d0cdc9b6690b49086f115f9d1915d62b914,data/datasets/openfake/pilot-600/images/real/29680b6392c2fe73c93b893367d55d0cdc9b6690b49086f115f9d1915d62b914.jpg,medium,0,0.048596303910017014
29681f1da9acdd16b0b32b6cfeecc3d85eddfb25563cdccaf141304e4265bf36,data/datasets/openfake/additional-900/images/fake/29681f1da9acdd16b0b32b6cfeecc3d85eddfb25563cdccaf141304e4265bf36.png,medium,1,0.985220193862915
29773d60470655d4b32829ad4bb82577d9a9079c65a372d7a7eb927097648c69,data/datasets/sid-set/candidate-1500/images/fake/29773d60470655d4b32829ad4bb82577d9a9079c65a372d7a7eb927097648c69.png,medium,1,0.9811291098594666
29797f9829711b497c7836f9e3a87599dc76c68664bd14905af5ed3dfb020587,data/datasets/sid-set/candidate-1500/images/fake/29797f9829711b497c7836f9e3a87599dc76c68664bd14905af5ed3dfb020587.png,medium,1,0.9561300277709961
299e2de57f8371be987ea096817cd12342d020bb1bcc3c8d33d512133cd47d3f,data/datasets/openfake/additional-900/images/fake/299e2de57f8371be987ea096817cd12342d020bb1bcc3c8d33d512133cd47d3f.jpg,medium,1,0.9859302639961243
299f3eee2127a6d5950cfeae126b9eb577848a570ecb4558a6376ef643c2847d,data/datasets/sid-set/candidate-1500/images/fake/299f3eee2127a6d5950cfeae126b9eb577848a570ecb4558a6376ef643c2847d.png,medium,1,0.9349494576454163
29a3654ae40ffb4317969610caa2668b26bf36abd97199a33d5c3a828a4012ea,data/datasets/RRDataset/selection_1500/sara/real/real_007211.jpg,medium,0,0.866009533405304
29ba495ee9db933e84d3a5bb5aa1fc07cda00e1502bb6622175ac5d7b1226d2e,data/datasets/sid-set/candidate-1500/images/real/29ba495ee9db933e84d3a5bb5aa1fc07cda00e1502bb6622175ac5d7b1226d2e.jpg,medium,0,0.0041556162759661674
2a0e686e53313dceb6234e6122ae9c81b27b54b473105674802669bc6250e0df,data/datasets/sid-set/candidate-1500/images/fake/2a0e686e53313dceb6234e6122ae9c81b27b54b473105674802669bc6250e0df.png,medium,1,0.9911337494850159
2a1ea8ce014057b6977a8b6bea9efcb4c26e81da93d5910c90a3095fd0b22c3e,data/datasets/sid-set/candidate-1500/images/real/2a1ea8ce014057b6977a8b6bea9efcb4c26e81da93d5910c90a3095fd0b22c3e.jpg,medium,0,0.4691363573074341
2a2c78b2cbf7c7f2c35664165da446b51911fa59b41e825256c10b2ca3778197,data/datasets/sid-set/candidate-1500/images/real/2a2c78b2cbf7c7f2c35664165da446b51911fa59b41e825256c10b2ca3778197.jpg,medium,0,0.987203061580658
2a2dae5c8c368a180bd5bb6a244b4ed579432e49aed447816fa23a95422791f0,data/datasets/RRDataset/selection_1500/sara/real/real_002263.jpg,medium,0,0.9025745391845703
2a5aeba114ea5646a874c71faa71890d3089d0770880c1be772c49ebca5bba2a,data/datasets/sid-set/candidate-1500/images/real/2a5aeba114ea5646a874c71faa71890d3089d0770880c1be772c49ebca5bba2a.jpg,medium,0,0.07476045936346054
2a71416bd56fbf41e6477b2fb5e7fcaa7922a1cf10966c623f8cdcf35a504262,data/datasets/sid-set/candidate-1500/images/real/2a71416bd56fbf41e6477b2fb5e7fcaa7922a1cf10966c623f8cdcf35a504262.jpg,medium,0,0.31563225388526917
2a99484982bb0adad44a10648158002e076573b230500276bee93350f6562505,data/datasets/openfake/additional-900/images/fake/2a99484982bb0adad44a10648158002e076573b230500276bee93350f6562505.png,medium,1,0.37542077898979187
2aaceb0e8e00881cd6c05a1db9ff58605921a24b7e06ccc410645e00a45cf9e3,data/datasets/RRDataset/selection_1500/sara/real/real_006320.jpg,medium,0,0.8960126042366028
2ac9177444263973f36c8a885913841ac881cd7e43fa29fdd7c5fa0d051faf2b,data/datasets/RRDataset/selection_1500/giovanni/ai/Political_&_Social_Events_000096.png,medium,1,0.8940790295600891
2afea4deb8302970fcd39a773ccee969ccf72f4b7cc54285663df7aa5cc65d64,data/datasets/openfake/additional-900/images/fake/2afea4deb8302970fcd39a773ccee969ccf72f4b7cc54285663df7aa5cc65d64.png,medium,1,0.339852899312973
2b11cf7acaf1da939198187526f00d6d99d44a2905ae33d71d2d4b602bc5cd4c,data/datasets/sid-set/candidate-1500/images/real/2b11cf7acaf1da939198187526f00d6d99d44a2905ae33d71d2d4b602bc5cd4c.jpg,medium,0,0.4451245367527008
2b1492034c8be174af5a505272a20e2507b001473567615d4c0b45d96284bb25,data/datasets/RRDataset/selection_1500/lorenzo/real/real_000362.jpg,medium,0,0.6944267153739929
2b2ac564e369183734573985705ff4560a97d7a45122d11d0782eb887169cb55,data/datasets/RRDataset/selection_1500/lorenzo/ai/Political_&_Social_Events_000295.png,medium,1,0.9828284382820129
2b2c58d58c1dea1f4517af7c9ba93c1762c35420f903eea52fd9038873c847dc,data/datasets/RRDataset/selection_1500/lorenzo/real/real_007440.jpg,medium,0,0.13367187976837158
2b2c9cbf3fd0894ab127c7fa493d8252d3cda0c007b76f565452d02a369fb1e5,data/datasets/openfake/pilot-600/images/fake/2b2c9cbf3fd0894ab127c7fa493d8252d3cda0c007b76f565452d02a369fb1e5.png,medium,1,0.6189417839050293
2b7d8068b766410a483dd8946aad2d30415b70b34c352d99bdf591007e66bee3,data/datasets/sid-set/candidate-1500/images/real/2b7d8068b766410a483dd8946aad2d30415b70b34c352d99bdf591007e66bee3.jpg,medium,0,0.00123998848721385
2b894bff7e5ab3ef0fa03c9d2358f96c36f26780a62e8da2afbcb04483c0086d,data/datasets/sid-set/candidate-1500/images/fake/2b894bff7e5ab3ef0fa03c9d2358f96c36f26780a62e8da2afbcb04483c0086d.png,medium,1,0.9899999499320984
2b9e888aedeba4bfebc80a21a81d25423bc5b5d3117d8c31efa5f2db4c136962,data/datasets/openfake/additional-900/images/real/2b9e888aedeba4bfebc80a21a81d25423bc5b5d3117d8c31efa5f2db4c136962.jpg,medium,0,0.09076383709907532
2ba9f2ad281358c669664fd53ba16a4b0f73780b37184c4831ecec07d96c9464,data/datasets/sid-set/candidate-1500/images/fake/2ba9f2ad281358c669664fd53ba16a4b0f73780b37184c4831ecec07d96c9464.png,medium,1,0.9919074773788452
2bbc439f793138b7c3b99e9457d3c2ff7e8a57274760e565bbc549763475b626,data/datasets/openfake/pilot-600/images/real/2bbc439f793138b7c3b99e9457d3c2ff7e8a57274760e565bbc549763475b626.jpg,medium,0,0.7740800976753235
2bec92a2edfe95c1ad52b61f043b094a0865aeb26cf4c6df677155d2a7193591,data/datasets/RRDataset/selection_1500/giovanni/real/real_000776.jpg,medium,0,0.08336260169744492
2c1575eac884ba672c6e56bc30672b7087ac1ed956c1b48cd1bad16326331981,data/datasets/sid-set/candidate-1500/images/real/2c1575eac884ba672c6e56bc30672b7087ac1ed956c1b48cd1bad16326331981.jpg,medium,0,0.1733711212873459
2c16f8e7e37401d5e6b43dc529c8358f1178a46082940c92713cd07a1a8b4b33,data/datasets/RRDataset/selection_1500/sara/real/real_002342.jpg,medium,0,0.6195088624954224
2c1e2af504ffce84a1527da7070ca92b08b16444a1bbbcbe6fbc874dc143e7ea,data/datasets/RRDataset/selection_1500/lorenzo/ai/normal_006061.jpg,medium,1,0.2375655323266983
2c2d40c41e091183540f595a9f2703cd977ace11415a13e25a04ab566186af59,data/datasets/openfake/pilot-600/images/fake/2c2d40c41e091183540f595a9f2703cd977ace11415a13e25a04ab566186af59.png,medium,1,0.8671110272407532
2c4046be54a5534553c2d07ea0529fe42cf5be8448756c7a37e4e29e154d020e,data/datasets/sid-set/candidate-1500/images/fake/2c4046be54a5534553c2d07ea0529fe42cf5be8448756c7a37e4e29e154d020e.png,medium,1,0.9732598066329956
2c61e5a2ad87942c11036759b40c98692c7b6cf06ab3b2a3c771f31dea5a73e8,data/datasets/openfake/additional-900/images/real/2c61e5a2ad87942c11036759b40c98692c7b6cf06ab3b2a3c771f31dea5a73e8.jpg,medium,0,0.009571701288223267
2c75550c7fa6507e0090ee20fc830929209a972eec8fa22df5e5c13b21d5c513,data/datasets/RRDataset/selection_1500/lorenzo/ai/Natural_Disasters_&_Accidents_000691.png,medium,1,0.9887930750846863
2c78191d83992e731b62b547939e68e30de8c9850fcdf39181aa10039ae73c84,data/datasets/RRDataset/selection_1500/lorenzo/real/real_003881.jpg,medium,0,0.912220299243927
2cc8811be7a4f5ac03f084dba2944a54924d1aa807ad1308375f88768cd78836,data/datasets/sid-set/candidate-1500/images/fake/2cc8811be7a4f5ac03f084dba2944a54924d1aa807ad1308375f88768cd78836.png,medium,1,0.9757649302482605
2cd302268bcb1b5470907211340d97c0a808cd4f5079925826838b61938bb96b,data/datasets/RRDataset/selection_1500/sara/real/real_005291.jpg,medium,0,0.9032297134399414
2cedd046a1bf6aa83ead3528de882b12bfb8b3cdb79ff6f812e7621ae43e7619,data/datasets/sid-set/candidate-1500/images/real/2cedd046a1bf6aa83ead3528de882b12bfb8b3cdb79ff6f812e7621ae43e7619.jpg,medium,0,0.04464516416192055
2cf956554468751388825ab0845762abd0791056e3279437e24ff687fec05205,data/datasets/RRDataset/selection_1500/giovanni/real/real_008545.jpg,medium,0,0.9806244969367981
2cff00c7f79e9711c904a2810e7d2585f60fc08d107e2c7c944363dbf12eb878,data/datasets/sid-set/candidate-1500/images/real/2cff00c7f79e9711c904a2810e7d2585f60fc08d107e2c7c944363dbf12eb878.jpg,medium,0,0.745479941368103
2d1d1b0034d983c3552cd0a6842080e0a0ffa8e45bc3974cf4d593da53f44825,data/datasets/RRDataset/selection_1500/lorenzo/ai/Political_&_Social_Events_000215.png,medium,1,0.897673487663269
2d370f2b6637915b92b4404a7387767a4cd63c6591df555c1364293d5a5e49ee,data/datasets/openfake/additional-900/images/real/2d370f2b6637915b92b4404a7387767a4cd63c6591df555c1364293d5a5e49ee.jpg,medium,0,0.0589265450835228
2d391874f9fae7303f4aaee54b5b880e68f208c0f037c52a5f0d9e6154a6cf9d,data/datasets/openfake/additional-900/images/fake/2d391874f9fae7303f4aaee54b5b880e68f208c0f037c52a5f0d9e6154a6cf9d.png,medium,1,0.5322939157485962
2d3e0bcb39625517cf44b44331d16741371ffc034f129b397e5efdb585ec9017,data/datasets/openfake/pilot-600/images/real/2d3e0bcb39625517cf44b44331d16741371ffc034f129b397e5efdb585ec9017.jpg,medium,0,0.025558730587363243
2d406380fa01bb0f69caf279087582f0bffb617b2c0de877a9ec75611c83ea26,data/datasets/openfake/additional-900/images/fake/2d406380fa01bb0f69caf279087582f0bffb617b2c0de877a9ec75611c83ea26.png,medium,1,0.8856143355369568
2d800df5b0525264f52afee0d9f9701da09977e0f7eed066e5d11cba87bbc468,data/datasets/sid-set/candidate-1500/images/real/2d800df5b0525264f52afee0d9f9701da09977e0f7eed066e5d11cba87bbc468.jpg,medium,0,0.022715162485837936
2db046ead02ac566454f46dbfe20fe49c834c11f1c86c43d8d8087a986adb3cd,data/datasets/openfake/additional-900/images/fake/2db046ead02ac566454f46dbfe20fe49c834c11f1c86c43d8d8087a986adb3cd.png,medium,1,0.9965646862983704
2db98325232bb7d6cf4f996a8ca09365ddd8052a76f7fc1fe1bf7c6c47588201,data/datasets/openfake/pilot-600/images/fake/2db98325232bb7d6cf4f996a8ca09365ddd8052a76f7fc1fe1bf7c6c47588201.png,medium,1,0.09393706172704697
2dd0c282b1fe3810860bbb5ff5e4868336e1f444f91377231a1794ac123c6c84,data/datasets/openfake/pilot-600/images/real/2dd0c282b1fe3810860bbb5ff5e4868336e1f444f91377231a1794ac123c6c84.jpg,medium,0,0.007227499969303608
2e025f6d395309f0b4c489a4efddaf3467ed23518bad3e1468d3f190155bf7c3,data/datasets/RRDataset/selection_1500/sara/real/real_002205.jpg,medium,0,0.5678932666778564
2e1914ab09691e55c6f49ca4d481b0e36265b74f98c8737ca432288d202c5bae,data/datasets/RRDataset/selection_1500/lorenzo/real/real_005523.jpg,medium,0,0.9880373477935791
2e1ff99c1f4cd9306a6fa9255334eb54cc2e68f796c7144549435fd5a1008ca7,data/datasets/RRDataset/selection_1500/giovanni/ai/Natural_Disasters_&_Accidents_000376.png,medium,1,0.8560684323310852
2e2057104c6913d55bf44b57479bd6126bcf6c33eb4ccd8469787b4587efeb84,data/datasets/RRDataset/selection_1500/giovanni/real/real_001702.jpg,medium,0,0.2913542091846466
2e34205327010e31e5a4d55e4b66d2aa9715990701c62d60e4b204cb8948901f,data/datasets/RRDataset/selection_1500/lorenzo/real/real_005106.jpg,medium,0,0.9458597898483276
2e4a8c113c6474337f27b6c3dfb0800d5528fdcc2e4677aae8915313f84fba07,data/datasets/sid-set/candidate-1500/images/real/2e4a8c113c6474337f27b6c3dfb0800d5528fdcc2e4677aae8915313f84fba07.jpg,medium,0,0.0064741396345198154
2e58e17899ace162ae471cb588b7b18bb0061b5399224604528778d0da05356f,data/datasets/openfake/additional-900/images/fake/2e58e17899ace162ae471cb588b7b18bb0061b5399224604528778d0da05356f.png,medium,1,0.8868252635002136
2e5ed0702d36f5e3126b4537917f0da662da540a6b6108a896572d2cfa8600c5,data/datasets/sid-set/candidate-1500/images/fake/2e5ed0702d36f5e3126b4537917f0da662da540a6b6108a896572d2cfa8600c5.png,medium,1,0.924750030040741
2e6cbae2a2050133a6acff458b9af36dc4192eb027c039456ca248484fbf607b,data/datasets/openfake/pilot-600/images/real/2e6cbae2a2050133a6acff458b9af36dc4192eb027c039456ca248484fbf607b.jpg,medium,0,0.3690923750400543
2e87e0b4c29bb18868b31a4cc57a4bc3eac10c7f8f11df578edd49811f9e2375,data/datasets/openfake/pilot-600/images/fake/2e87e0b4c29bb18868b31a4cc57a4bc3eac10c7f8f11df578edd49811f9e2375.png,medium,1,0.9980669617652893
2e97f4ff303aa19c9485a9def34289bb6314b012d91941f8b06aa34b2310c2a9,data/datasets/RRDataset/selection_1500/lorenzo/real/real_000737.jpg,medium,0,0.23625785112380981
2e9ad884489c58699a677369db209666bad59fff1c92a84a500db311e12af6ea,data/datasets/sid-set/candidate-1500/images/real/2e9ad884489c58699a677369db209666bad59fff1c92a84a500db311e12af6ea.jpg,medium,0,0.3578898310661316
2edfd530ede74b54ea89d8c6cc0336937263d8ac737be19114a0c4775b19ecc3,data/datasets/RRDataset/selection_1500/giovanni/real/real_009418.jpg,medium,0,0.9748552441596985
2ee27d64dd6abc8757b5352bba40781b20e981690c2db22cd649af8c831cb2fc,data/datasets/openfake/additional-900/images/fake/2ee27d64dd6abc8757b5352bba40781b20e981690c2db22cd649af8c831cb2fc.png,medium,1,0.7054792642593384
2ef9deb9e5df67e7051de34343e46a1724872bbb050445255ffa4922b3b5429b,data/datasets/openfake/additional-900/images/real/2ef9deb9e5df67e7051de34343e46a1724872bbb050445255ffa4922b3b5429b.jpg,medium,0,0.16017168760299683
2f078c8010aef235e6d0fcff95dfa218956c8a4ab0ee1c472b6c33f6a2d51bc2,data/datasets/RRDataset/selection_1500/sara/ai/production_000277.png,medium,1,0.9334834218025208
2f4e52767856766db3b8c93ba96a98cc7caa6117fdbdb472e6cc2e12628e4707,data/datasets/openfake/pilot-600/images/real/2f4e52767856766db3b8c93ba96a98cc7caa6117fdbdb472e6cc2e12628e4707.jpg,medium,0,0.12261135876178741
2f50e5b10e7942a4a438ac4d35a041ec8125effcf600625abd80bcc10568615f,data/datasets/RRDataset/selection_1500/lorenzo/real/real_002014.jpg,medium,0,0.8478325605392456
2f6710bfbad7a6464ab7122d444c68191b2827aa2736bf8cc8879843591d82e3,data/datasets/RRDataset/selection_1500/sara/real/real_006737.jpg,medium,0,0.9978698492050171
2f715c1d6a6e245d4319a4eb351947e23088146f2d9ee7648404082989056fa3,data/datasets/RRDataset/selection_1500/sara/real/real_005476.jpg,medium,0,0.2490270435810089
2f7b11bca7fa597d82b033ce7b2e54ae82eef87ca7e7d2282ad961378243a816,data/datasets/openfake/pilot-600/images/real/2f7b11bca7fa597d82b033ce7b2e54ae82eef87ca7e7d2282ad961378243a816.jpg,medium,0,0.015190716832876205
2f7c27920584d66703b0b302e3a6e3b5be13339bddf6c606ba2390a3d86bae8a,data/datasets/openfake/additional-900/images/real/2f7c27920584d66703b0b302e3a6e3b5be13339bddf6c606ba2390a3d86bae8a.jpg,medium,0,0.12940290570259094
2f9270b47fb2c46f51e204d1d3fc260ab3628d1b52fa23d9257859ffe8f09402,data/datasets/RRDataset/selection_1500/sara/real/real_004351.jpg,medium,0,0.020609287545084953
2fd7dfeae360c67b95d7a9982208c144694ed52458bf7b75efc49252daf31c80,data/datasets/sid-set/candidate-1500/images/fake/2fd7dfeae360c67b95d7a9982208c144694ed52458bf7b75efc49252daf31c80.png,medium,1,0.967965841293335
2fe3883bbe00030fd767436de847d1acdce36792aaf6cd0fbb054e1b72689b41,data/datasets/openfake/additional-900/images/fake/2fe3883bbe00030fd767436de847d1acdce36792aaf6cd0fbb054e1b72689b41.png,medium,1,0.9638365507125854
3016cfebab5dc44162cff763c92c92bec977880b0740f30fe3cecc63cfaa4343,data/datasets/openfake/additional-900/images/fake/3016cfebab5dc44162cff763c92c92bec977880b0740f30fe3cecc63cfaa4343.png,medium,1,0.8055248260498047
3043d6f4f21d52ab39952f9e5c5384481be9704fd689be3d9674c97bf9d38ec1,data/datasets/sid-set/candidate-1500/images/fake/3043d6f4f21d52ab39952f9e5c5384481be9704fd689be3d9674c97bf9d38ec1.png,medium,1,0.9924830794334412
3045d43673a6b95835d6974a70e31012d125e97b49c4c43484732c70a645caff,data/datasets/sid-set/candidate-1500/images/fake/3045d43673a6b95835d6974a70e31012d125e97b49c4c43484732c70a645caff.png,medium,1,0.868391752243042
304ac65815c86f645739662978efea6b32456385c59ce1c1418d76729da13bbc,data/datasets/RRDataset/selection_1500/lorenzo/real/real_001047.jpg,medium,0,0.781314492225647
30568b4bdba0c59f5ce767b4f0fde65d74b8ce92093bdd7619d19777e72c4500,data/datasets/sid-set/candidate-1500/images/fake/30568b4bdba0c59f5ce767b4f0fde65d74b8ce92093bdd7619d19777e72c4500.png,medium,1,0.9863077998161316
30b9eccbf9c76256a014540d505719d96380de0c54951bbb3d50da2a985c7619,data/datasets/openfake/additional-900/images/real/30b9eccbf9c76256a014540d505719d96380de0c54951bbb3d50da2a985c7619.jpg,medium,0,0.8699480295181274
30bbeeebf2154d6e1244199bee24ffd07f687dee3e8d19bdccad83455b3f3281,data/datasets/RRDataset/selection_1500/giovanni/ai/War_&_Conflict_Scenes_000581.png,medium,1,0.6021822094917297
30d7352552aced17ab1270f1ed38a611e87bb75a007aa03bf80c995b56c365e5,data/datasets/openfake/pilot-600/images/fake/30d7352552aced17ab1270f1ed38a611e87bb75a007aa03bf80c995b56c365e5.png,medium,1,0.9780554175376892
312180e2c05a28ed1b8efd668b452bba2fb14024a7b0183c8d75b556a28c147a,data/datasets/openfake/pilot-600/images/fake/312180e2c05a28ed1b8efd668b452bba2fb14024a7b0183c8d75b556a28c147a.png,medium,1,0.9352256059646606
312fe8f53e69ddc14b7eeb707b15f62a616584013eea24046fed732d05d7dd6f,data/datasets/openfake/additional-900/images/real/312fe8f53e69ddc14b7eeb707b15f62a616584013eea24046fed732d05d7dd6f.jpg,medium,0,0.31880831718444824
313cce82f3c03c637047ef4b59efd76e69a9baf6729b30d971da75fe60bce2ea,data/datasets/RRDataset/selection_1500/giovanni/ai/Medical_&_Public_Health_000145.png,medium,1,0.9339361786842346
31615e31a6ee25d01f678556dd0d4b637b40db890e6e52ac307dc3469de7da21,data/datasets/sid-set/candidate-1500/images/fake/31615e31a6ee25d01f678556dd0d4b637b40db890e6e52ac307dc3469de7da21.png,medium,1,0.9947522878646851
3174fe2a4ab8ef6794a39c7b22ae3419bd9b03fff2ee7b3fd9af5af54957fa2a,data/datasets/RRDataset/selection_1500/lorenzo/real/real_003577.jpg,medium,0,0.6673516631126404
317960cdb93ed395e34cdaac6e99ced6e792b82eec15462e64fcef9ebc97756e,data/datasets/sid-set/candidate-1500/images/real/317960cdb93ed395e34cdaac6e99ced6e792b82eec15462e64fcef9ebc97756e.jpg,medium,0,0.16111427545547485
31b3713409f03cafa12d0ae7de7778fc25b3816441998997c04a8a3758bbee35,data/datasets/sid-set/candidate-1500/images/real/31b3713409f03cafa12d0ae7de7778fc25b3816441998997c04a8a3758bbee35.jpg,medium,0,0.004093768075108528
31c96ec1c4d00cee1f5cf7e973062c9d4197222a845d4c2ec606d5179b0037f6,data/datasets/openfake/additional-900/images/real/31c96ec1c4d00cee1f5cf7e973062c9d4197222a845d4c2ec606d5179b0037f6.jpg,medium,0,0.00028453883714973927
31e667fc7f286991cc50729f201ce5e6c0c8a7c36e1e2512648976e54e7bc7da,data/datasets/openfake/additional-900/images/fake/31e667fc7f286991cc50729f201ce5e6c0c8a7c36e1e2512648976e54e7bc7da.png,medium,1,0.9967023730278015
32065675afc7fb5b8a8196675c978130f00681b9f2b64cdf977f6508e49da7d0,data/datasets/RRDataset/selection_1500/sara/ai/War_&_Conflict_Scenes_000092.png,medium,1,0.9814857840538025
323ada0deac835aa02eb5d023c1cb59fce4ba68cc6d85fb3193bfbf8ea74d924,data/datasets/sid-set/candidate-1500/images/fake/323ada0deac835aa02eb5d023c1cb59fce4ba68cc6d85fb3193bfbf8ea74d924.png,medium,1,0.981010377407074
323bb2fadc70a402c9fd59d98726fa5612b37ae5ff9f63613af0d331e376e845,data/datasets/sid-set/candidate-1500/images/real/323bb2fadc70a402c9fd59d98726fa5612b37ae5ff9f63613af0d331e376e845.jpg,medium,0,0.019719703122973442
3285e4e9e8222149709364d29c0c19254347a33752e46edf527345c3c919fac4,data/datasets/openfake/pilot-600/images/fake/3285e4e9e8222149709364d29c0c19254347a33752e46edf527345c3c919fac4.png,medium,1,0.37417563796043396
3295f87206de31aa4b97ad0feef9b9eccfccccec5209545c7efbb6fa5418d82a,data/datasets/sid-set/candidate-1500/images/fake/3295f87206de31aa4b97ad0feef9b9eccfccccec5209545c7efbb6fa5418d82a.png,medium,1,0.9236053824424744
32a03e436e2a458b0389c064e63bcbc15843742342626dd674c574261c47c6d6,data/datasets/openfake/pilot-600/images/real/32a03e436e2a458b0389c064e63bcbc15843742342626dd674c574261c47c6d6.jpg,medium,0,0.006685443688184023
32f4c3813e9ed8c16bbff628ffe3becfd1bb6320d5a3f7488150d9baa4cf2896,data/datasets/RRDataset/selection_1500/sara/ai/War_&_Conflict_Scenes_000017.png,medium,1,0.9377949833869934
330f404ffd3d6dbec9f8dd5ad04355854da70cb19b3a16cb390be41f72c51dca,data/datasets/RRDataset/selection_1500/sara/real/real_005129.jpg,medium,0,0.134303018450737
3326ce9d8557a3531d3eeae239a4692bf8db0cbb5c34161ff6e94a3f57f98c11,data/datasets/sid-set/candidate-1500/images/real/3326ce9d8557a3531d3eeae239a4692bf8db0cbb5c34161ff6e94a3f57f98c11.jpg,medium,0,0.5333387851715088
33484880eed1968cd54d18e9b4a61c7b98cde871241563e9f97d2864043eb09c,data/datasets/openfake/additional-900/images/fake/33484880eed1968cd54d18e9b4a61c7b98cde871241563e9f97d2864043eb09c.png,medium,1,0.9943706393241882
3351fd00977d9b9b7141a2c75e71c9762d81f8d3ec1b29c1d20f6910f2f0108c,data/datasets/openfake/additional-900/images/fake/3351fd00977d9b9b7141a2c75e71c9762d81f8d3ec1b29c1d20f6910f2f0108c.png,medium,1,0.9324409365653992
3357298b6233ebb421b74d603162697dfa22e0306554ccc22efa9b0e0e61b93d,data/datasets/sid-set/candidate-1500/images/fake/3357298b6233ebb421b74d603162697dfa22e0306554ccc22efa9b0e0e61b93d.png,medium,1,0.7593372464179993
335fe38c59ae1f845cabd5d063d20f4c9019f19f78de4cfa3779a644f0d8f462,data/datasets/RRDataset/selection_1500/sara/real/real_005249.jpg,medium,0,0.9603253602981567
33752ff4140bba5607f4567fa8b4a0c34cf8a2dcb26b8d0b576f035437891a30,data/datasets/RRDataset/selection_1500/sara/ai/War_&_Conflict_Scenes_000963.png,medium,1,0.9878102540969849
339f4941d4aacda4a4133de2c0caac004f7c23e3c5671dfbff8523128e11d053,data/datasets/RRDataset/selection_1500/giovanni/ai/Political_&_Social_Events_000378.png,medium,1,0.5742543339729309
33a1b26d3485cfc9f23634a7026fb65523fbf5e4a1a73f407c7c4abad9947c9d,data/datasets/RRDataset/selection_1500/sara/real/real_002027.jpg,medium,0,0.4682577848434448
33a3792dac9ca3840412daeaed4fcd6f798e92893bed317a5b2dd7f7ed79b002,data/datasets/openfake/pilot-600/images/fake/33a3792dac9ca3840412daeaed4fcd6f798e92893bed317a5b2dd7f7ed79b002.webp,medium,1,0.06511839479207993
33ec00f664817cab50c1ba97732b7214d71400e7fd474fcc9eb729ccb9d015d9,data/datasets/openfake/additional-900/images/fake/33ec00f664817cab50c1ba97732b7214d71400e7fd474fcc9eb729ccb9d015d9.png,medium,1,0.9645047187805176
33ef181b98b1c81f18e6db7b805686d0441fbe009c6ac97b53479dab03909a23,data/datasets/RRDataset/selection_1500/lorenzo/ai/Political_&_Social_Events_000508.png,medium,1,0.9969774484634399
33f63c292351a238a642fabcbfafb9a33048e51593fa413d6b8d3345a16c2cb1,data/datasets/RRDataset/selection_1500/giovanni/ai/Natural_Disasters_&_Accidents_000285.png,medium,1,0.9637495279312134
340dc663c9acd9d0107fab659067e9289d4ec8a60de1d82570424711d4c835b9,data/datasets/sid-set/candidate-1500/images/fake/340dc663c9acd9d0107fab659067e9289d4ec8a60de1d82570424711d4c835b9.png,medium,1,0.9575964212417603
341cbb369afb44c8cc8786689b7845ad2d124417b6025370089bab3b0bf336de,data/datasets/openfake/pilot-600/images/fake/341cbb369afb44c8cc8786689b7845ad2d124417b6025370089bab3b0bf336de.png,medium,1,0.6514939665794373
344f699e4b73aafdda3a8bc284655662bfb26cdd0ad172b8d67b9b4950b00dda,data/datasets/RRDataset/selection_1500/sara/real/real_002964.jpg,medium,0,0.011374968104064465
3472b378ba5684e266307c1be123518115fd738e276e5433f150126696832555,data/datasets/RRDataset/selection_1500/lorenzo/ai/Culture_&_Religion_000048.png,medium,1,0.7738934755325317
3482eda7e6b9737bb23222fb54bb318c125396f7bc6312dc796dcd8938df532e,data/datasets/RRDataset/selection_1500/lorenzo/real/real_002643.jpg,medium,0,0.7597078084945679
349ce5ac4f6f4fe39518c678d347053a76da7ba1407a21c44250d7f3bb9d1d17,data/datasets/RRDataset/selection_1500/lorenzo/ai/War_&_Conflict_Scenes_000713.png,medium,1,0.9992204904556274
34cddedfccad61fd9ba9b7b6ac4dac8d90f965a0035d2f31e01099418ecfd721,data/datasets/sid-set/candidate-1500/images/fake/34cddedfccad61fd9ba9b7b6ac4dac8d90f965a0035d2f31e01099418ecfd721.png,medium,1,0.9966183304786682
34e838ac1f8a3a49aced48cbe85d63cd99d8e4a87c7ea6aa1db09f385d65fcee,data/datasets/openfake/pilot-600/images/real/34e838ac1f8a3a49aced48cbe85d63cd99d8e4a87c7ea6aa1db09f385d65fcee.jpg,medium,0,0.07157021760940552
34f29c4d2bc8fa7ac099cf1731789539b265cee378973f73f06968be4a856849,data/datasets/sid-set/candidate-1500/images/fake/34f29c4d2bc8fa7ac099cf1731789539b265cee378973f73f06968be4a856849.png,medium,1,0.9421187043190002
3517163d14c3c662ab2da3b198a5098e4c2ecdfcee95c7ec41de64e6e3d56828,data/datasets/sid-set/candidate-1500/images/fake/3517163d14c3c662ab2da3b198a5098e4c2ecdfcee95c7ec41de64e6e3d56828.png,medium,1,0.9878514409065247
3545ed27cb87eedeb0c43dc62b3aed8e3cc4a96b9d49de3f19b792c15a37e715,data/datasets/sid-set/candidate-1500/images/real/3545ed27cb87eedeb0c43dc62b3aed8e3cc4a96b9d49de3f19b792c15a37e715.jpg,medium,0,0.2853570878505707
355bccd9c4f2cf6796736e5aa0a7e97d72f5c45d472ce9b536d607d03dad5130,data/datasets/sid-set/candidate-1500/images/fake/355bccd9c4f2cf6796736e5aa0a7e97d72f5c45d472ce9b536d607d03dad5130.png,medium,1,0.979629635810852
35764b7184e822678846f5ad28dfe2de8ce85b509ad4fd38d3afbab4b55de1f8,data/datasets/openfake/additional-900/images/real/35764b7184e822678846f5ad28dfe2de8ce85b509ad4fd38d3afbab4b55de1f8.jpg,medium,0,0.2042655646800995
35af12cdc0bd48b7628ec4ee4b4abec71d180e5c135de340e60c5aa8d0f843c4,data/datasets/sid-set/candidate-1500/images/real/35af12cdc0bd48b7628ec4ee4b4abec71d180e5c135de340e60c5aa8d0f843c4.jpg,medium,0,0.6503910422325134
35b5a9fc3add522d90627e19483b78f717aa18ce97c387f0b8db0db6970eeb63,data/datasets/openfake/additional-900/images/real/35b5a9fc3add522d90627e19483b78f717aa18ce97c387f0b8db0db6970eeb63.jpg,medium,0,0.47739240527153015
35bcb38d922e561044f97ddb10f228cfb7990f9fff03e8ea0e5c79d35bf2ea2d,data/datasets/sid-set/candidate-1500/images/real/35bcb38d922e561044f97ddb10f228cfb7990f9fff03e8ea0e5c79d35bf2ea2d.jpg,medium,0,0.06591790169477463
35c0c4b2a38ed247e44d7ce9281a1baff42728935be482557e37104936a61bc1,data/datasets/sid-set/candidate-1500/images/real/35c0c4b2a38ed247e44d7ce9281a1baff42728935be482557e37104936a61bc1.jpg,medium,0,0.00671848189085722
35d5fa6f62864bdcf5b419a707642e65924e89bd73f97c9a1d70860aa4b7fb2f,data/datasets/RRDataset/selection_1500/lorenzo/ai/production_000270.png,medium,1,0.9870785474777222
35e05afb2d0f36b7595d6b570c830f732b9920d8e8678960c31f3c03b1c874c4,data/datasets/openfake/additional-900/images/real/35e05afb2d0f36b7595d6b570c830f732b9920d8e8678960c31f3c03b1c874c4.jpg,medium,0,0.20305638015270233
36160460a3c5425e1fd8bf8266c88c8cb7e19080529f688cee3c2b813834c2e7,data/datasets/sid-set/candidate-1500/images/fake/36160460a3c5425e1fd8bf8266c88c8cb7e19080529f688cee3c2b813834c2e7.png,medium,1,0.9865078926086426
36169fe47a6bf1078b7aca697a1b63085c2df2bee3125b79e487da1c9f44c35d,data/datasets/openfake/pilot-600/images/fake/36169fe47a6bf1078b7aca697a1b63085c2df2bee3125b79e487da1c9f44c35d.webp,medium,1,0.9062274098396301
363a3906f7b9ed934457d80d8a13b8ad2e1415a55b5fa98d3d95a6717470d1bf,data/datasets/RRDataset/selection_1500/sara/ai/Medical_&_Public_Health_000516.png,medium,1,0.9796665906906128
36973c6888ff61b56438b9a2ab7c3e58c6f69c662c969a1c2f43d57d65c0135a,data/datasets/openfake/additional-900/images/fake/36973c6888ff61b56438b9a2ab7c3e58c6f69c662c969a1c2f43d57d65c0135a.png,medium,1,0.21374039351940155
36a60d1bef20412ba0262653d9023d0a75745a5219eb869af11e04cba0eaf57b,data/datasets/openfake/additional-900/images/fake/36a60d1bef20412ba0262653d9023d0a75745a5219eb869af11e04cba0eaf57b.png,medium,1,0.9914660453796387
36a84c21d2cdf83dd233ac19a4387d815d8585f5abac716e4cabef29bad69b8a,data/datasets/openfake/additional-900/images/real/36a84c21d2cdf83dd233ac19a4387d815d8585f5abac716e4cabef29bad69b8a.jpg,medium,0,0.8127847909927368
36e0dc9c69064061c9d2a65143649387d19759b578fe345d12bf11f6b8d841d2,data/datasets/openfake/pilot-600/images/real/36e0dc9c69064061c9d2a65143649387d19759b578fe345d12bf11f6b8d841d2.jpg,medium,0,0.02007557824254036
3717eba290a5a66c03d6b112da2468c3396e891857427408d8d1dce024d3ceee,data/datasets/openfake/additional-900/images/real/3717eba290a5a66c03d6b112da2468c3396e891857427408d8d1dce024d3ceee.jpg,medium,0,0.7052221894264221
3720995f1c964d3a7b9a39f5b11c23a29b4775030b60b56f428e7e1571c82df1,data/datasets/RRDataset/selection_1500/giovanni/real/real_001039.jpg,medium,0,0.564530611038208
372412aefdfd367d33f4b0a84521b69f34696966514b5b45e749e8f44aa8b5b1,data/datasets/openfake/pilot-600/images/real/372412aefdfd367d33f4b0a84521b69f34696966514b5b45e749e8f44aa8b5b1.jpg,medium,0,0.0005081839044578373
3732205d474dd6f2933b51987e5ce4046c4c6208ef2c80560495cbbea76e7c4b,data/datasets/RRDataset/selection_1500/sara/ai/Natural_Disasters_&_Accidents_000118.png,medium,1,0.9430958032608032
374643d03ad94a428e3f1463985c6847736bbc2b63dfd5936e5efb6aa59ebc28,data/datasets/openfake/additional-900/images/fake/374643d03ad94a428e3f1463985c6847736bbc2b63dfd5936e5efb6aa59ebc28.png,medium,1,0.9771263003349304
374e45ebd3ecc4c43b76b05ff0088e54d00a0c1a6bfe658bc8e1b3f0fe8d3acc,data/datasets/openfake/additional-900/images/real/374e45ebd3ecc4c43b76b05ff0088e54d00a0c1a6bfe658bc8e1b3f0fe8d3acc.jpg,medium,0,0.08222506940364838
37596894c097c2a159eb352076c6330fa91d2e490d4e92aa7661ff20d5c64ae2,data/datasets/openfake/additional-900/images/real/37596894c097c2a159eb352076c6330fa91d2e490d4e92aa7661ff20d5c64ae2.jpg,medium,0,0.7847055792808533
376726dbd6ac636b3892c10992533e57d1e350c130733149d53af19474156d5f,data/datasets/openfake/pilot-600/images/real/376726dbd6ac636b3892c10992533e57d1e350c130733149d53af19474156d5f.jpg,medium,0,0.0794864222407341
376ad66069d09ede4f8581fd2da1383225539bf1dccfe2f73986c59864dba314,data/datasets/openfake/additional-900/images/real/376ad66069d09ede4f8581fd2da1383225539bf1dccfe2f73986c59864dba314.jpg,medium,0,0.6177040338516235
376f971ef3139a5a57b5a3d0610604e9763fcd477dedf935e319a18125b86d72,data/datasets/sid-set/candidate-1500/images/fake/376f971ef3139a5a57b5a3d0610604e9763fcd477dedf935e319a18125b86d72.png,medium,1,0.986854076385498
3785aa39a5ec31bac9ce1a02a4c1defe531faf964166d772af69dd30d2538e93,data/datasets/RRDataset/selection_1500/sara/real/real_002709.jpg,medium,0,0.7605261206626892
3799eacf28997d3de78cc6da17d1a2d803ba38d4079ebd8ce2ef223264e74e01,data/datasets/RRDataset/selection_1500/giovanni/ai/Culture_&_Religion_000132.png,medium,1,0.36118876934051514
37a97dbde990ab7d8a069d5d5948a739442a5f6a8a4b7a3469e07b44169777a7,data/datasets/sid-set/candidate-1500/images/real/37a97dbde990ab7d8a069d5d5948a739442a5f6a8a4b7a3469e07b44169777a7.jpg,medium,0,0.014415040612220764
37caed36371bdc48c09399735739eaeb37eef0f98e5c2551352bc03472caaa00,data/datasets/sid-set/candidate-1500/images/fake/37caed36371bdc48c09399735739eaeb37eef0f98e5c2551352bc03472caaa00.png,medium,1,0.9501808285713196
37d3a785d7a51d92f688e37f116f4b27c355fe13bd820955867bd0d72dc2afbb,data/datasets/openfake/additional-900/images/real/37d3a785d7a51d92f688e37f116f4b27c355fe13bd820955867bd0d72dc2afbb.jpg,medium,0,0.09968133270740509
37e25093290509888141ba06d2b4f0df262689fbc347bf549c2cfabc1b883e7f,data/datasets/openfake/pilot-600/images/fake/37e25093290509888141ba06d2b4f0df262689fbc347bf549c2cfabc1b883e7f.png,medium,1,0.8903369903564453
37ef0036c7bab9cec0cd515c4c0361785649ebff79305d176811a1c7a0e39770,data/datasets/openfake/additional-900/images/fake/37ef0036c7bab9cec0cd515c4c0361785649ebff79305d176811a1c7a0e39770.png,medium,1,0.8388622403144836
3803e149d44a82a78efbbd96fd67e7c8293627a89898337312c742ef5fbf5ef0,data/datasets/openfake/additional-900/images/real/3803e149d44a82a78efbbd96fd67e7c8293627a89898337312c742ef5fbf5ef0.jpg,medium,0,0.23247097432613373
380672c314f71e9e19c884f55add6650694d8d9e6c8136b6bf4b69b1c528b81b,data/datasets/RRDataset/selection_1500/lorenzo/ai/production_000956.png,medium,1,0.9982759952545166
3807a5a64f279e119f2d349ab5e9f681d678609764fe2be0f9d5479a408da515,data/datasets/RRDataset/selection_1500/lorenzo/real/real_005588.jpg,medium,0,0.9151381850242615
384017e7c90e09a745bd2b5fc0bae6561d7a2fc27e0d26ece34e9aa3a7ccb6bf,data/datasets/sid-set/candidate-1500/images/real/384017e7c90e09a745bd2b5fc0bae6561d7a2fc27e0d26ece34e9aa3a7ccb6bf.jpg,medium,0,0.2580272853374481
38408b71ae34dfdcf428f75a5e9b985db4e420c13f9436612999b6014de676b6,data/datasets/RRDataset/selection_1500/giovanni/real/real_004785.jpg,medium,0,0.8496145606040955
38653f34c83b8f742e0114c93ee7b29bffb2fbaf1f78b9393cb06c9afe90082a,data/datasets/RRDataset/selection_1500/sara/ai/Natural_Disasters_&_Accidents_000666.png,medium,1,0.9849335551261902
3889ae8cb8aa66f857a5e230e0931c0f3147f33726c8b8e2b9e08144a1c448ec,data/datasets/sid-set/candidate-1500/images/fake/3889ae8cb8aa66f857a5e230e0931c0f3147f33726c8b8e2b9e08144a1c448ec.png,medium,1,0.9912987351417542
389c2b70b36389ee81aca3334a24dbd4ccb1687fe3807ca48b5120e90f473647,data/datasets/sid-set/candidate-1500/images/real/389c2b70b36389ee81aca3334a24dbd4ccb1687fe3807ca48b5120e90f473647.jpg,medium,0,0.12706363201141357
38ba1962126b50a828b34daf2c1982f0b68cc223903950bca70d2d93c6ac888b,data/datasets/RRDataset/selection_1500/giovanni/real/real_006328.jpg,medium,0,0.6040018796920776
38d4033ad01e549f999d36aad37fb039478ee2d95f1f4a4b939d39f09c877b86,data/datasets/RRDataset/selection_1500/giovanni/ai/Political_&_Social_Events_000021.png,medium,1,0.9390772581100464
38f6032a7df32c8af63114dd4f0d2ba4474cad6c9d4b242efdd31b6114e4635e,data/datasets/openfake/additional-900/images/real/38f6032a7df32c8af63114dd4f0d2ba4474cad6c9d4b242efdd31b6114e4635e.jpg,medium,0,0.012120986357331276
38fb6a733da658d0b7098204def683619672dbad203731296f22f7d4b6743226,data/datasets/RRDataset/selection_1500/giovanni/ai/Medical_&_Public_Health_000550.png,medium,1,0.9963679313659668
38fdc3119e8f7724ed1fa21314e18ddafc40080e19a7065d7dcbe6af06fb2072,data/datasets/openfake/pilot-600/images/fake/38fdc3119e8f7724ed1fa21314e18ddafc40080e19a7065d7dcbe6af06fb2072.png,medium,1,0.2582961618900299
3928bbdde33f7eed19df8a9c444db2cc42c1743d6599a09e536304e889fb7f43,data/datasets/openfake/pilot-600/images/real/3928bbdde33f7eed19df8a9c444db2cc42c1743d6599a09e536304e889fb7f43.jpg,medium,0,0.4969671666622162
393f5a40f06ba0ffe95e4f84ba79ad6f307fe28b4b33cec74585b172ca45a393,data/datasets/openfake/pilot-600/images/fake/393f5a40f06ba0ffe95e4f84ba79ad6f307fe28b4b33cec74585b172ca45a393.png,medium,1,0.5966668128967285
394f7b0c0b0f90d2d8c2308a543ce64b2d5a407c62518c71231b2b9e1294bb1d,data/datasets/RRDataset/selection_1500/giovanni/real/real_000383.jpg,medium,0,0.8236952424049377
3996aac320a00a68a5e5fea1c056d5cffd9d4e218e882e69acf3ff09fb4f56eb,data/datasets/openfake/additional-900/images/real/3996aac320a00a68a5e5fea1c056d5cffd9d4e218e882e69acf3ff09fb4f56eb.jpg,medium,0,0.04932473227381706
39a5ed9742cb015033ebb852d73df8c349653ed2ab6ee0c5d5c608da55627ed9,data/datasets/sid-set/candidate-1500/images/real/39a5ed9742cb015033ebb852d73df8c349653ed2ab6ee0c5d5c608da55627ed9.jpg,medium,0,0.5536808967590332
39ec16041769b6a7b68ad08b8c382f4d9086f549fdd5f747bc23f0abf1ed456b,data/datasets/RRDataset/selection_1500/lorenzo/real/real_006063.jpg,medium,0,0.3614376187324524
3a0876444087f277c112436701d1019610b3dcd4719a9123c09833921c42d567,data/datasets/openfake/pilot-600/images/fake/3a0876444087f277c112436701d1019610b3dcd4719a9123c09833921c42d567.png,medium,1,0.9709718227386475
3a10e2a35e5ac0a621f3ab1d7901378d4e3fb01b2ec50ca91d79b68e10a284e6,data/datasets/RRDataset/selection_1500/lorenzo/real/real_008570.jpg,medium,0,0.5410067439079285
3a1b5fa6c10324ac43dbfd6604f13d94b13be03b6b537ad3c5ab7cb26f294fe3,data/datasets/openfake/additional-900/images/real/3a1b5fa6c10324ac43dbfd6604f13d94b13be03b6b537ad3c5ab7cb26f294fe3.jpg,medium,0,0.0057515366934239864
3a36954b3c87b356a943b12a8121c75cfdac0a7153bfefa176585a2fc89b6a22,data/datasets/RRDataset/selection_1500/sara/real/real_007815.jpg,medium,0,0.05242275446653366
3a4267d842682460378b15ebcabe1af4c7925b3ff08e70ad79674f26af578100,data/datasets/openfake/additional-900/images/fake/3a4267d842682460378b15ebcabe1af4c7925b3ff08e70ad79674f26af578100.png,medium,1,0.9820667505264282
3a468808c81deb8a1d0578061640035bd166c657d1740388c2da954b2214122d,data/datasets/openfake/additional-900/images/fake/3a468808c81deb8a1d0578061640035bd166c657d1740388c2da954b2214122d.png,medium,1,0.9868306517601013
3a50717b05f390c160398cbc3caffe9b32240b8c721fef28a05e43bbd3adaafe,data/datasets/RRDataset/selection_1500/giovanni/real/real_003908.jpg,medium,0,0.2557411193847656
3a51feb366a0274427191e1d4b284a1cdacfe446a1f9ac43046d1012251f2f67,data/datasets/RRDataset/selection_1500/lorenzo/ai/Natural_Disasters_&_Accidents_000521.png,medium,1,0.9824326038360596
3a609a65ec97ccc88b8b67cb777cc18c6418c0373c4b3cca2165c1ed1f07ae4c,data/datasets/RRDataset/selection_1500/sara/real/real_006286.jpg,medium,0,0.9810567498207092
3a60e0997db63ebdda3decb6329a01ccbe79d8deda3cb886993d7f513fc3808f,data/datasets/sid-set/candidate-1500/images/real/3a60e0997db63ebdda3decb6329a01ccbe79d8deda3cb886993d7f513fc3808f.jpg,medium,0,0.0019327665213495493
3a666e59cac7c62bebcefae78b0099f48e248df6e7618418dfa6a3def488adab,data/datasets/RRDataset/selection_1500/giovanni/ai/Medical_&_Public_Health_000484.png,medium,1,0.8451348543167114
3a706702e73297c6fdeeaa0dd0d1c4ff3f18a7c1042a3d9a074eac6a9beaf1f9,data/datasets/sid-set/candidate-1500/images/fake/3a706702e73297c6fdeeaa0dd0d1c4ff3f18a7c1042a3d9a074eac6a9beaf1f9.png,medium,1,0.9957435727119446
3a8328d25bb7c33618c01b92b5246c0adeffcc11a4d0b63a200c8544d892a85f,data/datasets/sid-set/candidate-1500/images/real/3a8328d25bb7c33618c01b92b5246c0adeffcc11a4d0b63a200c8544d892a85f.jpg,medium,0,0.7076857089996338
3a85c40850ef850bf45da422482fc1b1c0bd4e20b64495e25a799043127e82d8,data/datasets/sid-set/candidate-1500/images/fake/3a85c40850ef850bf45da422482fc1b1c0bd4e20b64495e25a799043127e82d8.png,medium,1,0.9637399315834045
3a98c87359896e9499d9212614376e24ab97d33f774eb6bf547da84ddcd720c0,data/datasets/RRDataset/selection_1500/sara/real/real_005668.jpg,medium,0,0.9672372937202454
3a9ceb553eff6f25cfd4bbe782172756842460b30e4b46207f9a6b2a5b6fcb35,data/datasets/RRDataset/selection_1500/giovanni/real/real_003805.jpg,medium,0,0.8750693202018738
3ab106a4613d13eb76b2e5738a2be03271f19b546e4710f7a748aa1e0c82da2b,data/datasets/sid-set/candidate-1500/images/fake/3ab106a4613d13eb76b2e5738a2be03271f19b546e4710f7a748aa1e0c82da2b.png,medium,1,0.9986497759819031
3ab58063bd82668979a3cbdd0de0e27ec5bf9387fc63d16b1df27aff72c44137,data/datasets/sid-set/candidate-1500/images/fake/3ab58063bd82668979a3cbdd0de0e27ec5bf9387fc63d16b1df27aff72c44137.png,medium,1,0.940048336982727
3ac853c567da6b4a080d3e6ff6d07224a15acf8ad4aaee91c10b44f331e76ee5,data/datasets/RRDataset/selection_1500/giovanni/real/real_007396.jpg,medium,0,0.8846743702888489
3acac594a2a9404d62f1b546d5b93311f64caf40363a6f75a416cda54cfab5eb,data/datasets/RRDataset/selection_1500/lorenzo/ai/Culture_&_Religion_000776.png,medium,1,0.9938424825668335
3ad61a2362cf80257a1eccacac502e543a40ddf506890db42d59ab60db770c32,data/datasets/openfake/pilot-600/images/real/3ad61a2362cf80257a1eccacac502e543a40ddf506890db42d59ab60db770c32.jpg,medium,0,0.6914657354354858
3ae707a5631cd7064a1dd52cae70a13ce79106164cf45fc80bf159328915fadc,data/datasets/sid-set/candidate-1500/images/fake/3ae707a5631cd7064a1dd52cae70a13ce79106164cf45fc80bf159328915fadc.png,medium,1,0.998241662979126
3b00e6e96bd04214ae3cdb4a0d8870d4a16d09a0f423ebdde2bc23205b787560,data/datasets/openfake/pilot-600/images/fake/3b00e6e96bd04214ae3cdb4a0d8870d4a16d09a0f423ebdde2bc23205b787560.png,medium,1,0.7825817465782166
3b035e1cf47fbd78226b371679a9decd767dcbb3aa2ee564ab404c12aa0b3ffa,data/datasets/openfake/additional-900/images/real/3b035e1cf47fbd78226b371679a9decd767dcbb3aa2ee564ab404c12aa0b3ffa.jpg,medium,0,0.4797259569168091
3b1904dc46d012d1d6cc0e3d7e387b55c443decf20d12de9f1d2e005139d7f69,data/datasets/openfake/additional-900/images/real/3b1904dc46d012d1d6cc0e3d7e387b55c443decf20d12de9f1d2e005139d7f69.jpg,medium,0,0.45104074478149414
3b28a7de3f4ddc101d925414d510391fb0b95f4a69baeb16b5a65a0f582a4beb,data/datasets/sid-set/candidate-1500/images/fake/3b28a7de3f4ddc101d925414d510391fb0b95f4a69baeb16b5a65a0f582a4beb.png,medium,1,0.9906732439994812
3b39d9bed2394b3d40e7a20c6011f03a0e45658a8f6c97bd41a77af002735230,data/datasets/sid-set/candidate-1500/images/fake/3b39d9bed2394b3d40e7a20c6011f03a0e45658a8f6c97bd41a77af002735230.png,medium,1,0.24427254498004913
3b50ae7635e7145389bf8f03e9ba9ed885347e767dbaa7365a4ecbf95cac99ba,data/datasets/RRDataset/selection_1500/lorenzo/ai/Culture_&_Religion_000956.png,medium,1,0.9930922985076904
3b551d511809f1f4e30c83687c5d779ec09a00e9995eb7c2bbae7ad56585fe1d,data/datasets/openfake/additional-900/images/real/3b551d511809f1f4e30c83687c5d779ec09a00e9995eb7c2bbae7ad56585fe1d.jpg,medium,0,0.5606974959373474
3b62f6aba7765a06e8ddb2a49357aadabccb569c339c0f559d889ade5023aa2c,data/datasets/RRDataset/selection_1500/sara/ai/Medical_&_Public_Health_000648.png,medium,1,0.4806469976902008
3b6d7c90db39de1924f8670e706a9f9abbe1ec55ccf9d1563c908b10c92c48a4,data/datasets/RRDataset/selection_1500/sara/ai/Medical_&_Public_Health_000832.png,medium,1,0.977944552898407
3b8158e65aa15623e3d19186ff59e7be26a80fe6b28ec5a71be85e23498bb3f1,data/datasets/sid-set/candidate-1500/images/real/3b8158e65aa15623e3d19186ff59e7be26a80fe6b28ec5a71be85e23498bb3f1.jpg,medium,0,0.06391531229019165
3b858f1b1e84a6637e8bd7c3035cf576f2605c93dcd3b38ae8b51764808ebaf1,data/datasets/openfake/additional-900/images/real/3b858f1b1e84a6637e8bd7c3035cf576f2605c93dcd3b38ae8b51764808ebaf1.jpg,medium,0,0.004557506646960974
3bbd3c773ade6c603ccfffc3f506a6752d55db2b09507307594247b79609a44f,data/datasets/RRDataset/selection_1500/giovanni/real/real_002304.jpg,medium,0,0.5206893086433411
3bd33a78c770bc431e2bef9ff5a13311524ac8d20dac5b42f490bdb29a21a50d,data/datasets/openfake/additional-900/images/real/3bd33a78c770bc431e2bef9ff5a13311524ac8d20dac5b42f490bdb29a21a50d.jpg,medium,0,0.8684002161026001
3bd56fe2e940dee5a6635bbc97077cad061542085f39c705d8b2f7b7c94607ed,data/datasets/openfake/pilot-600/images/fake/3bd56fe2e940dee5a6635bbc97077cad061542085f39c705d8b2f7b7c94607ed.png,medium,1,0.9980941414833069
3bf71364e40b4dbb5c42d1ef2a49c17fdd9d062aca717e694ac367e6d26f8c98,data/datasets/openfake/additional-900/images/real/3bf71364e40b4dbb5c42d1ef2a49c17fdd9d062aca717e694ac367e6d26f8c98.jpg,medium,0,0.00110831658821553
3c01fb7c07552f0533396a0eeb6914c2a1015c26a1ce82899db3643b638daa0c,data/datasets/RRDataset/selection_1500/giovanni/real/real_003909.jpg,medium,0,0.8806647062301636
3c3ca36c23da06bb17c80b73d93bf1edb095537f53b0298584e6e5367b985ae2,data/datasets/RRDataset/selection_1500/lorenzo/ai/Culture_&_Religion_000318.png,medium,1,0.9581027030944824
3c5fd88664a4ab56874d3b4061a100fcf9e35d05867ceff5ce70f4f070d6cc19,data/datasets/openfake/pilot-600/images/fake/3c5fd88664a4ab56874d3b4061a100fcf9e35d05867ceff5ce70f4f070d6cc19.png,medium,1,0.9952261447906494
3c7d3dfec87b51c6a55ecb35fc2c02c85c09568a46584fc001cdf0463ed96748,data/datasets/sid-set/candidate-1500/images/real/3c7d3dfec87b51c6a55ecb35fc2c02c85c09568a46584fc001cdf0463ed96748.jpg,medium,0,0.0027347682043910027
3c8fce2c6181b58ca591f2138609c070d7e3b1b9683a327a8927aab9ab6f9e91,data/datasets/sid-set/candidate-1500/images/fake/3c8fce2c6181b58ca591f2138609c070d7e3b1b9683a327a8927aab9ab6f9e91.png,medium,1,0.9952996969223022
3caf43ab59094c5bd21b167fda8193ffc6f07b45de67ddbd04cf4307b0f19aff,data/datasets/RRDataset/selection_1500/sara/ai/Medical_&_Public_Health_000307.png,medium,1,0.9120709896087646
3cbf495c9c52092a8524cf0c401d7f23fc626fd701116d48b58cb8d95e3a165a,data/datasets/openfake/pilot-600/images/real/3cbf495c9c52092a8524cf0c401d7f23fc626fd701116d48b58cb8d95e3a165a.jpg,medium,0,0.6583506464958191
3cdaf4057c187fe3e038786bcc72ac6107d49a8710f76794ebf192bd76ad50ab,data/datasets/openfake/additional-900/images/real/3cdaf4057c187fe3e038786bcc72ac6107d49a8710f76794ebf192bd76ad50ab.jpg,medium,0,0.0006927767535671592
3ced37de20490498c2b0fedd148ae1f13782d24872b858753f7811e1626a7892,data/datasets/RRDataset/selection_1500/sara/ai/production_000159.png,medium,1,0.9775156378746033
3d0e796532d57db452912631983175a4d388fb908f794b1cdc6ac1a80b6f8ebb,data/datasets/RRDataset/selection_1500/sara/ai/Political_&_Social_Events_000516.png,medium,1,0.9973393082618713
3d167265c4ac8da86a746360e3409fcbe324a6e66b49c8b838883010970623a0,data/datasets/openfake/additional-900/images/fake/3d167265c4ac8da86a746360e3409fcbe324a6e66b49c8b838883010970623a0.png,medium,1,0.43457266688346863
3d1b2e3dfefa5fa16f7b2668cd357afe880a90fa1c84120d0a3a873ba6eef782,data/datasets/RRDataset/selection_1500/giovanni/real/real_002376.jpg,medium,0,0.4989028573036194
3d25750c572dad08b4e09dca9c9979014e3eda7362ba5c4b59e34d6197d91646,data/datasets/openfake/additional-900/images/fake/3d25750c572dad08b4e09dca9c9979014e3eda7362ba5c4b59e34d6197d91646.png,medium,1,0.9803549647331238
3d332ac21be146054fa5c9aace0e2f72e9753100cafb1e8c6e68bf8a3684475d,data/datasets/RRDataset/selection_1500/sara/ai/production_000734.png,medium,1,0.9942122101783752
3d3bd6b5a771625beaacc2deddd4baee956cc5427673d788409de50460a02972,data/datasets/RRDataset/selection_1500/lorenzo/real/real_008383.jpg,medium,0,0.9968644976615906
3d85681430eec9cbbe738f468ab3d7dcfe073659f315d128f2255f012790b030,data/datasets/RRDataset/selection_1500/sara/real/real_004419.jpg,medium,0,0.6973397731781006
3d9934197fd1eea69d880cb2648008ac5895fe853d15d0d37839b51efea63ff6,data/datasets/sid-set/candidate-1500/images/fake/3d9934197fd1eea69d880cb2648008ac5895fe853d15d0d37839b51efea63ff6.png,medium,1,0.9711872935295105
3dba674c8565bd206c954d4a98d36b55263848ddf14ca6d760c5fa171a16e295,data/datasets/sid-set/candidate-1500/images/real/3dba674c8565bd206c954d4a98d36b55263848ddf14ca6d760c5fa171a16e295.jpg,medium,0,0.08489035815000534
3dd87daa696501c1548a28ff90d620d81226e1ecca146d7fc9e4d41a47adacc0,data/datasets/sid-set/candidate-1500/images/fake/3dd87daa696501c1548a28ff90d620d81226e1ecca146d7fc9e4d41a47adacc0.png,medium,1,0.9877598881721497
3ddf923c917028c2052a20b706be97b4862b0098458e0915590d40c965645ca5,data/datasets/sid-set/candidate-1500/images/real/3ddf923c917028c2052a20b706be97b4862b0098458e0915590d40c965645ca5.jpg,medium,0,0.09455209225416183
3de18d4974abb97a789e3b512a3375defbbc352a44d047c8f484b2dc222841c4,data/datasets/openfake/additional-900/images/fake/3de18d4974abb97a789e3b512a3375defbbc352a44d047c8f484b2dc222841c4.png,medium,1,0.15864130854606628
3dec42caecc52c65f795f4b4922f6234f1e99e8c0647f4ca15002ca54f0a3dd8,data/datasets/RRDataset/selection_1500/lorenzo/real/real_001007.jpg,medium,0,0.971362829208374
3dee7775e211413a6247f6b5ab30b52fcb279f67cf3df94caf9d8735139a5fb8,data/datasets/openfake/pilot-600/images/real/3dee7775e211413a6247f6b5ab30b52fcb279f67cf3df94caf9d8735139a5fb8.jpg,medium,0,0.017061205580830574
3df7861925443b286387cf5776b7cd81ceb944dc9a4b91e912f5722e72b193d6,data/datasets/RRDataset/selection_1500/sara/real/real_000990.jpg,medium,0,0.018956495448946953
3e026befa08942199f999b939e6beeacc17d6f07e1454432ff52f3cffc41e46a,data/datasets/openfake/additional-900/images/real/3e026befa08942199f999b939e6beeacc17d6f07e1454432ff52f3cffc41e46a.jpg,medium,0,0.00298974453471601
3e1bfc9f191163416c02cfe64485706387fa338460157f056b7f7986d736c561,data/datasets/RRDataset/selection_1500/lorenzo/ai/production_000757.png,medium,1,0.9979937076568604
3e43427faeafdfdf7a1c3abb382bc7c926339a997375512e4a4e9b46ca140c0c,data/datasets/openfake/additional-900/images/fake/3e43427faeafdfdf7a1c3abb382bc7c926339a997375512e4a4e9b46ca140c0c.png,medium,1,0.959850013256073
3e460e4bf2c751320ed902d6b6eec7c3d2aa9c54fdb211ec9f22351054b760dc,data/datasets/openfake/additional-900/images/fake/3e460e4bf2c751320ed902d6b6eec7c3d2aa9c54fdb211ec9f22351054b760dc.png,medium,1,0.29918918013572693
3e48d7980e451d77033d474815c2fc5ecd20a928eb2fdac40b8f14d82791ba00,data/datasets/openfake/additional-900/images/real/3e48d7980e451d77033d474815c2fc5ecd20a928eb2fdac40b8f14d82791ba00.jpg,medium,0,0.701807975769043
3e51220c56bebcbd6e1f40f1e0ddbe32eb4fe4261e8c06b64572a55ae28f9642,data/datasets/RRDataset/selection_1500/sara/real/real_000040.jpg,medium,0,0.10084637999534607
3e5fa0214545b084f1e2636c475562b72e5f642a9ade41be20a9b5f3ff7a37b8,data/datasets/sid-set/candidate-1500/images/fake/3e5fa0214545b084f1e2636c475562b72e5f642a9ade41be20a9b5f3ff7a37b8.png,medium,1,0.9846906065940857
3e60e122a3883f64ce3bbd5d62904799860118d08abdcb024d19a9a9b481b134,data/datasets/openfake/additional-900/images/real/3e60e122a3883f64ce3bbd5d62904799860118d08abdcb024d19a9a9b481b134.jpg,medium,0,0.00942921917885542
3e614a8bc503a2eeb4da765c0a1260f1fda8beb9ec93f46af041d7d41ad9d93b,data/datasets/RRDataset/selection_1500/sara/real/real_002982.jpg,medium,0,0.7598347067832947
3e8389003484b3c69c0bd892d43d36391a48143bf01c3715c9109cb29249f7b8,data/datasets/RRDataset/selection_1500/sara/real/real_003336.jpg,medium,0,0.41614076495170593
3ed40b63111d48ea5999b8f022c75de58d30ece4bc35c3b614e94ef771de12f7,data/datasets/openfake/additional-900/images/fake/3ed40b63111d48ea5999b8f022c75de58d30ece4bc35c3b614e94ef771de12f7.png,medium,1,0.9719792008399963
3ee5841bf1e8877db11276d47008eb1411c1de46bc3606034292ffbd9e7d5847,data/datasets/RRDataset/selection_1500/lorenzo/real/real_007532.jpg,medium,0,0.8163978457450867
3efaf7aaf9a1329e5b2886ab64ddbccd0535464314590121d94b9640d0dbaf03,data/datasets/RRDataset/selection_1500/sara/real/real_006267.jpg,medium,0,0.7809438705444336
3f28ac1b52c26e58ca9501bde36234920c8114fe22466375699c39046d55a233,data/datasets/sid-set/candidate-1500/images/fake/3f28ac1b52c26e58ca9501bde36234920c8114fe22466375699c39046d55a233.png,medium,1,0.9971283078193665
3f4119d90c1af68cae24f106cbe02e4be7234616e75034e07d1fa842cb85b197,data/datasets/RRDataset/selection_1500/giovanni/ai/Natural_Disasters_&_Accidents_000044.png,medium,1,0.9789607524871826
3f4dbf2689855d27e14b8c3495b9d01acb3e1e6b50e4c637bfd64360b3168f4e,data/datasets/openfake/pilot-600/images/real/3f4dbf2689855d27e14b8c3495b9d01acb3e1e6b50e4c637bfd64360b3168f4e.jpg,medium,0,0.09715600311756134
3f4e9306a74e2ef9916b23060a3877f84708d3dab0f3dfa02d270e161834a0ba,data/datasets/sid-set/candidate-1500/images/real/3f4e9306a74e2ef9916b23060a3877f84708d3dab0f3dfa02d270e161834a0ba.jpg,medium,0,0.042015302926301956
3f682c5fe722340dd1f619667a080efa2978e9b36f5ac1d9a3ec7460931eba55,data/datasets/RRDataset/selection_1500/lorenzo/real/real_005776.jpg,medium,0,0.9376161694526672
3f729b582f929355d177079a7595d68475fa817a8c199a960d9fae9f3135673d,data/datasets/RRDataset/selection_1500/sara/real/real_005356.jpg,medium,0,0.7749626636505127
3fb4f3ac5b257b23040b2c8e2fafc7419e5688788048b20ccb7808698e71fef5,data/datasets/sid-set/candidate-1500/images/real/3fb4f3ac5b257b23040b2c8e2fafc7419e5688788048b20ccb7808698e71fef5.jpg,medium,0,0.11555378139019012
3fc7182c486cfaa460311c36560ae046cbc0395da2160327f5ef5935568f399f,data/datasets/sid-set/candidate-1500/images/fake/3fc7182c486cfaa460311c36560ae046cbc0395da2160327f5ef5935568f399f.png,medium,1,0.5833643078804016
3fdd46e137354cb31443fffe5e29fa5cea9a5700c4bad7470d5c9ccb3574ce39,data/datasets/sid-set/candidate-1500/images/real/3fdd46e137354cb31443fffe5e29fa5cea9a5700c4bad7470d5c9ccb3574ce39.jpg,medium,0,0.00027688767295330763
3feeee91e424ea4140b2f6f8a89a83f055f369610e11edf3734adb8ae4547123,data/datasets/openfake/pilot-600/images/fake/3feeee91e424ea4140b2f6f8a89a83f055f369610e11edf3734adb8ae4547123.png,medium,1,0.9892966151237488
406e65d5aa3446fc84575e2d4010cccd865c5cf72d0fb49ad5fe930794251787,data/datasets/openfake/additional-900/images/real/406e65d5aa3446fc84575e2d4010cccd865c5cf72d0fb49ad5fe930794251787.jpg,medium,0,0.00020227153436280787
408f7858e2e075b582f0e24d32cd8de157073b48308c8f252e6003d87aa22e2d,data/datasets/openfake/additional-900/images/real/408f7858e2e075b582f0e24d32cd8de157073b48308c8f252e6003d87aa22e2d.jpg,medium,0,0.051525089889764786
40a4f24635818f5c1e95007b871d99b019e82c69389628fe7497fe93537bf975,data/datasets/RRDataset/selection_1500/lorenzo/real/real_003719.jpg,medium,0,0.06885784864425659
40a815f9343995feb724b4a5b44c00e04dd3a7e4519d6fc27fb883d27ce76299,data/datasets/sid-set/candidate-1500/images/fake/40a815f9343995feb724b4a5b44c00e04dd3a7e4519d6fc27fb883d27ce76299.png,medium,1,0.7723807692527771
40bacbe9365bb8aa11d2f150cbbca113942a89ed0534add3db00da642d89f3d9,data/datasets/RRDataset/selection_1500/sara/ai/Culture_&_Religion_000863.png,medium,1,0.9946185350418091
40d750b7e16b3608e7e277ffb400c5388bc8775e7489dc817d756f5c4e3cc21f,data/datasets/sid-set/candidate-1500/images/fake/40d750b7e16b3608e7e277ffb400c5388bc8775e7489dc817d756f5c4e3cc21f.png,medium,1,0.9720242023468018
40e6a57b5a1466bebd89380ee295fe8ea7ab00930de94f983ed00106501f9dbc,data/datasets/sid-set/candidate-1500/images/fake/40e6a57b5a1466bebd89380ee295fe8ea7ab00930de94f983ed00106501f9dbc.png,medium,1,0.9954366087913513
40ef24663e71666361bdcc10e622cc58bc7418f0ff900171eadeb8e4657ae9c7,data/datasets/openfake/pilot-600/images/real/40ef24663e71666361bdcc10e622cc58bc7418f0ff900171eadeb8e4657ae9c7.jpg,medium,0,0.0023083381820470095
40f15738fe7aeca4b0017f0a56e9410268a6868dcfe90ab9e548e1b0cab91513,data/datasets/sid-set/candidate-1500/images/fake/40f15738fe7aeca4b0017f0a56e9410268a6868dcfe90ab9e548e1b0cab91513.png,medium,1,0.970748782157898
410a01960cbeedd82eae13942a50ea90a27f28305ab5760b8b396e621e053cb6,data/datasets/sid-set/candidate-1500/images/fake/410a01960cbeedd82eae13942a50ea90a27f28305ab5760b8b396e621e053cb6.png,medium,1,0.9933213591575623
41153daf55f37ed9667e2c31d9e66c719e1e857fd92021854bea63761b79b402,data/datasets/sid-set/candidate-1500/images/real/41153daf55f37ed9667e2c31d9e66c719e1e857fd92021854bea63761b79b402.jpg,medium,0,0.024986371397972107
4123300be20248b20c174b9b2ac932bd5c9e28d689673b046783f1c389cfa5e3,data/datasets/RRDataset/selection_1500/sara/ai/War_&_Conflict_Scenes_000358.png,medium,1,0.8969449996948242
4128ac2fb8a8b0b6f23879dab8e0fa369db84daaa33f85b23e1c55efa8132a3b,data/datasets/RRDataset/selection_1500/lorenzo/ai/Culture_&_Religion_000850.png,medium,1,0.9445171356201172
412ccea9882261a40077329f8dc0944cfa881d1208239cb74dd8e16736c59400,data/datasets/openfake/additional-900/images/real/412ccea9882261a40077329f8dc0944cfa881d1208239cb74dd8e16736c59400.jpg,medium,0,0.019007181748747826
4131869931744a8e0addcfcf67e22b5c7272abbd8de5d984877eea5aec4e4ee8,data/datasets/sid-set/candidate-1500/images/fake/4131869931744a8e0addcfcf67e22b5c7272abbd8de5d984877eea5aec4e4ee8.png,medium,1,0.9800161719322205
413cf10b1dd0cf15bf18752eee6949c7baa0e35b1e1ef040e82e86582c795967,data/datasets/sid-set/candidate-1500/images/fake/413cf10b1dd0cf15bf18752eee6949c7baa0e35b1e1ef040e82e86582c795967.png,medium,1,0.955203115940094
4146a09c6775e77558b499134b0d44f1b8237e92932d90b253f384973c138b7d,data/datasets/sid-set/candidate-1500/images/fake/4146a09c6775e77558b499134b0d44f1b8237e92932d90b253f384973c138b7d.png,medium,1,0.8527605533599854
4165cf9084a716e0652d1a095af09267027d4ec1108d8ace7889e6fd6e49a35d,data/datasets/sid-set/candidate-1500/images/fake/4165cf9084a716e0652d1a095af09267027d4ec1108d8ace7889e6fd6e49a35d.png,medium,1,0.29960495233535767
4167a551fc197015b25d188aad40adca4f759a2425255ea8818cfc729c7b705a,data/datasets/sid-set/candidate-1500/images/real/4167a551fc197015b25d188aad40adca4f759a2425255ea8818cfc729c7b705a.jpg,medium,0,0.9340639710426331
4174d4c3d19cabda413f6c5c91eba76182a20754bc685ed35b5de8eb11dc9242,data/datasets/RRDataset/selection_1500/giovanni/ai/Culture_&_Religion_000715.png,medium,1,0.9528182148933411
418f40a4438ca9b9627656071a7896af6ee3de4ac19548239ad0946c3ceecb1c,data/datasets/sid-set/candidate-1500/images/fake/418f40a4438ca9b9627656071a7896af6ee3de4ac19548239ad0946c3ceecb1c.png,medium,1,0.9665626883506775
419657173bd94a33db8cc1df617ee80f8e341d754bc774876e63875651b5abe3,data/datasets/RRDataset/selection_1500/sara/real/real_003995.jpg,medium,0,0.9224655032157898
41d8978c1466df92cf50585a2bf5c299a2bfc4190aa46e120061db394d402f98,data/datasets/sid-set/candidate-1500/images/real/41d8978c1466df92cf50585a2bf5c299a2bfc4190aa46e120061db394d402f98.jpg,medium,0,0.502393901348114
41e3ecf25835bb9d18060df8a1493b59d9f334f021ffccd30c53f6eb3d1ad80b,data/datasets/sid-set/candidate-1500/images/fake/41e3ecf25835bb9d18060df8a1493b59d9f334f021ffccd30c53f6eb3d1ad80b.png,medium,1,0.9475840330123901
4206b2b1ad9357771272805d0e209e1a975111bdd53bebf07139c9adde2f9bdf,data/datasets/sid-set/candidate-1500/images/fake/4206b2b1ad9357771272805d0e209e1a975111bdd53bebf07139c9adde2f9bdf.png,medium,1,0.978383481502533
423244a617b1b1cdd5ec17bf9fccbcae9cc2db76e26f4f0aefc2f5a52da178ce,data/datasets/RRDataset/selection_1500/lorenzo/real/real_009113.jpg,medium,0,0.8429478406906128
4235575d1e77a4ae1bf21e25d9089b945e82798977c0121392c01364145bfa26,data/datasets/sid-set/candidate-1500/images/real/4235575d1e77a4ae1bf21e25d9089b945e82798977c0121392c01364145bfa26.jpg,medium,0,0.11039205640554428
424199a0f1d2f39ce3a263d965ce9bf318c43efd4ebcca6c9e71b233cc278bf3,data/datasets/openfake/pilot-600/images/fake/424199a0f1d2f39ce3a263d965ce9bf318c43efd4ebcca6c9e71b233cc278bf3.png,medium,1,0.9575232863426208
424b3c596299ad1dcba9dfef0a254d2055a6bd866d1fb1ea0a7000785dd9aa4d,data/datasets/sid-set/candidate-1500/images/real/424b3c596299ad1dcba9dfef0a254d2055a6bd866d1fb1ea0a7000785dd9aa4d.jpg,medium,0,0.01354430615901947
42613f61f8f4c5e11acafaa94ecb094b27d77ab10b42c0d028e028610c7d9163,data/datasets/RRDataset/selection_1500/sara/ai/War_&_Conflict_Scenes_000697.png,medium,1,0.9245647192001343
4266dfa817608e6bc5a4f372b03ffccd9b73a8ba0478fee63452ffe81b5dbd8e,data/datasets/RRDataset/selection_1500/giovanni/real/real_009298.jpg,medium,0,0.6989220976829529
426c2e9862876b98d255de55fad0fec2f7901a507c2e29de92f1e094faef06d1,data/datasets/sid-set/candidate-1500/images/fake/426c2e9862876b98d255de55fad0fec2f7901a507c2e29de92f1e094faef06d1.png,medium,1,0.8317475914955139
426e9be24f0e038bfa61e1aa0a8cf8501e18921c506a1e9cabfe4bcc148b83d7,data/datasets/RRDataset/selection_1500/sara/ai/Political_&_Social_Events_000035.png,medium,1,0.9599093794822693
4273c48a13b70f0adc5d682c7c5eb9c53f1a8070bf9811fd5a035fa95c4b162a,data/datasets/sid-set/candidate-1500/images/fake/4273c48a13b70f0adc5d682c7c5eb9c53f1a8070bf9811fd5a035fa95c4b162a.png,medium,1,0.9922383427619934
4287fdb03589b70cd85407dabacd5bf750731ad5f3da6c067fc195e713dd5a9d,data/datasets/openfake/additional-900/images/fake/4287fdb03589b70cd85407dabacd5bf750731ad5f3da6c067fc195e713dd5a9d.png,medium,1,0.6520166993141174
428a1ecd1b542c2890bb7334543e9f8daa6458554da9eb9c35782ba5bd91335b,data/datasets/openfake/additional-900/images/fake/428a1ecd1b542c2890bb7334543e9f8daa6458554da9eb9c35782ba5bd91335b.png,medium,1,0.9583156108856201
428a9d7a92546bc0dd2c38029cf5d4cc9bc54cd5bab03b1815ba7a6c59215a8b,data/datasets/sid-set/candidate-1500/images/real/428a9d7a92546bc0dd2c38029cf5d4cc9bc54cd5bab03b1815ba7a6c59215a8b.jpg,medium,0,0.0024817632511258125
42962d1cae2eeaf382c8cd751523b2add2658a49f00e32631278d4ed63b2d1fb,data/datasets/RRDataset/selection_1500/sara/real/real_006684.jpg,medium,0,0.7184386849403381
42997c5a8200ac7cfa2fe08bef72925b256e376ff5c0df180c4f5874e0603107,data/datasets/RRDataset/selection_1500/giovanni/real/real_006808.jpg,medium,0,0.9873184561729431
429b40a5698280ddfa0b3a2ef576fed922c3626c4cc8c20473988018a02a9de5,data/datasets/sid-set/candidate-1500/images/real/429b40a5698280ddfa0b3a2ef576fed922c3626c4cc8c20473988018a02a9de5.jpg,medium,0,0.9854000210762024
42ac5c88083cc769c51fed2a6a6e1ca5dd64be3a792e9d357d21ea00f638fa42,data/datasets/RRDataset/selection_1500/lorenzo/ai/Political_&_Social_Events_000048.png,medium,1,0.9200199246406555
42ad326fc684530d2e7d86cd52c9bd38b54af77a6dd3d4acd13f938afcb16c08,data/datasets/RRDataset/selection_1500/lorenzo/ai/Natural_Disasters_&_Accidents_000313.png,medium,1,0.986977756023407
42b45b6ea9a4f43023017f782e8f732ec4779100f0df7b1f5dc71bfc112924a8,data/datasets/RRDataset/selection_1500/sara/real/real_004640.jpg,medium,0,0.9489269256591797
42cd2a96d784190526146334d1c1e5b3993915cc8064529fe7275af9876d0361,data/datasets/openfake/additional-900/images/real/42cd2a96d784190526146334d1c1e5b3993915cc8064529fe7275af9876d0361.jpg,medium,0,0.3223860561847687
42f9a03ad2bc280eda6af17c5ceb54fa96f677a214e23cf2ef56faf99b185a24,data/datasets/RRDataset/selection_1500/giovanni/ai/production_000090.png,medium,1,0.870074987411499
42fe11fc8fd5c15bb01532996a5a6a8387933d1aa1ce6a47d493f5ae64cb1476,data/datasets/RRDataset/selection_1500/giovanni/real/real_003398.jpg,medium,0,0.9433648586273193
4335650a6f492c8d3274cce4bcc03faf3afb461c10afa9ce58ae7b6ff4d01552,data/datasets/RRDataset/selection_1500/sara/ai/Medical_&_Public_Health_000688.png,medium,1,0.9804018139839172
435ee8accb9895472d6b248b4e9902190824cc173ca8f7907a6ce49eb95c1873,data/datasets/openfake/pilot-600/images/fake/435ee8accb9895472d6b248b4e9902190824cc173ca8f7907a6ce49eb95c1873.png,medium,1,0.778703510761261
4391c7ccb7649fe9a3e3ed3782e98cdf0901ada84a2c35c8ffad9405fce06cf9,data/datasets/RRDataset/selection_1500/giovanni/real/real_007450.jpg,medium,0,0.8503056764602661
4397b113401b6da75d4890c85e36d0b53ec19ebfe9a62e8eb2f0ca8bf4e4b0b9,data/datasets/sid-set/candidate-1500/images/real/4397b113401b6da75d4890c85e36d0b53ec19ebfe9a62e8eb2f0ca8bf4e4b0b9.jpg,medium,0,0.7792931795120239
439a17e889ce2ee9a6f38f52fb9f839457fe275c681246be2f3dc6f90e019c4c,data/datasets/sid-set/candidate-1500/images/fake/439a17e889ce2ee9a6f38f52fb9f839457fe275c681246be2f3dc6f90e019c4c.png,medium,1,0.9944878220558167
43a7b439ef8fa21744e89c30159e6f897eaf017e3b9a3b84a62351ce888c4b1e,data/datasets/openfake/additional-900/images/real/43a7b439ef8fa21744e89c30159e6f897eaf017e3b9a3b84a62351ce888c4b1e.jpg,medium,0,0.2096758931875229
43bc8176fb1aa535f139a1646d29469a8b54f6f14ba6e9efd8d5a34cddf3befa,data/datasets/RRDataset/selection_1500/giovanni/real/real_009264.jpg,medium,0,0.21979938447475433
43bec3b587510fe3c73842ad4c306e38805809dccdf2aca383933e9b8890072e,data/datasets/openfake/additional-900/images/fake/43bec3b587510fe3c73842ad4c306e38805809dccdf2aca383933e9b8890072e.png,medium,1,0.22955045104026794
43cfed9e3d2ab40c29cf04319bdcb54e80016a2086dca9b0eafc15f42680079a,data/datasets/sid-set/candidate-1500/images/real/43cfed9e3d2ab40c29cf04319bdcb54e80016a2086dca9b0eafc15f42680079a.jpg,medium,0,0.9739406108856201
43d4634a01b344cdfc742c9bab279c2ad83018988c39ece1baacd768c33a448a,data/datasets/RRDataset/selection_1500/giovanni/ai/Natural_Disasters_&_Accidents_000560.png,medium,1,0.9710997343063354
43d8cce2be906df1dfcf3628ca5d1e0aea40857f064e9a8166779c47d8b0b873,data/datasets/sid-set/candidate-1500/images/real/43d8cce2be906df1dfcf3628ca5d1e0aea40857f064e9a8166779c47d8b0b873.jpg,medium,0,0.18395677208900452
43de6804b6e253bba24e76ec8ee718aa339284c9b42a8d2caaaffa8e154d3545,data/datasets/openfake/additional-900/images/real/43de6804b6e253bba24e76ec8ee718aa339284c9b42a8d2caaaffa8e154d3545.jpg,medium,0,0.9808087348937988
440325bbac7f25cfe5a8495ba91e686236ea9fe82d6f07f7d2dfeea83c8aa575,data/datasets/RRDataset/selection_1500/giovanni/ai/Natural_Disasters_&_Accidents_000468.png,medium,1,0.9444090723991394
4418e5afbbabbf76b28362d46143389848e8c40e3b8b6c21b4371bd24a731c13,data/datasets/sid-set/candidate-1500/images/real/4418e5afbbabbf76b28362d46143389848e8c40e3b8b6c21b4371bd24a731c13.jpg,medium,0,0.5385913252830505
44304926e81e388cf345add7e789e59feb26e25be2217dc0b05cd03055340a5c,data/datasets/openfake/additional-900/images/real/44304926e81e388cf345add7e789e59feb26e25be2217dc0b05cd03055340a5c.jpg,medium,0,0.0068686483427882195
446b2aeac9db27c02eb12b94074272142c5302607581fcf2a157d0e65f129415,data/datasets/openfake/pilot-600/images/real/446b2aeac9db27c02eb12b94074272142c5302607581fcf2a157d0e65f129415.jpg,medium,0,0.9640969038009644
4472ea174ac44f4b9ba13c283c2360ea187511bbe379b4a5e1c58f371ef2fe88,data/datasets/openfake/pilot-600/images/real/4472ea174ac44f4b9ba13c283c2360ea187511bbe379b4a5e1c58f371ef2fe88.jpg,medium,0,0.03513766825199127
44b5c025fa5cc27c01325d6859ae1fd3896af79d9ef45007f2bd6b732d0f9820,data/datasets/openfake/pilot-600/images/real/44b5c025fa5cc27c01325d6859ae1fd3896af79d9ef45007f2bd6b732d0f9820.jpg,medium,0,0.03207821771502495
44f6f72ab117ac83f9d77d8719766b089f315fa364739215aa85d0f3a2cb19a4,data/datasets/sid-set/candidate-1500/images/fake/44f6f72ab117ac83f9d77d8719766b089f315fa364739215aa85d0f3a2cb19a4.png,medium,1,0.9237222671508789
451a8a668c7badfb3c69e93f8280da41358f21a978444a5288be36e0830fe67a,data/datasets/RRDataset/selection_1500/sara/real/real_007608.jpg,medium,0,0.9846924543380737
4522ede7e8dd2ca56aa866bef2fabc4c40927cffcc9abb2b176b8c63a03a74d3,data/datasets/openfake/additional-900/images/fake/4522ede7e8dd2ca56aa866bef2fabc4c40927cffcc9abb2b176b8c63a03a74d3.png,medium,1,0.8179664015769958
455dbfd101ed8f7578e1e6d4a25e4006c24979c2d8c8b929cde7835ee16a0cf9,data/datasets/sid-set/candidate-1500/images/fake/455dbfd101ed8f7578e1e6d4a25e4006c24979c2d8c8b929cde7835ee16a0cf9.png,medium,1,0.9946459531784058
456ce8a65656b6ac7283488a96f14df94ee76ec5d9d496ef46066f38ae527e36,data/datasets/openfake/additional-900/images/fake/456ce8a65656b6ac7283488a96f14df94ee76ec5d9d496ef46066f38ae527e36.png,medium,1,0.47416752576828003
459a05953f07edb82e8836b40a370cb24c5de6a84b8504d424ff164bacbc7f26,data/datasets/openfake/additional-900/images/real/459a05953f07edb82e8836b40a370cb24c5de6a84b8504d424ff164bacbc7f26.jpg,medium,0,0.0022641648538410664
45b2c96cfa998963bdf090de4f67feff094da87786a13be5b17a66030e1fe12b,data/datasets/sid-set/candidate-1500/images/real/45b2c96cfa998963bdf090de4f67feff094da87786a13be5b17a66030e1fe12b.jpg,medium,0,0.9179606437683105
45d695342ff282f88aa757731a17bd7ad77a414c5fc3af93b049656c6ff198de,data/datasets/openfake/pilot-600/images/fake/45d695342ff282f88aa757731a17bd7ad77a414c5fc3af93b049656c6ff198de.png,medium,1,0.589597225189209
45edaf4f1ffdd09020d6b8f6ee1aa14f75d569ec10a2493f66e3527c93c4de45,data/datasets/RRDataset/selection_1500/giovanni/real/real_005719.jpg,medium,0,0.3428524434566498
45f11e2788f9f3eedeea270437b9996e7e14006e9432526448cef3df13e324c0,data/datasets/RRDataset/selection_1500/sara/ai/production_000889.png,medium,1,0.9959267377853394
4609c56e827d93101d3c599f87c387ca195f712eab07c56f15978cda9aa2333f,data/datasets/sid-set/candidate-1500/images/real/4609c56e827d93101d3c599f87c387ca195f712eab07c56f15978cda9aa2333f.jpg,medium,0,0.9963313937187195
46421c8368d2782aa0253366d610cacab620fca828b29a87e106e1b48a16ab09,data/datasets/RRDataset/selection_1500/giovanni/real/real_004271.jpg,medium,0,0.9997106194496155
4643b257e9bb09a0d74a39a8f4bc47603b9aae013f7301d3662db10cd80a0ebb,data/datasets/RRDataset/selection_1500/lorenzo/ai/production_000112.png,medium,1,0.9906774759292603
464cdfacf6c9ea19386ed17f195377e81b958ee8ca80d3b7d6e4dfcef369c74d,data/datasets/RRDataset/selection_1500/giovanni/ai/production_000330.png,medium,1,0.9960777163505554
4654735cea8b6e773b754fb0600b539720630d44561edfccf7206c13764c7235,data/datasets/RRDataset/selection_1500/sara/ai/War_&_Conflict_Scenes_000052.png,medium,1,0.9584778547286987
466892248af839aa29bca381f410192e78bd53a96fc9725ca03fd75eb2bb5691,data/datasets/sid-set/candidate-1500/images/real/466892248af839aa29bca381f410192e78bd53a96fc9725ca03fd75eb2bb5691.jpg,medium,0,0.32964956760406494
467976be761ba63029456ab880f0fe98d17f68ed31c398e04f994ec78e7dbbf3,data/datasets/RRDataset/selection_1500/sara/real/real_007662.jpg,medium,0,0.165202796459198
468f397b531c25599986112fff8f7107530e1ea94083ae6ecd8aaeae4fe1c659,data/datasets/sid-set/candidate-1500/images/real/468f397b531c25599986112fff8f7107530e1ea94083ae6ecd8aaeae4fe1c659.jpg,medium,0,0.00042631328688003123
469fa294f56e88fb68b73529b0ef4ae2ceee6238527684a3acf5da8ccd30f47c,data/datasets/openfake/additional-900/images/fake/469fa294f56e88fb68b73529b0ef4ae2ceee6238527684a3acf5da8ccd30f47c.png,medium,1,0.832877516746521
46aa5b92bb78839089629b67908556ce6b2186844184ef5e5cc25be0275b82ae,data/datasets/sid-set/candidate-1500/images/fake/46aa5b92bb78839089629b67908556ce6b2186844184ef5e5cc25be0275b82ae.png,medium,1,0.992340087890625
46aa8e6787989eee74c8d19a17b2f106968374f6155d863815fe5733a0d330ac,data/datasets/sid-set/candidate-1500/images/real/46aa8e6787989eee74c8d19a17b2f106968374f6155d863815fe5733a0d330ac.jpg,medium,0,0.0022784736938774586
46c2b0a96536c21e98fc9863f81cbfe0647362388ab0fdf62b82a93a3356cbd5,data/datasets/sid-set/candidate-1500/images/real/46c2b0a96536c21e98fc9863f81cbfe0647362388ab0fdf62b82a93a3356cbd5.jpg,medium,0,0.09288236498832703
46d39e83098490d85af0437a349819a0eadc87faa1289a863312dbb2f72b7c23,data/datasets/sid-set/candidate-1500/images/fake/46d39e83098490d85af0437a349819a0eadc87faa1289a863312dbb2f72b7c23.png,medium,1,0.9507038593292236
46dae22331edbeec8d376a5f4b49b47f84f84cb006a9cfb486a168e19a642f1d,data/datasets/RRDataset/selection_1500/sara/ai/production_000555.png,medium,1,0.9971776008605957
46fbb6b983bbe1e5d1817de94d38b4d658492d0aae9400f8cdf82030ef66c123,data/datasets/sid-set/candidate-1500/images/fake/46fbb6b983bbe1e5d1817de94d38b4d658492d0aae9400f8cdf82030ef66c123.png,medium,1,0.8475992679595947
470afb541c53680655c5270fd16135a0f38f87887c43f1cf05860dbd31a32554,data/datasets/sid-set/candidate-1500/images/real/470afb541c53680655c5270fd16135a0f38f87887c43f1cf05860dbd31a32554.jpg,medium,0,0.1349625587463379
4713435243a272e77f55d35de5000281cf308f452a8f113eb71f727f455d6bdb,data/datasets/RRDataset/selection_1500/giovanni/ai/Culture_&_Religion_000977.png,medium,1,0.9931477904319763
472afb192d0021023efa5eaf203c5a53c4b7fe256df388c1fbb04553eebe2ae4,data/datasets/RRDataset/selection_1500/sara/ai/Natural_Disasters_&_Accidents_000707.png,medium,1,0.993675172328949
4745060cafee2937b9ac9c4cf554c2e024bc8f7c1e9f79d63e66b6fdf53ad149,data/datasets/sid-set/candidate-1500/images/real/4745060cafee2937b9ac9c4cf554c2e024bc8f7c1e9f79d63e66b6fdf53ad149.jpg,medium,0,0.5065730214118958
4782f0d7bfe9d760f36a3001c9e1d658952fa8d4a0551b436aa312858d7e90b4,data/datasets/RRDataset/selection_1500/giovanni/ai/Medical_&_Public_Health_000626.png,medium,1,0.9196221828460693
4784907b79c4681e79abc74ca063a1a3893cf7aaf640fe022e014434feb78b51,data/datasets/sid-set/candidate-1500/images/fake/4784907b79c4681e79abc74ca063a1a3893cf7aaf640fe022e014434feb78b51.png,medium,1,0.9699429869651794
479bcadec0e113a237bba009a4202b631d142a52a410d4046f667c0c9d7a5886,data/datasets/openfake/additional-900/images/fake/479bcadec0e113a237bba009a4202b631d142a52a410d4046f667c0c9d7a5886.png,medium,1,0.8420609831809998
47f8089b9f4aa54a48b0e79e84a3214ea7116c2f879d044662bf9741418d4855,data/datasets/RRDataset/selection_1500/sara/real/real_004859.jpg,medium,0,0.13664081692695618
4803f7e88f7bc9b12d4e1ea8a13ea3c3fe17a8c7a3f4de5cd282be6edc33a503,data/datasets/openfake/additional-900/images/real/4803f7e88f7bc9b12d4e1ea8a13ea3c3fe17a8c7a3f4de5cd282be6edc33a503.jpg,medium,0,0.030737008899450302
48121b25827fe6a8a4a889e2e3d8f7b08f32507f723865eada1ebe5162d2a769,data/datasets/sid-set/candidate-1500/images/fake/48121b25827fe6a8a4a889e2e3d8f7b08f32507f723865eada1ebe5162d2a769.png,medium,1,0.8509353995323181
48179f6e885daddff6722f664eaaddd6015fa393ac25d6ed6df87b06da08d07c,data/datasets/RRDataset/selection_1500/sara/ai/Natural_Disasters_&_Accidents_000440.png,medium,1,0.9344022870063782
48384cc5d7aa2f5dc39dd96e326d283bea6c1e2f525faa4b072800a7efb467e3,data/datasets/openfake/additional-900/images/fake/48384cc5d7aa2f5dc39dd96e326d283bea6c1e2f525faa4b072800a7efb467e3.webp,medium,1,0.36975860595703125
486bef56210c32f3dc965e5cb7117ba1afeec61f3908aedf607e7bbfd8d9e9a3,data/datasets/openfake/pilot-600/images/real/486bef56210c32f3dc965e5cb7117ba1afeec61f3908aedf607e7bbfd8d9e9a3.jpg,medium,0,0.014889786019921303
48a67a84d155309de77ee56bc4d2fa7e49bd691ccaffbdc87487f8e04640baf4,data/datasets/openfake/pilot-600/images/fake/48a67a84d155309de77ee56bc4d2fa7e49bd691ccaffbdc87487f8e04640baf4.png,medium,1,0.5172191262245178
48b7a71d356bd71b2d4237c623c0c156fabae96ba03ad473f37b267763b11633,data/datasets/openfake/additional-900/images/fake/48b7a71d356bd71b2d4237c623c0c156fabae96ba03ad473f37b267763b11633.png,medium,1,0.22940851747989655
48baf326ee028b000b92936d8abcf15e84ab89a13b882f5bd4476d923e5ec5ae,data/datasets/openfake/additional-900/images/fake/48baf326ee028b000b92936d8abcf15e84ab89a13b882f5bd4476d923e5ec5ae.png,medium,1,0.9312742948532104
48f89d2ce2ab9e0c21591f9d62f5602687f5c6020baaf397fff7fb4f0d5c443b,data/datasets/sid-set/candidate-1500/images/real/48f89d2ce2ab9e0c21591f9d62f5602687f5c6020baaf397fff7fb4f0d5c443b.jpg,medium,0,0.07905566692352295
490781fc653df043f7150f564b0b16cb838b3de7d2162bf5e118d805d8da7fea,data/datasets/openfake/pilot-600/images/fake/490781fc653df043f7150f564b0b16cb838b3de7d2162bf5e118d805d8da7fea.png,medium,1,0.9099762439727783
490e0afdc79cfa11bb9b1a5030d9db43c1385a0cf6b82d452223068f6f295329,data/datasets/RRDataset/selection_1500/giovanni/real/real_005512.jpg,medium,0,0.6730575561523438
4939a017439fe2a1a52769f15fabea5fd4a111b98f01e8961fa36bb5625d47fe,data/datasets/sid-set/candidate-1500/images/fake/4939a017439fe2a1a52769f15fabea5fd4a111b98f01e8961fa36bb5625d47fe.png,medium,1,0.6502365469932556
4939e8d6ea3b6d2271b18668401b373c6a991b82b419463cd29f637fdfa2745d,data/datasets/openfake/pilot-600/images/fake/4939e8d6ea3b6d2271b18668401b373c6a991b82b419463cd29f637fdfa2745d.png,medium,1,0.9360785484313965
493e7d380af21afff596672dce5c3dd5a60efec2d2a06583ce35a9747666eca2,data/datasets/sid-set/candidate-1500/images/real/493e7d380af21afff596672dce5c3dd5a60efec2d2a06583ce35a9747666eca2.jpg,medium,0,0.0421178825199604
495f62b411289d1abdf3973c4ce83aa8534d72bd76072f8af75f9f660224aea7,data/datasets/openfake/additional-900/images/fake/495f62b411289d1abdf3973c4ce83aa8534d72bd76072f8af75f9f660224aea7.png,medium,1,0.9908359050750732
496d44cf24c7e64b7780272bab89ea677b5a53cbeefada24d2b0e5e6732a83ee,data/datasets/openfake/additional-900/images/real/496d44cf24c7e64b7780272bab89ea677b5a53cbeefada24d2b0e5e6732a83ee.jpg,medium,0,0.06936018913984299
49718f5912571b65419367db4a90700e5a40bdeb059febeb9f9809fe6f275c53,data/datasets/RRDataset/selection_1500/giovanni/real/real_003541.jpg,medium,0,0.7918825149536133
4973691b125c0d346855d2a769df2405781ecbca495dc428f1162849b22f22a3,data/datasets/openfake/pilot-600/images/real/4973691b125c0d346855d2a769df2405781ecbca495dc428f1162849b22f22a3.jpg,medium,0,0.004307303112000227
49bf4e4f64baa58f982fc25105923a7b6838b2b796c7b99a3bc8ecc0a5c18a22,data/datasets/sid-set/candidate-1500/images/real/49bf4e4f64baa58f982fc25105923a7b6838b2b796c7b99a3bc8ecc0a5c18a22.jpg,medium,0,0.002690827241167426
49bfa7279c3d32e7a1db762a9aac22cc3ef3378f72e8c39a1db89c4685ca9a79,data/datasets/openfake/pilot-600/images/fake/49bfa7279c3d32e7a1db762a9aac22cc3ef3378f72e8c39a1db89c4685ca9a79.png,medium,1,0.9931017160415649
49d8bfa20b71153f17032767e01651b8a1ac3755e502c165e794a3940a1314b3,data/datasets/sid-set/candidate-1500/images/fake/49d8bfa20b71153f17032767e01651b8a1ac3755e502c165e794a3940a1314b3.png,medium,1,0.9622018933296204
49de00b712948044a523daa78eba28ed3bbfff1029a89368fd1f0fc0014248ee,data/datasets/sid-set/candidate-1500/images/fake/49de00b712948044a523daa78eba28ed3bbfff1029a89368fd1f0fc0014248ee.png,medium,1,0.8471001386642456
49eed0dca63365128918a899970661b0e147b64254730d2ed4d85fc5b356093e,data/datasets/openfake/pilot-600/images/fake/49eed0dca63365128918a899970661b0e147b64254730d2ed4d85fc5b356093e.png,medium,1,0.793685793876648
49f4addb464ccad840b38abb5b51255e277c200805c380cb9d6fecff58dcc374,data/datasets/RRDataset/selection_1500/lorenzo/ai/Culture_&_Religion_000766.png,medium,1,0.9966356158256531
4a10fc14f8d8785dcaed7df86a715d4cdf5782f3ecd0e67da1b0541fc2316cfd,data/datasets/openfake/additional-900/images/real/4a10fc14f8d8785dcaed7df86a715d4cdf5782f3ecd0e67da1b0541fc2316cfd.jpg,medium,0,0.017114201560616493
4a5d78223439769570399be6204e0573ef29c23e01ed12ba4a9952d67069ba22,data/datasets/sid-set/candidate-1500/images/fake/4a5d78223439769570399be6204e0573ef29c23e01ed12ba4a9952d67069ba22.png,medium,1,0.9596011638641357
4a6adb1589f8b9e3609a46777d2325c959074a6d6e2f532a8383dd304b14180a,data/datasets/sid-set/candidate-1500/images/real/4a6adb1589f8b9e3609a46777d2325c959074a6d6e2f532a8383dd304b14180a.jpg,medium,0,0.03030521422624588
4a765c28c05a8ee986f2221fc02dde57a05657b25ab3693164b6a309bd816d8d,data/datasets/sid-set/candidate-1500/images/fake/4a765c28c05a8ee986f2221fc02dde57a05657b25ab3693164b6a309bd816d8d.png,medium,1,0.8630809187889099
4a81a49d9b9a9c19689e94baef69e250dc9f38f35f124e48bec23f7a2f3bcc86,data/datasets/RRDataset/selection_1500/lorenzo/ai/Medical_&_Public_Health_000138.png,medium,1,0.9319515824317932
4a885a4b225d1c2859d9128d61b0f90579d6983bacfbbe8bb4b43f3586a210f4,data/datasets/RRDataset/selection_1500/giovanni/real/real_004657.jpg,medium,0,0.4913204610347748
4a91debc330eaebc7f510716332845282b8be49d7015dfd0cd12ef4d7cdda0d4,data/datasets/RRDataset/selection_1500/lorenzo/ai/Medical_&_Public_Health_000276.png,medium,1,0.8740090131759644
4a970d0872b966f622500aa3b3a84854ef8f2b48990bb28424a0c6cf85e0e515,data/datasets/sid-set/candidate-1500/images/real/4a970d0872b966f622500aa3b3a84854ef8f2b48990bb28424a0c6cf85e0e515.jpg,medium,0,0.005731029901653528
4aa1875e8ff01140b45ea267f64bd1ef8bafb883a66af5a264614d8d00aa5225,data/datasets/RRDataset/selection_1500/lorenzo/real/real_007515.jpg,medium,0,0.9580876231193542
4abcacc017bfce04aed4726653569922a6f30b0b4d2c89969c71dbdd931c7189,data/datasets/sid-set/candidate-1500/images/fake/4abcacc017bfce04aed4726653569922a6f30b0b4d2c89969c71dbdd931c7189.png,medium,1,0.9898645281791687
4ac407d4db2cf9e45507bd81511e86cc7876be378e6efa53f810b6d966772e2b,data/datasets/sid-set/candidate-1500/images/fake/4ac407d4db2cf9e45507bd81511e86cc7876be378e6efa53f810b6d966772e2b.png,medium,1,0.9974930286407471
4ad63ac1d5a04010b2ec8337bc6da311dc95a75ace24119dbcd3ea8e8c0f8818,data/datasets/RRDataset/selection_1500/giovanni/real/real_009717.jpg,medium,0,0.9608622193336487
4aec263de4c723d0816290080a21c231a7b83a23273123e0690cb598c927c564,data/datasets/sid-set/candidate-1500/images/fake/4aec263de4c723d0816290080a21c231a7b83a23273123e0690cb598c927c564.png,medium,1,0.9138180017471313
4af66822abbdf36f464235867b1451427041363201aedee22d2e123c1d00f205,data/datasets/openfake/pilot-600/images/fake/4af66822abbdf36f464235867b1451427041363201aedee22d2e123c1d00f205.png,medium,1,0.9956951141357422
4b182e261ef7c70c3f4be4a5bff9dba360f72153b0796b2ebf89ee8bddc62212,data/datasets/sid-set/candidate-1500/images/fake/4b182e261ef7c70c3f4be4a5bff9dba360f72153b0796b2ebf89ee8bddc62212.png,medium,1,0.9517815113067627
4b3ea374e121b01509cf8baf3dd3956f0748dece256346d872c94e3bb02e9f3d,data/datasets/RRDataset/selection_1500/giovanni/ai/Medical_&_Public_Health_000945.png,medium,1,0.9646579623222351
4b463814d4ef9592cc0d7b5dd1932f03529158b872ec8f8e840a11d7ec037bc2,data/datasets/openfake/additional-900/images/fake/4b463814d4ef9592cc0d7b5dd1932f03529158b872ec8f8e840a11d7ec037bc2.png,medium,1,0.8183292746543884
4b46898a8685499eb15524f1bcd1d1bed8536cb3fc821d141b9f996de69551f4,data/datasets/RRDataset/selection_1500/lorenzo/real/real_006531.jpg,medium,0,0.9288142323493958
4b56499445de4bcd8077da03e2c411496488dd2dc092002c9fe8d6d486869dde,data/datasets/RRDataset/selection_1500/sara/real/real_001681.jpg,medium,0,0.9387073516845703
4b57ac10add5de22fe235baef3ba95832a153bc4f667b56bd2a0fdcec825911e,data/datasets/openfake/pilot-600/images/real/4b57ac10add5de22fe235baef3ba95832a153bc4f667b56bd2a0fdcec825911e.jpg,medium,0,0.44397592544555664
4b7680ba1ae32bb4cef72e27ee8aaa1ec29502e4e384240d242d979db928678d,data/datasets/RRDataset/selection_1500/lorenzo/ai/Political_&_Social_Events_000256.png,medium,1,0.9427478313446045
4b78e21d9feb56864a935fa777559480b5506639aea4390e068b38bb0f0c2b81,data/datasets/RRDataset/selection_1500/sara/real/real_003997.jpg,medium,0,0.8826161623001099
4b7dc20191b9043343b98650f5773bb7acc53113801bf61e7e43b51dc795f336,data/datasets/RRDataset/selection_1500/giovanni/real/real_009737.jpg,medium,0,0.940696120262146
4b80df1bd7d0b59e89108c3de34c41b481798b7dab52c83e2ec1def86a8d9bff,data/datasets/openfake/pilot-600/images/fake/4b80df1bd7d0b59e89108c3de34c41b481798b7dab52c83e2ec1def86a8d9bff.png,medium,1,0.6980685591697693
4b8eec7ad9acfb670f05fbeccbb69be2b10def5ad649433906d2e51bfebfabc6,data/datasets/RRDataset/selection_1500/lorenzo/ai/production_000035.png,medium,1,0.9330071210861206
4ba7331b6b838a868b885ea4c6683ea18c2cde380c0bac1cf8028a409e97d23a,data/datasets/openfake/additional-900/images/fake/4ba7331b6b838a868b885ea4c6683ea18c2cde380c0bac1cf8028a409e97d23a.png,medium,1,0.9973968267440796
4bbc18e9e79c6d0bdb761c547e18341592379e1c696a2fcfab2534cf4097d4c3,data/datasets/openfake/pilot-600/images/fake/4bbc18e9e79c6d0bdb761c547e18341592379e1c696a2fcfab2534cf4097d4c3.png,medium,1,0.9813387393951416
4bdbbcd24e4c697c788565cec9a2bb5ca7b1ecde868142e3356cf1c1927be2ce,data/datasets/RRDataset/selection_1500/lorenzo/real/real_005916.jpg,medium,0,0.9828960299491882
4be03b0f1b6da05197314fe0f47586bf43d6dbec7153038767dde96318e62595,data/datasets/openfake/additional-900/images/fake/4be03b0f1b6da05197314fe0f47586bf43d6dbec7153038767dde96318e62595.png,medium,1,0.7898139357566833
4be0a3e6de13da8bbf735935a6a76f252f0a5f316fb92f720b884575162b192c,data/datasets/openfake/pilot-600/images/fake/4be0a3e6de13da8bbf735935a6a76f252f0a5f316fb92f720b884575162b192c.png,medium,1,0.34911563992500305
4c382db23d391f84020421fa50d674659307c69fdab71af5ef348f3ca147eb8b,data/datasets/sid-set/candidate-1500/images/real/4c382db23d391f84020421fa50d674659307c69fdab71af5ef348f3ca147eb8b.jpg,medium,0,0.01317248959094286
4c6d93bf5f4e799fb4e9b2f1fdb07356e6787f993c986783e0e111a90bad4928,data/datasets/sid-set/candidate-1500/images/fake/4c6d93bf5f4e799fb4e9b2f1fdb07356e6787f993c986783e0e111a90bad4928.png,medium,1,0.9846238493919373
4c6fc9842ca174d4c9604b7e68bd8735b82d09236608968e780ce73c8655577c,data/datasets/RRDataset/selection_1500/lorenzo/ai/production_000076.png,medium,1,0.9872683882713318
4c72a880038c6e9c0a03286284fc669a7696e09ff49fb7e6653c9ad822f7b0b8,data/datasets/openfake/pilot-600/images/real/4c72a880038c6e9c0a03286284fc669a7696e09ff49fb7e6653c9ad822f7b0b8.jpg,medium,0,0.46475666761398315
4c819829b501601c7884178cbabe6c0688fb0ae5c2a912d43878b05ec94cccd2,data/datasets/sid-set/candidate-1500/images/fake/4c819829b501601c7884178cbabe6c0688fb0ae5c2a912d43878b05ec94cccd2.png,medium,1,0.9611160159111023
4c8c368518e267b9f6c62619ae5fbfea9f40572dbe557bec70235be228583cbc,data/datasets/openfake/additional-900/images/real/4c8c368518e267b9f6c62619ae5fbfea9f40572dbe557bec70235be228583cbc.jpg,medium,0,0.17271022498607635
4c940ae5a629c93c32344264cec793bc23f3f91d0358be0fc598416b63026507,data/datasets/openfake/additional-900/images/fake/4c940ae5a629c93c32344264cec793bc23f3f91d0358be0fc598416b63026507.png,medium,1,0.7887495756149292
4cb61c62d80e382c47e40c22923366ff0f55fbe746fa36d54561647a72cadc6c,data/datasets/openfake/additional-900/images/real/4cb61c62d80e382c47e40c22923366ff0f55fbe746fa36d54561647a72cadc6c.jpg,medium,0,7.727859156148043e-06
4cd4df40fab1ead22ed12490f6641be1f1d1fad8e2fff1ef40226ad14d19e115,data/datasets/openfake/additional-900/images/real/4cd4df40fab1ead22ed12490f6641be1f1d1fad8e2fff1ef40226ad14d19e115.jpg,medium,0,0.09735243022441864
4ce6947946bb9b28a3e511db91f9e7efd8a7773ec77af612e1d30909294e6b40,data/datasets/sid-set/candidate-1500/images/real/4ce6947946bb9b28a3e511db91f9e7efd8a7773ec77af612e1d30909294e6b40.jpg,medium,0,0.5531988143920898
4d0089efc4df6ab6db49dbb0a9a8dff807ff7a331a05b7874ce334655ad61e5b,data/datasets/RRDataset/selection_1500/sara/real/real_007373.jpg,medium,0,0.6017971634864807
4d33d291b4094571623f839d1e6237a493ca78b8e1808386a6779b1401c5ee5e,data/datasets/openfake/additional-900/images/fake/4d33d291b4094571623f839d1e6237a493ca78b8e1808386a6779b1401c5ee5e.png,medium,1,0.7860159277915955
4d346d2bd7542efc9e2c2384a8d2255fd76ea23706a03859bff81113b3cbd374,data/datasets/sid-set/candidate-1500/images/real/4d346d2bd7542efc9e2c2384a8d2255fd76ea23706a03859bff81113b3cbd374.jpg,medium,0,0.9851593375205994
4d74beb663738b31aabb2a58bf0c84eb0c15a734bac4aea93ef831af1a124474,data/datasets/RRDataset/selection_1500/giovanni/ai/Political_&_Social_Events_000451.png,medium,1,0.9800264835357666
4d8bebf58ce5cbe71095e04e030b529dc639fce0ed1894df273d6ec8415779f9,data/datasets/sid-set/candidate-1500/images/fake/4d8bebf58ce5cbe71095e04e030b529dc639fce0ed1894df273d6ec8415779f9.png,medium,1,0.8980879187583923
4de1503ccec655c6d8e198af453eeb5889ac76c409f269b1a99301a9957d5e57,data/datasets/RRDataset/selection_1500/giovanni/real/real_003132.jpg,medium,0,0.9456232786178589
4de3d99cbfa7a20cbf9db941faf22eee49e65723f0ad37d63f3b2bf455797699,data/datasets/sid-set/candidate-1500/images/fake/4de3d99cbfa7a20cbf9db941faf22eee49e65723f0ad37d63f3b2bf455797699.png,medium,1,0.9822313189506531
4de90417a051be8e858e688b2730e3cf619bea650f95c8d7c2166ec36cabf2d4,data/datasets/sid-set/candidate-1500/images/real/4de90417a051be8e858e688b2730e3cf619bea650f95c8d7c2166ec36cabf2d4.jpg,medium,0,0.673083484172821
4df879527c292351f90ac0403cd573982fac279864c602f3ef315394c5b174bf,data/datasets/RRDataset/selection_1500/giovanni/real/real_008314.jpg,medium,0,0.9680420160293579
4e0fbb6434c1808a9ae4e53fde33e06a515cf84e20df04f3fc0d3d68a71ec70c,data/datasets/RRDataset/selection_1500/lorenzo/real/real_003597.jpg,medium,0,0.2661401033401489
4e1337d599180611b20ff5202c67329a6b216f326300cfc7c91ceb6957d0f43b,data/datasets/RRDataset/selection_1500/giovanni/real/real_003764.jpg,medium,0,0.9509618878364563
4e2c1acd5c9da45629e22a94157ff0d82fe18116725d29f5adf892bcc43c3304,data/datasets/openfake/pilot-600/images/real/4e2c1acd5c9da45629e22a94157ff0d82fe18116725d29f5adf892bcc43c3304.jpg,medium,0,0.00010405028297100216
4e43dfbfb7910a73a1b0f66b78f3344bdce91528492954ae21d71af697480f39,data/datasets/sid-set/candidate-1500/images/real/4e43dfbfb7910a73a1b0f66b78f3344bdce91528492954ae21d71af697480f39.jpg,medium,0,0.016207585111260414
4e57edcd4e7dadd56525dd1e607af22822b809cad0ca981779479e561e76f355,data/datasets/sid-set/candidate-1500/images/real/4e57edcd4e7dadd56525dd1e607af22822b809cad0ca981779479e561e76f355.jpg,medium,0,0.0001521838566986844
4e5e796c28a3b22e3326b42503dbcc52dc2d8a059197ca0ce2d47ee38e3c4090,data/datasets/openfake/pilot-600/images/fake/4e5e796c28a3b22e3326b42503dbcc52dc2d8a059197ca0ce2d47ee38e3c4090.png,medium,1,0.4832485318183899
4e5e8830f312a2409c32d5aefa75433860f3c05162ebde6c75de9942c790e352,data/datasets/RRDataset/selection_1500/lorenzo/ai/production_000185.png,medium,1,0.9634297490119934
4e834f6804dae3220488acfd58dea1c87fd39361883d9d19e89a1f4d83471d3e,data/datasets/openfake/additional-900/images/real/4e834f6804dae3220488acfd58dea1c87fd39361883d9d19e89a1f4d83471d3e.jpg,medium,0,0.00024916836991906166
4e9ab0fbf799a985bf1b92557a3219f36e33a5c1d79aadb8808990f04ed7d382,data/datasets/openfake/pilot-600/images/fake/4e9ab0fbf799a985bf1b92557a3219f36e33a5c1d79aadb8808990f04ed7d382.png,medium,1,0.9471312761306763
4ea402e4f95e3a3b275b418cbc35f8667bdb99633fdc6cd7084e04b5cbf94e12,data/datasets/RRDataset/selection_1500/lorenzo/real/real_008741.jpg,medium,0,0.08159204572439194
4eaa42fe3a8cd756b514e972c213ee7f06e7c363d17c4240f8f6743d993c76c7,data/datasets/openfake/additional-900/images/fake/4eaa42fe3a8cd756b514e972c213ee7f06e7c363d17c4240f8f6743d993c76c7.jpg,medium,1,0.9153763651847839
4ec9f1bb6af31f482308ce900416941a6f2f7b79a9f948166b22b1c794d5af3e,data/datasets/RRDataset/selection_1500/lorenzo/ai/Culture_&_Religion_000829.png,medium,1,0.9885838031768799
4ecaaa7fdab39708ddc407cc74c3da73dcd2a6375e060bd171ea0ff59e31b6f0,data/datasets/sid-set/candidate-1500/images/real/4ecaaa7fdab39708ddc407cc74c3da73dcd2a6375e060bd171ea0ff59e31b6f0.jpg,medium,0,0.14213916659355164
4ed43b7c8aead172c0d7a9bb3212ed20ca6e8c26c8d05c10b367a0fa3a383390,data/datasets/RRDataset/selection_1500/giovanni/real/real_006365.jpg,medium,0,0.47082817554473877
4ee3877a5ed71311aff8a457db513d1ae611ba9d820f5299d448920b6693b07d,data/datasets/openfake/additional-900/images/real/4ee3877a5ed71311aff8a457db513d1ae611ba9d820f5299d448920b6693b07d.jpg,medium,0,0.0007700399728491902
4f1941ab02b7dd231f59f22faf97dfb1e2cca65fe6f7e58fd9c94e1b2194ef47,data/datasets/RRDataset/selection_1500/lorenzo/ai/Medical_&_Public_Health_000771.png,medium,1,0.9928613305091858
4f1e971d79406d5bb22f91226913baeb27403b9e2908092cc606463d356b4229,data/datasets/openfake/additional-900/images/fake/4f1e971d79406d5bb22f91226913baeb27403b9e2908092cc606463d356b4229.png,medium,1,0.9575401544570923
4f23d8869144a535c2834e28d21a141924e80a9de86162d7a4c3400a2a5e8d75,data/datasets/openfake/pilot-600/images/real/4f23d8869144a535c2834e28d21a141924e80a9de86162d7a4c3400a2a5e8d75.jpg,medium,0,0.05507204681634903
4f467d6cae43e08cf690f53f044a6fd357fb26e6c216a7e37dc513d6a001a0e9,data/datasets/openfake/additional-900/images/fake/4f467d6cae43e08cf690f53f044a6fd357fb26e6c216a7e37dc513d6a001a0e9.png,medium,1,0.916869044303894
4f82b801e264b8e37a2f01cd76f10366a7eb82420196e28c69f875885072cc0f,data/datasets/sid-set/candidate-1500/images/fake/4f82b801e264b8e37a2f01cd76f10366a7eb82420196e28c69f875885072cc0f.png,medium,1,0.8197992444038391
4f928cdfcc8e18724628b283d2b19a588df526248e33f4d59e266fd3e811bdc1,data/datasets/openfake/pilot-600/images/fake/4f928cdfcc8e18724628b283d2b19a588df526248e33f4d59e266fd3e811bdc1.png,medium,1,0.9799505472183228
4fad2f768d1b0c3a6f5125e4c7ae7e59ac085dff0a709053692418226487c441,data/datasets/sid-set/candidate-1500/images/fake/4fad2f768d1b0c3a6f5125e4c7ae7e59ac085dff0a709053692418226487c441.png,medium,1,0.982355535030365
4fad66fae2f320b99c4092f4f5158e6e27a334c8bc6732682e1ad84a5a31d45b,data/datasets/openfake/additional-900/images/fake/4fad66fae2f320b99c4092f4f5158e6e27a334c8bc6732682e1ad84a5a31d45b.png,medium,1,0.451728492975235
4fb30a82b184c99194299bc733451e0f1db88c1c7205506532ef002866d56cb2,data/datasets/openfake/additional-900/images/fake/4fb30a82b184c99194299bc733451e0f1db88c1c7205506532ef002866d56cb2.png,medium,1,0.09161047637462616
4fb4d69abc625e5811837d7ecb45b095e7228c72a89ab009e69d9021ab81aa24,data/datasets/openfake/pilot-600/images/fake/4fb4d69abc625e5811837d7ecb45b095e7228c72a89ab009e69d9021ab81aa24.png,medium,1,0.993477463722229
4fb931462b0f6f0fd5d528c3659ee3bb192359886b85b94887a4b33f07cd8c81,data/datasets/RRDataset/selection_1500/giovanni/real/real_001316.jpg,medium,0,0.2036491483449936
4fe56bbb4fe79682cde0354e1d77d21bd71900ca1eb5c60b1662aeb1922d1767,data/datasets/openfake/additional-900/images/real/4fe56bbb4fe79682cde0354e1d77d21bd71900ca1eb5c60b1662aeb1922d1767.jpg,medium,0,0.40667077898979187
502a499f410a57e99a220665684228decd287b9644591f90db46d6b88056090b,data/datasets/RRDataset/selection_1500/lorenzo/real/real_000596.jpg,medium,0,0.5317212343215942
50320b95a2fd247b0ca876c609c3294e470da2e5a80cd657b8c6696cec998016,data/datasets/openfake/pilot-600/images/fake/50320b95a2fd247b0ca876c609c3294e470da2e5a80cd657b8c6696cec998016.png,medium,1,0.7302247881889343
506477a138ecad09106ba55c2109ce17f5996bf4ba598a8c7280545c16564670,data/datasets/RRDataset/selection_1500/giovanni/real/real_006157.jpg,medium,0,0.976107120513916
5083277655cacd203853b2af948a7b6f90faa190df5677b6b7872288132abf9e,data/datasets/sid-set/candidate-1500/images/real/5083277655cacd203853b2af948a7b6f90faa190df5677b6b7872288132abf9e.jpg,medium,0,0.16879776120185852
50a1a7e2d04ccdb22c4bc36bde4a80d9b770889bf024bac8585814c846dd1d58,data/datasets/openfake/pilot-600/images/real/50a1a7e2d04ccdb22c4bc36bde4a80d9b770889bf024bac8585814c846dd1d58.jpg,medium,0,0.21681566536426544
50cd4789c22fa8d32d6db2946632af1ef31216b0d010f8a0b9af1bc33bf6f096,data/datasets/openfake/additional-900/images/real/50cd4789c22fa8d32d6db2946632af1ef31216b0d010f8a0b9af1bc33bf6f096.jpg,medium,0,0.00014646143245045096
50fa8870fc269dabec40c6cf77ec57d37e57c48c37bd2752b894a50d4582989c,data/datasets/RRDataset/selection_1500/sara/ai/Culture_&_Religion_000443.png,medium,1,0.9554705619812012
510676466d0c8a59a8335b58595b26373fc39d6770107eb0374d6590de6fe0dc,data/datasets/sid-set/candidate-1500/images/fake/510676466d0c8a59a8335b58595b26373fc39d6770107eb0374d6590de6fe0dc.png,medium,1,0.9979404807090759
51124bf8da03ecf6ba29e7a6faa6316df4654c2ff21253fbc228aa9c18a51ae1,data/datasets/openfake/additional-900/images/fake/51124bf8da03ecf6ba29e7a6faa6316df4654c2ff21253fbc228aa9c18a51ae1.png,medium,1,0.9836957454681396
514314dbe520b48d3ae46eddbd9b43205c535f14c626742ed99d626bbc9b3cc0,data/datasets/sid-set/candidate-1500/images/real/514314dbe520b48d3ae46eddbd9b43205c535f14c626742ed99d626bbc9b3cc0.jpg,medium,0,0.7005782723426819
514f247e0acdf03fa6c5912c39c891ccffe8dd285e15f19c9fdab9b26b09ae57,data/datasets/RRDataset/selection_1500/sara/ai/Medical_&_Public_Health_000245.png,medium,1,0.9802989363670349
51813e7bfe1bc937c32edae57134a4684debd792c3bdf19958ff40f6193050c5,data/datasets/RRDataset/selection_1500/giovanni/ai/production_000607.png,medium,1,0.99880051612854
518140655b54180bf07d447e944b554feb08752e882071f39021f87484d95165,data/datasets/openfake/pilot-600/images/real/518140655b54180bf07d447e944b554feb08752e882071f39021f87484d95165.jpg,medium,0,0.4609054923057556
518c1f93709f44b66cf5b198884e17019d01917938b77e0c6ea48c0e226efc17,data/datasets/openfake/additional-900/images/fake/518c1f93709f44b66cf5b198884e17019d01917938b77e0c6ea48c0e226efc17.png,medium,1,0.9939549565315247
5198231bbccb3f3fea22fca0e3e4fbb4aab9de0e749fc409b9a41fb7153e0adb,data/datasets/sid-set/candidate-1500/images/fake/5198231bbccb3f3fea22fca0e3e4fbb4aab9de0e749fc409b9a41fb7153e0adb.png,medium,1,0.989669144153595
51ab75c0238ade1d70f6b7ac5efa6dee40d328072584573ac4740120fb037d20,data/datasets/RRDataset/selection_1500/sara/ai/production_000591.png,medium,1,0.9900262355804443
51bd4d558939415e61f852baaa0ff8630d9d7c2854ab4634ced94807b045166c,data/datasets/openfake/pilot-600/images/real/51bd4d558939415e61f852baaa0ff8630d9d7c2854ab4634ced94807b045166c.jpg,medium,0,0.0006732867914251983
51df077eb79e4f969a1e9424b7281a33d8215a062619b570e3160a4aa24f2a57,data/datasets/RRDataset/selection_1500/sara/real/real_002133.jpg,medium,0,0.5587195754051208
51fe05f90ff6d0769e0f78b7fe29857b715059e3acd8d3d74c2403181927bef1,data/datasets/openfake/additional-900/images/real/51fe05f90ff6d0769e0f78b7fe29857b715059e3acd8d3d74c2403181927bef1.jpg,medium,0,0.6532922387123108
5205ddf23881c553c106da4ef1cb91c96a8320515d872fbd525af840dcfd4025,data/datasets/sid-set/candidate-1500/images/fake/5205ddf23881c553c106da4ef1cb91c96a8320515d872fbd525af840dcfd4025.png,medium,1,0.9847874045372009
520cccf45b5116ee5b2054d3c2182fe476e4ea55e3a1e8e2a14cc05450870267,data/datasets/RRDataset/selection_1500/lorenzo/real/real_004274.jpg,medium,0,0.20215150713920593
523a7bfe085df05b414627b2e6596acfa628862fc6925a652cbfce70d99e764a,data/datasets/openfake/additional-900/images/fake/523a7bfe085df05b414627b2e6596acfa628862fc6925a652cbfce70d99e764a.png,medium,1,0.777212917804718
523c8668e8a7053bf1c23bb26f27418e60f5447d5052810ef521d4abd44c0174,data/datasets/openfake/additional-900/images/real/523c8668e8a7053bf1c23bb26f27418e60f5447d5052810ef521d4abd44c0174.jpg,medium,0,0.6719602346420288
524eb8ff2aee64a9c1c268d7ec7e10d385f9226712637cffc97255d39c6b180d,data/datasets/RRDataset/selection_1500/sara/real/real_006823.jpg,medium,0,0.9475482702255249
5259276f0f0d645e8e11afa32a2bdf7e5862c5443d0d584d12364825c69decc1,data/datasets/RRDataset/selection_1500/sara/real/real_000103.jpg,medium,0,0.5175142288208008
525d2ebf5fbd42a02d0dea8d2cc6e0e621a0aab5fdac87daa3d3533be8499547,data/datasets/sid-set/candidate-1500/images/real/525d2ebf5fbd42a02d0dea8d2cc6e0e621a0aab5fdac87daa3d3533be8499547.jpg,medium,0,0.10372330993413925
5268fc996e656c31b01d65f96f05954584e5ee9ccaa526c47a639968df0a6e40,data/datasets/openfake/pilot-600/images/real/5268fc996e656c31b01d65f96f05954584e5ee9ccaa526c47a639968df0a6e40.jpg,medium,0,0.114085853099823
52974c179cd77ae5cbf40099bd02c04f300de64b85a5ebd2777529e6db9aeac8,data/datasets/openfake/additional-900/images/fake/52974c179cd77ae5cbf40099bd02c04f300de64b85a5ebd2777529e6db9aeac8.png,medium,1,0.9964556694030762
529ee0d4242aa24a8725aacef8485cb3d32063f08c659ae050697cad3b72763b,data/datasets/openfake/pilot-600/images/real/529ee0d4242aa24a8725aacef8485cb3d32063f08c659ae050697cad3b72763b.jpg,medium,0,0.022458037361502647
52a8ea174d6f3034b4bafbde5b5c8f577cd61d2e2dc16e7b058816a11f2c47c3,data/datasets/RRDataset/selection_1500/giovanni/ai/Natural_Disasters_&_Accidents_000007.png,medium,1,0.9849154949188232
52e7d3dfd3010bc8ad92834760c443ae58faf8042119c265d11fdd0196109e5c,data/datasets/openfake/pilot-600/images/real/52e7d3dfd3010bc8ad92834760c443ae58faf8042119c265d11fdd0196109e5c.jpg,medium,0,0.00024400587426498532
52fae2b4c4f07411ffeb08e24bffa2c5aff57bf0e7472dc727da7c55f7a3fc57,data/datasets/openfake/pilot-600/images/fake/52fae2b4c4f07411ffeb08e24bffa2c5aff57bf0e7472dc727da7c55f7a3fc57.png,medium,1,0.5782375931739807
531d2fecea1326acbb7e9b3ea8c9ed74fc3b0344779af5f695c5418a76911f44,data/datasets/RRDataset/selection_1500/giovanni/real/real_004826.jpg,medium,0,0.5177193284034729
534b8c403c5b8a55a2b2be1d4fb04dd1a74d39bf1f8dcf8dbe2dd4ad375d9d95,data/datasets/sid-set/candidate-1500/images/real/534b8c403c5b8a55a2b2be1d4fb04dd1a74d39bf1f8dcf8dbe2dd4ad375d9d95.jpg,medium,0,0.988997757434845
53572dbaa686a1bf166eff67ecef1a8ded44646071cd6165c4141ee1294b5cce,data/datasets/RRDataset/selection_1500/lorenzo/ai/Natural_Disasters_&_Accidents_000462.png,medium,1,0.9628344178199768
53639ce3e88d8bf5a8cefc4144f261b5be9c04ed16059ddb6fa426f17db200ab,data/datasets/RRDataset/selection_1500/giovanni/real/real_005526.jpg,medium,0,0.8970599174499512
536fe23fd219f35c818b46e399bba10941db769c026dd8fb6f94dcc4d1324d7f,data/datasets/sid-set/candidate-1500/images/real/536fe23fd219f35c818b46e399bba10941db769c026dd8fb6f94dcc4d1324d7f.jpg,medium,0,0.12532448768615723
5372aceef0626a7bba926dd39f362a9bfca655ec0cdb4204ce11e4d0eb572732,data/datasets/RRDataset/selection_1500/giovanni/ai/Political_&_Social_Events_000350.png,medium,1,0.9364477396011353
538680eba07a3cd07413398b874ac2e3c7f91a9deb29a19447a8160c773d78b0,data/datasets/sid-set/candidate-1500/images/fake/538680eba07a3cd07413398b874ac2e3c7f91a9deb29a19447a8160c773d78b0.png,medium,1,0.9769371747970581
538c6c7ae38d4f27dd6867ed4774f1d8388ca3519366f86ab89417cf2f180238,data/datasets/RRDataset/selection_1500/lorenzo/ai/Natural_Disasters_&_Accidents_000576.png,medium,1,0.985207200050354
538f483df822501d95d31e9e9fc80a5f133e35984f6174cca521f692e2d4ca0b,data/datasets/RRDataset/selection_1500/lorenzo/real/real_005159.jpg,medium,0,0.09542488306760788
539e840ae7f2b3bebadcd5b29056e1040523351deac982637a3d2a34691a69d6,data/datasets/RRDataset/selection_1500/lorenzo/real/real_009405.jpg,medium,0,0.07080936431884766
53bd451f9936af70981561e90a32736e9cb30bd592e02ed0cb21def6134f7604,data/datasets/openfake/pilot-600/images/fake/53bd451f9936af70981561e90a32736e9cb30bd592e02ed0cb21def6134f7604.png,medium,1,0.8459948301315308
53e303e2ffec0bbe10bb9995a0b9b1e95dad6ccc155671ff72624285fdce8cb1,data/datasets/sid-set/candidate-1500/images/fake/53e303e2ffec0bbe10bb9995a0b9b1e95dad6ccc155671ff72624285fdce8cb1.png,medium,1,0.997313916683197
53eba60c4598acb6f22825a467cca71bbe2af660aab7015ad602ca5126d2dc7a,data/datasets/RRDataset/selection_1500/giovanni/real/real_005357.jpg,medium,0,0.4496265947818756
53eeb11d322439498d6316f6bab1d28b69847e72ab2bdb614e88a638a56695c3,data/datasets/RRDataset/selection_1500/sara/ai/Natural_Disasters_&_Accidents_000293.png,medium,1,0.9920254349708557
53f30ce7c894b9c8eee5fd8c46779c2da1c16811c098748836f756edd700974c,data/datasets/RRDataset/selection_1500/giovanni/ai/production_000630.png,medium,1,0.9974338412284851
53f37f7e59acb0ef712a2d48fb159d234880086ddeb82b3f309afdf15f9743f8,data/datasets/sid-set/candidate-1500/images/fake/53f37f7e59acb0ef712a2d48fb159d234880086ddeb82b3f309afdf15f9743f8.png,medium,1,0.9921016097068787
542723ce3ea39844fc0c4e15c945358a34d1d001b3e96266d0a9590db8237aef,data/datasets/RRDataset/selection_1500/sara/real/real_003850.jpg,medium,0,0.8397067189216614
54283907be65bc971df39a7671edfd38acb6eca65a3c2e4bcc7fc2bca78b1d81,data/datasets/openfake/pilot-600/images/real/54283907be65bc971df39a7671edfd38acb6eca65a3c2e4bcc7fc2bca78b1d81.jpg,medium,0,0.34115803241729736
54460b59a59a6db6c401ebe14446b811b9fccde311f4544d05b6428be9a14306,data/datasets/openfake/pilot-600/images/fake/54460b59a59a6db6c401ebe14446b811b9fccde311f4544d05b6428be9a14306.webp,medium,1,0.8717025518417358
545cbc951c31a08766fdf010a7cc199b8b237302837c64ca01a659ca3701f54d,data/datasets/sid-set/candidate-1500/images/real/545cbc951c31a08766fdf010a7cc199b8b237302837c64ca01a659ca3701f54d.jpg,medium,0,0.9058813452720642
54624aed0c459e67c3e2ebab1b7b1ea8164896d975d4f2703059431c4927b013,data/datasets/RRDataset/selection_1500/lorenzo/real/real_008611.jpg,medium,0,0.9088428616523743
5463ee1163a0715d19106aa0972f356b03e4da9d5f40bb6dde0cb8925566582c,data/datasets/sid-set/candidate-1500/images/fake/5463ee1163a0715d19106aa0972f356b03e4da9d5f40bb6dde0cb8925566582c.png,medium,1,0.9960950016975403
5478623763bc92a58ee63a60df702325c86f2537b89803308bffda23af903c33,data/datasets/openfake/additional-900/images/real/5478623763bc92a58ee63a60df702325c86f2537b89803308bffda23af903c33.jpg,medium,0,0.020580703392624855
54829ca0a6de394d2b1c3220e69a9ee6ab9cc47cb5744d61c5199a7801d6a171,data/datasets/openfake/pilot-600/images/fake/54829ca0a6de394d2b1c3220e69a9ee6ab9cc47cb5744d61c5199a7801d6a171.webp,medium,1,0.9080202579498291
5492e2a67dc32dbe282da8b02a1b91163a1599a6027bcdabd70c6a1f579efa25,data/datasets/openfake/additional-900/images/real/5492e2a67dc32dbe282da8b02a1b91163a1599a6027bcdabd70c6a1f579efa25.jpg,medium,0,0.15026143193244934
54dc7eec19d134ec7a79d17e313378c150ae1a1d9f5e106cc51e5a1b3f8e6b69,data/datasets/RRDataset/selection_1500/lorenzo/real/real_006118.jpg,medium,0,0.9883149862289429
5504e3ffc491cf064add22fdc3faed0d8fbf2923197f8130213046dca62931a4,data/datasets/sid-set/candidate-1500/images/real/5504e3ffc491cf064add22fdc3faed0d8fbf2923197f8130213046dca62931a4.jpg,medium,0,0.7108577489852905
551ea976360d9a1389d4737f8bcce371ef48fa61471239bc4d2960c2ca0aa08b,data/datasets/sid-set/candidate-1500/images/real/551ea976360d9a1389d4737f8bcce371ef48fa61471239bc4d2960c2ca0aa08b.jpg,medium,0,0.8523076772689819
5542a7dba8e3f242d54d2d190dc9c74f9180b3fa0d97486bffaf99729c3da0c5,data/datasets/openfake/pilot-600/images/real/5542a7dba8e3f242d54d2d190dc9c74f9180b3fa0d97486bffaf99729c3da0c5.jpg,medium,0,0.726229190826416
556e9ff6b6b9be59df13a596048f4fe458a9995505c80028ada7677afa2a074d,data/datasets/RRDataset/selection_1500/sara/ai/Medical_&_Public_Health_000017.png,medium,1,0.9680675268173218
558409f857639f7220d0004cdc487f9add713b6a16d044a6e9936523100adc88,data/datasets/sid-set/candidate-1500/images/real/558409f857639f7220d0004cdc487f9add713b6a16d044a6e9936523100adc88.jpg,medium,0,0.09778974950313568
558b1128b969dc8af61dd26749900ef99baa549b8e1ee9fd320f9616aa5e1b97,data/datasets/RRDataset/selection_1500/giovanni/real/real_001531.jpg,medium,0,0.4178658127784729
55ab819a02dccef709cb166cfe66db94820ff18d6ddd8edb9e5e6eaf52f72926,data/datasets/sid-set/candidate-1500/images/fake/55ab819a02dccef709cb166cfe66db94820ff18d6ddd8edb9e5e6eaf52f72926.png,medium,1,0.9908832907676697
5601590a4682fd0e17fbdcbab445fd0925bedeb8559b5fa79c3cc24fa9036c50,data/datasets/RRDataset/selection_1500/lorenzo/real/real_001977.jpg,medium,0,0.6408220529556274
560916b2623f679bbd66fd17c16d07c0961b584a80dd3b251b6f578bcdd16757,data/datasets/RRDataset/selection_1500/giovanni/real/real_003502.jpg,medium,0,0.1403544396162033
560ca1ed3ae38681f2ef9297852a2e981c132fabcca6754edf2462ad800d7689,data/datasets/RRDataset/selection_1500/sara/real/real_002374.jpg,medium,0,0.8435418605804443
5610e8f69473d4608a03968fc2b8de8372b500b7cf494a111af0fb7b29c7d416,data/datasets/RRDataset/selection_1500/lorenzo/ai/Culture_&_Religion_000915.png,medium,1,0.998116135597229
56129ab07db592a745279ddb4050d01b90eac666c7aaae7f88b9d1d7aecf13ce,data/datasets/RRDataset/selection_1500/sara/real/real_001414.jpg,medium,0,0.5823825001716614
561dcf3fd6fc39bade95182cade0e311cb40627aa9f72230ed9a9bce6891967c,data/datasets/RRDataset/selection_1500/giovanni/ai/production_000645.png,medium,1,0.9994055032730103
5620e447d4f0608a4368b548917a10748006292454fdb9104a5046f8c1cf2e38,data/datasets/openfake/additional-900/images/real/5620e447d4f0608a4368b548917a10748006292454fdb9104a5046f8c1cf2e38.jpg,medium,0,0.4641185998916626
56232e07993c4a389a2a8c69f6c755839bb785f30b4cbacf5073f275d935db3d,data/datasets/RRDataset/selection_1500/lorenzo/ai/production_000019.png,medium,1,0.9800658226013184
562f23a2f3eac586718eec1a3ea5bff7b856fa76c02ce9d235e96f3db17597d3,data/datasets/sid-set/candidate-1500/images/real/562f23a2f3eac586718eec1a3ea5bff7b856fa76c02ce9d235e96f3db17597d3.jpg,medium,0,0.8252101540565491
563d735fc629a0326781d4b1279dbd69dba1df7ce8d0ce0ee6eaa0bae57b4295,data/datasets/sid-set/candidate-1500/images/real/563d735fc629a0326781d4b1279dbd69dba1df7ce8d0ce0ee6eaa0bae57b4295.jpg,medium,0,0.0013476547319442034
5668dc794f486a9662782cfec9380bfdd6a2c5a65a54682fed03be1b04bb8b00,data/datasets/RRDataset/selection_1500/lorenzo/ai/Culture_&_Religion_000179.png,medium,1,0.5986248254776001
5671f93a9489fe8953270ad1bac1f94a3eae6a4d53b99e1d13eca521c2f861a3,data/datasets/openfake/pilot-600/images/real/5671f93a9489fe8953270ad1bac1f94a3eae6a4d53b99e1d13eca521c2f861a3.jpg,medium,0,0.7148033976554871
567795f86b738339082b123c61808d9875326a5c07cf6c5e26d4d651dbb5393b,data/datasets/openfake/pilot-600/images/real/567795f86b738339082b123c61808d9875326a5c07cf6c5e26d4d651dbb5393b.jpg,medium,0,0.00046836314140819013
568f828b4cd5cb434eaf501ba50fd1c834077009feef7796c7fcabf082792a26,data/datasets/openfake/additional-900/images/real/568f828b4cd5cb434eaf501ba50fd1c834077009feef7796c7fcabf082792a26.jpg,medium,0,0.2134188711643219
56c19c0ac399f6e74eeff4b6e2ce73ed3b32c4d09b7206270ded912997cca808,data/datasets/openfake/pilot-600/images/fake/56c19c0ac399f6e74eeff4b6e2ce73ed3b32c4d09b7206270ded912997cca808.png,medium,1,0.94387286901474
56dd7e2fb881f8d55015e54358303e66089b26fd210f6bbad1523bf066385ffc,data/datasets/sid-set/candidate-1500/images/fake/56dd7e2fb881f8d55015e54358303e66089b26fd210f6bbad1523bf066385ffc.png,medium,1,0.9901667833328247
56de53fd05e26aed9e2d69d32334d1f2a987b93b77ba360b02568c487435f27b,data/datasets/RRDataset/selection_1500/giovanni/ai/Culture_&_Religion_000142.png,medium,1,0.8885722160339355
56f1d36e4e3ea32d9bf32e67c0df3199e10eeb4d13559636c4b6866abe165990,data/datasets/openfake/additional-900/images/fake/56f1d36e4e3ea32d9bf32e67c0df3199e10eeb4d13559636c4b6866abe165990.png,medium,1,0.2499636560678482
5702bcd1ecb58b0f01a3d0a651c742c389e805de29cad92a9a3efdd79d5deb9c,data/datasets/sid-set/candidate-1500/images/fake/5702bcd1ecb58b0f01a3d0a651c742c389e805de29cad92a9a3efdd79d5deb9c.png,medium,1,0.9959041476249695
57070ac3f9a4a41939bb5208db8f8017bd1c122df2ee863913452294602ee7aa,data/datasets/RRDataset/selection_1500/sara/real/real_009421.jpg,medium,0,0.36746689677238464
571846ee17bc74fcd0c83f1f91b0785ed574dab464497cbdef89c4211c046bdd,data/datasets/openfake/additional-900/images/real/571846ee17bc74fcd0c83f1f91b0785ed574dab464497cbdef89c4211c046bdd.jpg,medium,0,0.015979263931512833
571fd554df05a7bf1736fcf48d5bd65ca19858c09fa2eedd2f93e7a519ed86e9,data/datasets/openfake/additional-900/images/fake/571fd554df05a7bf1736fcf48d5bd65ca19858c09fa2eedd2f93e7a519ed86e9.png,medium,1,0.4332387447357178
572d3c1b811eb7bd804ade56057873e0425227fb4c592f6cc8567636ccca21a8,data/datasets/sid-set/candidate-1500/images/real/572d3c1b811eb7bd804ade56057873e0425227fb4c592f6cc8567636ccca21a8.jpg,medium,0,0.5573683381080627
5734721aecf77adcfe04917a418dd4cfd64e9457f5fbc73287452bd81dc7eecc,data/datasets/openfake/additional-900/images/fake/5734721aecf77adcfe04917a418dd4cfd64e9457f5fbc73287452bd81dc7eecc.png,medium,1,0.525111973285675
5736e9f75d8ba603d0d6598e799945387b1e73f803d4ad034f931b32a30b99bf,data/datasets/sid-set/candidate-1500/images/real/5736e9f75d8ba603d0d6598e799945387b1e73f803d4ad034f931b32a30b99bf.jpg,medium,0,0.0025399194564670324
573bfb6a4d9fa7e7029469d9127037184fdc7d3fba56918593e838e42d73f631,data/datasets/RRDataset/selection_1500/sara/real/real_002551.jpg,medium,0,0.8015831708908081
573d5e0c91dc49b79f5d68a487ddd6996cd36bc5a8d2ce56684d5c1c5452b133,data/datasets/RRDataset/selection_1500/giovanni/real/real_000968.jpg,medium,0,0.501887321472168
5768474a00cf1a635341319a1d5303941d3580b11c7484292c6837a697a2116b,data/datasets/openfake/additional-900/images/real/5768474a00cf1a635341319a1d5303941d3580b11c7484292c6837a697a2116b.jpg,medium,0,0.40863627195358276
576c13a5ef7add172a7d97f738853738fb06b8c71bdff581f49953cedcf3bb5a,data/datasets/RRDataset/selection_1500/giovanni/ai/War_&_Conflict_Scenes_000225.png,medium,1,0.9924196600914001
5796c29ad2086c48eaed9d64ae7611b403437238aea46b133c2e2390560a4c26,data/datasets/openfake/additional-900/images/fake/5796c29ad2086c48eaed9d64ae7611b403437238aea46b133c2e2390560a4c26.png,medium,1,0.9114186763763428
57b5b701ac4a415dce4cfa6ad892cbfc2d8bc96c3765c03ce46ab0d86a2f74a2,data/datasets/openfake/additional-900/images/fake/57b5b701ac4a415dce4cfa6ad892cbfc2d8bc96c3765c03ce46ab0d86a2f74a2.webp,medium,1,0.8143758773803711
57dff5ed75cc9930c4dae24cb118fc4855f5bc01903687b0f2933356efc6a4ea,data/datasets/openfake/pilot-600/images/real/57dff5ed75cc9930c4dae24cb118fc4855f5bc01903687b0f2933356efc6a4ea.jpg,medium,0,0.044639792293310165
5806039a1258ee05270c69fc635dbe70b94fc4fb7919bb5c6eb0f77af1b06b54,data/datasets/sid-set/candidate-1500/images/fake/5806039a1258ee05270c69fc635dbe70b94fc4fb7919bb5c6eb0f77af1b06b54.png,medium,1,0.9956062436103821
582e7439ef8ccb71f364654ea16068a33ecdbdd9116a4a5834da3cd3e2f87399,data/datasets/sid-set/candidate-1500/images/real/582e7439ef8ccb71f364654ea16068a33ecdbdd9116a4a5834da3cd3e2f87399.jpg,medium,0,0.7014827132225037
5833fa5393e77433f9a753654f0d3c0894a549a269b2e921703a8ed3320ab3ce,data/datasets/openfake/additional-900/images/real/5833fa5393e77433f9a753654f0d3c0894a549a269b2e921703a8ed3320ab3ce.jpg,medium,0,0.1191553920507431
587598ebb65d9237db80454ba32c6ac757337b0adfa622b38156d49c8eac5613,data/datasets/openfake/pilot-600/images/fake/587598ebb65d9237db80454ba32c6ac757337b0adfa622b38156d49c8eac5613.png,medium,1,0.7855844497680664
58834e2017e4a4e3ef277707c82b29c72a92201ad3123738049b5c0e17c319cc,data/datasets/openfake/pilot-600/images/fake/58834e2017e4a4e3ef277707c82b29c72a92201ad3123738049b5c0e17c319cc.png,medium,1,0.6821056008338928
58ac3c299e89dcbcd173cb979ba44eeae0529a0177a34d4d446889f407ef0462,data/datasets/openfake/additional-900/images/fake/58ac3c299e89dcbcd173cb979ba44eeae0529a0177a34d4d446889f407ef0462.png,medium,1,0.9971043467521667
58c71740878465589b199ffb46cf8ecfbcd867a94518b1f0332ac429b71c8107,data/datasets/sid-set/candidate-1500/images/real/58c71740878465589b199ffb46cf8ecfbcd867a94518b1f0332ac429b71c8107.jpg,medium,0,0.0003837281547021121
58cf0ea9f9c133175c5a63ca770e6491b4e36ca5f4d1b72b85c65554858c470d,data/datasets/openfake/pilot-600/images/real/58cf0ea9f9c133175c5a63ca770e6491b4e36ca5f4d1b72b85c65554858c470d.jpg,medium,0,0.7724891304969788
58d7a302a72e7a36af8cf81d616935989994694744d8b10b35233c306f3140a0,data/datasets/RRDataset/selection_1500/sara/ai/production_000497.png,medium,1,0.9919479489326477
58d979ea736daef7b31149fd953bd867f3d5a1b5abe04abf918899f9f36fe7d5,data/datasets/sid-set/candidate-1500/images/fake/58d979ea736daef7b31149fd953bd867f3d5a1b5abe04abf918899f9f36fe7d5.png,medium,1,0.9978787899017334
58da6885aeb73c46ceedab0824d3af64a9f746ae59bbc1c3c38e0e67c3bc8574,data/datasets/sid-set/candidate-1500/images/fake/58da6885aeb73c46ceedab0824d3af64a9f746ae59bbc1c3c38e0e67c3bc8574.png,medium,1,0.9770207405090332
58e70370ea2877cb7d53ff1640547ef5fc5f0e684dd538ecaf4f618b88e8a494,data/datasets/openfake/additional-900/images/real/58e70370ea2877cb7d53ff1640547ef5fc5f0e684dd538ecaf4f618b88e8a494.jpg,medium,0,0.14993995428085327
59142bf9fcfdfd90190b7924c589f3bf3aea945d2e4908db9accbfe17eb80f69,data/datasets/sid-set/candidate-1500/images/real/59142bf9fcfdfd90190b7924c589f3bf3aea945d2e4908db9accbfe17eb80f69.jpg,medium,0,0.0037097898311913013
59366b2e91d465033d94e740ad1fc5a4ed71f520cbe985cb57a54475c9caa6f0,data/datasets/RRDataset/selection_1500/lorenzo/ai/Natural_Disasters_&_Accidents_000993.png,medium,1,0.9750558137893677
5939cdb6d71c6ff1aef123149bf7bfa19a9a37d26112d9f9eb8ae3beb9ac7668,data/datasets/openfake/pilot-600/images/fake/5939cdb6d71c6ff1aef123149bf7bfa19a9a37d26112d9f9eb8ae3beb9ac7668.png,medium,1,0.46523886919021606
593b9336dd895b1c2a597ad59a86ca7e6235f69ec876d2dbea692ec28789d039,data/datasets/RRDataset/selection_1500/giovanni/real/real_002966.jpg,medium,0,0.9065046310424805
5950343b177c7db3e722d0bf62b46451bc608263ddb87ff600aa2680a69d8662,data/datasets/sid-set/candidate-1500/images/fake/5950343b177c7db3e722d0bf62b46451bc608263ddb87ff600aa2680a69d8662.png,medium,1,0.9075250625610352
596282bbfe113a20fb4b4ee0a5401006205cf09b9c91cf03cf4083a4a33cc129,data/datasets/sid-set/candidate-1500/images/fake/596282bbfe113a20fb4b4ee0a5401006205cf09b9c91cf03cf4083a4a33cc129.png,medium,1,0.991587221622467
59717c34e433bd3d8178fe6c687c69c2c2dc30dd6410ccf68d41825a1271d32f,data/datasets/RRDataset/selection_1500/giovanni/ai/War_&_Conflict_Scenes_000278.png,medium,1,0.9760562181472778
59776cc07a43ab637ec3f4d9fea796c872c67e7d3f21a4aec619e8b937315312,data/datasets/openfake/additional-900/images/real/59776cc07a43ab637ec3f4d9fea796c872c67e7d3f21a4aec619e8b937315312.jpg,medium,0,0.9318960905075073
598183bfef0274941e47ae42216302dd161b011e9da64b07493cb8a641cdd2dd,data/datasets/sid-set/candidate-1500/images/fake/598183bfef0274941e47ae42216302dd161b011e9da64b07493cb8a641cdd2dd.png,medium,1,0.9870213866233826
59a0fb27e2ea646e48ed30d2a2cfbee2b97626568037b69ee1b941c86a2fa5f0,data/datasets/sid-set/candidate-1500/images/fake/59a0fb27e2ea646e48ed30d2a2cfbee2b97626568037b69ee1b941c86a2fa5f0.png,medium,1,0.984887957572937
59a97a4b94b6ca276fb86ac25b83b833e0aa96414192f77f2e84cf3e3ccc759a,data/datasets/RRDataset/selection_1500/sara/real/real_006587.jpg,medium,0,0.9726009368896484
59b616692e0d7acad673c41c34977ce1d83d4e82ab366064cce17ee955954a0e,data/datasets/openfake/pilot-600/images/real/59b616692e0d7acad673c41c34977ce1d83d4e82ab366064cce17ee955954a0e.jpg,medium,0,0.6249179244041443
59ea4008fe56dc2e3aa358ae7ab654d294e63ba8c35e68accfcab11f03972846,data/datasets/openfake/pilot-600/images/fake/59ea4008fe56dc2e3aa358ae7ab654d294e63ba8c35e68accfcab11f03972846.png,medium,1,0.12060656398534775
59f351a12e2d48483e06f0dfc3bf1aa0c8a0544c73408e6a51063da92894960b,data/datasets/openfake/additional-900/images/fake/59f351a12e2d48483e06f0dfc3bf1aa0c8a0544c73408e6a51063da92894960b.jpg,medium,1,0.9776091575622559
5a008e204b2f80043f17b8cbdf545e1d29a19d6147b7b4b09c83dfad0f264123,data/datasets/sid-set/candidate-1500/images/real/5a008e204b2f80043f17b8cbdf545e1d29a19d6147b7b4b09c83dfad0f264123.jpg,medium,0,0.16441215574741364
5a137a43c13ba94d8b578f5ca7e78179f078f96cc35df834118ac5dd48507a7b,data/datasets/RRDataset/selection_1500/lorenzo/real/real_006705.jpg,medium,0,0.9629716873168945
5a14416e4a432264074136edfeeef4f78a34839480f30aece854106d82bfb3ba,data/datasets/sid-set/candidate-1500/images/fake/5a14416e4a432264074136edfeeef4f78a34839480f30aece854106d82bfb3ba.png,medium,1,0.8676468729972839
5a5011515f37f5446fd97444d68f27cf252040b7dbb3598b222e42e78fc664b8,data/datasets/RRDataset/selection_1500/lorenzo/ai/production_000405.png,medium,1,0.9819245338439941
5a59f322c876ae58314db34e0d0c151f07b4ff1fae4227afc2e2cd5403d65b27,data/datasets/openfake/pilot-600/images/real/5a59f322c876ae58314db34e0d0c151f07b4ff1fae4227afc2e2cd5403d65b27.jpg,medium,0,0.11375491321086884
5a6a19c4f24683a219765990cf78a25a458d0c8be021b9d03f491f425a2bef89,data/datasets/RRDataset/selection_1500/sara/real/real_000114.jpg,medium,0,0.30411672592163086
5a7ea67f2ef925d6f3be883ca0e101d777570089fc333ef822c87ee1983b9863,data/datasets/openfake/additional-900/images/real/5a7ea67f2ef925d6f3be883ca0e101d777570089fc333ef822c87ee1983b9863.jpg,medium,0,0.177717387676239
5a80b6aa144308674bda1f1bb261274ae9118013c4b44b4a98ea22ea5d134efa,data/datasets/openfake/pilot-600/images/real/5a80b6aa144308674bda1f1bb261274ae9118013c4b44b4a98ea22ea5d134efa.jpg,medium,0,0.012899970635771751
5a8efcb8af621c654e459ab6d0db6889c5c8238e4718359334788b9fda8978ac,data/datasets/openfake/additional-900/images/fake/5a8efcb8af621c654e459ab6d0db6889c5c8238e4718359334788b9fda8978ac.png,medium,1,0.7226734161376953
5a9e2ec41f18608d292eed6101884027f77a2ee51e5084207cd8e2213b1aae25,data/datasets/sid-set/candidate-1500/images/real/5a9e2ec41f18608d292eed6101884027f77a2ee51e5084207cd8e2213b1aae25.jpg,medium,0,0.4314022362232208
5ab45ff0b0c8954bfef48f86ff22c300928fae3e98a7976f04c144e3e31f2c2e,data/datasets/openfake/additional-900/images/fake/5ab45ff0b0c8954bfef48f86ff22c300928fae3e98a7976f04c144e3e31f2c2e.png,medium,1,0.990486204624176
5ae6be53395820c9d7d49ca1a5047c85fae7019b9c70efaef95c0974760ce97e,data/datasets/sid-set/candidate-1500/images/real/5ae6be53395820c9d7d49ca1a5047c85fae7019b9c70efaef95c0974760ce97e.jpg,medium,0,0.0046114232391119
5b37681261d067f5e354de7d6e84b20cf5ca2b05fe6ab8a685f1704819ae4d2a,data/datasets/sid-set/candidate-1500/images/real/5b37681261d067f5e354de7d6e84b20cf5ca2b05fe6ab8a685f1704819ae4d2a.jpg,medium,0,0.012913785874843597
5b3ec6e2479e4831a758fe06d7be841e3f5481d88b255ac0f9c56f3e3990155c,data/datasets/sid-set/candidate-1500/images/real/5b3ec6e2479e4831a758fe06d7be841e3f5481d88b255ac0f9c56f3e3990155c.jpg,medium,0,0.08067002147436142
5b618322d727d8a206499a375dbe62b6d78d0bebdf16d28ddb44d65c25659558,data/datasets/sid-set/candidate-1500/images/fake/5b618322d727d8a206499a375dbe62b6d78d0bebdf16d28ddb44d65c25659558.png,medium,1,0.9707636833190918
5b636773049aa592846f5ef93c12af0e25c95a3bede4582f17143a297f47f131,data/datasets/openfake/pilot-600/images/fake/5b636773049aa592846f5ef93c12af0e25c95a3bede4582f17143a297f47f131.png,medium,1,0.8988506197929382
5b75695d3e9d041c42c49cdfed94c8e9698fb8d2931e81aa59498f9758cc663d,data/datasets/openfake/pilot-600/images/real/5b75695d3e9d041c42c49cdfed94c8e9698fb8d2931e81aa59498f9758cc663d.jpg,medium,0,0.47028544545173645
5b83f86ed3a765c93b7dc581fa9caadf6b56db3d536e57918cda483b2a3ddb5d,data/datasets/sid-set/candidate-1500/images/fake/5b83f86ed3a765c93b7dc581fa9caadf6b56db3d536e57918cda483b2a3ddb5d.png,medium,1,0.9763637781143188
5b99433135dc96fedfaaefa6a9eb2f10c62cfe86c2237cebe6333d887c894b3c,data/datasets/openfake/additional-900/images/real/5b99433135dc96fedfaaefa6a9eb2f10c62cfe86c2237cebe6333d887c894b3c.jpg,medium,0,0.3106710612773895
5bad4c24ed8c90de7b2c045687c44ed4e6f191055efa6c3e5b4e220a2a48d239,data/datasets/sid-set/candidate-1500/images/fake/5bad4c24ed8c90de7b2c045687c44ed4e6f191055efa6c3e5b4e220a2a48d239.png,medium,1,0.9588409662246704
5bbf6be563a9fc36c637c13d630d04f89028b0527129fbbe7f6fa73b96bf0931,data/datasets/sid-set/candidate-1500/images/real/5bbf6be563a9fc36c637c13d630d04f89028b0527129fbbe7f6fa73b96bf0931.jpg,medium,0,0.0015716023044660687
5bc0016c9583ab2272825ad427f2acc1abb069034b91a0fa3a77f60e05f6dac3,data/datasets/RRDataset/selection_1500/giovanni/ai/Culture_&_Religion_000445.png,medium,1,0.8949272036552429
5bcdc1ac3ebf28593953e04e97b957f9765ca4d1830094d8bbf17c9feedf17ab,data/datasets/openfake/additional-900/images/fake/5bcdc1ac3ebf28593953e04e97b957f9765ca4d1830094d8bbf17c9feedf17ab.webp,medium,1,0.9711403250694275
5bed6b61dfb4b3cbc0ad6fc881d1fefee657327445a21e1da5e344eb5fce4d52,data/datasets/sid-set/candidate-1500/images/fake/5bed6b61dfb4b3cbc0ad6fc881d1fefee657327445a21e1da5e344eb5fce4d52.png,medium,1,0.9715064167976379
5c061a7f7651c2081f8dc408f61d8ad00ffa741f85741fad2f2c7f0ae5a8bbd7,data/datasets/sid-set/candidate-1500/images/real/5c061a7f7651c2081f8dc408f61d8ad00ffa741f85741fad2f2c7f0ae5a8bbd7.jpg,medium,0,0.1732228547334671
5c32335ecc2a185d2e3f77e3698dd4f4592beb2459a31a4364f1b8efccf3f058,data/datasets/RRDataset/selection_1500/sara/real/real_005024.jpg,medium,0,0.4592010974884033
5c403e6f916091b5dd069a7d1c81674dc85aeb32d6beeb7948f9bcf3697f0fed,data/datasets/RRDataset/selection_1500/giovanni/ai/Natural_Disasters_&_Accidents_000566.png,medium,1,0.9930258989334106
5c9e668642cc880f400506fa10510136ef1334bd6b6a9a2320eec4c7ca240c48,data/datasets/openfake/additional-900/images/real/5c9e668642cc880f400506fa10510136ef1334bd6b6a9a2320eec4c7ca240c48.jpg,medium,0,0.12015362083911896
5ca94d8f9a88b2d264ad08098bb49a19bca654b3338ab1d8a3de90560113cc10,data/datasets/openfake/additional-900/images/fake/5ca94d8f9a88b2d264ad08098bb49a19bca654b3338ab1d8a3de90560113cc10.png,medium,1,0.9606860876083374
5cc1e37ea190936b40c7bb7b6fee4a1d1a9fd12cd7c17ec95fcb3647291ce07e,data/datasets/sid-set/candidate-1500/images/real/5cc1e37ea190936b40c7bb7b6fee4a1d1a9fd12cd7c17ec95fcb3647291ce07e.jpg,medium,0,0.9740877747535706
5ce07ba3c15f803ed9b856e36377f8b4a45f413180519cfa8def8d891f482e01,data/datasets/openfake/additional-900/images/fake/5ce07ba3c15f803ed9b856e36377f8b4a45f413180519cfa8def8d891f482e01.png,medium,1,0.8399520516395569
5d0587e2d07c1aaaa82a3b70b58b3f435b64823fd4e1d2721c38020b590ecd5e,data/datasets/RRDataset/selection_1500/lorenzo/real/real_003980.jpg,medium,0,0.7160291075706482
5d255f93568bb585f6a2b01c9d9512cadf162326ca0784aee4462a7a930e83a3,data/datasets/RRDataset/selection_1500/giovanni/real/real_009507.jpg,medium,0,0.00870518572628498
5d56b1e9792895d70c9a33974af2c11f9d8ab5a2f54aeea14ff44461a55f70f0,data/datasets/openfake/additional-900/images/real/5d56b1e9792895d70c9a33974af2c11f9d8ab5a2f54aeea14ff44461a55f70f0.jpg,medium,0,0.05885634943842888
5d6277307f8b594dd63c77dc4b78252084efdbfa55f6c5900b33992d7507aeaa,data/datasets/RRDataset/selection_1500/giovanni/ai/Medical_&_Public_Health_000922.png,medium,1,0.9873720407485962
5d6476bcf232392a62e824ddd2ac3a1cc32cae40c2b8ab004150e3479fdd1afc,data/datasets/openfake/additional-900/images/real/5d6476bcf232392a62e824ddd2ac3a1cc32cae40c2b8ab004150e3479fdd1afc.jpg,medium,0,0.6387877464294434
5d680e860d975bc682a40a2529fc9e30cb32960b91b05dfbb2e9ca57d038c262,data/datasets/RRDataset/selection_1500/giovanni/ai/Political_&_Social_Events_000110.png,medium,1,0.7771843671798706
5d6bc3b8e9b39d065b34b4f6bbb3214c1367577b4cb1b57bba33a78dc323ed50,data/datasets/openfake/additional-900/images/real/5d6bc3b8e9b39d065b34b4f6bbb3214c1367577b4cb1b57bba33a78dc323ed50.jpg,medium,0,0.0003282148391008377
5d6beaa1c22e1cf92c8835233a9f7fc91184f3d334d8bac4af479642690a7d05,data/datasets/openfake/pilot-600/images/fake/5d6beaa1c22e1cf92c8835233a9f7fc91184f3d334d8bac4af479642690a7d05.png,medium,1,0.9146499037742615
5d7f679b9113bc0d3ee84f48f6329c2ff4bd63386d440ace3729bfe8edca4fb8,data/datasets/RRDataset/selection_1500/sara/ai/Culture_&_Religion_000153.png,medium,1,0.9098563194274902
5d85226dd0f511f035feb81877cfe6c1671bb1fcb851485cac2a781be68e1d18,data/datasets/openfake/additional-900/images/real/5d85226dd0f511f035feb81877cfe6c1671bb1fcb851485cac2a781be68e1d18.jpg,medium,0,0.0009874127572402358
5d85b69c4e49d5e0b419964a085891c8bba13ca22a0b33f878284c64a89af1b6,data/datasets/openfake/additional-900/images/fake/5d85b69c4e49d5e0b419964a085891c8bba13ca22a0b33f878284c64a89af1b6.jpg,medium,1,0.4012375473976135
5d8b101dd32d031b1b720d211ae31be6d0be0a1acfeda97c61f9bbce0bb63218,data/datasets/sid-set/candidate-1500/images/fake/5d8b101dd32d031b1b720d211ae31be6d0be0a1acfeda97c61f9bbce0bb63218.png,medium,1,0.9925922155380249
5da22bdd0697c9f2324b06e4fe04c320460f0cb06429e5fb562837d9552a2959,data/datasets/sid-set/candidate-1500/images/real/5da22bdd0697c9f2324b06e4fe04c320460f0cb06429e5fb562837d9552a2959.jpg,medium,0,0.04651563987135887
5db733a02dbbb335bc759185ad9583a6750cbdb8601611d6278f6a964b0f144d,data/datasets/sid-set/candidate-1500/images/real/5db733a02dbbb335bc759185ad9583a6750cbdb8601611d6278f6a964b0f144d.jpg,medium,0,0.2305845320224762
5db9757d6f5339a1daa591c1140a5307fa676d461ac5af4bd350f8982a75238e,data/datasets/RRDataset/selection_1500/lorenzo/ai/War_&_Conflict_Scenes_000655.png,medium,1,0.9327138066291809
5e40b7f3bebcd0cffcf5683cdb3cdaef30a88ea9203f2d8a8e87ad4a4ac077c9,data/datasets/openfake/additional-900/images/fake/5e40b7f3bebcd0cffcf5683cdb3cdaef30a88ea9203f2d8a8e87ad4a4ac077c9.png,medium,1,0.8823128342628479
5e4a143614b9dc517453aa94f1189a8173d17f61454c78c9fdb4f368cc3ca1bf,data/datasets/openfake/pilot-600/images/fake/5e4a143614b9dc517453aa94f1189a8173d17f61454c78c9fdb4f368cc3ca1bf.png,medium,1,0.983738899230957
5ec7507706c214806876fcb48a0655335ec1bfce83b9706e11742a8af596a761,data/datasets/openfake/pilot-600/images/fake/5ec7507706c214806876fcb48a0655335ec1bfce83b9706e11742a8af596a761.png,medium,1,0.9162282347679138
5ed0fb025fef1934945dcf9c02abdf052778da49c9f303c8c04cf416783c9d8a,data/datasets/RRDataset/selection_1500/lorenzo/ai/War_&_Conflict_Scenes_000021.png,medium,1,0.967596173286438
5ed754ae4a356c5afd2a3c2c323c92114388ab10e39a7990ea8b9f35b31a824e,data/datasets/sid-set/candidate-1500/images/fake/5ed754ae4a356c5afd2a3c2c323c92114388ab10e39a7990ea8b9f35b31a824e.png,medium,1,0.7864272594451904
5ee9ad8c13c7038227e3cc8e531897c144ab4264e67f4bc3a46c24142d6ac5dd,data/datasets/sid-set/candidate-1500/images/real/5ee9ad8c13c7038227e3cc8e531897c144ab4264e67f4bc3a46c24142d6ac5dd.jpg,medium,0,0.6704292297363281
5eeb1d72bcd0f99b3869a07a3f1f655e21365430a5d720f017768954cb0a3e30,data/datasets/sid-set/candidate-1500/images/real/5eeb1d72bcd0f99b3869a07a3f1f655e21365430a5d720f017768954cb0a3e30.jpg,medium,0,0.003213756252080202
5f068e29623548de237844d57e4432059b21f556049147b3aa258c68778b6393,data/datasets/openfake/pilot-600/images/fake/5f068e29623548de237844d57e4432059b21f556049147b3aa258c68778b6393.png,medium,1,0.9717881083488464
5f64ab8c32132b1dd64073cbb0df16e838563d4ed34efc29a84be16bd06dda74,data/datasets/sid-set/candidate-1500/images/real/5f64ab8c32132b1dd64073cbb0df16e838563d4ed34efc29a84be16bd06dda74.jpg,medium,0,0.08264192938804626
5f69b7d55356ddd6d631232e7016b73ff5b69629404fed4bc79727b8aced496d,data/datasets/sid-set/candidate-1500/images/real/5f69b7d55356ddd6d631232e7016b73ff5b69629404fed4bc79727b8aced496d.jpg,medium,0,0.3372457027435303
5f8a4a4fa9957c5775f538f6d083bc8bd5d8862245a0f80fdd1f9326b643a8ce,data/datasets/openfake/additional-900/images/fake/5f8a4a4fa9957c5775f538f6d083bc8bd5d8862245a0f80fdd1f9326b643a8ce.png,medium,1,0.9732632040977478
5f9e5f4d099b8094dc3f72206c0e9f3b57890c0967c7fb1d7f467616c1d8c65e,data/datasets/openfake/additional-900/images/fake/5f9e5f4d099b8094dc3f72206c0e9f3b57890c0967c7fb1d7f467616c1d8c65e.png,medium,1,0.9875829815864563
5fad4b8db531276b73263edc137e35e9177d34890b0cb4332c52cc97ad62c310,data/datasets/RRDataset/selection_1500/giovanni/real/real_005137.jpg,medium,0,0.9511786103248596
5fb33107ac59bef1fcf69c1f95e57db4e0863ac5c36139d66fdc1ae0a383d449,data/datasets/openfake/pilot-600/images/fake/5fb33107ac59bef1fcf69c1f95e57db4e0863ac5c36139d66fdc1ae0a383d449.png,medium,1,0.4952729046344757
5ffd28ec43fd2c0d2113f106e36297db49b076050cf088443d7af8cebcc46fba,data/datasets/RRDataset/selection_1500/sara/real/real_005087.jpg,medium,0,0.8801596760749817
603dd1302b2fb5cf5a47499e1bcb0ff47de5646afca2f758c81e0acd653e01c5,data/datasets/openfake/additional-900/images/real/603dd1302b2fb5cf5a47499e1bcb0ff47de5646afca2f758c81e0acd653e01c5.jpg,medium,0,0.25657108426094055
60634c9a29034a59bb6e943ac372c396e222af38120c8f2d71b83c720165a834,data/datasets/openfake/pilot-600/images/real/60634c9a29034a59bb6e943ac372c396e222af38120c8f2d71b83c720165a834.jpg,medium,0,0.9127486944198608
60846da2b60eb5caa454ac73a8daaab0ba5f5760909341e24f7f5130a6479967,data/datasets/RRDataset/selection_1500/giovanni/real/real_004418.jpg,medium,0,0.7272287011146545
609cc40185e765073712c92dc3c58e363eb4c683ff5cd2658fc1f481ca930789,data/datasets/sid-set/candidate-1500/images/fake/609cc40185e765073712c92dc3c58e363eb4c683ff5cd2658fc1f481ca930789.png,medium,1,0.960859477519989
609eda2155b05800513ca2221d237437c4fd17d8106b56a642c540736c1935ce,data/datasets/sid-set/candidate-1500/images/fake/609eda2155b05800513ca2221d237437c4fd17d8106b56a642c540736c1935ce.png,medium,1,0.8312978148460388
6109fc8aa8891dbc6bb37be63ea216d99c1cfa49f4dbcff78586274cccab45c7,data/datasets/RRDataset/selection_1500/lorenzo/ai/production_000960.png,medium,1,0.9996180534362793
610bb04f5cc17bc394a8bd56ae5299c8351ef50a31762d1a12d3ed00834ec2a2,data/datasets/RRDataset/selection_1500/giovanni/ai/Natural_Disasters_&_Accidents_000473.png,medium,1,0.9805489182472229
6116c903f45c0499d52181a737eae6167d8781453da3ed62cfdd0740ca79807f,data/datasets/sid-set/candidate-1500/images/fake/6116c903f45c0499d52181a737eae6167d8781453da3ed62cfdd0740ca79807f.png,medium,1,0.8895223140716553
61247ee55e4488a5d0addd7258703161e593fafae19fb971e0b7bc5715bff317,data/datasets/openfake/pilot-600/images/fake/61247ee55e4488a5d0addd7258703161e593fafae19fb971e0b7bc5715bff317.png,medium,1,0.9971939325332642
612a346113d6db642be0adcd7daeefcd79c927a13968b250d5cf64f8f627cc3c,data/datasets/RRDataset/selection_1500/giovanni/ai/Culture_&_Religion_000319.png,medium,1,0.838387668132782
612aa162b72a7896cb41c6cda8313a9ae45dbcb5a22135ab9addcaa979f5e6a6,data/datasets/openfake/pilot-600/images/fake/612aa162b72a7896cb41c6cda8313a9ae45dbcb5a22135ab9addcaa979f5e6a6.png,medium,1,0.9619325399398804
6131789657343a90a364bc780e1680ced89ee792b92a5215fed0c51008c264bb,data/datasets/sid-set/candidate-1500/images/fake/6131789657343a90a364bc780e1680ced89ee792b92a5215fed0c51008c264bb.png,medium,1,0.9743459224700928
6138e8d7e64e65ad401ba3d5715c30512a4f889567050a9de4c7197459568b2a,data/datasets/sid-set/candidate-1500/images/fake/6138e8d7e64e65ad401ba3d5715c30512a4f889567050a9de4c7197459568b2a.png,medium,1,0.9297287464141846
613918085d28a4d0e51a50ec0da8db2265a16e15718d48ca233d2c027379c6ce,data/datasets/sid-set/candidate-1500/images/real/613918085d28a4d0e51a50ec0da8db2265a16e15718d48ca233d2c027379c6ce.jpg,medium,0,0.052276622503995895
613a64fcec133ac62d3086f33d31d7d132dc9d004c2572fc94917073e75e823f,data/datasets/RRDataset/selection_1500/giovanni/ai/Political_&_Social_Events_000574.png,medium,1,0.9918859004974365
614409660d7bc480a716ba5548b6514c7a9db5ffdd7e938e34dea6e007ff32cd,data/datasets/openfake/pilot-600/images/real/614409660d7bc480a716ba5548b6514c7a9db5ffdd7e938e34dea6e007ff32cd.jpg,medium,0,0.5222145318984985
6146a2b2a8107c10a1e30896ddc04be24699473f1e4523531609b3ee8e85287f,data/datasets/sid-set/candidate-1500/images/real/6146a2b2a8107c10a1e30896ddc04be24699473f1e4523531609b3ee8e85287f.jpg,medium,0,0.05202662944793701
614a50c1242f57701db2051e9734db8a1d53cdd47c413de0591eceb5b8b8bc33,data/datasets/RRDataset/selection_1500/lorenzo/real/real_004244.jpg,medium,0,0.9690840840339661
61505a6e89778e40bb1e6828f5fa9a2545b8406ca97fbf3e45e0b4c68f720b23,data/datasets/openfake/pilot-600/images/real/61505a6e89778e40bb1e6828f5fa9a2545b8406ca97fbf3e45e0b4c68f720b23.jpg,medium,0,0.461137980222702
615e300f9cafcb2ba83520e279f4cea5412663893d740b24919aae1aa8c2c939,data/datasets/RRDataset/selection_1500/lorenzo/real/real_008861.jpg,medium,0,0.11110758781433105
6199200986325e5fc448796786739d393a23a95be3c7084fa735f7565592f389,data/datasets/sid-set/candidate-1500/images/fake/6199200986325e5fc448796786739d393a23a95be3c7084fa735f7565592f389.png,medium,1,0.9830856323242188
61a8146c4e21d0998b1801e85166aaa050c009ca6e05500200e10e7cfbd639e8,data/datasets/RRDataset/selection_1500/lorenzo/ai/Political_&_Social_Events_000639.png,medium,1,0.997703492641449
61a8df1641bf64796e73420f2245f5a75f38230d995a7b00fd1305069ab09bcc,data/datasets/sid-set/candidate-1500/images/fake/61a8df1641bf64796e73420f2245f5a75f38230d995a7b00fd1305069ab09bcc.png,medium,1,0.9918135404586792
61d4ab018d80da20aff78137a9d4987c27fb9792d6c14d53fe9ec8778715051f,data/datasets/openfake/pilot-600/images/fake/61d4ab018d80da20aff78137a9d4987c27fb9792d6c14d53fe9ec8778715051f.png,medium,1,0.9227657914161682
61e0332946ff38a35a3fdb6830ec096bfe5ae49e8ab6e8a04355730730701b82,data/datasets/sid-set/candidate-1500/images/real/61e0332946ff38a35a3fdb6830ec096bfe5ae49e8ab6e8a04355730730701b82.jpg,medium,0,0.8744800090789795
61f3d0ee0f0a347146006c71f380deb2a92fdbf3028176338dfb2c8c42db839d,data/datasets/sid-set/candidate-1500/images/fake/61f3d0ee0f0a347146006c71f380deb2a92fdbf3028176338dfb2c8c42db839d.png,medium,1,0.993417501449585
61f909b06febecc48f4fe174c45f462125dc383bb777051fcf03639d4e9f7ac7,data/datasets/openfake/pilot-600/images/fake/61f909b06febecc48f4fe174c45f462125dc383bb777051fcf03639d4e9f7ac7.png,medium,1,0.9773774743080139
620eb343068463d85204241abf4a94a59cca9afc23b283245d7a10a4dbca5582,data/datasets/RRDataset/selection_1500/giovanni/ai/Culture_&_Religion_000904.png,medium,1,0.9997243285179138
62124b13e24ef0ddbafa7b0f65ecac525333daa5b0ebe4f6f2d13897e633c47e,data/datasets/openfake/pilot-600/images/fake/62124b13e24ef0ddbafa7b0f65ecac525333daa5b0ebe4f6f2d13897e633c47e.png,medium,1,0.9932447075843811
6218b395e0d1888bad7f627be967b4c5bb80456a3950ee6c2d6db67c1151191b,data/datasets/RRDataset/selection_1500/giovanni/ai/Medical_&_Public_Health_000590.png,medium,1,0.8827800154685974
621abc25f1e83b40b1148f220db6c562c7f938bbf8daa9b1898bd9d5c68d0954,data/datasets/RRDataset/selection_1500/giovanni/ai/Natural_Disasters_&_Accidents_000221.png,medium,1,0.8205240368843079
622cff069a36d5da6b4061157cf155e4058c9ed7066a5323ebd957abe9c0e2d9,data/datasets/RRDataset/selection_1500/sara/ai/War_&_Conflict_Scenes_000437.png,medium,1,0.9894910454750061
6240e55e9e4e580691a1c593729c39303aa984e723dc3ee7d2cb11b599ea5dc4,data/datasets/openfake/additional-900/images/fake/6240e55e9e4e580691a1c593729c39303aa984e723dc3ee7d2cb11b599ea5dc4.png,medium,1,0.9892471432685852
62437e31b5098984f70eef1d8dbd2820695d6fcf182fe54572cce2d859251dad,data/datasets/sid-set/candidate-1500/images/real/62437e31b5098984f70eef1d8dbd2820695d6fcf182fe54572cce2d859251dad.jpg,medium,0,0.11047045141458511
626b732637ed5859a1eb394609f82d4de50d262722b7664dd463087b3e3a7ccb,data/datasets/RRDataset/selection_1500/lorenzo/real/real_006812.jpg,medium,0,0.9800959825515747
62795a2b1cbe271bf97399a28ad4fac3bfc23f8f38707773ce1438374182d797,data/datasets/sid-set/candidate-1500/images/fake/62795a2b1cbe271bf97399a28ad4fac3bfc23f8f38707773ce1438374182d797.png,medium,1,0.9980483055114746
627b081df829f25880c792373ffdd1dfad46a7556b1c160a28c816d14443f2f2,data/datasets/sid-set/candidate-1500/images/fake/627b081df829f25880c792373ffdd1dfad46a7556b1c160a28c816d14443f2f2.png,medium,1,0.9723868370056152
62ec2e602797e8a18f3ebd78a3b7f77c2e12e08bdf38762d025634e3a90114d0,data/datasets/sid-set/candidate-1500/images/real/62ec2e602797e8a18f3ebd78a3b7f77c2e12e08bdf38762d025634e3a90114d0.jpg,medium,0,0.15895991027355194
62f6354648b188669ebabba50eb48c70fac940910db0c3db86ea32d61e7eb978,data/datasets/openfake/additional-900/images/fake/62f6354648b188669ebabba50eb48c70fac940910db0c3db86ea32d61e7eb978.png,medium,1,0.8580120801925659
634189c5987c5e5f68775d5b5df219b6eb58e6b8a59fe9f9361afd232dbfe042,data/datasets/RRDataset/selection_1500/lorenzo/real/real_004479.jpg,medium,0,0.4179476201534271
634d46bf724f7672a188dbf23db4e3fc3d789700da13e628e9a118284241fb64,data/datasets/RRDataset/selection_1500/sara/ai/Medical_&_Public_Health_000367.png,medium,1,0.9605520963668823
6365d1822f2cba2cb9c8b2b1123aa42fd64cdd3c553ac87a2cab94cbb51b6470,data/datasets/openfake/additional-900/images/fake/6365d1822f2cba2cb9c8b2b1123aa42fd64cdd3c553ac87a2cab94cbb51b6470.png,medium,1,0.8064250946044922
637e651b042584eb87d4b61bd7104b194b5c52d7e3684d34197e95b73cda54cf,data/datasets/openfake/additional-900/images/real/637e651b042584eb87d4b61bd7104b194b5c52d7e3684d34197e95b73cda54cf.jpg,medium,0,0.22801059484481812
639eb577226be3612ee2444fff43f5d1ecd8ef1cc9a8c9dfea51ad79f86d2efe,data/datasets/sid-set/candidate-1500/images/real/639eb577226be3612ee2444fff43f5d1ecd8ef1cc9a8c9dfea51ad79f86d2efe.jpg,medium,0,0.2841154932975769
63d2dfe772f2266863c7b943c781ba67154e71b40c91568a275417947f8ead18,data/datasets/sid-set/candidate-1500/images/fake/63d2dfe772f2266863c7b943c781ba67154e71b40c91568a275417947f8ead18.png,medium,1,0.9890923500061035
63e1abeeacdff9bb27a7246ca0d46680094b71ef2d3c810b83483d90b81ba421,data/datasets/openfake/pilot-600/images/fake/63e1abeeacdff9bb27a7246ca0d46680094b71ef2d3c810b83483d90b81ba421.png,medium,1,0.6585785150527954
63e243d8dd7d79235f2350208fd044a798d20674ce7382af0e1f6d61e43f4606,data/datasets/sid-set/candidate-1500/images/real/63e243d8dd7d79235f2350208fd044a798d20674ce7382af0e1f6d61e43f4606.jpg,medium,0,0.4509069323539734
63fa6303271aca3f50865c41e8bae8414a1c2ff8c7591ae8a7cf848ca9a85247,data/datasets/RRDataset/selection_1500/giovanni/ai/production_000220.png,medium,1,0.8604087829589844
6432259a10bbb88bac20f3b4d92616098c8690983a217d4d3ee770272b2cc8ed,data/datasets/sid-set/candidate-1500/images/real/6432259a10bbb88bac20f3b4d92616098c8690983a217d4d3ee770272b2cc8ed.jpg,medium,0,0.00339384819380939
6433af075246cd9dd88b6f87958cc18deb2d1f520881f31e1d8798d88bad4309,data/datasets/RRDataset/selection_1500/sara/real/real_004174.jpg,medium,0,0.9135210514068604
644cb1e4bdf5e2b796cc40679a4540f428622b55c31dd4a30b706eab3a0bfa27,data/datasets/openfake/additional-900/images/real/644cb1e4bdf5e2b796cc40679a4540f428622b55c31dd4a30b706eab3a0bfa27.jpg,medium,0,0.00754837691783905
649340a3e2fe07e951ceba421ed6d5ac10a5af0a311ad7cbc7d5c5dccad03a14,data/datasets/sid-set/candidate-1500/images/real/649340a3e2fe07e951ceba421ed6d5ac10a5af0a311ad7cbc7d5c5dccad03a14.jpg,medium,0,0.19611452519893646
64a073c77cad3cabf5d89d4dcad69564015ffa10b9e2871792aa67628556084e,data/datasets/RRDataset/selection_1500/giovanni/ai/Political_&_Social_Events_000579.png,medium,1,0.8637680411338806
64b2b8fd05d23d9e3c78636435ae821aa4b87b280394a5959dbdc087dd86566d,data/datasets/sid-set/candidate-1500/images/fake/64b2b8fd05d23d9e3c78636435ae821aa4b87b280394a5959dbdc087dd86566d.png,medium,1,0.9796546101570129
64b8981cad627b8a4ea522fd7f9b4665a2e7ac294ee7c603d493de48c23de7a4,data/datasets/sid-set/candidate-1500/images/fake/64b8981cad627b8a4ea522fd7f9b4665a2e7ac294ee7c603d493de48c23de7a4.png,medium,1,0.9821630120277405
64c1e49318dbd47326d32114af2fd3a8c145a06cf18ce67a763027e17239db4e,data/datasets/openfake/additional-900/images/real/64c1e49318dbd47326d32114af2fd3a8c145a06cf18ce67a763027e17239db4e.jpg,medium,0,0.00010701044811867177
64cfc18eb94db8fcb01419115e6348cd744f8ac4fcc48404fd9c764cd38b9ae7,data/datasets/RRDataset/selection_1500/sara/real/real_005454.jpg,medium,0,0.3840908110141754
64d72d545eb2792a0ef1ef8c54ecbcd1f088d124a8eeb7e1fadc10978118eca4,data/datasets/openfake/pilot-600/images/real/64d72d545eb2792a0ef1ef8c54ecbcd1f088d124a8eeb7e1fadc10978118eca4.jpg,medium,0,0.020345265045762062
653d89253da6c1f1dbd9cd55fc20c99dbdbfa2a2dfdaf3ce2cc7d5bb6c657f2d,data/datasets/sid-set/candidate-1500/images/fake/653d89253da6c1f1dbd9cd55fc20c99dbdbfa2a2dfdaf3ce2cc7d5bb6c657f2d.png,medium,1,0.9899196624755859
6541e738c03aca6839224b03fc23392e8bdd223e8913fe0444b3f8c4a5a761f8,data/datasets/RRDataset/selection_1500/giovanni/real/real_004390.jpg,medium,0,0.21092632412910461
655179587453dbf9a4f3b7bd1772a599fa9727354a420be67b41b72790cab024,data/datasets/openfake/additional-900/images/real/655179587453dbf9a4f3b7bd1772a599fa9727354a420be67b41b72790cab024.jpg,medium,0,0.02852700650691986
6573a05e0f042ff897860af408a1e852567e14ff1b7861647f3f69c6a03a8017,data/datasets/sid-set/candidate-1500/images/fake/6573a05e0f042ff897860af408a1e852567e14ff1b7861647f3f69c6a03a8017.png,medium,1,0.9914430975914001
65aec9aa0fa6f174f645b5f3cb80d651b1f323e862175b92f3efb564c00a4764,data/datasets/openfake/additional-900/images/real/65aec9aa0fa6f174f645b5f3cb80d651b1f323e862175b92f3efb564c00a4764.jpg,medium,0,0.8985382914543152
65b4bc7009465d98a62eebac022758cbb0e459618c64ad52b0e37efebb10f877,data/datasets/openfake/additional-900/images/fake/65b4bc7009465d98a62eebac022758cbb0e459618c64ad52b0e37efebb10f877.png,medium,1,0.8713095188140869
65c12e6f65cba368dcecfc2a931c42980ade56a7018555ca9e1a3561be5cac6c,data/datasets/openfake/additional-900/images/real/65c12e6f65cba368dcecfc2a931c42980ade56a7018555ca9e1a3561be5cac6c.jpg,medium,0,0.40049314498901367
65c77270a9ed29a7db33664374c0f6911fac6097b12da4fca47f42c7c05beeca,data/datasets/RRDataset/selection_1500/lorenzo/ai/Culture_&_Religion_000818.png,medium,1,0.969353437423706
65e22c1aebb70755cf0889923750dd3e349ca0bdc313c542d1efce2067d95c58,data/datasets/sid-set/candidate-1500/images/real/65e22c1aebb70755cf0889923750dd3e349ca0bdc313c542d1efce2067d95c58.jpg,medium,0,0.7966927289962769
65edb2b5d37d8f107c692d52733dbc66b5f25f692052d2726b99765e822b0f2c,data/datasets/sid-set/candidate-1500/images/real/65edb2b5d37d8f107c692d52733dbc66b5f25f692052d2726b99765e822b0f2c.jpg,medium,0,0.5119175314903259
661d168ccaf6ba46979ec6d2f28d667a56b700f0ca434210cb5eeee11e94723e,data/datasets/openfake/additional-900/images/fake/661d168ccaf6ba46979ec6d2f28d667a56b700f0ca434210cb5eeee11e94723e.png,medium,1,0.7964344024658203
6640cfd285f46c44334c6956c11d0fc9d84d0606c10e6f014d678eb386d34f16,data/datasets/openfake/pilot-600/images/fake/6640cfd285f46c44334c6956c11d0fc9d84d0606c10e6f014d678eb386d34f16.png,medium,1,0.7220524549484253
66454cda10666ba074a74a6d4f396f6fea518319816d6ff6c0fe2769dd49a2cf,data/datasets/sid-set/candidate-1500/images/fake/66454cda10666ba074a74a6d4f396f6fea518319816d6ff6c0fe2769dd49a2cf.png,medium,1,0.9615723490715027
664878a4f78a74d56043eb9e097cdfe007457c001e8a881a1778becdae4106fe,data/datasets/sid-set/candidate-1500/images/fake/664878a4f78a74d56043eb9e097cdfe007457c001e8a881a1778becdae4106fe.png,medium,1,0.9879949688911438
664ebbfcfde81849303f05d41709140352ee89f7a8bad475c74f574ec766ab99,data/datasets/sid-set/candidate-1500/images/real/664ebbfcfde81849303f05d41709140352ee89f7a8bad475c74f574ec766ab99.jpg,medium,0,0.4271741509437561
66634d87c33103bc19f04b1eed51aff1ace7153a01d936eaa6bea4b35536d131,data/datasets/sid-set/candidate-1500/images/real/66634d87c33103bc19f04b1eed51aff1ace7153a01d936eaa6bea4b35536d131.jpg,medium,0,0.5517230033874512
6676f8daa910bdaef79ecb280bb21b4a001490a775fbb6916ce05ee1db348d01,data/datasets/RRDataset/selection_1500/sara/ai/production_000492.png,medium,1,0.9724108576774597
66784fcab41816cbe9a87974b6f0a3f7cbea10ef5797201144498f03bd1acb93,data/datasets/openfake/additional-900/images/fake/66784fcab41816cbe9a87974b6f0a3f7cbea10ef5797201144498f03bd1acb93.png,medium,1,0.6957513689994812
6684783d39370cad62e35792b5b8501a22969d42224f9803a88e849ece0969fc,data/datasets/openfake/pilot-600/images/real/6684783d39370cad62e35792b5b8501a22969d42224f9803a88e849ece0969fc.jpg,medium,0,0.17314857244491577
6686802ad82bdcfe8836fcbf97be5304612ca655919f5bf4fec51ce98c8193c0,data/datasets/openfake/pilot-600/images/fake/6686802ad82bdcfe8836fcbf97be5304612ca655919f5bf4fec51ce98c8193c0.png,medium,1,0.9785112738609314
6688f2e87b7938130440b335d728330bd18901634606a831d07306ce6c11a7ca,data/datasets/openfake/additional-900/images/real/6688f2e87b7938130440b335d728330bd18901634606a831d07306ce6c11a7ca.jpg,medium,0,0.07950369268655777
66bf7434d7333de2c74758090af8b4464566795679dadfaeb437f68d09c0865b,data/datasets/sid-set/candidate-1500/images/real/66bf7434d7333de2c74758090af8b4464566795679dadfaeb437f68d09c0865b.jpg,medium,0,0.09747041761875153
66d1c75663ae34ad18d2851f9f84f8ea3d30d2db53494ff60c49e84435e3a26c,data/datasets/sid-set/candidate-1500/images/real/66d1c75663ae34ad18d2851f9f84f8ea3d30d2db53494ff60c49e84435e3a26c.jpg,medium,0,0.002823822433128953
66d53afefd8f37af30c4eacf5dc27b5759d0bb9880395d25f02ad7c0ea84c2db,data/datasets/sid-set/candidate-1500/images/fake/66d53afefd8f37af30c4eacf5dc27b5759d0bb9880395d25f02ad7c0ea84c2db.png,medium,1,0.9767416715621948
66ebebfe61092a58fefab8a3403ac3e8d0a4c79b08258d28f82f1bc20f5593c1,data/datasets/sid-set/candidate-1500/images/fake/66ebebfe61092a58fefab8a3403ac3e8d0a4c79b08258d28f82f1bc20f5593c1.png,medium,1,0.9464896321296692
66ebf6d15a78cfa7574b15fbaf9098911e684929eb06f95692d39ef2138c9b5c,data/datasets/openfake/additional-900/images/real/66ebf6d15a78cfa7574b15fbaf9098911e684929eb06f95692d39ef2138c9b5c.jpg,medium,0,0.9669732451438904
66ec07f3268afb98181f2731532e73529c0f8f5063b1b1031364da558e81340b,data/datasets/sid-set/candidate-1500/images/real/66ec07f3268afb98181f2731532e73529c0f8f5063b1b1031364da558e81340b.jpg,medium,0,0.05110027268528938
66fa8781915ddfc34d1e12e2d4861664c6b79be980548c93f8ef45fdb324adad,data/datasets/RRDataset/selection_1500/giovanni/real/real_005723.jpg,medium,0,0.08988551050424576
67103560b7f48a342fcf54f428c4c0de9cc23370208290138e7c3aa46ceee49f,data/datasets/sid-set/candidate-1500/images/real/67103560b7f48a342fcf54f428c4c0de9cc23370208290138e7c3aa46ceee49f.jpg,medium,0,0.03212177753448486
671898b909b5469641f2b38722cde001fa6d1d96572ea1bf279c1736d6ed4021,data/datasets/RRDataset/selection_1500/lorenzo/real/real_009458.jpg,medium,0,0.02794492430984974
6721c9afd2cdf9b930c1cc850b87224dcb850ca829d50e2ac2c04ee4afe1ecfb,data/datasets/sid-set/candidate-1500/images/fake/6721c9afd2cdf9b930c1cc850b87224dcb850ca829d50e2ac2c04ee4afe1ecfb.png,medium,1,0.9526663422584534
673a6e5cd26212a92e80c3e6b718005138ccb6f731bc10f1e00d7cd26410ce91,data/datasets/openfake/pilot-600/images/real/673a6e5cd26212a92e80c3e6b718005138ccb6f731bc10f1e00d7cd26410ce91.jpg,medium,0,6.51496957289055e-05
6768aaecbdbb990bcf9544f30e0b066769d630ef6e1242621762520c3eefafc8,data/datasets/openfake/pilot-600/images/fake/6768aaecbdbb990bcf9544f30e0b066769d630ef6e1242621762520c3eefafc8.jpg,medium,1,0.847773015499115
6769a6b4ac533d4eb8d12c4d29790c7e409fe2cfd982bec91e8690c220d3e8f9,data/datasets/RRDataset/selection_1500/giovanni/real/real_005209.jpg,medium,0,0.6037880182266235
67713c1f9fbdc01790fb8bcc69c25f1e5e44485c1788f2939cee4e758c44fa17,data/datasets/RRDataset/selection_1500/lorenzo/real/real_006476.jpg,medium,0,0.9998133778572083
679bb9a6a297c82d449849e2b18096083d645586cec4d48eb012ec03cd11f92a,data/datasets/sid-set/candidate-1500/images/fake/679bb9a6a297c82d449849e2b18096083d645586cec4d48eb012ec03cd11f92a.png,medium,1,0.9816170930862427
679edc2def87f6cdcada973bb75f79a9e07a4d3e11067c183308ee9dbdc453bc,data/datasets/openfake/pilot-600/images/fake/679edc2def87f6cdcada973bb75f79a9e07a4d3e11067c183308ee9dbdc453bc.png,medium,1,0.9561832547187805
67de5aa21677d23c0030c30f9da077dfd66f44b3646c8a8ae6a128c2e9c8e64b,data/datasets/RRDataset/selection_1500/lorenzo/real/real_007278.jpg,medium,0,0.9578680396080017
6835897ccb9f02871a2d62d05430193dff627471e4e6769f98b3aee91f32e2fc,data/datasets/sid-set/candidate-1500/images/real/6835897ccb9f02871a2d62d05430193dff627471e4e6769f98b3aee91f32e2fc.jpg,medium,0,0.04963904991745949
684a33b52966bed97e330ad9aa667d823625561c4d7aaa830e25bf5b993f9ec4,data/datasets/sid-set/candidate-1500/images/real/684a33b52966bed97e330ad9aa667d823625561c4d7aaa830e25bf5b993f9ec4.jpg,medium,0,0.005543283652514219
685e75a856fc0c25228841d7263a8e5b505a5a1364f212dd2f846ea8bf6ce91f,data/datasets/sid-set/candidate-1500/images/real/685e75a856fc0c25228841d7263a8e5b505a5a1364f212dd2f846ea8bf6ce91f.jpg,medium,0,0.38530153036117554
6863ced20abed1eb154ab61072e2fab6b9a65d839186d9c3e783a9f0335a6f4f,data/datasets/RRDataset/selection_1500/giovanni/real/real_005241.jpg,medium,0,0.8799686431884766
68a3d31d164fc543cea2978b63173f0a26d29e9deb5749f138aeb4c15f8c25eb,data/datasets/openfake/pilot-600/images/real/68a3d31d164fc543cea2978b63173f0a26d29e9deb5749f138aeb4c15f8c25eb.jpg,medium,0,0.0013748635537922382
68a81f61491f9612bd71c160b1625648045423e05b1efe53da14472a1931bc05,data/datasets/openfake/additional-900/images/real/68a81f61491f9612bd71c160b1625648045423e05b1efe53da14472a1931bc05.jpg,medium,0,0.08831015974283218
68dfa19f9c378552dc703fdc4d3f3e02c5719c98ccc79494439c9ccbe5a54d6f,data/datasets/sid-set/candidate-1500/images/fake/68dfa19f9c378552dc703fdc4d3f3e02c5719c98ccc79494439c9ccbe5a54d6f.png,medium,1,0.924394965171814
68ebf76b0fc0bd06e3d72f2f08a935d04eeb0d93e558ae0b3d6273b7cdf5bde9,data/datasets/sid-set/candidate-1500/images/real/68ebf76b0fc0bd06e3d72f2f08a935d04eeb0d93e558ae0b3d6273b7cdf5bde9.jpg,medium,0,0.011074751615524292
6923ba4b7a9c1fd0c09aa48d11ef0ce72084c5f911b13144b5397011c8dd65d0,data/datasets/RRDataset/selection_1500/sara/real/real_003259.jpg,medium,0,0.5686882138252258
6938e3d8070de85a2d2d9e1d62136902dd0050c035d70441eacbd97ecc0b89a0,data/datasets/RRDataset/selection_1500/lorenzo/real/real_005400.jpg,medium,0,0.9834166765213013
693a20425091c33eb3d9aa7f59c534700dd686af26257509a27e473b620eb3e4,data/datasets/openfake/pilot-600/images/real/693a20425091c33eb3d9aa7f59c534700dd686af26257509a27e473b620eb3e4.jpg,medium,0,0.5875377655029297
6965fa89e9f7103ca53d09b3c5a65bad7d21c5c0b88f4f7b83811e3213844d0f,data/datasets/sid-set/candidate-1500/images/fake/6965fa89e9f7103ca53d09b3c5a65bad7d21c5c0b88f4f7b83811e3213844d0f.png,medium,1,0.931665301322937
696de1498a10e4eca3fd3f9771b5cc83775673df5d10a9a2044c25a119e300dc,data/datasets/sid-set/candidate-1500/images/real/696de1498a10e4eca3fd3f9771b5cc83775673df5d10a9a2044c25a119e300dc.jpg,medium,0,0.13941581547260284
6997e7f523b94a6363c5ae6fbaf4034aac6959923186e8ad00ecfc97175a67c2,data/datasets/RRDataset/selection_1500/lorenzo/ai/War_&_Conflict_Scenes_000738.png,medium,1,0.9991177916526794
69c641c9511ac4273bae9542588a910deded38aca885f41b00b51305d1e08cb7,data/datasets/openfake/pilot-600/images/fake/69c641c9511ac4273bae9542588a910deded38aca885f41b00b51305d1e08cb7.png,medium,1,0.9516782760620117
69e079abad5f5170d7d23c699b174ab94212190dcb0d6d01e99403923520d3e3,data/datasets/openfake/additional-900/images/fake/69e079abad5f5170d7d23c699b174ab94212190dcb0d6d01e99403923520d3e3.png,medium,1,0.800220787525177
69ee5e572ac48f529d8b5d4be293cdffe65d8692f86ac792a8e6c22d49e0ebf3,data/datasets/sid-set/candidate-1500/images/real/69ee5e572ac48f529d8b5d4be293cdffe65d8692f86ac792a8e6c22d49e0ebf3.jpg,medium,0,0.15345165133476257
69f7ef7c05de9c25355e5fa54ab129d2e56b6ce866f2c37bf48303b6228bc556,data/datasets/RRDataset/selection_1500/giovanni/real/real_006844.jpg,medium,0,0.9947015643119812
6a1447dd0b7267baa02f9f397f73de891cff8dfe44a1fae17356c9056d5c935d,data/datasets/openfake/additional-900/images/real/6a1447dd0b7267baa02f9f397f73de891cff8dfe44a1fae17356c9056d5c935d.jpg,medium,0,0.951661229133606
6a38965d7ba54be6ed4be5b544918a37280a7469e4b87b75f1ebe6d554d9ffda,data/datasets/openfake/additional-900/images/real/6a38965d7ba54be6ed4be5b544918a37280a7469e4b87b75f1ebe6d554d9ffda.jpg,medium,0,0.00598694896325469
6a4b688424ac4ae534366c3458edce650c975d0a8b4eb12c2fef740769e9e465,data/datasets/sid-set/candidate-1500/images/fake/6a4b688424ac4ae534366c3458edce650c975d0a8b4eb12c2fef740769e9e465.png,medium,1,0.9195567965507507
6a4f8a6c3d50a4e80192ba96671ae34cc494c968758eddd3b84e385e043190e0,data/datasets/sid-set/candidate-1500/images/real/6a4f8a6c3d50a4e80192ba96671ae34cc494c968758eddd3b84e385e043190e0.jpg,medium,0,0.01932739093899727
6a60e18fca7f61f3043640451826a74cf3d838591fc8b1e8f16e0c018dc629ef,data/datasets/openfake/additional-900/images/fake/6a60e18fca7f61f3043640451826a74cf3d838591fc8b1e8f16e0c018dc629ef.png,medium,1,0.4533096253871918
6adef498610766a4153723e0101578303b6f7638fdc6ed204edba2266d0414ea,data/datasets/RRDataset/selection_1500/giovanni/real/real_009548.jpg,medium,0,0.006219029426574707
6b020f3bb6915f4dc9a2be68a4160df0c247a2a742643ce6ba616882b27eae35,data/datasets/openfake/additional-900/images/real/6b020f3bb6915f4dc9a2be68a4160df0c247a2a742643ce6ba616882b27eae35.jpg,medium,0,0.04717130959033966
6b1440b888d54654d443b70b1bd4410c4eebca72089fd9b0502bb6bb72cf7d83,data/datasets/sid-set/candidate-1500/images/fake/6b1440b888d54654d443b70b1bd4410c4eebca72089fd9b0502bb6bb72cf7d83.png,medium,1,0.8652244210243225
6b14c74f3bd6103ead4041936eabb638aec06ce7a167c63d69ce462bb8a45bac,data/datasets/openfake/additional-900/images/real/6b14c74f3bd6103ead4041936eabb638aec06ce7a167c63d69ce462bb8a45bac.jpg,medium,0,0.09076067805290222
6b1a6da6ffa5d74df6ff0534735cd7c8fc584ed989ae0370ff9824fa2e27acb8,data/datasets/openfake/additional-900/images/fake/6b1a6da6ffa5d74df6ff0534735cd7c8fc584ed989ae0370ff9824fa2e27acb8.png,medium,1,0.8699100613594055
6b45fc8929661a521ecdc114325bdfd24d6ba9a11a995a75bc876229652407c8,data/datasets/sid-set/candidate-1500/images/real/6b45fc8929661a521ecdc114325bdfd24d6ba9a11a995a75bc876229652407c8.jpg,medium,0,0.9989290833473206
6b544cb858e7eb367417f4d4989f0c8b1e77f688751d78a5ecc42ec42b070409,data/datasets/sid-set/candidate-1500/images/fake/6b544cb858e7eb367417f4d4989f0c8b1e77f688751d78a5ecc42ec42b070409.png,medium,1,0.9792786836624146
6b5c4caa9f8c827cf1ac9b6e2501e0dc1b3490f37b3200bdc311c1fe537f298d,data/datasets/sid-set/candidate-1500/images/real/6b5c4caa9f8c827cf1ac9b6e2501e0dc1b3490f37b3200bdc311c1fe537f298d.jpg,medium,0,0.952121913433075
6b6a431123b4e99848b9496dc11a8bafb2173fcc511a76b4d746629656e88e51,data/datasets/sid-set/candidate-1500/images/fake/6b6a431123b4e99848b9496dc11a8bafb2173fcc511a76b4d746629656e88e51.png,medium,1,0.879123866558075
6b93fd69341ce012a80c23320f635341df277026130a4323ef7b1a4b54b2a241,data/datasets/openfake/pilot-600/images/real/6b93fd69341ce012a80c23320f635341df277026130a4323ef7b1a4b54b2a241.jpg,medium,0,0.06465157121419907
6ba601f562c0167929f36be1969e771119bdd80d6bd786616a52306da167ee87,data/datasets/openfake/additional-900/images/fake/6ba601f562c0167929f36be1969e771119bdd80d6bd786616a52306da167ee87.jpg,medium,1,0.9381952285766602
6bcee2ec451bdf8c856a06be11bd0c4714a73d278f2a7e0615af1efb6aeaa17d,data/datasets/RRDataset/selection_1500/lorenzo/ai/Medical_&_Public_Health_000318.png,medium,1,0.9755443334579468
6be8736f3c08ed8fc8eec1d31992235b6f3f24f2d18f6ec213b0105ab4e3fd2d,data/datasets/sid-set/candidate-1500/images/real/6be8736f3c08ed8fc8eec1d31992235b6f3f24f2d18f6ec213b0105ab4e3fd2d.jpg,medium,0,0.831712543964386
6c0f2ed8f2953a45e3b7068c3d7ab17a876081920fcb5981f726a6836cec60fc,data/datasets/RRDataset/selection_1500/giovanni/real/real_001984.jpg,medium,0,0.9171393513679504
6c1aa3919335fa9bbfcbe8366a2e716f31b726f6bb9115c5dd43d6396b271984,data/datasets/openfake/additional-900/images/real/6c1aa3919335fa9bbfcbe8366a2e716f31b726f6bb9115c5dd43d6396b271984.jpg,medium,0,0.10917584598064423
6c214f9227f769046bb878374ab6f349dd3c4d336a519d0a0b97988beb67422e,data/datasets/openfake/pilot-600/images/fake/6c214f9227f769046bb878374ab6f349dd3c4d336a519d0a0b97988beb67422e.png,medium,1,0.9915221929550171
6c35d8194182547646f5565dabc5f1f7ab04bdee7eece4ad083c32a1cd5d90b8,data/datasets/sid-set/candidate-1500/images/real/6c35d8194182547646f5565dabc5f1f7ab04bdee7eece4ad083c32a1cd5d90b8.jpg,medium,0,0.24858629703521729
6c35ff429686aaa64588e89aa36c79d1e0e6d5efb4c2100c73cf77b08586e16e,data/datasets/RRDataset/selection_1500/lorenzo/ai/Culture_&_Religion_000190.png,medium,1,0.9391005039215088
6c857503ce267cbc4313de2db31286bd5a89370d6723cbdbdb6384f4296fe8b6,data/datasets/sid-set/candidate-1500/images/fake/6c857503ce267cbc4313de2db31286bd5a89370d6723cbdbdb6384f4296fe8b6.png,medium,1,0.9266678690910339
6cbf056d63b08ec45e64ba7bdfe787d9340586fb91a0a2c12299d7b416009e90,data/datasets/openfake/additional-900/images/real/6cbf056d63b08ec45e64ba7bdfe787d9340586fb91a0a2c12299d7b416009e90.jpg,medium,0,0.011033080518245697
6d0bdedde6b0b83fdeffa49d2c2a731d531f9dca10ad30cca301e626cc3a06bf,data/datasets/sid-set/candidate-1500/images/fake/6d0bdedde6b0b83fdeffa49d2c2a731d531f9dca10ad30cca301e626cc3a06bf.png,medium,1,0.9606101512908936
6d120d09228578f1f213a629b1b9d736d63dd2bff9975d5e92a91913fec9f58e,data/datasets/sid-set/candidate-1500/images/real/6d120d09228578f1f213a629b1b9d736d63dd2bff9975d5e92a91913fec9f58e.jpg,medium,0,0.34882012009620667
6d1dd26c722324045c9d3e5fcec6d6f1b9576ea46744db4b0fcf630d1758cf99,data/datasets/RRDataset/selection_1500/lorenzo/ai/Medical_&_Public_Health_000315.png,medium,1,0.8702701330184937
6d3485970ff3d94b7010c9e9f8154d180a2628f4f16e5e5c9a47caf05baade07,data/datasets/sid-set/candidate-1500/images/real/6d3485970ff3d94b7010c9e9f8154d180a2628f4f16e5e5c9a47caf05baade07.jpg,medium,0,0.07131480425596237
6d39a889cb7d73eb72f7aa1cef2bfba7ff430779b31ea861b528a106d6353a87,data/datasets/RRDataset/selection_1500/lorenzo/real/real_007714.jpg,medium,0,0.4713330566883087
6d45587509dbd1840be7e37b12d8595efdd47553b64ce98c9742376c311c8dc4,data/datasets/RRDataset/selection_1500/sara/ai/Medical_&_Public_Health_000250.png,medium,1,0.9434845447540283
6d490936989a28fff2930ebc5ea5f8ff2bb02a8c0c61fff1e591037a01f6cb8c,data/datasets/openfake/pilot-600/images/real/6d490936989a28fff2930ebc5ea5f8ff2bb02a8c0c61fff1e591037a01f6cb8c.jpg,medium,0,0.1992965191602707
6d6f2b26cfd5da01ae1a97c067afa6c8d5ca52f9ee17f2f7a487b1790fd7f737,data/datasets/sid-set/candidate-1500/images/fake/6d6f2b26cfd5da01ae1a97c067afa6c8d5ca52f9ee17f2f7a487b1790fd7f737.png,medium,1,0.9848247170448303
6d857834f94e59341e09429ba1dc66d1aa6c04b4ae2675c1bdf24989b0e7f298,data/datasets/RRDataset/selection_1500/lorenzo/ai/normal_007238.png,medium,1,0.9901089668273926
6d907b94a64bd6c32b0dcdb8e8df84fbd341b0c7504629157b541724db8b90e9,data/datasets/sid-set/candidate-1500/images/fake/6d907b94a64bd6c32b0dcdb8e8df84fbd341b0c7504629157b541724db8b90e9.png,medium,1,0.9795921444892883
6dd977ad5e664d3eeee021fa2e5daa9ff5cd24df75dcf709c66633194c70df48,data/datasets/openfake/additional-900/images/real/6dd977ad5e664d3eeee021fa2e5daa9ff5cd24df75dcf709c66633194c70df48.jpg,medium,0,0.2553609311580658
6dee5a0541187e17e1b2c80edac69c9deb3da97c1b7e1e7a44d089a9a8498491,data/datasets/openfake/additional-900/images/fake/6dee5a0541187e17e1b2c80edac69c9deb3da97c1b7e1e7a44d089a9a8498491.png,medium,1,0.966405987739563
6e01e5a9e67156c9a8d1eeba104b985d8d9b801a8317c11e430916ba01372c5d,data/datasets/RRDataset/selection_1500/giovanni/real/real_001461.jpg,medium,0,0.8161472082138062
6e2fc3b916425d91196d59e0a0882568ca5a65022cd5e456da5bbca575a6885d,data/datasets/RRDataset/selection_1500/giovanni/real/real_001986.jpg,medium,0,0.8290249705314636
6e338dca86ab6929ba2f196ae5fdca76045571e76825285b2f4178716f25b085,data/datasets/RRDataset/selection_1500/sara/real/real_001348.jpg,medium,0,0.9662153124809265
6e6c841fa6a4474109ba708a69bc19610f590e0a58eafe593082bc234db98b97,data/datasets/RRDataset/selection_1500/sara/real/real_004748.jpg,medium,0,0.9896953105926514
6e7e935d673fa401faa1f8c00d1d4fa7aea959d1d2b5e9768fd86876bc311721,data/datasets/RRDataset/selection_1500/sara/ai/normal_006890.jpg,medium,1,0.33682045340538025
6e994ab59887bdd227ec307832c32f565d4df693a61b83654395d455ff682dc9,data/datasets/openfake/pilot-600/images/fake/6e994ab59887bdd227ec307832c32f565d4df693a61b83654395d455ff682dc9.jpg,medium,1,0.7596787214279175
6e9dde5952b5a038c37ceb20f8670471b190048508ef7b93e4282f9887f5ce89,data/datasets/sid-set/candidate-1500/images/fake/6e9dde5952b5a038c37ceb20f8670471b190048508ef7b93e4282f9887f5ce89.png,medium,1,0.9529732465744019
6ead2a18fa4f67a73f3c505b05ade4b49f19a49e7c2ed04117516f7b1705901c,data/datasets/RRDataset/selection_1500/sara/real/real_004456.jpg,medium,0,0.8578332662582397
6eba3ccf3bedda664d1c8422a4d54f4818ac7e8f1ce2f4f7ab558a86281d4179,data/datasets/sid-set/candidate-1500/images/fake/6eba3ccf3bedda664d1c8422a4d54f4818ac7e8f1ce2f4f7ab558a86281d4179.png,medium,1,0.9826535582542419
6edf3ff0f54eedc0717a1ada4e2023e6ed169b37f21dd36787bad5df102ad49b,data/datasets/openfake/additional-900/images/real/6edf3ff0f54eedc0717a1ada4e2023e6ed169b37f21dd36787bad5df102ad49b.jpg,medium,0,0.25010931491851807
6f2b511fb82c458f812576cfa1bd987f9dfe998b2881d634c918e95176caa95a,data/datasets/openfake/pilot-600/images/real/6f2b511fb82c458f812576cfa1bd987f9dfe998b2881d634c918e95176caa95a.jpg,medium,0,0.10098584741353989
6f4aa8043f842929f56dfc497c898bdbe151fa705fed4149776aba752c38e990,data/datasets/RRDataset/selection_1500/lorenzo/ai/Natural_Disasters_&_Accidents_000832.png,medium,1,0.8512837290763855
6f4b0d6f94f8e97b057ef70c466cbb3404f243811c669db14030bc756cf1324e,data/datasets/sid-set/candidate-1500/images/real/6f4b0d6f94f8e97b057ef70c466cbb3404f243811c669db14030bc756cf1324e.jpg,medium,0,0.2763808071613312
6f605da3eed2d0984ac459361672be6f85c06deda2f3d2d98ec1b7c184d44152,data/datasets/sid-set/candidate-1500/images/real/6f605da3eed2d0984ac459361672be6f85c06deda2f3d2d98ec1b7c184d44152.jpg,medium,0,0.2640568017959595
6f7cf272200c1fec49af30d26e3f37cdb4d4eb270fcda88e03367f23ed64f7c1,data/datasets/RRDataset/selection_1500/lorenzo/real/real_006410.jpg,medium,0,0.9532502293586731
6f7f984ed2ea50137063456dbbcfd0e6ba5bc8311bac8e263856ae5b52f9fbcd,data/datasets/sid-set/candidate-1500/images/real/6f7f984ed2ea50137063456dbbcfd0e6ba5bc8311bac8e263856ae5b52f9fbcd.jpg,medium,0,0.02838931605219841
6f92dede2a7387c227c02727d114874f88763cc8389ecc60cdface70aa258bd6,data/datasets/openfake/additional-900/images/fake/6f92dede2a7387c227c02727d114874f88763cc8389ecc60cdface70aa258bd6.png,medium,1,0.9994351267814636
6f984ac5e1a5c53c8008ba6979c8014443482b850830fe48c6a2647439b5ffb5,data/datasets/RRDataset/selection_1500/lorenzo/real/real_006884.jpg,medium,0,0.9920381307601929
6f9a207483fdb543bb81eefdef526f069a0800455cdd4a0563f425ee3f6db2ce,data/datasets/RRDataset/selection_1500/lorenzo/ai/Natural_Disasters_&_Accidents_000033.png,medium,1,0.7680456042289734
6fd28a5382295822b7458b012d390e2378edf60cb4db5163550e4892c24db641,data/datasets/openfake/pilot-600/images/real/6fd28a5382295822b7458b012d390e2378edf60cb4db5163550e4892c24db641.jpg,medium,0,0.2789273262023926
6fef88a481af9792a4b340247bb67969229738a0d77c0869a91bf5c8ab068227,data/datasets/sid-set/candidate-1500/images/fake/6fef88a481af9792a4b340247bb67969229738a0d77c0869a91bf5c8ab068227.png,medium,1,0.9483555555343628
6ff0b6c64e4ef01dc983d36657c55a14631621298bf944a74e19af935451afbf,data/datasets/sid-set/candidate-1500/images/real/6ff0b6c64e4ef01dc983d36657c55a14631621298bf944a74e19af935451afbf.jpg,medium,0,0.5614816546440125
6ffc049108776487bd3ae4b1f29b4eec0d3d92ad8d9e0e05077221103f7a0a67,data/datasets/RRDataset/selection_1500/giovanni/real/real_004063.jpg,medium,0,0.2839664816856384
70079649bb5e67374a9504c7666249903f9ccd2b8088b8c6768dcbcda5553c6e,data/datasets/openfake/pilot-600/images/real/70079649bb5e67374a9504c7666249903f9ccd2b8088b8c6768dcbcda5553c6e.jpg,medium,0,0.6578634977340698
702a4890b4c6269bc5ac82e4ce37f73e2ca03adf9c9ab23b73a73fce3db09c65,data/datasets/sid-set/candidate-1500/images/real/702a4890b4c6269bc5ac82e4ce37f73e2ca03adf9c9ab23b73a73fce3db09c65.jpg,medium,0,0.01476124208420515
704c761b4ff6595e24387a4a06ed42512208793e84682efe20cf955a4aa12e37,data/datasets/openfake/additional-900/images/fake/704c761b4ff6595e24387a4a06ed42512208793e84682efe20cf955a4aa12e37.png,medium,1,0.8766413331031799
705d9ea6b21a5061464aca3d81d2c3bca975ceaa042565eba5bd86c5ea1aafbc,data/datasets/openfake/pilot-600/images/real/705d9ea6b21a5061464aca3d81d2c3bca975ceaa042565eba5bd86c5ea1aafbc.jpg,medium,0,0.3302476704120636
708be2cfc6657cbf143798e549f880b8475105db3737113adf7e03e645d6774b,data/datasets/RRDataset/selection_1500/lorenzo/ai/War_&_Conflict_Scenes_000991.png,medium,1,0.9092587232589722
7092f64372de916345e95a1ed03bd16e489c331ea6dcac6ea861ad5d8a1b5762,data/datasets/RRDataset/selection_1500/giovanni/real/real_000804.jpg,medium,0,0.2785574793815613
70a22a5f0552ba2ccba497633a00aa8e833fcc797e69bddc96631bad79843ad9,data/datasets/RRDataset/selection_1500/sara/real/real_007534.jpg,medium,0,0.7772599458694458
70a64e55cdc0c88d17d39d05263a38188dc0c601db04346c480f9f1c40d9406d,data/datasets/openfake/additional-900/images/fake/70a64e55cdc0c88d17d39d05263a38188dc0c601db04346c480f9f1c40d9406d.png,medium,1,0.908083975315094
70a6c75bfc03d9f519c34e7ad04b608826d703e5f0981581e046051d9123beab,data/datasets/RRDataset/selection_1500/lorenzo/real/real_006297.jpg,medium,0,0.907596230506897
70aa7f6a58066c4fd93d05ed5b03228385aa7250a9caebc468fa8be34f71e2e4,data/datasets/RRDataset/selection_1500/giovanni/real/real_004507.jpg,medium,0,0.678731381893158
70ac850399a2df17397e20c572beb7f260679ead16a799c735e45129b1ae083a,data/datasets/sid-set/candidate-1500/images/real/70ac850399a2df17397e20c572beb7f260679ead16a799c735e45129b1ae083a.jpg,medium,0,0.0035749482922255993
70b7f8eaffc28921e961fcd17c4950ce4b44910393e26d68b4ebaa16d3dae069,data/datasets/openfake/pilot-600/images/fake/70b7f8eaffc28921e961fcd17c4950ce4b44910393e26d68b4ebaa16d3dae069.png,medium,1,0.998272180557251
70c4d7e09c93702424470328ad73ab01ff0612e83998c65f91f0493d64244b6f,data/datasets/sid-set/candidate-1500/images/real/70c4d7e09c93702424470328ad73ab01ff0612e83998c65f91f0493d64244b6f.jpg,medium,0,0.9099873900413513
70c8e4f7ea3d7048f2f4aefb0254d160e6b1da3de252c0e058b2467438c6bba9,data/datasets/sid-set/candidate-1500/images/real/70c8e4f7ea3d7048f2f4aefb0254d160e6b1da3de252c0e058b2467438c6bba9.jpg,medium,0,0.4241805076599121
70dee36e3cd7795914a79f14f343f28175e5b56fe46ccf74df290346a5ea1ce4,data/datasets/openfake/pilot-600/images/real/70dee36e3cd7795914a79f14f343f28175e5b56fe46ccf74df290346a5ea1ce4.jpg,medium,0,0.0020867823623120785
7141da06945d58660ab8e5bae63a5dc98127f05aa881f070171dd34bd132d834,data/datasets/openfake/pilot-600/images/fake/7141da06945d58660ab8e5bae63a5dc98127f05aa881f070171dd34bd132d834.jpg,medium,1,0.12680818140506744
71455c055e395f9a915cc06f11f4a0b10ab8ff8771cef47e298d06bf8cafd1a5,data/datasets/sid-set/candidate-1500/images/fake/71455c055e395f9a915cc06f11f4a0b10ab8ff8771cef47e298d06bf8cafd1a5.png,medium,1,0.9073606133460999
716d6a1f3d05c298a01385b8b24963d388687b9644516d26eafccfe0157886e1,data/datasets/RRDataset/selection_1500/sara/real/real_004581.jpg,medium,0,0.9626353979110718
71a1d5308b5f77a3fa38e7399411f7a1d26939a2066888c3e85ce5bd90610f94,data/datasets/openfake/pilot-600/images/real/71a1d5308b5f77a3fa38e7399411f7a1d26939a2066888c3e85ce5bd90610f94.jpg,medium,0,0.8024352788925171
71b3e0fb2143150992de2e41112f6e2e28ec28a1f60c5492bddc3fa36004088c,data/datasets/openfake/additional-900/images/real/71b3e0fb2143150992de2e41112f6e2e28ec28a1f60c5492bddc3fa36004088c.jpg,medium,0,0.1881559193134308
71dd542d7c9d6642adb7ee44f289c195689ebf363f3e3725bd339663032eab5f,data/datasets/RRDataset/selection_1500/sara/ai/War_&_Conflict_Scenes_000222.png,medium,1,0.9364956021308899
71ed52186c729ebce1f08353e0e4f575cca0ab092cc4e77438d2cacf9a1f385f,data/datasets/RRDataset/selection_1500/lorenzo/ai/Political_&_Social_Events_000724.png,medium,1,0.9753283262252808
7206bff6d13bd68031218da561c6d54fc49b5afea8dde33b72621a7e1271b618,data/datasets/sid-set/candidate-1500/images/real/7206bff6d13bd68031218da561c6d54fc49b5afea8dde33b72621a7e1271b618.jpg,medium,0,0.8058066368103027
721948175c89508b6dd52529ab42e0d0c97f3765ecf2966ed6d8b22299b447af,data/datasets/RRDataset/selection_1500/lorenzo/real/real_000196.jpg,medium,0,0.23433466255664825
725a705daf5a3488c5b13269bfbd714aa721a4c7116dbf7ed36887b475df7ae7,data/datasets/RRDataset/selection_1500/lorenzo/real/real_003474.jpg,medium,0,0.8731358051300049
725d45040546098cb0c130fe43a9411979efad6dcb8b864732761f97e4dd40e3,data/datasets/openfake/additional-900/images/real/725d45040546098cb0c130fe43a9411979efad6dcb8b864732761f97e4dd40e3.jpg,medium,0,0.16190527379512787
72730d105c3c7013c8f2f058afe5f6883aa8b61c5d654f5616688c77a56c5514,data/datasets/openfake/pilot-600/images/fake/72730d105c3c7013c8f2f058afe5f6883aa8b61c5d654f5616688c77a56c5514.png,medium,1,0.9611151218414307
727dd53588295e102f4b493b9381fb05268c52ac225be618d46f2c18a6c47980,data/datasets/sid-set/candidate-1500/images/fake/727dd53588295e102f4b493b9381fb05268c52ac225be618d46f2c18a6c47980.png,medium,1,0.984308660030365
72a8e3c675623c1587f80372aa19d9c043848b602044d984faacf469da344d0f,data/datasets/sid-set/candidate-1500/images/fake/72a8e3c675623c1587f80372aa19d9c043848b602044d984faacf469da344d0f.png,medium,1,0.649396538734436
72aa195d63299e96c9ce6e1094df89330a6d1847aeda7700296a6878d50c7e0f,data/datasets/RRDataset/selection_1500/giovanni/real/real_008799.jpg,medium,0,0.4719020128250122
72e5bdcd0e437f4f32fc5f7ec74e012281fbab9b80202198e938908ce9acbb36,data/datasets/sid-set/candidate-1500/images/real/72e5bdcd0e437f4f32fc5f7ec74e012281fbab9b80202198e938908ce9acbb36.jpg,medium,0,0.07923763990402222
7308ea67065725303bd75c72fdf9b022dc3b9a63d60f6eac557f171983fcfdeb,data/datasets/openfake/pilot-600/images/real/7308ea67065725303bd75c72fdf9b022dc3b9a63d60f6eac557f171983fcfdeb.jpg,medium,0,0.00018267550331074744
732a9f7422f09fe4103246c4f4ddceb70ed2c1dd835b3e78a844e7c511327b75,data/datasets/openfake/additional-900/images/fake/732a9f7422f09fe4103246c4f4ddceb70ed2c1dd835b3e78a844e7c511327b75.png,medium,1,0.9951666593551636
732bee5fab7e0c778df9df01b4eb359f0f5ce6c59c096eba9497e339fe89d519,data/datasets/RRDataset/selection_1500/giovanni/ai/Medical_&_Public_Health_000304.png,medium,1,0.9201363325119019
7342d93bf98dfc21dbc15d636bedcf03b68e92ecd1c6f876cc075f508d26ac8a,data/datasets/RRDataset/selection_1500/lorenzo/real/real_008697.jpg,medium,0,0.034308046102523804
735986b1226ec088e657663e2e83677dbaed4e83fb9dded44ceef2b916a7431d,data/datasets/RRDataset/selection_1500/sara/ai/Political_&_Social_Events_000137.png,medium,1,0.9042373299598694
7373a545a7d4299bbaba9a8bfb71f8ec36c0ea58cde0b16b55bc12da62c15122,data/datasets/openfake/additional-900/images/fake/7373a545a7d4299bbaba9a8bfb71f8ec36c0ea58cde0b16b55bc12da62c15122.png,medium,1,0.38162341713905334
7378d0f734f4421b7b295f8556a2d67fd32a5316eb7532e9a0678289fe0c5439,data/datasets/RRDataset/selection_1500/lorenzo/real/real_004603.jpg,medium,0,0.14607729017734528
738652d0d05b975d9ea9b268144514a1378626df6afa982ddace2885d9abc496,data/datasets/sid-set/candidate-1500/images/fake/738652d0d05b975d9ea9b268144514a1378626df6afa982ddace2885d9abc496.png,medium,1,0.9955087900161743
73a204e8592e8de513bcb6383fd11e0991a6b87ece8735b00e867d89e5aa8456,data/datasets/sid-set/candidate-1500/images/real/73a204e8592e8de513bcb6383fd11e0991a6b87ece8735b00e867d89e5aa8456.jpg,medium,0,0.7965391874313354
73d1c6b02e363db41e92897e97f6d9aa5389313c4a1530aa0828d67927fac5c5,data/datasets/RRDataset/selection_1500/giovanni/real/real_004984.jpg,medium,0,0.5629266500473022
73fe48cc20b16b518e7d8fc9d3537981f5dddd79da4248f075e00144ea638d06,data/datasets/sid-set/candidate-1500/images/real/73fe48cc20b16b518e7d8fc9d3537981f5dddd79da4248f075e00144ea638d06.jpg,medium,0,0.5575246810913086
740293eb0bf739810e862b297714cafda2b5cbb47862884f9ab4e004d0cf7094,data/datasets/RRDataset/selection_1500/lorenzo/ai/Political_&_Social_Events_000602.png,medium,1,0.9969730377197266
74087cb9c3457ed9b7ac915122f2e7be33432744eca9843b530ae30506e75b6f,data/datasets/RRDataset/selection_1500/giovanni/ai/Political_&_Social_Events_000160.png,medium,1,0.955621600151062
74125b0e5af4ec68a88f987573f0fdfa2d067556c010d33d3601cb79247327d0,data/datasets/openfake/additional-900/images/fake/74125b0e5af4ec68a88f987573f0fdfa2d067556c010d33d3601cb79247327d0.png,medium,1,0.9493308067321777
742d0d08ca7253bd39793f915d738e80b6af835f8228f2b7b58e007ccfc6ea39,data/datasets/sid-set/candidate-1500/images/fake/742d0d08ca7253bd39793f915d738e80b6af835f8228f2b7b58e007ccfc6ea39.png,medium,1,0.9355891942977905
742e44b76da063bac0a7230548bd0ef4ba08ba8726f45805578516d731559ef3,data/datasets/RRDataset/selection_1500/lorenzo/ai/Political_&_Social_Events_000570.png,medium,1,0.9951562881469727
7438e104ee9ac7c0f1805afa7aa14902abf969ec84163e243abd81d6c8816086,data/datasets/RRDataset/selection_1500/sara/real/real_009218.jpg,medium,0,0.22126510739326477
743f88d7c27236c555f848eb2745796d45329db9256c5d0e5020a2e630b9e93a,data/datasets/RRDataset/selection_1500/lorenzo/ai/Medical_&_Public_Health_000833.png,medium,1,0.9915387034416199
74593cb78a00ce9967848087379b601ec5ebf3498e47781f5991e9955dcba0a6,data/datasets/RRDataset/selection_1500/sara/real/real_008615.jpg,medium,0,0.9755631685256958
7479c44b9db36a9a7b435f885286d6b08fd6350f5f5cffc898e9a8a2e1c4e468,data/datasets/RRDataset/selection_1500/lorenzo/ai/Culture_&_Religion_000221.png,medium,1,0.6248245239257812
74b8a598ad6d727a5a89894bc04b4042a5d86e4fa82a78b2647fc23b26081475,data/datasets/sid-set/candidate-1500/images/real/74b8a598ad6d727a5a89894bc04b4042a5d86e4fa82a78b2647fc23b26081475.jpg,medium,0,0.23255661129951477
74cdc10cac55834f7a069a7b4d5403e51dd14167abd0a2d574acaef2af711115,data/datasets/sid-set/candidate-1500/images/fake/74cdc10cac55834f7a069a7b4d5403e51dd14167abd0a2d574acaef2af711115.png,medium,1,0.9794819951057434
74ded0d233e03cd707b27df87d5e11df0b983a824d72849e7ab9ac6ec36194a5,data/datasets/RRDataset/selection_1500/lorenzo/ai/Political_&_Social_Events_000486.png,medium,1,0.9416732788085938
750b1786b6d55bdb8600aff43d0e793bf73a833005b8313b7ab446d11907d797,data/datasets/openfake/pilot-600/images/fake/750b1786b6d55bdb8600aff43d0e793bf73a833005b8313b7ab446d11907d797.png,medium,1,0.9976422190666199
750da4c4929cf25c6150baaed9856cd871a3ada180c5f8148677037b61c9e32a,data/datasets/openfake/pilot-600/images/real/750da4c4929cf25c6150baaed9856cd871a3ada180c5f8148677037b61c9e32a.jpg,medium,0,0.3417275547981262
7515b6800b681eb21faccb88df3708211e39aa9668eb5cd3bc62cbad8064f1ac,data/datasets/sid-set/candidate-1500/images/real/7515b6800b681eb21faccb88df3708211e39aa9668eb5cd3bc62cbad8064f1ac.jpg,medium,0,0.00980647373944521
752314720c1eed19fd95ce1e0b4a6232295985587782ecd2ba1bff58326b2f3b,data/datasets/openfake/additional-900/images/fake/752314720c1eed19fd95ce1e0b4a6232295985587782ecd2ba1bff58326b2f3b.png,medium,1,0.7404829263687134
7529ebe99e8724293170a85bbf2c805d8a5b3421be0818e5f79a16d0d7bef0c9,data/datasets/openfake/additional-900/images/fake/7529ebe99e8724293170a85bbf2c805d8a5b3421be0818e5f79a16d0d7bef0c9.png,medium,1,0.9947525262832642
754ec0479e61d701421b63a5d9beeba1f574c8b750d29f6c036672e406afbd50,data/datasets/openfake/additional-900/images/real/754ec0479e61d701421b63a5d9beeba1f574c8b750d29f6c036672e406afbd50.jpg,medium,0,0.001040444360114634
755da03f844bcfc466e159fafbb9fc301cf1951ab6799f4267c98528adf96e58,data/datasets/openfake/additional-900/images/fake/755da03f844bcfc466e159fafbb9fc301cf1951ab6799f4267c98528adf96e58.png,medium,1,0.7498739957809448
75973646b12ef7dfdb84b39df8afe41f8d4ebaafb62d0c27a3be2e0571e98392,data/datasets/RRDataset/selection_1500/giovanni/ai/production_000896.png,medium,1,0.9941868782043457
75aafe072ef9cb3cf54dc5d16d5c156b6a58895316972f4df8418ecf1eade992,data/datasets/openfake/additional-900/images/fake/75aafe072ef9cb3cf54dc5d16d5c156b6a58895316972f4df8418ecf1eade992.png,medium,1,0.9861236810684204
75c4f3b91f19e3dac3002506e67b6b48d084b9041c56e982493380269381b154,data/datasets/RRDataset/selection_1500/giovanni/ai/Medical_&_Public_Health_000700.png,medium,1,0.8226941823959351
75c97689c4126590e2eabb5af3201262e9db4bcfa2512c07017f7abed13d25e6,data/datasets/sid-set/candidate-1500/images/real/75c97689c4126590e2eabb5af3201262e9db4bcfa2512c07017f7abed13d25e6.jpg,medium,0,0.06788818538188934
75d907ee6cebc52bcfdf5934a01ba83e8b2cfb711b1b5355b1eee22baa42c330,data/datasets/RRDataset/selection_1500/lorenzo/ai/Medical_&_Public_Health_000531.png,medium,1,0.963625431060791
75e47b4cd903f2d21bc96f1252b319dbc004b8351fa9a12232c5b8661e922e4d,data/datasets/openfake/additional-900/images/real/75e47b4cd903f2d21bc96f1252b319dbc004b8351fa9a12232c5b8661e922e4d.jpg,medium,0,8.505563164362684e-05
75f2e76e96ed27918f7ff5c684eab249a518a3c318719f2e87846f50f67efc1b,data/datasets/openfake/additional-900/images/fake/75f2e76e96ed27918f7ff5c684eab249a518a3c318719f2e87846f50f67efc1b.png,medium,1,0.9580610394477844
75feee742e9b8e0bcb6f06ec52bdbf72fab911c82c183c752b0eb7800794f318,data/datasets/sid-set/candidate-1500/images/fake/75feee742e9b8e0bcb6f06ec52bdbf72fab911c82c183c752b0eb7800794f318.png,medium,1,0.994721531867981
76204b4f620c5a32f2e1a649adb9147b1e3c7990a4c81b9a33a42e1b3738a3d9,data/datasets/RRDataset/selection_1500/giovanni/ai/Political_&_Social_Events_000340.png,medium,1,0.9778690934181213
7652f7d972c008a40b88c9a67fdd5bd0395863aa9bff14d81717a5a156b2f87a,data/datasets/sid-set/candidate-1500/images/real/7652f7d972c008a40b88c9a67fdd5bd0395863aa9bff14d81717a5a156b2f87a.jpg,medium,0,0.008514957502484322
7677c2739a85bba3ab01202196061fa2c0cf2ab6b98ec6e297ee0e9cd1ca3f32,data/datasets/sid-set/candidate-1500/images/real/7677c2739a85bba3ab01202196061fa2c0cf2ab6b98ec6e297ee0e9cd1ca3f32.jpg,medium,0,0.10834717750549316
7693687a47bfd68f70514b08323af2dc3a1922d753f5855e96092b9bf983e500,data/datasets/sid-set/candidate-1500/images/real/7693687a47bfd68f70514b08323af2dc3a1922d753f5855e96092b9bf983e500.jpg,medium,0,0.8777269124984741
76aa711b25a405880bfd483ffc6cb764d9bab78b55fac2400e42d153d87179dd,data/datasets/openfake/pilot-600/images/real/76aa711b25a405880bfd483ffc6cb764d9bab78b55fac2400e42d153d87179dd.jpg,medium,0,0.004010628443211317
76c0b98017d4b95168d43bf25b750911a71fe057aa89ef8cc92744065aaee63e,data/datasets/openfake/additional-900/images/real/76c0b98017d4b95168d43bf25b750911a71fe057aa89ef8cc92744065aaee63e.jpg,medium,0,0.6646935343742371
76f1dbff2ff43628c8337048837c940941c72103c93487ac3f8458c3dbd5e5f9,data/datasets/RRDataset/selection_1500/sara/ai/War_&_Conflict_Scenes_000114.png,medium,1,0.9927514791488647
7707ab7ffa6072ad533199d6113438aa1413604b844c7915614eddf3ca6de3b0,data/datasets/RRDataset/selection_1500/lorenzo/real/real_007316.jpg,medium,0,0.1280607432126999
7713596f4e46946555c276359514d9f84d45f26d60e4d995832ca1735524fc55,data/datasets/RRDataset/selection_1500/sara/real/real_006788.jpg,medium,0,0.955893874168396
771ff579728a7325e192f87ca59b18a72f89a938648015fbc10497a96c8798da,data/datasets/openfake/additional-900/images/real/771ff579728a7325e192f87ca59b18a72f89a938648015fbc10497a96c8798da.jpg,medium,0,0.5862001776695251
77289796f4c98eb0448211aef42d9269c5c404ae6cb4cba245e9011c80e9aba8,data/datasets/sid-set/candidate-1500/images/real/77289796f4c98eb0448211aef42d9269c5c404ae6cb4cba245e9011c80e9aba8.jpg,medium,0,0.09363546222448349
772b799e437a64bd783ceac68f40591fcbbc33c15a1cdf95bac75c600c463345,data/datasets/openfake/pilot-600/images/real/772b799e437a64bd783ceac68f40591fcbbc33c15a1cdf95bac75c600c463345.jpg,medium,0,0.9968973398208618
7733241418bbda447c258037ed5182ec9ad4cd43855edfbe379ba14f6851dbed,data/datasets/openfake/additional-900/images/real/7733241418bbda447c258037ed5182ec9ad4cd43855edfbe379ba14f6851dbed.jpg,medium,0,0.022723983973264694
7736baef42d9dcdd78f18a7e8d48907fb78153650fcea5aa1e61e9520e3de3e5,data/datasets/sid-set/candidate-1500/images/real/7736baef42d9dcdd78f18a7e8d48907fb78153650fcea5aa1e61e9520e3de3e5.jpg,medium,0,0.12382787466049194
77390138b1b8bc3db5b9d110d54530af7642a50b2612eaf711b90c97cfc7553a,data/datasets/RRDataset/selection_1500/sara/real/real_008937.jpg,medium,0,0.0009473874233663082
7745ce3263d1c611692552f719756afe6dfdeab87903c80a8dfdd124e400fd4b,data/datasets/openfake/additional-900/images/fake/7745ce3263d1c611692552f719756afe6dfdeab87903c80a8dfdd124e400fd4b.png,medium,1,0.8120721578598022
77530bd59d9384426ee450a9d54aaf63794d3f17a6ed3f39b6aedf71f1469373,data/datasets/openfake/additional-900/images/real/77530bd59d9384426ee450a9d54aaf63794d3f17a6ed3f39b6aedf71f1469373.jpg,medium,0,0.005722593050450087
7758711718c959b9ae3a29fdccf988d2f43159202f30676327c5a0ae5a571370,data/datasets/RRDataset/selection_1500/giovanni/real/real_006795.jpg,medium,0,0.6125662326812744
775d1a149b575d0c52430f930f013e5b131531ee313c8f35e6646bb5ac872f3c,data/datasets/openfake/additional-900/images/real/775d1a149b575d0c52430f930f013e5b131531ee313c8f35e6646bb5ac872f3c.jpg,medium,0,0.9922263622283936
77634dd74b9242a22810fbeedb46f528ccbdfc345bd66d8cfeb7e7103eca3c04,data/datasets/openfake/pilot-600/images/fake/77634dd74b9242a22810fbeedb46f528ccbdfc345bd66d8cfeb7e7103eca3c04.png,medium,1,0.7273733615875244
77638f5a44b913f37561cd7c630cd40c8cb68e69a7b2857b38b7d181df3d9417,data/datasets/RRDataset/selection_1500/sara/ai/Medical_&_Public_Health_000866.png,medium,1,0.9973781108856201
777e4808d48b18afd0a7fa9b337084ff5d830bcc062e5faf0e38f4604278219b,data/datasets/sid-set/candidate-1500/images/fake/777e4808d48b18afd0a7fa9b337084ff5d830bcc062e5faf0e38f4604278219b.png,medium,1,0.8943285942077637
778556f6f02b5594634a7674a0307e078e22f808327fa031a033fac33f3b0fc6,data/datasets/sid-set/candidate-1500/images/real/778556f6f02b5594634a7674a0307e078e22f808327fa031a033fac33f3b0fc6.jpg,medium,0,0.9230124950408936
778b3e9f1f298f6cc16e33953203e25f401514df283eb0e92c4091b63b33f2e1,data/datasets/RRDataset/selection_1500/lorenzo/ai/normal_006820.jpg,medium,1,0.8541556596755981
779a5d7156c1e3876e6e68fa5b19035b333609c9209c6313d04382421807926b,data/datasets/openfake/pilot-600/images/real/779a5d7156c1e3876e6e68fa5b19035b333609c9209c6313d04382421807926b.jpg,medium,0,0.00010373286932008341
77b0ad3bdba2a8bbbfb052498b360f5616fc238f7869a33593d7ae1a7fde3376,data/datasets/sid-set/candidate-1500/images/real/77b0ad3bdba2a8bbbfb052498b360f5616fc238f7869a33593d7ae1a7fde3376.jpg,medium,0,0.5397665500640869
77c43e2fd3dd2c908bf67f49890590f6834c127454322aaf3770008eed3b10fb,data/datasets/sid-set/candidate-1500/images/real/77c43e2fd3dd2c908bf67f49890590f6834c127454322aaf3770008eed3b10fb.jpg,medium,0,0.0010805235942825675
77e7efed817f521642a7b2856c4714fa37a4da37094f6a530a007bf1bb167fa8,data/datasets/openfake/additional-900/images/real/77e7efed817f521642a7b2856c4714fa37a4da37094f6a530a007bf1bb167fa8.jpg,medium,0,0.6210206747055054
780a42dd6c7ef88e9e922d5c39979d9d67c2be5dc8985e055ac46b981d090b3f,data/datasets/RRDataset/selection_1500/sara/real/real_003368.jpg,medium,0,0.6123164296150208
780f8068aa47fdd74244e4dde6bd40d42d7ba8e88c10a2c6e31eeb1d238cb1fc,data/datasets/openfake/additional-900/images/real/780f8068aa47fdd74244e4dde6bd40d42d7ba8e88c10a2c6e31eeb1d238cb1fc.jpg,medium,0,7.323165482375771e-05
78255a63ffa6df6f53b149b2ad2630c331cd9becd311372ffaa26086d5cc3cb1,data/datasets/openfake/pilot-600/images/real/78255a63ffa6df6f53b149b2ad2630c331cd9becd311372ffaa26086d5cc3cb1.jpg,medium,0,0.0012926174094900489
7826ffe3562bfec183b0e1b4a2af4c76f8d26273535f4165756fd8dff66fcabe,data/datasets/openfake/additional-900/images/fake/7826ffe3562bfec183b0e1b4a2af4c76f8d26273535f4165756fd8dff66fcabe.png,medium,1,0.9993306398391724
7836772d91390c365f94a588541885364de2ef4694a4cfabfab2f3fcd2a5ee50,data/datasets/RRDataset/selection_1500/lorenzo/real/real_004072.jpg,medium,0,0.951321542263031
785be602c61205000761b8d8c8b069b0345cac50529b7a0ab60b14b5c04b0d4d,data/datasets/RRDataset/selection_1500/sara/ai/Political_&_Social_Events_000149.png,medium,1,0.784087598323822
786ca93614e440353cb0f7849a0973efa39a4ba7199b5142024041490931be3c,data/datasets/RRDataset/selection_1500/lorenzo/real/real_000116.jpg,medium,0,0.7446755766868591
786cc0dcb914c4996ec3fd00ef2531e0ed7cc25f5bba976d3e985a237741c18b,data/datasets/openfake/pilot-600/images/real/786cc0dcb914c4996ec3fd00ef2531e0ed7cc25f5bba976d3e985a237741c18b.jpg,medium,0,0.002527818316593766
7870a49e2d9a6d30946984447b8358b87db072268ae95fea528d2c8403139c8a,data/datasets/openfake/pilot-600/images/real/7870a49e2d9a6d30946984447b8358b87db072268ae95fea528d2c8403139c8a.jpg,medium,0,0.09829438477754593
7871abca572c0d400174dd1d42e298423627d8c902d2d9bb1b3940498f221899,data/datasets/RRDataset/selection_1500/lorenzo/real/real_001781.jpg,medium,0,0.3289644420146942
78967e6c59f2c35741dd05f349ee710450788e992ff9a89f66b61ce67368f29e,data/datasets/sid-set/candidate-1500/images/real/78967e6c59f2c35741dd05f349ee710450788e992ff9a89f66b61ce67368f29e.jpg,medium,0,0.0685870572924614
78a6d28af57d4d2529ab4c9efeee7b0e300741edaef87ba1f445c3fd7ef214fe,data/datasets/sid-set/candidate-1500/images/fake/78a6d28af57d4d2529ab4c9efeee7b0e300741edaef87ba1f445c3fd7ef214fe.png,medium,1,0.9682783484458923
78ba61b6ecab1a19bb167ef8dc2669ff28030b6363078688e15d948649a64bdb,data/datasets/sid-set/candidate-1500/images/fake/78ba61b6ecab1a19bb167ef8dc2669ff28030b6363078688e15d948649a64bdb.png,medium,1,0.9555436968803406
78c77628147070b832628a46f843b25398bc690aeb85314e3e51bda8773bff32,data/datasets/RRDataset/selection_1500/giovanni/real/real_009061.jpg,medium,0,0.9924569129943848
78e9d6ecdf4644797826f768cd028d10cbb8550fd666494491fcbdd9403c1393,data/datasets/sid-set/candidate-1500/images/real/78e9d6ecdf4644797826f768cd028d10cbb8550fd666494491fcbdd9403c1393.jpg,medium,0,0.004730712156742811
78f33e2730ed0f5c343ceeccaf92d9dbcd54d541b4c65bd0c9137476767d55da,data/datasets/RRDataset/selection_1500/giovanni/ai/Political_&_Social_Events_000399.png,medium,1,0.8028187155723572
79062dc43b02c76d3e84138de0f958a1f915ae803ec6bc6c535c6cf9b5ede12f,data/datasets/sid-set/candidate-1500/images/real/79062dc43b02c76d3e84138de0f958a1f915ae803ec6bc6c535c6cf9b5ede12f.jpg,medium,0,0.6330966353416443
7933f72252be17a2a24394411d8b09aaff97efca5222412c445eb7ffdebeecb6,data/datasets/RRDataset/selection_1500/lorenzo/real/real_004846.jpg,medium,0,0.15333528816699982
79aa2794c596a45a4ed7988cab59d03a66b44dea0129a2e8c45b97f5921be136,data/datasets/openfake/pilot-600/images/real/79aa2794c596a45a4ed7988cab59d03a66b44dea0129a2e8c45b97f5921be136.jpg,medium,0,0.327400803565979
79b0c5a05ee04a637dacf4c9e7a10d62bc6b0768615321cf9785e8949c01494a,data/datasets/sid-set/candidate-1500/images/real/79b0c5a05ee04a637dacf4c9e7a10d62bc6b0768615321cf9785e8949c01494a.jpg,medium,0,0.0649627149105072
79c105dbb0b0854ef28d5f365865a71c17b8bc99cf7535088800a1497d7a42b6,data/datasets/openfake/pilot-600/images/real/79c105dbb0b0854ef28d5f365865a71c17b8bc99cf7535088800a1497d7a42b6.jpg,medium,0,0.12942741811275482
79d57f0594272c20faf2e9486549ceda03ad3ad2d2c346c5530ce3a8ca458aab,data/datasets/openfake/additional-900/images/fake/79d57f0594272c20faf2e9486549ceda03ad3ad2d2c346c5530ce3a8ca458aab.jpg,medium,1,0.5388296246528625
79e11c3a819e44e635f098aef03a7007e0ce6d9b1617c2403c760de65dc3299b,data/datasets/openfake/pilot-600/images/fake/79e11c3a819e44e635f098aef03a7007e0ce6d9b1617c2403c760de65dc3299b.png,medium,1,0.23571251332759857
79ff2e63097180307311753145d4bfd63fbaa11c2e3939c861e5d57600902475,data/datasets/openfake/additional-900/images/fake/79ff2e63097180307311753145d4bfd63fbaa11c2e3939c861e5d57600902475.png,medium,1,0.9967451095581055
7a127d12fc949a8f4c533c7dda69de353f5218c7fc78a43a708b3edf5a9e1220,data/datasets/RRDataset/selection_1500/lorenzo/ai/War_&_Conflict_Scenes_000331.png,medium,1,0.7716943621635437
7a33fd76a0d80353172c7d115e85345744575eb98d5b31a2cff34de26c01ee9a,data/datasets/RRDataset/selection_1500/sara/real/real_004005.jpg,medium,0,0.6534131169319153
7a3a1da3f38244b16d43f10d51b5c269270af028cf1ed4d3bcba3c8c4bdf4f68,data/datasets/sid-set/candidate-1500/images/fake/7a3a1da3f38244b16d43f10d51b5c269270af028cf1ed4d3bcba3c8c4bdf4f68.png,medium,1,0.8470245003700256
7a5556c04f2b539df59baa8b5762a1431bc4707462b309d64f18186a50fa2332,data/datasets/RRDataset/selection_1500/lorenzo/ai/Political_&_Social_Events_000709.png,medium,1,0.9695278406143188
7a5a420db1c0016b05f9c41ff0d1a4008316c110d05778d70a218ce48086c0cb,data/datasets/sid-set/candidate-1500/images/fake/7a5a420db1c0016b05f9c41ff0d1a4008316c110d05778d70a218ce48086c0cb.png,medium,1,0.9909362196922302
7a802308ef82d19f411ef43caf2f8f3164b6120b9e9c249235f812e8c5ae0cd8,data/datasets/sid-set/candidate-1500/images/fake/7a802308ef82d19f411ef43caf2f8f3164b6120b9e9c249235f812e8c5ae0cd8.png,medium,1,0.9975836277008057
7aa24c7e73f7ab6d011e3c03350f075f6d71813cf0b32a73a1734906f19e0671,data/datasets/sid-set/candidate-1500/images/fake/7aa24c7e73f7ab6d011e3c03350f075f6d71813cf0b32a73a1734906f19e0671.png,medium,1,0.9915611147880554
7acbdd73d03a7f2edbd3ede8be63c886f542a5593cf340a46ba9b27dce7bd9c2,data/datasets/sid-set/candidate-1500/images/real/7acbdd73d03a7f2edbd3ede8be63c886f542a5593cf340a46ba9b27dce7bd9c2.jpg,medium,0,0.05266100540757179
7b09ddf679d80491837edb0cea5c8d24a3cdce5af3ce4d238468edfbf628bc65,data/datasets/sid-set/candidate-1500/images/fake/7b09ddf679d80491837edb0cea5c8d24a3cdce5af3ce4d238468edfbf628bc65.png,medium,1,0.9867688417434692
7b2e94deb04f83f71f95b75dc6559806e304cd2f1f1131cb5a43471ee50cc89f,data/datasets/openfake/additional-900/images/fake/7b2e94deb04f83f71f95b75dc6559806e304cd2f1f1131cb5a43471ee50cc89f.png,medium,1,0.9868549108505249
7b3f99ee04763aac44efe1fe85fcba9777918d6e0d3504d54952379b71ea5d5f,data/datasets/RRDataset/selection_1500/giovanni/real/real_005832.jpg,medium,0,0.9159916043281555
7b4ecd6f9121a8aca64af711cac2ecc80472949a000e6bd679ac1dd184bbfe2e,data/datasets/RRDataset/selection_1500/sara/ai/Natural_Disasters_&_Accidents_000451.png,medium,1,0.9595230221748352
7b775b5b0165109298c7f70606db55431acc2a12beb18f8f67cd496833dce02b,data/datasets/sid-set/candidate-1500/images/fake/7b775b5b0165109298c7f70606db55431acc2a12beb18f8f67cd496833dce02b.png,medium,1,0.9169940948486328
7ba89be293e6ebe7fd23565f723160e19063f28ea7d0c42c2718a39f0cf32dae,data/datasets/sid-set/candidate-1500/images/fake/7ba89be293e6ebe7fd23565f723160e19063f28ea7d0c42c2718a39f0cf32dae.png,medium,1,0.971310019493103
7bae8debc599b64eed4a22ff8b36685a484af6c2b65da1bdc47de30f376e38a9,data/datasets/openfake/pilot-600/images/fake/7bae8debc599b64eed4a22ff8b36685a484af6c2b65da1bdc47de30f376e38a9.png,medium,1,0.9793319702148438
7bb92e9f65b5a6f6b87cfd2411a29652f35c49d245928e5fa3ca22a299a10db0,data/datasets/openfake/pilot-600/images/fake/7bb92e9f65b5a6f6b87cfd2411a29652f35c49d245928e5fa3ca22a299a10db0.png,medium,1,0.8298964500427246
7bbe2ba0e97bf624886507a4b7a31e42cf7d0fa761ddd009e906debddf5acd80,data/datasets/RRDataset/selection_1500/sara/real/real_002102.jpg,medium,0,0.4360803961753845
7bbfe3787ee35fcbd73d7d595f13c2c88dacf00d5783ec1402b3e5a7744e3e1b,data/datasets/openfake/additional-900/images/real/7bbfe3787ee35fcbd73d7d595f13c2c88dacf00d5783ec1402b3e5a7744e3e1b.jpg,medium,0,0.05716174840927124
7bc7406ac31ef26e7a1cf22f8fdae2ce4b4ad0d9631e07b5469b7112d11e5e12,data/datasets/RRDataset/selection_1500/sara/ai/Political_&_Social_Events_000800.png,medium,1,0.993989109992981
7bc7f1ad8e58f6528d2328dfdef6f9aa2a518feba0b22b329ef7db37af120dca,data/datasets/openfake/pilot-600/images/real/7bc7f1ad8e58f6528d2328dfdef6f9aa2a518feba0b22b329ef7db37af120dca.jpg,medium,0,0.6249752044677734
7bd972aaa9e4813504a3e3aaf68a8efef8bcfe10eadcbc292395440a2a2b4f9e,data/datasets/RRDataset/selection_1500/giovanni/ai/production_000262.png,medium,1,0.9798589944839478
7be2d13c96f01448be47a95c2ed2cb7a40a3caa7780965a118c2d452604f6913,data/datasets/sid-set/candidate-1500/images/fake/7be2d13c96f01448be47a95c2ed2cb7a40a3caa7780965a118c2d452604f6913.png,medium,1,0.822057843208313
7be44606d8691c77cce1ccd0ec88b73779edc2169115112474b7108183f808f7,data/datasets/openfake/pilot-600/images/fake/7be44606d8691c77cce1ccd0ec88b73779edc2169115112474b7108183f808f7.png,medium,1,0.4582006633281708
7be72deeb180224db56e51464c3eff72107d0864f27821f122d89abeab08fe64,data/datasets/RRDataset/selection_1500/sara/ai/Political_&_Social_Events_000148.png,medium,1,0.6847594976425171
7bf41e09a14279201d5d815eb16831c7db2b7a1ef307af5b6520089f5f59ba61,data/datasets/sid-set/candidate-1500/images/real/7bf41e09a14279201d5d815eb16831c7db2b7a1ef307af5b6520089f5f59ba61.jpg,medium,0,0.344685822725296
7bfcd1ecd23cb53efabb081060ff5b367c31fb0cbbd9a9a8dca5c50476a2af62,data/datasets/openfake/additional-900/images/fake/7bfcd1ecd23cb53efabb081060ff5b367c31fb0cbbd9a9a8dca5c50476a2af62.png,medium,1,0.9779265522956848
7c1df858d60db21d5a65a704f607cd629326917ddda9f7be3e8e1a1f6ec4f891,data/datasets/openfake/pilot-600/images/fake/7c1df858d60db21d5a65a704f607cd629326917ddda9f7be3e8e1a1f6ec4f891.png,medium,1,0.9972978234291077
7c3d86850bcac1e1240288402f51678ba977b3643f78b20349999e0ee1bf8a71,data/datasets/sid-set/candidate-1500/images/real/7c3d86850bcac1e1240288402f51678ba977b3643f78b20349999e0ee1bf8a71.jpg,medium,0,0.5621856451034546
7c4c64e1f04da309aa89e05dff60cf94fd15eb1ae6180a52cb87ad18b9a8e16c,data/datasets/sid-set/candidate-1500/images/fake/7c4c64e1f04da309aa89e05dff60cf94fd15eb1ae6180a52cb87ad18b9a8e16c.png,medium,1,0.99069744348526
7c548e181d16dbbc0bb8e63b94b9138ffc00a3828a0e0404d9a27f79b69b4b5e,data/datasets/RRDataset/selection_1500/lorenzo/ai/Medical_&_Public_Health_000338.png,medium,1,0.9687300324440002
7c8167afdd57fa6021a7b58d6782acce1bd63b8ddd3bfa218dd81c1b3caf16fc,data/datasets/sid-set/candidate-1500/images/real/7c8167afdd57fa6021a7b58d6782acce1bd63b8ddd3bfa218dd81c1b3caf16fc.jpg,medium,0,0.05427150800824165
7c8525ad50f03bcb1b57691c29721db8d20141f2a5132b7bd4715ee698aa030d,data/datasets/RRDataset/selection_1500/giovanni/real/real_003085.jpg,medium,0,0.010516837239265442
7c85bc6d53957bda55297295043b2288bf8bc92800a30ea7b6c00effc1a2cfe1,data/datasets/RRDataset/selection_1500/giovanni/real/real_006431.jpg,medium,0,0.9957184195518494
7c89da9dd986b0507e0d3f1b0df006d441e2b7bf5870efc44e3f6f61febe5878,data/datasets/openfake/pilot-600/images/fake/7c89da9dd986b0507e0d3f1b0df006d441e2b7bf5870efc44e3f6f61febe5878.png,medium,1,0.9744405746459961
7ca443e3cdcb1de8722455b56fa4841e5b52cb21ca0badbfbec1b085c837e9da,data/datasets/RRDataset/selection_1500/lorenzo/real/real_003019.jpg,medium,0,0.9270873665809631
7cab84885b831e181471fd422759aaa6755a96b4daf2aaff22b546b4454babb2,data/datasets/RRDataset/selection_1500/lorenzo/ai/Medical_&_Public_Health_000521.png,medium,1,0.970958411693573
7cac4e9ee971802e5150099a684f3370b295ba199f4b7cb30fc37f5f811def6b,data/datasets/RRDataset/selection_1500/giovanni/real/real_003124.jpg,medium,0,0.9025928974151611
7cb58bfe005df971be6b62bb2a38761ca607cdb86f9ac6572e3f811fffb07a48,data/datasets/openfake/pilot-600/images/real/7cb58bfe005df971be6b62bb2a38761ca607cdb86f9ac6572e3f811fffb07a48.jpg,medium,0,0.9743170738220215
7cb9633b03b6e40e6b01c490dcbfa2c66985921c486a5d7b51596634c8f8444d,data/datasets/openfake/pilot-600/images/fake/7cb9633b03b6e40e6b01c490dcbfa2c66985921c486a5d7b51596634c8f8444d.png,medium,1,0.8833761811256409
7ce9a13258d901ca65d0bcd4df16d29000db04e8b9c2cf29014b5ba236068171,data/datasets/RRDataset/selection_1500/giovanni/ai/Natural_Disasters_&_Accidents_000361.png,medium,1,0.8577794432640076
7cec17db3799387e2d9000775d341e9337983eb279356ff3f6e2538bdcf4aad7,data/datasets/RRDataset/selection_1500/sara/real/real_002783.jpg,medium,0,0.26242730021476746
7d1ed5e5d4e3bc1beb8dbb2c8678c8d75fce261223ea4931d209a5c68aa7a99c,data/datasets/openfake/additional-900/images/real/7d1ed5e5d4e3bc1beb8dbb2c8678c8d75fce261223ea4931d209a5c68aa7a99c.jpg,medium,0,0.33588147163391113
7d295337064c35bd24d6a170c9611a01b3b89e313e98f4147b1d54d866040028,data/datasets/sid-set/candidate-1500/images/fake/7d295337064c35bd24d6a170c9611a01b3b89e313e98f4147b1d54d866040028.png,medium,1,0.8752703070640564
7d38082eb1f1f715812b500e5549ee8bcb74c0126cef99f1bf0cb07cb93dbb90,data/datasets/openfake/additional-900/images/real/7d38082eb1f1f715812b500e5549ee8bcb74c0126cef99f1bf0cb07cb93dbb90.jpg,medium,0,0.06308931112289429
7d43a8556bbe1b7d728cdfb04c0e852bde4a9e858df360c04a40cb8e324efd8b,data/datasets/sid-set/candidate-1500/images/fake/7d43a8556bbe1b7d728cdfb04c0e852bde4a9e858df360c04a40cb8e324efd8b.png,medium,1,0.9253695011138916
7d539ca34fb07213aec089352969435bcf2c3fde1cefc0e88320935f3522c1de,data/datasets/openfake/pilot-600/images/real/7d539ca34fb07213aec089352969435bcf2c3fde1cefc0e88320935f3522c1de.jpg,medium,0,0.10692445933818817
7d570f902ff22c79f4ee9633a98558b399eedb32d979239fc3e8baa080aabc90,data/datasets/sid-set/candidate-1500/images/fake/7d570f902ff22c79f4ee9633a98558b399eedb32d979239fc3e8baa080aabc90.png,medium,1,0.9367426037788391
7d727bdf33b25d2ca149692ca92f29b791c2d1e60beccf52bda18dadac54a441,data/datasets/sid-set/candidate-1500/images/real/7d727bdf33b25d2ca149692ca92f29b791c2d1e60beccf52bda18dadac54a441.jpg,medium,0,0.6461705565452576
7da3539bdb11b80f109b1ed1e92111b2032293ba55631e11d49dca56b907e7d7,data/datasets/RRDataset/selection_1500/giovanni/ai/Natural_Disasters_&_Accidents_000657.png,medium,1,0.9872509241104126
7daaf0cfc22ee675ad12a5913f4b534366643844ee8444940a7794b9f9a2d1e2,data/datasets/openfake/pilot-600/images/fake/7daaf0cfc22ee675ad12a5913f4b534366643844ee8444940a7794b9f9a2d1e2.png,medium,1,0.9206607937812805
7dbd738e5d107f5604a2ae15fd5fbaa8d246ebd3acb15776c6950045bc2a1272,data/datasets/RRDataset/selection_1500/giovanni/ai/Medical_&_Public_Health_000459.png,medium,1,0.9332475662231445
7dc84b4c565b540da1224d8a5bb1254c5a08c481123583bec09ad77e6a87b712,data/datasets/RRDataset/selection_1500/lorenzo/real/real_000281.jpg,medium,0,0.5103341341018677
7de8a30365e8968d8cde50280423f8e71ecedf4ec0a566520770ce335989f9e3,data/datasets/RRDataset/selection_1500/giovanni/real/real_000109.jpg,medium,0,0.8754139542579651
7deb6e0833bf859bddc17b8c5b053dae61cd8cf9fc80ceb5ff94bd35da734c32,data/datasets/openfake/pilot-600/images/fake/7deb6e0833bf859bddc17b8c5b053dae61cd8cf9fc80ceb5ff94bd35da734c32.png,medium,1,0.4311932325363159
7e43a3d4edbe1e5ea5269eebf2581b833957807458f8af6de36080cb5956cdd3,data/datasets/sid-set/candidate-1500/images/fake/7e43a3d4edbe1e5ea5269eebf2581b833957807458f8af6de36080cb5956cdd3.png,medium,1,0.9560569524765015
7eb447a12e04f7d1b9f4179115d2a0ce9bfb1e26154ef303415575dc9e1ffccd,data/datasets/RRDataset/selection_1500/giovanni/ai/production_000314.png,medium,1,0.9879684448242188
7efd64a9ba8c43293943cdadae44dccab473b4866655ff8922e75c3fdf58e902,data/datasets/openfake/pilot-600/images/real/7efd64a9ba8c43293943cdadae44dccab473b4866655ff8922e75c3fdf58e902.jpg,medium,0,0.003378300927579403
7f1ca0e35f77cec495ac2573f3af2eb4760aa8b2eed68611ff2775ff75f3751f,data/datasets/sid-set/candidate-1500/images/fake/7f1ca0e35f77cec495ac2573f3af2eb4760aa8b2eed68611ff2775ff75f3751f.png,medium,1,0.9288570880889893
7f551c77d784ee7c318cab56b28ef53653398c148af984d5455a66daa988e2f2,data/datasets/sid-set/candidate-1500/images/fake/7f551c77d784ee7c318cab56b28ef53653398c148af984d5455a66daa988e2f2.png,medium,1,0.9883480668067932
7f78fcc79c5a70f4bb9c22d95760338cf9ea8f01a5d7114d2660bad15d2cae05,data/datasets/RRDataset/selection_1500/sara/ai/War_&_Conflict_Scenes_000968.png,medium,1,0.9864209890365601
7faafbdcb7449bd7d9d80dd271eff9c1240eea9ea681d092164c5dc5f06f72b7,data/datasets/sid-set/candidate-1500/images/real/7faafbdcb7449bd7d9d80dd271eff9c1240eea9ea681d092164c5dc5f06f72b7.jpg,medium,0,0.29711344838142395
7fc952f7fd00ea4b702a9f57d826e5804f7450a710acb6d0ab8e3fd3004f0906,data/datasets/RRDataset/selection_1500/lorenzo/real/real_002423.jpg,medium,0,0.9545583128929138
7fcd3a18f8174cad0fbd19a8bfcc58523e46b851ec1c978efb19da8a8d87c9cc,data/datasets/openfake/pilot-600/images/fake/7fcd3a18f8174cad0fbd19a8bfcc58523e46b851ec1c978efb19da8a8d87c9cc.png,medium,1,0.9909105896949768
7fdde9755f6d1d17e5e32b5af8e76b6b86a553a56dafbbd11af35f1d5b4f9e2d,data/datasets/RRDataset/selection_1500/lorenzo/ai/Natural_Disasters_&_Accidents_000551.png,medium,1,0.44204169511795044
7fe305a10717fac9b5ee7e835b61c6e9f8c08ea369a79296111b636983ba9790,data/datasets/sid-set/candidate-1500/images/real/7fe305a10717fac9b5ee7e835b61c6e9f8c08ea369a79296111b636983ba9790.jpg,medium,0,0.13671875
7ffd63056f0e82552fbda165486cdf60a22c8f2cc14a5e094e8c09acb10a5191,data/datasets/openfake/additional-900/images/real/7ffd63056f0e82552fbda165486cdf60a22c8f2cc14a5e094e8c09acb10a5191.jpg,medium,0,0.0070814392529428005
8038620dcbda8dd7d585d23ba0dfbbf30f65bbe6a5e2f319ff7881e29768df35,data/datasets/RRDataset/selection_1500/sara/ai/production_000931.png,medium,1,0.9908830523490906
803bf6037d95c4ed63b4427aee2ebf451392513ec874433016ffa385d802c273,data/datasets/openfake/pilot-600/images/fake/803bf6037d95c4ed63b4427aee2ebf451392513ec874433016ffa385d802c273.png,medium,1,0.4883746802806854
805c68b99ed198b2fd233caa6200d7f5bd52459557a62ef38cd0703ab4310302,data/datasets/RRDataset/selection_1500/giovanni/ai/Natural_Disasters_&_Accidents_000939.png,medium,1,0.950960636138916
807fc7bc3528dd77c29f3f6616dc26c2bab23ed2a0236c1d07d7b2316dd4eb35,data/datasets/RRDataset/selection_1500/lorenzo/real/real_006544.jpg,medium,0,0.9943432807922363
8093cfc2570fc45e3ff570d19684c1dc3b8381acdfa2c4c3ba5d2c2ce3404f25,data/datasets/RRDataset/selection_1500/sara/real/real_008538.jpg,medium,0,0.9783212542533875
80a2b26689ecc6440f19fd3a20dda494cd72fc77eadcca5f951e9068546c6e41,data/datasets/RRDataset/selection_1500/lorenzo/real/real_002760.jpg,medium,0,0.7513867616653442
80aa692800b66fc045d1aecb03593feb2141596b4855658256aa11c5a39d8741,data/datasets/RRDataset/selection_1500/sara/real/real_005268.jpg,medium,0,0.6201158761978149
80aef590889dd05272952938da51f2b0c8e312224071e41df0d56e695bb5f60f,data/datasets/openfake/pilot-600/images/fake/80aef590889dd05272952938da51f2b0c8e312224071e41df0d56e695bb5f60f.png,medium,1,0.9836212396621704
80b4988a4f563fe112d643681acee7e975d1f7f510749b7a3880b28c2b7ad1b5,data/datasets/sid-set/candidate-1500/images/fake/80b4988a4f563fe112d643681acee7e975d1f7f510749b7a3880b28c2b7ad1b5.png,medium,1,0.9832784533500671
80bc1be5b506e09030db191d6ea8023f16e9d8301cdfa9ddee0514c755cb0d6b,data/datasets/openfake/additional-900/images/real/80bc1be5b506e09030db191d6ea8023f16e9d8301cdfa9ddee0514c755cb0d6b.jpg,medium,0,0.0026609061751514673
80f4a91593423faad6728c889e6778787e83a5516b60c52534aa8bd7c297d71f,data/datasets/openfake/additional-900/images/real/80f4a91593423faad6728c889e6778787e83a5516b60c52534aa8bd7c297d71f.jpg,medium,0,0.8046016693115234
810ef2259ef21a7dc0c23ad566ad9c05b572495e5558275fad403f39a75c1db2,data/datasets/sid-set/candidate-1500/images/real/810ef2259ef21a7dc0c23ad566ad9c05b572495e5558275fad403f39a75c1db2.jpg,medium,0,0.48180294036865234
81233115617a5bb4b6a7a45c665f6de4acb135465f86c05308ee00580e01c5d4,data/datasets/RRDataset/selection_1500/lorenzo/real/real_005661.jpg,medium,0,0.9829188585281372
812dcaca8a9787eede8dec584e826948673a2c732ffbfdb4bd2a9ccdd8738340,data/datasets/RRDataset/selection_1500/lorenzo/real/real_003201.jpg,medium,0,0.5198312997817993
814c87385bfc1e2acb6d73208f75975b2e8df9f1dac07b9d268380ba8a1d4ace,data/datasets/sid-set/candidate-1500/images/real/814c87385bfc1e2acb6d73208f75975b2e8df9f1dac07b9d268380ba8a1d4ace.jpg,medium,0,0.00013642759586218745
818157956bce51fc625e1e2a14a0498ce847c54be5ceaa87a1e5ec25a9302778,data/datasets/openfake/pilot-600/images/fake/818157956bce51fc625e1e2a14a0498ce847c54be5ceaa87a1e5ec25a9302778.png,medium,1,0.8391488790512085
819328e74e533b2ff2a064332edece4a25321da413343f1b540dd9861e134547,data/datasets/openfake/additional-900/images/fake/819328e74e533b2ff2a064332edece4a25321da413343f1b540dd9861e134547.png,medium,1,0.9610192179679871
819639d87e853ad839ede31c5271003c2e69215d617f4e01e007aa3a9d5b21cf,data/datasets/RRDataset/selection_1500/sara/real/real_001863.jpg,medium,0,0.05658545345067978
81aef350a92a3ef21f0d64a5d4dd46e94a9a577951c28416db32c721288295da,data/datasets/RRDataset/selection_1500/giovanni/real/real_004275.jpg,medium,0,0.9795036315917969
81d3e0b4ba168327bed6cd81b25ee1aaea0d2751e51655778dbd5dbc934e4bef,data/datasets/RRDataset/selection_1500/sara/real/real_005177.jpg,medium,0,0.6283599734306335
81d462e32a82ad4178326f0ef5f3fa8dd2fb94d9b49d31b37b44363582851041,data/datasets/openfake/additional-900/images/real/81d462e32a82ad4178326f0ef5f3fa8dd2fb94d9b49d31b37b44363582851041.jpg,medium,0,0.2250588983297348
81d76d5a2b632f8117d3bc0f230639c3f15b94aa033b970af50b36bc05313ed7,data/datasets/openfake/additional-900/images/real/81d76d5a2b632f8117d3bc0f230639c3f15b94aa033b970af50b36bc05313ed7.jpg,medium,0,0.14301708340644836
81dcabd031ac6b0c66347e0534932b6a089d97cf8576017de9f78da5af415a4a,data/datasets/openfake/additional-900/images/fake/81dcabd031ac6b0c66347e0534932b6a089d97cf8576017de9f78da5af415a4a.jpg,medium,1,0.9460214972496033
820335e464877f98e27170e165ec5d39796d9d37d3753ddc976489cc0c7c2446,data/datasets/openfake/additional-900/images/fake/820335e464877f98e27170e165ec5d39796d9d37d3753ddc976489cc0c7c2446.png,medium,1,0.6478859782218933
82118259e21e4df27abd09f01d3bda7018a51476249c0ebaba491ec0283e18e3,data/datasets/RRDataset/selection_1500/giovanni/ai/Medical_&_Public_Health_000227.png,medium,1,0.9018933176994324
8218ccedcb96b84ca2bdbb635dfa9fce7866922d05af7540da94e59dc13a3424,data/datasets/openfake/pilot-600/images/fake/8218ccedcb96b84ca2bdbb635dfa9fce7866922d05af7540da94e59dc13a3424.png,medium,1,0.9930675029754639
8224ecf821b73db9b37114848f76318322152aa6a5a5d8f5108ef63e3efaefce,data/datasets/RRDataset/selection_1500/sara/ai/production_000774.png,medium,1,0.9952955842018127
823a07aa9037e7b4b7bc749ea159c5d624bfb7191924191a89dc5cbce211d137,data/datasets/sid-set/candidate-1500/images/real/823a07aa9037e7b4b7bc749ea159c5d624bfb7191924191a89dc5cbce211d137.jpg,medium,0,0.013609346002340317
825d6bb45fd2a06c620325cac98f761ad8e9a491a568a96223b2573301427d75,data/datasets/openfake/additional-900/images/fake/825d6bb45fd2a06c620325cac98f761ad8e9a491a568a96223b2573301427d75.png,medium,1,0.9642637968063354
8281952d554b2713ea0f7d2655aa11dbaf7759afbeb20bad7b62cd51e22b3b83,data/datasets/openfake/pilot-600/images/real/8281952d554b2713ea0f7d2655aa11dbaf7759afbeb20bad7b62cd51e22b3b83.jpg,medium,0,0.08863916248083115
8293965e93a182c0651b81d3f1f2fb07e381e474f7d07ee82e6c8f1814d2665d,data/datasets/openfake/pilot-600/images/fake/8293965e93a182c0651b81d3f1f2fb07e381e474f7d07ee82e6c8f1814d2665d.png,medium,1,0.2888774275779724
82a16478f7e9029eafb4070e05b00a7736b0a51df61d0cfeba647dd7ca6185d8,data/datasets/openfake/pilot-600/images/fake/82a16478f7e9029eafb4070e05b00a7736b0a51df61d0cfeba647dd7ca6185d8.png,medium,1,0.9906766414642334
82c3a4bdb0d6d205d52bcad6c069830752a2a7969daf1c8477142a62ad24dc2d,data/datasets/sid-set/candidate-1500/images/fake/82c3a4bdb0d6d205d52bcad6c069830752a2a7969daf1c8477142a62ad24dc2d.png,medium,1,0.9802830219268799
82c9c8a0396019df0820b7c519ad72d67e91fa4bc99be8376867314f6041f322,data/datasets/RRDataset/selection_1500/sara/real/real_004255.jpg,medium,0,0.5598634481430054
82d074c14e2a4af16f87ead60788e069678744a68ef2304b1d5d76afc7830827,data/datasets/openfake/additional-900/images/real/82d074c14e2a4af16f87ead60788e069678744a68ef2304b1d5d76afc7830827.jpg,medium,0,0.00018399533291812986
82f9d60fa9ad4c62931e5610c27b340af40cb096866198b1d89ca3429bf3645c,data/datasets/openfake/pilot-600/images/real/82f9d60fa9ad4c62931e5610c27b340af40cb096866198b1d89ca3429bf3645c.jpg,medium,0,0.8324270248413086
83120f13978d5fe0b75a183968ecfbcb50408ed49594952a3d19c99d823685e7,data/datasets/openfake/pilot-600/images/real/83120f13978d5fe0b75a183968ecfbcb50408ed49594952a3d19c99d823685e7.jpg,medium,0,0.006403548177331686
834189c714dc796214d1b3bd63ceec1867f7304ca84b218755753000b93e4f77,data/datasets/openfake/additional-900/images/real/834189c714dc796214d1b3bd63ceec1867f7304ca84b218755753000b93e4f77.jpg,medium,0,0.18070805072784424
835380e9e54399089aa3788d2ea7df016fbc2fd6bf4d30f1deb82aebac768f35,data/datasets/sid-set/candidate-1500/images/real/835380e9e54399089aa3788d2ea7df016fbc2fd6bf4d30f1deb82aebac768f35.jpg,medium,0,0.005761505104601383
83970b7c7e3b6be97d3918c16378ff3dcb6699c5f018ae11f34cbccd2fb3ae1a,data/datasets/openfake/pilot-600/images/fake/83970b7c7e3b6be97d3918c16378ff3dcb6699c5f018ae11f34cbccd2fb3ae1a.png,medium,1,0.7362173795700073
839a18de7ad11488a9535f5ec44ed9043382181981b0cb16d09a0ffe80ac5a70,data/datasets/RRDataset/selection_1500/giovanni/real/real_006792.jpg,medium,0,0.9793624877929688
83b2ad1a95ed8af043e943b8661e8b36d2de50fc54a9d88fc7faa3c44a673c44,data/datasets/RRDataset/selection_1500/lorenzo/real/real_001065.jpg,medium,0,0.07032925635576248
83c6090227ecc040f66fcdde879beb070751817957ae5eb310bf714dff7efeaf,data/datasets/openfake/additional-900/images/fake/83c6090227ecc040f66fcdde879beb070751817957ae5eb310bf714dff7efeaf.jpg,medium,1,0.9659950137138367
83cf8667393561af5c06770cf33ae00399f5afea717216350f364dee0c10f664,data/datasets/RRDataset/selection_1500/giovanni/ai/Medical_&_Public_Health_000823.png,medium,1,0.9715682864189148
83f9bbe909f5f3d1dbf0551ada380b38573065c81c1868f75b3b308b3f3b94f2,data/datasets/openfake/additional-900/images/real/83f9bbe909f5f3d1dbf0551ada380b38573065c81c1868f75b3b308b3f3b94f2.jpg,medium,0,0.2588070034980774
840924248f1a376b73031773396ca4033be3c41ee6b35e9be79982f84fa8fbde,data/datasets/RRDataset/selection_1500/giovanni/real/real_005371.jpg,medium,0,0.06889381259679794
841defef79d77595f2976b3b804e7db6d796739b29272bd1b0d5ed9aefe1f691,data/datasets/openfake/additional-900/images/fake/841defef79d77595f2976b3b804e7db6d796739b29272bd1b0d5ed9aefe1f691.png,medium,1,0.70453941822052
8440371e97749c3ddc3c84c3b361a0f9e4c9dc9399f0667939f7b567826ba248,data/datasets/openfake/additional-900/images/fake/8440371e97749c3ddc3c84c3b361a0f9e4c9dc9399f0667939f7b567826ba248.png,medium,1,0.4138585031032562
8453d29302a58f9ec26ec5d6fc65b7978bddcba15be8bfd2aab6cc8cf552dc4b,data/datasets/sid-set/candidate-1500/images/fake/8453d29302a58f9ec26ec5d6fc65b7978bddcba15be8bfd2aab6cc8cf552dc4b.png,medium,1,0.9222757816314697
845e4a1c989002592a9829fbba914785a5ae58f7827038f40e9779b72c2763cb,data/datasets/openfake/pilot-600/images/fake/845e4a1c989002592a9829fbba914785a5ae58f7827038f40e9779b72c2763cb.jpg,medium,1,0.8265526294708252
84742b95f02315a331989bcc2339c8f407e90d5d4edec032048b42e743d6123c,data/datasets/sid-set/candidate-1500/images/fake/84742b95f02315a331989bcc2339c8f407e90d5d4edec032048b42e743d6123c.png,medium,1,0.8598920106887817
84c501d850e58048038b935535cf96972140c607fa7e2a102254d137485d586f,data/datasets/openfake/additional-900/images/real/84c501d850e58048038b935535cf96972140c607fa7e2a102254d137485d586f.jpg,medium,0,0.0005656233406625688
84ca0dfbdfb307ed6fb8ae5416ece412e94c628efc7af63e18dd8d0d12116288,data/datasets/openfake/pilot-600/images/fake/84ca0dfbdfb307ed6fb8ae5416ece412e94c628efc7af63e18dd8d0d12116288.png,medium,1,0.9925529360771179
84d98021cc613e483c4513d769c4fd6622bcc74f576b5081fa7d29e7876d5aff,data/datasets/RRDataset/selection_1500/sara/real/real_002564.jpg,medium,0,0.4506126642227173
84f73ce1d377bafc355425bfa89d1cbff6244e790056935f54383ac78a5d5271,data/datasets/RRDataset/selection_1500/lorenzo/real/real_007414.jpg,medium,0,0.9019373655319214
85009551b5b0f70177ab6c73e0803fa4f0192735a42ad6aaaa325a6f3773bd66,data/datasets/sid-set/candidate-1500/images/real/85009551b5b0f70177ab6c73e0803fa4f0192735a42ad6aaaa325a6f3773bd66.jpg,medium,0,0.10672900080680847
85072883d5be975f9e19ee510e9032ad37c8aeaa382ea5efe56b1eba82f20567,data/datasets/RRDataset/selection_1500/giovanni/real/real_001629.jpg,medium,0,0.8700461983680725
854a41c33b4e995964f27edbbab2284806e2a606db27ea804a36705d7ebb58aa,data/datasets/RRDataset/selection_1500/giovanni/real/real_003401.jpg,medium,0,0.9026684761047363
85595b36d6acca648f451fd50a56beff3a8f0cccdbbea99c0ac86f8d670ae555,data/datasets/sid-set/candidate-1500/images/real/85595b36d6acca648f451fd50a56beff3a8f0cccdbbea99c0ac86f8d670ae555.jpg,medium,0,0.1677892655134201
8563cd19239f1dcb82566de5ec26a1b1967e6576a88d9bc2fd87e236e699c675,data/datasets/RRDataset/selection_1500/giovanni/real/real_008710.jpg,medium,0,0.001668902114033699
8573f5491240d6f172345e41586a2be09fdcf110dc9efd1c15beb302cd980be9,data/datasets/RRDataset/selection_1500/giovanni/real/real_007184.jpg,medium,0,0.9771939516067505
857926049646f3cf46f1a1e440431e6c224f6396fec0364b2b1fad097720ed46,data/datasets/sid-set/candidate-1500/images/fake/857926049646f3cf46f1a1e440431e6c224f6396fec0364b2b1fad097720ed46.png,medium,1,0.9890269637107849
8586cf35675c4c87753983695b1c93ca6a3687b4686108d784e57d7aaadf8a15,data/datasets/sid-set/candidate-1500/images/fake/8586cf35675c4c87753983695b1c93ca6a3687b4686108d784e57d7aaadf8a15.png,medium,1,0.9422338604927063
85945a461217c3280cf8cdd354015601033ff8dab1da908a2eb286be5238f226,data/datasets/sid-set/candidate-1500/images/fake/85945a461217c3280cf8cdd354015601033ff8dab1da908a2eb286be5238f226.png,medium,1,0.9875968098640442
85a69583c000bfb534050c222a303eb63b6e927866893816b8741e0cb3c834e2,data/datasets/sid-set/candidate-1500/images/fake/85a69583c000bfb534050c222a303eb63b6e927866893816b8741e0cb3c834e2.png,medium,1,0.9821297526359558
85e05d89b44c8ae89bff7809c4cc9ea59655f534d342d5244e70355ec1397f29,data/datasets/sid-set/candidate-1500/images/fake/85e05d89b44c8ae89bff7809c4cc9ea59655f534d342d5244e70355ec1397f29.png,medium,1,0.7803634405136108
85f712a12c06aa7f2d058b7dd8ff3066b906962da08f119b48924e407a6b863b,data/datasets/sid-set/candidate-1500/images/fake/85f712a12c06aa7f2d058b7dd8ff3066b906962da08f119b48924e407a6b863b.png,medium,1,0.960295557975769
860014905a621bdd70fe672a0824d161e90d73eaa0f7643380184919f60b87ac,data/datasets/sid-set/candidate-1500/images/fake/860014905a621bdd70fe672a0824d161e90d73eaa0f7643380184919f60b87ac.png,medium,1,0.8578323721885681
8610b07b8b1623939841f0f112d244868632463cfe941891a0f4d53fb3ec9fe6,data/datasets/RRDataset/selection_1500/lorenzo/ai/Political_&_Social_Events_000891.png,medium,1,0.9742485284805298
862146398cf7f34f69e3379cce283b1a51079f20c46a758c08406e451e9f5851,data/datasets/RRDataset/selection_1500/sara/ai/Natural_Disasters_&_Accidents_000037.png,medium,1,0.9713903069496155
8655e93181a0f2822c4d67a7dcae2543319edcee9c22aacba1581c979a5bf77a,data/datasets/RRDataset/selection_1500/sara/real/real_006027.jpg,medium,0,0.8960394263267517
866814b3af2af4f237bcbea16866c6d983249807c09fabfdd599d5e1aaf753c1,data/datasets/openfake/additional-900/images/real/866814b3af2af4f237bcbea16866c6d983249807c09fabfdd599d5e1aaf753c1.jpg,medium,0,0.06844732165336609
8671b9769255ee243c195623271d6674d361f24558613bb4a4f826f3e928a48f,data/datasets/sid-set/candidate-1500/images/fake/8671b9769255ee243c195623271d6674d361f24558613bb4a4f826f3e928a48f.png,medium,1,0.9732598066329956
8690572b7b55d791d588bca2937c2aeb155e9f925457fc694c61a5305bbdc201,data/datasets/RRDataset/selection_1500/giovanni/real/real_003659.jpg,medium,0,0.4819117486476898
86cc3ef4f7e8dcae51817331dc79617653623e9195f1d9928067238701e25ab3,data/datasets/openfake/additional-900/images/fake/86cc3ef4f7e8dcae51817331dc79617653623e9195f1d9928067238701e25ab3.png,medium,1,0.898351788520813
86d03c6e20a313e01528e27e3c2fc8172cf971dc0ae7254b20400386be707c6a,data/datasets/openfake/additional-900/images/real/86d03c6e20a313e01528e27e3c2fc8172cf971dc0ae7254b20400386be707c6a.jpg,medium,0,0.018242185935378075
86d318bdc43b536c5a6bf9df05ce9f2dbf4b4f3feb75a1c5327f10a0ca519759,data/datasets/openfake/additional-900/images/real/86d318bdc43b536c5a6bf9df05ce9f2dbf4b4f3feb75a1c5327f10a0ca519759.jpg,medium,0,0.9808862805366516
86d63fe870351eca9592cd3161a4c32b8bd5bdc02c470e8dae5a7cac501c47e6,data/datasets/sid-set/candidate-1500/images/real/86d63fe870351eca9592cd3161a4c32b8bd5bdc02c470e8dae5a7cac501c47e6.jpg,medium,0,0.011321982368826866
86fd3f8d1212af2d7024f31dc60885f1022c545352f772f7513b037a5a5b5bba,data/datasets/openfake/additional-900/images/fake/86fd3f8d1212af2d7024f31dc60885f1022c545352f772f7513b037a5a5b5bba.png,medium,1,0.9236763715744019
8701b7b9e25e05321269d28070eb27ac8394f6c3a74c8c6165250bc28458c999,data/datasets/sid-set/candidate-1500/images/fake/8701b7b9e25e05321269d28070eb27ac8394f6c3a74c8c6165250bc28458c999.png,medium,1,0.9731851816177368
870d84f389bded46362c3d4dd2a3cbfbddc0010063fbe5be04646810512dda79,data/datasets/openfake/pilot-600/images/fake/870d84f389bded46362c3d4dd2a3cbfbddc0010063fbe5be04646810512dda79.png,medium,1,0.9952686429023743
873f182eafbc3efa1afe62c067ed79ad322302d7e1ce9191477922a432b571c8,data/datasets/openfake/additional-900/images/real/873f182eafbc3efa1afe62c067ed79ad322302d7e1ce9191477922a432b571c8.jpg,medium,0,0.006962278857827187
8741e1626460b19d4d401897fb4abc19976dfcdfc0c2c4920994508f0ccee8e7,data/datasets/openfake/pilot-600/images/real/8741e1626460b19d4d401897fb4abc19976dfcdfc0c2c4920994508f0ccee8e7.jpg,medium,0,0.4994564354419708
8753ac00ec3af899ef85a733c671dec6766d20eb7a0a137e2584a707e0784099,data/datasets/openfake/pilot-600/images/real/8753ac00ec3af899ef85a733c671dec6766d20eb7a0a137e2584a707e0784099.jpg,medium,0,0.001923681702464819
877ad51fac4210fb817b3eeac13665011c94c9162d91d539dc00983bd4d1f4a0,data/datasets/sid-set/candidate-1500/images/fake/877ad51fac4210fb817b3eeac13665011c94c9162d91d539dc00983bd4d1f4a0.png,medium,1,0.9519362449645996
87912cb2316fff39030011e7e63593dfaaf3955f8f663660a4d9e744b22acefb,data/datasets/openfake/pilot-600/images/fake/87912cb2316fff39030011e7e63593dfaaf3955f8f663660a4d9e744b22acefb.png,medium,1,0.9747914671897888
879290cf44409008b74c8f8f746efa5963302d3b6b2d46bd0b3d2e488c6e850c,data/datasets/RRDataset/selection_1500/lorenzo/real/real_008530.jpg,medium,0,0.945480227470398
87af98122ffbb2721bdad414fb28e3d4cd70a3504e6b8f9354fb4ebc17769a7b,data/datasets/sid-set/candidate-1500/images/real/87af98122ffbb2721bdad414fb28e3d4cd70a3504e6b8f9354fb4ebc17769a7b.jpg,medium,0,0.22739483416080475
87b7b547c66f95e8bdea175182fe679f5672b319a05bdf5b3bdb36b1410b32e7,data/datasets/RRDataset/selection_1500/giovanni/real/real_001575.jpg,medium,0,0.7065639495849609
87c28d384f7b1ac716c49ab8883a2c2094b82e4f27f3efca4051c9fab37549bd,data/datasets/openfake/pilot-600/images/real/87c28d384f7b1ac716c49ab8883a2c2094b82e4f27f3efca4051c9fab37549bd.jpg,medium,0,0.005099000409245491
87c666dfa8a0abfad787aa77f83cc87d8f760fc47f3e19c7c1c38f0d4dc97120,data/datasets/openfake/pilot-600/images/fake/87c666dfa8a0abfad787aa77f83cc87d8f760fc47f3e19c7c1c38f0d4dc97120.png,medium,1,0.8969689607620239
87ec87ae5c8c1294bf8c7872b6e9f316f7ac1873ddcd8752a5584581eb919b72,data/datasets/RRDataset/selection_1500/sara/real/real_000023.jpg,medium,0,0.42500266432762146
87f459197f17b1992f2b776c5280f5f0854a00d572f407304c6f27e19bd3aa30,data/datasets/RRDataset/selection_1500/sara/ai/Culture_&_Religion_000842.png,medium,1,0.9870408177375793
87f7f3aef5d9cee2b8e5726bfd5b29fdd5b8861dfc34aa9e98455c90f9b4400e,data/datasets/sid-set/candidate-1500/images/fake/87f7f3aef5d9cee2b8e5726bfd5b29fdd5b8861dfc34aa9e98455c90f9b4400e.png,medium,1,0.9534221887588501
880ad5b295990c8fc8f60a504a83e2764760f845382bd48cf12a1ead982ca864,data/datasets/sid-set/candidate-1500/images/real/880ad5b295990c8fc8f60a504a83e2764760f845382bd48cf12a1ead982ca864.jpg,medium,0,0.21431465446949005
881c7390821000cfb88ca0dfaa0c410f7cfa9b0838232a295d2086abb96ad1f5,data/datasets/sid-set/candidate-1500/images/fake/881c7390821000cfb88ca0dfaa0c410f7cfa9b0838232a295d2086abb96ad1f5.png,medium,1,0.9129170179367065
88488584cb09be0919944e3b5efb5bb144a09e0424baf97a3e07f31bef73513d,data/datasets/sid-set/candidate-1500/images/real/88488584cb09be0919944e3b5efb5bb144a09e0424baf97a3e07f31bef73513d.jpg,medium,0,0.10638117790222168
886743c3360f6933bf22930f24a0efdd183d11cf98d5e695848bb443abaa1b5c,data/datasets/openfake/additional-900/images/real/886743c3360f6933bf22930f24a0efdd183d11cf98d5e695848bb443abaa1b5c.jpg,medium,0,0.7403312921524048
88697857ba2cc443a298152d43a2585398659a6564e55f17e07e98829b16ef1e,data/datasets/sid-set/candidate-1500/images/real/88697857ba2cc443a298152d43a2585398659a6564e55f17e07e98829b16ef1e.jpg,medium,0,0.16559673845767975
887e459f049ac9edf296816a6404e9bb920d124ccf5311532b8ba157f799cd27,data/datasets/openfake/additional-900/images/real/887e459f049ac9edf296816a6404e9bb920d124ccf5311532b8ba157f799cd27.jpg,medium,0,0.258312463760376
8899e3d311ef896f9f2c85da634c4d21eae01f028e124dfb0f89b57a1e648dae,data/datasets/openfake/additional-900/images/fake/8899e3d311ef896f9f2c85da634c4d21eae01f028e124dfb0f89b57a1e648dae.png,medium,1,0.23395763337612152
889ce6748a2963be31a09762d85f679cd93deb290ebd3fc5d995fd1951f982af,data/datasets/openfake/pilot-600/images/real/889ce6748a2963be31a09762d85f679cd93deb290ebd3fc5d995fd1951f982af.jpg,medium,0,0.0024029798805713654
88c99bbb3727bda1e0076b1353b68c76b7e567dc9cd392508c462b1a54ce0afe,data/datasets/RRDataset/selection_1500/lorenzo/ai/production_000118.png,medium,1,0.9846190810203552
88e7eaf6a4ead48da3b7f7770b862088b6be320b6ec987909acdd80183bafc5e,data/datasets/sid-set/candidate-1500/images/fake/88e7eaf6a4ead48da3b7f7770b862088b6be320b6ec987909acdd80183bafc5e.png,medium,1,0.9470954537391663
88eef34fa418b57bb1c4f229659e2c0cff6af4e5a1068fe44521a587086df71b,data/datasets/openfake/pilot-600/images/fake/88eef34fa418b57bb1c4f229659e2c0cff6af4e5a1068fe44521a587086df71b.png,medium,1,0.9250970482826233
88fe7407cab33434b1a09d0219121a519fc1e4e1956773125eee25860f526203,data/datasets/RRDataset/selection_1500/sara/ai/production_000666.png,medium,1,0.9913333058357239
89085f2896202886f9c8a8b7cb442e6955c661cfb6e3486013258961b6762714,data/datasets/RRDataset/selection_1500/giovanni/real/real_005192.jpg,medium,0,0.07364041358232498
8947dd0d5cfb9c442a8472164d203729bd22db8abc9c326d364dd2c1520cb7e3,data/datasets/sid-set/candidate-1500/images/real/8947dd0d5cfb9c442a8472164d203729bd22db8abc9c326d364dd2c1520cb7e3.jpg,medium,0,0.7503438591957092
894a71b9a5b24603e0ee87f67f588e4af20123bb325e351d95723e2a7b5e290b,data/datasets/openfake/additional-900/images/fake/894a71b9a5b24603e0ee87f67f588e4af20123bb325e351d95723e2a7b5e290b.png,medium,1,0.5569263696670532
89649af81686a557359d757a99f17bc9a88b6f7f3ef9152ccada6526dd3229f4,data/datasets/RRDataset/selection_1500/sara/ai/Culture_&_Religion_000880.png,medium,1,0.9954612851142883
898c8e364288097caeb6b92e0102d0d5a0ba580a0dabfc56eea19455de64d53d,data/datasets/openfake/additional-900/images/fake/898c8e364288097caeb6b92e0102d0d5a0ba580a0dabfc56eea19455de64d53d.png,medium,1,0.8741393089294434
89b5bd7cbd1a233edb29b64d825d57710e27bdb0120e12ee4e4dcb32ace3f5fa,data/datasets/RRDataset/selection_1500/lorenzo/real/real_005909.jpg,medium,0,0.1475202739238739
89bb86d2553903602f78ff24ee16b988a818f1618a77b069aeb7d660bc1afc7b,data/datasets/sid-set/candidate-1500/images/real/89bb86d2553903602f78ff24ee16b988a818f1618a77b069aeb7d660bc1afc7b.jpg,medium,0,0.49144771695137024
89d01b2d3788b0b89500e3795d980e4d6eb5aab7ce41c2a82ddada44606d98cf,data/datasets/RRDataset/selection_1500/giovanni/real/real_005423.jpg,medium,0,0.4503805935382843
89d1e0399f3dd7b21c0ede0e804ecbdebb5ab3583655394862a895f5ba0a39e2,data/datasets/RRDataset/selection_1500/giovanni/ai/Political_&_Social_Events_000985.png,medium,1,0.9974997639656067
89eb13770dde9a87021c4c85e5512dcd8e799df60f1348838d75470cd1e0c35e,data/datasets/RRDataset/selection_1500/sara/ai/production_000900.png,medium,1,0.9978682994842529
89ecdca5cda370713a982cebeef86ed645fef86146cf549500e82cdb46a820ce,data/datasets/openfake/pilot-600/images/fake/89ecdca5cda370713a982cebeef86ed645fef86146cf549500e82cdb46a820ce.png,medium,1,0.6583494544029236
89f121e79fa57ac2ba2cd3bafbc4ebe4bcdd05efd5010e92ee51bf313f1f91c9,data/datasets/openfake/additional-900/images/real/89f121e79fa57ac2ba2cd3bafbc4ebe4bcdd05efd5010e92ee51bf313f1f91c9.jpg,medium,0,0.0004994550836272538
89ff3e5b7f07ca39364e70b4ccacd56ba6e541de808f098d64a4ca1dbf2499ed,data/datasets/RRDataset/selection_1500/sara/ai/production_000789.png,medium,1,0.9889991879463196
89ff7238df2bec086cdb88ba452cc3e0e9091e517567d852e6a3eb8a11c222a5,data/datasets/sid-set/candidate-1500/images/real/89ff7238df2bec086cdb88ba452cc3e0e9091e517567d852e6a3eb8a11c222a5.jpg,medium,0,0.3232039511203766
8a2377fb6120447925226d8d7e043537bfa29f3013ab9fb98520d71d8b07d0dc,data/datasets/RRDataset/selection_1500/sara/real/real_009949.jpg,medium,0,0.9788118004798889
8a24ea846c097c53341a9dc35780e50b18ec5a3ed316372c577c22b195ce6763,data/datasets/sid-set/candidate-1500/images/real/8a24ea846c097c53341a9dc35780e50b18ec5a3ed316372c577c22b195ce6763.jpg,medium,0,0.08144127577543259
8a2f6a5544a901909c58f9ce07a0e507948d6f3f0abc933378d63694ef1d6093,data/datasets/openfake/additional-900/images/fake/8a2f6a5544a901909c58f9ce07a0e507948d6f3f0abc933378d63694ef1d6093.png,medium,1,0.9654297232627869
8a654e8fa4e71fcfffd991c8eb712ff82579b682df579a702741fce9c9de8221,data/datasets/openfake/additional-900/images/fake/8a654e8fa4e71fcfffd991c8eb712ff82579b682df579a702741fce9c9de8221.png,medium,1,0.9405931830406189
8a6fa8e16b1a94e3c558eef55a9f8d3e1943f613e127b8a38cf1915d3b553608,data/datasets/sid-set/candidate-1500/images/real/8a6fa8e16b1a94e3c558eef55a9f8d3e1943f613e127b8a38cf1915d3b553608.jpg,medium,0,0.0712798684835434
8a7d88d37d834d86c0beccbb41c89e497b151c8b0e12fffa09213b068a2aaf7f,data/datasets/RRDataset/selection_1500/giovanni/real/real_005634.jpg,medium,0,0.8609071969985962
8a8532a4762d73135da88ea26dc9fd415f41a81b9239498eca3dbbbd29560daa,data/datasets/sid-set/candidate-1500/images/fake/8a8532a4762d73135da88ea26dc9fd415f41a81b9239498eca3dbbbd29560daa.png,medium,1,0.9758083820343018
8a93257e9aa1b7932c9c09d3ddbb4f3def645bcf658576482574dbe235c781b0,data/datasets/sid-set/candidate-1500/images/real/8a93257e9aa1b7932c9c09d3ddbb4f3def645bcf658576482574dbe235c781b0.jpg,medium,0,0.1654738336801529
8aa902cd64d05219e6961cba90ccee484b6d7cd24da5028d5e4c7c866c92ce3f,data/datasets/openfake/additional-900/images/fake/8aa902cd64d05219e6961cba90ccee484b6d7cd24da5028d5e4c7c866c92ce3f.png,medium,1,0.6754131317138672
8ab0232f0c06802058d6b3acd6f00fc425048815fb88651336c1dd9fbbb68780,data/datasets/RRDataset/selection_1500/lorenzo/real/real_000849.jpg,medium,0,0.9785601496696472
8abcd07238ba5fad9d21b1c837c6b379a1900ce069286876f67d3d4691e022ef,data/datasets/openfake/additional-900/images/real/8abcd07238ba5fad9d21b1c837c6b379a1900ce069286876f67d3d4691e022ef.jpg,medium,0,0.4703851640224457
8aeab606e04692b0703fe641715ffdc0415bf8d8baeb5297e88561a478f4ea9b,data/datasets/openfake/pilot-600/images/fake/8aeab606e04692b0703fe641715ffdc0415bf8d8baeb5297e88561a478f4ea9b.png,medium,1,0.9141725301742554
8b05fc787cadcdc6e31000b13ef813ce3a424416f83d43415aca058e9ea5b1ae,data/datasets/openfake/additional-900/images/fake/8b05fc787cadcdc6e31000b13ef813ce3a424416f83d43415aca058e9ea5b1ae.png,medium,1,0.10617022216320038
8b11bd3aa380bf37932c4ff8aab2754df1bc79f655c4fc256696c4facc7f9742,data/datasets/openfake/additional-900/images/real/8b11bd3aa380bf37932c4ff8aab2754df1bc79f655c4fc256696c4facc7f9742.jpg,medium,0,0.005135711282491684
8b2046668df6dfdac3c79f680f5603a2e33a83cc3f6186e9ef125ca41a57a9ed,data/datasets/openfake/additional-900/images/fake/8b2046668df6dfdac3c79f680f5603a2e33a83cc3f6186e9ef125ca41a57a9ed.png,medium,1,0.9516283869743347
8b36e2f2a4e153874804ca8e7ebae3af034161cded93fc62f3d2d0878fc4014a,data/datasets/RRDataset/selection_1500/sara/real/real_006545.jpg,medium,0,0.995808482170105
8b3a786fb801a037c214d143b2b10a57dda443c0b523971767af1af87e67eebb,data/datasets/openfake/additional-900/images/fake/8b3a786fb801a037c214d143b2b10a57dda443c0b523971767af1af87e67eebb.png,medium,1,0.8055678009986877
8b5673509b4d85fd61df1dea70ab1ab6275e68331def8d992597c69aee11f72f,data/datasets/openfake/additional-900/images/fake/8b5673509b4d85fd61df1dea70ab1ab6275e68331def8d992597c69aee11f72f.png,medium,1,0.9318574666976929
8b5c496b3e2f5605c3f5ecd64aa51111093fabe667d70a1bedbc41ef680825cd,data/datasets/RRDataset/selection_1500/lorenzo/real/real_008180.jpg,medium,0,0.9032042622566223
8b6893b99e0244b9df32b42a211f90288ca21741aaf7c4b43122d2cbed1e8c68,data/datasets/RRDataset/selection_1500/giovanni/real/real_007501.jpg,medium,0,0.9274206757545471
8b6d995ecb5bddca986b3d797bb6e80e58574ddebd5530fb859309180cc79da7,data/datasets/sid-set/candidate-1500/images/real/8b6d995ecb5bddca986b3d797bb6e80e58574ddebd5530fb859309180cc79da7.jpg,medium,0,0.0016717439284548163
8b8a717bdbf96911f3868b8a2a61310b1f62dff6888f28f015f66e2f55dcfb1c,data/datasets/openfake/additional-900/images/fake/8b8a717bdbf96911f3868b8a2a61310b1f62dff6888f28f015f66e2f55dcfb1c.webp,medium,1,0.4666367471218109
8b9d048b70ba4ccded5ce7b589a7535b9d2ba95e4ebdff0ecd498b35a81458ff,data/datasets/sid-set/candidate-1500/images/real/8b9d048b70ba4ccded5ce7b589a7535b9d2ba95e4ebdff0ecd498b35a81458ff.jpg,medium,0,0.8884882926940918
8baadbda6894d60778326dab05225be2910b64ce4ea86d2fd8b270791fa2ff1b,data/datasets/RRDataset/selection_1500/giovanni/ai/Culture_&_Religion_000150.png,medium,1,0.8830199837684631
8bcb5ee1c3c5c5bff343f6b02116c181c847e2906740bd31c70bb4af57cd1d6f,data/datasets/RRDataset/selection_1500/sara/ai/Culture_&_Religion_000202.png,medium,1,0.5962947010993958
8bcf64fd9dbb9ab0f63029c966c56d458794ab4cf8a116566b2e7cb6d776178a,data/datasets/sid-set/candidate-1500/images/fake/8bcf64fd9dbb9ab0f63029c966c56d458794ab4cf8a116566b2e7cb6d776178a.png,medium,1,0.8030080199241638
8bd6a4eff9cb694312151e3c86f733b062b4aa418b0474d206a3d0fcec4e03a8,data/datasets/openfake/additional-900/images/real/8bd6a4eff9cb694312151e3c86f733b062b4aa418b0474d206a3d0fcec4e03a8.jpg,medium,0,0.0274016335606575
8c30634aaf56be3cd37eb98c2b7b25414ab3c1717ba702d57f368a87dc0d19d0,data/datasets/openfake/additional-900/images/real/8c30634aaf56be3cd37eb98c2b7b25414ab3c1717ba702d57f368a87dc0d19d0.jpg,medium,0,0.7266422510147095
8c3a18c40029629e368f5789b26ffa5c344d7bb9668c2bb0120ee75f0d49855d,data/datasets/sid-set/candidate-1500/images/fake/8c3a18c40029629e368f5789b26ffa5c344d7bb9668c2bb0120ee75f0d49855d.png,medium,1,0.967166006565094
8c46404edb383e4b5810d558ea97e1986aabc9a997d6cfd2e114b2bc37bb81fa,data/datasets/openfake/additional-900/images/fake/8c46404edb383e4b5810d558ea97e1986aabc9a997d6cfd2e114b2bc37bb81fa.png,medium,1,0.9939150214195251
8c5838b6fc7b7dd26c2799ca0d29fc745fdde0392ce49c9ce5d9fab0b3cba914,data/datasets/RRDataset/selection_1500/sara/real/real_006235.jpg,medium,0,0.30702242255210876
8c58b5a826382457176e30525f4ceafebfcae13dbb83315de6b3ff52690de689,data/datasets/RRDataset/selection_1500/lorenzo/ai/Medical_&_Public_Health_000857.png,medium,1,0.982395350933075
8c96469c8686182648a0591e807111c83b84d2ec0d5f783847ab3101846477ba,data/datasets/openfake/pilot-600/images/real/8c96469c8686182648a0591e807111c83b84d2ec0d5f783847ab3101846477ba.jpg,medium,0,0.2370944768190384
8cbc7f638bfb8877cf08008018ca65b826dbab17b2d501bda3f85518b2da6f8d,data/datasets/RRDataset/selection_1500/sara/ai/Political_&_Social_Events_000974.png,medium,1,0.9948174357414246
8cec0fcd557fc628ee8bdc6345b5af32038441c6c57ad75671c7fdca00473a35,data/datasets/openfake/additional-900/images/real/8cec0fcd557fc628ee8bdc6345b5af32038441c6c57ad75671c7fdca00473a35.jpg,medium,0,0.0012059411965310574
8d08140adb94887be953e7681f20ede07702dc007caeb32cda591fbfcc65eb21,data/datasets/sid-set/candidate-1500/images/fake/8d08140adb94887be953e7681f20ede07702dc007caeb32cda591fbfcc65eb21.png,medium,1,0.9577646851539612
8d148fac0c18572ccc7cf07de5bd2a94ca01edf736ead3d721dd69863b85396c,data/datasets/sid-set/candidate-1500/images/real/8d148fac0c18572ccc7cf07de5bd2a94ca01edf736ead3d721dd69863b85396c.jpg,medium,0,0.02125997468829155
8d2553bba786e4a0f17397ce4d277309784116001733b8c21c01d53451b83174,data/datasets/openfake/additional-900/images/real/8d2553bba786e4a0f17397ce4d277309784116001733b8c21c01d53451b83174.jpg,medium,0,0.12711188197135925
8d3a9914192603104e838d850657c65833487d027b54102bd52d654cae1c4ded,data/datasets/openfake/pilot-600/images/real/8d3a9914192603104e838d850657c65833487d027b54102bd52d654cae1c4ded.jpg,medium,0,0.8300997018814087
8d63c538487fc60cbd408bde7e75483b912c298f0efec5752ec697a20eb83fab,data/datasets/RRDataset/selection_1500/lorenzo/ai/Medical_&_Public_Health_000381.png,medium,1,0.9184623956680298
8d67755ba4855ff5ded094c495dcfbe2fb4b2437f4144e9db9f5a4f622805144,data/datasets/RRDataset/selection_1500/giovanni/real/real_006124.jpg,medium,0,0.9946470856666565
8d7483b44fa902c26116bee7bbf9609bc6ad8a9426f1dd53a496a98c414cfd7a,data/datasets/openfake/pilot-600/images/fake/8d7483b44fa902c26116bee7bbf9609bc6ad8a9426f1dd53a496a98c414cfd7a.png,medium,1,0.788201093673706
8dbb2273603d95f9c4a72644d0c9720660f849cf98b1eb0cf53718aad4f1ad20,data/datasets/sid-set/candidate-1500/images/real/8dbb2273603d95f9c4a72644d0c9720660f849cf98b1eb0cf53718aad4f1ad20.jpg,medium,0,0.04387480765581131
8dc38f803c50b2bcad31fca203921aec7714bf8d7b122a159f7512339547fdc5,data/datasets/sid-set/candidate-1500/images/fake/8dc38f803c50b2bcad31fca203921aec7714bf8d7b122a159f7512339547fdc5.png,medium,1,0.9729509353637695
8dc7352baddd91fc8da3b1b5a1e4e21959be5956c08b59bd89e993dd0bdf5fb9,data/datasets/openfake/additional-900/images/fake/8dc7352baddd91fc8da3b1b5a1e4e21959be5956c08b59bd89e993dd0bdf5fb9.png,medium,1,0.970472514629364
8dc74f58df0fe7e6f95b49196f40082cc55f48cf5e802c122804938fb47040da,data/datasets/RRDataset/selection_1500/sara/ai/production_000140.png,medium,1,0.9864943027496338
8dc88c106724fa58a16649772d6b7cb112162c955beb8e45c9aa67141d2119f0,data/datasets/RRDataset/selection_1500/sara/ai/production_000637.png,medium,1,0.9986984729766846
8dca478b49d56abe4d4cca9f6a20ac0d0dd662764e0f4f53138ce2266146fe05,data/datasets/openfake/additional-900/images/real/8dca478b49d56abe4d4cca9f6a20ac0d0dd662764e0f4f53138ce2266146fe05.jpg,medium,0,0.01635070890188217
8e471287b8396300676b51527ed46aaca17be49862515d8457b989e8ea91fc33,data/datasets/sid-set/candidate-1500/images/real/8e471287b8396300676b51527ed46aaca17be49862515d8457b989e8ea91fc33.jpg,medium,0,0.3097013235092163
8e5e0727e0cc079cc8df687eb2b2d65a1dfe21d8e1f946d324cae69bf2740e8e,data/datasets/sid-set/candidate-1500/images/real/8e5e0727e0cc079cc8df687eb2b2d65a1dfe21d8e1f946d324cae69bf2740e8e.jpg,medium,0,0.84037184715271
8e6f77049c2c2322ed31f7c2128efbae50684e4c80560994f2e2f0938eda1478,data/datasets/RRDataset/selection_1500/lorenzo/ai/production_000802.png,medium,1,0.9988190531730652
8e77de5b16701e4e89dfb7f2d6d298c2a3fbab9d8a70948398298c594923fa71,data/datasets/sid-set/candidate-1500/images/real/8e77de5b16701e4e89dfb7f2d6d298c2a3fbab9d8a70948398298c594923fa71.jpg,medium,0,0.01880829781293869
8ef1ec1465af0c7debf9836720bc858ce886a4c5256da2bc08d83313f48de61b,data/datasets/openfake/pilot-600/images/real/8ef1ec1465af0c7debf9836720bc858ce886a4c5256da2bc08d83313f48de61b.jpg,medium,0,0.015277116559445858
8ef76556632a08102c638249eb6a975008821ffd1a6a482e71da71d1331e4163,data/datasets/RRDataset/selection_1500/lorenzo/ai/Political_&_Social_Events_000474.png,medium,1,0.9887201189994812
8f14bd714287fa33ca7964c34faabe867bd40c89640cc98319a114fb16898a88,data/datasets/RRDataset/selection_1500/sara/ai/Political_&_Social_Events_000526.png,medium,1,0.9937602877616882
8f15754acc7c3f30af9506ee77e15ce6332b48326184f709b776a35e44b192fb,data/datasets/openfake/additional-900/images/real/8f15754acc7c3f30af9506ee77e15ce6332b48326184f709b776a35e44b192fb.jpg,medium,0,0.22219567000865936
8f4f8bb8ec62dd4f7739249e09d58c24a1b226a8c73eb0812071f1f106500564,data/datasets/openfake/additional-900/images/fake/8f4f8bb8ec62dd4f7739249e09d58c24a1b226a8c73eb0812071f1f106500564.png,medium,1,0.9963082671165466
8f62aa7a154463e499c1c8dc87b6fb3b47be455523fefa660b9aa6bf10a4bdfa,data/datasets/sid-set/candidate-1500/images/fake/8f62aa7a154463e499c1c8dc87b6fb3b47be455523fefa660b9aa6bf10a4bdfa.png,medium,1,0.8822401165962219
8f88b1f7100b0421ca5e3f327c14086fee9ae9dbf0bbf5163995004ee74ab4af,data/datasets/sid-set/candidate-1500/images/real/8f88b1f7100b0421ca5e3f327c14086fee9ae9dbf0bbf5163995004ee74ab4af.jpg,medium,0,0.06805165857076645
8fa26a1b4725b07fb808da5ff749972faf174f7384d4d036140990fa42523d9a,data/datasets/RRDataset/selection_1500/sara/ai/Natural_Disasters_&_Accidents_000407.png,medium,1,0.8515820503234863
8fa374456b458650d288da1311dd2183ff458ab87b0c1fbac7916b21fd24abf7,data/datasets/RRDataset/selection_1500/lorenzo/ai/Culture_&_Religion_000217.png,medium,1,0.7321861982345581
8fab08a1cd69d966bef7701bea160a72445e59739724a2d140c693a29a1cf034,data/datasets/RRDataset/selection_1500/sara/ai/Medical_&_Public_Health_000009.png,medium,1,0.9483299255371094
8fb2b37a72a284b146c510401492e6dde8b492b51924cbb46aa1bc3bddd69650,data/datasets/sid-set/candidate-1500/images/fake/8fb2b37a72a284b146c510401492e6dde8b492b51924cbb46aa1bc3bddd69650.png,medium,1,0.8868093490600586
8fb53520a3242f99fbd22609756ab12763c65f3fee3219dc2e3c7c699f40dd85,data/datasets/RRDataset/selection_1500/lorenzo/ai/Medical_&_Public_Health_000218.png,medium,1,0.6331123113632202
8fc9aa977138f31b4948ce4389cac31a704e853012002e097ae0657ea4713a64,data/datasets/openfake/pilot-600/images/real/8fc9aa977138f31b4948ce4389cac31a704e853012002e097ae0657ea4713a64.jpg,medium,0,0.8346160054206848
8fdb8a69e61787bc4473bb661f7317e1df1111d20ce10eb4d4c00f41879f163e,data/datasets/openfake/pilot-600/images/real/8fdb8a69e61787bc4473bb661f7317e1df1111d20ce10eb4d4c00f41879f163e.jpg,medium,0,0.0005265892250463367
8fdca0f42a5695a746fbef446551e5d57cf6caad913e9a548b20674f9db2fbaf,data/datasets/RRDataset/selection_1500/lorenzo/ai/Political_&_Social_Events_000847.png,medium,1,0.9977318644523621
8fe0f1732484710f4ed588930e50851a8ede28666324be3418200ca208b0df74,data/datasets/sid-set/candidate-1500/images/real/8fe0f1732484710f4ed588930e50851a8ede28666324be3418200ca208b0df74.jpg,medium,0,0.80986088514328
8fe27d9c10acf01f1616e4b5d97ff618a71ab8226ec51b4b0b139b6f995a145d,data/datasets/sid-set/candidate-1500/images/real/8fe27d9c10acf01f1616e4b5d97ff618a71ab8226ec51b4b0b139b6f995a145d.jpg,medium,0,0.8718464374542236
8ff40304740f412cba3e219ee8927f707f308735103b9f9c400c6e5f4b8d5f71,data/datasets/sid-set/candidate-1500/images/real/8ff40304740f412cba3e219ee8927f707f308735103b9f9c400c6e5f4b8d5f71.jpg,medium,0,0.7516431212425232
9015cb975e2013119fff3b4cf26892aaa823e82c405f20a2feb83b4bab4a41d8,data/datasets/openfake/additional-900/images/real/9015cb975e2013119fff3b4cf26892aaa823e82c405f20a2feb83b4bab4a41d8.jpg,medium,0,0.04213157668709755
901c7d9651dae882d07927af34b1f34aef604d16362316c559b455e4c79808eb,data/datasets/openfake/additional-900/images/fake/901c7d9651dae882d07927af34b1f34aef604d16362316c559b455e4c79808eb.png,medium,1,0.9788023233413696
90308464841eba6dfa603e6537f4c382f967f39139387e295649a0e657b93062,data/datasets/RRDataset/selection_1500/sara/real/real_002113.jpg,medium,0,0.663640558719635
90353ceea4479167ca404e0d79ecc5e420cc7a6914cfe272e2abf4a23b1590fe,data/datasets/RRDataset/selection_1500/lorenzo/ai/War_&_Conflict_Scenes_000529.png,medium,1,0.8532119989395142
9039e6d87c2391243214a434aebb03446cbe21c8e52a380ca2d503f29b52da4c,data/datasets/openfake/pilot-600/images/fake/9039e6d87c2391243214a434aebb03446cbe21c8e52a380ca2d503f29b52da4c.png,medium,1,0.5790975689888
904bd3b760f4afc84446dc561d6deb98997b2c1f1db3ad2a3ee920577edf9db2,data/datasets/RRDataset/selection_1500/sara/ai/Medical_&_Public_Health_000362.png,medium,1,0.9187836050987244
907e2a92d2b6cff527b469e831b4f775386996cc38486e64932d77d51ca24fd4,data/datasets/RRDataset/selection_1500/giovanni/real/real_007222.jpg,medium,0,0.8213441371917725
9086bafc8cc45802ec70ba0f424211e15a7d80725a8227f0e64fdbe8bf89ad3a,data/datasets/sid-set/candidate-1500/images/fake/9086bafc8cc45802ec70ba0f424211e15a7d80725a8227f0e64fdbe8bf89ad3a.png,medium,1,0.9502851366996765
90a427d7395910b1b9d3d75cd8f1b29fef931f4c0cb0b15e488468557eb4cd8d,data/datasets/openfake/additional-900/images/fake/90a427d7395910b1b9d3d75cd8f1b29fef931f4c0cb0b15e488468557eb4cd8d.png,medium,1,0.9894193410873413
90b04581e49b1c5859e40f80c988d9b7498dbbc04a061afbeea5c509e7bd43d1,data/datasets/sid-set/candidate-1500/images/fake/90b04581e49b1c5859e40f80c988d9b7498dbbc04a061afbeea5c509e7bd43d1.png,medium,1,0.9756984114646912
90b7161e4ed4b93e06e235974bc2949b55c02af5f6166ade767188acadff4516,data/datasets/RRDataset/selection_1500/sara/real/real_002648.jpg,medium,0,0.17677675187587738
90c9d2f067e19a04449710778695c22399930adebb97e606e6f17a3b349e4dd8,data/datasets/openfake/additional-900/images/real/90c9d2f067e19a04449710778695c22399930adebb97e606e6f17a3b349e4dd8.jpg,medium,0,0.014498838223516941
90cd233cb809707f81e858fd5176df18849102e27c7984ba7b4ebf3128cf84f3,data/datasets/RRDataset/selection_1500/lorenzo/ai/production_000363.png,medium,1,0.9945918917655945
90fe3ba71607e89988a3a38028a5c83b84d7e8355ad3596f0ec1dcfe9b33e00a,data/datasets/RRDataset/selection_1500/sara/ai/production_000619.png,medium,1,0.9963918328285217
911164be524ec31cd8a5399de4d6ba5b64d44c6b0b01aa5920109fb671908fbd,data/datasets/sid-set/candidate-1500/images/real/911164be524ec31cd8a5399de4d6ba5b64d44c6b0b01aa5920109fb671908fbd.jpg,medium,0,0.8522585034370422
913bca0b72c8df16ec83946a9ba7f0b51b3431d9a7e11c9b332320493da32549,data/datasets/openfake/pilot-600/images/real/913bca0b72c8df16ec83946a9ba7f0b51b3431d9a7e11c9b332320493da32549.jpg,medium,0,0.001218784018419683
913f7197abf65aa7814498b7b717260c990ef4bff939635dc1eec02bf47cb806,data/datasets/openfake/additional-900/images/fake/913f7197abf65aa7814498b7b717260c990ef4bff939635dc1eec02bf47cb806.png,medium,1,0.9012992978096008
914a862432741593303d71ef453add25c553be679392b937da38ffc0f4de6ea1,data/datasets/openfake/additional-900/images/fake/914a862432741593303d71ef453add25c553be679392b937da38ffc0f4de6ea1.jpg,medium,1,0.709842324256897
914ae46c5a8844736e58531ee91106c2206f672ddb375853fc77402a6f15e251,data/datasets/openfake/additional-900/images/fake/914ae46c5a8844736e58531ee91106c2206f672ddb375853fc77402a6f15e251.jpg,medium,1,0.3497009575366974
9177fc1f50368d2b38392d857f3463edcd11314d98374d7a42989029c9b3472d,data/datasets/RRDataset/selection_1500/sara/ai/Culture_&_Religion_000689.png,medium,1,0.979790210723877
919f43a967f226b44e42d6212682e3b316fd5496f29d4de0f7acbda693839a8f,data/datasets/sid-set/candidate-1500/images/fake/919f43a967f226b44e42d6212682e3b316fd5496f29d4de0f7acbda693839a8f.png,medium,1,0.9924929738044739
91a72e3cda35b451e35ceac6c9976b60fe9f503c4324b41f7c036702be28a27b,data/datasets/sid-set/candidate-1500/images/fake/91a72e3cda35b451e35ceac6c9976b60fe9f503c4324b41f7c036702be28a27b.png,medium,1,0.9659036993980408
91c1f75d4d615bb6cbc79db0faa96aebb38dfb95dea9193a4745ed19c290cfbf,data/datasets/openfake/additional-900/images/real/91c1f75d4d615bb6cbc79db0faa96aebb38dfb95dea9193a4745ed19c290cfbf.jpg,medium,0,0.23465923964977264
91d33d33040f3c573454bb381b493e4d42b5682128093b628b4d061a68f7c0cd,data/datasets/RRDataset/selection_1500/lorenzo/real/real_001916.jpg,medium,0,0.5739145874977112
92176df0bbc457c1494bfd1291cf2bfe460afadfc0da9c7b968cd43c274e7c9e,data/datasets/RRDataset/selection_1500/lorenzo/ai/production_000756.png,medium,1,0.9982523322105408
923f12bda098a724ac95ee88a5f1677760528598e5a28c7b136f46cf14defa33,data/datasets/sid-set/candidate-1500/images/real/923f12bda098a724ac95ee88a5f1677760528598e5a28c7b136f46cf14defa33.jpg,medium,0,0.965797483921051
929d24da580bb743d6b86edd4d443cf6eb93c77c2387d88347e9bc7f172a5fff,data/datasets/openfake/pilot-600/images/fake/929d24da580bb743d6b86edd4d443cf6eb93c77c2387d88347e9bc7f172a5fff.png,medium,1,0.9634426832199097
92ad9e2e5b79a79df6b71a37de8905918077563d9631dd2d663c96b65412ec46,data/datasets/RRDataset/selection_1500/giovanni/real/real_003454.jpg,medium,0,0.156147301197052
92b6c45c96b961bf4f1bf097369b9237aa1bdf7abc1b712a86343217f243057a,data/datasets/sid-set/candidate-1500/images/real/92b6c45c96b961bf4f1bf097369b9237aa1bdf7abc1b712a86343217f243057a.jpg,medium,0,0.21896369755268097
92c9f63324c950a64e47a597f6742e477df088a0d215794a60b64ecffbed1b6a,data/datasets/sid-set/candidate-1500/images/fake/92c9f63324c950a64e47a597f6742e477df088a0d215794a60b64ecffbed1b6a.png,medium,1,0.9598895311355591
92eab66c814fdcb701751d8a715fcfc382eb4860e01a32c2eb47e5b2a1079f7d,data/datasets/RRDataset/selection_1500/sara/real/real_009497.jpg,medium,0,0.0030929099302738905
92ec100acb1ba8c225d3244d3be5b0e9750f74d7c909c9c96e3c02ef18c57310,data/datasets/sid-set/candidate-1500/images/real/92ec100acb1ba8c225d3244d3be5b0e9750f74d7c909c9c96e3c02ef18c57310.jpg,medium,0,0.009615344926714897
9307331d08913cb7eaa4dee6970042a29f7eba4c9412d7edec366f6e00cde957,data/datasets/RRDataset/selection_1500/giovanni/real/real_003351.jpg,medium,0,0.9857132434844971
931f14cd3f155a6873ee9ca9d5bac355637a5da03e3bc2b9d3f6ebd1ec6e598a,data/datasets/openfake/additional-900/images/real/931f14cd3f155a6873ee9ca9d5bac355637a5da03e3bc2b9d3f6ebd1ec6e598a.jpg,medium,0,0.1511860191822052
9320b71d71d86bbe3564fb7fcb078bdc983e3021dbd1d45da27ac66adb9e1671,data/datasets/sid-set/candidate-1500/images/fake/9320b71d71d86bbe3564fb7fcb078bdc983e3021dbd1d45da27ac66adb9e1671.png,medium,1,0.5534316301345825
933f13343692fd4f9f3a1ed918282c4636e6c145884cf23991c9d52fccb34e3e,data/datasets/openfake/additional-900/images/real/933f13343692fd4f9f3a1ed918282c4636e6c145884cf23991c9d52fccb34e3e.jpg,medium,0,0.5343220233917236
9343fdb574e7cea7a864f65650b56c5287283fcc3a255b6216f24f79ce2e7ab6,data/datasets/RRDataset/selection_1500/sara/real/real_006309.jpg,medium,0,0.890533447265625
934f49e84f630b17320dcf970e1f75f5eacf3d025df3d6e5500e1d8e2b96c628,data/datasets/openfake/pilot-600/images/real/934f49e84f630b17320dcf970e1f75f5eacf3d025df3d6e5500e1d8e2b96c628.jpg,medium,0,0.0008845027186907828
935927ac6d46933f1b10d425e54e4ac73960adafce2f2bc237f4d99ac02cae0d,data/datasets/openfake/additional-900/images/fake/935927ac6d46933f1b10d425e54e4ac73960adafce2f2bc237f4d99ac02cae0d.webp,medium,1,0.30912989377975464
935f7a52c1607df49360709b65809456ec7cee797b775bfcf86a7b1b1f24760f,data/datasets/openfake/pilot-600/images/real/935f7a52c1607df49360709b65809456ec7cee797b775bfcf86a7b1b1f24760f.jpg,medium,0,0.24010729789733887
93742dcffb3c4aee5da22027f7f790791f99665f57b572f512368eac0e5770f7,data/datasets/RRDataset/selection_1500/lorenzo/ai/War_&_Conflict_Scenes_000639.png,medium,1,0.9330199360847473
938960688c68ca9f9e19fef02d6dad09dcbb677362afecb2d2f8427750253a88,data/datasets/sid-set/candidate-1500/images/real/938960688c68ca9f9e19fef02d6dad09dcbb677362afecb2d2f8427750253a88.jpg,medium,0,0.7483764290809631
93aaa38e9e5c41338399aa4d6918976c21cfd2f61b09c2dc43948b25a7dec665,data/datasets/openfake/pilot-600/images/real/93aaa38e9e5c41338399aa4d6918976c21cfd2f61b09c2dc43948b25a7dec665.jpg,medium,0,0.01588989794254303
93e0fbc5940ce073b124b0e50460bc84ee6125fc7341a3d640a86eebff5cb129,data/datasets/sid-set/candidate-1500/images/real/93e0fbc5940ce073b124b0e50460bc84ee6125fc7341a3d640a86eebff5cb129.jpg,medium,0,0.8956019282341003
93f5a1e7d1c5bab6d94799af9a08847a1b4b003f5fee6c1f362aad5eeae4444b,data/datasets/openfake/pilot-600/images/real/93f5a1e7d1c5bab6d94799af9a08847a1b4b003f5fee6c1f362aad5eeae4444b.jpg,medium,0,0.27753254771232605
941c0e47af0886c73831edd72e3564ca4453e7182f58e14aeb6e29bbe6289bd1,data/datasets/sid-set/candidate-1500/images/real/941c0e47af0886c73831edd72e3564ca4453e7182f58e14aeb6e29bbe6289bd1.jpg,medium,0,0.10152474045753479
9421a411041334eb3331318b463785d734aa7a0bf8854f393c01cc1f0fd840d0,data/datasets/openfake/additional-900/images/real/9421a411041334eb3331318b463785d734aa7a0bf8854f393c01cc1f0fd840d0.jpg,medium,0,0.0009630334679968655
944510fe14c3fb117b82bd52ba7c2cde6ab697b152a72a8aff4aade60e42dd93,data/datasets/openfake/additional-900/images/fake/944510fe14c3fb117b82bd52ba7c2cde6ab697b152a72a8aff4aade60e42dd93.png,medium,1,0.9864428043365479
94b494140f96a51362f2f2e603bcbd43a7208198f1c5f162d98fd6020f73ac4e,data/datasets/sid-set/candidate-1500/images/real/94b494140f96a51362f2f2e603bcbd43a7208198f1c5f162d98fd6020f73ac4e.jpg,medium,0,0.07409507036209106
94bb32d33cca2fcf17923743e0aa658640b6d815c651faf3b9750073adc58923,data/datasets/sid-set/candidate-1500/images/real/94bb32d33cca2fcf17923743e0aa658640b6d815c651faf3b9750073adc58923.jpg,medium,0,0.031801577657461166
94bbb2bf7d9fbb0e1ff77b55f8cf29108986795eaecbefb9beeb75a7bc9d22b2,data/datasets/sid-set/candidate-1500/images/real/94bbb2bf7d9fbb0e1ff77b55f8cf29108986795eaecbefb9beeb75a7bc9d22b2.jpg,medium,0,0.10075581073760986
94c00b3abc316b5c08895ef80d4fec83782cc6b445d754441727097cb3c433fa,data/datasets/RRDataset/selection_1500/sara/real/real_007277.jpg,medium,0,0.9560426473617554
94c4dbe3e28a4bfcc030e925b96a44cc22d4c6333267639ceb1f92cefc2efbee,data/datasets/openfake/additional-900/images/real/94c4dbe3e28a4bfcc030e925b96a44cc22d4c6333267639ceb1f92cefc2efbee.jpg,medium,0,0.7449733018875122
94cf25893ce19b4bc876372fe5fb38f9a989ca79be24d4aad83a71f1a4aee488,data/datasets/openfake/pilot-600/images/fake/94cf25893ce19b4bc876372fe5fb38f9a989ca79be24d4aad83a71f1a4aee488.png,medium,1,0.9714647531509399
94d118e1db14177f028b6fe2d579a31356174398fa5f517df49cb5ce68751308,data/datasets/sid-set/candidate-1500/images/real/94d118e1db14177f028b6fe2d579a31356174398fa5f517df49cb5ce68751308.jpg,medium,0,0.984133243560791
94d1ac876d3d5a4a8a76c5e9896415030f690686706b265b51cb69c26f09666f,data/datasets/openfake/additional-900/images/fake/94d1ac876d3d5a4a8a76c5e9896415030f690686706b265b51cb69c26f09666f.png,medium,1,0.7282518744468689
94d878bc780e521536f9a2b9067f3fc6bc53a4378d45c3f7217867fdf9aeebfe,data/datasets/openfake/additional-900/images/fake/94d878bc780e521536f9a2b9067f3fc6bc53a4378d45c3f7217867fdf9aeebfe.png,medium,1,0.9972744584083557
94e6069b3f631ab0f818891b09703d89e0bd7041bd1441bc3773c565e0c90b0b,data/datasets/sid-set/candidate-1500/images/fake/94e6069b3f631ab0f818891b09703d89e0bd7041bd1441bc3773c565e0c90b0b.png,medium,1,0.9066216945648193
9500acf31087a643675ae7129276cf8122004a7646f0579e91a679b7cbb4b282,data/datasets/sid-set/candidate-1500/images/real/9500acf31087a643675ae7129276cf8122004a7646f0579e91a679b7cbb4b282.jpg,medium,0,0.005146491341292858
95230accca3c1c9945a0c269733711e790479ec5310de83aa8178b622dc4f113,data/datasets/sid-set/candidate-1500/images/real/95230accca3c1c9945a0c269733711e790479ec5310de83aa8178b622dc4f113.jpg,medium,0,0.12970612943172455
952c5ea06cc977cdfb2a4887dc1e322c2fd706b4e114c12b39d3c60c258b9f92,data/datasets/openfake/pilot-600/images/real/952c5ea06cc977cdfb2a4887dc1e322c2fd706b4e114c12b39d3c60c258b9f92.jpg,medium,0,0.6246111989021301
953a3f83985da689117ee6fa2fbaa16e9c4f6b7c1a1ff7ae5988b354fc0862c5,data/datasets/sid-set/candidate-1500/images/fake/953a3f83985da689117ee6fa2fbaa16e9c4f6b7c1a1ff7ae5988b354fc0862c5.png,medium,1,0.8964776992797852
953e4a406c646642c4843d1e2bf42c4cb82c2307f131b4aaa9d838fab2984ee8,data/datasets/sid-set/candidate-1500/images/fake/953e4a406c646642c4843d1e2bf42c4cb82c2307f131b4aaa9d838fab2984ee8.png,medium,1,0.9821620583534241
956ccb7ecad497df0dc2e52afe758f8576a6a842ace64b55a13edacb4f37765e,data/datasets/sid-set/candidate-1500/images/real/956ccb7ecad497df0dc2e52afe758f8576a6a842ace64b55a13edacb4f37765e.jpg,medium,0,0.0046167317777872086
9573ecdab134858b16d49dff7430eb1b205d5f083003a810c8fbf0baa82c5831,data/datasets/openfake/additional-900/images/fake/9573ecdab134858b16d49dff7430eb1b205d5f083003a810c8fbf0baa82c5831.png,medium,1,0.7462376356124878
958ae99d7a4f84f145b9bb783e04d77505a724f66f331cdcc7a2b522b00012c7,data/datasets/RRDataset/selection_1500/sara/ai/Culture_&_Religion_000389.png,medium,1,0.9013585448265076
958d92953323a9ce8a445f154313eb1228ee9c0242023a42de6fd738efe1da30,data/datasets/RRDataset/selection_1500/sara/ai/Culture_&_Religion_000923.png,medium,1,0.9770871996879578
95b7d2b3df85a02c1c5ec4b6d3cd33f17a01207f3989d7c204d6485276f16ce2,data/datasets/openfake/pilot-600/images/real/95b7d2b3df85a02c1c5ec4b6d3cd33f17a01207f3989d7c204d6485276f16ce2.jpg,medium,0,0.07235337793827057
95bcc53f407dcae4d9f5fc29c32c164f1660fc2982cde89e5a15a779db3f9c86,data/datasets/RRDataset/selection_1500/lorenzo/ai/Political_&_Social_Events_000971.png,medium,1,0.9962573051452637
95e1eec2701911821dee35d753bc90cb4f4113db95edfa51e7c3af88d5307551,data/datasets/openfake/additional-900/images/real/95e1eec2701911821dee35d753bc90cb4f4113db95edfa51e7c3af88d5307551.jpg,medium,0,0.001914675929583609
960325a7058c872ef54f4ad763642da4185271c5794adf7bd489e6d6d4822ce7,data/datasets/RRDataset/selection_1500/giovanni/real/real_004714.jpg,medium,0,0.9687670469284058
9607be75271a83a5ee43a8d9e261b0bba2f7b0d991170b2cb4836b927849e80b,data/datasets/sid-set/candidate-1500/images/fake/9607be75271a83a5ee43a8d9e261b0bba2f7b0d991170b2cb4836b927849e80b.png,medium,1,0.9989230036735535
960b56c34bdde5a03c4d949772b4dc61f6f5a0ece9acc7a7463201447245212b,data/datasets/RRDataset/selection_1500/lorenzo/real/real_005585.jpg,medium,0,0.9658192992210388
960de94de580411e43ffa4ad820e393180864543015b4aeda9d575a5090bd7ca,data/datasets/RRDataset/selection_1500/sara/real/real_005351.jpg,medium,0,0.8859145641326904
966ddfeca437daf72cd1c84f9a3abc533e1ab64215827ccdc90d3b668bd2f2f8,data/datasets/RRDataset/selection_1500/lorenzo/real/real_007160.jpg,medium,0,0.9136825203895569
966ed5212355caa3eafa0ed9cd54f85d237d5f000bfd73c68626c5dcf591f0fd,data/datasets/RRDataset/selection_1500/giovanni/real/real_007467.jpg,medium,0,0.19220159947872162
9698512cff795b05cc0984b4f81bbd55b9589c802bd262784fb5701cd1c93373,data/datasets/RRDataset/selection_1500/lorenzo/ai/Political_&_Social_Events_000932.png,medium,1,0.9979397654533386
96a558053e39957dee48bc6310c30cd0126b640a6761068e91e98f7748083e7d,data/datasets/openfake/additional-900/images/real/96a558053e39957dee48bc6310c30cd0126b640a6761068e91e98f7748083e7d.jpg,medium,0,0.3191635310649872
96be50328512d31aa00ffbdc8845a43f069b40c1ee1afd2239415eba3b735fdd,data/datasets/RRDataset/selection_1500/sara/ai/production_000623.png,medium,1,0.9984506368637085
96f343fb64af446b91d96bf6de007e62ef3b673a03733fe3912f977d4930c95c,data/datasets/openfake/additional-900/images/fake/96f343fb64af446b91d96bf6de007e62ef3b673a03733fe3912f977d4930c95c.png,medium,1,0.26658129692077637
9705162c44a6c91e6cd3cd4731b33c5407c384817d35c2abdc3b31d8397fe059,data/datasets/openfake/pilot-600/images/real/9705162c44a6c91e6cd3cd4731b33c5407c384817d35c2abdc3b31d8397fe059.jpg,medium,0,0.10662916302680969
9706ff89f1d083b7096b818bb95e7ee2e61c5897bce05b21061b406b06d2cd09,data/datasets/RRDataset/selection_1500/lorenzo/real/real_006313.jpg,medium,0,0.8465237021446228
970d8d51a1e640d917d52d3630af0fa1aa907d8078df004609d97f550aff38d4,data/datasets/RRDataset/selection_1500/giovanni/real/real_005164.jpg,medium,0,0.11501512676477432
971d56475d53de8c1b3b2683eea1eeb2da72cfff718d8a73afeabbdfdfa1b8de,data/datasets/sid-set/candidate-1500/images/real/971d56475d53de8c1b3b2683eea1eeb2da72cfff718d8a73afeabbdfdfa1b8de.jpg,medium,0,0.6942044496536255
971e9d53debebe609b7e2f0628666a376a06f387c89e92b3feeeebb01012b6f1,data/datasets/sid-set/candidate-1500/images/fake/971e9d53debebe609b7e2f0628666a376a06f387c89e92b3feeeebb01012b6f1.png,medium,1,0.9922820925712585
973157008815b3c13751cdf80f7bb22472768e77509c6b5a2a0b76279c405aca,data/datasets/RRDataset/selection_1500/lorenzo/real/real_002255.jpg,medium,0,0.8852330446243286
976dc133b2a24eb028c0649679159044be3c37263bb8b9dc1a03e4bc44062614,data/datasets/RRDataset/selection_1500/sara/real/real_004235.jpg,medium,0,0.9972527623176575
97880207a828c05061182206be2d43e487b3c6c5ce3932bc61a7f6a6fd1d8fc2,data/datasets/openfake/additional-900/images/fake/97880207a828c05061182206be2d43e487b3c6c5ce3932bc61a7f6a6fd1d8fc2.png,medium,1,0.4441996216773987
979f8ac3ed0b2b00a0dfe6ece073f31223b0b87bb57171d91f301aabb823e4c2,data/datasets/sid-set/candidate-1500/images/fake/979f8ac3ed0b2b00a0dfe6ece073f31223b0b87bb57171d91f301aabb823e4c2.png,medium,1,0.9923473596572876
97a1e9d63ddb1197f180ca170950ce53ed2aa178298fde797a67759a81c0e0ad,data/datasets/sid-set/candidate-1500/images/fake/97a1e9d63ddb1197f180ca170950ce53ed2aa178298fde797a67759a81c0e0ad.png,medium,1,0.9858681559562683
97b19adae87d35a46634498f71e36430fc5b9aede73a39e0ee8deff47c2cc17b,data/datasets/openfake/additional-900/images/fake/97b19adae87d35a46634498f71e36430fc5b9aede73a39e0ee8deff47c2cc17b.png,medium,1,0.9712356328964233
97ced8342eb06fe47ae9cbe6041251a78e452da19336f8608d5b28bc6a7fcb11,data/datasets/RRDataset/selection_1500/sara/ai/Natural_Disasters_&_Accidents_000853.png,medium,1,0.8718598484992981
97fcad9be441462a1444eed808d4a42d6d9614e6b7b54ec0280bde75db40cc9b,data/datasets/openfake/additional-900/images/fake/97fcad9be441462a1444eed808d4a42d6d9614e6b7b54ec0280bde75db40cc9b.png,medium,1,0.39635950326919556
985c84c8f9db0571c78e3c3f73f80ad6b50060cb15edc59af1282d19eeb975da,data/datasets/sid-set/candidate-1500/images/fake/985c84c8f9db0571c78e3c3f73f80ad6b50060cb15edc59af1282d19eeb975da.png,medium,1,0.984183132648468
986e86e24270819058fdb57748d6fbada5e360ba9ed7845b718321d0618f8098,data/datasets/openfake/pilot-600/images/real/986e86e24270819058fdb57748d6fbada5e360ba9ed7845b718321d0618f8098.jpg,medium,0,0.014075507409870625
98ad010b4d4c14a13b7e4da630182712a83fc3c1bddc76768eecf6d6169453af,data/datasets/sid-set/candidate-1500/images/fake/98ad010b4d4c14a13b7e4da630182712a83fc3c1bddc76768eecf6d6169453af.png,medium,1,0.9817488193511963
98b6594496dd825a8beadb6a5df34f66cae442e5e415fa3b711fc6ee65ac8e93,data/datasets/sid-set/candidate-1500/images/real/98b6594496dd825a8beadb6a5df34f66cae442e5e415fa3b711fc6ee65ac8e93.jpg,medium,0,0.34758976101875305
98ba608a2cb3adf6cfcb6e445b1dab49d29a0251df048977b610d1283bd27b77,data/datasets/openfake/pilot-600/images/fake/98ba608a2cb3adf6cfcb6e445b1dab49d29a0251df048977b610d1283bd27b77.jpg,medium,1,0.934565007686615
98da6a17e4c20c88bfd0c09251adfb926f3027f36840d16981c120d7317cc6cb,data/datasets/sid-set/candidate-1500/images/fake/98da6a17e4c20c88bfd0c09251adfb926f3027f36840d16981c120d7317cc6cb.png,medium,1,0.9726937413215637
98ecd534a74274236b988e91bd48d3cf3848d41a36b5a40a0e604975eda4a51f,data/datasets/RRDataset/selection_1500/lorenzo/ai/Political_&_Social_Events_000109.png,medium,1,0.4900703728199005
98f8fc479ec627a43d0f2321474995d50f04cbefa2007e93ffb22e072c6e7bb9,data/datasets/openfake/additional-900/images/fake/98f8fc479ec627a43d0f2321474995d50f04cbefa2007e93ffb22e072c6e7bb9.png,medium,1,0.7394639253616333
990f14c836f9f033b00d7839a45005e269bed9cebe048e26c2851b56d5a21c45,data/datasets/sid-set/candidate-1500/images/fake/990f14c836f9f033b00d7839a45005e269bed9cebe048e26c2851b56d5a21c45.png,medium,1,0.9894272685050964
9925b9aac07eecfbb345abcd7a8baa00cc710f1555af1462f34d9671aeb9c3be,data/datasets/RRDataset/selection_1500/sara/ai/Medical_&_Public_Health_000752.png,medium,1,0.8406962156295776
99408de741e90fbcde83d400118895734a5bc955277d6790609d1c131771205c,data/datasets/RRDataset/selection_1500/lorenzo/real/real_005969.jpg,medium,0,0.922944962978363
9986445cccea52327520c6b4507182ba228a4d405b95770ea84eb36442b9bad0,data/datasets/sid-set/candidate-1500/images/real/9986445cccea52327520c6b4507182ba228a4d405b95770ea84eb36442b9bad0.jpg,medium,0,0.2058153748512268
9992cb53a3131c2a2ed9d031cfa62204d808352a9b9c66fb2bd659de29db2c46,data/datasets/openfake/additional-900/images/fake/9992cb53a3131c2a2ed9d031cfa62204d808352a9b9c66fb2bd659de29db2c46.jpg,medium,1,0.5642249584197998
99a78cea6417dc24aa62d7faa24fcfafbf71e326dd1e4a0d1031cf8ec4762355,data/datasets/openfake/pilot-600/images/real/99a78cea6417dc24aa62d7faa24fcfafbf71e326dd1e4a0d1031cf8ec4762355.jpg,medium,0,0.026452185586094856
99ac536e683c6fa45de67615276990b3a3ada5ee6257fa584e3f3c1c31611820,data/datasets/openfake/additional-900/images/fake/99ac536e683c6fa45de67615276990b3a3ada5ee6257fa584e3f3c1c31611820.png,medium,1,0.6939816474914551
99acd5936bfb4028d4ac810ca1c01dd5becd51466c6be237c588a3f763b13ee3,data/datasets/RRDataset/selection_1500/lorenzo/ai/Culture_&_Religion_000643.png,medium,1,0.9907790422439575
99ae7a66ebf585cef8203536c8c606eca6e9c9bc159cffefce0d0029dd0237fa,data/datasets/RRDataset/selection_1500/lorenzo/ai/production_000062.png,medium,1,0.9156757593154907
99c061240c406a7162bf4db87086b0dee01ff52f0b4a9671e8b9964b7ecc3d81,data/datasets/sid-set/candidate-1500/images/real/99c061240c406a7162bf4db87086b0dee01ff52f0b4a9671e8b9964b7ecc3d81.jpg,medium,0,0.015780910849571228
99c8994eb8fd6e2f55480d942f6fd79c2332494cbf7217578e2c0dd6ea895b56,data/datasets/openfake/pilot-600/images/real/99c8994eb8fd6e2f55480d942f6fd79c2332494cbf7217578e2c0dd6ea895b56.jpg,medium,0,0.24923236668109894
99e8be5a954f1c5fea13c5f9cf3a249b7eddaa196055f32534c6b0c3de87df8e,data/datasets/RRDataset/selection_1500/lorenzo/ai/production_000378.png,medium,1,0.9959642887115479
9a24202cfae405b57daadfead4da7736534d1af4126a0d6c73e1be6a4aa5480b,data/datasets/openfake/additional-900/images/fake/9a24202cfae405b57daadfead4da7736534d1af4126a0d6c73e1be6a4aa5480b.png,medium,1,0.3838844895362854
9a3a7b82353dcd03ae467fa7beb4e41b0da82a8b89cd688e6823596aa5115816,data/datasets/openfake/additional-900/images/real/9a3a7b82353dcd03ae467fa7beb4e41b0da82a8b89cd688e6823596aa5115816.jpg,medium,0,0.8739068508148193
9a3f1005808b6c868311db28a561a7ca1ddd12cf164eaa3996166a0d896697e8,data/datasets/openfake/additional-900/images/real/9a3f1005808b6c868311db28a561a7ca1ddd12cf164eaa3996166a0d896697e8.jpg,medium,0,0.20046809315681458
9a417fde328282f9e2624d47686cb87dda0595b529655718fefd8faf6953b356,data/datasets/RRDataset/selection_1500/lorenzo/real/real_006582.jpg,medium,0,0.9404519200325012
9a4a7a772880fd5ea0225e4fc042a63c9f8c916779bf1ae26c2bff76bbded70c,data/datasets/RRDataset/selection_1500/sara/ai/normal_006737.jpg,medium,1,0.5322107076644897
9a76da226e9ed6bae8f9d584593021a84f5f92c6df59b2551762dee77fbd594b,data/datasets/RRDataset/selection_1500/sara/real/real_002087.jpg,medium,0,0.7795003652572632
9a930a0bd31ed0a9312e2a8821ba003d9540b29247fa535570a79876d4aa6bf4,data/datasets/RRDataset/selection_1500/lorenzo/ai/Medical_&_Public_Health_000072.png,medium,1,0.7107993364334106
9acdcc1abbec2ef66fa55ae84e37a2e307df84e33e078fd28044a4feaf48b9d3,data/datasets/RRDataset/selection_1500/lorenzo/ai/production_000350.png,medium,1,0.9816973805427551
9ad7b44a06740d6f4a70617820270de332716daea427282901902eff5a5e12ad,data/datasets/RRDataset/selection_1500/sara/real/real_006658.jpg,medium,0,0.9957324862480164
9ad8f73b4cebcf2d6b19b851240b5d9445909314a9263a2863012b358faf3b40,data/datasets/RRDataset/selection_1500/sara/real/real_005335.jpg,medium,0,0.9911892414093018
9adf0f2b5735bd5f8b7e41dc1aee984edc6746eb0971ae78f2a842ae038a55ee,data/datasets/openfake/additional-900/images/fake/9adf0f2b5735bd5f8b7e41dc1aee984edc6746eb0971ae78f2a842ae038a55ee.png,medium,1,0.9963304400444031
9b0737e9674eec8d08bcf12795db9b5f18329c2f33c15ab29e8287bbc19951b6,data/datasets/sid-set/candidate-1500/images/fake/9b0737e9674eec8d08bcf12795db9b5f18329c2f33c15ab29e8287bbc19951b6.png,medium,1,0.9752539396286011
9b0d52e5196dbb89a18908c41e9cd09c160a17a0b011437080b15dfe66de3007,data/datasets/openfake/pilot-600/images/fake/9b0d52e5196dbb89a18908c41e9cd09c160a17a0b011437080b15dfe66de3007.jpg,medium,1,0.9788985848426819
9b1110c760e94416dc5784878512e63a32d37a4feeaeb91f8bcf4d2164d1c42c,data/datasets/sid-set/candidate-1500/images/real/9b1110c760e94416dc5784878512e63a32d37a4feeaeb91f8bcf4d2164d1c42c.jpg,medium,0,0.023273425176739693
9b1413c1e9751d4c3b899f1af052e866eaa571a3e2e3e5aba8c273f0fd478496,data/datasets/openfake/additional-900/images/real/9b1413c1e9751d4c3b899f1af052e866eaa571a3e2e3e5aba8c273f0fd478496.jpg,medium,0,0.5201650261878967
9b247cb47b22be9882e769fca1aaed7ec1a7baa987bc96d90e8e4405dbedee91,data/datasets/openfake/pilot-600/images/real/9b247cb47b22be9882e769fca1aaed7ec1a7baa987bc96d90e8e4405dbedee91.jpg,medium,0,0.011638986878097057
9b339fff811bea2308be8dafa04a42bb50668d74a27c385fdc4fefbce0ff1ea2,data/datasets/RRDataset/selection_1500/giovanni/real/real_000305.jpg,medium,0,0.24009501934051514
9b4cd0907680975d5abf6963928e38fdfb44ccf81cf4588582587e941a7208c2,data/datasets/RRDataset/selection_1500/sara/real/real_002397.jpg,medium,0,0.9635816812515259
9b6361d82fe1f12556072048d7115bb2272a327fa7ebdbd11e34a482e3c592b8,data/datasets/openfake/additional-900/images/fake/9b6361d82fe1f12556072048d7115bb2272a327fa7ebdbd11e34a482e3c592b8.png,medium,1,0.9902966618537903
9b737a9c5189a61f7b157fab007d42f354c209717d3750786fdcf4b238880761,data/datasets/RRDataset/selection_1500/lorenzo/real/real_005975.jpg,medium,0,0.8410341143608093
9b9bfdb6464b0c6920554447ad3e40e4d5500c7a95e293f038fa12b881b03c50,data/datasets/openfake/pilot-600/images/real/9b9bfdb6464b0c6920554447ad3e40e4d5500c7a95e293f038fa12b881b03c50.jpg,medium,0,0.0017633824609220028
9ba7eed1ab1b771de829c671a5c53a8c9ddd4e715e709d3719cb30468c4a1a03,data/datasets/RRDataset/selection_1500/giovanni/ai/Medical_&_Public_Health_000927.png,medium,1,0.9892925024032593
9ba9b802eed2d7f31838b76cbd3e9662b1d6207e9031b92b37e544fb8d4d07e3,data/datasets/openfake/pilot-600/images/real/9ba9b802eed2d7f31838b76cbd3e9662b1d6207e9031b92b37e544fb8d4d07e3.jpg,medium,0,0.00011371351138222963
9bacf7dfc788642aeb54aba9a5c823a3670bcf1b0e44fc07597ca5d0fc2d4135,data/datasets/RRDataset/selection_1500/giovanni/ai/production_000122.png,medium,1,0.9836367964744568
9be3a8571bcdb565162cfe94bd65efbdad714d8fe2215482d431a0de9077fa0a,data/datasets/RRDataset/selection_1500/lorenzo/ai/Political_&_Social_Events_000995.png,medium,1,0.9954322576522827
9c063f46555aac031b736758fb6bbb9e47840d2473a64ece7a6e4d71c7f3948f,data/datasets/sid-set/candidate-1500/images/fake/9c063f46555aac031b736758fb6bbb9e47840d2473a64ece7a6e4d71c7f3948f.png,medium,1,0.9960941672325134
9c0cddb043bacccf5ae2884acc7ae92cf96a574e602f53dc42b66660f2586c41,data/datasets/openfake/additional-900/images/real/9c0cddb043bacccf5ae2884acc7ae92cf96a574e602f53dc42b66660f2586c41.jpg,medium,0,0.6098238229751587
9c183f44a3274757cd3557b00ed53066f02ca2a8dc3b8bc762e371671eb2de16,data/datasets/openfake/pilot-600/images/real/9c183f44a3274757cd3557b00ed53066f02ca2a8dc3b8bc762e371671eb2de16.jpg,medium,0,0.2746821641921997
9c2496ec15720ea414d0efac8cebaee1b1495c3f199a2c657ba187b5b36d2127,data/datasets/RRDataset/selection_1500/giovanni/real/real_002145.jpg,medium,0,0.1398789882659912
9c27170db171a4999b58edb97fd221d26c846c2e7545199d68ea9f7c2627ef4b,data/datasets/openfake/pilot-600/images/fake/9c27170db171a4999b58edb97fd221d26c846c2e7545199d68ea9f7c2627ef4b.png,medium,1,0.4076083302497864
9c2bd64bef5e73a249ecf01ae1ca447cacdf82f43204f8019b54f02e2812c5c9,data/datasets/RRDataset/selection_1500/sara/ai/Natural_Disasters_&_Accidents_000513.png,medium,1,0.9794974327087402
9c35189ae1c07b7723077bde41659b2ac1b7f69258c359b9d353ca82830d2d25,data/datasets/openfake/additional-900/images/fake/9c35189ae1c07b7723077bde41659b2ac1b7f69258c359b9d353ca82830d2d25.png,medium,1,0.9771084785461426
9c400453c24e6265d940a11ad1d04e8527cb28f99d23492400ad924e9b85d98d,data/datasets/RRDataset/selection_1500/sara/real/real_004888.jpg,medium,0,0.9628819227218628
9c441b155bacd95717e5ef9363b66f46123f18f59bc8d1384623493b285fd145,data/datasets/sid-set/candidate-1500/images/real/9c441b155bacd95717e5ef9363b66f46123f18f59bc8d1384623493b285fd145.jpg,medium,0,0.4790336489677429
9c4860e8b897f8fa7f9e56973ab2f0e5462db0ffa9b0d4a8d9186df5807e2848,data/datasets/RRDataset/selection_1500/sara/ai/Medical_&_Public_Health_000877.png,medium,1,0.9730808734893799
9c4cb17bbd8c72227ccecd0403e8c17d178f17227570268c4a925acd68af4756,data/datasets/sid-set/candidate-1500/images/fake/9c4cb17bbd8c72227ccecd0403e8c17d178f17227570268c4a925acd68af4756.png,medium,1,0.9859558343887329
9c4e177ebd9453f03f51f2e6446d3fa3f203eeb5b7731fb09e19c27fda9aa0a5,data/datasets/RRDataset/selection_1500/lorenzo/ai/War_&_Conflict_Scenes_000647.png,medium,1,0.9995303153991699
9c6a2c1d0698bb27366e9c142bbe49e6da93a59575df2b0d0f18734454480ddb,data/datasets/sid-set/candidate-1500/images/fake/9c6a2c1d0698bb27366e9c142bbe49e6da93a59575df2b0d0f18734454480ddb.png,medium,1,0.9798905849456787
9c6bb34960d426f44ba8f82e6588712edd9671ce36de68a0ef481c4971794fab,data/datasets/RRDataset/selection_1500/sara/ai/production_001000.png,medium,1,0.9989368319511414
9c732068881311debf381caec9e3b87505f54077219f48470f5c4bfb1bcd161d,data/datasets/sid-set/candidate-1500/images/real/9c732068881311debf381caec9e3b87505f54077219f48470f5c4bfb1bcd161d.jpg,medium,0,0.1333857625722885
9c77f20c5aae91e350345108a2b9ba2c16d32fbee01f2837af6944bd193777d3,data/datasets/RRDataset/selection_1500/sara/ai/production_000331.png,medium,1,0.9904352426528931
9c8d9bf84c125013351caa5e9946bebc8ae847fb6b61b50eef4cfb17928ce38f,data/datasets/sid-set/candidate-1500/images/real/9c8d9bf84c125013351caa5e9946bebc8ae847fb6b61b50eef4cfb17928ce38f.jpg,medium,0,0.21317842602729797
9c974147a30c419acecd2b4307805cbfcb327a5ea1b9e66f306d0d4d595cd633,data/datasets/openfake/additional-900/images/fake/9c974147a30c419acecd2b4307805cbfcb327a5ea1b9e66f306d0d4d595cd633.png,medium,1,0.6646779775619507
9cf9d287e4404c5b32d137c7e2cd6bacdbeed4b41be1bd3164ffefd7cc9437c2,data/datasets/sid-set/candidate-1500/images/fake/9cf9d287e4404c5b32d137c7e2cd6bacdbeed4b41be1bd3164ffefd7cc9437c2.png,medium,1,0.9788286089897156
9d0c8ad7f5c2987905174b65cabe46cfe275f0500e6865013a89b1c3d9268edf,data/datasets/sid-set/candidate-1500/images/real/9d0c8ad7f5c2987905174b65cabe46cfe275f0500e6865013a89b1c3d9268edf.jpg,medium,0,0.1045985072851181
9d0d6fa16cfed129b60c0914aeeb0afcd16a3a1c73fc16e3b30e6134b5dab1c1,data/datasets/RRDataset/selection_1500/lorenzo/real/real_002307.jpg,medium,0,0.8812465667724609
9d2473dd296ef81337410aa553a8ab300198da0880b9039709bcb1ef7afcce36,data/datasets/openfake/pilot-600/images/fake/9d2473dd296ef81337410aa553a8ab300198da0880b9039709bcb1ef7afcce36.png,medium,1,0.8909503817558289
9d334b7d22c0839f345c1d25a34db8556d0c4cb877f6b4c485f4c17bef597d56,data/datasets/RRDataset/selection_1500/giovanni/ai/production_000990.png,medium,1,0.9979434609413147
9d407ea31ea1143ca788518c66333189c87ff7d194105092dcd8029c2f44bf80,data/datasets/RRDataset/selection_1500/sara/ai/Medical_&_Public_Health_000785.png,medium,1,0.9917928576469421
9d4160124607cffffc1435c4a186cf53246318a63d6decba2304df84334a3a0f,data/datasets/sid-set/candidate-1500/images/real/9d4160124607cffffc1435c4a186cf53246318a63d6decba2304df84334a3a0f.jpg,medium,0,0.9569472074508667
9d42319e36aea664746daa1c178936e1198e0cdaa55fbf7dc307ba1f56fa19fa,data/datasets/RRDataset/selection_1500/giovanni/ai/Medical_&_Public_Health_000322.png,medium,1,0.9665483236312866
9d45fdd714443d5ad928667c6f0e9a1eced51a19efeb85d805101e80731d3d16,data/datasets/RRDataset/selection_1500/giovanni/real/real_003434.jpg,medium,0,0.8264650106430054
9d4968614dae077c14fa0960724f587e4c67e1f05e35dfeb66bd50c5828ec447,data/datasets/RRDataset/selection_1500/lorenzo/real/real_005978.jpg,medium,0,0.967677652835846
9d7f0f3794d165ed74895c9f0dc2e4e6e5415e99fc563c493c907020f59cdbb2,data/datasets/sid-set/candidate-1500/images/fake/9d7f0f3794d165ed74895c9f0dc2e4e6e5415e99fc563c493c907020f59cdbb2.png,medium,1,0.9620150923728943
9d8f51ba4f57cf282154a37f36011068723e5e33bd9cdd4705f08dca721d0fc4,data/datasets/RRDataset/selection_1500/lorenzo/real/real_002800.jpg,medium,0,0.5990095734596252
9db093c2e55dc12b91a61ad3d217c1c2b8bed609b731160420cba0c7b2c3d96c,data/datasets/openfake/additional-900/images/real/9db093c2e55dc12b91a61ad3d217c1c2b8bed609b731160420cba0c7b2c3d96c.jpg,medium,0,0.00977062527090311
9dcd612254d658e451be275c4f15236ea725e8eb8ce4290d84b075a228c25f64,data/datasets/sid-set/candidate-1500/images/fake/9dcd612254d658e451be275c4f15236ea725e8eb8ce4290d84b075a228c25f64.png,medium,1,0.9988859295845032
9dde535b3a4c710b6cd98242d1a2f5f200f4e72146abadf0175abfa549370025,data/datasets/sid-set/candidate-1500/images/real/9dde535b3a4c710b6cd98242d1a2f5f200f4e72146abadf0175abfa549370025.jpg,medium,0,0.8592326641082764
9deaa756fe999c03ac6e38a399b0b74551203b90ca6c91085422afd46fdb5848,data/datasets/openfake/additional-900/images/real/9deaa756fe999c03ac6e38a399b0b74551203b90ca6c91085422afd46fdb5848.jpg,medium,0,0.24586984515190125
9df41bc836c49970cba9f238aa82c0518f31d6afcf85b94b45c9811dade3a2cc,data/datasets/sid-set/candidate-1500/images/real/9df41bc836c49970cba9f238aa82c0518f31d6afcf85b94b45c9811dade3a2cc.jpg,medium,0,0.7749491333961487
9df50f4e2974674061be19c1c650f48855c09cf91eeae2478547ac9aab89ce34,data/datasets/sid-set/candidate-1500/images/real/9df50f4e2974674061be19c1c650f48855c09cf91eeae2478547ac9aab89ce34.jpg,medium,0,0.6022244095802307
9e0bae0c6ffd84c243884af24ea4192c5ae579c26a6ebc56aedab6a3ef44dd87,data/datasets/sid-set/candidate-1500/images/real/9e0bae0c6ffd84c243884af24ea4192c5ae579c26a6ebc56aedab6a3ef44dd87.jpg,medium,0,0.07923565059900284
9e2cfe823e06b91cce174a57f1d22adcb448e3aebad6e6fc17a5785afc1fab28,data/datasets/openfake/pilot-600/images/real/9e2cfe823e06b91cce174a57f1d22adcb448e3aebad6e6fc17a5785afc1fab28.jpg,medium,0,0.5899873971939087
9e43e2dba505c8e014acf23f237f8aadd6186e217574ffee454e535e80e8b391,data/datasets/RRDataset/selection_1500/sara/real/real_002103.jpg,medium,0,0.16696247458457947
9e4e666b8630197a7736fca5e50c9fab8cbee809426f3013a416be60209631ab,data/datasets/sid-set/candidate-1500/images/real/9e4e666b8630197a7736fca5e50c9fab8cbee809426f3013a416be60209631ab.jpg,medium,0,0.10365845263004303
9e6cfcaae10e054dc0133a2d5a16eade1d14e11ab42ee6875b956f26cd537645,data/datasets/RRDataset/selection_1500/giovanni/ai/Culture_&_Religion_000810.png,medium,1,0.970893919467926
9ea14f3807b50bd3c2addf836be92e8f185ea5aabf842bb363405a5cdf3deb43,data/datasets/openfake/additional-900/images/real/9ea14f3807b50bd3c2addf836be92e8f185ea5aabf842bb363405a5cdf3deb43.jpg,medium,0,0.8089066743850708
9ea7b8d128a6a8b964166b058afbf7b54b69e8c045e6302e975bdfc24eef69fd,data/datasets/sid-set/candidate-1500/images/fake/9ea7b8d128a6a8b964166b058afbf7b54b69e8c045e6302e975bdfc24eef69fd.png,medium,1,0.9605793952941895
9ec38e6d708ab17bf4bb77a7363bef5b7b2905d827f6d6d7ded69b1083ecb5eb,data/datasets/RRDataset/selection_1500/giovanni/ai/normal_007660.png,medium,1,0.9363707900047302
9ec8f11f7fa7caf79be1e88dcc6df4034ee8c3d677ee2ed5a8704afcc58817a2,data/datasets/RRDataset/selection_1500/giovanni/real/real_005842.jpg,medium,0,0.9851813316345215
9f4bcddc09cc9741e68ce8a8c6fcd5133c54672a934d08049c0f3b35f43df756,data/datasets/sid-set/candidate-1500/images/real/9f4bcddc09cc9741e68ce8a8c6fcd5133c54672a934d08049c0f3b35f43df756.jpg,medium,0,0.13970313966274261
9f97c23cac859e8a9ac23cc057fb145259c50dcfd4d4b77c5ec6fbffe0343429,data/datasets/openfake/pilot-600/images/real/9f97c23cac859e8a9ac23cc057fb145259c50dcfd4d4b77c5ec6fbffe0343429.jpg,medium,0,6.084013875806704e-05
9f97ccc65619a780390e7f128b620910e083a9b0c02efedf1975161f3bd80272,data/datasets/RRDataset/selection_1500/giovanni/ai/production_000453.png,medium,1,0.9815969467163086
9fafbf5fa198a104c985c10441ab7b05b4a5c7f1e4a6e57b546e684b05433aa9,data/datasets/RRDataset/selection_1500/lorenzo/ai/Natural_Disasters_&_Accidents_000019.png,medium,1,0.9612632393836975
9fbaefdd979e9625613354d8cabb4ba8b733bcd4f91bc1f3e579b23d1ae0dfb7,data/datasets/RRDataset/selection_1500/giovanni/real/real_005591.jpg,medium,0,0.8657159209251404
9fdc9907db7a1ee239cf8c1e8fd1db6dbc4fee908398eb7dd9de000c753c37f1,data/datasets/sid-set/candidate-1500/images/real/9fdc9907db7a1ee239cf8c1e8fd1db6dbc4fee908398eb7dd9de000c753c37f1.jpg,medium,0,0.04938220977783203
9fe32fdc3e3c34e5873d548c537d98eab28f0dad430766536afee65c793585f8,data/datasets/openfake/pilot-600/images/fake/9fe32fdc3e3c34e5873d548c537d98eab28f0dad430766536afee65c793585f8.png,medium,1,0.49841034412384033
9fff46ab29a82ac3f9b25f807dc34b926d191230ceb5392870ac0445481c8efb,data/datasets/RRDataset/selection_1500/sara/ai/Medical_&_Public_Health_000644.png,medium,1,0.8365098834037781
a001fd9231632618d32114c51a658d280d1240ee561610b1eef5f9a52418efd8,data/datasets/RRDataset/selection_1500/sara/ai/War_&_Conflict_Scenes_000880.png,medium,1,0.9931835532188416
a007e6bff7034a15aa0c94380ec0ede19046bd5149bc4eabf83acc12c431e8bf,data/datasets/RRDataset/selection_1500/lorenzo/ai/production_000225.png,medium,1,0.9287461638450623
a008ef2dc30d1f000cd9abddb466cf274ef045409466c49f985d11eb7cf9e7f2,data/datasets/RRDataset/selection_1500/sara/real/real_007169.jpg,medium,0,0.9745927453041077
a00b340a492d7e2611cc39eab0cb6411a4b163490975125651e1bedf0eb84f0c,data/datasets/sid-set/candidate-1500/images/real/a00b340a492d7e2611cc39eab0cb6411a4b163490975125651e1bedf0eb84f0c.jpg,medium,0,0.16454873979091644
a011ca0531302944873f8351bbce41180bc950f38a6c36198b4d25252d4db896,data/datasets/openfake/additional-900/images/fake/a011ca0531302944873f8351bbce41180bc950f38a6c36198b4d25252d4db896.png,medium,1,0.9888461232185364
a0180026629dae545fb8518ba0773e00becf8070fd95625f55cc524faeae0df5,data/datasets/RRDataset/selection_1500/sara/ai/War_&_Conflict_Scenes_000638.png,medium,1,0.9491891264915466
a03da41bab0ddfc6649181191a85c0d392830bcc9fda840194acb6a45a10de19,data/datasets/openfake/pilot-600/images/fake/a03da41bab0ddfc6649181191a85c0d392830bcc9fda840194acb6a45a10de19.png,medium,1,0.8443341255187988
a04be6505115f4e074869acfcf4d1107a9cc99e981bada2949371ed7846c3704,data/datasets/sid-set/candidate-1500/images/fake/a04be6505115f4e074869acfcf4d1107a9cc99e981bada2949371ed7846c3704.png,medium,1,0.8893514275550842
a04ecb0cb349bfad11d0dcd311a2ff8fdcc1a201678b54b382c7ef2103536ee3,data/datasets/RRDataset/selection_1500/sara/real/real_003079.jpg,medium,0,0.03507041558623314
a06aeebaf65d206b3596460830fd99e864e954dfbe105e546e83c77238fdffa8,data/datasets/sid-set/candidate-1500/images/real/a06aeebaf65d206b3596460830fd99e864e954dfbe105e546e83c77238fdffa8.jpg,medium,0,0.48231950402259827
a0afac405d22bb01e4b9a0ee0a5e590a0df99857fc602ec1174b24ba5a5427c5,data/datasets/RRDataset/selection_1500/lorenzo/ai/Culture_&_Religion_000108.png,medium,1,0.8972497582435608
a0b2e9a60b87b8b09ed643dd8c21814f45f73aec095f72f88cad0e338077d0c4,data/datasets/openfake/additional-900/images/fake/a0b2e9a60b87b8b09ed643dd8c21814f45f73aec095f72f88cad0e338077d0c4.png,medium,1,0.9374642372131348
a0c2db345ed24dfa10fcb5d346253f9009061013083d00b8b06a0180f193187b,data/datasets/sid-set/candidate-1500/images/real/a0c2db345ed24dfa10fcb5d346253f9009061013083d00b8b06a0180f193187b.jpg,medium,0,0.00023717079602647573
a0d2b7425218605cd0b629ce1984019f4bbfd97e58ffde8eef4d1183e01a8ae7,data/datasets/sid-set/candidate-1500/images/fake/a0d2b7425218605cd0b629ce1984019f4bbfd97e58ffde8eef4d1183e01a8ae7.png,medium,1,0.9919547438621521
a0ea4781b70a1a6b9b7496488e08ddd1a299ce581665e1a448da7c2358987622,data/datasets/RRDataset/selection_1500/sara/real/real_002108.jpg,medium,0,0.9152033925056458
a10e416e008b49ffdc3d436cdc92896d627c5b64fd99ab5bbf4cc59e04a2251e,data/datasets/sid-set/candidate-1500/images/fake/a10e416e008b49ffdc3d436cdc92896d627c5b64fd99ab5bbf4cc59e04a2251e.png,medium,1,0.9514518976211548
a12df7db17bbce52565068274cd57314e3a9b2214421c4ca9bb16868de954aa6,data/datasets/RRDataset/selection_1500/lorenzo/ai/production_000178.png,medium,1,0.978320837020874
a1548667bfac3eacf208d3e958698e70f151df7560bd82b7153a57ffa375a8be,data/datasets/RRDataset/selection_1500/sara/ai/Natural_Disasters_&_Accidents_000289.png,medium,1,0.9677061438560486
a15c8dd0c2389252b23eb28967ed600f3e95cce8cf8b8b3906ce06ab0a9319db,data/datasets/RRDataset/selection_1500/lorenzo/real/real_002052.jpg,medium,0,0.6959336996078491
a1795e5106690d3129aeb9501849bfcf26ce48980d92be6dd76dc2af60425c20,data/datasets/sid-set/candidate-1500/images/real/a1795e5106690d3129aeb9501849bfcf26ce48980d92be6dd76dc2af60425c20.jpg,medium,0,0.6650400161743164
a1860559fe75c8c80ac4db69a2b5eb470ce1860acf15aeea4bc4b8b0d2212107,data/datasets/openfake/additional-900/images/real/a1860559fe75c8c80ac4db69a2b5eb470ce1860acf15aeea4bc4b8b0d2212107.jpg,medium,0,0.6501717567443848
a1b8e42a32e818032b34662924ee01f0713efdd056e5ddea1e00a424b43d3145,data/datasets/RRDataset/selection_1500/sara/ai/Political_&_Social_Events_000554.png,medium,1,0.9981229901313782
a1bf7dd9f82cc35738bdd0fdd9be62df693f0a851b1d80d7c20a63921670988b,data/datasets/RRDataset/selection_1500/lorenzo/real/real_001132.jpg,medium,0,0.011961403302848339
a1c196021589074be4c3d7c1521343334ca04c422058c4747712943612ca58a4,data/datasets/openfake/additional-900/images/fake/a1c196021589074be4c3d7c1521343334ca04c422058c4747712943612ca58a4.png,medium,1,0.9985951781272888
a1f4f63efff9aaf30f5cf6af5c986815dd714543b7549c4ddfc900984235d3ad,data/datasets/RRDataset/selection_1500/giovanni/ai/War_&_Conflict_Scenes_000572.png,medium,1,0.7522635459899902
a204c1f740057ef704e666b2dfa5ea0811211c9f48fae9a14c3b71c1ec91d203,data/datasets/sid-set/candidate-1500/images/fake/a204c1f740057ef704e666b2dfa5ea0811211c9f48fae9a14c3b71c1ec91d203.png,medium,1,0.9880280494689941
a2068919ac054b2d5ca07f31abaa7d34316d4c0103296de9c5f636f263b60c17,data/datasets/openfake/pilot-600/images/fake/a2068919ac054b2d5ca07f31abaa7d34316d4c0103296de9c5f636f263b60c17.png,medium,1,0.820203959941864
a232797add332691a5943af9cf1f3389fa8b66758113b4ef925d9b7f0c1da3da,data/datasets/openfake/pilot-600/images/real/a232797add332691a5943af9cf1f3389fa8b66758113b4ef925d9b7f0c1da3da.jpg,medium,0,0.014096949249505997
a24002f8bc0c92108d006e0c3b8c1c7ca0891e2b3c8cf4ee3ee2ad3af20e2438,data/datasets/openfake/additional-900/images/fake/a24002f8bc0c92108d006e0c3b8c1c7ca0891e2b3c8cf4ee3ee2ad3af20e2438.png,medium,1,0.9971555471420288
a2433214d2aae8f17af43af92db1907811e50c980a24523664d9575f210cdcb0,data/datasets/RRDataset/selection_1500/sara/ai/Culture_&_Religion_000883.png,medium,1,0.9872352480888367
a2719ff2211ff896349270ebd154a99fe2c6d2a379271960058f92f0c259ed7a,data/datasets/RRDataset/selection_1500/giovanni/ai/Political_&_Social_Events_000077.png,medium,1,0.9508257508277893
a2781df96da8b59a866ad4459c8ae49ddb9730db7ddbb94420253221bae5cc1c,data/datasets/RRDataset/selection_1500/lorenzo/real/real_004402.jpg,medium,0,0.82622891664505
a27dd4cb0ebb3bcc6fbaa7d180649aba6d1b0b0e99e1581980802fb228dcddb1,data/datasets/RRDataset/selection_1500/lorenzo/ai/production_000525.png,medium,1,0.9993878602981567
a28d7fa709393e804abad05bc4c844a511bcbbe0428b8557657170ab40e3e873,data/datasets/sid-set/candidate-1500/images/real/a28d7fa709393e804abad05bc4c844a511bcbbe0428b8557657170ab40e3e873.jpg,medium,0,0.7029106020927429
a2aee5fa9596aeb98c12aa2c7f58cff6625d12e57ac1f07b3857e41d74c67412,data/datasets/RRDataset/selection_1500/giovanni/ai/Natural_Disasters_&_Accidents_000186.png,medium,1,0.920211136341095
a2aee8abda8796864a14211e37e6e00d1a318ebb0c2427d59894827d049acb04,data/datasets/openfake/additional-900/images/fake/a2aee8abda8796864a14211e37e6e00d1a318ebb0c2427d59894827d049acb04.png,medium,1,0.9888796806335449
a2c7603f7930ed3763a5a669e5bc540b291bedec59a7749fced8383f545d3abe,data/datasets/openfake/additional-900/images/real/a2c7603f7930ed3763a5a669e5bc540b291bedec59a7749fced8383f545d3abe.jpg,medium,0,1.895166133181192e-05
a2d6b66dab35bb1fc4d5755331f9948beffe9ab9511d895bcfab06b42f0b8760,data/datasets/sid-set/candidate-1500/images/real/a2d6b66dab35bb1fc4d5755331f9948beffe9ab9511d895bcfab06b42f0b8760.jpg,medium,0,0.6641764044761658
a2df70027902a05bf6a2260333cb23796db56ff66d095d440e7a0d78d2327e3b,data/datasets/openfake/pilot-600/images/real/a2df70027902a05bf6a2260333cb23796db56ff66d095d440e7a0d78d2327e3b.jpg,medium,0,0.9270965456962585
a30dbf1ff0aff6be6b77d354824d067721399d93ea030879b0d321ee4ab0d081,data/datasets/openfake/pilot-600/images/real/a30dbf1ff0aff6be6b77d354824d067721399d93ea030879b0d321ee4ab0d081.jpg,medium,0,0.23626917600631714
a30e54112556fd00846c892a583e5ce6586802f0c7a0150c0e21efadccb38cc4,data/datasets/openfake/additional-900/images/fake/a30e54112556fd00846c892a583e5ce6586802f0c7a0150c0e21efadccb38cc4.png,medium,1,0.4556056559085846
a328454eb311c9546c5a27ef40b3d5cd303565a58487421afbc47df1789efabe,data/datasets/sid-set/candidate-1500/images/real/a328454eb311c9546c5a27ef40b3d5cd303565a58487421afbc47df1789efabe.jpg,medium,0,0.005593090783804655
a32c6006337dad14fdbb9964a11846f940cf02b1367ff3627af2fb9e4ecc3452,data/datasets/sid-set/candidate-1500/images/real/a32c6006337dad14fdbb9964a11846f940cf02b1367ff3627af2fb9e4ecc3452.jpg,medium,0,0.16266554594039917
a34772eea57dc36be07304b32b0595998285bc0fe647ebfcda0a7994c629a600,data/datasets/openfake/additional-900/images/fake/a34772eea57dc36be07304b32b0595998285bc0fe647ebfcda0a7994c629a600.png,medium,1,0.9896005392074585
a35ec7631c74a033d4a216e239df8bdb0884055b17817cd451d12cfd131fe212,data/datasets/sid-set/candidate-1500/images/fake/a35ec7631c74a033d4a216e239df8bdb0884055b17817cd451d12cfd131fe212.png,medium,1,0.9885722398757935
a37649336fedd9a16a71181d7c78cf0ddf14934248486c08eb92c796554f584e,data/datasets/RRDataset/selection_1500/sara/real/real_003350.jpg,medium,0,0.6493025422096252
a37b31e1d2c79a56e53f0acbce59c6682adb02566e24bc22b6c27c5bcf8df0e8,data/datasets/sid-set/candidate-1500/images/real/a37b31e1d2c79a56e53f0acbce59c6682adb02566e24bc22b6c27c5bcf8df0e8.jpg,medium,0,0.5662455558776855
a39211c3481dd5213001bcfb63961dfd7605741af34237d6c6157671d35f088a,data/datasets/RRDataset/selection_1500/lorenzo/real/real_007340.jpg,medium,0,0.2846192419528961
a3945b578fd3c4fb7756daede652bfe6348817b72f7a20949253be43f9dddf76,data/datasets/openfake/pilot-600/images/fake/a3945b578fd3c4fb7756daede652bfe6348817b72f7a20949253be43f9dddf76.png,medium,1,0.4193154275417328
a3bbca22bae8f6b1738c81045c1cd2073ce4294fd6580a88c796f9f6b98dd395,data/datasets/openfake/additional-900/images/fake/a3bbca22bae8f6b1738c81045c1cd2073ce4294fd6580a88c796f9f6b98dd395.png,medium,1,0.9993579983711243
a413336015fe6f7f0fe66e394d67b4e432bebd363a7cba4d500ab6b463d3c8f7,data/datasets/sid-set/candidate-1500/images/real/a413336015fe6f7f0fe66e394d67b4e432bebd363a7cba4d500ab6b463d3c8f7.jpg,medium,0,0.6717155575752258
a41ac26a314970704cbc765646bbaa0fc08cede48ea5b57970be9a51869cd4a8,data/datasets/RRDataset/selection_1500/sara/real/real_005861.jpg,medium,0,0.06727266311645508
a425dc0f32f892551055a121435fc24fd49a3aa03122692088aa752e385269b7,data/datasets/RRDataset/selection_1500/lorenzo/real/real_001371.jpg,medium,0,0.9895427227020264
a42f808877939f32ed5bf4c00408cb11f1d068151cbd30c6f5cde3864bd69b14,data/datasets/openfake/additional-900/images/real/a42f808877939f32ed5bf4c00408cb11f1d068151cbd30c6f5cde3864bd69b14.jpg,medium,0,0.020418932661414146
a4567c3a09342eddc16bda7ecffe45d8f276c827b939bc886bbcd2b8aa584547,data/datasets/RRDataset/selection_1500/giovanni/ai/production_000838.png,medium,1,0.9944522976875305
a4930bcf2f8ebd665cf9518718eb798bf15a57774a1cedee49e285ae92015a12,data/datasets/RRDataset/selection_1500/lorenzo/ai/Medical_&_Public_Health_000691.png,medium,1,0.8466437458992004
a4ca213e0be259f02d5a3b45e536b07f0ff3c10571152be3b5b0bec30aeca021,data/datasets/RRDataset/selection_1500/sara/real/real_001959.jpg,medium,0,0.8205206990242004
a4cf876a17d94777e3428bd4227b55a702543ec5bd3b8cc845e29609ee079002,data/datasets/RRDataset/selection_1500/lorenzo/real/real_003245.jpg,medium,0,0.9798332452774048
a4dfc12cf486dcc3ae2f862a3200317391c42715845370737c64ad421cfa66ae,data/datasets/sid-set/candidate-1500/images/fake/a4dfc12cf486dcc3ae2f862a3200317391c42715845370737c64ad421cfa66ae.png,medium,1,0.9234713912010193
a54653d18d860f574bf25a7b6590db5617601f005620e2e1fd01f15d77fc80b4,data/datasets/openfake/pilot-600/images/real/a54653d18d860f574bf25a7b6590db5617601f005620e2e1fd01f15d77fc80b4.jpg,medium,0,0.0018749769078567624
a54b918632ebfa36fe3aa032325a7aa18da9eb442bf37b29dfed5746fdb25178,data/datasets/RRDataset/selection_1500/lorenzo/ai/Political_&_Social_Events_000228.png,medium,1,0.9956119060516357
a54c3c60bbd22f760b376280ad4b0b093966ac7f27f5f60c707d99020ea3d81c,data/datasets/openfake/pilot-600/images/real/a54c3c60bbd22f760b376280ad4b0b093966ac7f27f5f60c707d99020ea3d81c.jpg,medium,0,0.004020331427454948
a568ad1b69441665a8e7b5eb3e1138145264d45530aaced2ad81b0513d02fcc7,data/datasets/RRDataset/selection_1500/sara/real/real_002758.jpg,medium,0,0.3952772915363312
a56b316efe35d7202f360488bfcb289010b1a5ef56b9438c96f87dea37c9de45,data/datasets/openfake/additional-900/images/fake/a56b316efe35d7202f360488bfcb289010b1a5ef56b9438c96f87dea37c9de45.png,medium,1,0.691596269607544
a56dda3f2c41c55ac80e9f9ce0172321f207e56896e1a5861d219e68ec6574d1,data/datasets/openfake/additional-900/images/fake/a56dda3f2c41c55ac80e9f9ce0172321f207e56896e1a5861d219e68ec6574d1.png,medium,1,0.9771358966827393
a575d940bbc7717532296d40aeba3fc3b84afbfa6c99545461929ebf46b493a7,data/datasets/sid-set/candidate-1500/images/fake/a575d940bbc7717532296d40aeba3fc3b84afbfa6c99545461929ebf46b493a7.png,medium,1,0.41371363401412964
a583f7d090df7d96eece1c366993b7fab2710e1e4fb13f91d843ff53fd9bb764,data/datasets/sid-set/candidate-1500/images/fake/a583f7d090df7d96eece1c366993b7fab2710e1e4fb13f91d843ff53fd9bb764.png,medium,1,0.9955116510391235
a584e03d68e5096602b76577a0974ab8af435e7fdd3a13ec9acbef9c50563960,data/datasets/sid-set/candidate-1500/images/fake/a584e03d68e5096602b76577a0974ab8af435e7fdd3a13ec9acbef9c50563960.png,medium,1,0.9987998008728027
a5872be9b14695349f713645b04755400bde9490e001a3becdc057ab44e0f217,data/datasets/RRDataset/selection_1500/giovanni/ai/production_000828.png,medium,1,0.9985999464988708
a58cd4d42e9a3f2ed63c083b0e12ad0aaf501821d46393fe6a1cb981ead82361,data/datasets/openfake/pilot-600/images/real/a58cd4d42e9a3f2ed63c083b0e12ad0aaf501821d46393fe6a1cb981ead82361.jpg,medium,0,0.29115864634513855
a590a0d5e98e886fbf1daa2ce4de18c2aeafd0ae24c8b4a4cbd02d2d3977b80c,data/datasets/openfake/additional-900/images/real/a590a0d5e98e886fbf1daa2ce4de18c2aeafd0ae24c8b4a4cbd02d2d3977b80c.jpg,medium,0,0.00021844003640580922
a5ab23851bd0ef445f3b14709099d9aed893b458039a34776af433bdb61c5cd3,data/datasets/openfake/additional-900/images/fake/a5ab23851bd0ef445f3b14709099d9aed893b458039a34776af433bdb61c5cd3.jpg,medium,1,0.03626611828804016
a5d2b70ef0450a6265a5114e8bdcf50a0fd30a1882a769098a927c81e41fe04f,data/datasets/RRDataset/selection_1500/lorenzo/ai/Natural_Disasters_&_Accidents_000165.png,medium,1,0.9851709008216858
a5f7847a6a5f8552cd87257d757f94db8cde76b58556f1b211db4c936b80285c,data/datasets/RRDataset/selection_1500/sara/ai/Natural_Disasters_&_Accidents_000236.png,medium,1,0.9645678400993347
a62e5b2c5bd39f3184b596e644ccb891add30206de2a55161233113c1d97d4c7,data/datasets/openfake/pilot-600/images/real/a62e5b2c5bd39f3184b596e644ccb891add30206de2a55161233113c1d97d4c7.jpg,medium,0,0.02010657638311386
a63b3fa6bf944079aa8e809f15447f43fd7ba0303593c81fc5653bcdf5455842,data/datasets/sid-set/candidate-1500/images/real/a63b3fa6bf944079aa8e809f15447f43fd7ba0303593c81fc5653bcdf5455842.jpg,medium,0,0.03825528919696808
a644353320ccebfe735ca7507dcfe5399a644339803846cfed85a13af39009bb,data/datasets/openfake/pilot-600/images/real/a644353320ccebfe735ca7507dcfe5399a644339803846cfed85a13af39009bb.jpg,medium,0,0.0029591417405754328
a650c7e987b5a6222dd18253180897318ff73fe752e6c38a986e58c42370be0a,data/datasets/RRDataset/selection_1500/giovanni/real/real_003376.jpg,medium,0,0.8789286017417908
a6607bb83a26fb86d2cd4628b3ae873844466ee4144e89454039047feefa684c,data/datasets/sid-set/candidate-1500/images/real/a6607bb83a26fb86d2cd4628b3ae873844466ee4144e89454039047feefa684c.jpg,medium,0,0.0006145996158011258
a67c15d7540e16b631c3e0de79dc8a050a1168cb23cccefac2928ae05d1ab870,data/datasets/RRDataset/selection_1500/sara/ai/Political_&_Social_Events_000414.png,medium,1,0.9236743450164795
a68a6cc3bce273a0f2743c7b8704ee5e18954b23df2c1eaeace9a4387009ae8a,data/datasets/RRDataset/selection_1500/giovanni/real/real_005592.jpg,medium,0,0.9489023685455322
a68da55ffe02afda500b5695d3a3a4ffd9e4f304dca4fb5679b52f36ae320618,data/datasets/openfake/additional-900/images/fake/a68da55ffe02afda500b5695d3a3a4ffd9e4f304dca4fb5679b52f36ae320618.png,medium,1,0.47899916768074036
a6993b845a8b79a61a22cf5dbe57a9142ca5fb863f6d24525845f9923ea0bd4f,data/datasets/RRDataset/selection_1500/giovanni/real/real_004853.jpg,medium,0,0.5461710691452026
a69f21d1d9d7e2778833d7f98370a2984cd55ed9d6e6a3445f28411f8977c3f8,data/datasets/sid-set/candidate-1500/images/fake/a69f21d1d9d7e2778833d7f98370a2984cd55ed9d6e6a3445f28411f8977c3f8.png,medium,1,0.8766860365867615
a6ae0e37dd46d7d46d8a44716e24379e158d46ba05ec21b2ac5c54e1c4d6dd33,data/datasets/sid-set/candidate-1500/images/real/a6ae0e37dd46d7d46d8a44716e24379e158d46ba05ec21b2ac5c54e1c4d6dd33.jpg,medium,0,0.2929193377494812
a6dfe42179857c5936b2db20ce3450e565db999581f181fc5ae5286ead8f9d55,data/datasets/openfake/additional-900/images/real/a6dfe42179857c5936b2db20ce3450e565db999581f181fc5ae5286ead8f9d55.jpg,medium,0,0.00048820607480593026
a6e54eb185008b4029beab7aee0df9ab20c2ea966c19c2d75c4d6c663e6518fe,data/datasets/RRDataset/selection_1500/giovanni/real/real_006101.jpg,medium,0,0.6047558188438416
a6f10e80a0cd57201b0443d5ac84da8d4e7d8f7b1c42fa78c1eee66b3551fc29,data/datasets/RRDataset/selection_1500/giovanni/real/real_000285.jpg,medium,0,0.9636337161064148
a700b20162e022a552f81c5d13a29d34a74dc06c1801b044bf43304f348afa2b,data/datasets/openfake/additional-900/images/real/a700b20162e022a552f81c5d13a29d34a74dc06c1801b044bf43304f348afa2b.jpg,medium,0,0.4161330759525299
a743d4415bb34e9a8a06dbb1233679200689b86f0a0f7c11f4164c8e4f346a8e,data/datasets/RRDataset/selection_1500/sara/ai/Culture_&_Religion_000396.png,medium,1,0.9806982278823853
a74d4bdefa25374f4aa912aa8d1fbeedeca2fb0f23b473bb3d51275b64126dca,data/datasets/RRDataset/selection_1500/sara/ai/Culture_&_Religion_000910.png,medium,1,0.9965453743934631
a750914ee731fc6ce31ece52b100d02bf89d4ff52a8100b9b5513bf947fffabf,data/datasets/sid-set/candidate-1500/images/real/a750914ee731fc6ce31ece52b100d02bf89d4ff52a8100b9b5513bf947fffabf.jpg,medium,0,0.0011054612696170807
a7a1244583e789dfb4fedf56adfb1375791c9ed2addfb02125177de534c38c6a,data/datasets/openfake/additional-900/images/fake/a7a1244583e789dfb4fedf56adfb1375791c9ed2addfb02125177de534c38c6a.png,medium,1,0.8190109133720398
a7db1c24aa919036c2114334e8349474e351abd6513ea487f0fb31eacf74d4b0,data/datasets/RRDataset/selection_1500/sara/real/real_003370.jpg,medium,0,0.8351758122444153
a7dc4245f58f037e5828ac86a102fe04b35a00d252693025736161581157980d,data/datasets/sid-set/candidate-1500/images/fake/a7dc4245f58f037e5828ac86a102fe04b35a00d252693025736161581157980d.png,medium,1,0.9337989091873169
a7ea2af2b1d77c143132a975f1bc30c504c56288f95efd58a9e982162890b222,data/datasets/RRDataset/selection_1500/giovanni/real/real_007294.jpg,medium,0,0.9830121397972107
a7ea814b8b418096b50c8ae8a72450ffca38df4f43e703d2a6bc06acb6fb2c1b,data/datasets/RRDataset/selection_1500/lorenzo/ai/normal_009046.png,medium,1,0.8928865194320679
a7f0ffe61c5beccef27634e4764d881496417ce29712969925336cdc4e47a7f6,data/datasets/openfake/additional-900/images/real/a7f0ffe61c5beccef27634e4764d881496417ce29712969925336cdc4e47a7f6.jpg,medium,0,0.006654041353613138
a8224a388d6dcb80ba0799d36a1fd0dbc23c0daeaceb85b1291e7ea705c99a3c,data/datasets/RRDataset/selection_1500/sara/real/real_007650.jpg,medium,0,0.6639150977134705
a826f9bb379062476432f794209c788ce5d8063f5f760fd6d5c44ac3fb0a9654,data/datasets/sid-set/candidate-1500/images/real/a826f9bb379062476432f794209c788ce5d8063f5f760fd6d5c44ac3fb0a9654.jpg,medium,0,0.8135059475898743
a82dbf7d053f6ecf686ebc314de423e69efc2d7206d38f738a85aeb99d61a082,data/datasets/sid-set/candidate-1500/images/fake/a82dbf7d053f6ecf686ebc314de423e69efc2d7206d38f738a85aeb99d61a082.png,medium,1,0.9259358048439026
a82fa4fdefb9a9b59a1936e6386cf32ec70d03c62f936cd1f63cee2d4663b5d6,data/datasets/RRDataset/selection_1500/lorenzo/real/real_005775.jpg,medium,0,0.2354978322982788
a84a51205a80d2e3231ffcc3424adc9af2da9a6a6a824ca6989e0ee13b132086,data/datasets/sid-set/candidate-1500/images/fake/a84a51205a80d2e3231ffcc3424adc9af2da9a6a6a824ca6989e0ee13b132086.png,medium,1,0.8377306461334229
a86ea11a62228bc0590587c786b83478a63a30fe30493a2c3c59a5f936cae9d1,data/datasets/RRDataset/selection_1500/giovanni/ai/Natural_Disasters_&_Accidents_000132.png,medium,1,0.9756303429603577
a8821bea5985281e1cb1df753a7fccfcf79662b122508f4c01e5625ce47d60a6,data/datasets/RRDataset/selection_1500/giovanni/real/real_007472.jpg,medium,0,0.8938392400741577
a8956a5346936cd0769d1a17aa41ffa452fd4fce3003208e2857eb1f495a260a,data/datasets/openfake/additional-900/images/real/a8956a5346936cd0769d1a17aa41ffa452fd4fce3003208e2857eb1f495a260a.jpg,medium,0,0.016191421076655388
a897890a68519d43deb360bde55c49aaadd83107ffc7e2783d72f5c3b8d49b1d,data/datasets/openfake/additional-900/images/fake/a897890a68519d43deb360bde55c49aaadd83107ffc7e2783d72f5c3b8d49b1d.png,medium,1,0.7132512331008911
a8a0c41691a1840784e54d8b5d75e41b4344b8dc02eefba608bb7497556e3c79,data/datasets/openfake/pilot-600/images/real/a8a0c41691a1840784e54d8b5d75e41b4344b8dc02eefba608bb7497556e3c79.jpg,medium,0,0.011171919293701649
a8c06ad5c878d5a613ccd5e2ebe7119d27fc8a8529323c7c3d82975fe73f5553,data/datasets/sid-set/candidate-1500/images/fake/a8c06ad5c878d5a613ccd5e2ebe7119d27fc8a8529323c7c3d82975fe73f5553.png,medium,1,0.9665383696556091
a8cf7be2641fe71f88f29b5c83880283001dea7233114fa3e6ac095240a8d536,data/datasets/openfake/additional-900/images/real/a8cf7be2641fe71f88f29b5c83880283001dea7233114fa3e6ac095240a8d536.jpg,medium,0,0.7981281876564026
a8d5da27ec8b236d64361e771aecd9605ffd044d760c0a59c5efeb69fddb6e7a,data/datasets/RRDataset/selection_1500/giovanni/ai/production_000294.png,medium,1,0.9907467365264893
a91a61ea14c44614f866a616abf69f41bcbf3be8c7b56caa47bc6c6d131602d0,data/datasets/sid-set/candidate-1500/images/fake/a91a61ea14c44614f866a616abf69f41bcbf3be8c7b56caa47bc6c6d131602d0.png,medium,1,0.8342846632003784
a931ab98b58711df06cbb2b69a8ad57e8b83685f99af7b108a9be77534977cfa,data/datasets/RRDataset/selection_1500/sara/ai/Natural_Disasters_&_Accidents_000648.png,medium,1,0.9841104745864868
a93561b8d84663b2d9ad4ab7dedfd8a4b38815fde5b0730e65eaec5788235d13,data/datasets/RRDataset/selection_1500/sara/real/real_004111.jpg,medium,0,0.9881904125213623
a93c9cc9e97b2dd4f3c06713955cfbdbfe1b158be6bd45c6020e0197df075aeb,data/datasets/RRDataset/selection_1500/lorenzo/real/real_005778.jpg,medium,0,0.9716038703918457
a94591a954620a989fde0d01c0d9ed10a0d43a52f9ffdf20f616412d2d869b04,data/datasets/RRDataset/selection_1500/giovanni/real/real_007299.jpg,medium,0,0.9973673224449158
a95d9c8effd97fb5baee7872f322746c4523b39a6c87ff7e180d50782faf69da,data/datasets/sid-set/candidate-1500/images/fake/a95d9c8effd97fb5baee7872f322746c4523b39a6c87ff7e180d50782faf69da.png,medium,1,0.9810603857040405
a964b7d07caafa859efd75c4c66c41cc14faf7d8f2201ee94d42ad4595e1c288,data/datasets/sid-set/candidate-1500/images/real/a964b7d07caafa859efd75c4c66c41cc14faf7d8f2201ee94d42ad4595e1c288.jpg,medium,0,0.4602546691894531
a987eb6d8d60c5b88a56a54d369db92d14883be9a5f4188c740c5d93c6f21bc6,data/datasets/RRDataset/selection_1500/lorenzo/real/real_005162.jpg,medium,0,0.9210253953933716
a988a181761dbb518f36eade7235514f30ccad851bce02348d32799419b5ffad,data/datasets/openfake/additional-900/images/fake/a988a181761dbb518f36eade7235514f30ccad851bce02348d32799419b5ffad.png,medium,1,0.11931868642568588
a99e94fafeb8a6e9b97d6f52f70f5001db9fe19390d3561a233c2f9fc816152f,data/datasets/RRDataset/selection_1500/lorenzo/ai/War_&_Conflict_Scenes_000174.png,medium,1,0.8906214237213135
a9becb885763732c1d5938e4b43e5ba7ca494d3ca6a0d75729f7791c4a9a060e,data/datasets/openfake/pilot-600/images/real/a9becb885763732c1d5938e4b43e5ba7ca494d3ca6a0d75729f7791c4a9a060e.jpg,medium,0,0.4840683341026306
a9c38230e5b3517ac74b8e2cb249d6e6f0e78373743bd3b2b09d0fc0a0a5d868,data/datasets/openfake/additional-900/images/real/a9c38230e5b3517ac74b8e2cb249d6e6f0e78373743bd3b2b09d0fc0a0a5d868.jpg,medium,0,0.92274010181427
a9ce74cefdd2a2f4e7c8376cba09456b88735831bc8ae4dd9b0c71b73fcac432,data/datasets/openfake/additional-900/images/fake/a9ce74cefdd2a2f4e7c8376cba09456b88735831bc8ae4dd9b0c71b73fcac432.png,medium,1,0.11183931678533554
a9d6365c2d7a510a9159cd6b7388df91a1af6e2aa1b47804016d05c3994e4972,data/datasets/sid-set/candidate-1500/images/fake/a9d6365c2d7a510a9159cd6b7388df91a1af6e2aa1b47804016d05c3994e4972.png,medium,1,0.8776537775993347
aa068ada86bf0b7edf893e710b7c4c2327f5e2caaf3fcdb684ef1032450d7c03,data/datasets/sid-set/candidate-1500/images/fake/aa068ada86bf0b7edf893e710b7c4c2327f5e2caaf3fcdb684ef1032450d7c03.png,medium,1,0.9820696115493774
aa0a079e62900c61cd0e7406339ae6459e4fdb4303a208fd577e75c88fe8405d,data/datasets/openfake/additional-900/images/real/aa0a079e62900c61cd0e7406339ae6459e4fdb4303a208fd577e75c88fe8405d.jpg,medium,0,0.0031933817081153393
aa2ba64c666f6cf811a9dfa91cf805a69ff0e404308fa5e14236dab293684233,data/datasets/RRDataset/selection_1500/lorenzo/real/real_003815.jpg,medium,0,0.6790451407432556
aa3a5f11eccc9fc9db4f8cff4ba7bb67b1f6945618efe8f548bb10cb29c03153,data/datasets/RRDataset/selection_1500/giovanni/ai/Natural_Disasters_&_Accidents_000844.png,medium,1,0.929472029209137
aa951e628b91172b3809b32e505380e65ad31f081ec986f6ff38e8bfd3b708d1,data/datasets/sid-set/candidate-1500/images/fake/aa951e628b91172b3809b32e505380e65ad31f081ec986f6ff38e8bfd3b708d1.png,medium,1,0.39937904477119446
aa988fd2e0476e19dd4d544d9303209c0675e6181f42a730b719b6cd96671147,data/datasets/sid-set/candidate-1500/images/fake/aa988fd2e0476e19dd4d544d9303209c0675e6181f42a730b719b6cd96671147.png,medium,1,0.5273128151893616
aaa78c2f9b2e06b915e94acf01c25a1e75d7d69b109eb13bee262302757a8a81,data/datasets/openfake/additional-900/images/fake/aaa78c2f9b2e06b915e94acf01c25a1e75d7d69b109eb13bee262302757a8a81.webp,medium,1,0.8370400667190552
aac36c7b5a4d0d8ca525f7aef4b6e58bc1e27cc6b76124df78cb685bc80fb355,data/datasets/openfake/additional-900/images/fake/aac36c7b5a4d0d8ca525f7aef4b6e58bc1e27cc6b76124df78cb685bc80fb355.png,medium,1,0.5383643507957458
aafff8b7daa172abe264327d4c129732fd4a4fcf98d566fd8f27bea61cdea30d,data/datasets/openfake/additional-900/images/fake/aafff8b7daa172abe264327d4c129732fd4a4fcf98d566fd8f27bea61cdea30d.png,medium,1,0.9989894032478333
ab0ec21e097cc09bac3898d60b4f6a02cb7db7903cf8a5e8be6b0e7460a1c1c2,data/datasets/sid-set/candidate-1500/images/real/ab0ec21e097cc09bac3898d60b4f6a02cb7db7903cf8a5e8be6b0e7460a1c1c2.jpg,medium,0,0.822474479675293
ab23ad0ada7ac2459f40fcec3392d395ec3652c471f98ef1b1cdd40b74035e7e,data/datasets/openfake/additional-900/images/real/ab23ad0ada7ac2459f40fcec3392d395ec3652c471f98ef1b1cdd40b74035e7e.jpg,medium,0,0.4289895296096802
ab2bdd5044f03f998261a135b62fe176371819876566f03916da85e6cbe3517c,data/datasets/openfake/pilot-600/images/fake/ab2bdd5044f03f998261a135b62fe176371819876566f03916da85e6cbe3517c.png,medium,1,0.22427372634410858
ab3280b08d474b9d64bf188064e5553545fbd93904c082ea6ccc3ca6ef2f319b,data/datasets/openfake/additional-900/images/fake/ab3280b08d474b9d64bf188064e5553545fbd93904c082ea6ccc3ca6ef2f319b.jpg,medium,1,0.39704322814941406
ab839491b79de797dad024e301eefa7d676f690a5af13ff75f42418c06636015,data/datasets/RRDataset/selection_1500/giovanni/real/real_004045.jpg,medium,0,0.44951361417770386
ab929db9d4a1282a2fe5f06acae3402edf6c30a96ba80db33bad6a21f27eba82,data/datasets/RRDataset/selection_1500/sara/real/real_008489.jpg,medium,0,0.39695388078689575
abc15338fae0572abb90f6b8b61665ac693bee5764a6e2a18ab309e3798d0caa,data/datasets/sid-set/candidate-1500/images/real/abc15338fae0572abb90f6b8b61665ac693bee5764a6e2a18ab309e3798d0caa.jpg,medium,0,0.5764504075050354
abc17788d13151f28c50b282a43d91208356b8c153d5eceb5bcf78b010e44775,data/datasets/sid-set/candidate-1500/images/fake/abc17788d13151f28c50b282a43d91208356b8c153d5eceb5bcf78b010e44775.png,medium,1,0.9381791949272156
abc71dc8dfca2492283dabfacdd81bba4476d81dfa064879a65e8aa84ceeb39d,data/datasets/sid-set/candidate-1500/images/fake/abc71dc8dfca2492283dabfacdd81bba4476d81dfa064879a65e8aa84ceeb39d.png,medium,1,0.9298437833786011
abd3ab2d7343edab3ba2cd99e2068be8e2d3dd2764b96004a512a2e41fe05e83,data/datasets/sid-set/candidate-1500/images/fake/abd3ab2d7343edab3ba2cd99e2068be8e2d3dd2764b96004a512a2e41fe05e83.png,medium,1,0.8317656517028809
abd68893fbfcc7044c3b54348d20b8eb763c7794169607143967dcb263692ce6,data/datasets/sid-set/candidate-1500/images/fake/abd68893fbfcc7044c3b54348d20b8eb763c7794169607143967dcb263692ce6.png,medium,1,0.9245432019233704
abefc87b387316e0a84a276b1073cb220b522255b5bb5b1e3528a6053bb2aed5,data/datasets/sid-set/candidate-1500/images/fake/abefc87b387316e0a84a276b1073cb220b522255b5bb5b1e3528a6053bb2aed5.png,medium,1,0.9753716588020325
abf5ed3408abfae12e0a9da87e8b044586c4d7b67a315492f27ca5a79e7ba314,data/datasets/sid-set/candidate-1500/images/real/abf5ed3408abfae12e0a9da87e8b044586c4d7b67a315492f27ca5a79e7ba314.jpg,medium,0,0.20673803985118866
ac01aa8e06535d74f4a49afd1ec46850ccf95dd67b4cc95145b36f1b8dcfa3dc,data/datasets/sid-set/candidate-1500/images/real/ac01aa8e06535d74f4a49afd1ec46850ccf95dd67b4cc95145b36f1b8dcfa3dc.jpg,medium,0,0.8546609878540039
ac335e2d5520d7d96bc4689dfc400d054642558e36aa49bfc8e1bcd27dc6646b,data/datasets/sid-set/candidate-1500/images/fake/ac335e2d5520d7d96bc4689dfc400d054642558e36aa49bfc8e1bcd27dc6646b.png,medium,1,0.9883242845535278
ac4ac06d2a2b5a516ef62e9d7dd3e724a06b171ef78213e2e21f9157d68ab75c,data/datasets/RRDataset/selection_1500/giovanni/real/real_004400.jpg,medium,0,0.7580503821372986
ac4f8f9e6e90f1eef921fbaf594e05f85caa9b0f423de88989498507b4a5a12b,data/datasets/openfake/additional-900/images/fake/ac4f8f9e6e90f1eef921fbaf594e05f85caa9b0f423de88989498507b4a5a12b.png,medium,1,0.9974324107170105
acb9b26f990de446b527c0d3c7434457e4b0714f106b1884240d30da24640fac,data/datasets/RRDataset/selection_1500/giovanni/real/real_003506.jpg,medium,0,0.8455488085746765
ace4816b8651359458dd6a5cb5970dc6208672c12957b84c0ef08ecfcee6076f,data/datasets/sid-set/candidate-1500/images/real/ace4816b8651359458dd6a5cb5970dc6208672c12957b84c0ef08ecfcee6076f.jpg,medium,0,0.9591310620307922
ad0fc3fc85cbc004836355e3f7afd6273d5045c268ff2eba6937f6a89e75f6a8,data/datasets/sid-set/candidate-1500/images/real/ad0fc3fc85cbc004836355e3f7afd6273d5045c268ff2eba6937f6a89e75f6a8.jpg,medium,0,0.09068377315998077
ad188a152cafe67db775967478eff0501f6647f179e56ea6a7e1ac33ae279ea6,data/datasets/RRDataset/selection_1500/lorenzo/ai/Culture_&_Religion_000866.png,medium,1,0.9884019494056702
ad2d31d1e6cd53ca72954181803d66a882110fc192875153c1d12529916a4a05,data/datasets/openfake/additional-900/images/real/ad2d31d1e6cd53ca72954181803d66a882110fc192875153c1d12529916a4a05.jpg,medium,0,8.481394615955651e-05
ad4f3741e1f35e5ad414fd59346c64e0fadd62c466bd761f5914cc6862789830,data/datasets/openfake/pilot-600/images/real/ad4f3741e1f35e5ad414fd59346c64e0fadd62c466bd761f5914cc6862789830.jpg,medium,0,0.00028274510987102985
ad7c003978de79bc3350847567c9285ef154f782792f62acca4e69c47b11330e,data/datasets/sid-set/candidate-1500/images/fake/ad7c003978de79bc3350847567c9285ef154f782792f62acca4e69c47b11330e.png,medium,1,0.9925206899642944
ad80b318e713a9810ff1b10aa50781634729a41971bd4bdfd9d27293434944c7,data/datasets/openfake/pilot-600/images/fake/ad80b318e713a9810ff1b10aa50781634729a41971bd4bdfd9d27293434944c7.png,medium,1,0.9595749378204346
ad8bb7d46b2e7ccca5db42064a1e4695a49e2af2ea6221f16f842d5b55e8c495,data/datasets/sid-set/candidate-1500/images/fake/ad8bb7d46b2e7ccca5db42064a1e4695a49e2af2ea6221f16f842d5b55e8c495.png,medium,1,0.9886288642883301
ad94e251b4bd369268013de51be1b8c263b23ddd45975b80a9a0483ca07c78f9,data/datasets/RRDataset/selection_1500/sara/ai/Political_&_Social_Events_000764.png,medium,1,0.9865060448646545
ad9ab8d455fa79aaebc6086ce1601116a1eecd3e28713ee770cc0da41634437b,data/datasets/openfake/pilot-600/images/real/ad9ab8d455fa79aaebc6086ce1601116a1eecd3e28713ee770cc0da41634437b.jpg,medium,0,0.00498383492231369
ada6f45b7d91c772d480ba130dc1f9a9a05f67b2051c13a99595ed020bc604b3,data/datasets/RRDataset/selection_1500/sara/ai/Culture_&_Religion_000794.png,medium,1,0.9974420070648193
adaa1545033358172f85937dec9993673c5ebf5909203b7fce894137a7f09358,data/datasets/openfake/pilot-600/images/fake/adaa1545033358172f85937dec9993673c5ebf5909203b7fce894137a7f09358.png,medium,1,0.737994909286499
adad43d4c97922bbb6101e54d2f27bb895aefa175fc792b5c45d0cde644e571c,data/datasets/RRDataset/selection_1500/giovanni/real/real_006487.jpg,medium,0,0.9661418795585632
adcfe620fd1d62c67d840e91b53f43a0133904d02c1a8aa44b20edee7687e1cc,data/datasets/openfake/additional-900/images/fake/adcfe620fd1d62c67d840e91b53f43a0133904d02c1a8aa44b20edee7687e1cc.png,medium,1,0.9989988207817078
ade3c0bb566f4ddc8bfe2aa077d0355e847602f8d230b852656600e396d5f12f,data/datasets/RRDataset/selection_1500/sara/ai/War_&_Conflict_Scenes_000048.png,medium,1,0.9781705737113953
ade5ca43c55b8acfbfe979395fb3c0ed00143dd474baea1937ed7140cbe0e286,data/datasets/openfake/additional-900/images/real/ade5ca43c55b8acfbfe979395fb3c0ed00143dd474baea1937ed7140cbe0e286.jpg,medium,0,0.00366025697439909
ade9fd796ab48a0acae88445732fc1baef4e7cbd245de21720712c2cb096beb1,data/datasets/openfake/pilot-600/images/fake/ade9fd796ab48a0acae88445732fc1baef4e7cbd245de21720712c2cb096beb1.png,medium,1,0.5431922674179077
adf70639c140b6e8fc7773e00d3bad84071a38d2e59b918672c34cb8f982d449,data/datasets/openfake/additional-900/images/fake/adf70639c140b6e8fc7773e00d3bad84071a38d2e59b918672c34cb8f982d449.png,medium,1,0.2955058217048645
adfee4f0139a7b35727b7c8d89ce882b20bf3b8467ebd633f94a4078c72afe37,data/datasets/sid-set/candidate-1500/images/real/adfee4f0139a7b35727b7c8d89ce882b20bf3b8467ebd633f94a4078c72afe37.jpg,medium,0,0.09341736137866974
ae054ba0aefe238b4654defefe781888917eb50ff8c1b3b8ddd5fa7557d540b7,data/datasets/sid-set/candidate-1500/images/fake/ae054ba0aefe238b4654defefe781888917eb50ff8c1b3b8ddd5fa7557d540b7.png,medium,1,0.9819406270980835
ae1ba58efc6b7b9d6577fd8257a82a58a69b88bc720ff3eda66cc8a146f019e2,data/datasets/sid-set/candidate-1500/images/fake/ae1ba58efc6b7b9d6577fd8257a82a58a69b88bc720ff3eda66cc8a146f019e2.png,medium,1,0.9740219116210938
ae37eef180ee1b1263b58844777494186aa96bbbb32396f3117c0a43e39cf0e5,data/datasets/sid-set/candidate-1500/images/fake/ae37eef180ee1b1263b58844777494186aa96bbbb32396f3117c0a43e39cf0e5.png,medium,1,0.9720083475112915
ae8413dc3697f829005241a91667e4cea072672dcc05af9bdfc5470fd30ae09e,data/datasets/RRDataset/selection_1500/giovanni/ai/Medical_&_Public_Health_000153.png,medium,1,0.9811099767684937
ae8693055ed42b56d656453c0b0f0a5152967f269463e74558a241b745d448e0,data/datasets/sid-set/candidate-1500/images/fake/ae8693055ed42b56d656453c0b0f0a5152967f269463e74558a241b745d448e0.png,medium,1,0.9393275380134583
ae8871e23c67229536bc36e5704334e6750e1c10395672781c276830cd024644,data/datasets/sid-set/candidate-1500/images/real/ae8871e23c67229536bc36e5704334e6750e1c10395672781c276830cd024644.jpg,medium,0,0.10395866632461548
aea4e6628ff2aabf11c7e6e00e1f9dcb364be6452e4b9a2659da98451f9242db,data/datasets/RRDataset/selection_1500/lorenzo/real/real_002496.jpg,medium,0,0.6873699426651001
aeda4affd38c7e1f159ccdc1e7182063a13ffa8ec6c1c9d0fa4f6b192d895cd7,data/datasets/sid-set/candidate-1500/images/fake/aeda4affd38c7e1f159ccdc1e7182063a13ffa8ec6c1c9d0fa4f6b192d895cd7.png,medium,1,0.8943371772766113
af03c57eb45288062e3b61e4a270360ab21789ab83de492b77ff0a6941c9d38c,data/datasets/RRDataset/selection_1500/lorenzo/real/real_002365.jpg,medium,0,0.9739176630973816
af0a7b067e4129f3afa551d3b649c0a5cf35fc0fcc2c4c0b20e0319dab947703,data/datasets/RRDataset/selection_1500/lorenzo/ai/normal_006361.jpg,medium,1,0.3818761110305786
af0d21915421839d5f638655ee42eceb6fc246002d2f109f71815f332f68991d,data/datasets/RRDataset/selection_1500/sara/ai/Culture_&_Religion_000688.png,medium,1,0.9721987247467041
af36666f1eaaf06ee2255eb818ffe5da130fed88269ec09ccf4b1f1ac2314945,data/datasets/openfake/pilot-600/images/fake/af36666f1eaaf06ee2255eb818ffe5da130fed88269ec09ccf4b1f1ac2314945.png,medium,1,0.9636682868003845
af3a1f1c88de8bdad6f12dd9068349c6f6952a9886f3eb13e181ba3131da6531,data/datasets/openfake/pilot-600/images/real/af3a1f1c88de8bdad6f12dd9068349c6f6952a9886f3eb13e181ba3131da6531.jpg,medium,0,0.14811429381370544
af3a266205489d1d0093c5d4713a9851ad6e2b321b1c991abb11472143b05db4,data/datasets/openfake/pilot-600/images/fake/af3a266205489d1d0093c5d4713a9851ad6e2b321b1c991abb11472143b05db4.png,medium,1,0.9154141545295715
af49f5b7e1f568ab3b7e461d7e8ecb1bd8de72df02189e1f7f2d9fb1e608779a,data/datasets/openfake/additional-900/images/real/af49f5b7e1f568ab3b7e461d7e8ecb1bd8de72df02189e1f7f2d9fb1e608779a.jpg,medium,0,0.004212260711938143
af4f203010be0cfad83dae2cc43e5a0fccb1fd1e229f2793beeb29ceb3e530c8,data/datasets/openfake/additional-900/images/fake/af4f203010be0cfad83dae2cc43e5a0fccb1fd1e229f2793beeb29ceb3e530c8.png,medium,1,0.6813822984695435
af552d2341f8d480f6d1dc5287d1fa2d815b12b25b9df7e119f75b1ddbf2e0c0,data/datasets/RRDataset/selection_1500/sara/ai/production_000599.png,medium,1,0.9994722008705139
af5a0a45d756b394b9b7ea31602fb226f31d0e6e317ceaec329564806e5026d6,data/datasets/openfake/pilot-600/images/real/af5a0a45d756b394b9b7ea31602fb226f31d0e6e317ceaec329564806e5026d6.jpg,medium,0,0.0006753110210411251
af7bd97901b1ee0ed632b4d9b0acf6bf9b0d8e53e5e357beb053da3b7c2d388d,data/datasets/RRDataset/selection_1500/lorenzo/ai/Natural_Disasters_&_Accidents_000330.png,medium,1,0.9734894037246704
af88819feae5e3514d3b334fa1ab60c6c9e4136891b7c3b863bbbd0cf42342ac,data/datasets/sid-set/candidate-1500/images/real/af88819feae5e3514d3b334fa1ab60c6c9e4136891b7c3b863bbbd0cf42342ac.jpg,medium,0,0.37273138761520386
afa0af2464bfd2bed635039e1e0034b7faad566faf0502a4d4fb161bb722e04e,data/datasets/openfake/pilot-600/images/real/afa0af2464bfd2bed635039e1e0034b7faad566faf0502a4d4fb161bb722e04e.jpg,medium,0,0.5456171035766602
afc50a40411a47c64eb9542c21ca3cb3761b6a0a64d20492bf2f25e5ae00780d,data/datasets/RRDataset/selection_1500/lorenzo/real/real_004239.jpg,medium,0,0.3070787191390991
afc67d1b3f2786cd231a6cd967f74fb79bb5d2df3d52b09892d6748e0516578e,data/datasets/openfake/additional-900/images/real/afc67d1b3f2786cd231a6cd967f74fb79bb5d2df3d52b09892d6748e0516578e.jpg,medium,0,0.0068864282220602036
afcabf88faa97c67aea4898767860111eb596d1fbcb385e42b3bd42190db4686,data/datasets/sid-set/candidate-1500/images/fake/afcabf88faa97c67aea4898767860111eb596d1fbcb385e42b3bd42190db4686.png,medium,1,0.9956561326980591
afd911345c125a167d200fc202c1465b94304c00f8cfd4fa95f0b6aead6f307c,data/datasets/RRDataset/selection_1500/giovanni/real/real_005559.jpg,medium,0,0.9961761236190796
b03a25834213a3ff1f25168151e4da9e1de22efa025a672428a2f5bff53c9fa4,data/datasets/RRDataset/selection_1500/sara/real/real_002620.jpg,medium,0,0.8824458718299866
b064f2696f488290d6a9327db95b73c2defccdcacfddb830bf124d46e72ae382,data/datasets/sid-set/candidate-1500/images/real/b064f2696f488290d6a9327db95b73c2defccdcacfddb830bf124d46e72ae382.jpg,medium,0,0.02616974711418152
b06b91bf0874507bd3d6ddf7da178df5167b5507ce7d29682f3be085cb12bc36,data/datasets/openfake/additional-900/images/fake/b06b91bf0874507bd3d6ddf7da178df5167b5507ce7d29682f3be085cb12bc36.png,medium,1,0.7584808468818665
b06fe9bfbccc361c79f6c2e6df7f7d79c6530b41d7cc427c6971cf7c27514671,data/datasets/openfake/additional-900/images/real/b06fe9bfbccc361c79f6c2e6df7f7d79c6530b41d7cc427c6971cf7c27514671.jpg,medium,0,0.06327439844608307
b09bd149f8e1f0fc42c7b5bfbdcde956e1356ab73b9d81d4506f1029bb3f52cc,data/datasets/sid-set/candidate-1500/images/fake/b09bd149f8e1f0fc42c7b5bfbdcde956e1356ab73b9d81d4506f1029bb3f52cc.png,medium,1,0.9355739951133728
b0b065bffbd7152f666a685b87c8dfb20497490090871841a7fa79c132704bbf,data/datasets/sid-set/candidate-1500/images/real/b0b065bffbd7152f666a685b87c8dfb20497490090871841a7fa79c132704bbf.jpg,medium,0,0.02466350793838501
b0d348036ed6f32468addd56e1cbac2c9ae56a051bfe63e0f18dab58f59ef991,data/datasets/openfake/pilot-600/images/real/b0d348036ed6f32468addd56e1cbac2c9ae56a051bfe63e0f18dab58f59ef991.jpg,medium,0,0.6062713265419006
b0ea220a0aa0f12ecc4746cc79321abe65a5219617b4e99c211cf2c7c27202e1,data/datasets/RRDataset/selection_1500/lorenzo/real/real_001522.jpg,medium,0,0.9501661062240601
b11558ea1f118792bbb26e92d5a69ca42c1b24815d81a69f7eb90e54add71040,data/datasets/sid-set/candidate-1500/images/real/b11558ea1f118792bbb26e92d5a69ca42c1b24815d81a69f7eb90e54add71040.jpg,medium,0,0.1688149869441986
b121de150f62ab984b0e43ccd74079b20bdebebc7c2d81b78a1d9ecb10b5b618,data/datasets/sid-set/candidate-1500/images/fake/b121de150f62ab984b0e43ccd74079b20bdebebc7c2d81b78a1d9ecb10b5b618.png,medium,1,0.992838442325592
b12d5e337439c3867bbce42d9792d29dd72f59e970d46e041d09794e142f23ff,data/datasets/RRDataset/selection_1500/giovanni/ai/Natural_Disasters_&_Accidents_000447.png,medium,1,0.8346322178840637
b149341d6e7ddc72cd7a33a553a081abcf46e3817fdd911215c9d0fa939ea5c2,data/datasets/sid-set/candidate-1500/images/real/b149341d6e7ddc72cd7a33a553a081abcf46e3817fdd911215c9d0fa939ea5c2.jpg,medium,0,0.06650383025407791
b15e44ed3282127ff2a175d4545be9fef4d6fe48924d20f698d5b700aa9c81eb,data/datasets/openfake/pilot-600/images/real/b15e44ed3282127ff2a175d4545be9fef4d6fe48924d20f698d5b700aa9c81eb.jpg,medium,0,0.0005873700138181448
b1632949448f5c018a993c51b2d8598e21afd31795901bd590259f5b16077de7,data/datasets/sid-set/candidate-1500/images/real/b1632949448f5c018a993c51b2d8598e21afd31795901bd590259f5b16077de7.jpg,medium,0,0.16705432534217834
b1a94a035aaf9d7cf3ca9192d1b487f141d5edaee1917f81870ffeed58014492,data/datasets/RRDataset/selection_1500/giovanni/ai/production_000549.png,medium,1,0.9990962743759155
b1cc32d56565d43b3adbe6d49499ab0ddf9bc8a302685dff897b5af2372f3efb,data/datasets/sid-set/candidate-1500/images/real/b1cc32d56565d43b3adbe6d49499ab0ddf9bc8a302685dff897b5af2372f3efb.jpg,medium,0,0.008922867476940155
b1fb7f7e30e6e6fd84cf46c4d66a73305d76fdef1c5f65a45cde954b9295997a,data/datasets/RRDataset/selection_1500/giovanni/ai/Medical_&_Public_Health_000534.png,medium,1,0.9729612469673157
b234032ed18cf73b83e71534da3845da51b54d23c37022585a1b3a158fdae367,data/datasets/sid-set/candidate-1500/images/real/b234032ed18cf73b83e71534da3845da51b54d23c37022585a1b3a158fdae367.jpg,medium,0,0.7107688784599304
b2555488817f591b559538d7b6b4794359c67daec417b33a10f348a9c7e9ed3f,data/datasets/sid-set/candidate-1500/images/real/b2555488817f591b559538d7b6b4794359c67daec417b33a10f348a9c7e9ed3f.jpg,medium,0,0.3156948983669281
b26dadb94a1457f74cb1bc2d52c883584643b00c13fc95475712085bc14ad729,data/datasets/openfake/additional-900/images/real/b26dadb94a1457f74cb1bc2d52c883584643b00c13fc95475712085bc14ad729.jpg,medium,0,0.16895069181919098
b273574b519fbaee2b82e0ce851e0078eb3b62ac2ddc360dd6dd95f68eff8e28,data/datasets/RRDataset/selection_1500/lorenzo/real/real_008459.jpg,medium,0,0.8838353157043457
b2820b1035e777f80163a27d9ec7fc74a93885e736a94764821eb81c6e98420e,data/datasets/openfake/pilot-600/images/real/b2820b1035e777f80163a27d9ec7fc74a93885e736a94764821eb81c6e98420e.jpg,medium,0,0.700381875038147
b29a5fdc6543db88e4015480882499ae224b0c242922dd56780fe3a90ecfa416,data/datasets/openfake/additional-900/images/real/b29a5fdc6543db88e4015480882499ae224b0c242922dd56780fe3a90ecfa416.jpg,medium,0,0.8825893998146057
b2ade3507df358993f3278c95ede5a31b740f730c952c1dc050b98204e6fd888,data/datasets/openfake/additional-900/images/fake/b2ade3507df358993f3278c95ede5a31b740f730c952c1dc050b98204e6fd888.png,medium,1,0.6836342811584473
b2bfb372aeb84fd833e7353ba38e54489e59b72c7c37de6e035a42927ca8b4b6,data/datasets/RRDataset/selection_1500/giovanni/real/real_004355.jpg,medium,0,0.34257715940475464
b2db9a5933cb0d8157bf8530007891406a7486c3be447c8cf9a62c8d4333f90d,data/datasets/openfake/pilot-600/images/fake/b2db9a5933cb0d8157bf8530007891406a7486c3be447c8cf9a62c8d4333f90d.png,medium,1,0.9979228377342224
b2eb9dd58be33636b3e492afa15cd98ae1ebc3d3df687191bcb4d47b641b1ef9,data/datasets/sid-set/candidate-1500/images/fake/b2eb9dd58be33636b3e492afa15cd98ae1ebc3d3df687191bcb4d47b641b1ef9.png,medium,1,0.9980320334434509
b304b7cacb2762e3046f1f9abe4ad134311e1ab82e99c2826186343181c3420e,data/datasets/openfake/additional-900/images/real/b304b7cacb2762e3046f1f9abe4ad134311e1ab82e99c2826186343181c3420e.jpg,medium,0,0.06853397935628891
b3064e4e48b86207e4718fce7339bc05afcd9235a9b4ced6ff9bb63c7a5881b5,data/datasets/sid-set/candidate-1500/images/fake/b3064e4e48b86207e4718fce7339bc05afcd9235a9b4ced6ff9bb63c7a5881b5.png,medium,1,0.9389522671699524
b308338cb3c2189446e9ad8a02ec3d2cf98ca8f2e5415f3b980828db98ba5654,data/datasets/sid-set/candidate-1500/images/fake/b308338cb3c2189446e9ad8a02ec3d2cf98ca8f2e5415f3b980828db98ba5654.png,medium,1,0.9851896166801453
b31118259ef88ed58ce1ffb0ffb3670cd87485d903f65f7a89b40f4c5672f2a8,data/datasets/openfake/pilot-600/images/fake/b31118259ef88ed58ce1ffb0ffb3670cd87485d903f65f7a89b40f4c5672f2a8.png,medium,1,0.9962074756622314
b3178540a1dff17f292fc29bbccf2e3b163ce1cba926c0c5c9cf81014fa9b60b,data/datasets/openfake/additional-900/images/fake/b3178540a1dff17f292fc29bbccf2e3b163ce1cba926c0c5c9cf81014fa9b60b.png,medium,1,0.9964622855186462
b31ef476dd98de94f0945bc4d79aab2c6171f8129dae0cfd34a16268b7a5e5bb,data/datasets/openfake/pilot-600/images/fake/b31ef476dd98de94f0945bc4d79aab2c6171f8129dae0cfd34a16268b7a5e5bb.png,medium,1,0.9784718155860901
b36123fe0f832d5d8bc01b51ac6d7e6971f057623144503acdf88779fc73c556,data/datasets/RRDataset/selection_1500/giovanni/real/real_007355.jpg,medium,0,0.9988638162612915
b36405f5b003015e0e77730044c8d9c045d185f38f664074b8a49c0e7c8572d4,data/datasets/openfake/additional-900/images/real/b36405f5b003015e0e77730044c8d9c045d185f38f664074b8a49c0e7c8572d4.jpg,medium,0,0.04280134662985802
b378ec49cb60dd9af8b1727bfa0591eb48083ad89c7f61faf27fb4e03a5dab39,data/datasets/RRDataset/selection_1500/lorenzo/real/real_000373.jpg,medium,0,0.4491150975227356
b37d7459799ec8d00492778d3fc9a0428bd613cb998c780200c1c85aaae3eaf4,data/datasets/sid-set/candidate-1500/images/real/b37d7459799ec8d00492778d3fc9a0428bd613cb998c780200c1c85aaae3eaf4.jpg,medium,0,0.8877256512641907
b38c04f7602846eacfee423bdb2c72dbd767a77ab2be2a37a0e0d8959f9f0edc,data/datasets/sid-set/candidate-1500/images/real/b38c04f7602846eacfee423bdb2c72dbd767a77ab2be2a37a0e0d8959f9f0edc.jpg,medium,0,0.21483024954795837
b39392ed2ca5b09387a05792ca33e49e5908886a6189c9b5b62697276ce50161,data/datasets/openfake/additional-900/images/real/b39392ed2ca5b09387a05792ca33e49e5908886a6189c9b5b62697276ce50161.jpg,medium,0,0.1788095384836197
b39e3fed2170bd86b1c480010a2e967f402c1a0173dd3a3f4ad90cc89d765ab3,data/datasets/openfake/additional-900/images/real/b39e3fed2170bd86b1c480010a2e967f402c1a0173dd3a3f4ad90cc89d765ab3.jpg,medium,0,0.02001764439046383
b3d1bb16ea1c0061e8c33af534436e19f5010a953950bdbab3e5b8e32aa3a359,data/datasets/RRDataset/selection_1500/sara/ai/Natural_Disasters_&_Accidents_000541.png,medium,1,0.9934422969818115
b3f685c13c46f9d7e1ac21675ab20b57a983fc783c63678c2f16b4fecadd81d1,data/datasets/RRDataset/selection_1500/lorenzo/ai/Natural_Disasters_&_Accidents_000287.png,medium,1,0.9874730110168457
b3fce137d48976ef19a1f4c472b67b2a5b457a1da0b0f12facb3276f6dbf800f,data/datasets/openfake/pilot-600/images/real/b3fce137d48976ef19a1f4c472b67b2a5b457a1da0b0f12facb3276f6dbf800f.jpg,medium,0,0.0009116624132730067
b42a6f3615b16533332fdb72baef29c550735b2714be64eb0d24f339489f4533,data/datasets/RRDataset/selection_1500/giovanni/real/real_006887.jpg,medium,0,0.9741300344467163
b44c9a053998797db98f9150636ced9dda2e5f916f76546f33eae271ba3274aa,data/datasets/openfake/additional-900/images/fake/b44c9a053998797db98f9150636ced9dda2e5f916f76546f33eae271ba3274aa.jpg,medium,1,0.06926684826612473
b456c31ac936247b1cc4ac4ec9517352d4723a4ab32156d0078923ad07b7bfe6,data/datasets/openfake/pilot-600/images/real/b456c31ac936247b1cc4ac4ec9517352d4723a4ab32156d0078923ad07b7bfe6.jpg,medium,0,0.1239611878991127
b4597167dc83abb60faaca3719f92b6da9451bc17a55b972f6c10dcd1d74addd,data/datasets/openfake/additional-900/images/fake/b4597167dc83abb60faaca3719f92b6da9451bc17a55b972f6c10dcd1d74addd.png,medium,1,0.9567915797233582
b49ac49754b262b30bcb623611174f7de0a8b671b629e1a44060f6301063797a,data/datasets/openfake/pilot-600/images/fake/b49ac49754b262b30bcb623611174f7de0a8b671b629e1a44060f6301063797a.png,medium,1,0.9878467917442322
b4aee5b2db92b4199f8fb2cf2e0c118f26d4acbc51a24aad29d2861a1072e495,data/datasets/openfake/additional-900/images/fake/b4aee5b2db92b4199f8fb2cf2e0c118f26d4acbc51a24aad29d2861a1072e495.png,medium,1,0.9584256410598755
b4bd8706ed1bd8820f2e682dc9acf18c6eb3cf3e4cc23f23d356ead38953987c,data/datasets/openfake/pilot-600/images/fake/b4bd8706ed1bd8820f2e682dc9acf18c6eb3cf3e4cc23f23d356ead38953987c.png,medium,1,0.9963210821151733
b4c02b8bbf42318e128de114877bd16f58ebba4f19587448425979263b9d233e,data/datasets/RRDataset/selection_1500/sara/real/real_009019.jpg,medium,0,0.26891523599624634
b4cb1bfb434471caa0520482813b1919efd054932892464e6e629080f029bb58,data/datasets/sid-set/candidate-1500/images/real/b4cb1bfb434471caa0520482813b1919efd054932892464e6e629080f029bb58.jpg,medium,0,0.062264855951070786
b52089b34726d7967c424ced3f7da564c6e4c63711c3d107ee463526359653ac,data/datasets/openfake/additional-900/images/real/b52089b34726d7967c424ced3f7da564c6e4c63711c3d107ee463526359653ac.jpg,medium,0,0.02122960053384304
b52277a6d68c6f53b57d81abdc187b860a820b8652febdb623f6c122d7dc828a,data/datasets/openfake/additional-900/images/real/b52277a6d68c6f53b57d81abdc187b860a820b8652febdb623f6c122d7dc828a.jpg,medium,0,0.053290173411369324
b5604b7f412b9000bda678e6cbba1c1dfe5b6a1a6dc32209fe7c81bdbdda0c8c,data/datasets/RRDataset/selection_1500/lorenzo/real/real_002091.jpg,medium,0,0.9323317408561707
b5641b7dd6519ece247eb0af6329fe88634d1428d29ffe55c2820103d6d0596d,data/datasets/RRDataset/selection_1500/sara/ai/Medical_&_Public_Health_000686.png,medium,1,0.9901010990142822
b56f030b95a6fe2ebe04e155958f88dd2faf0001ceaad2805fdcf6fde6fa4987,data/datasets/RRDataset/selection_1500/sara/ai/Culture_&_Religion_000429.png,medium,1,0.765661358833313
b573859bf86b52f543da2000a952ecb5f3960a141bdbf79d2fd57bf77acfd44e,data/datasets/openfake/pilot-600/images/fake/b573859bf86b52f543da2000a952ecb5f3960a141bdbf79d2fd57bf77acfd44e.png,medium,1,0.9833101630210876
b58a25d6c28ba354ed0b913bb14ce07dc3cf26a4bd9ffed6884266e510f7b4a3,data/datasets/RRDataset/selection_1500/sara/ai/Culture_&_Religion_000627.png,medium,1,0.9274444580078125
b58f153de4bf3b429398a83d2789fca8c68ef4f90bbcfae26b3208bf36f307a0,data/datasets/RRDataset/selection_1500/sara/ai/War_&_Conflict_Scenes_000305.png,medium,1,0.7981445789337158
b5b8d3471d85414511abe85c2808c515b9c05e10ce5eeb034eae6232750e7870,data/datasets/RRDataset/selection_1500/sara/real/real_008316.jpg,medium,0,0.994598388671875
b5cd6d04d6f1749674abb50c0633c2aadaaa2344908aede43a947207eee7bed4,data/datasets/sid-set/candidate-1500/images/fake/b5cd6d04d6f1749674abb50c0633c2aadaaa2344908aede43a947207eee7bed4.png,medium,1,0.991797685623169
b5d9237b6cdbaa904acd88739454e6f652b8a206f787a825be9c95dd2b515cf7,data/datasets/RRDataset/selection_1500/sara/real/real_009704.jpg,medium,0,0.3708168566226959
b5ebdbf92e893e49eb8f71b10c8efecfe02c9aca91d4e7245e37afe52753b230,data/datasets/sid-set/candidate-1500/images/real/b5ebdbf92e893e49eb8f71b10c8efecfe02c9aca91d4e7245e37afe52753b230.jpg,medium,0,0.06563697010278702
b60bc857fa5872d459818ce1c7f3c845986fd8b77a1f0a0937ca09ae2f5f6959,data/datasets/RRDataset/selection_1500/giovanni/ai/Medical_&_Public_Health_000131.png,medium,1,0.9172436594963074
b63735d990e0ccb253dc1227489b870fd181c591fcb29f940bdee85c8a772525,data/datasets/openfake/additional-900/images/real/b63735d990e0ccb253dc1227489b870fd181c591fcb29f940bdee85c8a772525.jpg,medium,0,0.0028919961769133806
b657d0d14effde4d94e572d48f154d76880ad947cdfa780e06c47fa41e7ecd21,data/datasets/openfake/additional-900/images/real/b657d0d14effde4d94e572d48f154d76880ad947cdfa780e06c47fa41e7ecd21.jpg,medium,0,0.050346389412879944
b67d959293387352e0d38c8e9f7c97a03d6cbb155148fb9721d840fff1d8485c,data/datasets/openfake/additional-900/images/real/b67d959293387352e0d38c8e9f7c97a03d6cbb155148fb9721d840fff1d8485c.jpg,medium,0,0.24811655282974243
b6945a02c93e539c26d84ff9f6524134f54f33cff10b3ac4aa6662a5c92fc26d,data/datasets/openfake/pilot-600/images/real/b6945a02c93e539c26d84ff9f6524134f54f33cff10b3ac4aa6662a5c92fc26d.jpg,medium,0,0.008346048183739185
b6948df158882bace7224702be0692131022109236cc299c7d5e2af962909844,data/datasets/openfake/additional-900/images/real/b6948df158882bace7224702be0692131022109236cc299c7d5e2af962909844.jpg,medium,0,0.7734415531158447
b6a5c056f8c488adf17123df17e510cbc2cf90255970526291cb7b5f4848d6cf,data/datasets/openfake/additional-900/images/real/b6a5c056f8c488adf17123df17e510cbc2cf90255970526291cb7b5f4848d6cf.jpg,medium,0,0.1466282457113266
b6c6c41f6a673739a3914f18e14e498f51f14b3037017c93851e260671c16a44,data/datasets/openfake/additional-900/images/real/b6c6c41f6a673739a3914f18e14e498f51f14b3037017c93851e260671c16a44.jpg,medium,0,0.017551565542817116
b6d03063921ef50a5f57d336073b86a6e8c5c1bc298eedc91857a3139b6501df,data/datasets/RRDataset/selection_1500/giovanni/ai/production_000796.png,medium,1,0.9917409420013428
b6d9a53c857299f1ab95f183b73bc5ce1274bbe651bdcb8f5950a579ea93726a,data/datasets/RRDataset/selection_1500/giovanni/ai/production_000585.png,medium,1,0.999150276184082
b6dd00d6191e8590c2eeaaf374d99f482376b4749c0f0cd2625be98ee5890722,data/datasets/sid-set/candidate-1500/images/fake/b6dd00d6191e8590c2eeaaf374d99f482376b4749c0f0cd2625be98ee5890722.png,medium,1,0.9796251058578491
b6e9cafa167867723d906567b1ae27e2047ff4a1a8ae6a558c62d4efb153a0bb,data/datasets/sid-set/candidate-1500/images/real/b6e9cafa167867723d906567b1ae27e2047ff4a1a8ae6a558c62d4efb153a0bb.jpg,medium,0,0.31020262837409973
b77dcbd666f8331082a2fbe8392d0eca1b3095ac0a77c3115c4d02670f909f23,data/datasets/sid-set/candidate-1500/images/real/b77dcbd666f8331082a2fbe8392d0eca1b3095ac0a77c3115c4d02670f909f23.jpg,medium,0,0.036143120378255844
b792f31db8e7fb0a35871cd048eece8303c42f8fef1731a514fde904e68ff708,data/datasets/openfake/additional-900/images/real/b792f31db8e7fb0a35871cd048eece8303c42f8fef1731a514fde904e68ff708.jpg,medium,0,0.1389327347278595
b7972fb4a595680a7ab2bda6046935ed65d5e99eb892491e7552199f56333527,data/datasets/RRDataset/selection_1500/lorenzo/real/real_001601.jpg,medium,0,0.2034010887145996
b7b04b65b39c02404ee447c89c82e217f543ea22fea5b8ce7cb5bea08d6fa3c7,data/datasets/openfake/additional-900/images/fake/b7b04b65b39c02404ee447c89c82e217f543ea22fea5b8ce7cb5bea08d6fa3c7.png,medium,1,0.6118632555007935
b7c2567f352d9c6dfb927d2338e2b989cf338f95af2acb300d5182cd1b20326c,data/datasets/openfake/pilot-600/images/fake/b7c2567f352d9c6dfb927d2338e2b989cf338f95af2acb300d5182cd1b20326c.png,medium,1,0.992712140083313
b7c56f11f38d0479034ed4c3e58e1d03d41aa17599f42b8a1e2a6f8a7a472261,data/datasets/openfake/additional-900/images/fake/b7c56f11f38d0479034ed4c3e58e1d03d41aa17599f42b8a1e2a6f8a7a472261.png,medium,1,0.9733823537826538
b7de72ac0879563f66995e729ab90abacddc3bb63356c2fc4a4020a86139a2a4,data/datasets/RRDataset/selection_1500/sara/ai/Culture_&_Religion_000898.png,medium,1,0.9872428178787231
b7fb96df6e6865de4269d930ec4276a00ed6f55a8b13464732548a52c73bf8ef,data/datasets/RRDataset/selection_1500/sara/ai/Culture_&_Religion_000901.png,medium,1,0.9941754937171936
b810e0e63467822367af849f49d0e96e92cc5fdd5672b79a7a60ade4fc7a4fd3,data/datasets/RRDataset/selection_1500/lorenzo/real/real_000389.jpg,medium,0,0.5442624092102051
b8134878210c7ed4e1c6477214d421fc62ad6d8a27d38ed33e45b81f818ae4a7,data/datasets/sid-set/candidate-1500/images/fake/b8134878210c7ed4e1c6477214d421fc62ad6d8a27d38ed33e45b81f818ae4a7.png,medium,1,0.9021401405334473
b82aee2afb308019e6b1794d49d8e48eb391d1cbd4d60f8b5e543110fce82b14,data/datasets/openfake/additional-900/images/fake/b82aee2afb308019e6b1794d49d8e48eb391d1cbd4d60f8b5e543110fce82b14.png,medium,1,0.6347581148147583
b82e3bc65d20bfd98d9c60fa81073d9d792bcda9787341df51eb7c8af1be3acd,data/datasets/RRDataset/selection_1500/sara/real/real_008211.jpg,medium,0,0.9914416670799255
b8408cf36e910e197812cccdfec8839a1b56e42adc555e631869aee8b850e6b8,data/datasets/RRDataset/selection_1500/giovanni/ai/Medical_&_Public_Health_000587.png,medium,1,0.9344871640205383
b8458bdcad8e15399844d58bda23312b744156dcdb620e84e1b12a205b472707,data/datasets/openfake/pilot-600/images/fake/b8458bdcad8e15399844d58bda23312b744156dcdb620e84e1b12a205b472707.jpg,medium,1,0.21148960292339325
b84aeb44d07ddd976764fb43760e93d4d07c41cdd99f817a83334721756179ce,data/datasets/sid-set/candidate-1500/images/real/b84aeb44d07ddd976764fb43760e93d4d07c41cdd99f817a83334721756179ce.jpg,medium,0,0.1879866123199463
b87fc9aa50921072d678af214c0f88b226150f0c5ee6ac359b2373f428110b5f,data/datasets/RRDataset/selection_1500/sara/ai/production_000639.png,medium,1,0.9993504881858826
b897d8ac22caf227715ef9c27faef9a4005d939a1ee489aeee23bc2cc83ed8d8,data/datasets/RRDataset/selection_1500/sara/ai/Natural_Disasters_&_Accidents_000045.png,medium,1,0.8731942772865295
b8a93add3b8274875818780f58d918a8ef1209e749b2742c1b44989c1582cd43,data/datasets/openfake/pilot-600/images/fake/b8a93add3b8274875818780f58d918a8ef1209e749b2742c1b44989c1582cd43.png,medium,1,0.466035395860672
b8d15cb5db5e44e22429599c4b4b4ae76c368bc14a664a9255e5fd0dc94faa08,data/datasets/openfake/additional-900/images/real/b8d15cb5db5e44e22429599c4b4b4ae76c368bc14a664a9255e5fd0dc94faa08.jpg,medium,0,0.0008080500992946327
b8d956c3fb03608bc327b23a40768f99574fa212532c6a8ed5a419f16bbd9f3d,data/datasets/openfake/pilot-600/images/real/b8d956c3fb03608bc327b23a40768f99574fa212532c6a8ed5a419f16bbd9f3d.jpg,medium,0,0.010651098564267159
b8db655f02b94485fd52b7156ea6c6d7f4a1b2c73757857add89391b4a939f0b,data/datasets/openfake/pilot-600/images/real/b8db655f02b94485fd52b7156ea6c6d7f4a1b2c73757857add89391b4a939f0b.jpg,medium,0,0.04240686073899269
b906e53c6f5e82d5ab095a626cf8b41f7dd1c060efec086d44710bd839247d24,data/datasets/openfake/pilot-600/images/real/b906e53c6f5e82d5ab095a626cf8b41f7dd1c060efec086d44710bd839247d24.jpg,medium,0,0.6012817621231079
b91e206a6a6165fbe2f5097e044035885b81588a24a8f3110dfda3e7a172bc04,data/datasets/RRDataset/selection_1500/giovanni/ai/production_000490.png,medium,1,0.9904342889785767
b93c7476d73a628c19e3c337626e9ae1e61a6710710e4735a41d0a2efc57cc0a,data/datasets/openfake/pilot-600/images/fake/b93c7476d73a628c19e3c337626e9ae1e61a6710710e4735a41d0a2efc57cc0a.png,medium,1,0.9871867895126343
b9554a9f45f8755273ffe7a48e4636c005f683314cad4e094fb2189510975161,data/datasets/openfake/pilot-600/images/real/b9554a9f45f8755273ffe7a48e4636c005f683314cad4e094fb2189510975161.jpg,medium,0,0.00523513276129961
b983e6382417896683aaf320cb55ee2d6f21cee6a833b55b6aae6e4f72e211c6,data/datasets/RRDataset/selection_1500/giovanni/real/real_001303.jpg,medium,0,0.9567198753356934
b995e411df5d86c75b618d51cc89343ad565dd23c7744b19d755fbebbb91b8be,data/datasets/sid-set/candidate-1500/images/fake/b995e411df5d86c75b618d51cc89343ad565dd23c7744b19d755fbebbb91b8be.png,medium,1,0.9874419569969177
b99a4d8dcbab4de120fabe29606bc536fb7959a8d968fe9114a215d988af7d38,data/datasets/openfake/additional-900/images/fake/b99a4d8dcbab4de120fabe29606bc536fb7959a8d968fe9114a215d988af7d38.webp,medium,1,0.15971682965755463
b99d0e9a67df3c1eb2173138810df50f5a61c39c31e746f0b3078fba5a22adf8,data/datasets/openfake/additional-900/images/real/b99d0e9a67df3c1eb2173138810df50f5a61c39c31e746f0b3078fba5a22adf8.jpg,medium,0,0.0041573867201805115
b9a4c4ffb8e7379f308ddbeca682765246039dc08eaf7b432a788c3fe81010cb,data/datasets/openfake/pilot-600/images/fake/b9a4c4ffb8e7379f308ddbeca682765246039dc08eaf7b432a788c3fe81010cb.png,medium,1,0.9928184747695923
ba1a70f119ab02530a3ae31a2fcd19fb2d94a77ef5ccf98733ebc8193194b671,data/datasets/RRDataset/selection_1500/giovanni/ai/Political_&_Social_Events_000409.png,medium,1,0.9137744307518005
ba3559b3e0f7b7792ff682688f131919a2ac67b945caeba2e9f166b4411aa93f,data/datasets/sid-set/candidate-1500/images/real/ba3559b3e0f7b7792ff682688f131919a2ac67b945caeba2e9f166b4411aa93f.jpg,medium,0,0.19022443890571594
ba39b106206997025ec9b50e0a7d42b26dcf1ecc27ce0a3e01163f141c88bd09,data/datasets/openfake/pilot-600/images/real/ba39b106206997025ec9b50e0a7d42b26dcf1ecc27ce0a3e01163f141c88bd09.jpg,medium,0,0.8580518364906311
ba39eff05727c0645b89f0e4c64dcde6d90a0d33dfc9e095c722c0983e10d056,data/datasets/sid-set/candidate-1500/images/real/ba39eff05727c0645b89f0e4c64dcde6d90a0d33dfc9e095c722c0983e10d056.jpg,medium,0,0.14915011823177338
ba54696c0e84b77fa815b730c32817576300a918349557e1613bfe475a288b7a,data/datasets/sid-set/candidate-1500/images/fake/ba54696c0e84b77fa815b730c32817576300a918349557e1613bfe475a288b7a.png,medium,1,0.9504119753837585
bad2eb561e967dcbecc626158803fb60907c1d9340e655543b0323a017a4ebac,data/datasets/sid-set/candidate-1500/images/fake/bad2eb561e967dcbecc626158803fb60907c1d9340e655543b0323a017a4ebac.png,medium,1,0.9893074631690979
bad9c0cc13d6fa31c29ddf5de476661319cfc23d9eca3490a790d28eaa1f2482,data/datasets/RRDataset/selection_1500/sara/real/real_009532.jpg,medium,0,0.9320572018623352
baeaf9465db8b18ce85e4e9be4dd0f70ec54b54c72dd61c7785c169c133edbcb,data/datasets/RRDataset/selection_1500/giovanni/real/real_005999.jpg,medium,0,0.8116999268531799
baf37c94d08d621bcd57d1362ecaea04634e38e8cfaceb2eed20e2cd1cd0d554,data/datasets/RRDataset/selection_1500/lorenzo/ai/Political_&_Social_Events_000354.png,medium,1,0.9692153334617615
baf4e340d006eff83cd83fe4abff8956937133d431eeb71c63610c052aeebc69,data/datasets/sid-set/candidate-1500/images/fake/baf4e340d006eff83cd83fe4abff8956937133d431eeb71c63610c052aeebc69.png,medium,1,0.9885699152946472
bafe20e9c999f953a9b97c829326e5c0d5414184bb76f5440d533420808489f7,data/datasets/sid-set/candidate-1500/images/fake/bafe20e9c999f953a9b97c829326e5c0d5414184bb76f5440d533420808489f7.png,medium,1,0.8095002770423889
bb02e5d4d59f095b00cd2844b129aeab7f23f014d53562e57321e49c87d9a0e9,data/datasets/RRDataset/selection_1500/giovanni/real/real_007359.jpg,medium,0,0.34732940793037415
bb04174781ef7a9ad459cb8527c5b406be335341da42094d4c0dffc574c4a744,data/datasets/RRDataset/selection_1500/lorenzo/ai/Medical_&_Public_Health_000054.png,medium,1,0.9022731184959412
bb097c1f48d9a2fabe5e6d92cf3696dde4d0cdc28f6a42e3063b9f6f18c75035,data/datasets/openfake/additional-900/images/real/bb097c1f48d9a2fabe5e6d92cf3696dde4d0cdc28f6a42e3063b9f6f18c75035.jpg,medium,0,0.04863421991467476
bb1c594760514a8c7c94401811ddc6c73e6efbf22a1dcafa5d2dbb493e4927c8,data/datasets/openfake/additional-900/images/real/bb1c594760514a8c7c94401811ddc6c73e6efbf22a1dcafa5d2dbb493e4927c8.jpg,medium,0,0.0017579760169610381
bb2c47d1f0af52f3e11d36cef8778ecbc7faa5a6630a25244706d808cebcde66,data/datasets/sid-set/candidate-1500/images/real/bb2c47d1f0af52f3e11d36cef8778ecbc7faa5a6630a25244706d808cebcde66.jpg,medium,0,0.2580530643463135
bb3317c556901bc8495f173708bea67e57fbd3d18e1941a9b0d8d2c41a18b040,data/datasets/RRDataset/selection_1500/giovanni/real/real_003459.jpg,medium,0,0.8691291809082031
bb452f100bcf65a01360a3cbe810c2b2c6620a8cfe1ef2e44b34367a8c968d43,data/datasets/RRDataset/selection_1500/giovanni/ai/Natural_Disasters_&_Accidents_000683.png,medium,1,0.9969170093536377
bb7a2b540cb52c08244c6ecaeb67d23dc2617a1178da09aa3746103e0db830a2,data/datasets/RRDataset/selection_1500/lorenzo/real/real_005060.jpg,medium,0,0.9147207140922546
bb832fd2886ee62af8865ab172f8901a2f02cb3a1a10009f48af26578854b211,data/datasets/sid-set/candidate-1500/images/real/bb832fd2886ee62af8865ab172f8901a2f02cb3a1a10009f48af26578854b211.jpg,medium,0,0.0409105084836483
bb8b7f0ca2565c21816a58654b6d02f734f362778d1ee36bdc199f1fbe3417b9,data/datasets/openfake/additional-900/images/fake/bb8b7f0ca2565c21816a58654b6d02f734f362778d1ee36bdc199f1fbe3417b9.png,medium,1,0.9909260272979736
bba84667d3fc8a3e4e4116813d1316e8da022f784d19079017db1fb95a8e0f26,data/datasets/openfake/pilot-600/images/real/bba84667d3fc8a3e4e4116813d1316e8da022f784d19079017db1fb95a8e0f26.jpg,medium,0,0.0075271413661539555
bbdb40931105eade06538cc8931170800afe345f089888d22cbc49115087de81,data/datasets/openfake/additional-900/images/fake/bbdb40931105eade06538cc8931170800afe345f089888d22cbc49115087de81.png,medium,1,0.9971107244491577
bbe8b17188ce586b729827c3c98b7cc82c2d3bd3be968cc89ecf85df2db7ecf6,data/datasets/openfake/additional-900/images/fake/bbe8b17188ce586b729827c3c98b7cc82c2d3bd3be968cc89ecf85df2db7ecf6.png,medium,1,0.37664783000946045
bc194397e108f8b6ccf35d2cece6a82f89435563d0a9c869a03b9931d21827f4,data/datasets/sid-set/candidate-1500/images/fake/bc194397e108f8b6ccf35d2cece6a82f89435563d0a9c869a03b9931d21827f4.png,medium,1,0.9613303542137146
bc5bf365c50be360233e3174d2d7a074f1039738692e3d51f78c062ee010786a,data/datasets/sid-set/candidate-1500/images/real/bc5bf365c50be360233e3174d2d7a074f1039738692e3d51f78c062ee010786a.jpg,medium,0,0.00010306181502528489
bc621b45a1d58ea68d9d3dc2b1716506503e867c7a9cf1f865ecb2c733b33134,data/datasets/sid-set/candidate-1500/images/fake/bc621b45a1d58ea68d9d3dc2b1716506503e867c7a9cf1f865ecb2c733b33134.png,medium,1,0.8761269450187683
bc66daccc5e4ee5b8134e33319620871c7cd212d19e28eea63598188a76566cd,data/datasets/sid-set/candidate-1500/images/fake/bc66daccc5e4ee5b8134e33319620871c7cd212d19e28eea63598188a76566cd.png,medium,1,0.9659208059310913
bc7ae30c447e5d10b5d003d60e88b0cf75b878b27705cc8dd5f4ca0e5d90f5df,data/datasets/openfake/pilot-600/images/real/bc7ae30c447e5d10b5d003d60e88b0cf75b878b27705cc8dd5f4ca0e5d90f5df.jpg,medium,0,0.04221575707197189
bc7e84e04cb445baaa2a741d52eb59b20943938a62e1524540bf61cd82e78872,data/datasets/openfake/additional-900/images/real/bc7e84e04cb445baaa2a741d52eb59b20943938a62e1524540bf61cd82e78872.jpg,medium,0,0.027440300211310387
bc8eed041ec1682b6835168b0f0dc51a2f2a334bcbd912de98a55eedc7fe598a,data/datasets/openfake/additional-900/images/fake/bc8eed041ec1682b6835168b0f0dc51a2f2a334bcbd912de98a55eedc7fe598a.png,medium,1,0.9549707174301147
bc8f5fd196165fabf84d5c19e26ecadd2011ee3ed5b2af10d3aacc62f50aaefe,data/datasets/openfake/additional-900/images/real/bc8f5fd196165fabf84d5c19e26ecadd2011ee3ed5b2af10d3aacc62f50aaefe.jpg,medium,0,0.8439598083496094
bc90882595ef874581b47d8ec69415451d4d6097809a24e2a297b922530f1ca6,data/datasets/openfake/pilot-600/images/real/bc90882595ef874581b47d8ec69415451d4d6097809a24e2a297b922530f1ca6.jpg,medium,0,0.013119066134095192
bc9520ce41e27a2309067b0e9dafc6aade6e0d44eab801907575c1b44ba538cc,data/datasets/RRDataset/selection_1500/giovanni/ai/normal_006442.jpg,medium,1,0.5058320760726929
bcc2891344af1ca8ab8fc491c8f6d8b860ac7eaf528f9242885938af0fbd4b37,data/datasets/openfake/pilot-600/images/real/bcc2891344af1ca8ab8fc491c8f6d8b860ac7eaf528f9242885938af0fbd4b37.jpg,medium,0,0.9501290917396545
bce0347144deee1d01dbe38ec2a48b46978406bcc61dcfb226f84bdeea2093e9,data/datasets/openfake/additional-900/images/fake/bce0347144deee1d01dbe38ec2a48b46978406bcc61dcfb226f84bdeea2093e9.png,medium,1,0.7130500078201294
bcfe5b4b191d23fd4a65e014e91c78162f1e934b01f3f7cba523b5c81dc59438,data/datasets/RRDataset/selection_1500/lorenzo/ai/Culture_&_Religion_000933.png,medium,1,0.9995680451393127
bd05cc98a020f538fcc2158c16653c0d556946e68fae83d6776c0a65e7ea0040,data/datasets/sid-set/candidate-1500/images/real/bd05cc98a020f538fcc2158c16653c0d556946e68fae83d6776c0a65e7ea0040.jpg,medium,0,0.3619178235530853
bd18fb8c67bdcfb38d4e410c079be3670ee1daf448a403b9e827b7f464b62627,data/datasets/openfake/pilot-600/images/fake/bd18fb8c67bdcfb38d4e410c079be3670ee1daf448a403b9e827b7f464b62627.png,medium,1,0.9188482761383057
bd2c64d2b71f34752e28190483d7b8d837d70d0d5dff5cac2b63b8a7dfb0fb94,data/datasets/RRDataset/selection_1500/giovanni/real/real_009191.jpg,medium,0,0.02706645429134369
bd4b219399d7fbc654f52c0fa8aa3b7c1feb211f41d4b4e8dabfccf779a0ab4e,data/datasets/sid-set/candidate-1500/images/fake/bd4b219399d7fbc654f52c0fa8aa3b7c1feb211f41d4b4e8dabfccf779a0ab4e.png,medium,1,0.9963022470474243
bd646544d1bedb8035c3980700018b7bef78b5e7416b6433f682568bbe9bbdcf,data/datasets/sid-set/candidate-1500/images/fake/bd646544d1bedb8035c3980700018b7bef78b5e7416b6433f682568bbe9bbdcf.png,medium,1,0.9284521341323853
bd65e5033f2e3adba71acb867e82e77c2a5d17bdc6bad76292652c1e3c539796,data/datasets/openfake/pilot-600/images/fake/bd65e5033f2e3adba71acb867e82e77c2a5d17bdc6bad76292652c1e3c539796.png,medium,1,0.779002845287323
bd7468a900ffedc02cbf783f68394ecb35d7425c554e97beb576c0b06e659133,data/datasets/openfake/additional-900/images/fake/bd7468a900ffedc02cbf783f68394ecb35d7425c554e97beb576c0b06e659133.jpg,medium,1,0.7089313864707947
bd773cf15c84d53a56b80a27c31f1235f9166a2dadcf9ebf2afa5610e20da22c,data/datasets/openfake/additional-900/images/real/bd773cf15c84d53a56b80a27c31f1235f9166a2dadcf9ebf2afa5610e20da22c.jpg,medium,0,0.9122068881988525
bd826c35fabe791a86968bafed22d709ed8026979363a4dd758b03967afe6350,data/datasets/openfake/additional-900/images/fake/bd826c35fabe791a86968bafed22d709ed8026979363a4dd758b03967afe6350.png,medium,1,0.6354093551635742
bd9e72d1b6d15ac87726d5f3595982b2cd896fd3425804185b8bfa1061294290,data/datasets/sid-set/candidate-1500/images/real/bd9e72d1b6d15ac87726d5f3595982b2cd896fd3425804185b8bfa1061294290.jpg,medium,0,0.10146621614694595
bdb3cd6886de35bb4b2179d6f4f681bf64351a8d9fec03ea17c99972803c66ef,data/datasets/sid-set/candidate-1500/images/fake/bdb3cd6886de35bb4b2179d6f4f681bf64351a8d9fec03ea17c99972803c66ef.png,medium,1,0.8711888790130615
bdb5b374f494146621382d746ea377dbcaa8fb510bc694739e330b9113e71dd6,data/datasets/openfake/pilot-600/images/fake/bdb5b374f494146621382d746ea377dbcaa8fb510bc694739e330b9113e71dd6.jpg,medium,1,0.9516016244888306
bdbfa48fa13d55c1b58ee3dee84505c9f01d05fef34ad051d721b1f6795e0bab,data/datasets/openfake/pilot-600/images/real/bdbfa48fa13d55c1b58ee3dee84505c9f01d05fef34ad051d721b1f6795e0bab.jpg,medium,0,0.6083165407180786
bdeae710998d4caeb004462816a1019a352b2038d813ef4db39735997ab01ef2,data/datasets/openfake/pilot-600/images/fake/bdeae710998d4caeb004462816a1019a352b2038d813ef4db39735997ab01ef2.jpg,medium,1,0.535444974899292
bdf62bcc6770dfc1d3883083f0da0553191e5cbdc22eff0b5f20b6715c6e841b,data/datasets/sid-set/candidate-1500/images/fake/bdf62bcc6770dfc1d3883083f0da0553191e5cbdc22eff0b5f20b6715c6e841b.png,medium,1,0.9866428375244141
be106d82779d2562da9577c3a88557a32c51b57071101d556fee432f866e3635,data/datasets/RRDataset/selection_1500/giovanni/ai/Culture_&_Religion_000101.png,medium,1,0.6485114097595215
be1f5254dc34553f2e58c10a8aea0c50099068af3133ccba6e4d837d3df1bfc4,data/datasets/openfake/pilot-600/images/fake/be1f5254dc34553f2e58c10a8aea0c50099068af3133ccba6e4d837d3df1bfc4.png,medium,1,0.9286990761756897
be33831209738199210ae60e7d5ad343fe84d1425a79ee92789caf882072276e,data/datasets/openfake/additional-900/images/real/be33831209738199210ae60e7d5ad343fe84d1425a79ee92789caf882072276e.jpg,medium,0,0.0057852547615766525
be5cd04fe936da1ecd2c8d010d0d524bfb27b363f21c131fb2db45d2ad7c8d08,data/datasets/openfake/additional-900/images/fake/be5cd04fe936da1ecd2c8d010d0d524bfb27b363f21c131fb2db45d2ad7c8d08.png,medium,1,0.99913090467453
be62b4dec746e798b332c77f65f7022abc7f283c8d59eea729255bf4653e32e5,data/datasets/openfake/additional-900/images/real/be62b4dec746e798b332c77f65f7022abc7f283c8d59eea729255bf4653e32e5.jpg,medium,0,0.08923154324293137
be6559890cc95c081e87d1205248fa045cbf7f6f55d6ba16880d17d8f99f68c2,data/datasets/sid-set/candidate-1500/images/fake/be6559890cc95c081e87d1205248fa045cbf7f6f55d6ba16880d17d8f99f68c2.png,medium,1,0.9821400046348572
be65741ad4879e310a643b4e17c0d9e34a4826fa49543cdada6a69bf635c9cb4,data/datasets/openfake/additional-900/images/fake/be65741ad4879e310a643b4e17c0d9e34a4826fa49543cdada6a69bf635c9cb4.jpg,medium,1,0.9307624101638794
be68db324af6488fb91dfcdd0daddaff6b26728ee67e41b1b477c9d2c1bd7f63,data/datasets/RRDataset/selection_1500/sara/real/real_000097.jpg,medium,0,0.19320598244667053
be6c4b269eb70b11fbb8acdf66179d54ce1172341cceb727d5fbe105e1e0f71c,data/datasets/sid-set/candidate-1500/images/fake/be6c4b269eb70b11fbb8acdf66179d54ce1172341cceb727d5fbe105e1e0f71c.png,medium,1,0.9840784072875977
be91ff23e3eda77d35510cd8754c57d6d2437611e18e7bb561e6d343fd9398a6,data/datasets/openfake/additional-900/images/fake/be91ff23e3eda77d35510cd8754c57d6d2437611e18e7bb561e6d343fd9398a6.png,medium,1,0.9757551550865173
be988cd479aecc49a4d8c248cd296c20ab8fa74b711fe95de0eeab1078e9af48,data/datasets/openfake/additional-900/images/fake/be988cd479aecc49a4d8c248cd296c20ab8fa74b711fe95de0eeab1078e9af48.png,medium,1,0.318083256483078
bebbb0ed484c4826be2d28370b8d0ae0f525f7d321432655d09f71c881f80b1f,data/datasets/sid-set/candidate-1500/images/fake/bebbb0ed484c4826be2d28370b8d0ae0f525f7d321432655d09f71c881f80b1f.png,medium,1,0.997369647026062
bedac26db0675db7d6bf45a495b6ac641e219d193260e587d7833a128b147737,data/datasets/RRDataset/selection_1500/sara/real/real_001570.jpg,medium,0,0.8525746464729309
bee7dc93465c29e715914999fcae336458da2f66f6504f2281b1c961ca9215d0,data/datasets/sid-set/candidate-1500/images/real/bee7dc93465c29e715914999fcae336458da2f66f6504f2281b1c961ca9215d0.jpg,medium,0,0.025815390050411224
beea8e894360787abaf73d0cadfb6848de6a6f9ff87bc0e2b1923f0c5ab9f961,data/datasets/sid-set/candidate-1500/images/fake/beea8e894360787abaf73d0cadfb6848de6a6f9ff87bc0e2b1923f0c5ab9f961.png,medium,1,0.9761146306991577
befae92a3426d61b81393aeecfb8dc2f19325546e954157dcfce1218848d077b,data/datasets/RRDataset/selection_1500/lorenzo/ai/production_000622.png,medium,1,0.9987371563911438
bf2edbc0a9708e8a8cde5901e2c2cafb065b2f722c53f93c617a01278de75e66,data/datasets/RRDataset/selection_1500/giovanni/ai/Natural_Disasters_&_Accidents_000929.png,medium,1,0.9568182229995728
bf3fc7c506de6b43ccc85a0067a8aab0422e6ae97ff1331a7d357138f1558243,data/datasets/openfake/pilot-600/images/real/bf3fc7c506de6b43ccc85a0067a8aab0422e6ae97ff1331a7d357138f1558243.jpg,medium,0,0.6903849840164185
bf4d8af134119a4750e50544cf68d72e4c66aadfb35ea71b230f8ea6e01f9b25,data/datasets/openfake/additional-900/images/real/bf4d8af134119a4750e50544cf68d72e4c66aadfb35ea71b230f8ea6e01f9b25.jpg,medium,0,0.00043972261482849717
bf60ebe3dd703c0013c53b9961ba2fdf87c107f2fb44e4eff163c9b23344d641,data/datasets/RRDataset/selection_1500/lorenzo/real/real_007212.jpg,medium,0,0.5119434595108032
bf7158fbc8504a51a0cf1eb2119bae19382876dffa77ad331e68c5d48d4452f5,data/datasets/openfake/pilot-600/images/fake/bf7158fbc8504a51a0cf1eb2119bae19382876dffa77ad331e68c5d48d4452f5.png,medium,1,0.8576457500457764
bf8f01a05d2b12780ba1a2a3ec1ecbe57d6445b885cb1c1d4844c8d42396985b,data/datasets/RRDataset/selection_1500/sara/ai/production_000842.png,medium,1,0.9911105632781982
bf9244b06b77599cc94ebe02257240e3f5d84ad89441cadd70601eeb4d156660,data/datasets/RRDataset/selection_1500/sara/ai/Culture_&_Religion_000466.png,medium,1,0.5533860325813293
bf9c8cad99e8971f0b91ee168894faa3b226c5413ff4e2f08778fa10a78756a6,data/datasets/RRDataset/selection_1500/giovanni/real/real_008367.jpg,medium,0,0.6527900695800781
bfaa53851851278f837759061694f04d8c570b3c35356765ec8704f3c5b53872,data/datasets/sid-set/candidate-1500/images/real/bfaa53851851278f837759061694f04d8c570b3c35356765ec8704f3c5b53872.jpg,medium,0,0.0012280961964279413
bfcf52cef3434ad6c34c1c06a8ff3bd5fd3ce65670c7fd03018fcb608db376f8,data/datasets/RRDataset/selection_1500/giovanni/real/real_001165.jpg,medium,0,0.02834833599627018
bfe0b68fd64d6e09a426723e5afbe41daa299667683bc5b31fc107b834917261,data/datasets/openfake/additional-900/images/fake/bfe0b68fd64d6e09a426723e5afbe41daa299667683bc5b31fc107b834917261.png,medium,1,0.6823793649673462
c0212e9c8debbea83b722aad31b07e7b37ebeea63f8679f9069093eee4882926,data/datasets/openfake/additional-900/images/real/c0212e9c8debbea83b722aad31b07e7b37ebeea63f8679f9069093eee4882926.jpg,medium,0,0.896533191204071
c02e62ea1a7e029ab7afb32b8240ac1638bd84b92f938968198f71e6f428f732,data/datasets/RRDataset/selection_1500/giovanni/real/real_000158.jpg,medium,0,0.27291154861450195
c049436e6b62650209ff13ad182abeefa5cc603973d0f1ec2437ead3b4a760e1,data/datasets/RRDataset/selection_1500/sara/real/real_007715.jpg,medium,0,0.14828528463840485
c04dbf031d6ba7e732a54018913c1bf4c3f1309bf8f847dcbc742e4b7746400c,data/datasets/sid-set/candidate-1500/images/fake/c04dbf031d6ba7e732a54018913c1bf4c3f1309bf8f847dcbc742e4b7746400c.png,medium,1,0.5024598836898804
c04f18dc04acdd6020734bbe9b6ac6d87e2748c07d07951246403d67fe8521dc,data/datasets/sid-set/candidate-1500/images/fake/c04f18dc04acdd6020734bbe9b6ac6d87e2748c07d07951246403d67fe8521dc.png,medium,1,0.9111889600753784
c0ab53548738fac7149f354f7a71c8a4cde536b7cdeac9a67e8839743d1bdab2,data/datasets/openfake/additional-900/images/fake/c0ab53548738fac7149f354f7a71c8a4cde536b7cdeac9a67e8839743d1bdab2.png,medium,1,0.9911243319511414
c0ac1d2f4088996987044051675b54b64faa707f2835c88bfa154c13043e9177,data/datasets/sid-set/candidate-1500/images/real/c0ac1d2f4088996987044051675b54b64faa707f2835c88bfa154c13043e9177.jpg,medium,0,0.00012306416465435177
c0aeaea780d08d61a1370a38183a9c2af20c75058e6953b56745cf7a81037cc9,data/datasets/sid-set/candidate-1500/images/fake/c0aeaea780d08d61a1370a38183a9c2af20c75058e6953b56745cf7a81037cc9.png,medium,1,0.957073450088501
c0dbb5500c450e2b2bcd8d25199a0dffbc05efdd575b854d7f52f001f02529c4,data/datasets/openfake/additional-900/images/real/c0dbb5500c450e2b2bcd8d25199a0dffbc05efdd575b854d7f52f001f02529c4.png,medium,0,0.8710803985595703
c0e262a672e0a0c2c137f9d10d8f53f7612f6025d52fa891503c44b37785ccc8,data/datasets/openfake/additional-900/images/real/c0e262a672e0a0c2c137f9d10d8f53f7612f6025d52fa891503c44b37785ccc8.jpg,medium,0,0.5209325551986694
c0e8d32b583aa36daeb127a5752ed47d4b659bfa3ead216ffee3a6a250be3b80,data/datasets/openfake/additional-900/images/fake/c0e8d32b583aa36daeb127a5752ed47d4b659bfa3ead216ffee3a6a250be3b80.png,medium,1,0.9938886165618896
c0fad5fdca887ef09f266aeea70280f5f5cf2750d4e7e865e010635ad58561c2,data/datasets/openfake/additional-900/images/real/c0fad5fdca887ef09f266aeea70280f5f5cf2750d4e7e865e010635ad58561c2.jpg,medium,0,0.6647831201553345
c0feb92794768bb18f374a57504541906f8fe5cf4aab9afc8b772edeb19dd95e,data/datasets/sid-set/candidate-1500/images/real/c0feb92794768bb18f374a57504541906f8fe5cf4aab9afc8b772edeb19dd95e.jpg,medium,0,0.040122274309396744
c116943008bb238fec864df6686d5b0420e2bc4fdb2814906ee727a70eb2f37e,data/datasets/openfake/additional-900/images/real/c116943008bb238fec864df6686d5b0420e2bc4fdb2814906ee727a70eb2f37e.jpg,medium,0,0.0003943319316022098
c127980528b84ff9062c102dcb7cf9b337c5a910a2bde3b1ba4231afcee5186c,data/datasets/openfake/pilot-600/images/real/c127980528b84ff9062c102dcb7cf9b337c5a910a2bde3b1ba4231afcee5186c.jpg,medium,0,0.5868578553199768
c12de5af6a58750413a431e48979c46742604c110caf24091ee10c538a35f304,data/datasets/RRDataset/selection_1500/giovanni/ai/Political_&_Social_Events_000163.png,medium,1,0.4223264455795288
c1336bc2190d26a4f45b33f607626eac3f0d8ae6be907c08b7b04361191d0e02,data/datasets/openfake/additional-900/images/fake/c1336bc2190d26a4f45b33f607626eac3f0d8ae6be907c08b7b04361191d0e02.jpg,medium,1,0.9309437274932861
c1427afac1b8dfde30045d114a14cf6e6766413df7eed365a4fd44dd17470297,data/datasets/RRDataset/selection_1500/lorenzo/real/real_007275.jpg,medium,0,0.42117395997047424
c162a580b060f9df831cdf3536d7f9d040ad059fc1de3197bdd96493cb3bb16b,data/datasets/RRDataset/selection_1500/sara/ai/Culture_&_Religion_000799.png,medium,1,0.9659008979797363
c19455560d953cbf4cf4beffce2b830482ebb24e1b1db4538d4ff38d21ec804f,data/datasets/RRDataset/selection_1500/sara/ai/Political_&_Social_Events_000996.png,medium,1,0.9942591190338135
c2123646d61778b559df66d6de5e9a67d368efd618e7549a1a0aadb2dfee9ace,data/datasets/RRDataset/selection_1500/lorenzo/real/real_002011.jpg,medium,0,0.8473722338676453
c226728be829310c07e8419204fa4541cbb832388d622eb8e2e6e4f9452b8fc7,data/datasets/sid-set/candidate-1500/images/fake/c226728be829310c07e8419204fa4541cbb832388d622eb8e2e6e4f9452b8fc7.png,medium,1,0.971373975276947
c22b3106d78948d72e28c2e3306bc2c7891b1442ff47a6307158549ad7824181,data/datasets/RRDataset/selection_1500/sara/ai/Medical_&_Public_Health_000539.png,medium,1,0.9699853658676147
c23b528010cae34b2bdac5c82606d12bb7d28b9d7317f009db9a3f2e95cfcdb0,data/datasets/RRDataset/selection_1500/giovanni/ai/War_&_Conflict_Scenes_000001.png,medium,1,0.9698517918586731
c24a48578969a52267ff55a22639201096f5f65a22e82de9d6af7d6486cc16c6,data/datasets/RRDataset/selection_1500/lorenzo/real/real_007568.jpg,medium,0,0.5907167196273804
c24f4fd4fc9477b64ac446a66eb58d304493d368ae55cfee0b29333a57850e21,data/datasets/openfake/additional-900/images/real/c24f4fd4fc9477b64ac446a66eb58d304493d368ae55cfee0b29333a57850e21.jpg,medium,0,0.0002195217675762251
c253ebd1421b72c8c8851f019351bfdf553999e0c3ba38250f3eb3923b40e474,data/datasets/RRDataset/selection_1500/lorenzo/real/real_000842.jpg,medium,0,0.2356531172990799
c2723ebef8ac42ec44f39f2bd1996c75dfacd2e0e3c0f84529d375a988d36e4b,data/datasets/RRDataset/selection_1500/sara/ai/Natural_Disasters_&_Accidents_000294.png,medium,1,0.9838305711746216
c2881379492dd71284ac4b63a8d3c629baa2b448c2c9359b65063d36490e1f3a,data/datasets/sid-set/candidate-1500/images/fake/c2881379492dd71284ac4b63a8d3c629baa2b448c2c9359b65063d36490e1f3a.png,medium,1,0.9580504298210144
c288843167ffc486da7871707c498ef7ad73ad1ff2f253c4a08fd0d9c1fbcad2,data/datasets/sid-set/candidate-1500/images/real/c288843167ffc486da7871707c498ef7ad73ad1ff2f253c4a08fd0d9c1fbcad2.jpg,medium,0,0.8974133133888245
c290c2eda4e0d1928ee30762b52be5d5147c99e2769b1fadaa1050ce032d8eab,data/datasets/sid-set/candidate-1500/images/real/c290c2eda4e0d1928ee30762b52be5d5147c99e2769b1fadaa1050ce032d8eab.jpg,medium,0,0.026839211583137512
c2ba6eb09c72ba71f906b83595c542516c6b6468b6c6ecadd0048bca9010f5e9,data/datasets/openfake/additional-900/images/fake/c2ba6eb09c72ba71f906b83595c542516c6b6468b6c6ecadd0048bca9010f5e9.png,medium,1,0.9380438327789307
c2c4932409d5de05817e9ebb8f0868b4ba886a83a7caa06e755d9dc9f43b9c9c,data/datasets/openfake/additional-900/images/real/c2c4932409d5de05817e9ebb8f0868b4ba886a83a7caa06e755d9dc9f43b9c9c.jpg,medium,0,0.005910398904234171
c2cacb13de428d2bb19d3ea532788f2154624dd5a5876d960cb9e8c21f002e8b,data/datasets/openfake/additional-900/images/real/c2cacb13de428d2bb19d3ea532788f2154624dd5a5876d960cb9e8c21f002e8b.jpg,medium,0,0.8289108872413635
c2e054511cd19df6eb6165955c23a7bea9ca062e962c1fc660c5abde0a4610c5,data/datasets/openfake/additional-900/images/fake/c2e054511cd19df6eb6165955c23a7bea9ca062e962c1fc660c5abde0a4610c5.png,medium,1,0.7932960987091064
c2eca65f9826788693ad9f27c4c4ce9b80284f53a460271705d43a4f07b878f3,data/datasets/openfake/additional-900/images/fake/c2eca65f9826788693ad9f27c4c4ce9b80284f53a460271705d43a4f07b878f3.png,medium,1,0.9407763481140137
c2ed4667f759d0c78f16220106cee6f7bd5f091bcf84c8ece78c56ef47464988,data/datasets/RRDataset/selection_1500/lorenzo/real/real_006247.jpg,medium,0,0.16278576850891113
c3034badca77ee689d9f79b5a9324235e0dd7da6ae147d16bc01156244efe917,data/datasets/sid-set/candidate-1500/images/real/c3034badca77ee689d9f79b5a9324235e0dd7da6ae147d16bc01156244efe917.jpg,medium,0,0.025249382480978966
c3321c44980ac1eb4861d67763ab0de9594eb2b4a43ba346bac3a86077102dcf,data/datasets/sid-set/candidate-1500/images/fake/c3321c44980ac1eb4861d67763ab0de9594eb2b4a43ba346bac3a86077102dcf.png,medium,1,0.9521095752716064
c34b6a4214085bff23ec4c00d23ccd8b6a4ecb285c06c529c678efd8beb54680,data/datasets/openfake/additional-900/images/real/c34b6a4214085bff23ec4c00d23ccd8b6a4ecb285c06c529c678efd8beb54680.jpg,medium,0,5.4514890507562086e-05
c35a9cbf6b7f7d385049de9c5df0f48b6dc3b209d983bc36686cfe4c66bebf4e,data/datasets/openfake/additional-900/images/real/c35a9cbf6b7f7d385049de9c5df0f48b6dc3b209d983bc36686cfe4c66bebf4e.jpg,medium,0,0.8736889958381653
c35ff2c605a4ef1f11ab52198ace902cf95f69ecfc1133b36801bd82ba8dd153,data/datasets/openfake/additional-900/images/fake/c35ff2c605a4ef1f11ab52198ace902cf95f69ecfc1133b36801bd82ba8dd153.png,medium,1,0.8476309180259705
c3600adea783e307d21c75c19bc94d7b55fd11444f296aac1e5514161f097bf3,data/datasets/sid-set/candidate-1500/images/real/c3600adea783e307d21c75c19bc94d7b55fd11444f296aac1e5514161f097bf3.jpg,medium,0,0.023394940420985222
c36f4ee06c886656386fe378b51f7d5e9045b3e0a5e7e236c911e715c1fe39b5,data/datasets/sid-set/candidate-1500/images/real/c36f4ee06c886656386fe378b51f7d5e9045b3e0a5e7e236c911e715c1fe39b5.jpg,medium,0,0.6814476251602173
c39c7e63bf2c27f16ba5b42d3157da1e0a23589d8843cadd162e5e06eaeb833d,data/datasets/openfake/pilot-600/images/real/c39c7e63bf2c27f16ba5b42d3157da1e0a23589d8843cadd162e5e06eaeb833d.jpg,medium,0,0.005630700383335352
c3dfc6e0ca3c7aa6579ed1accf27c007c3ac59269d07013f9905944e239d6d33,data/datasets/RRDataset/selection_1500/lorenzo/ai/Culture_&_Religion_000510.png,medium,1,0.978590190410614
c3ea3ee89dc98feed7a03bc4d09daa220ddcbd78d6c0c504320c900acaa9f303,data/datasets/RRDataset/selection_1500/sara/real/real_000322.jpg,medium,0,0.020422037690877914
c3f8209a71f2a5a7632d98cfe19bd27f5315cee4e0f182eb28e33cd439460aa5,data/datasets/sid-set/candidate-1500/images/real/c3f8209a71f2a5a7632d98cfe19bd27f5315cee4e0f182eb28e33cd439460aa5.jpg,medium,0,0.035939931869506836
c3faa2d56cbdebaebe35236723893398cdb3f7ebed2e55b0d1e35ef601ef8b6f,data/datasets/openfake/additional-900/images/real/c3faa2d56cbdebaebe35236723893398cdb3f7ebed2e55b0d1e35ef601ef8b6f.jpg,medium,0,0.6513764262199402
c415f91fa599171187377580d8f8d922f1f9709634e88f113391ed9581758e44,data/datasets/sid-set/candidate-1500/images/real/c415f91fa599171187377580d8f8d922f1f9709634e88f113391ed9581758e44.jpg,medium,0,0.9700288772583008
c437eac66b8d3a8d354ce2e529639978013c04f0cff7a1ff06a80e84e7288286,data/datasets/RRDataset/selection_1500/sara/ai/Political_&_Social_Events_000595.png,medium,1,0.9985988736152649
c43955d12c0918a6bb0f545632ffb3d35429fb2048680e5bd31a6eec5d468a6b,data/datasets/RRDataset/selection_1500/sara/ai/production_000958.png,medium,1,0.9985307455062866
c452c4c44051976b61638dd611e2e510c7295448f5becb17bbb847d2d2b31538,data/datasets/openfake/additional-900/images/fake/c452c4c44051976b61638dd611e2e510c7295448f5becb17bbb847d2d2b31538.png,medium,1,0.9744354486465454
c45e9156798d4a69e7d70cc43f8e9bf0bfe01be4353b5929a02fc77c00a65e17,data/datasets/sid-set/candidate-1500/images/real/c45e9156798d4a69e7d70cc43f8e9bf0bfe01be4353b5929a02fc77c00a65e17.jpg,medium,0,0.0021100149024277925
c465d898451fdb9744c561c0889eb9b438c4fa94959bcf6f954d3c05b306cd56,data/datasets/openfake/additional-900/images/real/c465d898451fdb9744c561c0889eb9b438c4fa94959bcf6f954d3c05b306cd56.jpg,medium,0,0.8639137148857117
c4b04c578c6b8a89e4a135d73f0f69ed2fba0787c97b6692279044737196055c,data/datasets/sid-set/candidate-1500/images/real/c4b04c578c6b8a89e4a135d73f0f69ed2fba0787c97b6692279044737196055c.jpg,medium,0,0.014630868099629879
c4b7991c3a133ab685958358d2518250fdb4b990a74c904159ef40f4ce21b06d,data/datasets/RRDataset/selection_1500/giovanni/ai/Political_&_Social_Events_000644.png,medium,1,0.9512042999267578
c4be0e7eeb0123ffe4d628d014fdf8afedf5b85e7e6942291f3b9a7154e79a34,data/datasets/RRDataset/selection_1500/sara/ai/production_000539.png,medium,1,0.9984222650527954
c4d041945a82db302fced4b4b064358d1ea2cf1d686bddc7ba2c342b3d3aae1f,data/datasets/openfake/pilot-600/images/real/c4d041945a82db302fced4b4b064358d1ea2cf1d686bddc7ba2c342b3d3aae1f.jpg,medium,0,2.7130578018841334e-05
c5098bce0337d236402a8deec55627f6e41d0b159bffc9a7b0b9253a816290e2,data/datasets/RRDataset/selection_1500/giovanni/ai/Culture_&_Religion_000001.png,medium,1,0.9893723130226135
c511ba529b3d730b3d90a3866f9840f9889ce2a1183f3398a257ef660a8cb688,data/datasets/sid-set/candidate-1500/images/real/c511ba529b3d730b3d90a3866f9840f9889ce2a1183f3398a257ef660a8cb688.jpg,medium,0,0.04921000823378563
c521d38bf560a5f19b842c7f4d80e3486e2d5f99977b44e736b23fddf7cef42a,data/datasets/openfake/additional-900/images/fake/c521d38bf560a5f19b842c7f4d80e3486e2d5f99977b44e736b23fddf7cef42a.png,medium,1,0.9703530669212341
c5224d8826510a803826e9b3d994623f3905b28787a92a9d2ec47890d6595d61,data/datasets/sid-set/candidate-1500/images/real/c5224d8826510a803826e9b3d994623f3905b28787a92a9d2ec47890d6595d61.jpg,medium,0,0.9859407544136047
c52840132cc9dfc7e8db4c6f2caa1fab0590f497b1abc4340a0b598f253302fc,data/datasets/RRDataset/selection_1500/lorenzo/real/real_000275.jpg,medium,0,0.16615164279937744
c58e4e720db32e84506c507757ab223bfdb2a5ff7cff405049d764c1bba9dadd,data/datasets/openfake/additional-900/images/real/c58e4e720db32e84506c507757ab223bfdb2a5ff7cff405049d764c1bba9dadd.jpg,medium,0,0.15682478249073029
c5c443056171b8db68e2d7a2383ecf4bf834d115cdb977cdd55f71c4b57b48bd,data/datasets/sid-set/candidate-1500/images/real/c5c443056171b8db68e2d7a2383ecf4bf834d115cdb977cdd55f71c4b57b48bd.jpg,medium,0,0.7776137590408325
c5cfef6696e2d86c5915ade008acd3d9dbdc4790262a7dac73ef00e00e5a1f1d,data/datasets/openfake/additional-900/images/fake/c5cfef6696e2d86c5915ade008acd3d9dbdc4790262a7dac73ef00e00e5a1f1d.png,medium,1,0.9983073472976685
c5e2821a1b8943a164d1a0634dca60d1169721b78d90f6a2af32c432e092ca8f,data/datasets/RRDataset/selection_1500/lorenzo/ai/production_000208.png,medium,1,0.9722362756729126
c5e4daa0c50f9a7f6bca93abde9ec3e3fa3d106580385e570ad3e7dcb7079938,data/datasets/openfake/additional-900/images/real/c5e4daa0c50f9a7f6bca93abde9ec3e3fa3d106580385e570ad3e7dcb7079938.jpg,medium,0,0.08053650707006454
c5e60e4bb13c3c07e499363a9b60c95aadde339208dad28b85d2231c7f883503,data/datasets/openfake/additional-900/images/fake/c5e60e4bb13c3c07e499363a9b60c95aadde339208dad28b85d2231c7f883503.png,medium,1,0.34644070267677307
c5ed894b3b242fd40d06fce3f152fbe4c7d1944c023045736d0226bf4e012ef7,data/datasets/openfake/additional-900/images/fake/c5ed894b3b242fd40d06fce3f152fbe4c7d1944c023045736d0226bf4e012ef7.png,medium,1,0.9942415952682495
c5fb2224ffc915d2b12fc044ebaf3e8dd52148cf5ce5e426df214c9b6596364f,data/datasets/openfake/additional-900/images/real/c5fb2224ffc915d2b12fc044ebaf3e8dd52148cf5ce5e426df214c9b6596364f.jpg,medium,0,0.0002497010864317417
c621ef3b295de16d6587c16fa5e3a1177afee1b09afe9b866a5c7dbd58ecb058,data/datasets/openfake/additional-900/images/real/c621ef3b295de16d6587c16fa5e3a1177afee1b09afe9b866a5c7dbd58ecb058.jpg,medium,0,0.0064011188223958015
c624050ffed89033e37507f564f96c0a51e7d2f965b1677eac5287724ab3c446,data/datasets/RRDataset/selection_1500/giovanni/real/real_001603.jpg,medium,0,0.2525901794433594
c6274b8880f20440f28ea1eef3bbe002ef1b8dffbc4ca0b34bd16f15070cafe0,data/datasets/openfake/pilot-600/images/real/c6274b8880f20440f28ea1eef3bbe002ef1b8dffbc4ca0b34bd16f15070cafe0.jpg,medium,0,0.15535658597946167
c628acad8fc8319ab94edf29e4e8b4fbae7b8d7ed51d7d3232171b826a74f32d,data/datasets/RRDataset/selection_1500/sara/ai/Natural_Disasters_&_Accidents_000846.png,medium,1,0.9654718041419983
c63e4900752cd8f9f97d1452ff335fe0cabe7dea551947edd2dd7019468b21a5,data/datasets/sid-set/candidate-1500/images/fake/c63e4900752cd8f9f97d1452ff335fe0cabe7dea551947edd2dd7019468b21a5.png,medium,1,0.9897909760475159
c661aa408c18fe45635909cef13019f38480e081c74574a95b8a225cd87cdeca,data/datasets/openfake/additional-900/images/real/c661aa408c18fe45635909cef13019f38480e081c74574a95b8a225cd87cdeca.jpg,medium,0,0.040575847029685974
c6c998b6334d4499a2474e7262442d124be1f996ee9b1556d94ef173790e3c2d,data/datasets/RRDataset/selection_1500/giovanni/ai/Natural_Disasters_&_Accidents_000903.png,medium,1,0.9716273546218872
c6d0ced2f556cdea35b511a57ece675d663465486208bc5d3029a76390708dce,data/datasets/RRDataset/selection_1500/lorenzo/real/real_006057.jpg,medium,0,0.421700656414032
c6e55ba096ddfd3f4509e9e5566ac92bf3afbedd2883fab82f04df85cad13140,data/datasets/openfake/pilot-600/images/fake/c6e55ba096ddfd3f4509e9e5566ac92bf3afbedd2883fab82f04df85cad13140.jpg,medium,1,0.2980167269706726
c6f5d0ab6c49b30dd4080fb3fe7091eb74892afd91175edbaba885a0bc5953a4,data/datasets/RRDataset/selection_1500/lorenzo/ai/Medical_&_Public_Health_000885.png,medium,1,0.9772590398788452
c728f3c362ee778c77adc28dff496300e2a9d37ccbb8c2bd41e88985f14c4b82,data/datasets/openfake/additional-900/images/fake/c728f3c362ee778c77adc28dff496300e2a9d37ccbb8c2bd41e88985f14c4b82.jpg,medium,1,0.9843387007713318
c734eb1791aa6de4f5da41c7723c3e1f1445d6bdcdcf9786a0eac69fb6d68831,data/datasets/RRDataset/selection_1500/sara/ai/Political_&_Social_Events_000042.png,medium,1,0.9807676672935486
c73a2864d430d34bd796e870bdb19f36cb53e51849e9811921906df83b7799fc,data/datasets/RRDataset/selection_1500/lorenzo/real/real_000820.jpg,medium,0,0.6466184258460999
c74101840286243437a3e717797c13a49fba171dca93ef87c687063a1ca0cdbb,data/datasets/RRDataset/selection_1500/lorenzo/real/real_007248.jpg,medium,0,0.7428666949272156
c760660d3874012c7a63ac17a3d6983f39d197ef49150ede213555b3cd1b0a42,data/datasets/openfake/pilot-600/images/fake/c760660d3874012c7a63ac17a3d6983f39d197ef49150ede213555b3cd1b0a42.png,medium,1,0.9945688247680664
c761710b14fb12f076f4420c3ce9ec3fcf543487cc7dd9ab042df7782207c4c8,data/datasets/RRDataset/selection_1500/sara/real/real_005982.jpg,medium,0,0.11016105860471725
c77213925eb4626576a49406ab42749261b81c04b67d40dd78dc0dac24d2c643,data/datasets/openfake/pilot-600/images/fake/c77213925eb4626576a49406ab42749261b81c04b67d40dd78dc0dac24d2c643.png,medium,1,0.8990098834037781
c775e443b47a3098db7cdb501bde72165ee9b69e84250f50236c5f2285317350,data/datasets/sid-set/candidate-1500/images/fake/c775e443b47a3098db7cdb501bde72165ee9b69e84250f50236c5f2285317350.png,medium,1,0.9818100929260254
c7762be57fc093f4daf9aa7d687c08362c2a61794fe9c03d1bd96603290ae689,data/datasets/openfake/pilot-600/images/real/c7762be57fc093f4daf9aa7d687c08362c2a61794fe9c03d1bd96603290ae689.jpg,medium,0,0.9518126845359802
c78dbccb820bde781f9aaeea6a9e19e9d22ffb2d182460fdc4c28cfe5810bc0e,data/datasets/sid-set/candidate-1500/images/fake/c78dbccb820bde781f9aaeea6a9e19e9d22ffb2d182460fdc4c28cfe5810bc0e.png,medium,1,0.9389566779136658
c799ba4e5bf8d5f2207725a5fcd5379473c929e8a93cd910e51d86d13f553fc2,data/datasets/RRDataset/selection_1500/giovanni/ai/Political_&_Social_Events_000908.png,medium,1,0.9905102849006653
c7a2561c8c38fcb85c7fdefe92ff5e30bb9efd344a7ef31771f227d827d7d00a,data/datasets/openfake/pilot-600/images/fake/c7a2561c8c38fcb85c7fdefe92ff5e30bb9efd344a7ef31771f227d827d7d00a.png,medium,1,0.9661235213279724
c7bd34d61c2eb0d241e1ae369baa5dc541cbb3e805074cff962db0dafc7333d1,data/datasets/openfake/pilot-600/images/real/c7bd34d61c2eb0d241e1ae369baa5dc541cbb3e805074cff962db0dafc7333d1.jpg,medium,0,0.001228822278790176
c7c9c82a975acb63270425ba3849174bcf1676ec068ca905472443a5aae945ff,data/datasets/sid-set/candidate-1500/images/fake/c7c9c82a975acb63270425ba3849174bcf1676ec068ca905472443a5aae945ff.png,medium,1,0.8639014959335327
c7d05466f4948689f58add2b702fa94f7f3991b247baa63259ce6bf0e8eef4ea,data/datasets/openfake/pilot-600/images/fake/c7d05466f4948689f58add2b702fa94f7f3991b247baa63259ce6bf0e8eef4ea.png,medium,1,0.8348259925842285
c7d495a1e9317f1026fcdc1c9093d1df3f0872ee71fb0d61d81ff8a590f87dd7,data/datasets/openfake/additional-900/images/real/c7d495a1e9317f1026fcdc1c9093d1df3f0872ee71fb0d61d81ff8a590f87dd7.jpg,medium,0,0.05096729099750519
c7f48c001248fdf39e471f051de245b8c6580c57b4c6f9f69853e99000e51306,data/datasets/sid-set/candidate-1500/images/real/c7f48c001248fdf39e471f051de245b8c6580c57b4c6f9f69853e99000e51306.jpg,medium,0,0.6741428971290588
c7ff2cac7c2c5b732923ec4ec260ef297d903932fd59de86b3ec0fc0cbf23fda,data/datasets/sid-set/candidate-1500/images/real/c7ff2cac7c2c5b732923ec4ec260ef297d903932fd59de86b3ec0fc0cbf23fda.jpg,medium,0,0.3746238648891449
c81cdf27e85e5c03d178bb480ab1c7872a09b1ece9aac4aa72f57bea2028538f,data/datasets/sid-set/candidate-1500/images/real/c81cdf27e85e5c03d178bb480ab1c7872a09b1ece9aac4aa72f57bea2028538f.jpg,medium,0,0.19809240102767944
c836b3a1b26e5af75b24ca7533e570e65c2f9bba68a3ac3f333f18ad0373917a,data/datasets/sid-set/candidate-1500/images/fake/c836b3a1b26e5af75b24ca7533e570e65c2f9bba68a3ac3f333f18ad0373917a.png,medium,1,0.9703246355056763
c83be7685dc905119ef9aebcb9fc4b86c665ea3b8c56b0423e821d38c543a7b9,data/datasets/sid-set/candidate-1500/images/real/c83be7685dc905119ef9aebcb9fc4b86c665ea3b8c56b0423e821d38c543a7b9.jpg,medium,0,0.32252004742622375
c83d2bf22ca4e222dff3065bd58fb45503688eb82a6146df0f6cbfcd831ba173,data/datasets/RRDataset/selection_1500/giovanni/ai/Medical_&_Public_Health_000379.png,medium,1,0.9306529760360718
c83d379bfde60afc721f797105c13c98a1a10c5395c1e8cd6b4d15a31ed9d05e,data/datasets/openfake/additional-900/images/fake/c83d379bfde60afc721f797105c13c98a1a10c5395c1e8cd6b4d15a31ed9d05e.jpg,medium,1,0.2311335951089859
c83ebc09d184186661b731e667f0bcd9095c3044cfd1bffa79a21c4144cd4f47,data/datasets/sid-set/candidate-1500/images/fake/c83ebc09d184186661b731e667f0bcd9095c3044cfd1bffa79a21c4144cd4f47.png,medium,1,0.9356442093849182
c8447abf5444315c0b657735157f19acb49524ea4cbf96ec944facabd0356632,data/datasets/RRDataset/selection_1500/sara/ai/Political_&_Social_Events_000841.png,medium,1,0.9806135892868042
c84e5992d558a4d25f05995c5763725a508923a6b96e15cd2e197c93edbdc1c2,data/datasets/sid-set/candidate-1500/images/real/c84e5992d558a4d25f05995c5763725a508923a6b96e15cd2e197c93edbdc1c2.jpg,medium,0,0.006388399749994278
c85157e5de0391c815056bf9a9919751d79c91ed57f718b087daaeb1088eba8f,data/datasets/sid-set/candidate-1500/images/real/c85157e5de0391c815056bf9a9919751d79c91ed57f718b087daaeb1088eba8f.jpg,medium,0,0.13711921870708466
c862e2e5fab2a8b358358bf6e0b38a55d35da84e6e774e2edefcb4ab08663273,data/datasets/RRDataset/selection_1500/giovanni/ai/Culture_&_Religion_000294.png,medium,1,0.9724512100219727
c87fe0223ed4a9289e3094af7904de124cad56f14af49a5c619bda099a535bcd,data/datasets/sid-set/candidate-1500/images/real/c87fe0223ed4a9289e3094af7904de124cad56f14af49a5c619bda099a535bcd.jpg,medium,0,0.01959686540067196
c88d725a580041337e27148929c3a548145987224429641bb8435836a5b5944b,data/datasets/sid-set/candidate-1500/images/real/c88d725a580041337e27148929c3a548145987224429641bb8435836a5b5944b.jpg,medium,0,0.9764887690544128
c8907fe48a7bac5520e0310da22c546f622ac3a30f95f7b1851a7ee2fd352a56,data/datasets/openfake/additional-900/images/real/c8907fe48a7bac5520e0310da22c546f622ac3a30f95f7b1851a7ee2fd352a56.png,medium,0,0.06919872015714645
c898469bff552eb4c3b26e6aea58fba2febb9ad00b013f6785f8a3da6662929f,data/datasets/sid-set/candidate-1500/images/real/c898469bff552eb4c3b26e6aea58fba2febb9ad00b013f6785f8a3da6662929f.jpg,medium,0,0.21099920570850372
c8fb068bda13b7001df93d1e0411fad895cc6f4f5603a5ed0ee2e978672d9457,data/datasets/sid-set/candidate-1500/images/fake/c8fb068bda13b7001df93d1e0411fad895cc6f4f5603a5ed0ee2e978672d9457.png,medium,1,0.9359474778175354
c909e7c8be0cd5c92f839208f2ca0925d73b46cb16de09271c19b4a940ee4f7d,data/datasets/sid-set/candidate-1500/images/fake/c909e7c8be0cd5c92f839208f2ca0925d73b46cb16de09271c19b4a940ee4f7d.png,medium,1,0.9820350408554077
c913376fc6700167971531c9ab98061ea83a6dca8e0b8978c45fdf8458e21a0a,data/datasets/RRDataset/selection_1500/lorenzo/real/real_000754.jpg,medium,0,0.8639146685600281
c918725cd3a4796deb191bd8f590b314952e40348fc53ad0ba019dd42e9920b9,data/datasets/openfake/pilot-600/images/real/c918725cd3a4796deb191bd8f590b314952e40348fc53ad0ba019dd42e9920b9.jpg,medium,0,0.3995172381401062
c9458878b2459e12c6c8ad350b95764a8ff15c1fa847c98ce06897a2d7b9f2ff,data/datasets/sid-set/candidate-1500/images/real/c9458878b2459e12c6c8ad350b95764a8ff15c1fa847c98ce06897a2d7b9f2ff.jpg,medium,0,0.03651710972189903
c95023c1aeb6ded3781f8484cf6bfd4590be8bea035807ed5b00c1482f3efaba,data/datasets/openfake/additional-900/images/real/c95023c1aeb6ded3781f8484cf6bfd4590be8bea035807ed5b00c1482f3efaba.jpg,medium,0,0.0005571870715357363
c952177d459fe51b0b05da3f63b75feeeea5539d40d52326e37a493baa79c273,data/datasets/openfake/pilot-600/images/real/c952177d459fe51b0b05da3f63b75feeeea5539d40d52326e37a493baa79c273.jpg,medium,0,0.362179696559906
c958c1aadb150c21545a4be99a35bbe3015e3269f8bf9f14b6d40e6b121f7c24,data/datasets/RRDataset/selection_1500/sara/real/real_008601.jpg,medium,0,0.8835654258728027
c95fe7ee4d41efc2181eaa4c166d631cc539403b6ba0cffa51fbea58f5800060,data/datasets/sid-set/candidate-1500/images/real/c95fe7ee4d41efc2181eaa4c166d631cc539403b6ba0cffa51fbea58f5800060.jpg,medium,0,0.0015215912135317922
c971689c1b870d12c9dc74b20a83419ba5a0ddc2de03c5f6afb48af5e502f5a6,data/datasets/sid-set/candidate-1500/images/real/c971689c1b870d12c9dc74b20a83419ba5a0ddc2de03c5f6afb48af5e502f5a6.jpg,medium,0,0.052203137427568436
c9738d7d2ccdd0a7a9f3df6477f83058fd5c2a46b50b46a5cd72ba1be2d208bc,data/datasets/sid-set/candidate-1500/images/real/c9738d7d2ccdd0a7a9f3df6477f83058fd5c2a46b50b46a5cd72ba1be2d208bc.jpg,medium,0,0.2687566578388214
c995b0fcd9b16584ac2578fabcc0abf4116334afce2dfff662a58ca840f7c125,data/datasets/openfake/additional-900/images/fake/c995b0fcd9b16584ac2578fabcc0abf4116334afce2dfff662a58ca840f7c125.png,medium,1,0.4406401216983795
c9b63d5856933565c276c85abd62ea613f839603c18cbe2dd85c9351098ae6b2,data/datasets/RRDataset/selection_1500/sara/real/real_000473.jpg,medium,0,0.5501930713653564
c9b70f8735073cd00fb46defb7fab43aeed3b5e5ccdb22296d0d1a57da2fc3be,data/datasets/RRDataset/selection_1500/lorenzo/real/real_007148.jpg,medium,0,0.9498314261436462
c9bba1210c7bb1755c83cb468d3624b4a047b1f535a305afba921bd9b19eda6e,data/datasets/openfake/additional-900/images/fake/c9bba1210c7bb1755c83cb468d3624b4a047b1f535a305afba921bd9b19eda6e.png,medium,1,0.02535948157310486
c9c2ea80e92a4914a1d2c8fbdef8f6fa3126bfbda4aaa8f4231aee71276094d1,data/datasets/RRDataset/selection_1500/sara/real/real_006443.jpg,medium,0,0.8787744641304016
c9ef7ea1700260f8ed01e76a0a702ef7715198dd4ea90a7c0d17173b9ab46953,data/datasets/openfake/additional-900/images/real/c9ef7ea1700260f8ed01e76a0a702ef7715198dd4ea90a7c0d17173b9ab46953.jpg,medium,0,0.13669782876968384
c9f76e46d3d8995487a68f39960d76eda4d170c805a99da82245ac9c6c00bd76,data/datasets/openfake/pilot-600/images/real/c9f76e46d3d8995487a68f39960d76eda4d170c805a99da82245ac9c6c00bd76.jpg,medium,0,0.22415456175804138
ca075da5b1f6a27b7dd3135eb18af59a1dad689186791517380f8db3670edd57,data/datasets/sid-set/candidate-1500/images/fake/ca075da5b1f6a27b7dd3135eb18af59a1dad689186791517380f8db3670edd57.png,medium,1,0.9506670236587524
ca20dc9b1cf7f88d14bb9f4106c7789cc26ee0d7bfae98b6055b22fee3003a12,data/datasets/RRDataset/selection_1500/lorenzo/real/real_004407.jpg,medium,0,0.9410102963447571
ca2af21e26d4f282ac841e2166349b30f6af8d6a48439b60e326c90f5fd210a0,data/datasets/RRDataset/selection_1500/giovanni/ai/Medical_&_Public_Health_000364.png,medium,1,0.8947668075561523
ca2bdbe192319fee0afeddba0a82110cf1c8a67c74cc17db53bf2440b8163360,data/datasets/openfake/pilot-600/images/real/ca2bdbe192319fee0afeddba0a82110cf1c8a67c74cc17db53bf2440b8163360.png,medium,0,0.8110688924789429
ca7c5bc8bf954cb1b8d9bd3c377d657b4dc5c01271156c87ef6a8e10394e94cd,data/datasets/openfake/additional-900/images/fake/ca7c5bc8bf954cb1b8d9bd3c377d657b4dc5c01271156c87ef6a8e10394e94cd.jpg,medium,1,0.5813440680503845
ca9ab8fa2c171bcd39df861683642b021ee1dba9dd740c1996e96961fb1eb0d4,data/datasets/openfake/pilot-600/images/fake/ca9ab8fa2c171bcd39df861683642b021ee1dba9dd740c1996e96961fb1eb0d4.png,medium,1,0.9979883432388306
caa083948312f7d3794e0992e6a6de9c18b072aa426dbc2fe1599f69affa8ffa,data/datasets/sid-set/candidate-1500/images/real/caa083948312f7d3794e0992e6a6de9c18b072aa426dbc2fe1599f69affa8ffa.jpg,medium,0,0.22938428819179535
caa963ad71e0ea2c6db30f345e9664420804a7228fa878485e46b8617ae7f38e,data/datasets/openfake/additional-900/images/real/caa963ad71e0ea2c6db30f345e9664420804a7228fa878485e46b8617ae7f38e.jpg,medium,0,0.906654953956604
cadea4edc365c1102298bc36a3338126b25a2a5250d5f1735815dfd69cf02ea9,data/datasets/RRDataset/selection_1500/lorenzo/real/real_004370.jpg,medium,0,0.7975247502326965
cb04ef807bf07235030c99858a5b64b17526b60e9ec5cd22e36a025000cd758d,data/datasets/sid-set/candidate-1500/images/real/cb04ef807bf07235030c99858a5b64b17526b60e9ec5cd22e36a025000cd758d.jpg,medium,0,0.5856769680976868
cb0776613b69ff80a3f69c009f755369b05ca6bd3666e4f6a98f3aca7529efb2,data/datasets/openfake/additional-900/images/real/cb0776613b69ff80a3f69c009f755369b05ca6bd3666e4f6a98f3aca7529efb2.jpg,medium,0,0.37303221225738525
cb1ac85c9a939f067798036dce4f58bc4fca29d9c29b53d1136d9d6b04a3c053,data/datasets/RRDataset/selection_1500/giovanni/ai/Culture_&_Religion_000164.png,medium,1,0.9661098122596741
cb32cb9ab304650cc061356acc51c71e44b66cca40fabbe4467dc0d27347ca84,data/datasets/RRDataset/selection_1500/giovanni/ai/Natural_Disasters_&_Accidents_000572.png,medium,1,0.9426807761192322
cb36a0ff363acbafc2667bd69b289e2b28c76a5c01b23938b8ab2c65342074e6,data/datasets/openfake/pilot-600/images/fake/cb36a0ff363acbafc2667bd69b289e2b28c76a5c01b23938b8ab2c65342074e6.png,medium,1,0.6027655005455017
cb3c107e7f9bb7fdb85c3e801c51382297abcc3aaf82000c1ddad9d46c1164f0,data/datasets/RRDataset/selection_1500/giovanni/real/real_009260.jpg,medium,0,0.9978891015052795
cb470d8e846eb8d41bf74e49be8f95ff37c1605cf5480ad7b6fd234015964b5e,data/datasets/RRDataset/selection_1500/giovanni/real/real_009535.jpg,medium,0,0.335466593503952
cb7d165d032c2eb39be6e57eff30610c0167ba708f20d83924fbd7ae4021b84d,data/datasets/sid-set/candidate-1500/images/fake/cb7d165d032c2eb39be6e57eff30610c0167ba708f20d83924fbd7ae4021b84d.png,medium,1,0.9943844079971313
cb9401c5ddce3c5f4f03f5d217573ff85e17e0fd6400a40dc29904555495bf3e,data/datasets/sid-set/candidate-1500/images/real/cb9401c5ddce3c5f4f03f5d217573ff85e17e0fd6400a40dc29904555495bf3e.jpg,medium,0,0.43205735087394714
cc0a51d4be9f571db9b523a55268e2dbf0e950af7dbd393a63e1eba4d61d02ff,data/datasets/RRDataset/selection_1500/lorenzo/real/real_007342.jpg,medium,0,0.9256798624992371
cc17ff847e589bac491014d2b3b715711520d6ee32a56ead56ada640fe6ad8fe,data/datasets/RRDataset/selection_1500/lorenzo/ai/Natural_Disasters_&_Accidents_000800.png,medium,1,0.8045941591262817
cc4089d4cc539abff42c4038fc67c167a460b33ba5165d8b18a5780e4045324a,data/datasets/sid-set/candidate-1500/images/real/cc4089d4cc539abff42c4038fc67c167a460b33ba5165d8b18a5780e4045324a.jpg,medium,0,0.9594692587852478
cc68576123d2f6625c6db066e7a08701e5a6acd8d58530399c1177a06916a0a4,data/datasets/openfake/additional-900/images/fake/cc68576123d2f6625c6db066e7a08701e5a6acd8d58530399c1177a06916a0a4.png,medium,1,0.14288420975208282
cc8ccafc3ff0fa0c3a86c32203d230d5015bbc92153d7a1df251135b70ce859d,data/datasets/openfake/additional-900/images/real/cc8ccafc3ff0fa0c3a86c32203d230d5015bbc92153d7a1df251135b70ce859d.jpg,medium,0,0.13285164535045624
cc97a56aad15bbad36f11c8cc20bc1706049348950941d58463e3437ef499d5c,data/datasets/sid-set/candidate-1500/images/fake/cc97a56aad15bbad36f11c8cc20bc1706049348950941d58463e3437ef499d5c.png,medium,1,0.9798229336738586
cc98640db271e5affacd6afdc49bb52325038899733a292f3d13dd1fcaf67b51,data/datasets/sid-set/candidate-1500/images/real/cc98640db271e5affacd6afdc49bb52325038899733a292f3d13dd1fcaf67b51.jpg,medium,0,0.16115571558475494
ccbf158cb620b345288891f43c39c0f60211fc8c0da6f3c62a15c6d2625f9c27,data/datasets/openfake/pilot-600/images/fake/ccbf158cb620b345288891f43c39c0f60211fc8c0da6f3c62a15c6d2625f9c27.png,medium,1,0.9984252452850342
ccbf55f91b66c9111e3a8eb900758f0801e42c27b794837caf8c23f491f99876,data/datasets/sid-set/candidate-1500/images/real/ccbf55f91b66c9111e3a8eb900758f0801e42c27b794837caf8c23f491f99876.jpg,medium,0,0.817024827003479
ccdc020bbb88392f6c83ce27e211847088524d3a3d1de95ad692cd2dc5a3b6ad,data/datasets/RRDataset/selection_1500/giovanni/real/real_006869.jpg,medium,0,0.2923887372016907
ccdd15bdb9729d2f8220b579758de42c7cdec59e99e6d41722a68be55d8fb0e2,data/datasets/sid-set/candidate-1500/images/fake/ccdd15bdb9729d2f8220b579758de42c7cdec59e99e6d41722a68be55d8fb0e2.png,medium,1,0.9986963868141174
ccf8a071d9ec6622b29dc16e7d37fdda39b74fcf22b6b88ce8c7589d08c1dc68,data/datasets/sid-set/candidate-1500/images/fake/ccf8a071d9ec6622b29dc16e7d37fdda39b74fcf22b6b88ce8c7589d08c1dc68.png,medium,1,0.8479167222976685
ccfaf66c4eb02dd921d381df671e05b8e736f8303be3ca85c3d28d8f5d79a417,data/datasets/openfake/pilot-600/images/real/ccfaf66c4eb02dd921d381df671e05b8e736f8303be3ca85c3d28d8f5d79a417.jpg,medium,0,0.0004740530566778034
cd0140837a503bfd27ec32418b572e9c5caa87851145cf4aab1bbf9b9894ece6,data/datasets/openfake/additional-900/images/fake/cd0140837a503bfd27ec32418b572e9c5caa87851145cf4aab1bbf9b9894ece6.png,medium,1,0.04548744112253189
cd1f1c6ff98f1f6c7b97c0b1c1f41c59fb24d06b847b33bbd8da069c4bb27935,data/datasets/openfake/pilot-600/images/real/cd1f1c6ff98f1f6c7b97c0b1c1f41c59fb24d06b847b33bbd8da069c4bb27935.jpg,medium,0,0.916559100151062
cd2bddb609705eb2b8b704f84055c7eac7c55cc057f6a1a7d11bc511cf994def,data/datasets/openfake/pilot-600/images/real/cd2bddb609705eb2b8b704f84055c7eac7c55cc057f6a1a7d11bc511cf994def.jpg,medium,0,3.338405440445058e-05
cd2f13609e89b0a0a68fef8be7270c664b73d0421471682790823c42feec25df,data/datasets/sid-set/candidate-1500/images/real/cd2f13609e89b0a0a68fef8be7270c664b73d0421471682790823c42feec25df.jpg,medium,0,0.5662422776222229
cd373b2b10d6ddfd6eeefa77a4b20381052af2c5d5c949cfe463535b3961f926,data/datasets/RRDataset/selection_1500/lorenzo/real/real_001164.jpg,medium,0,0.992215096950531
cd47406f6fb519a0571edf752dbf5574718aba6303fcaa9309036e80d3369f56,data/datasets/RRDataset/selection_1500/sara/ai/Natural_Disasters_&_Accidents_000899.png,medium,1,0.9951935410499573
cd758097cb0340e3d20abe2a022ba468b5d4a82aa1dea0d549c616e3e2bb5809,data/datasets/RRDataset/selection_1500/lorenzo/real/real_008782.jpg,medium,0,0.138792484998703
cd95d75ad54402f1d99972ff2b1ba80ed41b7fe0d42350b280b4f183c637a570,data/datasets/openfake/pilot-600/images/fake/cd95d75ad54402f1d99972ff2b1ba80ed41b7fe0d42350b280b4f183c637a570.png,medium,1,0.9883204698562622
cdd03c13ad446fb30ad2b586323acf729c70dabaf48384c3100387bb7ab19493,data/datasets/sid-set/candidate-1500/images/real/cdd03c13ad446fb30ad2b586323acf729c70dabaf48384c3100387bb7ab19493.jpg,medium,0,0.8285300135612488
cdd1f0ae79a48db92440bda507607d1fc37966555829a44555821e0acd4254dc,data/datasets/sid-set/candidate-1500/images/real/cdd1f0ae79a48db92440bda507607d1fc37966555829a44555821e0acd4254dc.jpg,medium,0,0.3988890051841736
cde273ea5208cbc5e5dcf49738052713b32f6426eebc10b7b54fe27a05f5e1b0,data/datasets/RRDataset/selection_1500/sara/ai/Political_&_Social_Events_000425.png,medium,1,0.9635754227638245
cde8034bffec16672bb4501eabbc1e2ceca39ee3624585ddc831b0d74a7abf28,data/datasets/sid-set/candidate-1500/images/fake/cde8034bffec16672bb4501eabbc1e2ceca39ee3624585ddc831b0d74a7abf28.png,medium,1,0.9968745708465576
cdeb9bca0271c9523ca2e4467085ec1e91a2a5347cbe5d6970f14c1c8c501a2a,data/datasets/sid-set/candidate-1500/images/fake/cdeb9bca0271c9523ca2e4467085ec1e91a2a5347cbe5d6970f14c1c8c501a2a.png,medium,1,0.9874864816665649
ce16e1f0b1f4a905a664cae453df8fcc469f4c476392ed34633c8df366b28876,data/datasets/RRDataset/selection_1500/giovanni/real/real_009179.jpg,medium,0,0.062490835785865784
ce1f6b93f25718a4b78c7e7e295dd733899198720cdcf40e7a446a278f624fed,data/datasets/openfake/additional-900/images/real/ce1f6b93f25718a4b78c7e7e295dd733899198720cdcf40e7a446a278f624fed.jpg,medium,0,0.04101056978106499
ce3059746c74b84c7c1b1e1d0fc2c7fdd68aa51eed527a662e341e70e4a857e2,data/datasets/openfake/additional-900/images/fake/ce3059746c74b84c7c1b1e1d0fc2c7fdd68aa51eed527a662e341e70e4a857e2.png,medium,1,0.9929963946342468
ce73d45404b6fe89c55b4afb66ca208af45c2c3bb0c982a24c632ba7298ced62,data/datasets/openfake/additional-900/images/real/ce73d45404b6fe89c55b4afb66ca208af45c2c3bb0c982a24c632ba7298ced62.jpg,medium,0,0.027332287281751633
ceb0852e9d56c004286e31c95841f1ea66071d145da96a7f11662b5d0f00a1f8,data/datasets/RRDataset/selection_1500/lorenzo/ai/Natural_Disasters_&_Accidents_000471.png,medium,1,0.9804307818412781
cec0a24d292b0ca1a790d26aa36f4187cb70f7bd1e1fe5daceb97b0ba5472c16,data/datasets/RRDataset/selection_1500/sara/ai/production_000027.png,medium,1,0.991732120513916
cee225ee8487b0c21804da3d7bf543ba25f75e78e97da10cf836a90261db1c7f,data/datasets/RRDataset/selection_1500/sara/ai/Medical_&_Public_Health_000395.png,medium,1,0.9487401843070984
ceeadebc5a96112d2c81fd7a062a69653090a235d1ce435ba09b5c0579215248,data/datasets/openfake/additional-900/images/fake/ceeadebc5a96112d2c81fd7a062a69653090a235d1ce435ba09b5c0579215248.png,medium,1,0.9605820178985596
cf0a47f943c122ce6c321e9a5225bb62ff1d7dd275733edfde6c078552306348,data/datasets/openfake/additional-900/images/real/cf0a47f943c122ce6c321e9a5225bb62ff1d7dd275733edfde6c078552306348.jpg,medium,0,0.24955438077449799
cf2cbadf6f1e7e59afbd19a07896203d5d104e1ac31eb93d9eb1391e11094e82,data/datasets/sid-set/candidate-1500/images/real/cf2cbadf6f1e7e59afbd19a07896203d5d104e1ac31eb93d9eb1391e11094e82.jpg,medium,0,0.19665950536727905
cf2efba522504d98986b5fff949cb6c61730b8455362f621b616b93d07eb9dfc,data/datasets/RRDataset/selection_1500/giovanni/ai/production_000966.png,medium,1,0.9936971068382263
cf55db9bc4ff3888a5edcd8417ebd5c6bd475d27020412b5be459a42a772ad66,data/datasets/sid-set/candidate-1500/images/real/cf55db9bc4ff3888a5edcd8417ebd5c6bd475d27020412b5be459a42a772ad66.jpg,medium,0,0.9585696458816528
cf571eeb694d44734b0d694e047c444ff1400ff1d49416ac3eab77e77ebc5d09,data/datasets/sid-set/candidate-1500/images/fake/cf571eeb694d44734b0d694e047c444ff1400ff1d49416ac3eab77e77ebc5d09.png,medium,1,0.9246992468833923
cf5cf740601b3089b4ae1a947112bc8726984b0c61f2d71ddfc5005dae0732cc,data/datasets/openfake/additional-900/images/fake/cf5cf740601b3089b4ae1a947112bc8726984b0c61f2d71ddfc5005dae0732cc.png,medium,1,0.989412248134613
cf627dec794414e42a3a4132a4eb81e28ce00ea1eba251c0d268bf2ba7006984,data/datasets/RRDataset/selection_1500/lorenzo/real/real_004251.jpg,medium,0,0.09077288955450058
cf75c470af8aad23ad8703c523af878411d939a59ff4248abc06957912632bd6,data/datasets/openfake/additional-900/images/fake/cf75c470af8aad23ad8703c523af878411d939a59ff4248abc06957912632bd6.png,medium,1,0.9969083666801453
cf774f3804a5ef30574080d2efacf759e812456849a483229fe5357d0048b1d4,data/datasets/RRDataset/selection_1500/lorenzo/real/real_002827.jpg,medium,0,0.13960115611553192
cfb21d14326be980c3244536b29b34fcea58df986274abde970c98ba5a70571f,data/datasets/RRDataset/selection_1500/sara/real/real_007465.jpeg,medium,0,0.9353569149971008
cfb89bc2ce065157cfceb3b2d52caefd2fc8dbac64a0dc00a5c9d5bfda40ff8a,data/datasets/sid-set/candidate-1500/images/real/cfb89bc2ce065157cfceb3b2d52caefd2fc8dbac64a0dc00a5c9d5bfda40ff8a.jpg,medium,0,0.2677323520183563
cfd5e12df2ff11bf2cd9db681356732073194389145f99907faebcb501c1ea85,data/datasets/RRDataset/selection_1500/sara/real/real_003922.jpg,medium,0,0.9629106521606445
cfe8594f2b0c30931a483c55a92a7129bb31a641945486d6581ff6458ce17aba,data/datasets/sid-set/candidate-1500/images/fake/cfe8594f2b0c30931a483c55a92a7129bb31a641945486d6581ff6458ce17aba.png,medium,1,0.9922440648078918
d01447ba9d0a472cd7bc322f727e63ab44f6c981736f739fb3b24c3066e53181,data/datasets/openfake/pilot-600/images/fake/d01447ba9d0a472cd7bc322f727e63ab44f6c981736f739fb3b24c3066e53181.png,medium,1,0.09368513524532318
d0342b12b0636aaba798c02741b864bc13d6aaa75b5f254e26a95ab9dbe33058,data/datasets/openfake/additional-900/images/fake/d0342b12b0636aaba798c02741b864bc13d6aaa75b5f254e26a95ab9dbe33058.jpg,medium,1,0.11038514971733093
d04b5438afe50e9ac7343223222a70d1d0c7a64e00b754502dd333c645278232,data/datasets/sid-set/candidate-1500/images/real/d04b5438afe50e9ac7343223222a70d1d0c7a64e00b754502dd333c645278232.jpg,medium,0,0.7476997375488281
d05041e98611d7c927304e7748b78e3401e057d7d49f07a56b098a139ecd115d,data/datasets/sid-set/candidate-1500/images/fake/d05041e98611d7c927304e7748b78e3401e057d7d49f07a56b098a139ecd115d.png,medium,1,0.4856676459312439
d05f78ef7762c69dd7d25184bba8ac3f72cb07c108e63720619b0377201f8eca,data/datasets/RRDataset/selection_1500/lorenzo/ai/Medical_&_Public_Health_000378.png,medium,1,0.9694589376449585
d062dae8cce84fddbff814f39cae0dc4bbd0accb4f477d4fee3c67637bd5d40c,data/datasets/openfake/additional-900/images/real/d062dae8cce84fddbff814f39cae0dc4bbd0accb4f477d4fee3c67637bd5d40c.jpg,medium,0,0.003988385666161776
d090b907d1fb32e2d2447a8f5caf3c961379eea6907b24f210b47218ba016944,data/datasets/RRDataset/selection_1500/lorenzo/ai/production_000654.png,medium,1,0.9986482262611389
d0a3146c57185b0ffa84c527b9a2780442a9d3aca9fa1d39d90f95d3c95f54e6,data/datasets/RRDataset/selection_1500/sara/ai/Natural_Disasters_&_Accidents_000659.png,medium,1,0.9939345717430115
d0b94e631bfa643fcee64a5b5eaa042e3cd6e295044ffe47a54043930eacc906,data/datasets/openfake/additional-900/images/fake/d0b94e631bfa643fcee64a5b5eaa042e3cd6e295044ffe47a54043930eacc906.png,medium,1,0.47357937693595886
d0bbc735113bb887f6d0d750f5f054870707fafc8d14a13a6990ed2a7e3d54a7,data/datasets/RRDataset/selection_1500/giovanni/real/real_002664.jpg,medium,0,0.6899105310440063
d0d243ffb3fccaf55a471ca1308586a431cf4bb5fd1ecedab271fc6f6c2b8d8b,data/datasets/openfake/pilot-600/images/fake/d0d243ffb3fccaf55a471ca1308586a431cf4bb5fd1ecedab271fc6f6c2b8d8b.png,medium,1,0.878348171710968
d11569494b19cd78a6cf9e2c24988063987532c0f6bc04b8835b2bae55a621df,data/datasets/sid-set/candidate-1500/images/real/d11569494b19cd78a6cf9e2c24988063987532c0f6bc04b8835b2bae55a621df.jpg,medium,0,0.7219303846359253
d11b2b75c29162851fe5f251f5682614684fecf7d61c6a8ee7198a94c59815a5,data/datasets/RRDataset/selection_1500/lorenzo/ai/Political_&_Social_Events_000924.png,medium,1,0.9166813492774963
d1313d2d7e839607f94129179b83931561b17c0ddc3c3833956ebe3a3d731a9c,data/datasets/RRDataset/selection_1500/sara/real/real_007071.jpg,medium,0,0.9814469814300537
d14f4a59f0b6abeccaaa641377bae6125fd8fc1df21d9398f29464dc59f424ac,data/datasets/sid-set/candidate-1500/images/real/d14f4a59f0b6abeccaaa641377bae6125fd8fc1df21d9398f29464dc59f424ac.jpg,medium,0,0.01834796369075775
d15f320d8bb6685747c16b85350c6a51191d295f8441cd9f765aa8e0d1d9f6d7,data/datasets/RRDataset/selection_1500/lorenzo/real/real_003682.jpg,medium,0,0.9574335813522339
d17ffe7e6668ad6ef29d5d6aff1249f81dd0915a4677110dd33ce5e309dbe5a3,data/datasets/openfake/pilot-600/images/real/d17ffe7e6668ad6ef29d5d6aff1249f81dd0915a4677110dd33ce5e309dbe5a3.jpg,medium,0,0.004138866905122995
d1db65f754b643548db9cb83bf015b3523157c16f58cc7d45bd69c8bac064a86,data/datasets/sid-set/candidate-1500/images/fake/d1db65f754b643548db9cb83bf015b3523157c16f58cc7d45bd69c8bac064a86.png,medium,1,0.9399590492248535
d1e946eef979ab4beee2e901e9fd62478d562b238ca62eb2fbdb98d7e2a8377f,data/datasets/sid-set/candidate-1500/images/real/d1e946eef979ab4beee2e901e9fd62478d562b238ca62eb2fbdb98d7e2a8377f.jpg,medium,0,0.0019184703705832362
d1f131bc024591a8704fe9cfeac975d79c5b5632297c130c92fed293e3b21fd2,data/datasets/sid-set/candidate-1500/images/real/d1f131bc024591a8704fe9cfeac975d79c5b5632297c130c92fed293e3b21fd2.jpg,medium,0,0.37825554609298706
d219dd09455ba27e628fd8da8db35e8b3f1582c2ee91ddc3b6343185d1f870ea,data/datasets/sid-set/candidate-1500/images/fake/d219dd09455ba27e628fd8da8db35e8b3f1582c2ee91ddc3b6343185d1f870ea.png,medium,1,0.9513915777206421
d2523c4232d27d7978f688e3bea46884ced1e94b8c61c99141e455e0e60eb502,data/datasets/openfake/pilot-600/images/real/d2523c4232d27d7978f688e3bea46884ced1e94b8c61c99141e455e0e60eb502.jpg,medium,0,0.7607473134994507
d294a3f4dfbef7383624f0d9ee20625f080f8404ccf07832f84f424ea1ff42b6,data/datasets/sid-set/candidate-1500/images/fake/d294a3f4dfbef7383624f0d9ee20625f080f8404ccf07832f84f424ea1ff42b6.png,medium,1,0.44535791873931885
d2a5e3ae0e04d215288df7b97041ce491b2919007f98d9e18768141d25c22f18,data/datasets/RRDataset/selection_1500/sara/ai/Natural_Disasters_&_Accidents_000578.png,medium,1,0.9970531463623047
d2e45b157a96a56aa8dee012f2c451c65f8d03ef2f4ec3315383800dfa83ea3b,data/datasets/openfake/pilot-600/images/real/d2e45b157a96a56aa8dee012f2c451c65f8d03ef2f4ec3315383800dfa83ea3b.jpg,medium,0,0.7016046643257141
d2e63cb06172418ca0c76281605cc5203b48992745a833feed3e864c8fcf24a2,data/datasets/openfake/pilot-600/images/real/d2e63cb06172418ca0c76281605cc5203b48992745a833feed3e864c8fcf24a2.jpg,medium,0,0.2186502367258072
d31aa345aa67a240d8fbcfb4b5d17de91999b12d9d3475f993a1d8e5614388c1,data/datasets/openfake/additional-900/images/real/d31aa345aa67a240d8fbcfb4b5d17de91999b12d9d3475f993a1d8e5614388c1.jpg,medium,0,0.0022251922637224197
d31d50204a571cc8e03cefbc64ccb2796d67cbeed40ff3e9abad20643f81d9cb,data/datasets/RRDataset/selection_1500/lorenzo/ai/Natural_Disasters_&_Accidents_000021.png,medium,1,0.8811192512512207
d3505d04c2e9174855c579c2785c100368d5ca2760bb24c83b8af6975bbf70ed,data/datasets/openfake/additional-900/images/fake/d3505d04c2e9174855c579c2785c100368d5ca2760bb24c83b8af6975bbf70ed.png,medium,1,0.9050040245056152
d36efdd710d2d64a71ebec4320df2db0a47f6b9f8f5dd3bdfb8894153b1a7c54,data/datasets/openfake/additional-900/images/fake/d36efdd710d2d64a71ebec4320df2db0a47f6b9f8f5dd3bdfb8894153b1a7c54.png,medium,1,0.9852225184440613
d37b6e2864def648f1ad866e0dea40ae06c9ac1791ddd58450e6cce05ee252b5,data/datasets/sid-set/candidate-1500/images/real/d37b6e2864def648f1ad866e0dea40ae06c9ac1791ddd58450e6cce05ee252b5.jpg,medium,0,0.30090242624282837
d3c995652ab7554fbe7267ec25c28f52a2d52bbf2dc84b183d7a9a33e8e104f1,data/datasets/openfake/additional-900/images/fake/d3c995652ab7554fbe7267ec25c28f52a2d52bbf2dc84b183d7a9a33e8e104f1.png,medium,1,0.9952622652053833
d3dcb618d3d88431ec71e37a73b931e75a07aee0b785dcfca74c7985d8afd744,data/datasets/openfake/pilot-600/images/real/d3dcb618d3d88431ec71e37a73b931e75a07aee0b785dcfca74c7985d8afd744.jpg,medium,0,0.24312132596969604
d3ebf5bc354535da7841954f6c2601b8ed0ece9b85405229985732fc41f8d315,data/datasets/openfake/additional-900/images/real/d3ebf5bc354535da7841954f6c2601b8ed0ece9b85405229985732fc41f8d315.jpg,medium,0,0.002831702586263418
d445b7e3a3a3139d8babee04415810b15de5ce4ca11cf4fedcd8c9537f7bf6fc,data/datasets/RRDataset/selection_1500/sara/real/real_005991.jpg,medium,0,0.6635135412216187
d45ab0501f579037410eae93e2ae9f547629d6597b3c4e4a1846ec682c2d2b87,data/datasets/RRDataset/selection_1500/sara/real/real_004623.jpg,medium,0,0.3198736011981964
d461bee7090caebe59a85ce4475c2259e4fe1c25fb490989b53c7280cfc58de9,data/datasets/RRDataset/selection_1500/lorenzo/real/real_009574.jpg,medium,0,0.03925304114818573
d49b53f27acca3660be831861d521593754a85d8b55b6e511dbcfecf02da60d8,data/datasets/sid-set/candidate-1500/images/real/d49b53f27acca3660be831861d521593754a85d8b55b6e511dbcfecf02da60d8.jpg,medium,0,0.042368244379758835
d4d5856ff8719741a5833cc3ec0f485713d709d8fc0de559d340c869d23fddd6,data/datasets/RRDataset/selection_1500/sara/real/real_009005.jpg,medium,0,0.01417930331081152
d4ea3bb856f02755e667877cede7b2701594cbf278222bfef6b82931304b767c,data/datasets/sid-set/candidate-1500/images/fake/d4ea3bb856f02755e667877cede7b2701594cbf278222bfef6b82931304b767c.png,medium,1,0.9696061611175537
d506c23b6ef8cca94d600a41dfcb3e477121d0ab83d4a5b8154a1295da396c69,data/datasets/sid-set/candidate-1500/images/fake/d506c23b6ef8cca94d600a41dfcb3e477121d0ab83d4a5b8154a1295da396c69.png,medium,1,0.9877800941467285
d5097ab54b80237393c20da8078215bf18ddc7f517afa7a06dfd3e8768b155ac,data/datasets/openfake/pilot-600/images/fake/d5097ab54b80237393c20da8078215bf18ddc7f517afa7a06dfd3e8768b155ac.png,medium,1,0.9896027445793152
d51c08281241edce6d52883e708a34e9b5b35e606069560e0a8627ffa8eb14ff,data/datasets/RRDataset/selection_1500/lorenzo/real/real_002728.jpg,medium,0,0.5928733944892883
d524d7165a8364654cca478f5beb4dac7d0742179c05a83845084a693e136f21,data/datasets/RRDataset/selection_1500/lorenzo/ai/Political_&_Social_Events_000059.png,medium,1,0.9654896855354309
d53650393d2d53f3295d8307d5c0d0016481de2b23aa9dc2524dd6d340539b30,data/datasets/RRDataset/selection_1500/giovanni/ai/Medical_&_Public_Health_000718.png,medium,1,0.9944631457328796
d536e3bd1b53d6babdccfdb2847caa4d45ef30ecace03d8b000869faaaee0309,data/datasets/openfake/pilot-600/images/real/d536e3bd1b53d6babdccfdb2847caa4d45ef30ecace03d8b000869faaaee0309.jpg,medium,0,0.3473212420940399
d5429345687161ca008a3a78d324e15d804a04fd96e1eb2db4258d61ca12af97,data/datasets/openfake/additional-900/images/fake/d5429345687161ca008a3a78d324e15d804a04fd96e1eb2db4258d61ca12af97.webp,medium,1,0.9585168957710266
d56ea70dab4f3f102a2405d4c520906c484f7668abce2cc1c850788de44093b4,data/datasets/openfake/additional-900/images/real/d56ea70dab4f3f102a2405d4c520906c484f7668abce2cc1c850788de44093b4.jpg,medium,0,0.01783200353384018
d59a9228e97df00be2c69251e5b3587401b183206498f928602d8e7a9114144b,data/datasets/sid-set/candidate-1500/images/fake/d59a9228e97df00be2c69251e5b3587401b183206498f928602d8e7a9114144b.png,medium,1,0.9858149290084839
d5db53d9202a2a8c9dd8a6a20e276f900a6c6df2a03ddf95ecb2dba5a88f08e4,data/datasets/openfake/pilot-600/images/real/d5db53d9202a2a8c9dd8a6a20e276f900a6c6df2a03ddf95ecb2dba5a88f08e4.jpg,medium,0,0.6871368885040283
d6200723f74c9eab13d7523cca105ac51f04dd0fcff7c77d17bf37c78d7fe78e,data/datasets/openfake/pilot-600/images/real/d6200723f74c9eab13d7523cca105ac51f04dd0fcff7c77d17bf37c78d7fe78e.jpg,medium,0,0.20892147719860077
d628d50aed746ce27b8d02f53bb8de56937a49cd724ff58b46b0d95bc3020710,data/datasets/RRDataset/selection_1500/lorenzo/real/real_000598.jpg,medium,0,0.18141525983810425
d6544c888ef132d0a48606fbbd093921c31b435d7a974f7b5d759e34aa4d647d,data/datasets/RRDataset/selection_1500/lorenzo/real/real_001846.jpg,medium,0,0.47054997086524963
d65be54baf5a369d786d021f58af1fbd20a539c9eb9ec74424fbd68544732b14,data/datasets/RRDataset/selection_1500/giovanni/real/real_005919.jpg,medium,0,0.5147902369499207
d6667ce7c01b23d5443011b329e19dea1f82f0abfe8b1964f3d5e82a0c8d51cc,data/datasets/openfake/additional-900/images/fake/d6667ce7c01b23d5443011b329e19dea1f82f0abfe8b1964f3d5e82a0c8d51cc.png,medium,1,0.3063483238220215
d66b6df8bb2d8725eb1ad6ea69f1a2101961f28d8fb06848c71283536066668b,data/datasets/sid-set/candidate-1500/images/fake/d66b6df8bb2d8725eb1ad6ea69f1a2101961f28d8fb06848c71283536066668b.png,medium,1,0.9902307391166687
d6a8ec21967bf774c601f3381da53b17b3baf2f3fe1f87cc8ae1536a26792cbd,data/datasets/openfake/pilot-600/images/real/d6a8ec21967bf774c601f3381da53b17b3baf2f3fe1f87cc8ae1536a26792cbd.jpg,medium,0,0.32667064666748047
d6ac3c1a1c4fec9f090165169ab8f726895ef73797ecf94ed87f55dbf0cc6eb5,data/datasets/openfake/additional-900/images/fake/d6ac3c1a1c4fec9f090165169ab8f726895ef73797ecf94ed87f55dbf0cc6eb5.png,medium,1,0.8839903473854065
d6b209b675d85f78e4fd559b56ec8e604961bdf25850aa5f8143578c7f31f070,data/datasets/openfake/additional-900/images/fake/d6b209b675d85f78e4fd559b56ec8e604961bdf25850aa5f8143578c7f31f070.png,medium,1,0.9900425672531128
d72d8b5e970f3df737510f869c2bc73df6af2a46ef27029b1882f4c8b433b7da,data/datasets/openfake/additional-900/images/real/d72d8b5e970f3df737510f869c2bc73df6af2a46ef27029b1882f4c8b433b7da.jpg,medium,0,0.30609428882598877
d77fc7a276efb44cfa0821e413f56c87ceda24cb90a34718eb1b1b743d5dab59,data/datasets/openfake/additional-900/images/real/d77fc7a276efb44cfa0821e413f56c87ceda24cb90a34718eb1b1b743d5dab59.jpg,medium,0,0.46337592601776123
d7bb97122865bd97f29196ee7aedfa4d61b91459d6e37e812e0bf980e4a4a749,data/datasets/RRDataset/selection_1500/lorenzo/real/real_001673.jpg,medium,0,0.37087637186050415
d7bd84750af3e7e39ed73b6f934bfaba2b3e25aee89eff0c7b3c31955ef207d7,data/datasets/sid-set/candidate-1500/images/real/d7bd84750af3e7e39ed73b6f934bfaba2b3e25aee89eff0c7b3c31955ef207d7.jpg,medium,0,0.08543704450130463
d7cf8ae21987e7c784dca74ad2bf64df76bc8c67630d999105307206a07b249a,data/datasets/RRDataset/selection_1500/lorenzo/ai/Culture_&_Religion_000461.png,medium,1,0.9012898206710815
d802a4ed4f3900a5e19d1fb754e87ffdd2f02de0835aab45e39735d6b115e5e0,data/datasets/openfake/additional-900/images/fake/d802a4ed4f3900a5e19d1fb754e87ffdd2f02de0835aab45e39735d6b115e5e0.png,medium,1,0.7091012597084045
d83b990da1b743a0385b8d2e287ea925d5c6067d01b688002a9926bde0304f4a,data/datasets/sid-set/candidate-1500/images/fake/d83b990da1b743a0385b8d2e287ea925d5c6067d01b688002a9926bde0304f4a.png,medium,1,0.9476058483123779
d84c1f454957ccd69c5b6464677e0189106352b1705c59c13251a5e6906a4e64,data/datasets/openfake/pilot-600/images/fake/d84c1f454957ccd69c5b6464677e0189106352b1705c59c13251a5e6906a4e64.png,medium,1,0.994648277759552
d85b9ebf78b29c0ac3eed7edfd45ffd0207772a9994d808a77af7bcc48b4b8c3,data/datasets/openfake/additional-900/images/fake/d85b9ebf78b29c0ac3eed7edfd45ffd0207772a9994d808a77af7bcc48b4b8c3.png,medium,1,0.5350351333618164
d86e7726ca15f36f2014ed2cc4a5f2f8167b7bfbf148a007bf82581349331f4b,data/datasets/sid-set/candidate-1500/images/fake/d86e7726ca15f36f2014ed2cc4a5f2f8167b7bfbf148a007bf82581349331f4b.png,medium,1,0.7018881440162659
d87428a9b33d45f27079ccbcac5b34d6e9ea40365b7f058ad7846ba923099ba2,data/datasets/openfake/additional-900/images/real/d87428a9b33d45f27079ccbcac5b34d6e9ea40365b7f058ad7846ba923099ba2.jpg,medium,0,0.5630698800086975
d87c5247eb2944c87d57d15d89949c79aea2420547b6597954b25a2f4eb40763,data/datasets/RRDataset/selection_1500/lorenzo/real/real_003882.jpg,medium,0,0.46344274282455444
d8afa1cd7427ef11074efdba2183e18ba53871439d2c11b8a6e8d1ab05ac4014,data/datasets/RRDataset/selection_1500/sara/ai/War_&_Conflict_Scenes_000032.png,medium,1,0.9189362525939941
d8b7b3b6c88aeb701ef20791105b9b35e8248ee4e6557ea79a093ba1d5311155,data/datasets/sid-set/candidate-1500/images/real/d8b7b3b6c88aeb701ef20791105b9b35e8248ee4e6557ea79a093ba1d5311155.jpg,medium,0,0.016887769103050232
d8ba0315b1285e458dcd0f2721adc8678c9bf3108f3dbda4735770bfc83eecde,data/datasets/sid-set/candidate-1500/images/real/d8ba0315b1285e458dcd0f2721adc8678c9bf3108f3dbda4735770bfc83eecde.jpg,medium,0,0.8862642645835876
d8bbc6471c5e2e36d240f8b34d048de2b65d09c5dd481e1a21d37618271f2cf0,data/datasets/RRDataset/selection_1500/lorenzo/real/real_008800.jpg,medium,0,0.157532200217247
d8c596cdb123761b5d716c89c98d2050240fa45669cb35c615ca8581b230f2a8,data/datasets/RRDataset/selection_1500/giovanni/real/real_003021.jpg,medium,0,0.9097450375556946
d90146cda89ee39e03f9d5b1fa2d133bcd3d6e26ea33ee3c53648effdcd7e836,data/datasets/openfake/additional-900/images/real/d90146cda89ee39e03f9d5b1fa2d133bcd3d6e26ea33ee3c53648effdcd7e836.jpg,medium,0,0.00026137864915654063
d914f4604156847fa93b7717936cea1cb45e96e661f4ffa487ed3ad56b5f587c,data/datasets/RRDataset/selection_1500/sara/ai/Medical_&_Public_Health_000714.png,medium,1,0.9363906383514404
d91bb95659443895bb3c8502f3d067ef014e945a91824b26c51b29798d36d788,data/datasets/openfake/additional-900/images/real/d91bb95659443895bb3c8502f3d067ef014e945a91824b26c51b29798d36d788.jpg,medium,0,0.8744120597839355
d95a7a05137c451a9403f6731e2e9a80d8071402c1b64b4ef6c0df03795db4a1,data/datasets/sid-set/candidate-1500/images/fake/d95a7a05137c451a9403f6731e2e9a80d8071402c1b64b4ef6c0df03795db4a1.png,medium,1,0.9978856444358826
d9694f5fbec4eb4fd65ce37c74986ef3ec1721954e551a4d1142f18b2a628dc6,data/datasets/openfake/additional-900/images/real/d9694f5fbec4eb4fd65ce37c74986ef3ec1721954e551a4d1142f18b2a628dc6.jpg,medium,0,0.9665346145629883
d96fcf794345a6cc4723cbb6d03b86080652b550e20fe84afe771464a48b8e7d,data/datasets/openfake/additional-900/images/real/d96fcf794345a6cc4723cbb6d03b86080652b550e20fe84afe771464a48b8e7d.jpg,medium,0,0.30826255679130554
d9a1aa2fa6ee6aa9b2614f029beabc73b5260b9ccbab1edd6e3846d1ced5b8ea,data/datasets/openfake/additional-900/images/fake/d9a1aa2fa6ee6aa9b2614f029beabc73b5260b9ccbab1edd6e3846d1ced5b8ea.png,medium,1,0.9598625898361206
d9df633a6781d8e545475865669899c4cc8447a935bd14ef9cfdcff155febcd0,data/datasets/RRDataset/selection_1500/giovanni/ai/normal_006557.jpg,medium,1,0.9235005378723145
da0583b1a158cb164bebbc00561d179890345b3c82b185c47555bd39ba28bece,data/datasets/openfake/pilot-600/images/real/da0583b1a158cb164bebbc00561d179890345b3c82b185c47555bd39ba28bece.jpg,medium,0,0.0013204104034230113
da0bc2c3ac61fa54bc6893a4dcc39afcb64c6d0aff944f8b219f1144626d0583,data/datasets/RRDataset/selection_1500/lorenzo/real/real_002142.jpg,medium,0,0.9700838327407837
da6b9f3fde92d9c7a9641b38c70445746a069ca690c0e0704ad6bd9e563d7446,data/datasets/RRDataset/selection_1500/lorenzo/ai/Political_&_Social_Events_000165.png,medium,1,0.7340149283409119
da780a137c3d0c6e2b54134f9ea860e5cf2013495000240deae8a71eee59000c,data/datasets/openfake/pilot-600/images/fake/da780a137c3d0c6e2b54134f9ea860e5cf2013495000240deae8a71eee59000c.png,medium,1,0.7210472822189331
da81dc1d4b99cc3cdcb46153f08ff47cf01e255793046821192a6e50bd7b665e,data/datasets/RRDataset/selection_1500/lorenzo/real/real_006188.jpg,medium,0,0.999237060546875
da8515567a811f559176046bbd7ca71dae325f0b173de06b52f171e4f5f043b6,data/datasets/openfake/pilot-600/images/fake/da8515567a811f559176046bbd7ca71dae325f0b173de06b52f171e4f5f043b6.png,medium,1,0.9998464584350586
daa2d3646895694c9c51a1dc7218858a033c55ea02a6396550a508b2a5a63603,data/datasets/sid-set/candidate-1500/images/real/daa2d3646895694c9c51a1dc7218858a033c55ea02a6396550a508b2a5a63603.jpg,medium,0,0.03812892735004425
dabc44e6a649209aec3d38d4fa1f8aa4dc182271ad51bd7bb16658186a7f8652,data/datasets/openfake/pilot-600/images/real/dabc44e6a649209aec3d38d4fa1f8aa4dc182271ad51bd7bb16658186a7f8652.jpg,medium,0,0.002891150303184986
dad9b5c204423d31effe2ceb0f2f8897d746799079cbf38fe413fee811a1a48a,data/datasets/openfake/additional-900/images/real/dad9b5c204423d31effe2ceb0f2f8897d746799079cbf38fe413fee811a1a48a.jpg,medium,0,0.0002329649869352579
db0acffe8f2cd2d8d0b8ef9cdf0c0dd099840c8a9dba5d8b36ac101f5c0a620c,data/datasets/RRDataset/selection_1500/giovanni/ai/Natural_Disasters_&_Accidents_000961.png,medium,1,0.9691242575645447
db1c4040f97544a98ee734a39248f224afa24279c034ae5ccbfe44e01c9a5984,data/datasets/openfake/pilot-600/images/fake/db1c4040f97544a98ee734a39248f224afa24279c034ae5ccbfe44e01c9a5984.png,medium,1,0.18419437110424042
db26c8464c68211bc6fec4d0ffbc5337eff40d02a23306f7fbc858a2918ed265,data/datasets/sid-set/candidate-1500/images/real/db26c8464c68211bc6fec4d0ffbc5337eff40d02a23306f7fbc858a2918ed265.jpg,medium,0,0.8002043962478638
db2fabfc0353c84c068bd833de4c37ccae034908964b187c4bc08ae527b289cb,data/datasets/RRDataset/selection_1500/giovanni/ai/Culture_&_Religion_000121.png,medium,1,0.8976377844810486
db69b313cec6dfe96242ec7f0f6b6962bd44205aa1a35af16375e07c944b09bf,data/datasets/RRDataset/selection_1500/sara/ai/normal_006375.jpg,medium,1,0.8435966968536377
db7d86a00594ffc7587fbc3027a578b7b2dd6ab257583ca78006091dfd544378,data/datasets/RRDataset/selection_1500/lorenzo/ai/normal_007187.png,medium,1,0.9542731642723083
db8283e5fd735991f377331da4e9b088a8889fb05d607d605187470c716b7963,data/datasets/openfake/additional-900/images/fake/db8283e5fd735991f377331da4e9b088a8889fb05d607d605187470c716b7963.png,medium,1,0.9121647477149963
db9d42fceb4c4beb0f6aaac455280a8134a15935e606395f4e3722f5a44e0e5c,data/datasets/sid-set/candidate-1500/images/real/db9d42fceb4c4beb0f6aaac455280a8134a15935e606395f4e3722f5a44e0e5c.jpg,medium,0,0.05549398064613342
dba123aebc208e091a0cd2e2384c5f61987edf483a97dacf6b642b1a283d4f8c,data/datasets/sid-set/candidate-1500/images/real/dba123aebc208e091a0cd2e2384c5f61987edf483a97dacf6b642b1a283d4f8c.jpg,medium,0,0.0010496515315026045
dbad08fd38392fc7900329c81f539852697567b1f60a1a98376f9bc504746fb0,data/datasets/sid-set/candidate-1500/images/real/dbad08fd38392fc7900329c81f539852697567b1f60a1a98376f9bc504746fb0.jpg,medium,0,0.0010573394829407334
dbc81b719f7ca5bd88c525a2e8b17eda96e9fdbeb484154a7e22277157ed7bdf,data/datasets/openfake/additional-900/images/fake/dbc81b719f7ca5bd88c525a2e8b17eda96e9fdbeb484154a7e22277157ed7bdf.png,medium,1,0.5254426598548889
dbd8a4318ebd36691e2c436bf2faef9918b82ef526f7677efa0b3d27ee98bb17,data/datasets/openfake/pilot-600/images/fake/dbd8a4318ebd36691e2c436bf2faef9918b82ef526f7677efa0b3d27ee98bb17.png,medium,1,0.9902681708335876
dbeb4276542c32846227e96eefc2cbacdba7d1b3d0d8121584e005353aed9b5d,data/datasets/sid-set/candidate-1500/images/real/dbeb4276542c32846227e96eefc2cbacdba7d1b3d0d8121584e005353aed9b5d.jpg,medium,0,0.0171122457832098
dbeb82aec0aebb9f50a8afe546bef589c7f40526d556db646567978f32674ac5,data/datasets/RRDataset/selection_1500/sara/real/real_003813.jpg,medium,0,0.5185590982437134
dbf5147358e0b76c134fb4174c9a59593ffa0064726d09a67d4158415c8903db,data/datasets/openfake/pilot-600/images/real/dbf5147358e0b76c134fb4174c9a59593ffa0064726d09a67d4158415c8903db.jpg,medium,0,0.0841691866517067
dc01617a9624284c023eee876ede52a846f11c81ec8abe804b88d83478cd7e76,data/datasets/openfake/additional-900/images/real/dc01617a9624284c023eee876ede52a846f11c81ec8abe804b88d83478cd7e76.jpg,medium,0,0.030310608446598053
dc15b26eaa0383b5a92a1680a5998084b567f698647e6ca35d8e9082d8f99f55,data/datasets/sid-set/candidate-1500/images/fake/dc15b26eaa0383b5a92a1680a5998084b567f698647e6ca35d8e9082d8f99f55.png,medium,1,0.9929978847503662
dc26ca835d0678531dbada61ad4a0fde4d45a0eb65749ca4b79874201bff7b5c,data/datasets/sid-set/candidate-1500/images/real/dc26ca835d0678531dbada61ad4a0fde4d45a0eb65749ca4b79874201bff7b5c.jpg,medium,0,0.09341096878051758
dc29661847cd24106720f0de01fcbec5612c854e97bbbbc59ca11fdb95d9eed5,data/datasets/openfake/pilot-600/images/real/dc29661847cd24106720f0de01fcbec5612c854e97bbbbc59ca11fdb95d9eed5.jpg,medium,0,0.7925864458084106
dc37020c509c72610d3950f968b103d4ac8898521c49d04a8ff344afa1e3798b,data/datasets/openfake/additional-900/images/fake/dc37020c509c72610d3950f968b103d4ac8898521c49d04a8ff344afa1e3798b.png,medium,1,0.9265149235725403
dc373fd46ce8082c609c7049b6d6b08a19db92335f79c9f76896bbc6722a5515,data/datasets/openfake/additional-900/images/real/dc373fd46ce8082c609c7049b6d6b08a19db92335f79c9f76896bbc6722a5515.jpg,medium,0,0.30069997906684875
dc3c5b4fcddc615a09ec80486017484cc4e9aff600e16cb1d3ebcec090c5a20e,data/datasets/sid-set/candidate-1500/images/fake/dc3c5b4fcddc615a09ec80486017484cc4e9aff600e16cb1d3ebcec090c5a20e.png,medium,1,0.9954106211662292
dc4ca48c84c66edbf04b98042ad79cd8656803c32a3090b3cd9d51ae58c0e6e1,data/datasets/sid-set/candidate-1500/images/fake/dc4ca48c84c66edbf04b98042ad79cd8656803c32a3090b3cd9d51ae58c0e6e1.png,medium,1,0.9959121942520142
dc650b29ba49c9decef434fe6ff36e154c94f57021d8aabaa35d4901d9dcdea7,data/datasets/RRDataset/selection_1500/lorenzo/real/real_000142.jpg,medium,0,0.26393166184425354
dc87eeaad10dd5c5b77234eb0204e2118eb4cf168afbfce97f9a59afabae8ddb,data/datasets/openfake/additional-900/images/real/dc87eeaad10dd5c5b77234eb0204e2118eb4cf168afbfce97f9a59afabae8ddb.jpg,medium,0,0.6331614851951599
dc8c7b479919a5d77a7587a2c9a68ef98bac85e75d9d348220fb56e5e6026cf4,data/datasets/openfake/additional-900/images/real/dc8c7b479919a5d77a7587a2c9a68ef98bac85e75d9d348220fb56e5e6026cf4.jpg,medium,0,0.2654058635234833
dc96356699128b89d82e6a5ec7194d0b0c481d54fbffb2eb478a9d383ea986b6,data/datasets/sid-set/candidate-1500/images/fake/dc96356699128b89d82e6a5ec7194d0b0c481d54fbffb2eb478a9d383ea986b6.png,medium,1,0.9844836592674255
dcac6ba3bd48490aa006ae81820815db8e1795ae4c8f4f243a78fffa6e967356,data/datasets/openfake/additional-900/images/real/dcac6ba3bd48490aa006ae81820815db8e1795ae4c8f4f243a78fffa6e967356.jpg,medium,0,0.871329665184021
dcaf424757dc655c704995638a27201542b95fa9ba688701a7eac952e875496b,data/datasets/sid-set/candidate-1500/images/fake/dcaf424757dc655c704995638a27201542b95fa9ba688701a7eac952e875496b.png,medium,1,0.9764713048934937
dcb2965d2e028aac3a8385f0ddbb0d7eaf8eb882d1331175314916a043ee4223,data/datasets/sid-set/candidate-1500/images/real/dcb2965d2e028aac3a8385f0ddbb0d7eaf8eb882d1331175314916a043ee4223.jpg,medium,0,0.5542221665382385
dcb5901da460fdb929509373ef6cd89c657a251c9b9830823a2c399cf698bbe8,data/datasets/RRDataset/selection_1500/sara/ai/War_&_Conflict_Scenes_000543.png,medium,1,0.9937356114387512
dcccd079b59216bf260c8682306e48c6283e3438ca9b9d1a38749242b1251769,data/datasets/sid-set/candidate-1500/images/fake/dcccd079b59216bf260c8682306e48c6283e3438ca9b9d1a38749242b1251769.png,medium,1,0.9715869426727295
dccf6fa15821f4535d3819ae55198ba5f06abea5138ba7c1b4f5f27368ce7f23,data/datasets/openfake/additional-900/images/real/dccf6fa15821f4535d3819ae55198ba5f06abea5138ba7c1b4f5f27368ce7f23.jpg,medium,0,0.5065862536430359
dcd2c19591daf2cbfd2bcb1c4830e97eeb742ba2408f64763ffa480267237f63,data/datasets/openfake/additional-900/images/fake/dcd2c19591daf2cbfd2bcb1c4830e97eeb742ba2408f64763ffa480267237f63.png,medium,1,0.8755449056625366
dcd3f7dd5053170f10a3ab0900fa8c702de592cf305e62c2a367d94414b02df8,data/datasets/sid-set/candidate-1500/images/fake/dcd3f7dd5053170f10a3ab0900fa8c702de592cf305e62c2a367d94414b02df8.png,medium,1,0.9039224982261658
dd18dd92e0f38a8abb6a7796fab093260a79557f502e2c28023db43ea016720a,data/datasets/RRDataset/selection_1500/giovanni/real/real_007485.jpg,medium,0,0.2543933689594269
dd415055b8a91e8df0b243828d5258f7ecac38a232325daef0bf03b92f36b7f2,data/datasets/RRDataset/selection_1500/giovanni/real/real_008661.jpg,medium,0,0.7128598093986511
dd56b3255844665fbc9640324af4fd01d73f23e6d0d44063278df29dd593146f,data/datasets/sid-set/candidate-1500/images/fake/dd56b3255844665fbc9640324af4fd01d73f23e6d0d44063278df29dd593146f.png,medium,1,0.926790177822113
dd572b4dd999553839175bf9cc0fbe795d13e53177bf70201e752c72efdf221b,data/datasets/sid-set/candidate-1500/images/fake/dd572b4dd999553839175bf9cc0fbe795d13e53177bf70201e752c72efdf221b.png,medium,1,0.9789990186691284
dd66aa9ad208b7284aef93af838765e2203fb3a3b2ee0d3bcb0b30b99512c077,data/datasets/RRDataset/selection_1500/sara/real/real_004328.jpg,medium,0,0.922707200050354
dd736e197c2842c41f7699d083fc34d0cfdc630c24ced9e4779a0890487ecc22,data/datasets/openfake/additional-900/images/fake/dd736e197c2842c41f7699d083fc34d0cfdc630c24ced9e4779a0890487ecc22.png,medium,1,0.9596148729324341
dd876e107a4831147130399c135a348d8a71b15c8aa492e281785181c360a1f3,data/datasets/openfake/additional-900/images/real/dd876e107a4831147130399c135a348d8a71b15c8aa492e281785181c360a1f3.jpg,medium,0,0.10141484439373016
dd8b6082ce48187c64e90dccee5d8a060d60bf7c63ccb6f347487497edfdb551,data/datasets/RRDataset/selection_1500/giovanni/ai/Political_&_Social_Events_000161.png,medium,1,0.9569485187530518
dd9baff72e16b417139661705b4739a7eda9710f629f720e1aa082f62195e98b,data/datasets/RRDataset/selection_1500/giovanni/real/real_002478.jpg,medium,0,0.650428056716919
dda7436936674d04d881ee30dbddb213f5e03aa8f9d8df3f0bcde619def803fb,data/datasets/sid-set/candidate-1500/images/fake/dda7436936674d04d881ee30dbddb213f5e03aa8f9d8df3f0bcde619def803fb.png,medium,1,0.9910979866981506
ddb65eae4e43b66a6261bca0a41fc3f36ebb7f29393a7f95dbffc01daecb3397,data/datasets/RRDataset/selection_1500/giovanni/ai/Culture_&_Religion_000036.png,medium,1,0.8491289019584656
ddbb6e7eb3376cee6269c2ff595e1180502bbd8a714183cbc2e1c61571590f71,data/datasets/openfake/pilot-600/images/fake/ddbb6e7eb3376cee6269c2ff595e1180502bbd8a714183cbc2e1c61571590f71.png,medium,1,0.9948877692222595
ddc5dcb131258fb47d899362a6e5ff6b647f7e03a940f09a66e4b2ad76e8136c,data/datasets/sid-set/candidate-1500/images/fake/ddc5dcb131258fb47d899362a6e5ff6b647f7e03a940f09a66e4b2ad76e8136c.png,medium,1,0.9760103821754456
ddd9ae1bbef685ea70570786a464d744c95722873f2f9ec3187034786c72966c,data/datasets/openfake/additional-900/images/fake/ddd9ae1bbef685ea70570786a464d744c95722873f2f9ec3187034786c72966c.png,medium,1,0.8696342706680298
de0622ed970f636a04f05b17a091b4c64a5aa311cea7b872a19f4f649445f8c9,data/datasets/sid-set/candidate-1500/images/real/de0622ed970f636a04f05b17a091b4c64a5aa311cea7b872a19f4f649445f8c9.jpg,medium,0,0.00812592264264822
de2a1078cdf26ff660f587bc6202c1d58b53d9787d1f21dd8c03fd6550ff2c4a,data/datasets/openfake/additional-900/images/real/de2a1078cdf26ff660f587bc6202c1d58b53d9787d1f21dd8c03fd6550ff2c4a.jpg,medium,0,0.05857715755701065
de2d8d412d4b1896254b4cdddea16288d92da2527df75f6069c02e24fdc25ed4,data/datasets/sid-set/candidate-1500/images/fake/de2d8d412d4b1896254b4cdddea16288d92da2527df75f6069c02e24fdc25ed4.png,medium,1,0.9477776288986206
de2eb0e15fc10e36cd6a6dd46fee92afe288b9ecd90d20b4a537cf76c5fa8071,data/datasets/RRDataset/selection_1500/sara/real/real_003446.jpg,medium,0,0.117884062230587
de3e85ed297f71e7f32916d68ba0390d4f943f6c80801c04e42de01ffb7f3222,data/datasets/RRDataset/selection_1500/giovanni/ai/production_000441.png,medium,1,0.9952139854431152
de6f63e735dc2dfe6de36932ac12e1b0fc1a3bcce4c7fc0973825c2bbc0d44d5,data/datasets/openfake/additional-900/images/fake/de6f63e735dc2dfe6de36932ac12e1b0fc1a3bcce4c7fc0973825c2bbc0d44d5.png,medium,1,0.766954243183136
de7278bc851757e91b219a4d5003b05ec95ed59cb015709769dc0d3192a087ef,data/datasets/openfake/pilot-600/images/fake/de7278bc851757e91b219a4d5003b05ec95ed59cb015709769dc0d3192a087ef.png,medium,1,0.980544924736023
de78cfb6ac87519955fccf7d2852a5207aca84b275edad0c65c117377783f053,data/datasets/openfake/pilot-600/images/real/de78cfb6ac87519955fccf7d2852a5207aca84b275edad0c65c117377783f053.jpg,medium,0,0.1521173119544983
de8715638e477f01341583d52c0a349524c262c268df89c0c7b2fb4c81672257,data/datasets/sid-set/candidate-1500/images/real/de8715638e477f01341583d52c0a349524c262c268df89c0c7b2fb4c81672257.jpg,medium,0,0.001294482033699751
de8c9545e2bada94e2d31acbf9a964ad4a591d37da5d379e7a1a2b401714c5ec,data/datasets/RRDataset/selection_1500/lorenzo/real/real_003583.jpg,medium,0,0.9902064204216003
dea9759161aaac39b66878fb0c9f8a1fa71e7c04657c47a9a0fcc79ac620939d,data/datasets/openfake/pilot-600/images/real/dea9759161aaac39b66878fb0c9f8a1fa71e7c04657c47a9a0fcc79ac620939d.jpg,medium,0,0.08631400018930435
deb7f5b14813c386420b084765a9555307f0545696585e8702cc30ff11cee79b,data/datasets/openfake/pilot-600/images/fake/deb7f5b14813c386420b084765a9555307f0545696585e8702cc30ff11cee79b.png,medium,1,0.6068429350852966
dec3465e15cdd3d107fc961bfa32b01a11441ee70169b3565c74a5119db14e0d,data/datasets/openfake/additional-900/images/real/dec3465e15cdd3d107fc961bfa32b01a11441ee70169b3565c74a5119db14e0d.jpg,medium,0,0.04309219866991043
dec8f224a5095e2d3f56e4beaade3f0997ff8fdfe0a5bf5a1198c0c7c15f2d7a,data/datasets/sid-set/candidate-1500/images/real/dec8f224a5095e2d3f56e4beaade3f0997ff8fdfe0a5bf5a1198c0c7c15f2d7a.jpg,medium,0,0.13897688686847687
ded341dd7ab8ba5c320464b548e9944a030c22ff3637e3541e2d9083ce4f250a,data/datasets/openfake/additional-900/images/real/ded341dd7ab8ba5c320464b548e9944a030c22ff3637e3541e2d9083ce4f250a.jpg,medium,0,0.017489667981863022
dee3994889b4447c84cafc498b56c70472d38c6a735a1036df9bfa8f5f033786,data/datasets/sid-set/candidate-1500/images/real/dee3994889b4447c84cafc498b56c70472d38c6a735a1036df9bfa8f5f033786.jpg,medium,0,0.06858807802200317
dee8c94d19fb31484b0f30b946dabcebb891304f087ee3fb82f5c1c3bb1f75d9,data/datasets/openfake/pilot-600/images/fake/dee8c94d19fb31484b0f30b946dabcebb891304f087ee3fb82f5c1c3bb1f75d9.png,medium,1,0.9895022511482239
df0c132418cf0f481e0151f78b2c059c665c054ffbd56d5e056601a1c2c862ef,data/datasets/openfake/additional-900/images/fake/df0c132418cf0f481e0151f78b2c059c665c054ffbd56d5e056601a1c2c862ef.png,medium,1,0.8074115514755249
df13cd2cc5c701b2573eec3065567221a51703491f835d16b141b998fb505d5c,data/datasets/RRDataset/selection_1500/giovanni/real/real_004206.jpg,medium,0,0.5815261006355286
df1c4fd1ca76fbe1f0323935746ff37cf185defbdc27934b11ee3b9a16c02b80,data/datasets/openfake/pilot-600/images/real/df1c4fd1ca76fbe1f0323935746ff37cf185defbdc27934b11ee3b9a16c02b80.jpg,medium,0,0.0936572328209877
df4db72ff23c9050a91d24517f2cb31beaa53be74d0a80ed0271c2be00f7c7a9,data/datasets/RRDataset/selection_1500/sara/ai/Natural_Disasters_&_Accidents_000384.png,medium,1,0.7540608644485474
df8b9360752350309e9597edd649700a707282678c7817a7af8e79194c958d2a,data/datasets/RRDataset/selection_1500/giovanni/ai/Culture_&_Religion_000663.png,medium,1,0.9940288066864014
df9bc81396682d84264e5de42d52252732277c89e49865e6ed3e54a9fcb8758b,data/datasets/openfake/additional-900/images/real/df9bc81396682d84264e5de42d52252732277c89e49865e6ed3e54a9fcb8758b.jpg,medium,0,0.0003215990145690739
df9dc4cf2e1821c5ec84e22d8e60d26d891571044cfaf5c239ae364a5b07133e,data/datasets/RRDataset/selection_1500/lorenzo/ai/Political_&_Social_Events_000304.png,medium,1,0.9892351031303406
dfb9f650b031d719a92453a8cf2580fb01e6028e15b3d96d04e8becb67ebc595,data/datasets/RRDataset/selection_1500/lorenzo/ai/Natural_Disasters_&_Accidents_000682.png,medium,1,0.9458984732627869
dfcea6caed5ffa0b2448f5ebc1eccf72fa88dccef19c2a940655c3a35199ffc1,data/datasets/RRDataset/selection_1500/lorenzo/ai/Medical_&_Public_Health_000441.png,medium,1,0.9230234622955322
e0241536b66aeb4681a42afe37bc96078804f2335bf2b30280aa5fdc4f57ec19,data/datasets/sid-set/candidate-1500/images/real/e0241536b66aeb4681a42afe37bc96078804f2335bf2b30280aa5fdc4f57ec19.jpg,medium,0,0.003002578392624855
e05fdca77a4778e708789a5e98bac79205025b51d6ccc88463037c44b22b3a51,data/datasets/sid-set/candidate-1500/images/fake/e05fdca77a4778e708789a5e98bac79205025b51d6ccc88463037c44b22b3a51.png,medium,1,0.9949701428413391
e06078f71b35717bc5b322608b8e497170a193251554e717fa9fbcfbe55a1875,data/datasets/RRDataset/selection_1500/sara/ai/Political_&_Social_Events_000153.png,medium,1,0.9290976524353027
e0654928fe7dcca7e49a7b02bde373aac01491458814fb27078a7af303458653,data/datasets/sid-set/candidate-1500/images/real/e0654928fe7dcca7e49a7b02bde373aac01491458814fb27078a7af303458653.jpg,medium,0,0.024593064561486244
e085a87989b2bd3760c3458eff960248f9becfb5f4c90f6a85adfbae82b2bff5,data/datasets/sid-set/candidate-1500/images/real/e085a87989b2bd3760c3458eff960248f9becfb5f4c90f6a85adfbae82b2bff5.jpg,medium,0,0.976914644241333
e08ac5c00da1a8abdb02f6bd19eb4ab41d72ec6aca76fc2f68c49ead03e1ce89,data/datasets/openfake/additional-900/images/fake/e08ac5c00da1a8abdb02f6bd19eb4ab41d72ec6aca76fc2f68c49ead03e1ce89.png,medium,1,0.9938910007476807
e0b148ce71c9e955841e858d823be5fcb0b8944401d3d376440b9e74a345afb7,data/datasets/openfake/pilot-600/images/real/e0b148ce71c9e955841e858d823be5fcb0b8944401d3d376440b9e74a345afb7.jpg,medium,0,0.03421479091048241
e0b6627b789c60261f9327bac0b2d1171b7b3e528d3da0c4876b7d0539ce1950,data/datasets/openfake/additional-900/images/real/e0b6627b789c60261f9327bac0b2d1171b7b3e528d3da0c4876b7d0539ce1950.jpg,medium,0,0.0038542081601917744
e0b8553d1bc047c1bd237eb4c5f83cbc3e79fe0a66360eeb54bbd3e1f062a6a7,data/datasets/openfake/pilot-600/images/fake/e0b8553d1bc047c1bd237eb4c5f83cbc3e79fe0a66360eeb54bbd3e1f062a6a7.png,medium,1,0.17335598170757294
e0c41adc56354762d4bb508c273ed009e99ba111b4570661ba01eb17d2ed0ef9,data/datasets/openfake/additional-900/images/real/e0c41adc56354762d4bb508c273ed009e99ba111b4570661ba01eb17d2ed0ef9.jpg,medium,0,0.005329398438334465
e0eb31ea615b460c378ecd0569922b853da546444e81a32eb27e4fb80658cd79,data/datasets/sid-set/candidate-1500/images/fake/e0eb31ea615b460c378ecd0569922b853da546444e81a32eb27e4fb80658cd79.png,medium,1,0.978725016117096
e1008351bb152cb452f917590c415a5ebbae2073ad42e4261329b43dbad5d6dd,data/datasets/openfake/additional-900/images/real/e1008351bb152cb452f917590c415a5ebbae2073ad42e4261329b43dbad5d6dd.jpg,medium,0,0.7699916958808899
e125595634b96e2222868c962775a780c1c184d98d433a2520d6a64a51f87c70,data/datasets/RRDataset/selection_1500/lorenzo/ai/War_&_Conflict_Scenes_000950.png,medium,1,0.9918620586395264
e1258adc73c6b68d9e12c797c0fbdd1d130be6e6f07380e55b4923540d28a101,data/datasets/sid-set/candidate-1500/images/real/e1258adc73c6b68d9e12c797c0fbdd1d130be6e6f07380e55b4923540d28a101.jpg,medium,0,0.1751205325126648
e13d8e2590d3271364ff4ad25e2835b878ddd2ee2bc14b4b282b0f368bf5e352,data/datasets/RRDataset/selection_1500/lorenzo/ai/Culture_&_Religion_000387.png,medium,1,0.9802383184432983
e15fb5600df3650d55a6c5163238e6a7c02795915d66339586bd707bcdc356be,data/datasets/sid-set/candidate-1500/images/fake/e15fb5600df3650d55a6c5163238e6a7c02795915d66339586bd707bcdc356be.png,medium,1,0.934769332408905
e16566fc8a79d68d5a30f05fbee3f43a7336774915ee7509be7ea6d7ef9e1ed5,data/datasets/sid-set/candidate-1500/images/fake/e16566fc8a79d68d5a30f05fbee3f43a7336774915ee7509be7ea6d7ef9e1ed5.png,medium,1,0.9738918542861938
e17de4bfd241becf8b26c604f90907317b3ac9c1ad081b06adf6a22f6273c124,data/datasets/RRDataset/selection_1500/lorenzo/ai/Medical_&_Public_Health_000078.png,medium,1,0.8680942058563232
e1aae5ff2228ea65682ba458f78da061335c45e6e25344fc567783e14eb56501,data/datasets/sid-set/candidate-1500/images/fake/e1aae5ff2228ea65682ba458f78da061335c45e6e25344fc567783e14eb56501.png,medium,1,0.9360459446907043
e1ad405b8f4f67c03af6fdd9f7e5ec705d6c988baf6ce81a4e17d025b650d562,data/datasets/RRDataset/selection_1500/sara/real/real_001724.jpg,medium,0,0.32957762479782104
e1c5fe35f7008d8ed68eed70e48f4819dd62108cc50744fab98245c4d085a1d2,data/datasets/sid-set/candidate-1500/images/real/e1c5fe35f7008d8ed68eed70e48f4819dd62108cc50744fab98245c4d085a1d2.jpg,medium,0,0.017963778227567673
e1cbec9d93eee8d7bd14604e5f4c63c4e22e56d01e7b3326b1d90f0ec13316dc,data/datasets/openfake/pilot-600/images/fake/e1cbec9d93eee8d7bd14604e5f4c63c4e22e56d01e7b3326b1d90f0ec13316dc.png,medium,1,0.9843420386314392
e1e05b6376c06d3a3e4e966342b4f9a6f9af5c2beed32b671c4381e459586c8f,data/datasets/RRDataset/selection_1500/sara/ai/production_000493.png,medium,1,0.812160074710846
e1ef27e9de842f6e0b287e44dd6305a80e103167b637bbff1ef409b38ec96a14,data/datasets/RRDataset/selection_1500/giovanni/ai/Medical_&_Public_Health_000810.png,medium,1,0.5749458074569702
e1f4af37999078e15d450a9bfae7b91497136be83027818efb22801f17edb726,data/datasets/RRDataset/selection_1500/lorenzo/real/real_001311.jpg,medium,0,0.9849735498428345
e226168e72221cf8d0f8d5224ed38d4ec482ef4b83b21a78d24ea4643537f0d1,data/datasets/openfake/pilot-600/images/real/e226168e72221cf8d0f8d5224ed38d4ec482ef4b83b21a78d24ea4643537f0d1.jpg,medium,0,0.010037142783403397
e235433445b5c83e460bffe1ca5c1f1e9137f5b046baf94aef1b3cb2ca7a275e,data/datasets/RRDataset/selection_1500/giovanni/ai/Natural_Disasters_&_Accidents_000527.png,medium,1,0.9401917457580566
e2377d129b99506546622be3b90600d6130addc2e0bc1ae4b450f1ed3e47b022,data/datasets/openfake/pilot-600/images/real/e2377d129b99506546622be3b90600d6130addc2e0bc1ae4b450f1ed3e47b022.jpg,medium,0,0.021075021475553513
e23b018dbcb13d938e2685c9ca79df8043b0acac4f15ee1320bf0d2fc9d89c99,data/datasets/sid-set/candidate-1500/images/fake/e23b018dbcb13d938e2685c9ca79df8043b0acac4f15ee1320bf0d2fc9d89c99.png,medium,1,0.9345078468322754
e2476087b3d713ff51326ccdef8bf98643526738368117038f69d6ce4737def7,data/datasets/sid-set/candidate-1500/images/fake/e2476087b3d713ff51326ccdef8bf98643526738368117038f69d6ce4737def7.png,medium,1,0.9275962114334106
e249671c3ed8d7ed79103b7e69fc40fd23a2ba201175d7a6ca65a0a73f1b67c4,data/datasets/openfake/additional-900/images/real/e249671c3ed8d7ed79103b7e69fc40fd23a2ba201175d7a6ca65a0a73f1b67c4.jpg,medium,0,0.39829182624816895
e254467176132a9005a1f8a2f4d22a093881058aab1825b128e650cf11e893a0,data/datasets/sid-set/candidate-1500/images/fake/e254467176132a9005a1f8a2f4d22a093881058aab1825b128e650cf11e893a0.png,medium,1,0.9874294400215149
e2c4c8838801862fee61989b4772628118d861c558677f472e3b77f60b2ef43e,data/datasets/RRDataset/selection_1500/sara/ai/normal_006047.jpg,medium,1,0.6935436129570007
e2cba1fea63e7e7ab9c587055f6747674facd3cde415aabd8be5aa4bb8102298,data/datasets/sid-set/candidate-1500/images/fake/e2cba1fea63e7e7ab9c587055f6747674facd3cde415aabd8be5aa4bb8102298.png,medium,1,0.9697530269622803
e2ced96352ff6218c6b0998b365863ea1f2b2cf379638cb31bbe5522accf2898,data/datasets/openfake/additional-900/images/fake/e2ced96352ff6218c6b0998b365863ea1f2b2cf379638cb31bbe5522accf2898.jpg,medium,1,0.9512395858764648
e2e0b673eb9749378c970357a210180a5bd64aa4fed05dc8d37f9489ff1ecd30,data/datasets/RRDataset/selection_1500/lorenzo/real/real_001070.jpg,medium,0,0.6243928074836731
e2e14a9a04893146dfbc213737244db3e0f43b3b6413a4d5e471b839cae96701,data/datasets/RRDataset/selection_1500/giovanni/ai/production_000370.png,medium,1,0.9902355074882507
e2ee51e17fdf741fc68df3d7219a7a821cfa12a32fd509633a59302dddaffea8,data/datasets/openfake/additional-900/images/real/e2ee51e17fdf741fc68df3d7219a7a821cfa12a32fd509633a59302dddaffea8.jpg,medium,0,0.005315764807164669
e30ca2e6f339a266660a3449c1a39c81d57bf43ab50d67263b584ced6be82359,data/datasets/RRDataset/selection_1500/lorenzo/real/real_007789.jpg,medium,0,0.8995650410652161
e33aa48af584f11945f0b11ccf99276db5289779e51f38509c6eb3a1d4a1a7b0,data/datasets/RRDataset/selection_1500/giovanni/ai/Medical_&_Public_Health_000711.png,medium,1,0.9894592761993408
e343059e540802a1fb3b688a4c270c9851f8165322ed9b7e96eecaa5d4f8cb5a,data/datasets/openfake/pilot-600/images/real/e343059e540802a1fb3b688a4c270c9851f8165322ed9b7e96eecaa5d4f8cb5a.jpg,medium,0,0.0004213945067021996
e372dec4b06106de17c8498e832de8372dca39b773a5b8d69175d0b47a329351,data/datasets/sid-set/candidate-1500/images/fake/e372dec4b06106de17c8498e832de8372dca39b773a5b8d69175d0b47a329351.png,medium,1,0.9871091842651367
e37b552b23467139fe95dbb82730f0ff29b8735284f7fa830e36e241f7d24f0a,data/datasets/openfake/pilot-600/images/real/e37b552b23467139fe95dbb82730f0ff29b8735284f7fa830e36e241f7d24f0a.jpg,medium,0,0.9975639581680298
e38e491350b78ef6f8b0d8b672dd2241cf791f4a6c92953ecb79a3f3c683c844,data/datasets/RRDataset/selection_1500/sara/real/real_008475.jpg,medium,0,0.5933319926261902
e39fed98c359c77819fe68978447873c0353a1f0c120f6127e0ac947d3838725,data/datasets/sid-set/candidate-1500/images/fake/e39fed98c359c77819fe68978447873c0353a1f0c120f6127e0ac947d3838725.png,medium,1,0.6734865307807922
e3a24520e9bd6af1c62a01747a5e9a1038a28f86f4ec410b99dfe557f3d6f0ec,data/datasets/sid-set/candidate-1500/images/fake/e3a24520e9bd6af1c62a01747a5e9a1038a28f86f4ec410b99dfe557f3d6f0ec.png,medium,1,0.9818582534790039
e3fcba18f5421e091c34a951fc82c1739dc87a7656ecce311020aa94c82bc3de,data/datasets/sid-set/candidate-1500/images/fake/e3fcba18f5421e091c34a951fc82c1739dc87a7656ecce311020aa94c82bc3de.png,medium,1,0.9855068922042847
e4006e90138861feaf3b9936f087c9c02d2d3946b2fffc7124e47a252cc53c53,data/datasets/RRDataset/selection_1500/lorenzo/real/real_004308.jpg,medium,0,0.8774040341377258
e417f463240e8161a6ff10871355d68125c834c58a390d841aa029269f3dacd5,data/datasets/openfake/additional-900/images/fake/e417f463240e8161a6ff10871355d68125c834c58a390d841aa029269f3dacd5.png,medium,1,0.9356544613838196
e42949f70524b3607a8a55d1dbc8ae74b6557033413ae15a8b7461c7a87027bd,data/datasets/sid-set/candidate-1500/images/real/e42949f70524b3607a8a55d1dbc8ae74b6557033413ae15a8b7461c7a87027bd.jpg,medium,0,0.7453175187110901
e433e0ccb89d2fdd9cd1f9a4205508208390453485efe83f431504f89629c2f8,data/datasets/RRDataset/selection_1500/giovanni/ai/Culture_&_Religion_000619.png,medium,1,0.9927532076835632
e4347359ccfbca1425d05e7bb5e793945ce56895cddf82fdc0b153cdf83e413b,data/datasets/openfake/additional-900/images/fake/e4347359ccfbca1425d05e7bb5e793945ce56895cddf82fdc0b153cdf83e413b.png,medium,1,0.7965665459632874
e4392f836a1d2ed899582a62d38298346612bd49e65f6614de9ae7b1702422e0,data/datasets/openfake/pilot-600/images/real/e4392f836a1d2ed899582a62d38298346612bd49e65f6614de9ae7b1702422e0.jpg,medium,0,0.03211013227701187
e44ed1c77456cdfc1d9f7fe3f92be797d5284cab2306850f1af89f5d3de665d7,data/datasets/openfake/pilot-600/images/real/e44ed1c77456cdfc1d9f7fe3f92be797d5284cab2306850f1af89f5d3de665d7.jpg,medium,0,0.0017930228495970368
e47a60c1f49271502f00cd8b7a8bf54790ed3531fb7a6a77a8414b05687126f5,data/datasets/openfake/additional-900/images/fake/e47a60c1f49271502f00cd8b7a8bf54790ed3531fb7a6a77a8414b05687126f5.jpg,medium,1,0.38573870062828064
e48a68cc12af25f634b662b6368953d7718a149f9f2543f957d3bd292bb59c36,data/datasets/openfake/pilot-600/images/real/e48a68cc12af25f634b662b6368953d7718a149f9f2543f957d3bd292bb59c36.jpg,medium,0,0.004695695359259844
e4955009519fbb6eab3ffdce7e3eb048c6adc075ad0649c2331ff55436e17205,data/datasets/openfake/pilot-600/images/real/e4955009519fbb6eab3ffdce7e3eb048c6adc075ad0649c2331ff55436e17205.jpg,medium,0,0.22831177711486816
e4be1032618d0645c8afd62a1da7672fd6148bfcb287eb1f9fed54aeea08256f,data/datasets/openfake/additional-900/images/real/e4be1032618d0645c8afd62a1da7672fd6148bfcb287eb1f9fed54aeea08256f.jpg,medium,0,0.4395284950733185
e4dcb1b7c5c03ab2cf373802be052964ab017bba57c5d841c81d90347ad06c4c,data/datasets/openfake/additional-900/images/real/e4dcb1b7c5c03ab2cf373802be052964ab017bba57c5d841c81d90347ad06c4c.jpg,medium,0,0.9872807860374451
e4ed3c70457a2498e20fc160a50dec441c453e1b1ad93a3ef37985b06b967dfe,data/datasets/RRDataset/selection_1500/giovanni/real/real_000028.jpg,medium,0,0.5040754675865173
e4f4441b66da27740343f3582e16f2b8824e132433b2dfb2ca9b0af0f5da4656,data/datasets/sid-set/candidate-1500/images/real/e4f4441b66da27740343f3582e16f2b8824e132433b2dfb2ca9b0af0f5da4656.jpg,medium,0,0.07134367525577545
e53031879dcc328fde5b7f528f329367b7528a679f5617fe6ab0030cc9d8d022,data/datasets/openfake/additional-900/images/real/e53031879dcc328fde5b7f528f329367b7528a679f5617fe6ab0030cc9d8d022.jpg,medium,0,0.037891097366809845
e5646b4210884c08c74cbdad4f863cba352337a125e163c510906c17c56bbce1,data/datasets/openfake/pilot-600/images/real/e5646b4210884c08c74cbdad4f863cba352337a125e163c510906c17c56bbce1.jpg,medium,0,0.48410895466804504
e5657ebaf73c003442c84f52ddbc5988c3b01ea959d9e882c69478739322fd25,data/datasets/RRDataset/selection_1500/giovanni/ai/War_&_Conflict_Scenes_000410.png,medium,1,0.8982673287391663
e5664878566d81798c9ca3c86df4b19799156e84ef7754625cd789a34d141f90,data/datasets/sid-set/candidate-1500/images/real/e5664878566d81798c9ca3c86df4b19799156e84ef7754625cd789a34d141f90.jpg,medium,0,0.9015063643455505
e567c49b21c5a1fc0aab1b42abe68c658296d66648dd925aee527a4d93671401,data/datasets/sid-set/candidate-1500/images/fake/e567c49b21c5a1fc0aab1b42abe68c658296d66648dd925aee527a4d93671401.png,medium,1,0.9409322738647461
e56d4e3b4f233904ffc0246b706d1f688a63cab2f76c2b7f5acc21901c9d45b2,data/datasets/RRDataset/selection_1500/giovanni/real/real_008366.jpg,medium,0,0.7845959663391113
e56e2f5b66a57a620ba70b556ecf916ec8aa135d73a7d8754afc553d46d58ec8,data/datasets/openfake/additional-900/images/real/e56e2f5b66a57a620ba70b556ecf916ec8aa135d73a7d8754afc553d46d58ec8.jpg,medium,0,0.01661447249352932
e5837462522907838b0bd72e3cd191ceb4b6124a4c0f27dde75b18a8834385f8,data/datasets/RRDataset/selection_1500/lorenzo/ai/Medical_&_Public_Health_000708.png,medium,1,0.9684479236602783
e58412aa319910885afdd37d05af6b7a2985a6529802ff6d24c6f8940b4724f1,data/datasets/sid-set/candidate-1500/images/real/e58412aa319910885afdd37d05af6b7a2985a6529802ff6d24c6f8940b4724f1.jpg,medium,0,0.03101471997797489
e58ae918e5b2c6d32e0891fc36d7d9ce4b3a0dca6bb0d09094eef2765e1b4b05,data/datasets/openfake/additional-900/images/real/e58ae918e5b2c6d32e0891fc36d7d9ce4b3a0dca6bb0d09094eef2765e1b4b05.jpg,medium,0,0.00018560550233814865
e59c2fb635417bc2508e837cfe2c9fb9966d118d2d38b085ada37dc3d4b7faad,data/datasets/openfake/additional-900/images/fake/e59c2fb635417bc2508e837cfe2c9fb9966d118d2d38b085ada37dc3d4b7faad.png,medium,1,0.924508273601532
e5b1772035127163d2b013f898e1fd26826a1265052ce8bd11856278a40a8435,data/datasets/openfake/additional-900/images/fake/e5b1772035127163d2b013f898e1fd26826a1265052ce8bd11856278a40a8435.png,medium,1,0.9737116694450378
e5b202f9453fff3db7b7c881838e00b8416be51b4e95be88b72f89d3e466f6ca,data/datasets/openfake/pilot-600/images/fake/e5b202f9453fff3db7b7c881838e00b8416be51b4e95be88b72f89d3e466f6ca.png,medium,1,0.9424116611480713
e5b62dc872df9c7a5d27c6440bc2a15034e68de462fb8deb37186006a9177e9e,data/datasets/sid-set/candidate-1500/images/real/e5b62dc872df9c7a5d27c6440bc2a15034e68de462fb8deb37186006a9177e9e.jpg,medium,0,0.04215727746486664
e5cdfc26899f3666fec10d98ee0d8f2d4975441d05c73425edb621ef8a957712,data/datasets/sid-set/candidate-1500/images/real/e5cdfc26899f3666fec10d98ee0d8f2d4975441d05c73425edb621ef8a957712.jpg,medium,0,0.8629409670829773
e5f85c20cec3072aeedb0f6bfcf774dc516833d7281dbd678ac13c39a4802e33,data/datasets/sid-set/candidate-1500/images/fake/e5f85c20cec3072aeedb0f6bfcf774dc516833d7281dbd678ac13c39a4802e33.png,medium,1,0.9597510695457458
e5fc855d62ecbd60020505cf527c30eed00d6adcd99b2dd97d0886c697929748,data/datasets/RRDataset/selection_1500/lorenzo/real/real_007113.jpg,medium,0,0.27541598677635193
e603f8d55ed0b5d0f42c8eb7c10dd62c90b85930654a2148b89059c855995469,data/datasets/RRDataset/selection_1500/lorenzo/real/real_009666.jpg,medium,0,0.8896231651306152
e616abc63471ab5f93c0c69b6b17a194580d92827bef74014952f355e09e5cb7,data/datasets/RRDataset/selection_1500/sara/real/real_002054.jpg,medium,0,0.7761179208755493
e6262ce0e925617eb3711017976fe1cc3e763e479cc6cbe32f69a1d2479c0749,data/datasets/sid-set/candidate-1500/images/fake/e6262ce0e925617eb3711017976fe1cc3e763e479cc6cbe32f69a1d2479c0749.png,medium,1,0.9985997080802917
e62e101cefbb85c6fedb23fa8441b6c3e2e93a58c6bfc4cef691d09f0064e067,data/datasets/sid-set/candidate-1500/images/real/e62e101cefbb85c6fedb23fa8441b6c3e2e93a58c6bfc4cef691d09f0064e067.jpg,medium,0,0.9978905320167542
e637c7511a2de0f3317ffba2951d657895a8c59bb7f1f0b39930133d1932e5ab,data/datasets/openfake/additional-900/images/real/e637c7511a2de0f3317ffba2951d657895a8c59bb7f1f0b39930133d1932e5ab.jpg,medium,0,0.39860352873802185
e6423eebbf58c6993a10d2a6673f7f1eeb496541ec497dc40017c1cd57de1980,data/datasets/openfake/additional-900/images/real/e6423eebbf58c6993a10d2a6673f7f1eeb496541ec497dc40017c1cd57de1980.jpg,medium,0,0.019682209938764572
e65c0644c50d6e2a89c2e6ed66a937af3e5feb1f333edb0a0e5afafcfedb296e,data/datasets/openfake/pilot-600/images/real/e65c0644c50d6e2a89c2e6ed66a937af3e5feb1f333edb0a0e5afafcfedb296e.jpg,medium,0,0.843559741973877
e65c80c6a92e9cd91f285c3791f273d7d407af08c129e065d49687b08b9fd3a2,data/datasets/sid-set/candidate-1500/images/fake/e65c80c6a92e9cd91f285c3791f273d7d407af08c129e065d49687b08b9fd3a2.png,medium,1,0.8670363426208496
e6714ac06a404b71993ccf545284226f9dac570a94f49e5ca22dd21c344520fc,data/datasets/openfake/pilot-600/images/real/e6714ac06a404b71993ccf545284226f9dac570a94f49e5ca22dd21c344520fc.jpg,medium,0,0.5389344692230225
e674e7586c95e7021a44cc36592804abd71b08d92ce640f8278ca9fd2f33e9d7,data/datasets/sid-set/candidate-1500/images/fake/e674e7586c95e7021a44cc36592804abd71b08d92ce640f8278ca9fd2f33e9d7.png,medium,1,0.9221683740615845
e677265ae1ef2920fef1d27a93c33800e43036d3e90c1140ee3afb7bcffbbbe7,data/datasets/sid-set/candidate-1500/images/fake/e677265ae1ef2920fef1d27a93c33800e43036d3e90c1140ee3afb7bcffbbbe7.png,medium,1,0.9992135763168335
e69774aaee18786e61b5a35c107f35a34095cc9865b7b0a2434cfc01894d5b37,data/datasets/RRDataset/selection_1500/sara/real/real_005036.jpg,medium,0,0.03728262707591057
e6a25a862038a436c22a4241568339693b482d2748071610b24dc7e192ad57df,data/datasets/openfake/pilot-600/images/fake/e6a25a862038a436c22a4241568339693b482d2748071610b24dc7e192ad57df.png,medium,1,0.55832839012146
e6a26fab0a9c25131d461c353f1989e242717af454a99406807e3e16bf0917c3,data/datasets/RRDataset/selection_1500/lorenzo/ai/production_000762.png,medium,1,0.9983652234077454
e6be6cc8dc285b8024cbd0bc61ef22b7057c72b675a7cf1111caa165e510762d,data/datasets/openfake/additional-900/images/fake/e6be6cc8dc285b8024cbd0bc61ef22b7057c72b675a7cf1111caa165e510762d.png,medium,1,0.9671705961227417
e6c303903c122a1837e5e208d9c873bf309bd1f095e63b3ec46d5cd37ae4c9e3,data/datasets/openfake/additional-900/images/real/e6c303903c122a1837e5e208d9c873bf309bd1f095e63b3ec46d5cd37ae4c9e3.jpg,medium,0,0.7858929634094238
e6c7cdcc0dfb999d5c5a5585ab6f6a464b7e36851f0ddb60095b38aa7744b627,data/datasets/RRDataset/selection_1500/giovanni/real/real_006460.jpg,medium,0,0.9929062128067017
e6d84633f7e23ea2bd1fb0a1477cbfc3c20388686b752fe322abac26d04e1297,data/datasets/openfake/additional-900/images/real/e6d84633f7e23ea2bd1fb0a1477cbfc3c20388686b752fe322abac26d04e1297.jpg,medium,0,0.5089921951293945
e6ee1e66803b476d5905d40dfa5d3a8d2de79f45a21354fe8569f3d88d6933fc,data/datasets/RRDataset/selection_1500/sara/ai/War_&_Conflict_Scenes_000176.png,medium,1,0.7806140184402466
e6fd58a9fe7f24edf1c74fe2a009acdd34ecf884b34daf21ba01e7e7b5b60a17,data/datasets/openfake/additional-900/images/real/e6fd58a9fe7f24edf1c74fe2a009acdd34ecf884b34daf21ba01e7e7b5b60a17.jpg,medium,0,0.024626897647976875
e70508adb481ec12bd75490e8dedb84a96d2d22a0f00d08539aff08e352071c7,data/datasets/openfake/additional-900/images/real/e70508adb481ec12bd75490e8dedb84a96d2d22a0f00d08539aff08e352071c7.jpg,medium,0,0.13743135333061218
e7086195fe63aa19f2b10dd6aacce516b0d06b391a7fa64c206752df8ff04a65,data/datasets/sid-set/candidate-1500/images/fake/e7086195fe63aa19f2b10dd6aacce516b0d06b391a7fa64c206752df8ff04a65.png,medium,1,0.9656039476394653
e71911c9d3f3ca9dc5a69286970ba2e0e4c5c1d29cf69b3228c642f1272e35c4,data/datasets/RRDataset/selection_1500/sara/ai/Culture_&_Religion_000022.png,medium,1,0.9972859621047974
e72072e798ff187464f449d82fa099f928ad2390c32e48474f18dbfb4428032d,data/datasets/RRDataset/selection_1500/sara/real/real_007871.jpg,medium,0,0.9950537085533142
e730304ab907dc040aa6516eacc6f38ca4b5d1b6ccf5914420fd22628cce2637,data/datasets/sid-set/candidate-1500/images/real/e730304ab907dc040aa6516eacc6f38ca4b5d1b6ccf5914420fd22628cce2637.jpg,medium,0,0.06308785080909729
e7586f21bc6e435c64a007d203f29c1454ad972287159a67308c9659a567d5ea,data/datasets/openfake/additional-900/images/fake/e7586f21bc6e435c64a007d203f29c1454ad972287159a67308c9659a567d5ea.png,medium,1,0.8152910470962524
e75a529350d91d3769bf5dec7041b9a5d251011be24e428da32d52c180e367b9,data/datasets/openfake/additional-900/images/real/e75a529350d91d3769bf5dec7041b9a5d251011be24e428da32d52c180e367b9.jpg,medium,0,0.000122996571008116
e7939fd793bb9df15f3aa1e262347e7734cd21f76db97772cdc4bf67d9281f1f,data/datasets/RRDataset/selection_1500/sara/ai/Political_&_Social_Events_000481.png,medium,1,0.981871485710144
e79690a3c16bdcbd29185acc72bfe22fd562dde0fcc6ca4691198cba7ce3a168,data/datasets/sid-set/candidate-1500/images/real/e79690a3c16bdcbd29185acc72bfe22fd562dde0fcc6ca4691198cba7ce3a168.jpg,medium,0,0.08955228328704834
e79a52a18e9b33be8b745d5d759c30a4e17d9313ae4963fe9b4d02865cb0af6b,data/datasets/RRDataset/selection_1500/lorenzo/real/real_004061.jpg,medium,0,0.7570690512657166
e79d2d7c8bac5a6c1a45ac1963348fd2bcce0a4a81f1209f7924aad687a004f2,data/datasets/RRDataset/selection_1500/lorenzo/real/real_002638.jpg,medium,0,0.6207148432731628
e7a47f8237030d196b002bb73670edaf3c085f60e1d1a4dc926f222c38423aa1,data/datasets/sid-set/candidate-1500/images/fake/e7a47f8237030d196b002bb73670edaf3c085f60e1d1a4dc926f222c38423aa1.png,medium,1,0.9841403961181641
e7a4ac9fffa947d5ba77c7aa46471390551913cbb6647555a4b208bae3fd98f1,data/datasets/openfake/additional-900/images/real/e7a4ac9fffa947d5ba77c7aa46471390551913cbb6647555a4b208bae3fd98f1.jpg,medium,0,0.07780983299016953
e7b0ad6ee50f143b48e9049c75c4827f8cbed257d7c5b417063e3b6ec05607fd,data/datasets/openfake/additional-900/images/real/e7b0ad6ee50f143b48e9049c75c4827f8cbed257d7c5b417063e3b6ec05607fd.jpg,medium,0,0.1442718505859375
e7b65cd48c271fd592fd9f9c9affdf7f0d66fa16b42505a86744694e939b22e3,data/datasets/RRDataset/selection_1500/sara/ai/Culture_&_Religion_000846.png,medium,1,0.9894026517868042
e7f04863ac4c76be60d5f7570305b453498b20fccd69028278b8062a29d2f330,data/datasets/RRDataset/selection_1500/giovanni/ai/Medical_&_Public_Health_000171.png,medium,1,0.8209360837936401
e7f19735d4500db885aff88ebae8a1b1b4166463d4035272eaad2de1a5dcc1eb,data/datasets/RRDataset/selection_1500/sara/real/real_006671.jpg,medium,0,0.988906979560852
e7fa64635337e1cd44ac9745b8769af3afd2c8a8ef9771a4662883c0eb4e553b,data/datasets/RRDataset/selection_1500/giovanni/real/real_001640.jpg,medium,0,0.834039032459259
e800cc6b1e962aa0887fe65f7a3ce0f6f1c7cf8b8d727f70d4863cc209d092ff,data/datasets/sid-set/candidate-1500/images/fake/e800cc6b1e962aa0887fe65f7a3ce0f6f1c7cf8b8d727f70d4863cc209d092ff.png,medium,1,0.9861019849777222
e807901472d504a7c3fd8f9178a6fedb27f294237c8acb247997cc207cc6110f,data/datasets/RRDataset/selection_1500/giovanni/ai/Natural_Disasters_&_Accidents_000350.png,medium,1,0.7797286510467529
e814d5b553e88c77c7c429ed598c156d1f2b5a9f29ba81929c0d28d4471cca91,data/datasets/sid-set/candidate-1500/images/real/e814d5b553e88c77c7c429ed598c156d1f2b5a9f29ba81929c0d28d4471cca91.jpg,medium,0,0.6422103643417358
e81d73f89f088a01749b5344583f9570a3a9ea8cb9b55ee033119c3dc218cc17,data/datasets/RRDataset/selection_1500/giovanni/real/real_005692.jpg,medium,0,0.3351169526576996
e88e4605f88f7ccfa42792abc0bc3a22110d19d74b30b32b3773541d0eeef4b8,data/datasets/sid-set/candidate-1500/images/fake/e88e4605f88f7ccfa42792abc0bc3a22110d19d74b30b32b3773541d0eeef4b8.png,medium,1,0.9911366701126099
e8aa761b3f259c51c450e9e6afb3ef5fb38db2e9a8a160b5e2dc54dc93bf75d2,data/datasets/sid-set/candidate-1500/images/fake/e8aa761b3f259c51c450e9e6afb3ef5fb38db2e9a8a160b5e2dc54dc93bf75d2.png,medium,1,0.9996488094329834
e8aed9f118b84313b3312190ab6ff95e8e7f70101ca02f8404916424f3cce28a,data/datasets/sid-set/candidate-1500/images/real/e8aed9f118b84313b3312190ab6ff95e8e7f70101ca02f8404916424f3cce28a.jpg,medium,0,0.2229924499988556
e8c53e6d04aa6181a2e7e6720f036fc92b9efac861a21e433fbfd38d2345a051,data/datasets/RRDataset/selection_1500/lorenzo/real/real_004774.jpg,medium,0,0.5468573570251465
e8c93d61ae13f68b52b6c803a0fe26e6192cb4a5cfad3c95b78adab3d5d7e4bc,data/datasets/openfake/additional-900/images/real/e8c93d61ae13f68b52b6c803a0fe26e6192cb4a5cfad3c95b78adab3d5d7e4bc.jpg,medium,0,0.06785641610622406
e8dfe80b14382ae7e7413d167a3b3e88a9b1d050e0ad8879b01c5971d2fc6948,data/datasets/openfake/additional-900/images/real/e8dfe80b14382ae7e7413d167a3b3e88a9b1d050e0ad8879b01c5971d2fc6948.jpg,medium,0,0.7556762099266052
e9290492c05c69ff088fb88b20e6cba7afd6993b4f02fb5dcab88db1537457e2,data/datasets/openfake/pilot-600/images/real/e9290492c05c69ff088fb88b20e6cba7afd6993b4f02fb5dcab88db1537457e2.jpg,medium,0,0.00034044295898638666
e929aefd2e666ecdb3b03a5eb456b21582c0844785fd2c7d03ea20bd08b45a7c,data/datasets/sid-set/candidate-1500/images/fake/e929aefd2e666ecdb3b03a5eb456b21582c0844785fd2c7d03ea20bd08b45a7c.png,medium,1,0.973559558391571
e92c07ab9a8c9f867028d07a1fc1c08abc797938627a7d5b8627d1bfd4f39983,data/datasets/sid-set/candidate-1500/images/real/e92c07ab9a8c9f867028d07a1fc1c08abc797938627a7d5b8627d1bfd4f39983.jpg,medium,0,0.6309031248092651
e938c66db62164824175c19603adcc248affb3465ac82042e9ef748a580306d8,data/datasets/openfake/additional-900/images/fake/e938c66db62164824175c19603adcc248affb3465ac82042e9ef748a580306d8.webp,medium,1,0.2632743716239929
e93a51a935ce7f59c66798986208019eb5aecfbdce0aca2d72d04a4cb4f100b8,data/datasets/openfake/pilot-600/images/real/e93a51a935ce7f59c66798986208019eb5aecfbdce0aca2d72d04a4cb4f100b8.jpg,medium,0,0.6990200281143188
e956e3fd9d1c280eeb8919c5181ce09fe2903c0faeab320aa16bdeea373741cf,data/datasets/openfake/additional-900/images/real/e956e3fd9d1c280eeb8919c5181ce09fe2903c0faeab320aa16bdeea373741cf.jpg,medium,0,5.8081746828975156e-05
e95c6d51825805da7390f362b4385e9fbc46ae05970b754a058dc546ebf0203b,data/datasets/sid-set/candidate-1500/images/fake/e95c6d51825805da7390f362b4385e9fbc46ae05970b754a058dc546ebf0203b.png,medium,1,0.8625912070274353
e974c5270c9beb4a5fac394ad7750e613409a4e1c0f17e7ffc91fca96afc3a5d,data/datasets/sid-set/candidate-1500/images/real/e974c5270c9beb4a5fac394ad7750e613409a4e1c0f17e7ffc91fca96afc3a5d.jpg,medium,0,0.031680233776569366
e9871344f460d2a83d328199ace553bb21eec1bbae69717394c6f08d338a9930,data/datasets/sid-set/candidate-1500/images/fake/e9871344f460d2a83d328199ace553bb21eec1bbae69717394c6f08d338a9930.png,medium,1,0.9618409276008606
e9a63cfba25176df1091dcabb5e1fec57f5568eb751811e16966e62cd11e8e04,data/datasets/sid-set/candidate-1500/images/fake/e9a63cfba25176df1091dcabb5e1fec57f5568eb751811e16966e62cd11e8e04.png,medium,1,0.9978269934654236
e9b62a2d97b009a091d155b8bb73b73561ca417e9889ecb8fca3b1915e6545be,data/datasets/sid-set/candidate-1500/images/real/e9b62a2d97b009a091d155b8bb73b73561ca417e9889ecb8fca3b1915e6545be.jpg,medium,0,0.8670891523361206
e9bb1390d5b92dfd5337782a36502e1101a00fac3d9a997952c86e73642b53ac,data/datasets/sid-set/candidate-1500/images/fake/e9bb1390d5b92dfd5337782a36502e1101a00fac3d9a997952c86e73642b53ac.png,medium,1,0.9847217202186584
e9ffd0d6e3d69e32f05d0393abb4feae7ccaba5bf2535a064907cd24683a864c,data/datasets/sid-set/candidate-1500/images/real/e9ffd0d6e3d69e32f05d0393abb4feae7ccaba5bf2535a064907cd24683a864c.jpg,medium,0,0.9885741472244263
ea060d7c89f0ba561222222ab2ae25ce4e58ea699d1e74bd8fe5bdda2ea26572,data/datasets/openfake/pilot-600/images/fake/ea060d7c89f0ba561222222ab2ae25ce4e58ea699d1e74bd8fe5bdda2ea26572.png,medium,1,0.9824016690254211
ea1bfb1e40f260397a20b03c45c5ca347d73c1b1df3d630f518a439cf79a4e82,data/datasets/RRDataset/selection_1500/lorenzo/ai/War_&_Conflict_Scenes_000745.png,medium,1,0.8570756912231445
ea1f491e3f8c985b28f83fa15eb336a666183a4fe872460e4aa113aafa444073,data/datasets/openfake/additional-900/images/real/ea1f491e3f8c985b28f83fa15eb336a666183a4fe872460e4aa113aafa444073.jpg,medium,0,0.0019070329144597054
ea20cbb5c5d78439debe74ebd8fe25106751a3c3b4a9423019a0b9ce7bb6b74d,data/datasets/openfake/additional-900/images/fake/ea20cbb5c5d78439debe74ebd8fe25106751a3c3b4a9423019a0b9ce7bb6b74d.png,medium,1,0.8912093639373779
ea29ab4c83a8c7d68f5cf12f67962647f17e073d2f61a18779f23f3a48192bbe,data/datasets/openfake/pilot-600/images/real/ea29ab4c83a8c7d68f5cf12f67962647f17e073d2f61a18779f23f3a48192bbe.jpg,medium,0,0.7350077629089355
ea4e69dae54b71e1210b8142b53c8c8505cc053dcdff3b557965185b1b3e51ca,data/datasets/RRDataset/selection_1500/lorenzo/real/real_002314.jpg,medium,0,0.20760567486286163
ea5ec078aa1ba9a2175e55d3ca7e3fd51cfa721297eabea7cf4e0b7caaa0e460,data/datasets/openfake/pilot-600/images/real/ea5ec078aa1ba9a2175e55d3ca7e3fd51cfa721297eabea7cf4e0b7caaa0e460.jpg,medium,0,0.0003497182042337954
ea5f887f987e2dcc8c1dd7afde11ecb366c4d32f1d0133d58bf5f2fd051d251e,data/datasets/openfake/pilot-600/images/fake/ea5f887f987e2dcc8c1dd7afde11ecb366c4d32f1d0133d58bf5f2fd051d251e.png,medium,1,0.9903174638748169
ea60f801cca8cc31a737f933a8c04aa14437207df783fb63bec812f25e594886,data/datasets/RRDataset/selection_1500/giovanni/real/real_002179.jpg,medium,0,0.8171368837356567
ea88e4e6d9ac591e831dfb2c5b1e1271f2ddf5d1101ef7ff64b219338263305e,data/datasets/sid-set/candidate-1500/images/real/ea88e4e6d9ac591e831dfb2c5b1e1271f2ddf5d1101ef7ff64b219338263305e.jpg,medium,0,0.13412098586559296
ead5e90d438a3cfc7c122c68f72844e595d652a9a3e37f22d7ef40a9f10f8c59,data/datasets/RRDataset/selection_1500/sara/real/real_001920.jpg,medium,0,0.9840973019599915
eaef619dc939ca42453191dce2bcaab1ab07cbe7fd655c82a6c10633eea11181,data/datasets/RRDataset/selection_1500/giovanni/ai/Natural_Disasters_&_Accidents_000783.png,medium,1,0.7710387110710144
eaf983cf37edfb3e3366480ef5ffcd2a654c482fdf4899f15213d5737157491b,data/datasets/openfake/additional-900/images/real/eaf983cf37edfb3e3366480ef5ffcd2a654c482fdf4899f15213d5737157491b.jpg,medium,0,0.15324367582798004
eb028dd17b98123d91dbef771a400522869c1f3acafb6e59d9468698ba8cda56,data/datasets/sid-set/candidate-1500/images/fake/eb028dd17b98123d91dbef771a400522869c1f3acafb6e59d9468698ba8cda56.png,medium,1,0.7524427771568298
eb1ef9030b8b6923806336ab2289c3185e7d62a2191f1272ebbe8a098b4999b0,data/datasets/RRDataset/selection_1500/lorenzo/ai/Political_&_Social_Events_000076.png,medium,1,0.9273781180381775
eb25386057bf63378375e3a9c1bb6600ddcd3d5eb615eb42dbac095afc0ec08b,data/datasets/sid-set/candidate-1500/images/fake/eb25386057bf63378375e3a9c1bb6600ddcd3d5eb615eb42dbac095afc0ec08b.png,medium,1,0.6787385940551758
eb270e52b277d25700e8e60b37c434c8fc8dc01c30079ab7a39a346b9f14c25e,data/datasets/openfake/pilot-600/images/real/eb270e52b277d25700e8e60b37c434c8fc8dc01c30079ab7a39a346b9f14c25e.jpg,medium,0,0.3747323155403137
eb2f6d9a9da66a46fc045d8f2ecfea9af67b7d06bc99c6b42626872607411b45,data/datasets/RRDataset/selection_1500/sara/real/real_007494.jpg,medium,0,0.9879850745201111
eb4f2e2c8ca26dcba53bdf511fc49c53a636e45b403dfc21d80a72bb45869ae2,data/datasets/sid-set/candidate-1500/images/real/eb4f2e2c8ca26dcba53bdf511fc49c53a636e45b403dfc21d80a72bb45869ae2.jpg,medium,0,0.5226072072982788
eb4fe7b96ed7e5b8a7e4e24e25163c80144548fd68e4a0d32432629b9761278c,data/datasets/sid-set/candidate-1500/images/real/eb4fe7b96ed7e5b8a7e4e24e25163c80144548fd68e4a0d32432629b9761278c.jpg,medium,0,0.15709955990314484
eb5fe23c53e82d40cee8849c03bfb89924044e05e85fa26b04f16a724103f5af,data/datasets/sid-set/candidate-1500/images/real/eb5fe23c53e82d40cee8849c03bfb89924044e05e85fa26b04f16a724103f5af.jpg,medium,0,0.6196374297142029
eb707a0ce56a5706e5060584c005b77a16c41dd3b6816efca2db1f995c5deee9,data/datasets/RRDataset/selection_1500/giovanni/real/real_001883.jpg,medium,0,0.3389095366001129
eb72110be5ec5a1de56cb685ce3c48a33e31a3b3354d8d59f087d40819593981,data/datasets/sid-set/candidate-1500/images/real/eb72110be5ec5a1de56cb685ce3c48a33e31a3b3354d8d59f087d40819593981.jpg,medium,0,0.582318902015686
ebe5ffd5a956a99ea75dd03045d1b921441b42dd1aeeba2928a5a8ba640133fb,data/datasets/RRDataset/selection_1500/lorenzo/real/real_008128.jpg,medium,0,0.9976555109024048
ec057870e9c342b196d830d0f7b8e71e5ee175d8e1c645a3f070b4a1f301c895,data/datasets/sid-set/candidate-1500/images/fake/ec057870e9c342b196d830d0f7b8e71e5ee175d8e1c645a3f070b4a1f301c895.png,medium,1,0.9796287417411804
ec0ccc7fa2722405ae8e46b33d0dcf5f0c22c67f71f57938599ef3aefb53db7a,data/datasets/openfake/additional-900/images/real/ec0ccc7fa2722405ae8e46b33d0dcf5f0c22c67f71f57938599ef3aefb53db7a.jpg,medium,0,0.006754528731107712
ec0f982485bc5f813930848059f8c417996e049278dfe9d2a0aa67cdcdd0390c,data/datasets/openfake/additional-900/images/fake/ec0f982485bc5f813930848059f8c417996e049278dfe9d2a0aa67cdcdd0390c.png,medium,1,0.7271445989608765
ec514d99143b2938d8a7b20e2fba785642d9a3aaecd29fdb89acaab32d72292b,data/datasets/RRDataset/selection_1500/giovanni/real/real_004199.jpg,medium,0,0.7352792024612427
ec5ea19472b91496afdeeb8982eaa5d8e08c42b41211327213b9af5319cf099a,data/datasets/openfake/pilot-600/images/fake/ec5ea19472b91496afdeeb8982eaa5d8e08c42b41211327213b9af5319cf099a.jpg,medium,1,0.0198217760771513
ec5eb889887d0b0dba351ba5abb84506c13cc4db237bb0816a51b9b84ce7745e,data/datasets/openfake/additional-900/images/real/ec5eb889887d0b0dba351ba5abb84506c13cc4db237bb0816a51b9b84ce7745e.jpg,medium,0,0.09073197096586227
ec786aed6b5c68e840686929e92b21ce92f76c42bd8fbaea02b269cd3c89302d,data/datasets/openfake/additional-900/images/fake/ec786aed6b5c68e840686929e92b21ce92f76c42bd8fbaea02b269cd3c89302d.png,medium,1,0.5474530458450317
ec82175e235fad811f0a997b59f7f5c3c06c462ca072d6097a54102801da6e08,data/datasets/RRDataset/selection_1500/lorenzo/ai/production_000819.png,medium,1,0.9787200093269348
ec89fdb08f80db87cf02a97461e0f4d4495dab58e0ab9ba687fa56b89e5219c6,data/datasets/sid-set/candidate-1500/images/real/ec89fdb08f80db87cf02a97461e0f4d4495dab58e0ab9ba687fa56b89e5219c6.jpg,medium,0,0.014648092910647392
ec99a4c28c2e4837edd86c49dc0451d1b3201711547bf9dd1b89413a6bacc447,data/datasets/RRDataset/selection_1500/sara/ai/Medical_&_Public_Health_000005.png,medium,1,0.9458056688308716
eca0a069e517bacca13a875fff96f0b65364e60a96cefc1db44f99ba5d6cd484,data/datasets/RRDataset/selection_1500/sara/ai/production_000894.png,medium,1,0.9970619082450867
ecd372e08ff7dfc1df887b26bc322e71992d491e39006c8f2e56792abe7ca261,data/datasets/sid-set/candidate-1500/images/real/ecd372e08ff7dfc1df887b26bc322e71992d491e39006c8f2e56792abe7ca261.jpg,medium,0,0.5085563063621521
ecde51d05c3e7ae5f7d5b01a62dd87b38759095a08921579f6cf58dd7be6739b,data/datasets/sid-set/candidate-1500/images/fake/ecde51d05c3e7ae5f7d5b01a62dd87b38759095a08921579f6cf58dd7be6739b.png,medium,1,0.9758318662643433
ecdf43406997018530a6ef4f63290b06339b9eb49d7d22e25972c9ef87494cbf,data/datasets/openfake/pilot-600/images/real/ecdf43406997018530a6ef4f63290b06339b9eb49d7d22e25972c9ef87494cbf.jpg,medium,0,0.6209776401519775
ed1c84cbe56af98e3c61311cae047e39e8d1494a43b102cfd206580ac27ebb91,data/datasets/openfake/additional-900/images/fake/ed1c84cbe56af98e3c61311cae047e39e8d1494a43b102cfd206580ac27ebb91.png,medium,1,0.8448150753974915
ed533e9e9935b1a7f4c0e2c05cce2d8d3c4621baf2e51cfee213d2fd52d44f77,data/datasets/sid-set/candidate-1500/images/fake/ed533e9e9935b1a7f4c0e2c05cce2d8d3c4621baf2e51cfee213d2fd52d44f77.png,medium,1,0.9773733615875244
ed74615f60ab1dd7f336d114818df152ceb41c9396237d35f619a1faa798a033,data/datasets/openfake/pilot-600/images/real/ed74615f60ab1dd7f336d114818df152ceb41c9396237d35f619a1faa798a033.jpg,medium,0,0.10569466650485992
ed7bad72ff369d40b900fe5438b6bb4a97e29203162c8e748814fe8f49a211dd,data/datasets/openfake/additional-900/images/fake/ed7bad72ff369d40b900fe5438b6bb4a97e29203162c8e748814fe8f49a211dd.png,medium,1,0.9675246477127075
ed8dca2c0c4ac137dd420cafb4e52079e24eb5cabb574aa2550cf64742c10f1b,data/datasets/RRDataset/selection_1500/giovanni/real/real_006499.jpg,medium,0,0.980984091758728
eda7db683048a01e68b8e05bbe6bf4e219964e2e79f35101c727a340524b636b,data/datasets/sid-set/candidate-1500/images/fake/eda7db683048a01e68b8e05bbe6bf4e219964e2e79f35101c727a340524b636b.png,medium,1,0.9793457984924316
edc32d464c59bb364e9ebf6c528643c22113e8b3be045d7c6c3bda1e59dcee69,data/datasets/openfake/additional-900/images/real/edc32d464c59bb364e9ebf6c528643c22113e8b3be045d7c6c3bda1e59dcee69.jpg,medium,0,0.0008238958544097841
edece42b56046148558dd1060b5bec988a1fe32cc35a895cc6e5221438f3f1ca,data/datasets/RRDataset/selection_1500/giovanni/real/real_008319.jpg,medium,0,0.7990049123764038
ee28e5f8b4128e682f9b86f9799dec8f31eb47277a67e5681e1ed53af210f640,data/datasets/sid-set/candidate-1500/images/real/ee28e5f8b4128e682f9b86f9799dec8f31eb47277a67e5681e1ed53af210f640.jpg,medium,0,0.9942837357521057
ee2c72b12d41952ba9dbbb3ea16855a1c4226c3792917c22ad3aa282946b6910,data/datasets/RRDataset/selection_1500/giovanni/real/real_002975.jpg,medium,0,0.9722002148628235
ee2d799ebcac61c0aed7258296140b695f4ac637b9441eeabaa81bf28760cc8a,data/datasets/openfake/additional-900/images/fake/ee2d799ebcac61c0aed7258296140b695f4ac637b9441eeabaa81bf28760cc8a.png,medium,1,0.832030177116394
ee2e5117ec08d98d4f2070247f254cea9b5c86317066fadb4c15700d0a62fd38,data/datasets/RRDataset/selection_1500/sara/ai/War_&_Conflict_Scenes_000822.png,medium,1,0.9324765801429749
ee41450164f85320da0be996b2709eb769667ccbcf000dd3b2b2f335ed5d52e4,data/datasets/RRDataset/selection_1500/sara/real/real_009022.jpg,medium,0,0.08409895747900009
ee451883abda53a3bc5436e8bf839ef85b4b26493d00cc73132b7be58186a721,data/datasets/openfake/pilot-600/images/real/ee451883abda53a3bc5436e8bf839ef85b4b26493d00cc73132b7be58186a721.jpg,medium,0,0.8531564474105835
ee89a5cda1326c99c0b54f85fc18ad130c3b63bf4eb22a76b993fb41f0fc3373,data/datasets/openfake/additional-900/images/fake/ee89a5cda1326c99c0b54f85fc18ad130c3b63bf4eb22a76b993fb41f0fc3373.png,medium,1,0.5824790596961975
ee90bf45b6bd2c08b2b05063ab2502c158693463ca8d3c173fc83eb2894cfa6b,data/datasets/openfake/pilot-600/images/real/ee90bf45b6bd2c08b2b05063ab2502c158693463ca8d3c173fc83eb2894cfa6b.jpg,medium,0,0.00710625946521759
ee94fe3b15d2f482c0c21e209466c2a5f61950f57bb2ca73bbe9084bb24cd4fb,data/datasets/sid-set/candidate-1500/images/fake/ee94fe3b15d2f482c0c21e209466c2a5f61950f57bb2ca73bbe9084bb24cd4fb.png,medium,1,0.9293907284736633
eea275f3f35b1f7f49b896ae0db49ec34bd6f90e336d63262dc4315039182afb,data/datasets/RRDataset/selection_1500/sara/real/real_001502.jpg,medium,0,0.036396875977516174
eeb868b50484439724eacb8464b52adbfbf56350ced3d25bb3fc87c19b312aa9,data/datasets/openfake/pilot-600/images/real/eeb868b50484439724eacb8464b52adbfbf56350ced3d25bb3fc87c19b312aa9.jpg,medium,0,0.7286768555641174
eeb94d4b8c6e3aa02aa4c12aa4f27efa018c71880b4d4b8d1bc5378b96eb27f9,data/datasets/openfake/additional-900/images/fake/eeb94d4b8c6e3aa02aa4c12aa4f27efa018c71880b4d4b8d1bc5378b96eb27f9.png,medium,1,0.9888218641281128
eebc5a29824d06d848f92ad4b7a868a27099cafe6d8df5a3a63d53e7a7b6bfdd,data/datasets/openfake/pilot-600/images/real/eebc5a29824d06d848f92ad4b7a868a27099cafe6d8df5a3a63d53e7a7b6bfdd.jpg,medium,0,0.5993075370788574
eec0dff61bb6cd8a6849fdb74144b5d03c5e48e7ac359ff24b2ae664c14d92d9,data/datasets/openfake/additional-900/images/fake/eec0dff61bb6cd8a6849fdb74144b5d03c5e48e7ac359ff24b2ae664c14d92d9.jpg,medium,1,0.7298821210861206
eec2632e0fdda35f8ce37ae5ecb4b669789def12c0f8a7c0a9838866ad5d72e5,data/datasets/sid-set/candidate-1500/images/fake/eec2632e0fdda35f8ce37ae5ecb4b669789def12c0f8a7c0a9838866ad5d72e5.png,medium,1,0.9818304181098938
eec4bd2a1dc1a222ff5231271fe59b5b6a59728ec83d60494acb8a352051e2b5,data/datasets/openfake/pilot-600/images/fake/eec4bd2a1dc1a222ff5231271fe59b5b6a59728ec83d60494acb8a352051e2b5.png,medium,1,0.7747278809547424
eed3c009e025261b4ada87056c663156f4171992b0bd43d936df654e3bff0bda,data/datasets/sid-set/candidate-1500/images/real/eed3c009e025261b4ada87056c663156f4171992b0bd43d936df654e3bff0bda.jpg,medium,0,0.0015736994100734591
eeda3ce43277955cb13b07603360dcddf524636e3ae2477beeb0ed8c6507c799,data/datasets/openfake/additional-900/images/real/eeda3ce43277955cb13b07603360dcddf524636e3ae2477beeb0ed8c6507c799.jpg,medium,0,0.0012260484509170055
ef41fbc2657439a4ca23f0452179799172ab904583fba07520dd333273f7bd54,data/datasets/openfake/additional-900/images/real/ef41fbc2657439a4ca23f0452179799172ab904583fba07520dd333273f7bd54.jpg,medium,0,0.10177015513181686
ef449ea45b64aaa0ff30621522aae25e2818cd17c5d4ad63cb38b2931b44f918,data/datasets/openfake/pilot-600/images/real/ef449ea45b64aaa0ff30621522aae25e2818cd17c5d4ad63cb38b2931b44f918.jpg,medium,0,0.026337826624512672
ef4863a111dc7c276a15afb91b889562661e3321d1045711b20bd6efb5b0fdbb,data/datasets/openfake/additional-900/images/real/ef4863a111dc7c276a15afb91b889562661e3321d1045711b20bd6efb5b0fdbb.jpg,medium,0,0.02547682449221611
ef4cc7d7517a0bc4d17b5ba82ebd9df016b0b30782e5634bc099aeb36389c523,data/datasets/RRDataset/selection_1500/giovanni/ai/production_000730.png,medium,1,0.9882273077964783
ef4cf1e5e7082a0fbcbc32a153ad9754ab09d1fac4ccfdb61f4f9b8b8c236c86,data/datasets/sid-set/candidate-1500/images/fake/ef4cf1e5e7082a0fbcbc32a153ad9754ab09d1fac4ccfdb61f4f9b8b8c236c86.png,medium,1,0.9884673953056335
ef6155a7500102038a289bff05b0c5f6286a9a8ade137f95928187fc4ecc7116,data/datasets/RRDataset/selection_1500/lorenzo/ai/War_&_Conflict_Scenes_000296.png,medium,1,0.20373104512691498
efb5aafdd190165af4a9329d1afa09eef67634ce743a78fc95d4fa702748efc8,data/datasets/RRDataset/selection_1500/giovanni/ai/production_000278.png,medium,1,0.9906046986579895
efe0dea29b6e6cb317aef10d4c28f59c2015f31296daec1b9cabc1bc66b77da2,data/datasets/RRDataset/selection_1500/giovanni/ai/War_&_Conflict_Scenes_000993.png,medium,1,0.9721757173538208
efec09a3717dc405a21fec40e7df9de8250590f44f9d87502537fc6e0e5d0176,data/datasets/sid-set/candidate-1500/images/real/efec09a3717dc405a21fec40e7df9de8250590f44f9d87502537fc6e0e5d0176.jpg,medium,0,0.2391367405653
eff003401d97eab2d2425c696cc8f251664557e3bc2b52c8889e8d1d72c579f1,data/datasets/sid-set/candidate-1500/images/real/eff003401d97eab2d2425c696cc8f251664557e3bc2b52c8889e8d1d72c579f1.jpg,medium,0,0.3234606385231018
f00af1134e2fb816d6904e882cd8a7348691e2ffec0376d5418b92ac528e6ccd,data/datasets/sid-set/candidate-1500/images/fake/f00af1134e2fb816d6904e882cd8a7348691e2ffec0376d5418b92ac528e6ccd.png,medium,1,0.9450698494911194
f02094281494da3cbd04d1bf49e78c4d8aad58ad7189bcabcb0dd3b4ef9c678f,data/datasets/openfake/additional-900/images/fake/f02094281494da3cbd04d1bf49e78c4d8aad58ad7189bcabcb0dd3b4ef9c678f.png,medium,1,0.7277532815933228
f029f440c45f2e5a461b4a2d96fc75b9616cc9d0f0d2695dda11642fa9d455f2,data/datasets/sid-set/candidate-1500/images/fake/f029f440c45f2e5a461b4a2d96fc75b9616cc9d0f0d2695dda11642fa9d455f2.png,medium,1,0.9695017337799072
f0322af8d451c7bc432ede2f5c01c3ee419bf7c40713023ab83b6679aac26111,data/datasets/sid-set/candidate-1500/images/real/f0322af8d451c7bc432ede2f5c01c3ee419bf7c40713023ab83b6679aac26111.jpg,medium,0,0.4947746992111206
f035160288e487d9c714b7cbb5a3ff60462cee66cba61f2552dde9ea96fdc2a0,data/datasets/sid-set/candidate-1500/images/real/f035160288e487d9c714b7cbb5a3ff60462cee66cba61f2552dde9ea96fdc2a0.jpg,medium,0,0.022504478693008423
f054e829a4a6d80c79af175918b6f802d10b82db5fb9352ee567f8cd1a952c2b,data/datasets/openfake/additional-900/images/fake/f054e829a4a6d80c79af175918b6f802d10b82db5fb9352ee567f8cd1a952c2b.png,medium,1,0.9908757209777832
f06666934bcfbfceb450c16d5345af857fcd4d1aed638b6a6d9d50dfeefcc717,data/datasets/sid-set/candidate-1500/images/real/f06666934bcfbfceb450c16d5345af857fcd4d1aed638b6a6d9d50dfeefcc717.jpg,medium,0,0.9019302725791931
f072d3c8dd343fd8b25bb12ffce4db7bcbeb3552c87187aee511cbf58f338aca,data/datasets/openfake/pilot-600/images/fake/f072d3c8dd343fd8b25bb12ffce4db7bcbeb3552c87187aee511cbf58f338aca.jpg,medium,1,0.4907950162887573
f0737f6e1bc4aeadcd4706d33023d13700f5cc5360a0c4ec6ef42f83e605a773,data/datasets/openfake/pilot-600/images/fake/f0737f6e1bc4aeadcd4706d33023d13700f5cc5360a0c4ec6ef42f83e605a773.png,medium,1,0.8073481321334839
f08e638722601e640f2a055c10c1f894454decbfe3c9014f0990d91352e21c93,data/datasets/openfake/additional-900/images/fake/f08e638722601e640f2a055c10c1f894454decbfe3c9014f0990d91352e21c93.png,medium,1,0.999799907207489
f09155ac08c55672b8cc43be53c57c4b4987df65d16be059da2a74b05545a698,data/datasets/RRDataset/selection_1500/giovanni/real/real_004490.jpg,medium,0,0.9416154026985168
f0c2498c455ea46413cfb5f39e2c9d3b79e71bfffd7ff69532eac4e81f823ada,data/datasets/sid-set/candidate-1500/images/real/f0c2498c455ea46413cfb5f39e2c9d3b79e71bfffd7ff69532eac4e81f823ada.jpg,medium,0,0.21049651503562927
f0cd035663aeb1803e6b472b5f943ff5adfee3fa1d68ae2beb1cb4a101c1dc26,data/datasets/sid-set/candidate-1500/images/fake/f0cd035663aeb1803e6b472b5f943ff5adfee3fa1d68ae2beb1cb4a101c1dc26.png,medium,1,0.943245530128479
f0ceecd6eae5d7ba7b876ae28eb901aabdcb83950c1d1336ada0612f735c5288,data/datasets/openfake/pilot-600/images/fake/f0ceecd6eae5d7ba7b876ae28eb901aabdcb83950c1d1336ada0612f735c5288.png,medium,1,0.8475493788719177
f14db249c2023ef89fd261af7c73d18f6ff75543753c2d9ce3b43aed41a261ad,data/datasets/RRDataset/selection_1500/lorenzo/real/real_002197.jpg,medium,0,0.9774860143661499
f18057150d3de4e175b436e9ba7fb7969d835a1ada192ec9d3ea95840455d0e6,data/datasets/RRDataset/selection_1500/lorenzo/ai/production_000240.png,medium,1,0.964897096157074
f19b1c24e3bddd20cf978395e030b2fae17ece9bb4a40e5bef76ede2b238e9c1,data/datasets/openfake/additional-900/images/real/f19b1c24e3bddd20cf978395e030b2fae17ece9bb4a40e5bef76ede2b238e9c1.jpg,medium,0,0.00037352010258473456
f1d2770f574e7356d221c3eb4f46c576ce4da8f163c73f574c9c496783504997,data/datasets/RRDataset/selection_1500/giovanni/real/real_006937.jpg,medium,0,0.7010567784309387
f1e20af3adb9fa8ab370c49260fc89f18448dc0de32ca5fbc7622aa438fcf771,data/datasets/RRDataset/selection_1500/lorenzo/ai/Political_&_Social_Events_000039.png,medium,1,0.9837215542793274
f208d268d06a3f89772dafa1bcdc14851b588d437565e291d3fd9f28ae159958,data/datasets/openfake/additional-900/images/real/f208d268d06a3f89772dafa1bcdc14851b588d437565e291d3fd9f28ae159958.jpg,medium,0,0.026402698829770088
f22caa39e08d99080071d7c87bd4129768ab56bbafe6e4202df34f7ee12dae40,data/datasets/RRDataset/selection_1500/sara/ai/Medical_&_Public_Health_000314.png,medium,1,0.9893198013305664
f2325fd71d1d19db02ccce97a23c9880221e5e5060d4480d819680235ac98f46,data/datasets/sid-set/candidate-1500/images/fake/f2325fd71d1d19db02ccce97a23c9880221e5e5060d4480d819680235ac98f46.png,medium,1,0.8018181920051575
f2348e9d1ae15e2904f7adaf958783f1c6c70c6a91db2597a3ba86dc1e0ceb79,data/datasets/sid-set/candidate-1500/images/real/f2348e9d1ae15e2904f7adaf958783f1c6c70c6a91db2597a3ba86dc1e0ceb79.jpg,medium,0,0.9496946334838867
f255b0be1724ca4d59e0547ebb34f7895171ff7128b79d9e785edeb9749d563d,data/datasets/RRDataset/selection_1500/giovanni/ai/production_000424.png,medium,1,0.9917843341827393
f261de55321515a60143820b17c29702de21627730f6c9810318b5a4d9cba573,data/datasets/sid-set/candidate-1500/images/fake/f261de55321515a60143820b17c29702de21627730f6c9810318b5a4d9cba573.png,medium,1,0.7900441884994507
f28d562c454f2d809775f9bc7056aab92205e18513d0b1adc9b1800ef17f0255,data/datasets/openfake/pilot-600/images/real/f28d562c454f2d809775f9bc7056aab92205e18513d0b1adc9b1800ef17f0255.jpg,medium,0,0.025024153292179108
f29727c576cedae9a34374bff4e9ce81120130379d12f74d051c6a575406fd1e,data/datasets/RRDataset/selection_1500/giovanni/real/real_007090.jpg,medium,0,0.9754794239997864
f2a820003b63c22618a35d2593635c5f5360c434fc38544413655ffccde26db1,data/datasets/sid-set/candidate-1500/images/real/f2a820003b63c22618a35d2593635c5f5360c434fc38544413655ffccde26db1.jpg,medium,0,0.08757275342941284
f2afa7ea9e49b1cb778cbac98a4f98c87854882b66c4ffeca87dcbe496221ad7,data/datasets/RRDataset/selection_1500/giovanni/ai/Medical_&_Public_Health_000760.png,medium,1,0.9942982792854309
f2b243c1ba9f320c0e233adfb6b66a18160dfeb7730053918ce42d87c9f5c095,data/datasets/openfake/additional-900/images/real/f2b243c1ba9f320c0e233adfb6b66a18160dfeb7730053918ce42d87c9f5c095.jpg,medium,0,0.0010892505524680018
f2b6119f46685938bb1b7b274dce02da699e53702efc68d1cb4299997737c072,data/datasets/openfake/additional-900/images/fake/f2b6119f46685938bb1b7b274dce02da699e53702efc68d1cb4299997737c072.png,medium,1,0.09182880818843842
f2b9546501d23ef2d0b7056917092067ceea3434479005fefecfa985b0b2bece,data/datasets/openfake/additional-900/images/fake/f2b9546501d23ef2d0b7056917092067ceea3434479005fefecfa985b0b2bece.png,medium,1,0.9433006048202515
f2cf874d18986bc566922694ba632ff39aa095654fae5bc2788489317b1624f8,data/datasets/openfake/additional-900/images/fake/f2cf874d18986bc566922694ba632ff39aa095654fae5bc2788489317b1624f8.png,medium,1,0.9927281141281128
f2d38cb6c6dc31d535ecec1b5b93565c44a46bb86bba608e7301c0af814f841e,data/datasets/openfake/additional-900/images/real/f2d38cb6c6dc31d535ecec1b5b93565c44a46bb86bba608e7301c0af814f841e.jpg,medium,0,0.0418623648583889
f2e00f962b781fdba32661610707ac853216503a45bacfd08e9d1ad42d676064,data/datasets/openfake/pilot-600/images/real/f2e00f962b781fdba32661610707ac853216503a45bacfd08e9d1ad42d676064.jpg,medium,0,0.014124851673841476
f3087ec42b093a0d95d1e819991be4ed37264fb9fd43c4fa0daa0d9ecf05c376,data/datasets/openfake/additional-900/images/fake/f3087ec42b093a0d95d1e819991be4ed37264fb9fd43c4fa0daa0d9ecf05c376.png,medium,1,0.9994810223579407
f3214b838b15693fd97e7929e1d1c7e3188a17fc8b055b6d3baf140ae165d676,data/datasets/openfake/additional-900/images/fake/f3214b838b15693fd97e7929e1d1c7e3188a17fc8b055b6d3baf140ae165d676.jpg,medium,1,0.9038568735122681
f340c67311643341beb4e1b8d223875c31b373bf27ab1bbc1f52acd969e4d0b6,data/datasets/sid-set/candidate-1500/images/real/f340c67311643341beb4e1b8d223875c31b373bf27ab1bbc1f52acd969e4d0b6.jpg,medium,0,0.136982724070549
f36b6935ef2b0e36c9eff8de94a6e12e3c7c348c5f163c6c675a09ca9e980434,data/datasets/openfake/additional-900/images/fake/f36b6935ef2b0e36c9eff8de94a6e12e3c7c348c5f163c6c675a09ca9e980434.png,medium,1,0.9976430535316467
f37d0c78bd258f62f15ad6459f53183b43a087737846ba8f36d8187a61bf9b6c,data/datasets/RRDataset/selection_1500/giovanni/ai/production_000439.png,medium,1,0.9755095839500427
f3a6a2c6600e5903265e80583cdfc0fe8da6ef099eacb7dbabeeeff9bc84f7b8,data/datasets/openfake/pilot-600/images/real/f3a6a2c6600e5903265e80583cdfc0fe8da6ef099eacb7dbabeeeff9bc84f7b8.jpg,medium,0,0.19386076927185059
f3a8b4afb1fc612de54f174cd641c9e06893093df0da3bc638b4f27715aee8b3,data/datasets/RRDataset/selection_1500/giovanni/real/real_007902.jpg,medium,0,0.9205981492996216
f3b17de77e333317320fd05b06d4dbdefd6f6575e31613df9498bd88ef9cd342,data/datasets/openfake/additional-900/images/real/f3b17de77e333317320fd05b06d4dbdefd6f6575e31613df9498bd88ef9cd342.jpg,medium,0,0.47979480028152466
f3c58796400839ce3da6f0f7c8c19ef7c27fcec2cbe45e263f71594c18dcc029,data/datasets/RRDataset/selection_1500/sara/real/real_002443.jpg,medium,0,0.5392993688583374
f3fae82eb58d5c1f609af0ab45d8df0957648fef26952a1cd2958dc3d345f059,data/datasets/RRDataset/selection_1500/giovanni/real/real_006847.jpg,medium,0,0.9230237603187561
f4100eacc9540fa0b00f603c45040698f9e3b6401579cc3e0515d263e9758744,data/datasets/sid-set/candidate-1500/images/fake/f4100eacc9540fa0b00f603c45040698f9e3b6401579cc3e0515d263e9758744.png,medium,1,0.9497579336166382
f4115c296be02b1232cbbbd8f7496675ebe3f57d245f6e822b52306f9a279a39,data/datasets/openfake/additional-900/images/fake/f4115c296be02b1232cbbbd8f7496675ebe3f57d245f6e822b52306f9a279a39.png,medium,1,0.8735887408256531
f41bca5c5fe8d055261c9c0d23bb989f1a3a57ba70bc73a24417b223dcd79090,data/datasets/sid-set/candidate-1500/images/real/f41bca5c5fe8d055261c9c0d23bb989f1a3a57ba70bc73a24417b223dcd79090.jpg,medium,0,0.7819662690162659
f434dbd5d856a9195dd0597df88ef240286527e49f5c1095d16545356d344188,data/datasets/RRDataset/selection_1500/lorenzo/ai/normal_008734.png,medium,1,0.9537292718887329
f43905e70b7f00aa13062d503c7e88f420ba92d9a1ccd8831031d909c8fa14ed,data/datasets/openfake/additional-900/images/real/f43905e70b7f00aa13062d503c7e88f420ba92d9a1ccd8831031d909c8fa14ed.jpg,medium,0,0.7800933718681335
f451533aa0a42aeec70be47ec5ad33e25aa62a0f4eaef27ac6fe8fe1c7e76448,data/datasets/openfake/additional-900/images/fake/f451533aa0a42aeec70be47ec5ad33e25aa62a0f4eaef27ac6fe8fe1c7e76448.png,medium,1,0.9487248659133911
f469b9dc8dc3170977200073899ce8ca34a6a6f827559c27cad6b6a6122517eb,data/datasets/RRDataset/selection_1500/sara/real/real_009681.jpg,medium,0,0.037545230239629745
f46db00fe1fe2d8073505cfb52a7914d1d9ae1ff69e4ce57d47831f6f378dd62,data/datasets/RRDataset/selection_1500/sara/ai/production_000217.png,medium,1,0.9975784420967102
f4a262a639925c241d5d6cf9998217cff37f4fd57b3bf53091f3d0ea90daa756,data/datasets/RRDataset/selection_1500/giovanni/ai/Political_&_Social_Events_000419.png,medium,1,0.7891549468040466
f4cab35f85da82dcdd5924abcdef5b8f36b559dd69b763da4e78243c25783bc8,data/datasets/RRDataset/selection_1500/lorenzo/real/real_003057.jpg,medium,0,0.8706498146057129
f4d72e9350d6e895afa449b70653ab7d5a2a43ad9f8034096ca3ae2500cc05b2,data/datasets/sid-set/candidate-1500/images/fake/f4d72e9350d6e895afa449b70653ab7d5a2a43ad9f8034096ca3ae2500cc05b2.png,medium,1,0.985475480556488
f4dae4a212a3cb4aec21fb30755947044fa8ae3424b85f45111eeb31bbc81d66,data/datasets/RRDataset/selection_1500/giovanni/real/real_009645.jpg,medium,0,0.008374301716685295
f4f466f50137b8cc3845a22ee00272e2661ca3eeac13b98f2be531551fdcf46a,data/datasets/openfake/additional-900/images/real/f4f466f50137b8cc3845a22ee00272e2661ca3eeac13b98f2be531551fdcf46a.jpg,medium,0,0.6055899262428284
f505c3d78a55812f0e63a05e436feff3294dd373bd34db5e0a9f8ec90f85ca70,data/datasets/openfake/additional-900/images/real/f505c3d78a55812f0e63a05e436feff3294dd373bd34db5e0a9f8ec90f85ca70.jpg,medium,0,0.3785848915576935
f546df4fdf2f5a5319d6daf771f11ea1f5fe4141fa95bd815a7cc5c2defe4d7f,data/datasets/sid-set/candidate-1500/images/real/f546df4fdf2f5a5319d6daf771f11ea1f5fe4141fa95bd815a7cc5c2defe4d7f.jpg,medium,0,0.1490677297115326
f54780444020c448f52d0f0a64b49196c6fbc6ae1c692586db92ce9bbedee45d,data/datasets/openfake/pilot-600/images/fake/f54780444020c448f52d0f0a64b49196c6fbc6ae1c692586db92ce9bbedee45d.png,medium,1,0.8763118982315063
f550721648558834907d012f2d763b0a7047e09b6422b5a98ee168f7b548ffbb,data/datasets/RRDataset/selection_1500/giovanni/ai/production_000613.png,medium,1,0.9991902709007263
f57cf95c05f4f391b3ce41a2861b55463fd0704c27797dbf69cd9e80f299f870,data/datasets/RRDataset/selection_1500/sara/ai/production_000691.png,medium,1,0.9968799352645874
f58f3dafb76293cfe49b7fb91c3281b874cb8435c6afea694eace669d5782841,data/datasets/openfake/pilot-600/images/fake/f58f3dafb76293cfe49b7fb91c3281b874cb8435c6afea694eace669d5782841.png,medium,1,0.2636204957962036
f5a00e10260abe45efa2fa5f74f11b78d2dea8888d7ea3c170a5ec261fb20d0d,data/datasets/RRDataset/selection_1500/sara/real/real_001631.jpg,medium,0,0.007769052404910326
f5f9bb0fdfc2a1e3091bea2af07e98fc2b631afd477e9cce3a06f0ea1408f50f,data/datasets/RRDataset/selection_1500/sara/ai/Medical_&_Public_Health_000728.png,medium,1,0.9802932143211365
f5fd91d1bf4ce36b512b0627f2a8ed9b30477ca0e3c86a2e10bb779e82e8565f,data/datasets/sid-set/candidate-1500/images/fake/f5fd91d1bf4ce36b512b0627f2a8ed9b30477ca0e3c86a2e10bb779e82e8565f.png,medium,1,0.9819324016571045
f60c927c2c7509438192907b66f9e1bc7c2b289328206efd60b380f852edd340,data/datasets/openfake/additional-900/images/real/f60c927c2c7509438192907b66f9e1bc7c2b289328206efd60b380f852edd340.jpg,medium,0,0.03368416056036949
f618f3ff6eb434c682a424fc117542b2f2a906f68b7416a5905f71c24f924aeb,data/datasets/RRDataset/selection_1500/sara/ai/production_000290.png,medium,1,0.9780824184417725
f62a81375856d7937de5f10f77fb2e2ff2f79ad5425bb09b7cc190846fc67fa3,data/datasets/sid-set/candidate-1500/images/fake/f62a81375856d7937de5f10f77fb2e2ff2f79ad5425bb09b7cc190846fc67fa3.png,medium,1,0.9905349612236023
f63f0bbaa9f9e95015c62451b9fb82d55f188832667e98f404e731d7714f7df6,data/datasets/openfake/additional-900/images/fake/f63f0bbaa9f9e95015c62451b9fb82d55f188832667e98f404e731d7714f7df6.png,medium,1,0.5980113744735718
f66761a9d6bc61bfd09638aa6f4d56016bb33b0c72f9b4410d3961b97f9ce56e,data/datasets/sid-set/candidate-1500/images/fake/f66761a9d6bc61bfd09638aa6f4d56016bb33b0c72f9b4410d3961b97f9ce56e.png,medium,1,0.9279831647872925
f68f7534f9d407c72e0b4d982372945f96153166d2bb91068ec2f63ee9e44ecf,data/datasets/openfake/additional-900/images/fake/f68f7534f9d407c72e0b4d982372945f96153166d2bb91068ec2f63ee9e44ecf.png,medium,1,0.9785804748535156
f6abf89224950ec01dd73f3fb40eddf03e31f4c9322d15888e42a6851600740b,data/datasets/RRDataset/selection_1500/giovanni/ai/Political_&_Social_Events_000058.png,medium,1,0.9903692603111267
f6daab63aa541b9db343cec63a3967b90b3d071192ec252de06d139a1e7cf475,data/datasets/RRDataset/selection_1500/giovanni/ai/Medical_&_Public_Health_000109.png,medium,1,0.9174998998641968
f6e855e6a3066bfe953ccb86a9dd82cbee62f9d9a0d502f65d20173cf78b9e74,data/datasets/openfake/pilot-600/images/real/f6e855e6a3066bfe953ccb86a9dd82cbee62f9d9a0d502f65d20173cf78b9e74.jpg,medium,0,0.3531494736671448
f726d67d4d0490926f241bdc0287132049869d14ffe0284abc1a61ddfcdef827,data/datasets/openfake/pilot-600/images/fake/f726d67d4d0490926f241bdc0287132049869d14ffe0284abc1a61ddfcdef827.png,medium,1,0.8942824602127075
f74ede34c1240542f8ff38133c6777e41cfd5405866faefab8b10d2fcb812f8e,data/datasets/RRDataset/selection_1500/sara/ai/Natural_Disasters_&_Accidents_000784.png,medium,1,0.8155776858329773
f7604e81764616ea566623b37a35ddfd41803e477873ef65788e3198f3f54c11,data/datasets/sid-set/candidate-1500/images/fake/f7604e81764616ea566623b37a35ddfd41803e477873ef65788e3198f3f54c11.png,medium,1,0.9844999313354492
f78eca03913e5b56de63506d25f14c418243191f3646264338a241f359ee9628,data/datasets/openfake/additional-900/images/real/f78eca03913e5b56de63506d25f14c418243191f3646264338a241f359ee9628.jpg,medium,0,0.0006682680686935782
f78f95d8e2830f46562442a549e235f72d056b9a9c305acc5bd820c2ef532722,data/datasets/openfake/additional-900/images/real/f78f95d8e2830f46562442a549e235f72d056b9a9c305acc5bd820c2ef532722.jpg,medium,0,0.0009198827319778502
f7bd047ca38f4a60feb27f8c29464b445780a0eb97033478b0c7538ea8645a43,data/datasets/sid-set/candidate-1500/images/real/f7bd047ca38f4a60feb27f8c29464b445780a0eb97033478b0c7538ea8645a43.jpg,medium,0,0.29780861735343933
f7bffe0787c404e18b6e935851b7981c950efab3a81d4ef958aff6e970ba9379,data/datasets/RRDataset/selection_1500/sara/real/real_001925.jpg,medium,0,0.6093003749847412
f7c3ad154e7338a6929d31f9c0e2daf31c9ae739e7f940e1d35f65317cb9fbb5,data/datasets/RRDataset/selection_1500/giovanni/real/real_005355.jpg,medium,0,0.9119754433631897
f7e74782db0a9c22c7ad7b9c414975afb3c70616c9e143f264fe5c59e79d4203,data/datasets/sid-set/candidate-1500/images/real/f7e74782db0a9c22c7ad7b9c414975afb3c70616c9e143f264fe5c59e79d4203.jpg,medium,0,0.19597242772579193
f7e7b3df3317b399f06c1ea78e2e522f96fd62c7cf3009968797ea870a2caaa8,data/datasets/RRDataset/selection_1500/giovanni/real/real_004867.jpg,medium,0,0.46578729152679443
f7f8f48e61417c47dfd110c7e6a68e07b827092303a01f03e36919ecccae12c8,data/datasets/RRDataset/selection_1500/lorenzo/ai/War_&_Conflict_Scenes_000096.png,medium,1,0.9540582895278931
f7ff53c16924bd810fc0766bc98ee3a0da3d4938e8ff4c451a44f21042dfc0d1,data/datasets/openfake/additional-900/images/fake/f7ff53c16924bd810fc0766bc98ee3a0da3d4938e8ff4c451a44f21042dfc0d1.jpg,medium,1,0.8903376460075378
f80173058d0ca09a330e643d476812f85223ac7f133c8bdbeb211639cfddbc5a,data/datasets/RRDataset/selection_1500/lorenzo/real/real_000374.jpg,medium,0,0.18997487425804138
f825cc995c65869e39155db621bf2f57de31a260cb631ba932105a3a7ff74e68,data/datasets/sid-set/candidate-1500/images/fake/f825cc995c65869e39155db621bf2f57de31a260cb631ba932105a3a7ff74e68.png,medium,1,0.9954063892364502
f82f4b8c94cec87a824fea0d882e069c2c0e1f1e71a2aa7ab5aab2e256c96ba9,data/datasets/sid-set/candidate-1500/images/real/f82f4b8c94cec87a824fea0d882e069c2c0e1f1e71a2aa7ab5aab2e256c96ba9.jpg,medium,0,0.7621091604232788
f82fe438aa258b467e5def1bf2209892437c1ed4ffd84da86d33c0206c21e66e,data/datasets/RRDataset/selection_1500/lorenzo/ai/Natural_Disasters_&_Accidents_000887.png,medium,1,0.9818066358566284
f8305b0bce408753d83bb838709025397c98aa7a432fbe57cdedb66038c1c08c,data/datasets/sid-set/candidate-1500/images/fake/f8305b0bce408753d83bb838709025397c98aa7a432fbe57cdedb66038c1c08c.png,medium,1,0.9794517159461975
f84e46e8f44b2f7998f8ee1c0f42fa07f531f643f42463b52c406c13502af447,data/datasets/openfake/additional-900/images/fake/f84e46e8f44b2f7998f8ee1c0f42fa07f531f643f42463b52c406c13502af447.png,medium,1,0.9985468983650208
f86031aaf66f4bc36f6b8840a2d1d7ed5a4ae35520a516df05ee534889ddedb3,data/datasets/openfake/additional-900/images/fake/f86031aaf66f4bc36f6b8840a2d1d7ed5a4ae35520a516df05ee534889ddedb3.png,medium,1,0.9989354014396667
f873a67647a3c40e054201c4f4daf6f87717be548c8b10bab4c499e80bc3b393,data/datasets/sid-set/candidate-1500/images/fake/f873a67647a3c40e054201c4f4daf6f87717be548c8b10bab4c499e80bc3b393.png,medium,1,0.965288519859314
f8b19eb4860edca3308ce0ef16d27bbd819dc5c419cf9b748fa762334ef488a5,data/datasets/RRDataset/selection_1500/sara/ai/production_000808.png,medium,1,0.9983775615692139
f8ce151f6b1c9576f1cf6f7201b6b0052b6191cf9ad5a141009bf1bd2a5fac29,data/datasets/sid-set/candidate-1500/images/fake/f8ce151f6b1c9576f1cf6f7201b6b0052b6191cf9ad5a141009bf1bd2a5fac29.png,medium,1,0.9725136160850525
f8ddf07d0685ca85edff178773841a4482a05cf678e4e0b45a30d6789e770398,data/datasets/openfake/pilot-600/images/real/f8ddf07d0685ca85edff178773841a4482a05cf678e4e0b45a30d6789e770398.jpg,medium,0,0.024158500134944916
f8e1d7a5f5e660156be0aeac542c9aa4c27cb2ea8509d93ef10de38d6d84875f,data/datasets/sid-set/candidate-1500/images/fake/f8e1d7a5f5e660156be0aeac542c9aa4c27cb2ea8509d93ef10de38d6d84875f.png,medium,1,0.9073100090026855
f8f7fe33cdb07e2859b1d28b5bec8a5e865ae54f193e9e75329a875166516bd9,data/datasets/sid-set/candidate-1500/images/real/f8f7fe33cdb07e2859b1d28b5bec8a5e865ae54f193e9e75329a875166516bd9.jpg,medium,0,0.8673134446144104
f901be9089ca831d2e65e5178cf8d28e3463504bcb505944d602869681bf4884,data/datasets/openfake/additional-900/images/real/f901be9089ca831d2e65e5178cf8d28e3463504bcb505944d602869681bf4884.jpg,medium,0,0.010113556869328022
f97c5c445262624d9fd47b4d9f8db4a03a5abfcbc9f216abaa0561f9abbc2e29,data/datasets/RRDataset/selection_1500/giovanni/real/real_001932.jpg,medium,0,0.8818433284759521
f9a86a3dfc787ba1425161e00fa6687f18da123fbceb78716744ddbd3789676d,data/datasets/RRDataset/selection_1500/lorenzo/real/real_006793.jpg,medium,0,0.985450267791748
f9c3596a3388d0a929ee5a43dd74c44c7eac50a58646c14cef596c8ac3b1a630,data/datasets/sid-set/candidate-1500/images/real/f9c3596a3388d0a929ee5a43dd74c44c7eac50a58646c14cef596c8ac3b1a630.jpg,medium,0,0.004284434951841831
f9f908d6f76c9fedc5136b53fc858cfca5933361357c6b5047ad87730186924c,data/datasets/openfake/pilot-600/images/fake/f9f908d6f76c9fedc5136b53fc858cfca5933361357c6b5047ad87730186924c.png,medium,1,0.9310078620910645
fa2ed703b49f210195fdd1f3a462f1b95826253121aded4f08fd439b0e8623e7,data/datasets/sid-set/candidate-1500/images/real/fa2ed703b49f210195fdd1f3a462f1b95826253121aded4f08fd439b0e8623e7.jpg,medium,0,0.00031002386822365224
fa57f7d1d3c082f6393e450228e1fd93c04a745fa9210a1fd843b76ec126a838,data/datasets/sid-set/candidate-1500/images/fake/fa57f7d1d3c082f6393e450228e1fd93c04a745fa9210a1fd843b76ec126a838.png,medium,1,0.979526162147522
fa68a12c722324e74eb4fd59ae3e032b6bedeca560eb44960ce3da0d1135d774,data/datasets/RRDataset/selection_1500/sara/ai/production_000680.png,medium,1,0.9985760450363159
fa69240fdc5e48d053602de47738478b2bc115af3354e3b077bb3e414e456e20,data/datasets/openfake/additional-900/images/real/fa69240fdc5e48d053602de47738478b2bc115af3354e3b077bb3e414e456e20.jpg,medium,0,0.594880998134613
fa7337e6573a7413b505573dd3bd67077b62a92f0b4ea4d96198e3e80d0a2aeb,data/datasets/RRDataset/selection_1500/sara/real/real_002455.jpg,medium,0,0.8776610493659973
fa8b0cbd0eb3f08901f9d3820bbf0ad85b72d84537427cbf69c4125e94c5e6bf,data/datasets/openfake/additional-900/images/real/fa8b0cbd0eb3f08901f9d3820bbf0ad85b72d84537427cbf69c4125e94c5e6bf.jpg,medium,0,0.015449658036231995
fa9d5f8e1337b139e35f4648071dad4d5a94a2a35d77a840b98e1ef9ca2e38f1,data/datasets/openfake/additional-900/images/fake/fa9d5f8e1337b139e35f4648071dad4d5a94a2a35d77a840b98e1ef9ca2e38f1.png,medium,1,0.9874635934829712
fa9ddc05f69dd158c8c7c35b99201cd7c169d0093301893757d0b1c6dc4de8f1,data/datasets/RRDataset/selection_1500/giovanni/ai/production_000955.png,medium,1,0.9946916699409485
facd0c9eeba3d26736c51a87ccf53ceb512737a3c5973e35ab15e263ebb835b5,data/datasets/RRDataset/selection_1500/giovanni/ai/Medical_&_Public_Health_000434.png,medium,1,0.8360471725463867
facf7e6273d6048f5a9f02722d8080f796bd2e361e3a3c5a0795eedbb2f071b8,data/datasets/openfake/additional-900/images/fake/facf7e6273d6048f5a9f02722d8080f796bd2e361e3a3c5a0795eedbb2f071b8.png,medium,1,0.9972456693649292
fad7b4d2c6511916357cb79988e0fe4a53668e489cb7077997696f64ff437137,data/datasets/RRDataset/selection_1500/giovanni/ai/Culture_&_Religion_000784.png,medium,1,0.9949051141738892
fb4488bc21fcc5025f60fc1fd6b6197877e040576aa47baeb32428214516da70,data/datasets/sid-set/candidate-1500/images/real/fb4488bc21fcc5025f60fc1fd6b6197877e040576aa47baeb32428214516da70.jpg,medium,0,0.10818061977624893
fb532c315060ee70a408d7fd081f60e7669126d8ca6de86d8eef959dd21c521f,data/datasets/openfake/pilot-600/images/real/fb532c315060ee70a408d7fd081f60e7669126d8ca6de86d8eef959dd21c521f.jpg,medium,0,0.0023364624939858913
fb5cf8e28931a558d0c19efcc8cc383a483ed74e00ddce5ad33f835f66ba49ce,data/datasets/sid-set/candidate-1500/images/fake/fb5cf8e28931a558d0c19efcc8cc383a483ed74e00ddce5ad33f835f66ba49ce.png,medium,1,0.9320380687713623
fb6996dc20083fced80fa456a850709c36c0142dec81b4cdfdc09e7a8d4aba4c,data/datasets/sid-set/candidate-1500/images/real/fb6996dc20083fced80fa456a850709c36c0142dec81b4cdfdc09e7a8d4aba4c.jpg,medium,0,0.12764954566955566
fb8e0b788b1b682bb1982509e6cb0426b2c5ebbfdc0ef17cba01ad211e574a54,data/datasets/openfake/pilot-600/images/real/fb8e0b788b1b682bb1982509e6cb0426b2c5ebbfdc0ef17cba01ad211e574a54.jpg,medium,0,0.00017144138109870255
fbc4634ff5292aa49332d96c685e01cfe5d08aa58e25265d4f09f4186e3c96b8,data/datasets/RRDataset/selection_1500/lorenzo/ai/Culture_&_Religion_000415.png,medium,1,0.9340551495552063
fbd7f3920e6dbc3021c4f74817602518043a59c7149e5d1edc0fb58a503c563d,data/datasets/RRDataset/selection_1500/sara/real/real_000730.jpg,medium,0,0.9543191194534302
fbdbc56f925ca684e2645a753e8c39cd4687197dd14bd73faabb035b21733583,data/datasets/sid-set/candidate-1500/images/real/fbdbc56f925ca684e2645a753e8c39cd4687197dd14bd73faabb035b21733583.jpg,medium,0,0.007806646171957254
fc1438c4ced503b8001013a05f1dca98b0306ef19b770eb48e70005de23c9ae1,data/datasets/RRDataset/selection_1500/sara/real/real_001627.jpg,medium,0,0.20717740058898926
fc28071a71f3ee56fa1f243abdc0a1031b165e478f536c63628974a22b05bc7a,data/datasets/sid-set/candidate-1500/images/fake/fc28071a71f3ee56fa1f243abdc0a1031b165e478f536c63628974a22b05bc7a.png,medium,1,0.9139848947525024
fc3a4ea2433311d267d3ccf567459b3fb727fb7555e46db407b40107937b5313,data/datasets/sid-set/candidate-1500/images/fake/fc3a4ea2433311d267d3ccf567459b3fb727fb7555e46db407b40107937b5313.png,medium,1,0.9801550507545471
fc3ea3943af013d79eb072d5a28e273c4f3fe70c1300dfe99bfced77eff6e5c7,data/datasets/RRDataset/selection_1500/giovanni/ai/production_000606.png,medium,1,0.9997419714927673
fc477d82a0292c093d71f878ddfb8bd76251956749624d6cc2ee5989f66a145d,data/datasets/RRDataset/selection_1500/giovanni/real/real_003080.jpg,medium,0,0.8756678104400635
fc6721693659d89e14d0c7ebe2c811bf271397a94e85a6fee7d9911be57e8475,data/datasets/RRDataset/selection_1500/lorenzo/ai/Culture_&_Religion_000902.png,medium,1,0.9918602108955383
fc70681695700f43d9f9b20a833576643cdb587628ee8bd242387e8d889e2ed0,data/datasets/sid-set/candidate-1500/images/real/fc70681695700f43d9f9b20a833576643cdb587628ee8bd242387e8d889e2ed0.jpg,medium,0,0.7783723473548889
fc82a9c5e0f077b2d03b1894948440ce66fba834ae611a4a442982880c7efc16,data/datasets/sid-set/candidate-1500/images/fake/fc82a9c5e0f077b2d03b1894948440ce66fba834ae611a4a442982880c7efc16.png,medium,1,0.9942044615745544
fc8cc7a1188c1d6676e2f96b9f8fb5c510558b616de711aaf18dff9314c2ced3,data/datasets/openfake/additional-900/images/real/fc8cc7a1188c1d6676e2f96b9f8fb5c510558b616de711aaf18dff9314c2ced3.jpg,medium,0,0.03883768990635872
fcaac3b1e9d4bdcf359fafced9e92ddead0a5f6bf5baa11e05234ab840fa95b6,data/datasets/openfake/pilot-600/images/fake/fcaac3b1e9d4bdcf359fafced9e92ddead0a5f6bf5baa11e05234ab840fa95b6.png,medium,1,0.7123540043830872
fcb8509c41b1aace8e26155e530d67c34d1dd57d4e11c96a15278e9e65fadfad,data/datasets/sid-set/candidate-1500/images/fake/fcb8509c41b1aace8e26155e530d67c34d1dd57d4e11c96a15278e9e65fadfad.png,medium,1,0.9604394435882568
fcbe912386f3e0fe1ab093ce42f728216d3fc6ea419f0168536ebecab16953fe,data/datasets/RRDataset/selection_1500/sara/real/real_006310.jpg,medium,0,0.9623007774353027
fcdc5d26899e531863d674bb390c8596e77d17d396b2de195db7e29e022eaf3e,data/datasets/openfake/additional-900/images/real/fcdc5d26899e531863d674bb390c8596e77d17d396b2de195db7e29e022eaf3e.jpg,medium,0,0.00041034084279090166
fceec5d2cf8dd7079b764c92a905382e4d9b7d6fb5a4ec2cd0ff0769f01b589a,data/datasets/RRDataset/selection_1500/lorenzo/real/real_005656.jpg,medium,0,0.7030633091926575
fcfacf26e9d5b5d3bf564dad7752803a473c97ce2efb34c68f5659c928acf8e8,data/datasets/sid-set/candidate-1500/images/real/fcfacf26e9d5b5d3bf564dad7752803a473c97ce2efb34c68f5659c928acf8e8.jpg,medium,0,0.5329952836036682
fd33a4285630c0b0ed774b1f2a028b830843618e58bc29c393e942935bc8111f,data/datasets/openfake/pilot-600/images/fake/fd33a4285630c0b0ed774b1f2a028b830843618e58bc29c393e942935bc8111f.png,medium,1,0.9993839263916016
fd39b0121e98467edce8d2d58a52bdb5e465ce20a63e5f5a6e3177732ec1e523,data/datasets/RRDataset/selection_1500/giovanni/real/real_006121.jpg,medium,0,0.8142569661140442
fd40d8992cb6b778f97e408c4595173156d3ddd66d4b3dd1e8a837430a96195b,data/datasets/RRDataset/selection_1500/sara/real/real_000066.jpg,medium,0,0.8966057896614075
fd58fb1d663d772c9b8e8438eb61f92d30a31fee1c3a7a35411039bc6deeeca1,data/datasets/openfake/additional-900/images/real/fd58fb1d663d772c9b8e8438eb61f92d30a31fee1c3a7a35411039bc6deeeca1.png,medium,0,0.23621517419815063
fd5e6e2d91ed978c26ae1dea46eb894081e808942b995d6d31b27bc2c214b052,data/datasets/RRDataset/selection_1500/sara/ai/Medical_&_Public_Health_000143.png,medium,1,0.8441791534423828
fd6766e729c885cce76e7894dc44d7a4c8f08e64a04e351e0fc7e62a308b9926,data/datasets/sid-set/candidate-1500/images/fake/fd6766e729c885cce76e7894dc44d7a4c8f08e64a04e351e0fc7e62a308b9926.png,medium,1,0.9901071786880493
fd6982b180e856a7f74f482296c108889ae71a5e7d786ebed7e5bd1c7684e9dd,data/datasets/openfake/additional-900/images/real/fd6982b180e856a7f74f482296c108889ae71a5e7d786ebed7e5bd1c7684e9dd.jpg,medium,0,0.8553639054298401
fd919ea4d3045734fd587bfaf80595115e83edccaccb04c010b6e6f753e82342,data/datasets/RRDataset/selection_1500/lorenzo/real/real_001845.jpg,medium,0,0.8104181289672852
fd968ed13352e403f4b06e8f284391db51b0cf0ce5c46cbecf0272712c27abc1,data/datasets/RRDataset/selection_1500/giovanni/real/real_002375.jpg,medium,0,0.8956679105758667
fdb22708cc3ab5c34edf1a33223c2978ddd494a76b33101ea6cb01ce701078ab,data/datasets/sid-set/candidate-1500/images/real/fdb22708cc3ab5c34edf1a33223c2978ddd494a76b33101ea6cb01ce701078ab.jpg,medium,0,0.45903822779655457
fdbe648f3b80348067e8ac765811c57eb0036d79665420bad38ad3a406302e55,data/datasets/openfake/additional-900/images/real/fdbe648f3b80348067e8ac765811c57eb0036d79665420bad38ad3a406302e55.jpg,medium,0,0.033192574977874756
fdde77bf7f1e6e02389cdcdfb85272006137a41858c916cabf9335d091a48a66,data/datasets/RRDataset/selection_1500/sara/real/real_000740.jpg,medium,0,0.3375270664691925
fded0a0f7f44852b3d2da5e8c934ed357a5311ec6e10ebebe570cf1a71733399,data/datasets/openfake/pilot-600/images/fake/fded0a0f7f44852b3d2da5e8c934ed357a5311ec6e10ebebe570cf1a71733399.jpg,medium,1,0.9569054245948792
fdf4d1de0ed00496974366e555ff8afd3e9fbc028b02edf860d7a6bf2089cb8b,data/datasets/sid-set/candidate-1500/images/fake/fdf4d1de0ed00496974366e555ff8afd3e9fbc028b02edf860d7a6bf2089cb8b.png,medium,1,0.992492139339447
fe0669cb7aeaece3921cf48cecb00815660c0f5c0b802f58cdad03398bd9725f,data/datasets/RRDataset/selection_1500/giovanni/real/real_003463.jpg,medium,0,0.7972685098648071
fe1efa0a4ed931ecf87d3ff295336d2b3681cabc81ca765e61aa42ea0ac2df06,data/datasets/RRDataset/selection_1500/sara/real/real_006327.jpg,medium,0,0.9160942435264587
fe3cd5f373d2214f48aadca824c131a6c66669010b44a573d3c8c88410d5c99c,data/datasets/RRDataset/selection_1500/lorenzo/real/real_004012.jpg,medium,0,0.6746909618377686
fe8bf93c943039d615f98c4b7199ee0079ee1ab6b5e42a4fbb86b67fa26c6784,data/datasets/openfake/additional-900/images/real/fe8bf93c943039d615f98c4b7199ee0079ee1ab6b5e42a4fbb86b67fa26c6784.jpg,medium,0,0.000507945369463414
fed4e37675fdc0032a0fa264cb318f4248951c26a0694f11503cec35a573e12b,data/datasets/openfake/pilot-600/images/fake/fed4e37675fdc0032a0fa264cb318f4248951c26a0694f11503cec35a573e12b.png,medium,1,0.8632684350013733
fed84956ad8d5bc426b30258c986c60ce248c0d45d5b325b1caeb3ee0f707bda,data/datasets/openfake/additional-900/images/real/fed84956ad8d5bc426b30258c986c60ce248c0d45d5b325b1caeb3ee0f707bda.jpg,medium,0,0.00415409728884697
fef17cc39bab838a9f664d7676a8d2b470628c77240deb1a663e50f6a109511a,data/datasets/RRDataset/selection_1500/giovanni/ai/production_000376.png,medium,1,0.9951215386390686
ff053cf238473f4fa8cca8fab83cc8870da7ca94133d8f40c32a9964d05aba21,data/datasets/RRDataset/selection_1500/sara/ai/War_&_Conflict_Scenes_000299.png,medium,1,0.895529568195343
ff0c205c14e919dd16f5d13920a6719e98e0dbf459df6d4f00176bd1a1f1b73a,data/datasets/openfake/additional-900/images/real/ff0c205c14e919dd16f5d13920a6719e98e0dbf459df6d4f00176bd1a1f1b73a.jpg,medium,0,0.05019338056445122
ff0ed5e4cec251cfe13c70075dda210700bd37287b89d35bff5a62ad92a25571,data/datasets/sid-set/candidate-1500/images/fake/ff0ed5e4cec251cfe13c70075dda210700bd37287b89d35bff5a62ad92a25571.png,medium,1,0.956291913986206
ff13f5e1afd89c8cd64361ae52cfa78111e3759c1c725298a420bb569a06e219,data/datasets/sid-set/candidate-1500/images/real/ff13f5e1afd89c8cd64361ae52cfa78111e3759c1c725298a420bb569a06e219.jpg,medium,0,0.05237019807100296
ff16eb54c52b5199522d32483cdb3cd53cb6e49499015c8b44607340a9789ceb,data/datasets/RRDataset/selection_1500/lorenzo/real/real_002008.jpg,medium,0,0.7808997631072998
ff2258955382dc8ee2ca7dfc9bd7e9ed9302452a2912fdf1382f36bf77d75683,data/datasets/RRDataset/selection_1500/giovanni/real/real_001139.jpg,medium,0,0.7522590756416321
ff25bbb3dd6285984b174343f154c02447d9316b49dfdba3e51f7726b5d008a0,data/datasets/openfake/additional-900/images/fake/ff25bbb3dd6285984b174343f154c02447d9316b49dfdba3e51f7726b5d008a0.png,medium,1,0.9962016940116882
ff31b93a087854ef123c312ea9f34f4cb3c681f680df5d0dc2698d9169625ebc,data/datasets/openfake/pilot-600/images/fake/ff31b93a087854ef123c312ea9f34f4cb3c681f680df5d0dc2698d9169625ebc.png,medium,1,0.1709003746509552
ff441f06a0b9f8b9ba080cb10b51d511c0428f523f25f0712532d82b29f5c636,data/datasets/openfake/additional-900/images/fake/ff441f06a0b9f8b9ba080cb10b51d511c0428f523f25f0712532d82b29f5c636.png,medium,1,0.9250353574752808
ff51b0b3cb51b76d0f7200a6df0d087e713267423b0038c7fe4b27f2bcae783b,data/datasets/RRDataset/selection_1500/giovanni/ai/Medical_&_Public_Health_000921.png,medium,1,0.9623074531555176
ff622ab98286801c2a2123a9f3077c1066f145a9270999052e638a6f3cbf0022,data/datasets/openfake/additional-900/images/real/ff622ab98286801c2a2123a9f3077c1066f145a9270999052e638a6f3cbf0022.jpg,medium,0,0.00022477675520349294
ff7d9840cdf4fe6284e943c43615570aca0cc02743ba5191ea1f38da9916c235,data/datasets/openfake/additional-900/images/real/ff7d9840cdf4fe6284e943c43615570aca0cc02743ba5191ea1f38da9916c235.jpg,medium,0,0.927493155002594
ff9ae9028f021a9b3d5a6d14e51f0e3ced95d26f25611f4c3242c03ce84e262a,data/datasets/sid-set/candidate-1500/images/real/ff9ae9028f021a9b3d5a6d14e51f0e3ced95d26f25611f4c3242c03ce84e262a.jpg,medium,0,0.033928267657756805
ffb769a2e2771209a1db1accd478d782f104e1912147163479028a5926809f23,data/datasets/openfake/additional-900/images/real/ffb769a2e2771209a1db1accd478d782f104e1912147163479028a5926809f23.jpg,medium,0,0.007251403294503689
ffca2be20415697186f2b48dd4678fc9b3e4b5030ae9a7aa5486349351fa6f54,data/datasets/RRDataset/selection_1500/giovanni/real/real_007029.jpg,medium,0,0.8886262774467468
ffe31c6d0ed2e940f44e302105eeee7e1c27b9fb88c2cf24cae175e23b11bedc,data/datasets/openfake/additional-900/images/real/ffe31c6d0ed2e940f44e302105eeee7e1c27b9fb88c2cf24cae175e23b11bedc.jpg,medium,0,0.175919309258461
