content_hash,image_path,sensitivity_level,label,probability_fake
003570fe1e8b8a4003c7515dc194c19e098aeb40f510062b3f8e327f80de49d9,data/datasets/sid-set/candidate-1500/images/real/003570fe1e8b8a4003c7515dc194c19e098aeb40f510062b3f8e327f80de49d9.jpg,low,0,0.9898808598518372
008e9242bfda315bcb702c4d4a41800ca85196d3ca59807b8df12e740487aa25,data/datasets/sid-set/candidate-1500/images/real/008e9242bfda315bcb702c4d4a41800ca85196d3ca59807b8df12e740487aa25.jpg,low,0,0.8751601576805115
00a2a87a21e1216dfb65da2511a8477d85d1fac37cfeef68db07ae2750d92219,data/datasets/RRDataset/selection_1500/lorenzo/real/real_004397.jpg,low,0,0.21316809952259064
00b54f4ce2d09f74c2267beb67e77c62fe187aab74972e3ebe2d504fa6c39763,data/datasets/openfake/additional-900/images/fake/00b54f4ce2d09f74c2267beb67e77c62fe187aab74972e3ebe2d504fa6c39763.png,low,1,0.8945500254631042
00cbc8d789e764ecea4da45bebbcfa52b372608d710ae1de382996d40f9a8dc7,data/datasets/openfake/additional-900/images/fake/00cbc8d789e764ecea4da45bebbcfa52b372608d710ae1de382996d40f9a8dc7.png,low,1,0.9984402060508728
00d27e1144cf447161a29ef6ea692337fd0a78ee4d1204bf4adc322b044e854b,data/datasets/sid-set/candidate-1500/images/fake/00d27e1144cf447161a29ef6ea692337fd0a78ee4d1204bf4adc322b044e854b.png,low,1,0.9905919432640076
00d551ef32ea946c29602bb6de3293a4653624b19fa1e84f67408f10d8430132,data/datasets/openfake/pilot-600/images/fake/00d551ef32ea946c29602bb6de3293a4653624b19fa1e84f67408f10d8430132.png,low,1,0.10118786990642548
00dbdda9142f5479d8506dd10cfc3ea4956f31937f39aa824c657ee300b65c55,data/datasets/sid-set/candidate-1500/images/real/00dbdda9142f5479d8506dd10cfc3ea4956f31937f39aa824c657ee300b65c55.jpg,low,0,0.9975125789642334
00e6cc2b98100da4a8d2fb7868de812fd6b6cedf7277d43c1e60470535a23e9f,data/datasets/RRDataset/selection_1500/sara/real/real_002483.jpg,low,0,0.9464271664619446
00ed0e1aa34982512b2dca7faa66cf61508259ccdeb8dbdcf1aa3df6dd9ee1e7,data/datasets/sid-set/candidate-1500/images/real/00ed0e1aa34982512b2dca7faa66cf61508259ccdeb8dbdcf1aa3df6dd9ee1e7.jpg,low,0,0.4250236451625824
013e1faf5cc3ef7e66f895bdbda552b9867075cdd46b50d711eefbd7903513a7,data/datasets/sid-set/candidate-1500/images/real/013e1faf5cc3ef7e66f895bdbda552b9867075cdd46b50d711eefbd7903513a7.jpg,low,0,0.03468657284975052
01455bc620d7137df3afdbd586bfa68fee8cc931b2511a7fda21a6a98ab4158b,data/datasets/openfake/additional-900/images/fake/01455bc620d7137df3afdbd586bfa68fee8cc931b2511a7fda21a6a98ab4158b.png,low,1,0.22106042504310608
0147939617332895c4c6c426c1c4ea6fd587365762d02e1b3188f5712e0673a7,data/datasets/RRDataset/selection_1500/sara/real/real_001245.jpg,low,0,0.4541860818862915
0163dc1d55055170b162bf8676cd49a2ee0c2183584a71aba699866c4df180d6,data/datasets/RRDataset/selection_1500/lorenzo/ai/normal_008560.png,low,1,0.5203151702880859
01c2dc25de4fd1137d5eba4c85cd924388783d41a356f5ba7652aaafb537132c,data/datasets/sid-set/candidate-1500/images/real/01c2dc25de4fd1137d5eba4c85cd924388783d41a356f5ba7652aaafb537132c.jpg,low,0,0.02853604406118393
01ecbd45201eefdebf5ac6c60b505e4c1532bc4ae871566b83690d393e1ce8f7,data/datasets/RRDataset/selection_1500/sara/real/real_003106.jpg,low,0,0.9115363955497742
02748a7ea7f4b4c86e6af44b003fe6e3f019a88377fa69a53a9b8be93f443daf,data/datasets/sid-set/candidate-1500/images/real/02748a7ea7f4b4c86e6af44b003fe6e3f019a88377fa69a53a9b8be93f443daf.jpg,low,0,0.8574109673500061
02fc55f36e68646fcb41c0234e3cad56c7b3768529c45ea9242d05597f789ae6,data/datasets/sid-set/candidate-1500/images/real/02fc55f36e68646fcb41c0234e3cad56c7b3768529c45ea9242d05597f789ae6.jpg,low,0,0.884326696395874
0311be484909f522adfc3fdac322ee07e23840fdc82e5717e068999b1e4105ee,data/datasets/sid-set/candidate-1500/images/real/0311be484909f522adfc3fdac322ee07e23840fdc82e5717e068999b1e4105ee.jpg,low,0,0.46593040227890015
036a64d63acc24a1133f7471e935115ddea0ee63cfd1fadc38c90b2e3fd66066,data/datasets/sid-set/candidate-1500/images/fake/036a64d63acc24a1133f7471e935115ddea0ee63cfd1fadc38c90b2e3fd66066.png,low,1,0.9978312849998474
03bd8c2585b6244c18dae7d992578ac52bcf5c7c31d9cfde18a1d1002670ed96,data/datasets/openfake/pilot-600/images/real/03bd8c2585b6244c18dae7d992578ac52bcf5c7c31d9cfde18a1d1002670ed96.jpg,low,0,0.751550018787384
03de9c707a42412e78c18e974e7a5ee2fc8d7b6e6bc9abbdcb9c9b23f60ecd0a,data/datasets/openfake/pilot-600/images/real/03de9c707a42412e78c18e974e7a5ee2fc8d7b6e6bc9abbdcb9c9b23f60ecd0a.jpg,low,0,0.46476227045059204
045fc1c8fe52d12262dde8c3933400944984610a76683bd538f5839a14309555,data/datasets/openfake/pilot-600/images/fake/045fc1c8fe52d12262dde8c3933400944984610a76683bd538f5839a14309555.png,low,1,0.04981870576739311
049f552fbf0304181dac378d61d169813d6620951555583c9985f97196b452dc,data/datasets/sid-set/candidate-1500/images/real/049f552fbf0304181dac378d61d169813d6620951555583c9985f97196b452dc.jpg,low,0,0.8803991079330444
04c4d0637769e0efaed8de9d1dc7fe72fde874d71bd5d94209d4bde3a8393ba2,data/datasets/RRDataset/selection_1500/sara/ai/Natural_Disasters_&_Accidents_000066.png,low,1,0.639197587966919
04c75b94436b1ca0d3bf31ed1205e6e5e4667c1843ddf6eea37d7c950e82522b,data/datasets/openfake/additional-900/images/fake/04c75b94436b1ca0d3bf31ed1205e6e5e4667c1843ddf6eea37d7c950e82522b.png,low,1,0.9573565721511841
04ca52d8dc4cdf229af48394be5a3fee6ac0c6fe8a3e290df815e91be8de2814,data/datasets/sid-set/candidate-1500/images/fake/04ca52d8dc4cdf229af48394be5a3fee6ac0c6fe8a3e290df815e91be8de2814.png,low,1,0.30272409319877625
056e94ca3802b167d68c51ef79a45b9d8156d3d3749d75c11a2478714015bab9,data/datasets/sid-set/candidate-1500/images/real/056e94ca3802b167d68c51ef79a45b9d8156d3d3749d75c11a2478714015bab9.jpg,low,0,0.0002768860722426325
05780961af3b73b946fdec53aa3c06bf8b4f3b6bbfc5307c8d25699a5795540a,data/datasets/openfake/additional-900/images/real/05780961af3b73b946fdec53aa3c06bf8b4f3b6bbfc5307c8d25699a5795540a.jpg,low,0,0.908841609954834
057c13994e7f19c269f01122c2bb14b6f9f14a2c73ec3fbc4441602211a6567f,data/datasets/sid-set/candidate-1500/images/fake/057c13994e7f19c269f01122c2bb14b6f9f14a2c73ec3fbc4441602211a6567f.png,low,1,0.9148236513137817
0587fcafd0685e006818ffaa7b52f096fbd667906b462fdd290af096ec1becc6,data/datasets/RRDataset/selection_1500/giovanni/ai/normal_008801.png,low,1,0.9874855875968933
059f20ee54e5b9d805951a67add94bdf8b53e3ed53fbe378bed7d4bc6fe63e7e,data/datasets/sid-set/candidate-1500/images/real/059f20ee54e5b9d805951a67add94bdf8b53e3ed53fbe378bed7d4bc6fe63e7e.jpg,low,0,0.3514447510242462
06176f2683aa0d9c35613ee9972b0eab974a0524b1b0c994f3235c91dc41a491,data/datasets/sid-set/candidate-1500/images/real/06176f2683aa0d9c35613ee9972b0eab974a0524b1b0c994f3235c91dc41a491.jpg,low,0,0.004929737653583288
061cfae20dd48e05b75e569295942b30572ab19ae9a170d79851d92368926b30,data/datasets/RRDataset/selection_1500/lorenzo/ai/normal_008286.png,low,1,0.9929853081703186
06893fad7e7c21359cecc402386bb8c8dac0123c23467a7e1daacbf0b61f07e7,data/datasets/RRDataset/selection_1500/sara/real/real_003519.jpg,low,0,0.9914897680282593
06aa2da0efe158b8d57cf232a3f3935b2b52f77c91b9c42dbebc0769e7907cb2,data/datasets/sid-set/candidate-1500/images/real/06aa2da0efe158b8d57cf232a3f3935b2b52f77c91b9c42dbebc0769e7907cb2.jpg,low,0,0.0017121859127655625
06e0c0d0a0607c6f63e7b6c769905f01b4822f070478dffc96f1b50af5273953,data/datasets/sid-set/candidate-1500/images/real/06e0c0d0a0607c6f63e7b6c769905f01b4822f070478dffc96f1b50af5273953.jpg,low,0,0.8840577006340027
06f59e64b74183b17391f8a003bb15c36754ea65a80fcd031a9ab321a80f62d5,data/datasets/sid-set/candidate-1500/images/fake/06f59e64b74183b17391f8a003bb15c36754ea65a80fcd031a9ab321a80f62d5.png,low,1,0.9880415201187134
0733874ff23a178f8df2b3fc91ce2b851726008d29456debb199e183a1be25e2,data/datasets/sid-set/candidate-1500/images/fake/0733874ff23a178f8df2b3fc91ce2b851726008d29456debb199e183a1be25e2.png,low,1,0.9863568544387817
073f71bf5482489e2176597cebfac8f16a6d4aed40be299ab4dd4af44d7f3d49,data/datasets/openfake/additional-900/images/fake/073f71bf5482489e2176597cebfac8f16a6d4aed40be299ab4dd4af44d7f3d49.jpg,low,1,0.781133770942688
073f80938d867d05ff759088df4f97ec3821b4e1bc24e9f3703ff8838568f789,data/datasets/openfake/pilot-600/images/fake/073f80938d867d05ff759088df4f97ec3821b4e1bc24e9f3703ff8838568f789.png,low,1,0.19352948665618896
07ec524c7fed0ab92f5428ac038f1aeeb0ce29c36aea40288cd3a22bea49b1f1,data/datasets/openfake/pilot-600/images/real/07ec524c7fed0ab92f5428ac038f1aeeb0ce29c36aea40288cd3a22bea49b1f1.jpg,low,0,0.0010958095081150532
07f53fa0054823b9d25479fbd8feecc1c8af9ce0daf9f635239686eab0654cbf,data/datasets/sid-set/candidate-1500/images/real/07f53fa0054823b9d25479fbd8feecc1c8af9ce0daf9f635239686eab0654cbf.jpg,low,0,0.8455318808555603
07f79d4f9cb185b5f2589aeb02f3868288e8a4202cad3dd378236a59d1dfa571,data/datasets/openfake/additional-900/images/fake/07f79d4f9cb185b5f2589aeb02f3868288e8a4202cad3dd378236a59d1dfa571.png,low,1,0.9944118857383728
08438c5fa8410f6bd4bee37721db733715605990536b017200a387a263e79608,data/datasets/openfake/additional-900/images/real/08438c5fa8410f6bd4bee37721db733715605990536b017200a387a263e79608.jpg,low,0,0.0009789332980290055
08470e962f4fdb243582952b2b8cedded288f8e02ba227c941ed0035c5af078d,data/datasets/RRDataset/selection_1500/giovanni/real/real_006091.jpg,low,0,0.8091326355934143
084a08a6996a0abefc7917c4489bae34db649a00a64fc9224778d0e7d58bd323,data/datasets/sid-set/candidate-1500/images/fake/084a08a6996a0abefc7917c4489bae34db649a00a64fc9224778d0e7d58bd323.png,low,1,0.8781079053878784
084dde582b54191f43f2fba0adbf0b3558de98b2333707ebc663c0054ceb3601,data/datasets/RRDataset/selection_1500/lorenzo/ai/Natural_Disasters_&_Accidents_000705.png,low,1,0.9974270462989807
08d8bd1005a12d89f20435d181be248f7fecb411d5c9c07657503196a6fde8bf,data/datasets/sid-set/candidate-1500/images/real/08d8bd1005a12d89f20435d181be248f7fecb411d5c9c07657503196a6fde8bf.jpg,low,0,0.6600164175033569
090662f8b52e07277b0305eddda377861f8cbe16eccdff9a83389ba6c0e7476b,data/datasets/sid-set/candidate-1500/images/real/090662f8b52e07277b0305eddda377861f8cbe16eccdff9a83389ba6c0e7476b.jpg,low,0,0.9180665016174316
0923403762c05f603699cdca135168113c04c6cea735a719b7d0e945ee1f11dd,data/datasets/sid-set/candidate-1500/images/fake/0923403762c05f603699cdca135168113c04c6cea735a719b7d0e945ee1f11dd.png,low,1,0.5777203440666199
097db96da5fdf9ac982d53e86e135f7353040781242b5bbdfd762091e6db94b8,data/datasets/openfake/pilot-600/images/fake/097db96da5fdf9ac982d53e86e135f7353040781242b5bbdfd762091e6db94b8.png,low,1,0.9728649854660034
0991e2b7a7e8f1d0427e94549399a89d30366e0a330563d3af2209a98f16b139,data/datasets/sid-set/candidate-1500/images/fake/0991e2b7a7e8f1d0427e94549399a89d30366e0a330563d3af2209a98f16b139.png,low,1,0.6560143232345581
09dbde884ac39b4c0c0f2bde9116035f313f55f7acfd8cf159272efdcd846e99,data/datasets/RRDataset/selection_1500/sara/real/real_004282.jpg,low,0,0.9970318078994751
09edefc315adb41845acea6f52d5c62c48d55f34a12ba3ba1c45a4156ee9a583,data/datasets/sid-set/candidate-1500/images/fake/09edefc315adb41845acea6f52d5c62c48d55f34a12ba3ba1c45a4156ee9a583.png,low,1,0.9937973618507385
0a1f85e3743cacc16ca52b322c5ee9897bc7fd37af17d639f70f4091da816039,data/datasets/RRDataset/selection_1500/sara/real/real_009930.jpg,low,0,0.9696704149246216
0a47622916b3e67d3dce0287707b50a62c54e04b79209fc2cbfd0ba37ab16496,data/datasets/sid-set/candidate-1500/images/fake/0a47622916b3e67d3dce0287707b50a62c54e04b79209fc2cbfd0ba37ab16496.png,low,1,0.9424026608467102
0a5caf705c917b16bce5179defd3c724cd520f0b9d8e2fa53f6f52473f67393d,data/datasets/sid-set/candidate-1500/images/real/0a5caf705c917b16bce5179defd3c724cd520f0b9d8e2fa53f6f52473f67393d.jpg,low,0,0.9358792901039124
0aa4377c2d3cb7c2ac974e3652d6e10b505f5db14aa0684dc5b770a4cb02b8f2,data/datasets/openfake/pilot-600/images/real/0aa4377c2d3cb7c2ac974e3652d6e10b505f5db14aa0684dc5b770a4cb02b8f2.jpg,low,0,0.05076277628540993
0b68ce702d9e3b9f25b515a29bc352cf543d3a7273d3bf5777ea580b390f852b,data/datasets/openfake/additional-900/images/fake/0b68ce702d9e3b9f25b515a29bc352cf543d3a7273d3bf5777ea580b390f852b.jpg,low,1,0.9773693680763245
0b760c4b24ae68818da9c0fb756ce5ebc7a8845d65b8966b86e16b5d43e37324,data/datasets/sid-set/candidate-1500/images/real/0b760c4b24ae68818da9c0fb756ce5ebc7a8845d65b8966b86e16b5d43e37324.jpg,low,0,0.8903276324272156
0bcdf69572b1e02a6980cc98d22e6e65cff5bd5cce447e74a29c0931e7aa6901,data/datasets/openfake/pilot-600/images/fake/0bcdf69572b1e02a6980cc98d22e6e65cff5bd5cce447e74a29c0931e7aa6901.webp,low,1,0.8516054153442383
0bee6e4656f51b542067dd525f7046062a7892e819acc0976e585f605c9f4022,data/datasets/sid-set/candidate-1500/images/fake/0bee6e4656f51b542067dd525f7046062a7892e819acc0976e585f605c9f4022.png,low,1,0.9660318493843079
0ca65a1aea6af0bcf0d94b5d7ce9678fc1caa911312577a312369a2484d5e204,data/datasets/sid-set/candidate-1500/images/fake/0ca65a1aea6af0bcf0d94b5d7ce9678fc1caa911312577a312369a2484d5e204.png,low,1,0.9867916107177734
0cadc0beee15e121b201ecf2546be4a052442ee4bcc778f5b3246875c0ddd691,data/datasets/sid-set/candidate-1500/images/fake/0cadc0beee15e121b201ecf2546be4a052442ee4bcc778f5b3246875c0ddd691.png,low,1,0.9767606258392334
0cc747e95710a543f2fb2ec0ee0603aadd290997e1b7e2e9fe2717f66bb4b826,data/datasets/openfake/pilot-600/images/fake/0cc747e95710a543f2fb2ec0ee0603aadd290997e1b7e2e9fe2717f66bb4b826.jpg,low,1,0.892017662525177
0d4956b5612ce285a17026fb39073fd280e3d4289a023e904e1a0626654d9e6e,data/datasets/RRDataset/selection_1500/lorenzo/ai/Natural_Disasters_&_Accidents_000598.png,low,1,0.99604332447052
0d8a92c8f05d8bb03966bdd7565e66b05adf6426016b791d07b7258d865ae12f,data/datasets/sid-set/candidate-1500/images/real/0d8a92c8f05d8bb03966bdd7565e66b05adf6426016b791d07b7258d865ae12f.jpg,low,0,0.6813656091690063
0d9bbc77ced3ff94e43a4cd5e4fa220582c6093d2b5efd6216b9a9f1ca8c1dce,data/datasets/sid-set/candidate-1500/images/fake/0d9bbc77ced3ff94e43a4cd5e4fa220582c6093d2b5efd6216b9a9f1ca8c1dce.png,low,1,0.9949487447738647
0dcf474ea85097b91a069757505632b7ee4966270d31bbc8ac93ab48ef4d736f,data/datasets/sid-set/candidate-1500/images/fake/0dcf474ea85097b91a069757505632b7ee4966270d31bbc8ac93ab48ef4d736f.png,low,1,0.9947271943092346
0dd146b4c2f5d574188e65a716e7e94d03f020ca47f2ed99a192d95b895e5f6a,data/datasets/RRDataset/selection_1500/giovanni/ai/normal_007300.png,low,1,0.924711287021637
0e21762a574ace5cf464e444f14cd242f9420cee1c52e21a2bebf28b5a41a6fe,data/datasets/sid-set/candidate-1500/images/real/0e21762a574ace5cf464e444f14cd242f9420cee1c52e21a2bebf28b5a41a6fe.jpg,low,0,0.19109460711479187
0e7e22e427067f08efadab663e1a4f1c1513567d13e7558bc360b55e0048c79d,data/datasets/sid-set/candidate-1500/images/fake/0e7e22e427067f08efadab663e1a4f1c1513567d13e7558bc360b55e0048c79d.png,low,1,0.8608550429344177
0ecfdb59577c52e88f1a070e4c8f34d70d6e32cc1e18bc78b852fb97cbd88d5e,data/datasets/sid-set/candidate-1500/images/fake/0ecfdb59577c52e88f1a070e4c8f34d70d6e32cc1e18bc78b852fb97cbd88d5e.png,low,1,0.9819656014442444
0ed79f03a51ba7907738302c54ca5150e2a50e7a112109f93940acf1c02d6ef3,data/datasets/sid-set/candidate-1500/images/fake/0ed79f03a51ba7907738302c54ca5150e2a50e7a112109f93940acf1c02d6ef3.png,low,1,0.9947405457496643
0f11399166b1a88eaa58cfcd4de278882c639cd76420054a989e10427d981281,data/datasets/sid-set/candidate-1500/images/fake/0f11399166b1a88eaa58cfcd4de278882c639cd76420054a989e10427d981281.png,low,1,0.9912109971046448
0f7607fe131545bfb03648d634dbd73e1183a73ee4448a1697ba983f48ff9bb2,data/datasets/sid-set/candidate-1500/images/fake/0f7607fe131545bfb03648d634dbd73e1183a73ee4448a1697ba983f48ff9bb2.png,low,1,0.8787703514099121
0f8c1477947cd78327ef1a7db3a4412a77e3e2d70cb88485a5c5c46b0d6503a0,data/datasets/sid-set/candidate-1500/images/fake/0f8c1477947cd78327ef1a7db3a4412a77e3e2d70cb88485a5c5c46b0d6503a0.png,low,1,0.9700015187263489
0facca7b2063f90684caad74284ceedabd39d94e8f0b80fe7a0f661cc5b6e223,data/datasets/RRDataset/selection_1500/lorenzo/ai/Natural_Disasters_&_Accidents_000716.png,low,1,0.9947831034660339
100c0389ea0e51c9d0d1e951c7b0e2495b5ed707ae65f135b96ef518d3f352c3,data/datasets/openfake/pilot-600/images/fake/100c0389ea0e51c9d0d1e951c7b0e2495b5ed707ae65f135b96ef518d3f352c3.png,low,1,0.79240483045578
103cbc081474f94f336384ed673d9f8f180bf0560ce17d66bdcf3c8adda6e603,data/datasets/openfake/additional-900/images/real/103cbc081474f94f336384ed673d9f8f180bf0560ce17d66bdcf3c8adda6e603.jpg,low,0,0.008141465485095978
1054bffb343917580d4e1fb4a57f0859c5db1630ba41f01ba3cd8a063b3465a3,data/datasets/RRDataset/selection_1500/lorenzo/real/real_009259.jpg,low,0,0.7122509479522705
1066e29317832e8599746a8a39be02cc203d261d6297fcaec01f23e1901a93a8,data/datasets/sid-set/candidate-1500/images/real/1066e29317832e8599746a8a39be02cc203d261d6297fcaec01f23e1901a93a8.jpg,low,0,0.3612023890018463
1068740c2434fd2c116d51b4400aadfe8cb05488e930d853b322335126840b0e,data/datasets/sid-set/candidate-1500/images/real/1068740c2434fd2c116d51b4400aadfe8cb05488e930d853b322335126840b0e.jpg,low,0,0.29438021779060364
1082dddf746a2d027ea3078dc7df7cf9a11defd7eb62befe09281753a15fde5a,data/datasets/sid-set/candidate-1500/images/real/1082dddf746a2d027ea3078dc7df7cf9a11defd7eb62befe09281753a15fde5a.jpg,low,0,0.9283422231674194
10a7ba62f71f602ced28d43eeebe2d0a6016152dec45e94dc72a6e4fc3744eef,data/datasets/openfake/additional-900/images/fake/10a7ba62f71f602ced28d43eeebe2d0a6016152dec45e94dc72a6e4fc3744eef.png,low,1,0.9105333685874939
10ac7025422973063c8eed522ae68340439b472a9b6e0698c99c95d1a3a0c3ad,data/datasets/openfake/additional-900/images/fake/10ac7025422973063c8eed522ae68340439b472a9b6e0698c99c95d1a3a0c3ad.png,low,1,0.9866802096366882
10b319992dbedceea21924e8b375699cf217da96c1ad11c85d5031dcd363ef4c,data/datasets/RRDataset/selection_1500/giovanni/ai/normal_007695.png,low,1,0.9971542358398438
10d4d90e36b53365e558c0b6c3d4ace87b3683dd4d1bccccf3080c258ea4d05e,data/datasets/sid-set/candidate-1500/images/fake/10d4d90e36b53365e558c0b6c3d4ace87b3683dd4d1bccccf3080c258ea4d05e.png,low,1,0.9854059219360352
114a152b5e9804ff8d6c4024ca73b0119f8a608125f46b2595f6040eeb7c17ec,data/datasets/openfake/pilot-600/images/fake/114a152b5e9804ff8d6c4024ca73b0119f8a608125f46b2595f6040eeb7c17ec.png,low,1,0.8719832301139832
1156eb664038d0722d0a959420fb3beef10a9934b9b3b919e498ece8cf904b56,data/datasets/sid-set/candidate-1500/images/fake/1156eb664038d0722d0a959420fb3beef10a9934b9b3b919e498ece8cf904b56.png,low,1,0.7934435606002808
117b6c517f2c532877290daf8e9807e21abf9e850e29ec1a73fc2cebdae74a49,data/datasets/RRDataset/selection_1500/sara/ai/normal_007137.png,low,1,0.9782061576843262
11b08a7dd2584d038ca67e4f32280cfa980e32c8a825c235cdd0a702ba97aab3,data/datasets/sid-set/candidate-1500/images/real/11b08a7dd2584d038ca67e4f32280cfa980e32c8a825c235cdd0a702ba97aab3.jpg,low,0,7.8294709965121e-05
11dd036ce726b33269e6eec682429c9702bdc72905d63dfb75f6075fd5b383ba,data/datasets/openfake/additional-900/images/real/11dd036ce726b33269e6eec682429c9702bdc72905d63dfb75f6075fd5b383ba.jpg,low,0,0.7287352085113525
12a5647b54390aff48b01de6168feed00e8a262615959e9850af5c7ed355e823,data/datasets/sid-set/candidate-1500/images/real/12a5647b54390aff48b01de6168feed00e8a262615959e9850af5c7ed355e823.jpg,low,0,0.8883922100067139
12b92077c88af2ed078ac9f2ce37d2273e78f7882ebe7a6ccae4191bd07af11c,data/datasets/openfake/pilot-600/images/fake/12b92077c88af2ed078ac9f2ce37d2273e78f7882ebe7a6ccae4191bd07af11c.png,low,1,0.9988239407539368
12bd4b31dd75102e4a975fb4e0d3c7709590f8d614c4b2f8b96e68014490fbbe,data/datasets/openfake/additional-900/images/real/12bd4b31dd75102e4a975fb4e0d3c7709590f8d614c4b2f8b96e68014490fbbe.jpg,low,0,0.00018159339379053563
130d7cea6e90db4c96403a4047a616b2a9e9825260c79cbc568f33e95c8f6007,data/datasets/RRDataset/selection_1500/giovanni/ai/normal_006967.jpg,low,1,0.9602436423301697
131b0390999bd8e399ae533c5c7a0478a519c644fcd4243bbef419644c9e7f7d,data/datasets/sid-set/candidate-1500/images/real/131b0390999bd8e399ae533c5c7a0478a519c644fcd4243bbef419644c9e7f7d.jpg,low,0,0.38394367694854736
1324d914068a8a125d4fb4b7e6ff1796383aaa7f050af4d5a93d2e0edd90427b,data/datasets/openfake/additional-900/images/real/1324d914068a8a125d4fb4b7e6ff1796383aaa7f050af4d5a93d2e0edd90427b.jpg,low,0,0.7614124417304993
13f57c8262f0aa97180bac351e36a3159eade642b20faec3cbddf328e343bfe2,data/datasets/RRDataset/selection_1500/giovanni/real/real_008806.jpg,low,0,0.9824503660202026
1411c0137ba1fc4943def3d81790421ebbd488dc5fa5d10a90e3c20f6056d223,data/datasets/openfake/pilot-600/images/fake/1411c0137ba1fc4943def3d81790421ebbd488dc5fa5d10a90e3c20f6056d223.png,low,1,0.9935784339904785
142e8fb5f0322d19f3444206e4b8e9650ea6e8bd5beb0b3637617851e4bb6aeb,data/datasets/sid-set/candidate-1500/images/real/142e8fb5f0322d19f3444206e4b8e9650ea6e8bd5beb0b3637617851e4bb6aeb.jpg,low,0,0.0004688350309152156
147327919fa874188f4f7b377cbdeeb302973919e81913d7f875744bb9712f40,data/datasets/sid-set/candidate-1500/images/fake/147327919fa874188f4f7b377cbdeeb302973919e81913d7f875744bb9712f40.png,low,1,0.8810049295425415
149931cebcd8c382e290da8378a1e6fe3647dc8d503e02722306b30149cdef49,data/datasets/RRDataset/selection_1500/sara/real/real_009860.jpg,low,0,0.0014664138434454799
14af9e54158482add59a9ffff650c12b2e9bcf3c1da10f48c31606a89df76360,data/datasets/sid-set/candidate-1500/images/fake/14af9e54158482add59a9ffff650c12b2e9bcf3c1da10f48c31606a89df76360.png,low,1,0.9974154233932495
14f133ac02937287717ddfe843ee9eb62294c215bed590366cf9193ecb9f66f0,data/datasets/RRDataset/selection_1500/lorenzo/real/real_009541.jpg,low,0,0.026069827377796173
15530980a71e3bca66d0c6931eec1eb7cf82ad82bf182418eaaa2df450bb081a,data/datasets/sid-set/candidate-1500/images/fake/15530980a71e3bca66d0c6931eec1eb7cf82ad82bf182418eaaa2df450bb081a.png,low,1,0.9992676377296448
15b431796ac2e3b42ebc85d1ca86adf2e2fb8980406ac16d2ff3b4e50e1fc45a,data/datasets/openfake/additional-900/images/fake/15b431796ac2e3b42ebc85d1ca86adf2e2fb8980406ac16d2ff3b4e50e1fc45a.png,low,1,0.8749300837516785
15c16b71820b59b3be5972d4036535f5305f306f25e69992eb3bba3840bf21e4,data/datasets/openfake/additional-900/images/fake/15c16b71820b59b3be5972d4036535f5305f306f25e69992eb3bba3840bf21e4.png,low,1,0.978446900844574
1603b655f1a252ef2fd038bf46a74f1921d61f971cd593b8a569103d06d5aaa4,data/datasets/RRDataset/selection_1500/sara/real/real_004165.jpg,low,0,0.7401870489120483
161336700b74174362a3674dc9e35be86390fd3f8368538a33c8ca5d127c8c24,data/datasets/RRDataset/selection_1500/sara/real/real_008890.jpg,low,0,0.0038372159469872713
163a24d309dd6100490490a3b7ea2a8723a1cb39ce9cdce52201e20042326903,data/datasets/RRDataset/selection_1500/giovanni/real/real_005955.jpg,low,0,0.8647375702857971
1656a6983fa457bd6216fe8a2dadb2c7b472b0eccdef41349853ff6ebebde2a5,data/datasets/RRDataset/selection_1500/giovanni/ai/normal_008449.png,low,1,0.9932418465614319
1666626ba244b301d5b10c187b3c9d3cad15a640fa3b91381b12e5756f95552e,data/datasets/openfake/additional-900/images/real/1666626ba244b301d5b10c187b3c9d3cad15a640fa3b91381b12e5756f95552e.jpg,low,0,0.013839347288012505
16727ce08b6b97a921746eac9667136d2dd8be9fd485facf59e20cd6c7342eb2,data/datasets/sid-set/candidate-1500/images/fake/16727ce08b6b97a921746eac9667136d2dd8be9fd485facf59e20cd6c7342eb2.png,low,1,0.9563782811164856
16802b554c8dcdc6b6d9193b6276a390a13fe1f76cbe44d6f7c4e3886ab9f811,data/datasets/openfake/pilot-600/images/fake/16802b554c8dcdc6b6d9193b6276a390a13fe1f76cbe44d6f7c4e3886ab9f811.png,low,1,0.9992676377296448
16afbb9890ffb91a0e7dd9ef2e10080040d48f9c401f76862d00a96192afa737,data/datasets/openfake/pilot-600/images/real/16afbb9890ffb91a0e7dd9ef2e10080040d48f9c401f76862d00a96192afa737.jpg,low,0,0.00538536487147212
16e7311f7012b391c869efe97d40aa3333eeadd2f9261580f9c90b724c38f204,data/datasets/sid-set/candidate-1500/images/real/16e7311f7012b391c869efe97d40aa3333eeadd2f9261580f9c90b724c38f204.jpg,low,0,0.9247008562088013
1760bc29f8e686101c530e292b18fb3234d79abd3d4d70266d340dbd50625587,data/datasets/sid-set/candidate-1500/images/real/1760bc29f8e686101c530e292b18fb3234d79abd3d4d70266d340dbd50625587.jpg,low,0,0.9638038873672485
17f202a8e24bf91d33f3890c01e3ccfa472e185ca8f6025866befaafe48397a2,data/datasets/RRDataset/selection_1500/lorenzo/real/real_001614.jpg,low,0,0.9712140560150146
18022edd727ee0b98773997ea3b6d52c73b962904322e40ab0d3311bc51c1e3c,data/datasets/sid-set/candidate-1500/images/real/18022edd727ee0b98773997ea3b6d52c73b962904322e40ab0d3311bc51c1e3c.jpg,low,0,0.7653425931930542
181d2b2f7f37ae187edd6e854efa4f0d2ac64645d0bed1a59882969aa4f07f12,data/datasets/sid-set/candidate-1500/images/real/181d2b2f7f37ae187edd6e854efa4f0d2ac64645d0bed1a59882969aa4f07f12.jpg,low,0,0.06725314259529114
184f67107497daa6867c73a94a993f170ebfd998c6eb894224b60eaa43ff23d3,data/datasets/sid-set/candidate-1500/images/fake/184f67107497daa6867c73a94a993f170ebfd998c6eb894224b60eaa43ff23d3.png,low,1,0.9957355260848999
188c83865facb67a88d24438eaba30e3ab8baf95c03612715d363ee87eb0bed0,data/datasets/openfake/pilot-600/images/fake/188c83865facb67a88d24438eaba30e3ab8baf95c03612715d363ee87eb0bed0.jpg,low,1,0.35639217495918274
18944f1fd5863581fe8a8fc3c3e8f5a65986a6258a5fc9d1498175c0fe8bb74b,data/datasets/RRDataset/selection_1500/giovanni/real/real_007929.jpg,low,0,0.9855349063873291
18bce8b97cd36ee7286152fe7db043ec0138ef174361203b2ed4f83350f299c9,data/datasets/openfake/additional-900/images/real/18bce8b97cd36ee7286152fe7db043ec0138ef174361203b2ed4f83350f299c9.jpg,low,0,0.004014039412140846
190320a4e59fa09919d18f69d30a62701793a665c9c518b6159c8aacef055741,data/datasets/RRDataset/selection_1500/sara/real/real_006655.jpg,low,0,0.8187397718429565
199f58174190b1b299ed7abf5613193a38b35d4aec135069d8699f491b4debf3,data/datasets/sid-set/candidate-1500/images/real/199f58174190b1b299ed7abf5613193a38b35d4aec135069d8699f491b4debf3.jpg,low,0,0.04544100537896156
19acabba6a6c886cf0bf07d27a22c770163b240d9a989c9649f17762d228503a,data/datasets/sid-set/candidate-1500/images/real/19acabba6a6c886cf0bf07d27a22c770163b240d9a989c9649f17762d228503a.jpg,low,0,0.3994825780391693
19bf4afe49e7813c5bd76f6f61a7dd04c26c71f9da59ad3a58f80ee7dd3be5c0,data/datasets/sid-set/candidate-1500/images/fake/19bf4afe49e7813c5bd76f6f61a7dd04c26c71f9da59ad3a58f80ee7dd3be5c0.png,low,1,0.9784864187240601
1a0e11c91101eec96a63246f145b4f7f379c3378b0241e97c77bc421b36e5ead,data/datasets/RRDataset/selection_1500/giovanni/real/real_008162.jpg,low,0,0.9989224672317505
1a74e5d0f4829aa0b8a6f24d5edfb4432b6f10cda3599c59c908f4c9057b721b,data/datasets/openfake/pilot-600/images/real/1a74e5d0f4829aa0b8a6f24d5edfb4432b6f10cda3599c59c908f4c9057b721b.jpg,low,0,0.0067275636829435825
1a9cac0c6837348afd7edc12beca89ece7ba9e6bc1d5849d3ae6bd62f9becf32,data/datasets/openfake/pilot-600/images/fake/1a9cac0c6837348afd7edc12beca89ece7ba9e6bc1d5849d3ae6bd62f9becf32.jpg,low,1,0.08005616813898087
1aa8dacde65b3ad32eb51e296ff5d0d674f24a2b16a3439012f6d95f6e504c3b,data/datasets/RRDataset/selection_1500/sara/ai/normal_006582.jpg,low,1,0.8414322137832642
1ae5bd41b7fae39eeeb67c0a5b47d298e4bb5d13d84446edad8b9ad6a2ceadc4,data/datasets/sid-set/candidate-1500/images/real/1ae5bd41b7fae39eeeb67c0a5b47d298e4bb5d13d84446edad8b9ad6a2ceadc4.jpg,low,0,0.02852240763604641
1b0678c2c6877415d743de26b22c56407fdc7801e12c774805a9fc941304787d,data/datasets/sid-set/candidate-1500/images/real/1b0678c2c6877415d743de26b22c56407fdc7801e12c774805a9fc941304787d.jpg,low,0,0.8491457104682922
1b459410cf618d8a1732e8efc08b2f975b711d1d4318658deb056baede230d49,data/datasets/RRDataset/selection_1500/sara/ai/normal_007738.png,low,1,0.9968758821487427
1b47519770b8200c2add395998b54dbb594bab454e6cd1af4fe1863243eb874a,data/datasets/sid-set/candidate-1500/images/real/1b47519770b8200c2add395998b54dbb594bab454e6cd1af4fe1863243eb874a.jpg,low,0,0.9879768490791321
1b762c6d799935302d4075ef31c5e63f6bc4fb594d726f07e7b39c77dac8024d,data/datasets/sid-set/candidate-1500/images/fake/1b762c6d799935302d4075ef31c5e63f6bc4fb594d726f07e7b39c77dac8024d.png,low,1,0.9933785200119019
1bac358d8c506545f2bd3e16e402036ff24bb3ae17fd1f469e0a0c8e0e77db11,data/datasets/sid-set/candidate-1500/images/real/1bac358d8c506545f2bd3e16e402036ff24bb3ae17fd1f469e0a0c8e0e77db11.jpg,low,0,0.08868604898452759
1c23cb2695a784a2117fc8945dce614349ef2254ab19eef78d19e67b28c77597,data/datasets/openfake/additional-900/images/fake/1c23cb2695a784a2117fc8945dce614349ef2254ab19eef78d19e67b28c77597.png,low,1,0.9907773733139038
1c282873f278b2b62b5503e56e36d0db96614c2f21f00f74b9cb27a3dd4b28be,data/datasets/sid-set/candidate-1500/images/fake/1c282873f278b2b62b5503e56e36d0db96614c2f21f00f74b9cb27a3dd4b28be.png,low,1,0.9334741830825806
1c50b57532684c5d499e618c370e14fc9f63dc652e39268006865b34cffe7ce6,data/datasets/sid-set/candidate-1500/images/real/1c50b57532684c5d499e618c370e14fc9f63dc652e39268006865b34cffe7ce6.jpg,low,0,0.7443112134933472
1c67d2e4b8d8502d8e3abd78b6637eba1b877d3e0badaed576f459fa873f1e90,data/datasets/openfake/pilot-600/images/fake/1c67d2e4b8d8502d8e3abd78b6637eba1b877d3e0badaed576f459fa873f1e90.png,low,1,0.7336031198501587
1d1b8a2442b551b32b91780328a4bc24366531bc064a1869f58c4f86900c753e,data/datasets/sid-set/candidate-1500/images/real/1d1b8a2442b551b32b91780328a4bc24366531bc064a1869f58c4f86900c753e.jpg,low,0,0.8067150712013245
1d2089073ff8e0d4151ed1f374d5b3dd45ba6d918843f2d779effa23aa0e217f,data/datasets/sid-set/candidate-1500/images/real/1d2089073ff8e0d4151ed1f374d5b3dd45ba6d918843f2d779effa23aa0e217f.jpg,low,0,0.9952120780944824
1d223ba5c28ea1ff99c242bb1ff9ffb57707d9e2dca2516a819de97301b8c904,data/datasets/openfake/additional-900/images/fake/1d223ba5c28ea1ff99c242bb1ff9ffb57707d9e2dca2516a819de97301b8c904.png,low,1,0.9902697801589966
1d3af13ed305243ce8483c2a4e4f1c46d630e5a20932d2cd4e9427e3c979ec76,data/datasets/RRDataset/selection_1500/lorenzo/real/real_000828.jpg,low,0,0.24930578470230103
1d6e81a577421daad58703ef03ba3c8b9ff1d3d3d314336c0a13573ed0e17e07,data/datasets/sid-set/candidate-1500/images/real/1d6e81a577421daad58703ef03ba3c8b9ff1d3d3d314336c0a13573ed0e17e07.jpg,low,0,0.4198010265827179
1dd1c8e1a84098bd8b5eb3808d106b3e7484b646a8ecc4c138174addddec9a9d,data/datasets/RRDataset/selection_1500/giovanni/real/real_005078.jpg,low,0,0.362379252910614
1dd46c338f93c65f3bde4ff043098b7d27617b7c7ff5b74ed1df45fcdb820cd5,data/datasets/RRDataset/selection_1500/giovanni/real/real_006182.jpg,low,0,0.9670748114585876
1dd99550cb2a67daeeae33105925c19dd780d12f0b99713d2d73771b372d747c,data/datasets/RRDataset/selection_1500/lorenzo/real/real_000919.jpg,low,0,0.13980649411678314
1de70679b5e3a7615f252eb15b5b32c95b78e3acb9f1c487cb43c3cff56e8a3f,data/datasets/sid-set/candidate-1500/images/fake/1de70679b5e3a7615f252eb15b5b32c95b78e3acb9f1c487cb43c3cff56e8a3f.png,low,1,0.978818416595459
1e0fdd36b56edf7d7e76996eca0f833cb0259dfeb8490637db97f6ebee28b050,data/datasets/sid-set/candidate-1500/images/fake/1e0fdd36b56edf7d7e76996eca0f833cb0259dfeb8490637db97f6ebee28b050.png,low,1,0.9619846343994141
1e62c12b75e125c85c52008a78b113a5be0af9c0fd6cc455a708ee34e2847dd4,data/datasets/RRDataset/selection_1500/giovanni/real/real_009203.jpg,low,0,0.06095203384757042
1e91a5f1bf287a719f8cc7d3ca3c5d16554bb29d805404517528c12ec810b819,data/datasets/openfake/pilot-600/images/fake/1e91a5f1bf287a719f8cc7d3ca3c5d16554bb29d805404517528c12ec810b819.png,low,1,0.9095490574836731
1f1bfa461cd5d8581fccf011d4d94281f2e8d169b4f00e4fecb8f61a352ba812,data/datasets/RRDataset/selection_1500/sara/ai/normal_008768.png,low,1,0.9465526342391968
1f71f5110b4e5aa7e41750c81827dfff8d9e20977411b72089994f23ef606a05,data/datasets/openfake/additional-900/images/real/1f71f5110b4e5aa7e41750c81827dfff8d9e20977411b72089994f23ef606a05.jpg,low,0,0.9708431363105774
1fa0b95c4493c98b5e5d68ae4bb42660d4388152a4948c40edc6189817d00a1f,data/datasets/openfake/additional-900/images/real/1fa0b95c4493c98b5e5d68ae4bb42660d4388152a4948c40edc6189817d00a1f.jpg,low,0,0.680422306060791
201d225455d69cde9bf12c03a28460c3c671815efb3697117a6d28feab863bde,data/datasets/RRDataset/selection_1500/lorenzo/real/real_006816.jpg,low,0,0.9957761168479919
202051299b3c85a969c850232af06ff65ca1815c05dd12f92b11bded9346cdeb,data/datasets/openfake/additional-900/images/fake/202051299b3c85a969c850232af06ff65ca1815c05dd12f92b11bded9346cdeb.jpg,low,1,0.37915071845054626
2029415654491971b94d758e2f960e967e049c95a9a42de6e8659b7ac6383fe3,data/datasets/openfake/pilot-600/images/fake/2029415654491971b94d758e2f960e967e049c95a9a42de6e8659b7ac6383fe3.png,low,1,0.5688744783401489
20bc7fd943d66a5a881da71b0ab73149c472279c30bc5f0b23a4138a063ec57d,data/datasets/openfake/additional-900/images/real/20bc7fd943d66a5a881da71b0ab73149c472279c30bc5f0b23a4138a063ec57d.jpg,low,0,0.09230226278305054
20cf6b08c79a9bb48af20a7420430001d1f9fcb8709449be4c4b42d0e1d8e112,data/datasets/sid-set/candidate-1500/images/fake/20cf6b08c79a9bb48af20a7420430001d1f9fcb8709449be4c4b42d0e1d8e112.png,low,1,0.8148027658462524
21256fcf694121235a2860ed04b87a197017608ffa80d67757445478345a7fac,data/datasets/sid-set/candidate-1500/images/real/21256fcf694121235a2860ed04b87a197017608ffa80d67757445478345a7fac.jpg,low,0,0.052675556391477585
21512ca0a045cfa4732e70e5376b4584e1f48a97910055b7d741fe5b7623f1cf,data/datasets/sid-set/candidate-1500/images/fake/21512ca0a045cfa4732e70e5376b4584e1f48a97910055b7d741fe5b7623f1cf.png,low,1,0.9766298532485962
21907924817d76b700ab9d3f96dd2e91ec6970f18a26307797dfc67b22cb81b2,data/datasets/RRDataset/selection_1500/giovanni/real/real_003265.jpg,low,0,0.9142032265663147
21ccf6fafb3f31f0231951aa7f44c3bd205c2b918b1b562b6dd289ff9389b8d6,data/datasets/sid-set/candidate-1500/images/real/21ccf6fafb3f31f0231951aa7f44c3bd205c2b918b1b562b6dd289ff9389b8d6.jpg,low,0,0.030168218538165092
221f4bf5cf93edc6765b243d396293b20441395e48e0b390daa4cf1edcf850a5,data/datasets/RRDataset/selection_1500/sara/real/real_001091.jpg,low,0,0.9138944745063782
2293bde9faae7810bcf4b395b8e30863f46930d3f8238ac986c58a52544976eb,data/datasets/openfake/pilot-600/images/real/2293bde9faae7810bcf4b395b8e30863f46930d3f8238ac986c58a52544976eb.jpg,low,0,0.019406884908676147
229582526b538909b538ba4557d0b511190c736ce906b6b3e01e300434bb3465,data/datasets/sid-set/candidate-1500/images/fake/229582526b538909b538ba4557d0b511190c736ce906b6b3e01e300434bb3465.png,low,1,0.9552496671676636
22961a692926514942625475c0cda89138bcf16ae26d6c28cf1b0e4c17c9cc5f,data/datasets/sid-set/candidate-1500/images/fake/22961a692926514942625475c0cda89138bcf16ae26d6c28cf1b0e4c17c9cc5f.png,low,1,0.9890033602714539
22a8bfa9505d2ea49dd3bc6ff9c05616da93ba235473178a667bbebe5a048368,data/datasets/RRDataset/selection_1500/lorenzo/real/real_009738.jpg,low,0,0.9435715675354004
22f57b1146d5f400d4f3f16eebbf7913e518620e318f53cc409eec675603dda4,data/datasets/openfake/additional-900/images/fake/22f57b1146d5f400d4f3f16eebbf7913e518620e318f53cc409eec675603dda4.webp,low,1,0.9848816394805908
238dc01f477361205f1b78148e651bdfffc9cea68a859313f1a3a9308041c57e,data/datasets/openfake/additional-900/images/real/238dc01f477361205f1b78148e651bdfffc9cea68a859313f1a3a9308041c57e.jpg,low,0,0.7215789556503296
23e1d612da5e19bee8be3587968610da0428ba51b733e9886ac22512336f7c71,data/datasets/openfake/pilot-600/images/real/23e1d612da5e19bee8be3587968610da0428ba51b733e9886ac22512336f7c71.jpg,low,0,0.005857969168573618
23f3b1096d550aee6857c7fe84842c7cab41f5d403b2697a8078ed2debba07fd,data/datasets/RRDataset/selection_1500/lorenzo/real/real_005274.jpg,low,0,0.9441623687744141
23f7cc8d9bfb67ea3beae2d0af0b36f22aaac3f26a9700949eeff698de5014fe,data/datasets/sid-set/candidate-1500/images/fake/23f7cc8d9bfb67ea3beae2d0af0b36f22aaac3f26a9700949eeff698de5014fe.png,low,1,0.8561415672302246
244b8bd1f5f9f9df069430a5d0b2253d5f3fb2bb8141e1aabcbc51d1ed99551a,data/datasets/openfake/additional-900/images/real/244b8bd1f5f9f9df069430a5d0b2253d5f3fb2bb8141e1aabcbc51d1ed99551a.jpg,low,0,0.7844020128250122
2456243d6713c8b1a36d9e1cbb885666729fa92cb657129aa7f5dcd084b2f5dc,data/datasets/sid-set/candidate-1500/images/real/2456243d6713c8b1a36d9e1cbb885666729fa92cb657129aa7f5dcd084b2f5dc.jpg,low,0,0.45876196026802063
2464ffea6ce769bd90e3a9fbbe112c208def23ca724c9cec8d643f646ef02f07,data/datasets/RRDataset/selection_1500/giovanni/real/real_003763.jpg,low,0,0.9557754397392273
248f69db77d07800d75d4814c27f97d502961597cd3f22d67a7eb1a61deb4a28,data/datasets/sid-set/candidate-1500/images/real/248f69db77d07800d75d4814c27f97d502961597cd3f22d67a7eb1a61deb4a28.jpg,low,0,0.008836397901177406
249ced550c605549f65fb91397e111932c4a91930484391541ce23e84d24b95c,data/datasets/sid-set/candidate-1500/images/real/249ced550c605549f65fb91397e111932c4a91930484391541ce23e84d24b95c.jpg,low,0,0.14536328613758087
24c39ba27133cd8011df2aa1cb4753ad40f7b5d5af6959fac199b824f6fe33e8,data/datasets/RRDataset/selection_1500/lorenzo/real/real_004420.jpg,low,0,0.960342288017273
24c4c671e918f7c19c59fa17dac7809a009b16b52d067a00052474c8226306aa,data/datasets/sid-set/candidate-1500/images/fake/24c4c671e918f7c19c59fa17dac7809a009b16b52d067a00052474c8226306aa.png,low,1,0.921128511428833
24d498d3de2afbd47c2589fdcf13036be6856aeac0cc7ca6d395f9d6cf07d56a,data/datasets/sid-set/candidate-1500/images/real/24d498d3de2afbd47c2589fdcf13036be6856aeac0cc7ca6d395f9d6cf07d56a.jpg,low,0,0.9892589449882507
250c950db0e8dd1b3fdfae71328a90eb435dc794eead422a361c1b3f3f8e1a6b,data/datasets/sid-set/candidate-1500/images/fake/250c950db0e8dd1b3fdfae71328a90eb435dc794eead422a361c1b3f3f8e1a6b.png,low,1,0.9785456657409668
250fcc22ee1d042f99f665147675bfa5f5dc534d0634a87caf1300165f39e7c7,data/datasets/sid-set/candidate-1500/images/fake/250fcc22ee1d042f99f665147675bfa5f5dc534d0634a87caf1300165f39e7c7.png,low,1,0.9415497779846191
2594de6c9f6625725e5f45286bf191b0c986ab7be1ee6bdedfd926333a0e5499,data/datasets/sid-set/candidate-1500/images/fake/2594de6c9f6625725e5f45286bf191b0c986ab7be1ee6bdedfd926333a0e5499.png,low,1,0.9959449172019958
25a0f88d3511166b8649c9a7adaa251823ab583caa866f54a5d127668321f823,data/datasets/sid-set/candidate-1500/images/fake/25a0f88d3511166b8649c9a7adaa251823ab583caa866f54a5d127668321f823.png,low,1,0.9861778020858765
25f6ca5da1c27d4b83b2f225eed83fa221a80ad802611b382dbb28aa180232cd,data/datasets/openfake/additional-900/images/real/25f6ca5da1c27d4b83b2f225eed83fa221a80ad802611b382dbb28aa180232cd.jpg,low,0,0.49580925703048706
2634b7e1237bbf3efe74fcf5616823166f3925d25e6f0993128a38fad8478fc8,data/datasets/openfake/pilot-600/images/fake/2634b7e1237bbf3efe74fcf5616823166f3925d25e6f0993128a38fad8478fc8.png,low,1,0.9753420948982239
265c668fca3ce9611be49ba48d4bc207f787ca53c92ad8af7e50fd722275729a,data/datasets/RRDataset/selection_1500/sara/ai/normal_008141.png,low,1,0.8582154512405396
2663d79c294868c77e98dbd8820d8050d2d7dedde2457222aa012471a5a2c8fe,data/datasets/RRDataset/selection_1500/lorenzo/ai/normal_006403.jpg,low,1,0.8829632997512817
26d332cdb2027871c60be2fed4e8345e0a34fc2c48ac3cc2a093161f906ddf68,data/datasets/sid-set/candidate-1500/images/real/26d332cdb2027871c60be2fed4e8345e0a34fc2c48ac3cc2a093161f906ddf68.jpg,low,0,0.18732520937919617
2700a6ba8ca8737fca61bae67a3c5dd3faa9e33dd9e67b117bb7e5d5f6fcfa70,data/datasets/sid-set/candidate-1500/images/real/2700a6ba8ca8737fca61bae67a3c5dd3faa9e33dd9e67b117bb7e5d5f6fcfa70.jpg,low,0,0.5281856060028076
276ffb73a65cb42cf4b58833a7009a4d1bd8138a8c2e89da3b32de767a9a8305,data/datasets/openfake/pilot-600/images/fake/276ffb73a65cb42cf4b58833a7009a4d1bd8138a8c2e89da3b32de767a9a8305.png,low,1,0.9975190162658691
2791a0894d6747cabd0d8814312e2917c77679e14b4232e4d2654061a935f919,data/datasets/openfake/additional-900/images/real/2791a0894d6747cabd0d8814312e2917c77679e14b4232e4d2654061a935f919.jpg,low,0,3.925302007701248e-05
27af497e36089218690a7ca84aab644962e880ebbc055e4a34462d2493e6091d,data/datasets/sid-set/candidate-1500/images/fake/27af497e36089218690a7ca84aab644962e880ebbc055e4a34462d2493e6091d.png,low,1,0.9018637537956238
27c52dbcb62b80b4210302a82419645352ee1e05b2d57dc9f1f0ceeeec9c3140,data/datasets/sid-set/candidate-1500/images/fake/27c52dbcb62b80b4210302a82419645352ee1e05b2d57dc9f1f0ceeeec9c3140.png,low,1,0.960371196269989
27f9fff865bd98c471eee710adf305ce3fec4832653e1580fa45f265c8c3489a,data/datasets/RRDataset/selection_1500/sara/ai/Natural_Disasters_&_Accidents_000406.png,low,1,0.9406031966209412
2812f3d602031ec9e018f1a2118d18f7549a23cac91c8208ff3b6016459f2d03,data/datasets/openfake/additional-900/images/real/2812f3d602031ec9e018f1a2118d18f7549a23cac91c8208ff3b6016459f2d03.jpg,low,0,0.8653910756111145
2816527ad32ea3f88de8645e232cb93ee3476ce82f3f3355729869cabde1a9f0,data/datasets/sid-set/candidate-1500/images/fake/2816527ad32ea3f88de8645e232cb93ee3476ce82f3f3355729869cabde1a9f0.png,low,1,0.990810751914978
28172b58d4923811c06a6836137cda8fdfb2025b7c13c06aea21398b988ab900,data/datasets/sid-set/candidate-1500/images/fake/28172b58d4923811c06a6836137cda8fdfb2025b7c13c06aea21398b988ab900.png,low,1,0.9976257681846619
281e02921d20ad0f013239909818ebb00da14d01a382fab61a7b4f10227aab5b,data/datasets/sid-set/candidate-1500/images/real/281e02921d20ad0f013239909818ebb00da14d01a382fab61a7b4f10227aab5b.jpg,low,0,0.07120077311992645
28ec76e6fa2c84fb0c832b480be2a9a08de0e43d2889d40e8359299da7e06535,data/datasets/sid-set/candidate-1500/images/real/28ec76e6fa2c84fb0c832b480be2a9a08de0e43d2889d40e8359299da7e06535.jpg,low,0,0.27826789021492004
28f5b2776caf577799ef4726f9498923bad0096613007a1f06011495c528617e,data/datasets/sid-set/candidate-1500/images/fake/28f5b2776caf577799ef4726f9498923bad0096613007a1f06011495c528617e.png,low,1,0.9990672469139099
2901813455299c13e3f026e5a451a8d452b6827e7086cc6d5d7988e5a1e48086,data/datasets/sid-set/candidate-1500/images/real/2901813455299c13e3f026e5a451a8d452b6827e7086cc6d5d7988e5a1e48086.jpg,low,0,0.9960312247276306
29119e77fb69cb309364e9e95d120c8790d67e12da74b4b268564e4304ba0199,data/datasets/sid-set/candidate-1500/images/real/29119e77fb69cb309364e9e95d120c8790d67e12da74b4b268564e4304ba0199.jpg,low,0,0.8213000893592834
291efda2aceaef3a36bf43909fec69613470fd40c2cdf09a6ab7684abe85e417,data/datasets/openfake/additional-900/images/fake/291efda2aceaef3a36bf43909fec69613470fd40c2cdf09a6ab7684abe85e417.png,low,1,0.4280224144458771
2927a80afb120ff2261f3b0f169e56e7380a34395003d4c57b113cb7f0bd09a3,data/datasets/RRDataset/selection_1500/lorenzo/real/real_009042.jpg,low,0,0.0199426282197237
2935e4b2a63b9fb1a71feb61b7bced75600389677263b098f383d7e91f166cef,data/datasets/RRDataset/selection_1500/lorenzo/ai/normal_009238.png,low,1,0.7185000777244568
29823ad44950f641734a3f71168772f44c87820fdd7738d93cb925b128390947,data/datasets/sid-set/candidate-1500/images/real/29823ad44950f641734a3f71168772f44c87820fdd7738d93cb925b128390947.jpg,low,0,0.8995352387428284
29abcb93f31db5b6977e4cb6f5ce7bf3b92e56ba2dbbcec125b019f1370d3a3a,data/datasets/sid-set/candidate-1500/images/fake/29abcb93f31db5b6977e4cb6f5ce7bf3b92e56ba2dbbcec125b019f1370d3a3a.png,low,1,0.9587253332138062
29da04d067627b33b857698231fee7b2297b3a915f3e10c717c343ed403eddc1,data/datasets/sid-set/candidate-1500/images/fake/29da04d067627b33b857698231fee7b2297b3a915f3e10c717c343ed403eddc1.png,low,1,0.9903420209884644
2a0f8aa142baf462488190b5901f67be6927bc4a0760ebcea00235ad5385a7b5,data/datasets/RRDataset/selection_1500/sara/real/real_000352.jpg,low,0,0.184153214097023
2a24b12d7abf65766baa4e95ee2713627c16858f406f2590e5ded8f5fbf4e006,data/datasets/RRDataset/selection_1500/sara/real/real_008662.jpg,low,0,0.0014910359168425202
2a2cd840c95a61bfc5f515039591f5f5276464e737a19cf325fa04cf5527ce5f,data/datasets/RRDataset/selection_1500/sara/real/real_006556.jpg,low,0,0.9783810973167419
2aa6aec835b660fc75b9ca5c3c42e55975050c3c6a5f60e5ca382d54e84210c1,data/datasets/openfake/additional-900/images/real/2aa6aec835b660fc75b9ca5c3c42e55975050c3c6a5f60e5ca382d54e84210c1.jpg,low,0,0.004753029439598322
2ae17a689d7b288ce2fbc0f06dbf62da5f229fb8e8cb376616ee97ffd3d9499f,data/datasets/sid-set/candidate-1500/images/real/2ae17a689d7b288ce2fbc0f06dbf62da5f229fb8e8cb376616ee97ffd3d9499f.jpg,low,0,0.7019621133804321
2b061dbdb2f7997638b074a6c46c527a6b3ce96d72004edf5abe095c99cb1283,data/datasets/RRDataset/selection_1500/giovanni/ai/normal_009350.png,low,1,0.9982002973556519
2b7cd9eb32b7751d1db24a8bd4a4836592be5854c4e75693912df600fc2e5455,data/datasets/openfake/additional-900/images/real/2b7cd9eb32b7751d1db24a8bd4a4836592be5854c4e75693912df600fc2e5455.jpg,low,0,0.0413844995200634
2bc07619cfd384449fdf0cd3a2a5a3d7eb0a4dc8822389060670d1670685987b,data/datasets/RRDataset/selection_1500/sara/real/real_008055.jpg,low,0,0.9194256663322449
2bcdbdde3859de338d907b58581b0e9442863796e871e38263a651d9e7eb96a7,data/datasets/RRDataset/selection_1500/giovanni/ai/normal_008613.png,low,1,0.9833035469055176
2c306e2e32a6ccc63a489ed617ab92e895616c29a6194e296d763780c7abbd88,data/datasets/RRDataset/selection_1500/lorenzo/real/real_005924.jpg,low,0,0.3939357101917267
2c3083590993bd78f3253a88c09e7bf96ed3ec1ab2437d1e5794db0bd386c40e,data/datasets/openfake/additional-900/images/fake/2c3083590993bd78f3253a88c09e7bf96ed3ec1ab2437d1e5794db0bd386c40e.png,low,1,0.7619034051895142
2c589e7647e0fb13ba906532f5660efb2e439e7a2eb58ef4f1b968db0cc2ef45,data/datasets/sid-set/candidate-1500/images/real/2c589e7647e0fb13ba906532f5660efb2e439e7a2eb58ef4f1b968db0cc2ef45.jpg,low,0,0.48774540424346924
2ca52aab7a4718d9ff2b152c70d484861a13da051958e7d4f39b027b00352fd8,data/datasets/sid-set/candidate-1500/images/fake/2ca52aab7a4718d9ff2b152c70d484861a13da051958e7d4f39b027b00352fd8.png,low,1,0.9873510003089905
2cbf5bdf85dd014677ee32e5283e408882cb4de3ca90a4ab8788d85b67118528,data/datasets/RRDataset/selection_1500/lorenzo/ai/Medical_&_Public_Health_000071.png,low,1,0.9308733344078064
2d2acd2eebd94248083eff02c6894ec76fbb58446d3060b21d83cc6bc70c6216,data/datasets/RRDataset/selection_1500/sara/ai/normal_007828.png,low,1,0.9947277903556824
2d856cdac84a8f101f6e915e898ff8c6f146759d2fdb0f981ec4ea59bed3cb62,data/datasets/RRDataset/selection_1500/lorenzo/ai/normal_006349.jpg,low,1,0.848747968673706
2d9f2d4dcc033ab62e70056f6ef1bb8946ace73793c39a169372a6f18b68a8fd,data/datasets/sid-set/candidate-1500/images/fake/2d9f2d4dcc033ab62e70056f6ef1bb8946ace73793c39a169372a6f18b68a8fd.png,low,1,0.9850986003875732
2e049d87c003219e194c90864b3124a00434f7911d850806a9e361bb5f44753d,data/datasets/RRDataset/selection_1500/giovanni/real/real_006841.jpg,low,0,0.9745147228240967
2e060d486cccb9f6226a5a7aaad48e2e502dd27699afac8c74a07a03feca643d,data/datasets/sid-set/candidate-1500/images/real/2e060d486cccb9f6226a5a7aaad48e2e502dd27699afac8c74a07a03feca643d.jpg,low,0,0.36679399013519287
2e7e1d81b0504ec3a473ff7741f8c9e7290fdabb7400f0e849deae0c53dbf4f8,data/datasets/sid-set/candidate-1500/images/fake/2e7e1d81b0504ec3a473ff7741f8c9e7290fdabb7400f0e849deae0c53dbf4f8.png,low,1,0.9561946988105774
2f4caccfb9b040b2f3ca9ec542968c4bf22af4eddd5a47833c775a0957c10160,data/datasets/openfake/additional-900/images/real/2f4caccfb9b040b2f3ca9ec542968c4bf22af4eddd5a47833c775a0957c10160.jpg,low,0,0.0026280716992914677
2fd1734bc9d04986b87b8ca73600c9b6622b5a7f2449bd1204793e75b4de2a03,data/datasets/sid-set/candidate-1500/images/fake/2fd1734bc9d04986b87b8ca73600c9b6622b5a7f2449bd1204793e75b4de2a03.png,low,1,0.9844129681587219
30077fb1c987f946135c6065ceb145aabfe00b3e7be7a8d1d9350fe7360f6160,data/datasets/sid-set/candidate-1500/images/fake/30077fb1c987f946135c6065ceb145aabfe00b3e7be7a8d1d9350fe7360f6160.png,low,1,0.9499216675758362
308b91121223e9da49d54ec0e3648075e1eccefd0d66ebb3ee4c73bf9523b61a,data/datasets/sid-set/candidate-1500/images/fake/308b91121223e9da49d54ec0e3648075e1eccefd0d66ebb3ee4c73bf9523b61a.png,low,1,0.9358980655670166
30ddb13258d843329e554405900e72eee4ecfe50c0e216920469eb8434768f2b,data/datasets/sid-set/candidate-1500/images/fake/30ddb13258d843329e554405900e72eee4ecfe50c0e216920469eb8434768f2b.png,low,1,0.3731937110424042
3121fff0fb06fee74ee7ce171da90cc639f6846786abbf7d582cbd4293e44512,data/datasets/openfake/pilot-600/images/fake/3121fff0fb06fee74ee7ce171da90cc639f6846786abbf7d582cbd4293e44512.png,low,1,0.998635470867157
312b5db959c1bcce5e6668324223f2e44e9dabb8ee0410c623c22c2749cab509,data/datasets/sid-set/candidate-1500/images/fake/312b5db959c1bcce5e6668324223f2e44e9dabb8ee0410c623c22c2749cab509.png,low,1,0.9676840305328369
3142d5d4115363a28ebfc1be7d25c72c66c334f041a5f0dd1f27f628dc7fa049,data/datasets/sid-set/candidate-1500/images/real/3142d5d4115363a28ebfc1be7d25c72c66c334f041a5f0dd1f27f628dc7fa049.jpg,low,0,0.28493329882621765
31a95ce7acdcc54951b5d2538ea6186415b5b29654bf851a45e7025acb092734,data/datasets/openfake/additional-900/images/real/31a95ce7acdcc54951b5d2538ea6186415b5b29654bf851a45e7025acb092734.jpg,low,0,0.9547383189201355
31d00f248bb633010c0776aff7fda1f4241876eb4b49026f1e9af674bf9cbc01,data/datasets/sid-set/candidate-1500/images/fake/31d00f248bb633010c0776aff7fda1f4241876eb4b49026f1e9af674bf9cbc01.png,low,1,0.9253848195075989
31e1d3356de88098d8c6df6cb2cd7ceb4d54c1fe30427be90525de8777351b91,data/datasets/RRDataset/selection_1500/sara/real/real_003213.jpg,low,0,0.830108642578125
32430a235982cadd1c83eb796692cda70d353915cba2d8f63bfc120bb9d383e2,data/datasets/sid-set/candidate-1500/images/fake/32430a235982cadd1c83eb796692cda70d353915cba2d8f63bfc120bb9d383e2.png,low,1,0.8603707551956177
324a9a40366c76e5b55a995f9d60fe960dadfa74a184fbc013cb4d360f70f266,data/datasets/RRDataset/selection_1500/sara/real/real_000632.jpg,low,0,0.7745885252952576
325c238e9cd9dbe55f55c9087c3dfc51e450b1f158fdbbdd4d68eff344f6020b,data/datasets/RRDataset/selection_1500/sara/real/real_008505.jpg,low,0,0.9654006958007812
32c116aceda440db46fb33a8e69ddaff4a37d642c5a86ea0c13d17ff2673c754,data/datasets/openfake/pilot-600/images/fake/32c116aceda440db46fb33a8e69ddaff4a37d642c5a86ea0c13d17ff2673c754.png,low,1,0.9478949904441833
32c8f3461e0b167a4852617d674fdc3bbb5ec742952491a3926e99fe6d4ce542,data/datasets/openfake/pilot-600/images/real/32c8f3461e0b167a4852617d674fdc3bbb5ec742952491a3926e99fe6d4ce542.jpg,low,0,0.4856102466583252
32d95aa856bc3e2d1bf3d82337a804b44c9f6cd077593ae4ef1443405fafcd61,data/datasets/sid-set/candidate-1500/images/fake/32d95aa856bc3e2d1bf3d82337a804b44c9f6cd077593ae4ef1443405fafcd61.png,low,1,0.9393296241760254
3319a8d5a61e03641e170d16073df1db85d5337e39fa4c4449d0e8332801ebbd,data/datasets/RRDataset/selection_1500/sara/real/real_002912.jpg,low,0,0.22665585577487946
339d98665a13f6f63982fefeafb05c7820565e83483ebeaac66dbe6a887bf741,data/datasets/sid-set/candidate-1500/images/fake/339d98665a13f6f63982fefeafb05c7820565e83483ebeaac66dbe6a887bf741.png,low,1,0.9950430393218994
33b7f53291d9de5c00736fe79747aa61d9c10a988ccc921822f1e36ec2566566,data/datasets/sid-set/candidate-1500/images/fake/33b7f53291d9de5c00736fe79747aa61d9c10a988ccc921822f1e36ec2566566.png,low,1,0.9485907554626465
33cffb193f9eb808c075f6a703a248afa67493ddd7b8ca43b92d809c02634faf,data/datasets/openfake/additional-900/images/real/33cffb193f9eb808c075f6a703a248afa67493ddd7b8ca43b92d809c02634faf.jpg,low,0,0.8715433478355408
33dc8da314178f02cbcf28f3f93cb3e26c9314b04da89db249d5a9f5bd893d81,data/datasets/sid-set/candidate-1500/images/fake/33dc8da314178f02cbcf28f3f93cb3e26c9314b04da89db249d5a9f5bd893d81.png,low,1,0.5404426455497742
33f1bce0cff1308a8dffcc09f9fbd9af0f012a7dbaaa1ca93e0314b6d57cfe2f,data/datasets/sid-set/candidate-1500/images/fake/33f1bce0cff1308a8dffcc09f9fbd9af0f012a7dbaaa1ca93e0314b6d57cfe2f.png,low,1,0.9156688451766968
33f844c9ae07a4bfcf2657e1a3766a9158240ef96a2b6de73b9541427cc80b3e,data/datasets/sid-set/candidate-1500/images/fake/33f844c9ae07a4bfcf2657e1a3766a9158240ef96a2b6de73b9541427cc80b3e.png,low,1,0.996355414390564
3405c99652e61027e967a9c1e4d45d4462b511860f0ace842f1ee4e2418b4f68,data/datasets/sid-set/candidate-1500/images/real/3405c99652e61027e967a9c1e4d45d4462b511860f0ace842f1ee4e2418b4f68.jpg,low,0,0.0752071887254715
341c8af4a6dd2ef217d3e9e5a3c18bf5f083d9bb0b08235e38ca258d2165d516,data/datasets/RRDataset/selection_1500/sara/real/real_004804.jpg,low,0,0.8407264351844788
3446665c6c53a9ca5aac0d98f1d325ab42c489e1603a973777b14b9d9cff5254,data/datasets/RRDataset/selection_1500/giovanni/real/real_004979.jpg,low,0,0.9994283318519592
3494151258f3106a6dea2dcb1009dfe83e16ffbb317a98f76120971944af6153,data/datasets/RRDataset/selection_1500/lorenzo/ai/normal_006353.jpg,low,1,0.31223225593566895
34b45ef8ba1df2d07f8a6a517d2e9d169a6eaa0bf79a634f381162bf8c9f25c1,data/datasets/sid-set/candidate-1500/images/real/34b45ef8ba1df2d07f8a6a517d2e9d169a6eaa0bf79a634f381162bf8c9f25c1.jpg,low,0,0.2970748841762543
34f7ebbb6addd3a6a4acaa41aac3476db1ab11bf0b96f57ce4fd6d27f9dffe5d,data/datasets/RRDataset/selection_1500/giovanni/real/real_006142.jpg,low,0,0.7223423719406128
3513cdf7a346cfa6d1f5a1d10fbea34e5159d6481fc7aea6853470fd80af63e9,data/datasets/sid-set/candidate-1500/images/real/3513cdf7a346cfa6d1f5a1d10fbea34e5159d6481fc7aea6853470fd80af63e9.jpg,low,0,0.05872412025928497
3571b3f6be5181c48982d0de0b71c4137822337a75b9f5f2e9f832705c4ca011,data/datasets/sid-set/candidate-1500/images/fake/3571b3f6be5181c48982d0de0b71c4137822337a75b9f5f2e9f832705c4ca011.png,low,1,0.8643997311592102
35cd683364a740fd9216886c42b6f0217e7722d223fa1213e6854310f7ff9e8a,data/datasets/RRDataset/selection_1500/sara/real/real_007458.jpg,low,0,0.8306320309638977
35ceca919ec4d7fa8e784a3a15e7377cf5d72285bc43bb99f1c654c50c9ab81e,data/datasets/sid-set/candidate-1500/images/fake/35ceca919ec4d7fa8e784a3a15e7377cf5d72285bc43bb99f1c654c50c9ab81e.png,low,1,0.6905462741851807
35db23871430e4c9c56ee864eda06ed2208b4da5a5085a11a6b5cfd3c3fbe551,data/datasets/RRDataset/selection_1500/giovanni/ai/normal_006626.jpg,low,1,0.9877827763557434
35db278b5f4eeeedf76a3eade9a7d0229ca1222d6befbec7137fe2a736c009a3,data/datasets/sid-set/candidate-1500/images/real/35db278b5f4eeeedf76a3eade9a7d0229ca1222d6befbec7137fe2a736c009a3.jpg,low,0,0.8062602281570435
361350589fde7568380b771f59f666271b792936b71255f0e47bd845021fa43e,data/datasets/sid-set/candidate-1500/images/real/361350589fde7568380b771f59f666271b792936b71255f0e47bd845021fa43e.jpg,low,0,0.36132684350013733
361af28c057bf179e8ccf74eb3f888ab7554159ce8705e948cc6e22180a6688c,data/datasets/sid-set/candidate-1500/images/fake/361af28c057bf179e8ccf74eb3f888ab7554159ce8705e948cc6e22180a6688c.png,low,1,0.9439526796340942
36903ecde68c12ad2e4d0d4311ab0c30e3971a16b1c59c8878bab85fbb1ad253,data/datasets/sid-set/candidate-1500/images/real/36903ecde68c12ad2e4d0d4311ab0c30e3971a16b1c59c8878bab85fbb1ad253.jpg,low,0,0.8140267729759216
369d68a03b96d9abe306f43eb513e27676d5d64c859f68a279613e5d1b955602,data/datasets/RRDataset/selection_1500/lorenzo/ai/normal_007739.png,low,1,0.9783087372779846
36a53013fceb77265fc769ca2a58a8aa75fa47d678d9796476f4eff895555f14,data/datasets/openfake/additional-900/images/fake/36a53013fceb77265fc769ca2a58a8aa75fa47d678d9796476f4eff895555f14.png,low,1,0.9993653893470764
36ad9c6dddf721a9ce52ca7d07054d031ee8e6d68a0465fab09dc84efe48060b,data/datasets/sid-set/candidate-1500/images/fake/36ad9c6dddf721a9ce52ca7d07054d031ee8e6d68a0465fab09dc84efe48060b.png,low,1,0.9859273433685303
36c04a2607bcc2f2ea3526452275102e7d6ad80961b10e823d19265e5e730bbd,data/datasets/sid-set/candidate-1500/images/fake/36c04a2607bcc2f2ea3526452275102e7d6ad80961b10e823d19265e5e730bbd.png,low,1,0.9531294107437134
36fcab72dabecc23cbe9fbf3990d637b304e07f112510fad98811d86e362038b,data/datasets/sid-set/candidate-1500/images/real/36fcab72dabecc23cbe9fbf3990d637b304e07f112510fad98811d86e362038b.jpg,low,0,0.17267966270446777
3707eb2fe7ccf1868df8252ea22c35856cdbdc7b0a4c68c7a4000fbce73434e4,data/datasets/sid-set/candidate-1500/images/real/3707eb2fe7ccf1868df8252ea22c35856cdbdc7b0a4c68c7a4000fbce73434e4.jpg,low,0,0.106451116502285
3714cb6f6c940b672f66b77efe3650e3be661817b3ae22b80a2925c6f4d26524,data/datasets/sid-set/candidate-1500/images/fake/3714cb6f6c940b672f66b77efe3650e3be661817b3ae22b80a2925c6f4d26524.png,low,1,0.9031856656074524
37928f17f6e0bd188c8b623cf0796c0e2d43eea4f2b35e50fb5f9c8064225e60,data/datasets/openfake/additional-900/images/real/37928f17f6e0bd188c8b623cf0796c0e2d43eea4f2b35e50fb5f9c8064225e60.jpg,low,0,0.00025966475368477404
37c78cc34c6a7a4679ecf442f48b8b032419528d211e1228e6a6e33709fe9e11,data/datasets/sid-set/candidate-1500/images/real/37c78cc34c6a7a4679ecf442f48b8b032419528d211e1228e6a6e33709fe9e11.jpg,low,0,0.010436681099236012
37ed93a5dd62a0e6279cde8dd7c11c4b9a9430198cb87120698af90639a5efc9,data/datasets/openfake/pilot-600/images/real/37ed93a5dd62a0e6279cde8dd7c11c4b9a9430198cb87120698af90639a5efc9.jpg,low,0,0.7415503859519958
382d5c64659d86fdd3776f728b758b0ab3fef711383a2085877f55e443355449,data/datasets/RRDataset/selection_1500/lorenzo/ai/Natural_Disasters_&_Accidents_000925.png,low,1,0.5243368744850159
3882bb06282d88f97a27d7cfa87038d54bc60a27f1abdde1b58cb76d4ee925ad,data/datasets/openfake/additional-900/images/real/3882bb06282d88f97a27d7cfa87038d54bc60a27f1abdde1b58cb76d4ee925ad.jpg,low,0,0.018593231216073036
38a427dfc6245f36f023f810f00f3aba639f0b6b5002bbf700a76ad0b32e5b59,data/datasets/sid-set/candidate-1500/images/real/38a427dfc6245f36f023f810f00f3aba639f0b6b5002bbf700a76ad0b32e5b59.jpg,low,0,0.4600123167037964
38dbc5bdc9025eceda56fa92e855b858e1988d67c194be856bafe68f939d1229,data/datasets/sid-set/candidate-1500/images/real/38dbc5bdc9025eceda56fa92e855b858e1988d67c194be856bafe68f939d1229.jpg,low,0,0.765057384967804
3930bb388e7b4e06f4d1b9cec5ad09b0d385cb7f974961697c39bcf74eaa1c54,data/datasets/sid-set/candidate-1500/images/fake/3930bb388e7b4e06f4d1b9cec5ad09b0d385cb7f974961697c39bcf74eaa1c54.png,low,1,0.997316300868988
393251b6a2969798e5eef41307f24380cb6393909a2fe4c724f29c56ecb0bf8e,data/datasets/sid-set/candidate-1500/images/fake/393251b6a2969798e5eef41307f24380cb6393909a2fe4c724f29c56ecb0bf8e.png,low,1,0.8043422698974609
3932c4be79a2a6bb5517c79000767e27fdd9b5d16dcad2b686e0da7434a496a4,data/datasets/sid-set/candidate-1500/images/real/3932c4be79a2a6bb5517c79000767e27fdd9b5d16dcad2b686e0da7434a496a4.jpg,low,0,0.36974862217903137
399f1ae199f8649c53b248e3938e93a542bfe3e8e347236d541e7aba606d89fd,data/datasets/sid-set/candidate-1500/images/fake/399f1ae199f8649c53b248e3938e93a542bfe3e8e347236d541e7aba606d89fd.png,low,1,0.13319140672683716
39c43ebc67f8b71a289b13be425e28f309e305e345d466fd0e2b7c69adf94816,data/datasets/RRDataset/selection_1500/lorenzo/real/real_004905.jpg,low,0,0.932833731174469
3a10a9cc33efd41c3aa8b5bdb21add2ffc5eff2dca81f733e77356c2275157ff,data/datasets/RRDataset/selection_1500/sara/ai/normal_008431.png,low,1,0.8707348108291626
3a4a22a4c9e24e2219880b752ab037c35ea1285e0b5edec3ba7d8e256cb93890,data/datasets/RRDataset/selection_1500/lorenzo/real/real_009055.jpg,low,0,0.977706253528595
3a61cff91c68e6459f67496b39bbe1f72a9b5fa24ea898e5aef54dfcdd329934,data/datasets/sid-set/candidate-1500/images/fake/3a61cff91c68e6459f67496b39bbe1f72a9b5fa24ea898e5aef54dfcdd329934.png,low,1,0.9887964725494385
3a709eabd6e4997cbc06eb796c6aabebbb5ccefdf47ef02d4dbb5ebb3945d816,data/datasets/sid-set/candidate-1500/images/fake/3a709eabd6e4997cbc06eb796c6aabebbb5ccefdf47ef02d4dbb5ebb3945d816.png,low,1,0.9396224617958069
3acd5ffcca2544d2fdf958a228c20fd88ebb8542cf3d2a7cdf9ff79acd82b4f5,data/datasets/RRDataset/selection_1500/lorenzo/real/real_008132.jpg,low,0,0.9656943082809448
3ae81164b8904b1b4023f5db79ba10a788031fd879152ed4468e87171fdd8116,data/datasets/sid-set/candidate-1500/images/fake/3ae81164b8904b1b4023f5db79ba10a788031fd879152ed4468e87171fdd8116.png,low,1,0.9581269025802612
3aeb061be090cc73aef679f61e0561d6b0e799c327f62db9e98901d6257e5022,data/datasets/RRDataset/selection_1500/sara/real/real_001057.jpg,low,0,0.9206801652908325
3b05d39f30751369e8d27bb14a0b790ba4c6f2f86fa90ab9707ea91bcb096ca4,data/datasets/sid-set/candidate-1500/images/real/3b05d39f30751369e8d27bb14a0b790ba4c6f2f86fa90ab9707ea91bcb096ca4.jpg,low,0,0.5072124600410461
3c25f6a9c6e51c9d4d66adbf3e8f1cc92e62852cd5b0a9ba22d2981554944d85,data/datasets/sid-set/candidate-1500/images/fake/3c25f6a9c6e51c9d4d66adbf3e8f1cc92e62852cd5b0a9ba22d2981554944d85.png,low,1,0.8784515857696533
3c3bf9dec76cf79ab9f1b0c62c702c3e4c171e8f71f9fd0525f8a9985808adb8,data/datasets/RRDataset/selection_1500/sara/ai/Medical_&_Public_Health_000074.png,low,1,0.5391936302185059
3c9a6f54794fded613d09729c344de257a382a04e5ea7565fdcec52ab85bea31,data/datasets/sid-set/candidate-1500/images/real/3c9a6f54794fded613d09729c344de257a382a04e5ea7565fdcec52ab85bea31.jpg,low,0,0.32192739844322205
3c9d19f0f80b2f4ef3a572610a18b726c2c65f9dbd7c9905265c5588bc9a8478,data/datasets/openfake/additional-900/images/fake/3c9d19f0f80b2f4ef3a572610a18b726c2c65f9dbd7c9905265c5588bc9a8478.jpg,low,1,0.9792633652687073
3db38d9e78fc5bb9044f0c2a31166be27fc0b726557059699277c6ed001854f6,data/datasets/RRDataset/selection_1500/lorenzo/real/real_007904.jpg,low,0,0.9889116287231445
3dd99cf4f20c4f81a559eabc00030602a0476b96cfb6bfbc17d4433b6d780253,data/datasets/sid-set/candidate-1500/images/real/3dd99cf4f20c4f81a559eabc00030602a0476b96cfb6bfbc17d4433b6d780253.jpg,low,0,0.0017717833397909999
3e16a70d024d5fff6ea5ee6d9419bfa94e09bb9e66ae1c332cc535a721b26fec,data/datasets/RRDataset/selection_1500/lorenzo/real/real_008635.jpg,low,0,0.7733147740364075
3e1e0fc8e6ccd5e18d9768cdd128936d829f24f44bcb07eefe2a39bf3ebe3d7f,data/datasets/sid-set/candidate-1500/images/fake/3e1e0fc8e6ccd5e18d9768cdd128936d829f24f44bcb07eefe2a39bf3ebe3d7f.png,low,1,0.9793469309806824
3e85ab191a4f8b5da9d37cc337cac834669d58bf99e0f151967db1f8e3ca583a,data/datasets/sid-set/candidate-1500/images/real/3e85ab191a4f8b5da9d37cc337cac834669d58bf99e0f151967db1f8e3ca583a.jpg,low,0,0.9340444207191467
3eaaaaaa0e2b38f4fbbf1ca17864830f5c7d5a690200d4a6753519250db7d338,data/datasets/openfake/pilot-600/images/real/3eaaaaaa0e2b38f4fbbf1ca17864830f5c7d5a690200d4a6753519250db7d338.jpg,low,0,0.0024841325357556343
3eac3ea8c87dc52205827b5d7253e4458acc7e4a7bf043c19b88fff0b5cb222e,data/datasets/sid-set/candidate-1500/images/real/3eac3ea8c87dc52205827b5d7253e4458acc7e4a7bf043c19b88fff0b5cb222e.jpg,low,0,0.9211893081665039
3ec9209f03fa21740f5bf445cee711070fdb0e51bd2970a52eceb125fe543dda,data/datasets/openfake/pilot-600/images/real/3ec9209f03fa21740f5bf445cee711070fdb0e51bd2970a52eceb125fe543dda.jpg,low,0,0.49594464898109436
3f214263436e6c35a6dcac5af464eb63e32b4ca845ba125b91e0ec3534a7ca2f,data/datasets/openfake/additional-900/images/fake/3f214263436e6c35a6dcac5af464eb63e32b4ca845ba125b91e0ec3534a7ca2f.png,low,1,0.9698092937469482
3f9bb03f34139295fb7f248e10acc18cff44a6a4100454c5f8b291664080fb0e,data/datasets/openfake/additional-900/images/real/3f9bb03f34139295fb7f248e10acc18cff44a6a4100454c5f8b291664080fb0e.jpg,low,0,0.06080428138375282
3fb83946ea481134318f53fa92c46613fd6476e37d8d619376685c8b83ba4ff2,data/datasets/sid-set/candidate-1500/images/fake/3fb83946ea481134318f53fa92c46613fd6476e37d8d619376685c8b83ba4ff2.png,low,1,0.9897192716598511
3fd0c58671c7f76c4ea3eac539ed3371dc3554a72d30c5f6b9e5ea5992fa1438,data/datasets/sid-set/candidate-1500/images/fake/3fd0c58671c7f76c4ea3eac539ed3371dc3554a72d30c5f6b9e5ea5992fa1438.png,low,1,0.9946807026863098
3fdfdc7ec0146aedde1b9e79d33de83bc52dcc9821538b7b0e0206b2e9ec755a,data/datasets/sid-set/candidate-1500/images/real/3fdfdc7ec0146aedde1b9e79d33de83bc52dcc9821538b7b0e0206b2e9ec755a.jpg,low,0,0.08242638409137726
4005f8aa218782510b69fd27cf4480e1cf250b943a69487a5206c86669e45067,data/datasets/openfake/additional-900/images/real/4005f8aa218782510b69fd27cf4480e1cf250b943a69487a5206c86669e45067.jpg,low,0,0.014486306346952915
406d8427e83ccd9e72e985d7828a9a8028c863c4f38e66beb7303348832b6b9c,data/datasets/openfake/additional-900/images/fake/406d8427e83ccd9e72e985d7828a9a8028c863c4f38e66beb7303348832b6b9c.jpg,low,1,0.7358536124229431
40a294405b89f7ccbdce6d09f2ec910ca5ed047a77663e0b4b55c5a1e625b86a,data/datasets/RRDataset/selection_1500/lorenzo/ai/normal_009230.png,low,1,0.8582890033721924
40b6fa533d8a7e74194fb49e0e1ac0bd068454e3bc9b847e35a57c24913ca6e8,data/datasets/openfake/additional-900/images/real/40b6fa533d8a7e74194fb49e0e1ac0bd068454e3bc9b847e35a57c24913ca6e8.jpg,low,0,0.7594289779663086
40d69f920e8fba6e4d332c30c9953e2216950382471f3592f4111bffb8ed60a1,data/datasets/sid-set/candidate-1500/images/real/40d69f920e8fba6e4d332c30c9953e2216950382471f3592f4111bffb8ed60a1.jpg,low,0,0.4412476718425751
40fd2955b9f05361aad03e1544039a6b6a83884c3f15cbd588f1cc8265615ecf,data/datasets/RRDataset/selection_1500/lorenzo/real/real_007863.jpg,low,0,0.9340420961380005
4185f09e712dc233297b31173d955095920719c9cc42e57253291fe6b3cca2cc,data/datasets/openfake/pilot-600/images/fake/4185f09e712dc233297b31173d955095920719c9cc42e57253291fe6b3cca2cc.png,low,1,0.9839216470718384
41948c5e80c693c01123f81120e8c8cbd3db07b037cda51d6267518fc054536a,data/datasets/RRDataset/selection_1500/lorenzo/real/real_006834.jpg,low,0,0.9835838675498962
41954ba76074ab5b5d9c17ab162d6826afd0e4250b30ca02ae89e8d96cce664a,data/datasets/RRDataset/selection_1500/sara/real/real_006683.jpg,low,0,0.9700544476509094
41b29a54c4f188e5ccc4d22f1407aa0adb017057c86ba17b1ff05001ca3094e2,data/datasets/sid-set/candidate-1500/images/real/41b29a54c4f188e5ccc4d22f1407aa0adb017057c86ba17b1ff05001ca3094e2.jpg,low,0,0.9435960054397583
41e4aa56cf9bf6802221f01d05c1e5774fe6d368c9c28042bdd34bf0c6c9269c,data/datasets/sid-set/candidate-1500/images/fake/41e4aa56cf9bf6802221f01d05c1e5774fe6d368c9c28042bdd34bf0c6c9269c.png,low,1,0.974499523639679
41f3155507f0e393139cbb2ebf3af8ae39bf6288cfdfcdace2075c6e322b823b,data/datasets/RRDataset/selection_1500/giovanni/ai/Political_&_Social_Events_000227.png,low,1,0.9833752512931824
4201ce47b59aa0d0a486614e76f497f11a4a87cc6abccd2fe31e0825546e301f,data/datasets/openfake/additional-900/images/fake/4201ce47b59aa0d0a486614e76f497f11a4a87cc6abccd2fe31e0825546e301f.png,low,1,0.3235938251018524
4257444908968970fb39a3a578dd765c04ace26efa6da8eb552ba537c21fbec1,data/datasets/sid-set/candidate-1500/images/fake/4257444908968970fb39a3a578dd765c04ace26efa6da8eb552ba537c21fbec1.png,low,1,0.8874768018722534
42e02282a0ee22844baaa107f9ea0ab2439fe2eb651348da1cfbbe6420369ab9,data/datasets/openfake/additional-900/images/fake/42e02282a0ee22844baaa107f9ea0ab2439fe2eb651348da1cfbbe6420369ab9.jpg,low,1,0.637060821056366
433936eda1a98eb2f1ed4f329b116fd5cd91f98cad65c9e16323ad5abfe82617,data/datasets/openfake/pilot-600/images/fake/433936eda1a98eb2f1ed4f329b116fd5cd91f98cad65c9e16323ad5abfe82617.jpg,low,1,0.5649100542068481
4340d33bb8d6b2b0963b7f08e839eb3f58da16889a462229bd4c4037e32da9e9,data/datasets/sid-set/candidate-1500/images/real/4340d33bb8d6b2b0963b7f08e839eb3f58da16889a462229bd4c4037e32da9e9.jpg,low,0,0.8431904911994934
435061c0bcf67a2607c3dc44a730871ff9bbc1e7459d1436b068356fcfb8d56d,data/datasets/RRDataset/selection_1500/lorenzo/real/real_009727.jpg,low,0,0.0013455080334097147
437f3e2df480b720f1e38fb4d9c459842439e9861ad57ab44d652b7c1778cf13,data/datasets/sid-set/candidate-1500/images/fake/437f3e2df480b720f1e38fb4d9c459842439e9861ad57ab44d652b7c1778cf13.png,low,1,0.8701074123382568
439af5c84c8b8613e612eb662465309bb410e449127b29da97a6d768f0ea342b,data/datasets/openfake/additional-900/images/fake/439af5c84c8b8613e612eb662465309bb410e449127b29da97a6d768f0ea342b.png,low,1,0.9989639520645142
43b4ce98a44fc0e2ec7d31e84601894c0d8e9e4b52955fa6682fb8cd96cde7cd,data/datasets/sid-set/candidate-1500/images/real/43b4ce98a44fc0e2ec7d31e84601894c0d8e9e4b52955fa6682fb8cd96cde7cd.jpg,low,0,0.42934510111808777
43b99caf8d601e53f410d111a06609651e60bd9131e90ae8e9ea8d6c3ee80baf,data/datasets/RRDataset/selection_1500/giovanni/real/real_005256.jpg,low,0,0.8674243688583374
43c0d9048df9fedb30d2e7307711f9d5b2b7b8bef21e227b58ac7865190b0ac3,data/datasets/RRDataset/selection_1500/giovanni/real/real_009301.jpg,low,0,0.4578423798084259
43f49a3088e40a9c8f9506723ae5b0a76c68bb49a9cd41395f0a2b81c5a38d1e,data/datasets/sid-set/candidate-1500/images/real/43f49a3088e40a9c8f9506723ae5b0a76c68bb49a9cd41395f0a2b81c5a38d1e.jpg,low,0,3.461685264483094e-05
44d576e65bf2ed829fd3ae3be9b24c1f7bff69dedf4c5df9d456768a95d9c14e,data/datasets/RRDataset/selection_1500/lorenzo/real/real_008531.jpg,low,0,0.9914069175720215
44f868fde594fa82e98a4ed2e9c23694f032ae915c6b76aece7670d36e598083,data/datasets/RRDataset/selection_1500/lorenzo/ai/normal_007339.png,low,1,0.9914469718933105
45339c635ac1cf8edb6b7973b30b913c53864fbec42538a46cf13ab1f6d116ee,data/datasets/openfake/pilot-600/images/real/45339c635ac1cf8edb6b7973b30b913c53864fbec42538a46cf13ab1f6d116ee.jpg,low,0,0.0004635855439119041
45407f9ed7650b1e72a6b110afddacd1ce851e442150493a0b842250d121aff4,data/datasets/RRDataset/selection_1500/giovanni/real/real_007935.jpg,low,0,0.8858738541603088
454b847a5870330de2cdaf814f6516356eb04f6e425c8f00322a3cec5a407461,data/datasets/openfake/additional-900/images/fake/454b847a5870330de2cdaf814f6516356eb04f6e425c8f00322a3cec5a407461.jpg,low,1,0.7752334475517273
45535c786a78f574847dac231933b5f80f3007442ccc54f139e36688fecd0e06,data/datasets/sid-set/candidate-1500/images/fake/45535c786a78f574847dac231933b5f80f3007442ccc54f139e36688fecd0e06.png,low,1,0.9942796230316162
457afb78c783da1c16521c973c008d5d1057c51a220627177e8dd9d3d72f9a4d,data/datasets/RRDataset/selection_1500/giovanni/real/real_005621.jpg,low,0,0.9354174137115479
45a5da20d6760b8d81d046f8fb9c600283022760496f725aedc5cd84e1b74842,data/datasets/RRDataset/selection_1500/giovanni/real/real_003966.jpg,low,0,0.9821494221687317
45d76238d5459c9e77be2eb817b098479e415c7b6ba719843d26dddff110fba2,data/datasets/openfake/additional-900/images/fake/45d76238d5459c9e77be2eb817b098479e415c7b6ba719843d26dddff110fba2.png,low,1,0.7334003448486328
45e218f8835b3588db67a9ff9077c0cd6395ce31ba257096e0519a1a59fe6c06,data/datasets/sid-set/candidate-1500/images/fake/45e218f8835b3588db67a9ff9077c0cd6395ce31ba257096e0519a1a59fe6c06.png,low,1,0.9935122132301331
460a14b90bdb2ecc73355bfc45a3429b272bc6630d407e7c7ef014eae6e35348,data/datasets/RRDataset/selection_1500/sara/real/real_000556.jpg,low,0,0.9991167187690735
463d956215c4d2e4dcc48adabd78ac3215dee3e393113e78967b05ac74d37be8,data/datasets/openfake/pilot-600/images/fake/463d956215c4d2e4dcc48adabd78ac3215dee3e393113e78967b05ac74d37be8.png,low,1,0.9812605381011963
465299e3fd07e7622ca21070b218f81887659270ffb2dbdd79520125f141b0cf,data/datasets/openfake/pilot-600/images/fake/465299e3fd07e7622ca21070b218f81887659270ffb2dbdd79520125f141b0cf.png,low,1,0.9470783472061157
4671a1295edc54518ab99a0c8507af87581bcb2aff662d4b2c5dec73ed80a8e9,data/datasets/RRDataset/selection_1500/giovanni/real/real_000880.jpg,low,0,0.9574496746063232
4695936313504537848f94b81d49f822f7bf46131115b0ab0511a8e122f2cc9b,data/datasets/sid-set/candidate-1500/images/real/4695936313504537848f94b81d49f822f7bf46131115b0ab0511a8e122f2cc9b.jpg,low,0,0.9607965350151062
46bb7ff160c1e9a67457188e75aaecc3ce83f1c7e267c31735bf1913a06b082b,data/datasets/RRDataset/selection_1500/giovanni/real/real_000588.jpg,low,0,0.927926242351532
46e14a4eb8a94616715feba35cf67596d03ab88e26c8e1386358a5e50d56de0c,data/datasets/RRDataset/selection_1500/sara/ai/normal_008054.png,low,1,0.1278124749660492
47504307bd02f18f2267db4a4775514cc3e8380ef11a0cd02d0acdd65727163c,data/datasets/sid-set/candidate-1500/images/fake/47504307bd02f18f2267db4a4775514cc3e8380ef11a0cd02d0acdd65727163c.png,low,1,0.9801483154296875
47a25c53213dd0730eddfd193561ce0cde7cb424c926986fc44099e231153ca2,data/datasets/sid-set/candidate-1500/images/real/47a25c53213dd0730eddfd193561ce0cde7cb424c926986fc44099e231153ca2.jpg,low,0,0.5555840730667114
47f49e3dd3e405af51506f567fc47d08b48e7a0dcca64370080f6800e4d61fda,data/datasets/openfake/additional-900/images/fake/47f49e3dd3e405af51506f567fc47d08b48e7a0dcca64370080f6800e4d61fda.png,low,1,0.02448756992816925
47f9c9b2a8f9989a347dad9ee17719d54657e746e4e05f749af4eeac64398f90,data/datasets/openfake/additional-900/images/real/47f9c9b2a8f9989a347dad9ee17719d54657e746e4e05f749af4eeac64398f90.jpg,low,0,0.015189805068075657
48276e598d3e693e2df9a0a5cea1b886be4625478cedae5d52db22886bf66311,data/datasets/RRDataset/selection_1500/sara/real/real_008833.jpg,low,0,0.016844598576426506
48e3828b6edede16ac4c3f7f415d98ed2ec0fa49451ac8271119f8209da482a6,data/datasets/sid-set/candidate-1500/images/real/48e3828b6edede16ac4c3f7f415d98ed2ec0fa49451ac8271119f8209da482a6.jpg,low,0,0.015839532017707825
48e7ebc76990e709db19e990f04471a64e425c37ceb04fe25a12881783997017,data/datasets/sid-set/candidate-1500/images/real/48e7ebc76990e709db19e990f04471a64e425c37ceb04fe25a12881783997017.jpg,low,0,0.1408502757549286
49380a144b49f0f59b768de5a10406c3e1349401dfbee418968d0e6057703ebd,data/datasets/sid-set/candidate-1500/images/fake/49380a144b49f0f59b768de5a10406c3e1349401dfbee418968d0e6057703ebd.png,low,1,0.9839010834693909
4939f387d0eb4c567650baa445a3fa3d0c1482e0078c16958ca03db310c0cbdf,data/datasets/sid-set/candidate-1500/images/fake/4939f387d0eb4c567650baa445a3fa3d0c1482e0078c16958ca03db310c0cbdf.png,low,1,0.96494060754776
497cb7e3696f4f9d849081072f422942be9139d1a108c04ccb9a163a316c142a,data/datasets/sid-set/candidate-1500/images/real/497cb7e3696f4f9d849081072f422942be9139d1a108c04ccb9a163a316c142a.jpg,low,0,0.8983471989631653
4986dcfcb54b3a04837be073ffa37fb68c7dd55bf1b709d871b36efc315fbf51,data/datasets/sid-set/candidate-1500/images/real/4986dcfcb54b3a04837be073ffa37fb68c7dd55bf1b709d871b36efc315fbf51.jpg,low,0,0.1628052294254303
499e3649ad15404a498c5cfd5b42cbac915283b6f262e25209993eb14c82bd98,data/datasets/RRDataset/selection_1500/giovanni/real/real_006872.jpg,low,0,0.9612722992897034
4a5a02ab3b7c26194d674b1f9dbd9f8dcaa7477b17342fd427d38c702cd88784,data/datasets/RRDataset/selection_1500/sara/ai/Natural_Disasters_&_Accidents_000415.png,low,1,0.9909858703613281
4ac5aff8ac575d4dcf8423a0e3130ae17d5334d793deeca1a0afa347bf69fb7f,data/datasets/sid-set/candidate-1500/images/fake/4ac5aff8ac575d4dcf8423a0e3130ae17d5334d793deeca1a0afa347bf69fb7f.png,low,1,0.6527540683746338
4ac6ab44e7c934630f7e531f7678a5c91d3bd278b176ec4355ff9826e69e88f4,data/datasets/openfake/pilot-600/images/real/4ac6ab44e7c934630f7e531f7678a5c91d3bd278b176ec4355ff9826e69e88f4.jpg,low,0,0.3586086630821228
4afd8beaebed4d4224790303da497a44e00eb922463b0ff42d4180ef1d1da4ef,data/datasets/sid-set/candidate-1500/images/real/4afd8beaebed4d4224790303da497a44e00eb922463b0ff42d4180ef1d1da4ef.jpg,low,0,0.4718608558177948
4b016e64a421d12b31a4db1512e67280bceb03f9e2ce69d18ac6d254b75929f2,data/datasets/sid-set/candidate-1500/images/fake/4b016e64a421d12b31a4db1512e67280bceb03f9e2ce69d18ac6d254b75929f2.png,low,1,0.9951934218406677
4b02ca5c117c532f9e4fd0ec487d366aa25999ae7f68e757d4f047ea56d3066d,data/datasets/openfake/additional-900/images/fake/4b02ca5c117c532f9e4fd0ec487d366aa25999ae7f68e757d4f047ea56d3066d.png,low,1,0.9903776049613953
4b684bea40aeed911d404714784204a81f1def1c5d2adc7be8f60a92be6fee59,data/datasets/sid-set/candidate-1500/images/fake/4b684bea40aeed911d404714784204a81f1def1c5d2adc7be8f60a92be6fee59.png,low,1,0.9971972703933716
4b698946e0e311e3846dae36932f92fb6020fe55a6b5b01b6000472ea791b2e5,data/datasets/openfake/pilot-600/images/fake/4b698946e0e311e3846dae36932f92fb6020fe55a6b5b01b6000472ea791b2e5.png,low,1,0.9711769819259644
4b75a9f3a60308515ce3406ef6ff64bb0acb8b9f50f39259bf036aec7ec79994,data/datasets/RRDataset/selection_1500/sara/real/real_008773.jpg,low,0,0.7644273638725281
4bc748a1809a254b2538913da79a3ae9faf339c5793c7f2c4421ff148bc8a252,data/datasets/RRDataset/selection_1500/giovanni/ai/normal_008302.png,low,1,0.9900499582290649
4bcc426935827e241f5a6b9d64be1cfe8d9e345b6bb496d393ba15de3d155226,data/datasets/RRDataset/selection_1500/lorenzo/real/real_008719.jpg,low,0,0.015986453741788864
4bf38b511c3f62c70f7f533b687b15a426160a5a21f4f2ca8755e0875b728ada,data/datasets/sid-set/candidate-1500/images/real/4bf38b511c3f62c70f7f533b687b15a426160a5a21f4f2ca8755e0875b728ada.jpg,low,0,0.9889296889305115
4c0a600357e713c2402af465f646f0fdc7235f2cce0741329553f4ab5a8f8dcc,data/datasets/RRDataset/selection_1500/sara/real/real_005401.jpg,low,0,0.9954403638839722
4c252bca26b0326e1bc592ef3759b88d567bf598f049e5d1a4dd1ac98746ba98,data/datasets/RRDataset/selection_1500/lorenzo/real/real_001244.jpg,low,0,0.9979335069656372
4c611beec246562e4797340761b1f6ce3443ffc94160da408b02d0ee6e65bd00,data/datasets/sid-set/candidate-1500/images/fake/4c611beec246562e4797340761b1f6ce3443ffc94160da408b02d0ee6e65bd00.png,low,1,0.9974368810653687
4cafb42cea8bf121d52a162036b42d4863fb6c13b38a42e2e7f74e92ad85f5e4,data/datasets/openfake/pilot-600/images/real/4cafb42cea8bf121d52a162036b42d4863fb6c13b38a42e2e7f74e92ad85f5e4.jpg,low,0,0.030601007863879204
4cc07a988c5437018018c577e02026aa0ec773967aa7b0876f747618c32b4658,data/datasets/openfake/pilot-600/images/real/4cc07a988c5437018018c577e02026aa0ec773967aa7b0876f747618c32b4658.jpg,low,0,0.021727662533521652
4cddd5771d5186c2fe45768178a29b86003ab4b5606ec132b7d19bdb8bffe2d7,data/datasets/openfake/additional-900/images/fake/4cddd5771d5186c2fe45768178a29b86003ab4b5606ec132b7d19bdb8bffe2d7.jpg,low,1,0.6224039196968079
4ce5fe8692e303ef108d7f3d01c6880db5397e3229ada484ea732a354756f883,data/datasets/sid-set/candidate-1500/images/real/4ce5fe8692e303ef108d7f3d01c6880db5397e3229ada484ea732a354756f883.jpg,low,0,0.9947629570960999
4d3b8a5c313bdb9e26796203d3dd386a85dadfc6c20cef7a6164fe13e4cae359,data/datasets/sid-set/candidate-1500/images/fake/4d3b8a5c313bdb9e26796203d3dd386a85dadfc6c20cef7a6164fe13e4cae359.png,low,1,0.9944131970405579
4d4bb71d9db36eb3eb796a3d3f2f6a1a1622cc0a26f9e1d8be7f8ec401ffac54,data/datasets/RRDataset/selection_1500/lorenzo/real/real_009555.jpg,low,0,0.7560300230979919
4d4cd2bb88de63931a32d0e6aba257d84effff01bf0112276975ca7207453252,data/datasets/sid-set/candidate-1500/images/real/4d4cd2bb88de63931a32d0e6aba257d84effff01bf0112276975ca7207453252.jpg,low,0,0.8554192185401917
4d7b2f49b2ec61683115776755d52fffad284731623d35a8e249687770e7d82d,data/datasets/sid-set/candidate-1500/images/real/4d7b2f49b2ec61683115776755d52fffad284731623d35a8e249687770e7d82d.jpg,low,0,0.17072702944278717
4da4a915ba2c553a2bb61ef810221f6d9fad814a1f4b0f879343bff1a13fed22,data/datasets/RRDataset/selection_1500/sara/real/real_008675.jpg,low,0,0.9670380353927612
4de9bcf28c070f539306d5f2a234b1d2d5fd47f2748b0ddfe27eae139c915135,data/datasets/RRDataset/selection_1500/giovanni/ai/normal_006790.jpg,low,1,0.2936627268791199
4e0988bef6f72725b7cc8bc855aabb62c1cb0a971796e4fb984562f6675fb657,data/datasets/sid-set/candidate-1500/images/fake/4e0988bef6f72725b7cc8bc855aabb62c1cb0a971796e4fb984562f6675fb657.png,low,1,0.9823854565620422
4e2c5b03a97b8649a74723a9160d5ddd0ffefae02abbdf3b006ae32c88b4838b,data/datasets/RRDataset/selection_1500/sara/real/real_000548.jpg,low,0,0.9175461530685425
4e6fa6697824deaaba825141ae262d9731f6034ebffd484661962db72eb6a836,data/datasets/sid-set/candidate-1500/images/fake/4e6fa6697824deaaba825141ae262d9731f6034ebffd484661962db72eb6a836.png,low,1,0.9279079437255859
4f1460acc42dd74b522a6c341bcf9318a6f5af5d066d2eb51513ef50564ea992,data/datasets/openfake/pilot-600/images/fake/4f1460acc42dd74b522a6c341bcf9318a6f5af5d066d2eb51513ef50564ea992.png,low,1,0.5017410516738892
4f4d77fa08b3bd3046996560aa99fe1c641edbdaf3916079f4d10db696cf1451,data/datasets/openfake/pilot-600/images/fake/4f4d77fa08b3bd3046996560aa99fe1c641edbdaf3916079f4d10db696cf1451.png,low,1,0.999872088432312
4f57a52c76f896a4d438802369c5fb251f7d8442cd66b5d833578cbdec5bc787,data/datasets/RRDataset/selection_1500/sara/ai/normal_007402.png,low,1,0.8567012548446655
4f5f23b760d5e22fc303e27eceb6f3bffa54cff941afe6a1368f478291a5ffaf,data/datasets/sid-set/candidate-1500/images/fake/4f5f23b760d5e22fc303e27eceb6f3bffa54cff941afe6a1368f478291a5ffaf.png,low,1,0.862767219543457
4f67ccc024747ba1f09452e310a48dc946f06512c4447c640c56ed2925efde60,data/datasets/sid-set/candidate-1500/images/real/4f67ccc024747ba1f09452e310a48dc946f06512c4447c640c56ed2925efde60.jpg,low,0,0.9605704545974731
4f7b8a77ef2db45045916fc8e82d29f7364f1feb5273dfb36910e29f6da3bba7,data/datasets/sid-set/candidate-1500/images/real/4f7b8a77ef2db45045916fc8e82d29f7364f1feb5273dfb36910e29f6da3bba7.jpg,low,0,0.5090473294258118
4fe2539ff09bff7287bf2e32ab51529dc696e03350a55676370ce82d2abacb9c,data/datasets/sid-set/candidate-1500/images/real/4fe2539ff09bff7287bf2e32ab51529dc696e03350a55676370ce82d2abacb9c.jpg,low,0,0.6344674825668335
5003b67708614ce17aa5e25640c6b76ddb9c6a66a682a2279135cbc25e7ad61b,data/datasets/RRDataset/selection_1500/giovanni/real/real_008702.jpg,low,0,0.9137939214706421
50198b631b59d022c64339abee9defec842f82ced3009775b0ba92f6085bbb27,data/datasets/RRDataset/selection_1500/lorenzo/real/real_004121.jpg,low,0,0.9872360825538635
502df633c3fc349e17eeb0cdcb1ede384c56bee930402dd1fd7e5d050aebfece,data/datasets/sid-set/candidate-1500/images/real/502df633c3fc349e17eeb0cdcb1ede384c56bee930402dd1fd7e5d050aebfece.jpg,low,0,0.5191563367843628
50381af0a67c597aa7f11a603eb3189d3f4c2c4f71aa50d620342dfb67ff7c38,data/datasets/RRDataset/selection_1500/sara/ai/normal_007148.png,low,1,0.9905531406402588
5077bbe2ff6cdbd89bded7a0ef1ac451c6e90f11e80de0001811a06c9f970eec,data/datasets/sid-set/candidate-1500/images/fake/5077bbe2ff6cdbd89bded7a0ef1ac451c6e90f11e80de0001811a06c9f970eec.png,low,1,0.9906467199325562
508b6657c330e98ea2c05eab15e8aa4b9fff36ef313abf6e8d906e0ee3120c49,data/datasets/openfake/additional-900/images/fake/508b6657c330e98ea2c05eab15e8aa4b9fff36ef313abf6e8d906e0ee3120c49.png,low,1,0.6590017080307007
50988c18326e59169753a7726df7306f449e92fba4989cccedc82e688f97e6fa,data/datasets/openfake/pilot-600/images/fake/50988c18326e59169753a7726df7306f449e92fba4989cccedc82e688f97e6fa.png,low,1,0.10046257823705673
50a034f192d6a573b5b2293b6f8ab1615c83ad5cd10772f9985a41916758e958,data/datasets/openfake/additional-900/images/fake/50a034f192d6a573b5b2293b6f8ab1615c83ad5cd10772f9985a41916758e958.png,low,1,0.9482259750366211
50b32758ea17cf2e2ec4c5ef9e01885db302a46dc7d93a671cc55d3ca08a3609,data/datasets/sid-set/candidate-1500/images/real/50b32758ea17cf2e2ec4c5ef9e01885db302a46dc7d93a671cc55d3ca08a3609.jpg,low,0,0.44906365871429443
50f67913e672916c3bf7e0833ae89c8bc7c6a2d86bcb6fefb4027a74a7f698ae,data/datasets/RRDataset/selection_1500/sara/ai/Natural_Disasters_&_Accidents_000410.png,low,1,0.9806200265884399
512f38b3088e9d70c1a986865d78ef32bd2530d37e2f816d119edf799305df6c,data/datasets/RRDataset/selection_1500/lorenzo/ai/normal_008857.png,low,1,0.9863344430923462
5144e7728f4f564e82575922eac009f480996f4fce638cf14504f4f55d253353,data/datasets/sid-set/candidate-1500/images/real/5144e7728f4f564e82575922eac009f480996f4fce638cf14504f4f55d253353.jpg,low,0,0.9303077459335327
519eedb72139e3a1fddec74c3e2bd99fd80e90df24524f9a484f5fd1a939ca74,data/datasets/sid-set/candidate-1500/images/real/519eedb72139e3a1fddec74c3e2bd99fd80e90df24524f9a484f5fd1a939ca74.jpg,low,0,0.07078087329864502
51aff7a224e4bb8f96f3463b69bfd8126f1b4a07a4094ca8dfef59a33a2204ac,data/datasets/openfake/pilot-600/images/fake/51aff7a224e4bb8f96f3463b69bfd8126f1b4a07a4094ca8dfef59a33a2204ac.png,low,1,0.7036128044128418
51d1e825290902dc7a45065250ed454816059fad92fff5cbc530fd8aeec6ba33,data/datasets/sid-set/candidate-1500/images/fake/51d1e825290902dc7a45065250ed454816059fad92fff5cbc530fd8aeec6ba33.png,low,1,0.9700171947479248
51e127ff27783e703771bdef616cc59317a0171234ff1307d7c0b3a493d39d17,data/datasets/openfake/pilot-600/images/fake/51e127ff27783e703771bdef616cc59317a0171234ff1307d7c0b3a493d39d17.png,low,1,0.09286095947027206
51ef37cde07c65882cbc82e85ccbe844b27a601d844383d5a6754f04222191eb,data/datasets/openfake/pilot-600/images/fake/51ef37cde07c65882cbc82e85ccbe844b27a601d844383d5a6754f04222191eb.png,low,1,0.9977476000785828
52057df9a0dcff27c49b6c46ca76cc7fd5438b95fab446f7fb423ddfc9dded2c,data/datasets/sid-set/candidate-1500/images/fake/52057df9a0dcff27c49b6c46ca76cc7fd5438b95fab446f7fb423ddfc9dded2c.png,low,1,0.9825226068496704
52099a21a436703183b860b7ec9ead39456e35fda6d82ae8630879a3e1f115b9,data/datasets/sid-set/candidate-1500/images/real/52099a21a436703183b860b7ec9ead39456e35fda6d82ae8630879a3e1f115b9.jpg,low,0,0.00840741116553545
520cb9c9266f0e34ac89426d97125df4a536987ceca1a6e1815c6626c03d1733,data/datasets/sid-set/candidate-1500/images/fake/520cb9c9266f0e34ac89426d97125df4a536987ceca1a6e1815c6626c03d1733.png,low,1,0.8967812061309814
526ac60fe7c463160267100e6bd9bbef79b833e3a03ed4812c536e4a5f56d38d,data/datasets/openfake/pilot-600/images/fake/526ac60fe7c463160267100e6bd9bbef79b833e3a03ed4812c536e4a5f56d38d.png,low,1,0.9906055331230164
528331bcffc802b9d6c5998c607d361ff3ba370457390685fb278951ad36217d,data/datasets/RRDataset/selection_1500/lorenzo/real/real_008027.jpg,low,0,0.7229853868484497
529a3a2c3c4f203fb9e0545be478f43255bc784e504e7fe89589439f5ab270af,data/datasets/openfake/additional-900/images/fake/529a3a2c3c4f203fb9e0545be478f43255bc784e504e7fe89589439f5ab270af.png,low,1,0.9507666826248169
529ee0e68c64a9dcccfd8b89448845884824e7f773ceea0fb614821c7815a262,data/datasets/openfake/additional-900/images/fake/529ee0e68c64a9dcccfd8b89448845884824e7f773ceea0fb614821c7815a262.png,low,1,0.9824077486991882
52a496695829316323a3990137732b121cb8f315f3326d83104fea44b47df8d9,data/datasets/RRDataset/selection_1500/giovanni/ai/Natural_Disasters_&_Accidents_000499.png,low,1,0.9206767678260803
52cef850f89e8da607ee0daf8647ea786b6fb0ee42695bafc66e42f494cdb30c,data/datasets/sid-set/candidate-1500/images/fake/52cef850f89e8da607ee0daf8647ea786b6fb0ee42695bafc66e42f494cdb30c.png,low,1,0.976894736289978
5328cff8b13f2a2c8a169ae22539f709c129d85c5af17469467bc786d54f4593,data/datasets/RRDataset/selection_1500/giovanni/ai/normal_007194.png,low,1,0.9956289529800415
5335d115d003dbdba4a58c9e52b05b09fae5703715321bcf5c98ec951a06160c,data/datasets/sid-set/candidate-1500/images/real/5335d115d003dbdba4a58c9e52b05b09fae5703715321bcf5c98ec951a06160c.jpg,low,0,0.44399088621139526
534b0fefaae5bb446696dd37acd8814b03f1fe6fb5fb75b9c5c10f9204c204e1,data/datasets/sid-set/candidate-1500/images/fake/534b0fefaae5bb446696dd37acd8814b03f1fe6fb5fb75b9c5c10f9204c204e1.png,low,1,0.8478207588195801
53cb3a074456888fe0ba02cb1d693e8d75ab342d0ba65da9d6cbff42e55aaa62,data/datasets/RRDataset/selection_1500/sara/ai/normal_008499.png,low,1,0.9584702253341675
53f2cf7b1500173c2b9e7c51c237c3ac17e847efbd7d2ba6f9d3a0de0f19269e,data/datasets/sid-set/candidate-1500/images/real/53f2cf7b1500173c2b9e7c51c237c3ac17e847efbd7d2ba6f9d3a0de0f19269e.jpg,low,0,0.038637321442365646
544422af3922855b85984583ae4e579c35821c544c1186cd6ceb8b18319c8fd8,data/datasets/sid-set/candidate-1500/images/fake/544422af3922855b85984583ae4e579c35821c544c1186cd6ceb8b18319c8fd8.png,low,1,0.7576791048049927
54bf97a9a271e35cf3ede9973fbf5d49837eade2a5fa6f75752be23a489fb05b,data/datasets/openfake/additional-900/images/real/54bf97a9a271e35cf3ede9973fbf5d49837eade2a5fa6f75752be23a489fb05b.jpg,low,0,0.0031428076326847076
559fbab371ba0f1aeef357a608096804f5c04c916e4ba5b493d2b5000d395a82,data/datasets/RRDataset/selection_1500/sara/real/real_006201.jpg,low,0,0.9924151301383972
561e423c0b2c92c01f473433179f86c280025207214c509aa9c07d348f538c1c,data/datasets/RRDataset/selection_1500/lorenzo/ai/Natural_Disasters_&_Accidents_000265.png,low,1,0.9788303971290588
5657f43d1dafc4d86b669d193cfa57b2affb86b4889d611f366750e195fd44a9,data/datasets/sid-set/candidate-1500/images/fake/5657f43d1dafc4d86b669d193cfa57b2affb86b4889d611f366750e195fd44a9.png,low,1,0.9431795477867126
56ba7b5a4368c18dae9dc8cd4d48f6007521442f62059a5791e7a7f2b581d880,data/datasets/openfake/additional-900/images/fake/56ba7b5a4368c18dae9dc8cd4d48f6007521442f62059a5791e7a7f2b581d880.png,low,1,0.9180800914764404
56c6424013c2e4b8e02a361ad504636c7243c562b5d8707ceb37d2e1c2a69ab3,data/datasets/RRDataset/selection_1500/giovanni/ai/normal_008681.png,low,1,0.9917789101600647
5709d77cbb3ec9a6265e6d69ae4b1341fd5b9b2fc0b46e043f4a53c8e20bfed8,data/datasets/sid-set/candidate-1500/images/real/5709d77cbb3ec9a6265e6d69ae4b1341fd5b9b2fc0b46e043f4a53c8e20bfed8.jpg,low,0,0.03279925510287285
5755ba7de4b6ae2c9424a42ebfa29cd31834154c028c2d993f4ca2496b51dadf,data/datasets/RRDataset/selection_1500/giovanni/real/real_008171.jpg,low,0,0.9986727237701416
578184d56f4a3468e756c95618077da879dfdc954dd8291886c48401d29ce9e3,data/datasets/RRDataset/selection_1500/giovanni/real/real_009474.jpg,low,0,0.9752205014228821
5788da0599bb07df312fe68fe87df1d48b638aed5e97476059897017410ab13d,data/datasets/sid-set/candidate-1500/images/real/5788da0599bb07df312fe68fe87df1d48b638aed5e97476059897017410ab13d.jpg,low,0,0.8606818318367004
57ff6260b17769edc60ba8b6f3016fd1912e4fb3313d521e6ea3ab1af2f572d1,data/datasets/sid-set/candidate-1500/images/real/57ff6260b17769edc60ba8b6f3016fd1912e4fb3313d521e6ea3ab1af2f572d1.jpg,low,0,0.13758763670921326
58d9b43a338f5061150b4ea36a3456aa75c9ba4c27d76512e9e695f5c8321b37,data/datasets/sid-set/candidate-1500/images/fake/58d9b43a338f5061150b4ea36a3456aa75c9ba4c27d76512e9e695f5c8321b37.png,low,1,0.9565898180007935
591cafe2680835faf54837e92c5d8a3e9174c7f41b0d0b7efdeca399724f8809,data/datasets/openfake/additional-900/images/fake/591cafe2680835faf54837e92c5d8a3e9174c7f41b0d0b7efdeca399724f8809.jpg,low,1,0.599076509475708
59a1a44c2885021c1f73710bd0af2d8e29b9de1c4ac08ef61c0cad0ea5b4e948,data/datasets/RRDataset/selection_1500/sara/real/real_009392.jpg,low,0,0.026349907740950584
5a074c710a6aa3c11a20b79e09d0b26eea80c689bedc8dda55721e61b061298d,data/datasets/RRDataset/selection_1500/lorenzo/real/real_009901.jpg,low,0,0.9958693385124207
5ad04d1497cfb5d6ab41f407af583d1a27ce130744ee30a4eafcc9ad405ddfbc,data/datasets/sid-set/candidate-1500/images/real/5ad04d1497cfb5d6ab41f407af583d1a27ce130744ee30a4eafcc9ad405ddfbc.jpg,low,0,0.8608916997909546
5af84c4fc8b90735983559e81187e944f0e2288c06b2b34e1037a4c7a4562773,data/datasets/openfake/additional-900/images/fake/5af84c4fc8b90735983559e81187e944f0e2288c06b2b34e1037a4c7a4562773.png,low,1,0.999421238899231
5b1d5d53d67cb8c03697f3d2a1304aa1fc26157f7fcccbf29534765f373958e4,data/datasets/sid-set/candidate-1500/images/fake/5b1d5d53d67cb8c03697f3d2a1304aa1fc26157f7fcccbf29534765f373958e4.png,low,1,0.991872251033783
5b680f3263de0ca8c31279539e183bf5e4b4a01bf53a624f943bbb443bd9932b,data/datasets/openfake/additional-900/images/fake/5b680f3263de0ca8c31279539e183bf5e4b4a01bf53a624f943bbb443bd9932b.png,low,1,0.9980358481407166
5baa7c843d93efdc67c4b0fe344e0a4efcd314363393e451c0a203c1d98b6794,data/datasets/sid-set/candidate-1500/images/real/5baa7c843d93efdc67c4b0fe344e0a4efcd314363393e451c0a203c1d98b6794.jpg,low,0,0.02335253171622753
5bbd8d2bcb966f7aad8aa4d5cdbd5c257f964680977bc98836917c72a1057afa,data/datasets/openfake/additional-900/images/real/5bbd8d2bcb966f7aad8aa4d5cdbd5c257f964680977bc98836917c72a1057afa.jpg,low,0,0.954889178276062
5bde657732339cedd39d140d0664404213cfbcdedf1a2081374bab304456f2e6,data/datasets/openfake/additional-900/images/fake/5bde657732339cedd39d140d0664404213cfbcdedf1a2081374bab304456f2e6.png,low,1,0.9787624478340149
5be9d51f0c67dba26b83a6992a8880cc67836be24f3fafd7c2f4d7d9f16e8358,data/datasets/openfake/pilot-600/images/fake/5be9d51f0c67dba26b83a6992a8880cc67836be24f3fafd7c2f4d7d9f16e8358.png,low,1,0.9326017498970032
5c2682360b82c98a7b9c430bf2b03bc596a3bcaf974986ef8233aeb0f6d2877e,data/datasets/RRDataset/selection_1500/giovanni/real/real_004903.jpg,low,0,0.9939648509025574
5c34d9c22b066c9acca77513b6004be70181997cd57650df09840adb7cf80208,data/datasets/openfake/additional-900/images/real/5c34d9c22b066c9acca77513b6004be70181997cd57650df09840adb7cf80208.jpg,low,0,0.6041174530982971
5c4b801015566c6454e87fd8f09a04d0b25e48de7ca0a12228cb2b6527e63975,data/datasets/RRDataset/selection_1500/sara/real/real_008169.jpg,low,0,0.9853687882423401
5c761c87c8906ee8d7fb7ef37b972dff24738f954e5e43a87ec6c60a77dcf818,data/datasets/RRDataset/selection_1500/giovanni/ai/normal_008421.png,low,1,0.9663781523704529
5c98200a5e31b4dce29f8fd423fc19015db1bf1420dcf1e88da7fcc1d8ea1168,data/datasets/sid-set/candidate-1500/images/fake/5c98200a5e31b4dce29f8fd423fc19015db1bf1420dcf1e88da7fcc1d8ea1168.png,low,1,0.9575918316841125
5c99b21d9212140c364852950f5fef2cbad1ca30d42d1a2d177bafcd90c4047a,data/datasets/sid-set/candidate-1500/images/fake/5c99b21d9212140c364852950f5fef2cbad1ca30d42d1a2d177bafcd90c4047a.png,low,1,0.8102624416351318
5cc59a22aeae5af40aed5398dbbc3b014236c8fc9b548b8ef603849824db1282,data/datasets/openfake/additional-900/images/fake/5cc59a22aeae5af40aed5398dbbc3b014236c8fc9b548b8ef603849824db1282.png,low,1,0.9954226613044739
5d59a6691655e94ed2613e1c2e8b0dbeb8684c54c63a86c31c87cb25949072d8,data/datasets/openfake/additional-900/images/fake/5d59a6691655e94ed2613e1c2e8b0dbeb8684c54c63a86c31c87cb25949072d8.png,low,1,0.9894815683364868
5d5bdda640de8cd371df16e371277137ec357085c312c82f66425804a33c6991,data/datasets/RRDataset/selection_1500/sara/real/real_004551.jpg,low,0,0.21428801119327545
5d68a824448c765b75cfff0e7906f43dbd6e34c19ae6950196304cc08b18c031,data/datasets/RRDataset/selection_1500/sara/real/real_000899.jpg,low,0,0.16478286683559418
5d757d09839021c85a7663a298f306e253b4dcc4b845eefe2401ba11f550d653,data/datasets/sid-set/candidate-1500/images/real/5d757d09839021c85a7663a298f306e253b4dcc4b845eefe2401ba11f550d653.jpg,low,0,0.026233842596411705
5da4ef2b94390dafa65b7e3d5a763cdc042cf28a8cf9a00f5fe470bd9c569d2f,data/datasets/sid-set/candidate-1500/images/real/5da4ef2b94390dafa65b7e3d5a763cdc042cf28a8cf9a00f5fe470bd9c569d2f.jpg,low,0,0.12869642674922943
5da7a9b78c18d8ea0567a2118847e4f3a77a337bab9e779d5e9d49e3fc51612b,data/datasets/openfake/pilot-600/images/fake/5da7a9b78c18d8ea0567a2118847e4f3a77a337bab9e779d5e9d49e3fc51612b.png,low,1,0.7821885943412781
5dadfc04088efb653f1433791a5c1ca4d91ead807d2e42fa214f256f770d48cf,data/datasets/sid-set/candidate-1500/images/real/5dadfc04088efb653f1433791a5c1ca4d91ead807d2e42fa214f256f770d48cf.jpg,low,0,0.0026467067655175924
5dbc805ca4396d8c35d3b15ea2c50285919318ed5f780ca1b06af8d50a8384c0,data/datasets/openfake/pilot-600/images/fake/5dbc805ca4396d8c35d3b15ea2c50285919318ed5f780ca1b06af8d50a8384c0.png,low,1,0.9779510498046875
5e5bbf8cbc81cb882db71d878b8cb459d566c5342130efc9864cd16b5b168f0d,data/datasets/sid-set/candidate-1500/images/real/5e5bbf8cbc81cb882db71d878b8cb459d566c5342130efc9864cd16b5b168f0d.jpg,low,0,0.2777819037437439
5e8bec1107620387d0adca987c185b75c7f3f9cc0e94e9debc8ee8ba83bc810d,data/datasets/RRDataset/selection_1500/giovanni/real/real_006539.jpg,low,0,0.9720702171325684
5ea31bedf55977f1a533af56a9d621911ad91b2e32b6451db74b72f14d760c1a,data/datasets/sid-set/candidate-1500/images/real/5ea31bedf55977f1a533af56a9d621911ad91b2e32b6451db74b72f14d760c1a.jpg,low,0,0.37969493865966797
5eee380cd58c7dd9a6d1ef8c2e623418426b7846433cd607425160b76caa3cd7,data/datasets/sid-set/candidate-1500/images/real/5eee380cd58c7dd9a6d1ef8c2e623418426b7846433cd607425160b76caa3cd7.jpg,low,0,0.966180145740509
5f1c663c2af3bb9ecd16f18453a10aba89475506884e5c2ae9899aaea1b019da,data/datasets/RRDataset/selection_1500/sara/real/real_003229.jpg,low,0,0.9943874478340149
5f1d99385759cba91ae16d14781b311ce2af47cee5b6c6e4646d19f58d33dc18,data/datasets/sid-set/candidate-1500/images/real/5f1d99385759cba91ae16d14781b311ce2af47cee5b6c6e4646d19f58d33dc18.jpg,low,0,0.2206331491470337
5f5de9d195fabd264db87d5b428829885e0abeba30c3c223c837a9b67bb17883,data/datasets/sid-set/candidate-1500/images/fake/5f5de9d195fabd264db87d5b428829885e0abeba30c3c223c837a9b67bb17883.png,low,1,0.9969603419303894
5ffe84e981ebf00a0b37d71b73de542dcd33828f3b10ba45360ac4456a5f0100,data/datasets/openfake/pilot-600/images/real/5ffe84e981ebf00a0b37d71b73de542dcd33828f3b10ba45360ac4456a5f0100.jpg,low,0,0.016196494922041893
6061a5bb09b6ac0fc23a505ae7f3136daabc91cef988954a9a4d3abe73373995,data/datasets/openfake/additional-900/images/real/6061a5bb09b6ac0fc23a505ae7f3136daabc91cef988954a9a4d3abe73373995.jpg,low,0,0.003974404186010361
612e65006de9350c1327c9c1d2c5a78846df707f4d8176e452e3a93ff6ab37f0,data/datasets/sid-set/candidate-1500/images/real/612e65006de9350c1327c9c1d2c5a78846df707f4d8176e452e3a93ff6ab37f0.jpg,low,0,0.9785172343254089
613bb2077fdc6a8a933961eb7be4242d0c8f6dba0d73b581b1ce4a989b99ecc9,data/datasets/RRDataset/selection_1500/sara/ai/production_000778.png,low,1,0.9945104122161865
614d4e0e7f9ee043ee784c2f84575d80884091a0150deeaaee84a71e21009e61,data/datasets/RRDataset/selection_1500/giovanni/ai/normal_007996.png,low,1,0.9509989619255066
6280dffb6c193a22ea8f3281ce09816bac93fb7eab5602934bb6c53d8653b476,data/datasets/RRDataset/selection_1500/giovanni/real/real_003402.jpg,low,0,0.6303020715713501
629e86c8a84a620ddab79b9acddeb48129ff844e5c96e9582905c6ffce3e4398,data/datasets/sid-set/candidate-1500/images/fake/629e86c8a84a620ddab79b9acddeb48129ff844e5c96e9582905c6ffce3e4398.png,low,1,0.9007155299186707
62d2a3b5c43c2ff741103a2a8bfe2ebf6991337006caa03ab823243c8eb1cae4,data/datasets/sid-set/candidate-1500/images/fake/62d2a3b5c43c2ff741103a2a8bfe2ebf6991337006caa03ab823243c8eb1cae4.png,low,1,0.934684157371521
62d34db299932bcc9cd3ac5aff116698e579e9468d711f5e2ba044b70d4577e1,data/datasets/openfake/pilot-600/images/fake/62d34db299932bcc9cd3ac5aff116698e579e9468d711f5e2ba044b70d4577e1.png,low,1,0.8931302428245544
6302fc45b66e8edecec30b745b4c49971e5487938b63515bb3281b3e42160bde,data/datasets/sid-set/candidate-1500/images/fake/6302fc45b66e8edecec30b745b4c49971e5487938b63515bb3281b3e42160bde.png,low,1,0.8962580561637878
63421c317e9b92d2ce48a0b71418d30afe7d560fb47387558ed49efb6c468cd9,data/datasets/sid-set/candidate-1500/images/real/63421c317e9b92d2ce48a0b71418d30afe7d560fb47387558ed49efb6c468cd9.jpg,low,0,0.4719148278236389
63d7865d87da067fb24617166bc8dcc90dc1f7faa917346fc3f7c0747709e3f4,data/datasets/sid-set/candidate-1500/images/fake/63d7865d87da067fb24617166bc8dcc90dc1f7faa917346fc3f7c0747709e3f4.png,low,1,0.9906028509140015
64543249e02f16b04ca96069bc481af9a8b71f5fa7fa270f6581eff9581014a9,data/datasets/openfake/additional-900/images/real/64543249e02f16b04ca96069bc481af9a8b71f5fa7fa270f6581eff9581014a9.jpg,low,0,0.014247230254113674
649d258031226ee739fcd4b411182e18099676bc2cbc83a1a3cc73ab399192c9,data/datasets/sid-set/candidate-1500/images/real/649d258031226ee739fcd4b411182e18099676bc2cbc83a1a3cc73ab399192c9.jpg,low,0,0.5117228627204895
64b32851cf7610a6725d4325315dc7df8ae079fad6931102a2957a42f63e133b,data/datasets/RRDataset/selection_1500/giovanni/real/real_008270.jpg,low,0,0.9918564558029175
64b9436c30dff085335c7686ba925335eaa15a6ab2cfcfba774cdb15007e7787,data/datasets/sid-set/candidate-1500/images/fake/64b9436c30dff085335c7686ba925335eaa15a6ab2cfcfba774cdb15007e7787.png,low,1,0.9835928678512573
64e6bb1101dc3d0a513c1730d71644058ff961c2218f1644dd2a6febd3c0b5ef,data/datasets/RRDataset/selection_1500/sara/real/real_002825.jpg,low,0,0.5831586718559265
653496e0b05c19dcd1ddc944e0ba065bce354ada9e084d54d6923cc4df542809,data/datasets/RRDataset/selection_1500/lorenzo/ai/production_000854.png,low,1,0.9991979002952576
656c6d653b361c1f1cf66cbba68e2fd0efab8ad24a62548af77f42abc9760b15,data/datasets/sid-set/candidate-1500/images/real/656c6d653b361c1f1cf66cbba68e2fd0efab8ad24a62548af77f42abc9760b15.jpg,low,0,0.643086850643158
65915b5bce38beed603f025a2c675ca18b72ab5b065b7f069af2578062a3106e,data/datasets/sid-set/candidate-1500/images/fake/65915b5bce38beed603f025a2c675ca18b72ab5b065b7f069af2578062a3106e.png,low,1,0.999503493309021
659330a1f2249c111d7d4c9e85f34b9b1e57def3f8b4e13e85498914b29f8061,data/datasets/sid-set/candidate-1500/images/real/659330a1f2249c111d7d4c9e85f34b9b1e57def3f8b4e13e85498914b29f8061.jpg,low,0,0.8291833996772766
65dd5ce1b90f73808f8b19456d70aa35b95eef26d213b34cee35cfa3f74ffcd6,data/datasets/sid-set/candidate-1500/images/real/65dd5ce1b90f73808f8b19456d70aa35b95eef26d213b34cee35cfa3f74ffcd6.jpg,low,0,0.011338701471686363
661465c0051cc2a32b7e0308728f2680b4bac2bc745cebc9ba670262d26d9684,data/datasets/openfake/additional-900/images/fake/661465c0051cc2a32b7e0308728f2680b4bac2bc745cebc9ba670262d26d9684.png,low,1,0.979901909828186
6620796d29f788aee268e3f412385e011bb4d7bec735e6c93781555e38096743,data/datasets/RRDataset/selection_1500/giovanni/real/real_003602.jpg,low,0,0.9541628956794739
67327cf80c807aded2cdc3de3f07c8db1f6e420e650a52c0665b137f696aeb6d,data/datasets/RRDataset/selection_1500/giovanni/real/real_007934.jpg,low,0,0.4528479278087616
673e22fe4de49eb8d349c55010c64daec7b10f5bee7a5dcb304c21f3ef13bf34,data/datasets/RRDataset/selection_1500/lorenzo/real/real_004709.jpg,low,0,0.975678563117981
68310eebd324d08d87dc199636a5b118312dc7d086696d0cc88a243a033bf437,data/datasets/openfake/additional-900/images/real/68310eebd324d08d87dc199636a5b118312dc7d086696d0cc88a243a033bf437.png,low,0,0.8965715765953064
68744dbcca42c640f20fca1d3e209eea8516e8796f6b1506f1107a3e745b3867,data/datasets/openfake/additional-900/images/real/68744dbcca42c640f20fca1d3e209eea8516e8796f6b1506f1107a3e745b3867.jpg,low,0,0.03231228142976761
689efe8e89302b0ae81cf020a5c4646078c804f56ff5bf55ab011f3e0fd14ac4,data/datasets/sid-set/candidate-1500/images/fake/689efe8e89302b0ae81cf020a5c4646078c804f56ff5bf55ab011f3e0fd14ac4.png,low,1,0.9856951832771301
69043932aeb8e7996820ea96f3d2af8587a6180b83fc90f275acaa022529507d,data/datasets/sid-set/candidate-1500/images/fake/69043932aeb8e7996820ea96f3d2af8587a6180b83fc90f275acaa022529507d.png,low,1,0.648264467716217
693ba2c39e5fe30924b39b31770a389ba5fe069bbefdcc89f8598cd0cdd91e91,data/datasets/sid-set/candidate-1500/images/fake/693ba2c39e5fe30924b39b31770a389ba5fe069bbefdcc89f8598cd0cdd91e91.png,low,1,0.9847361445426941
69448d1017a30916f777a96e9ff75c7be1236691dad3401a6c1fb161cfee11ff,data/datasets/sid-set/candidate-1500/images/fake/69448d1017a30916f777a96e9ff75c7be1236691dad3401a6c1fb161cfee11ff.png,low,1,0.9549168944358826
69c137cbe2067bb202aaad547c357ef2ff831f099ad15ab356ff2648ed16e8fb,data/datasets/sid-set/candidate-1500/images/fake/69c137cbe2067bb202aaad547c357ef2ff831f099ad15ab356ff2648ed16e8fb.png,low,1,0.967366099357605
69de0c6e7d3ca10c8360280395826c018a2253ca47e0dc859d5e48194feda47d,data/datasets/sid-set/candidate-1500/images/fake/69de0c6e7d3ca10c8360280395826c018a2253ca47e0dc859d5e48194feda47d.png,low,1,0.7201681733131409
6a33285abbc3d5846597b6619fb4474a27b840622dd3f4d4879a8b4d91c3f426,data/datasets/sid-set/candidate-1500/images/fake/6a33285abbc3d5846597b6619fb4474a27b840622dd3f4d4879a8b4d91c3f426.png,low,1,0.7911299467086792
6a7c1c271c979f90de66842f8030b0f2d0ec75c40e6b39218918b87b0c871f23,data/datasets/RRDataset/selection_1500/lorenzo/ai/normal_007261.png,low,1,0.871947705745697
6b3c4dfb860a050748c40524258998b7e96b7e458f87092af8806663d69575bb,data/datasets/sid-set/candidate-1500/images/fake/6b3c4dfb860a050748c40524258998b7e96b7e458f87092af8806663d69575bb.png,low,1,0.7869696021080017
6b641e123f139078d2ebfff7d6c6c94ff77150c8c843e8fe3af09b1cb72df2a4,data/datasets/sid-set/candidate-1500/images/fake/6b641e123f139078d2ebfff7d6c6c94ff77150c8c843e8fe3af09b1cb72df2a4.png,low,1,0.9948875308036804
6b8bacc9f94d462909208ca6cf017a8bceefaf5430341d7281b3d04aa3948bc2,data/datasets/openfake/additional-900/images/fake/6b8bacc9f94d462909208ca6cf017a8bceefaf5430341d7281b3d04aa3948bc2.jpg,low,1,0.8732094764709473
6bc00517739f4402e21a07f8482137fc5526052c50ac45d58672bdea3519fd23,data/datasets/RRDataset/selection_1500/giovanni/ai/Natural_Disasters_&_Accidents_000911.png,low,1,0.9954795837402344
6bc944cecbc1a01c868dd0129e46912a74111d34f14619257ee5c0262fbb93f7,data/datasets/sid-set/candidate-1500/images/fake/6bc944cecbc1a01c868dd0129e46912a74111d34f14619257ee5c0262fbb93f7.png,low,1,0.8783893585205078
6bcd11902bf1280b150d17934d4c8997bd89cfbc1560db92bcee1369006573d1,data/datasets/sid-set/candidate-1500/images/fake/6bcd11902bf1280b150d17934d4c8997bd89cfbc1560db92bcee1369006573d1.png,low,1,0.7284202575683594
6bdaeb2357d4f167fb27501e85543ec69401a62659f73a07b4145afc7b99e4b2,data/datasets/sid-set/candidate-1500/images/fake/6bdaeb2357d4f167fb27501e85543ec69401a62659f73a07b4145afc7b99e4b2.png,low,1,0.7435433268547058
6c3c126e9083caf94ee2402d33924f28978a3e4eeaebf81caf86bcd3c9f9b3c4,data/datasets/sid-set/candidate-1500/images/real/6c3c126e9083caf94ee2402d33924f28978a3e4eeaebf81caf86bcd3c9f9b3c4.jpg,low,0,0.07148399204015732
6c8ea1c7f942c0f08ceaefd7bcc9497765361360dd7629099ecb9e5fe8176a68,data/datasets/RRDataset/selection_1500/sara/ai/normal_007488.png,low,1,0.9981428384780884
6cb4850112a0aff78a8d8ddb5eed2e4a90ff6477a4b99792bebef518295f0e02,data/datasets/openfake/additional-900/images/real/6cb4850112a0aff78a8d8ddb5eed2e4a90ff6477a4b99792bebef518295f0e02.jpg,low,0,0.7935730218887329
6d1be0a2476b458f1efcb10f69ce39497b2bbd3f17d66e49bcd5789efefc0fc7,data/datasets/RRDataset/selection_1500/giovanni/ai/normal_008597.png,low,1,0.9911729693412781
6d2e4f96404cc20df76574797024769eb6ab7d95de8b9e8e991c7acf3211f8d0,data/datasets/sid-set/candidate-1500/images/fake/6d2e4f96404cc20df76574797024769eb6ab7d95de8b9e8e991c7acf3211f8d0.png,low,1,0.9681833982467651
6d3f50e988c6f57b936f67737f72fcbafc1f74973178ba11f5a8573cc3b628e0,data/datasets/openfake/pilot-600/images/real/6d3f50e988c6f57b936f67737f72fcbafc1f74973178ba11f5a8573cc3b628e0.jpg,low,0,0.8433245420455933
6d6c7c1d26a4855156cc8bcb735dbf23eb710ed98d1a8a54444ce5a2b929e5f9,data/datasets/sid-set/candidate-1500/images/real/6d6c7c1d26a4855156cc8bcb735dbf23eb710ed98d1a8a54444ce5a2b929e5f9.jpg,low,0,0.9951725602149963
6db0b19851b9689afb94cf854593614471a82ddd6b781a89d2b391a6c9be3d7a,data/datasets/openfake/pilot-600/images/fake/6db0b19851b9689afb94cf854593614471a82ddd6b781a89d2b391a6c9be3d7a.jpg,low,1,0.704785168170929
6dcfbc763efc415c1819150828efcb3ab75dd620b0c2a5c280224ae17452913f,data/datasets/RRDataset/selection_1500/lorenzo/real/real_001709.jpg,low,0,0.9739106297492981
6e12a0b8df430ef97a2ba87be70490e13adcd0aeb114a2355068e1629bef1d7a,data/datasets/openfake/additional-900/images/fake/6e12a0b8df430ef97a2ba87be70490e13adcd0aeb114a2355068e1629bef1d7a.png,low,1,0.22228285670280457
6e191d310c71a7293dafbe290297e35053d23a9b97094e92fdd59898c2ec841b,data/datasets/RRDataset/selection_1500/giovanni/ai/normal_006734.jpg,low,1,0.9375474452972412
6e5e780ec57c887e38970954e1d6f1c5e62eaf249c34b8aa5b1d1a0628b6c08e,data/datasets/sid-set/candidate-1500/images/real/6e5e780ec57c887e38970954e1d6f1c5e62eaf249c34b8aa5b1d1a0628b6c08e.jpg,low,0,0.8445013165473938
6ed882855088926bcfb8eb3db9cc42c2c63637d23d8d830a64b22a8d299b1a69,data/datasets/sid-set/candidate-1500/images/fake/6ed882855088926bcfb8eb3db9cc42c2c63637d23d8d830a64b22a8d299b1a69.png,low,1,0.9203307628631592
6efe31afb087b7a213ea48b5baaa1b278b499d75ad9ce3fb6a64ba98055484c9,data/datasets/openfake/additional-900/images/fake/6efe31afb087b7a213ea48b5baaa1b278b499d75ad9ce3fb6a64ba98055484c9.png,low,1,0.9938706159591675
6f5b55f54d93f096b1062d9634334f25087d69408dac29a1f34e65687c5f0d66,data/datasets/RRDataset/selection_1500/lorenzo/real/real_003620.jpg,low,0,0.9907283782958984
6f749dd6cfba1f5d6a218179311622493a468c60ef1ff8337b0fc783f9c397d5,data/datasets/openfake/pilot-600/images/fake/6f749dd6cfba1f5d6a218179311622493a468c60ef1ff8337b0fc783f9c397d5.jpg,low,1,0.975909411907196
6f75bf091e1993e35dc86e628bc17853a72347896a2c14dd9b65e45126a3c45e,data/datasets/sid-set/candidate-1500/images/fake/6f75bf091e1993e35dc86e628bc17853a72347896a2c14dd9b65e45126a3c45e.png,low,1,0.9866467714309692
6f80ce0f10889d499c1c0de0695b53d95d2bfb61143b1ed92824dfe02a66156b,data/datasets/openfake/additional-900/images/fake/6f80ce0f10889d499c1c0de0695b53d95d2bfb61143b1ed92824dfe02a66156b.png,low,1,0.9987142086029053
6f871c3c64e0f4f05d4c6991d148b365348e5d7b1229f58087c38e4a2e6322fa,data/datasets/openfake/additional-900/images/fake/6f871c3c64e0f4f05d4c6991d148b365348e5d7b1229f58087c38e4a2e6322fa.png,low,1,0.8663666248321533
6fb7195d5a54bba2928a575369ec5d2b29fa14e128eed97dd03213138613b66d,data/datasets/sid-set/candidate-1500/images/real/6fb7195d5a54bba2928a575369ec5d2b29fa14e128eed97dd03213138613b66d.jpg,low,0,0.09921346604824066
6ffc0f0fc68804ef0520def60205f0ea9e39db0e685ba1ecc0c426fb9fa452a6,data/datasets/sid-set/candidate-1500/images/real/6ffc0f0fc68804ef0520def60205f0ea9e39db0e685ba1ecc0c426fb9fa452a6.jpg,low,0,0.5086430907249451
7004758cf10d44a3b406b1533382775a99f47d5f87e87646dbf72190ac7ccbbd,data/datasets/openfake/additional-900/images/real/7004758cf10d44a3b406b1533382775a99f47d5f87e87646dbf72190ac7ccbbd.png,low,0,0.8460565805435181
70210097a9375d45c49262416ca86f599677b5ff7d1ee47a9acb85d9d552f9e5,data/datasets/openfake/additional-900/images/real/70210097a9375d45c49262416ca86f599677b5ff7d1ee47a9acb85d9d552f9e5.jpg,low,0,0.37065038084983826
7144d5e3186fd9f708242c10455ec0f93e81998ebb924060557ba43d5d7c9b74,data/datasets/sid-set/candidate-1500/images/fake/7144d5e3186fd9f708242c10455ec0f93e81998ebb924060557ba43d5d7c9b74.png,low,1,0.9695968627929688
7155486bc956d86ec08291b1d5fd412b37bdc9bb7812eeb04e7f040383f855e9,data/datasets/openfake/additional-900/images/fake/7155486bc956d86ec08291b1d5fd412b37bdc9bb7812eeb04e7f040383f855e9.png,low,1,0.8864231705665588
71bc95f877b9586d8d8d92c9f7db77424b595c4c5110d4a53ad0fb8cda601144,data/datasets/openfake/additional-900/images/fake/71bc95f877b9586d8d8d92c9f7db77424b595c4c5110d4a53ad0fb8cda601144.jpg,low,1,0.03544895723462105
725ffd38b9191d1d92f27bf9d99963531af43ae978d477947a9a93c018c5a4c9,data/datasets/openfake/additional-900/images/real/725ffd38b9191d1d92f27bf9d99963531af43ae978d477947a9a93c018c5a4c9.jpg,low,0,0.04493444785475731
729db014ea5dce9407544b23d5ca383de8bd0aea4f15e10c0f4eef099199aacf,data/datasets/RRDataset/selection_1500/giovanni/real/real_001322.jpg,low,0,0.5927188992500305
72dcf37742f15e59380689af91c0dc2b04db0cd3c4d7d548eb743a5ee03a4916,data/datasets/openfake/additional-900/images/real/72dcf37742f15e59380689af91c0dc2b04db0cd3c4d7d548eb743a5ee03a4916.jpg,low,0,0.0014644376933574677
7311cb770224aa8b75a8d9adfb094213c88c026cbc9b27856f9d162ec5150cec,data/datasets/openfake/additional-900/images/real/7311cb770224aa8b75a8d9adfb094213c88c026cbc9b27856f9d162ec5150cec.jpg,low,0,0.0015829764306545258
733ee6ab3dff70235856bb9eaa614767f66a0b695634488a3c89cb3b19286cc0,data/datasets/openfake/pilot-600/images/fake/733ee6ab3dff70235856bb9eaa614767f66a0b695634488a3c89cb3b19286cc0.jpg,low,1,0.6028098464012146
73627aa8f931e00a4934ade6dd22e8c37b477febfe14302eff30a92899bf9654,data/datasets/openfake/additional-900/images/fake/73627aa8f931e00a4934ade6dd22e8c37b477febfe14302eff30a92899bf9654.webp,low,1,0.06650950759649277
736a5a2bfa29ad16a361af483deeadc73b9a714af7a411ed90fc331826aae432,data/datasets/openfake/additional-900/images/fake/736a5a2bfa29ad16a361af483deeadc73b9a714af7a411ed90fc331826aae432.png,low,1,0.7924139499664307
73ace201487ffe965dbb064b575a6d8064280b48a9e98d7e1a7534ee7944f10d,data/datasets/sid-set/candidate-1500/images/real/73ace201487ffe965dbb064b575a6d8064280b48a9e98d7e1a7534ee7944f10d.jpg,low,0,0.9379863739013672
73cf1562f92a78833246c93951ed647b91167a12598a826aa969d749785f863e,data/datasets/RRDataset/selection_1500/giovanni/ai/normal_007973.png,low,1,0.9883467555046082
73d3afcf8c06b05d707fbbfb31f685a479eb22fabe7335bba0ae01549b01fc17,data/datasets/RRDataset/selection_1500/lorenzo/real/real_008917.jpg,low,0,0.8707432150840759
73f01f5a02da5c17587120f293537d7360da207f3e7e717184b4bddeb4a9eca7,data/datasets/openfake/additional-900/images/fake/73f01f5a02da5c17587120f293537d7360da207f3e7e717184b4bddeb4a9eca7.png,low,1,0.961236834526062
74198b8fa4109520ef64b8a68f3c5685ac29685c59e16541b7dd18acacc53b9e,data/datasets/sid-set/candidate-1500/images/real/74198b8fa4109520ef64b8a68f3c5685ac29685c59e16541b7dd18acacc53b9e.jpg,low,0,0.7540138363838196
74339d444392b3c1245f996a14d340b4b4afcdd6e1a751759ec6e61fd16e4f44,data/datasets/openfake/additional-900/images/fake/74339d444392b3c1245f996a14d340b4b4afcdd6e1a751759ec6e61fd16e4f44.png,low,1,0.9999220371246338
74c1953e708c974092f9498bd6ca2d12862b26c48139f4724d5f26d95668ce60,data/datasets/sid-set/candidate-1500/images/fake/74c1953e708c974092f9498bd6ca2d12862b26c48139f4724d5f26d95668ce60.png,low,1,0.9738743305206299
74c48f374b92ddf4a32a47a885fe0deb55e89f30b7e17e7ec722eb6aafcf5674,data/datasets/RRDataset/selection_1500/giovanni/ai/Natural_Disasters_&_Accidents_000336.png,low,1,0.8361110091209412
74d8e13891d647f066cab3cd3fec7a85257ce5ac8b7d5a267d1107eced6bf6d2,data/datasets/RRDataset/selection_1500/giovanni/ai/production_000746.png,low,1,0.9877511262893677
74eea140d46b745f321641b6e37b55aa97e8c6b54b02440d7585c539f0a2c0dc,data/datasets/openfake/pilot-600/images/real/74eea140d46b745f321641b6e37b55aa97e8c6b54b02440d7585c539f0a2c0dc.jpg,low,0,0.0011960947886109352
7526b7cc75a534b8fd7eaef239d2b051892b9d90738b45eb7f4fe7e8513d27a9,data/datasets/openfake/additional-900/images/fake/7526b7cc75a534b8fd7eaef239d2b051892b9d90738b45eb7f4fe7e8513d27a9.png,low,1,0.7948184013366699
75932facc3e74a85c1d4d2c8852e48b1f2cf9f429960d03738578275b10c7bba,data/datasets/RRDataset/selection_1500/lorenzo/ai/normal_007690.png,low,1,0.9954174757003784
7599d0f0117a5a947de5d92d6c81a53938547a978ccd10db8330ed13cbbd72c6,data/datasets/openfake/additional-900/images/real/7599d0f0117a5a947de5d92d6c81a53938547a978ccd10db8330ed13cbbd72c6.jpg,low,0,0.5702083706855774
7618c58f76e45ece7ad2dcc9f7ea2fa764f1aa6ff6ab6aaa204ebb5a855f224c,data/datasets/RRDataset/selection_1500/giovanni/real/real_008256.jpg,low,0,0.9910723567008972
764cf27cf7e0364dea1f13bc9a0118631c626d3e89f231089feb64499c935d70,data/datasets/openfake/pilot-600/images/fake/764cf27cf7e0364dea1f13bc9a0118631c626d3e89f231089feb64499c935d70.png,low,1,0.9927077889442444
767fbae07f5b472811c513c212c8bc8e1b1346e7be6e70cdd8a7d1f28caf2a57,data/datasets/sid-set/candidate-1500/images/real/767fbae07f5b472811c513c212c8bc8e1b1346e7be6e70cdd8a7d1f28caf2a57.jpg,low,0,0.27684396505355835
769d4559798c3ec6e67392cd08fe52ec2a276830a3420bdcb48a5abea962071b,data/datasets/RRDataset/selection_1500/sara/ai/Medical_&_Public_Health_000562.png,low,1,0.9786538481712341
77177c991b13748ef87eafd59f19805f8f98d09145505b3619f561d84d0260d2,data/datasets/openfake/additional-900/images/fake/77177c991b13748ef87eafd59f19805f8f98d09145505b3619f561d84d0260d2.jpg,low,1,0.024501755833625793
7735880ee022eed0d45301631f2d5f39dea00d6b517f27424119c7c7e5c0a696,data/datasets/sid-set/candidate-1500/images/real/7735880ee022eed0d45301631f2d5f39dea00d6b517f27424119c7c7e5c0a696.jpg,low,0,0.35339778661727905
77af1aec3ee0f841c61b080be270d518a68fb78a1dd14cd2d32bae7962484cb8,data/datasets/openfake/pilot-600/images/fake/77af1aec3ee0f841c61b080be270d518a68fb78a1dd14cd2d32bae7962484cb8.png,low,1,0.998275637626648
77c37d0d40b56b32a3bc8cdb92c99f7fc4a6ef29b81f8dcdb45560d65739d52b,data/datasets/sid-set/candidate-1500/images/real/77c37d0d40b56b32a3bc8cdb92c99f7fc4a6ef29b81f8dcdb45560d65739d52b.jpg,low,0,0.041050054132938385
77dfa0d7abc2e44d1956ad4e2d782d9d4fbec12d69a640ca6d501b39a1a5ff60,data/datasets/sid-set/candidate-1500/images/real/77dfa0d7abc2e44d1956ad4e2d782d9d4fbec12d69a640ca6d501b39a1a5ff60.jpg,low,0,0.2016812115907669
783906ac73c518a9bd63ef7926f3511b66060e3c8813112873bbe86055adb218,data/datasets/sid-set/candidate-1500/images/fake/783906ac73c518a9bd63ef7926f3511b66060e3c8813112873bbe86055adb218.png,low,1,0.9834287762641907
78a2deef48bb0d458b7ab27ef4a4e10ac87efdec6752b4ac709b80a6bb115e88,data/datasets/openfake/pilot-600/images/fake/78a2deef48bb0d458b7ab27ef4a4e10ac87efdec6752b4ac709b80a6bb115e88.jpg,low,1,0.07127539813518524
78b3daf075af0c606ea9808912abcb54558b427ebc212d72efc7c62b69b6936f,data/datasets/openfake/additional-900/images/real/78b3daf075af0c606ea9808912abcb54558b427ebc212d72efc7c62b69b6936f.jpg,low,0,0.32637864351272583
78c9f37a9432bf04aae6b181735b22ce30c105bcf6c516363135cb582a81a9c6,data/datasets/openfake/additional-900/images/fake/78c9f37a9432bf04aae6b181735b22ce30c105bcf6c516363135cb582a81a9c6.jpg,low,1,0.9254740476608276
79a2ca2c7c5516febe7bd8c812b2ef770d9de3857b4d2a13979ba4c4c46139f2,data/datasets/sid-set/candidate-1500/images/fake/79a2ca2c7c5516febe7bd8c812b2ef770d9de3857b4d2a13979ba4c4c46139f2.png,low,1,0.9846740961074829
7a1333dda46b7db2b2a86021863eb54aa43cdff46f7ea285be8c64f4593879c6,data/datasets/openfake/additional-900/images/fake/7a1333dda46b7db2b2a86021863eb54aa43cdff46f7ea285be8c64f4593879c6.jpg,low,1,0.2049986571073532
7a23cc6241603203e26651f582ef143e66c9f34949d44c2ff3b7ef2c3de7ade2,data/datasets/openfake/pilot-600/images/real/7a23cc6241603203e26651f582ef143e66c9f34949d44c2ff3b7ef2c3de7ade2.jpg,low,0,0.9190161228179932
7a834e6ae1072b1f410cd47dd08d4294a8754b898b6478cb5c905bfdea5c2059,data/datasets/sid-set/candidate-1500/images/fake/7a834e6ae1072b1f410cd47dd08d4294a8754b898b6478cb5c905bfdea5c2059.png,low,1,0.9405766129493713
7a893e70eda2725a305d77ebc17fe0ead981b08fe9af4bb28eb23abe10c6338e,data/datasets/RRDataset/selection_1500/sara/real/real_001527.jpg,low,0,0.940077006816864
7b2a1ca4a51a0c7fa61962c0d7b39ba61676a7ad961e44142f95938fb68915cc,data/datasets/openfake/additional-900/images/fake/7b2a1ca4a51a0c7fa61962c0d7b39ba61676a7ad961e44142f95938fb68915cc.webp,low,1,0.26682084798812866
7b309bc07eb0d8264784dffbb8fbda82bbc86c55843b07c593aa06ad590eee8c,data/datasets/RRDataset/selection_1500/giovanni/ai/Natural_Disasters_&_Accidents_000952.png,low,1,0.6455187201499939
7b367b9d26641f1af525bb035347e524a96e3aa9cf313d7a418edcde947d5f6a,data/datasets/sid-set/candidate-1500/images/fake/7b367b9d26641f1af525bb035347e524a96e3aa9cf313d7a418edcde947d5f6a.png,low,1,0.9840925931930542
7b5e2ccee5129a916f8a7d188e0fe3f459a9f288cc15952f4eb1029b536eded5,data/datasets/sid-set/candidate-1500/images/fake/7b5e2ccee5129a916f8a7d188e0fe3f459a9f288cc15952f4eb1029b536eded5.png,low,1,0.9023326635360718
7b63d57f9d84013367d2e71ddc702543b8aec657c93ebecfae6a0bbadc843229,data/datasets/sid-set/candidate-1500/images/fake/7b63d57f9d84013367d2e71ddc702543b8aec657c93ebecfae6a0bbadc843229.png,low,1,0.9976338148117065
7b716578066f6aae70850d82a67c81f43ce453a2171069a9f7c54152f1a0c315,data/datasets/sid-set/candidate-1500/images/real/7b716578066f6aae70850d82a67c81f43ce453a2171069a9f7c54152f1a0c315.jpg,low,0,0.9671369194984436
7b9780fbc4e2f721837586a2f908b063c93c1b5883b3ab1e5dc0326aaf5262bd,data/datasets/sid-set/candidate-1500/images/real/7b9780fbc4e2f721837586a2f908b063c93c1b5883b3ab1e5dc0326aaf5262bd.jpg,low,0,0.9911974668502808
7bc7f7f363c91b0d26c775e6d5011125297783cad1be47c4d773ad49f9b0821c,data/datasets/RRDataset/selection_1500/sara/real/real_009983.jpg,low,0,0.6328543424606323
7bd10ce59dad8c908448c18374d8e51baa10a3902d81f69331bdcea4c0739685,data/datasets/openfake/additional-900/images/fake/7bd10ce59dad8c908448c18374d8e51baa10a3902d81f69331bdcea4c0739685.png,low,1,0.433134526014328
7c2d679e29d758accffaedc9a632ccb8750a83adbb8a32cb32080ab5e77d833d,data/datasets/openfake/additional-900/images/real/7c2d679e29d758accffaedc9a632ccb8750a83adbb8a32cb32080ab5e77d833d.jpg,low,0,0.5314838886260986
7c439c8883a6b87d25a46f0f53bd3a11bb0c0c1079d140eed77a59c1dc35007e,data/datasets/openfake/pilot-600/images/real/7c439c8883a6b87d25a46f0f53bd3a11bb0c0c1079d140eed77a59c1dc35007e.jpg,low,0,1.3172240869607776e-05
7c44932e5efc93234dce877a94e0bbbb81a53662fa5ffabba5dc5f05fe7cdf51,data/datasets/openfake/additional-900/images/fake/7c44932e5efc93234dce877a94e0bbbb81a53662fa5ffabba5dc5f05fe7cdf51.jpg,low,1,0.766208291053772
7c8b3aa6ed027429c9c2a298eae27be5d5c1ae92ccf1d0cb6956edcb9c62aa82,data/datasets/sid-set/candidate-1500/images/fake/7c8b3aa6ed027429c9c2a298eae27be5d5c1ae92ccf1d0cb6956edcb9c62aa82.png,low,1,0.9933350086212158
7cd7cb1045dcc0486584c08362507f26a7dcbd52e667e30ee5b979bd7159ef66,data/datasets/RRDataset/selection_1500/lorenzo/ai/normal_007835.png,low,1,0.9456321001052856
7d256d65c45c1d3de762423dd39a64d88930e3b66c1abe5e80c63295e6b9e939,data/datasets/sid-set/candidate-1500/images/fake/7d256d65c45c1d3de762423dd39a64d88930e3b66c1abe5e80c63295e6b9e939.png,low,1,0.9365837574005127
7d2ec51b5c74451b99a61f8130080e31103ec340bfb5df3dc0ca39ac18c071f5,data/datasets/sid-set/candidate-1500/images/real/7d2ec51b5c74451b99a61f8130080e31103ec340bfb5df3dc0ca39ac18c071f5.jpg,low,0,0.9801049828529358
7d58ceed40854a8e49084cf3315b7c6035f460b8076f04aa63a1b456cef56bae,data/datasets/openfake/pilot-600/images/real/7d58ceed40854a8e49084cf3315b7c6035f460b8076f04aa63a1b456cef56bae.jpg,low,0,0.463943749666214
7d5c445945a18289de631b239f8e6420dbb1aab05d82d81e94d585dee5a2dcfe,data/datasets/RRDataset/selection_1500/sara/real/real_004616.jpg,low,0,0.9853174090385437
7def9aa265de43b7b63c5643fabeab28c4505f4e23105f66366e10c80b632b12,data/datasets/sid-set/candidate-1500/images/real/7def9aa265de43b7b63c5643fabeab28c4505f4e23105f66366e10c80b632b12.jpg,low,0,0.3156566619873047
7e3698847175a94e34fc077a0a4ceb414b995225fc9ad7c391bc4ab432f0a55d,data/datasets/sid-set/candidate-1500/images/real/7e3698847175a94e34fc077a0a4ceb414b995225fc9ad7c391bc4ab432f0a55d.jpg,low,0,0.5510632991790771
7e42c96d500392c5afbefe5dfbae8313cee5619a920475647f113d881f30e0aa,data/datasets/sid-set/candidate-1500/images/real/7e42c96d500392c5afbefe5dfbae8313cee5619a920475647f113d881f30e0aa.jpg,low,0,0.9529973864555359
7e4e4e6a270a0745ab1328c23bd4ae8ef23569e769d4939a5e4b8d8f2ff171c8,data/datasets/sid-set/candidate-1500/images/fake/7e4e4e6a270a0745ab1328c23bd4ae8ef23569e769d4939a5e4b8d8f2ff171c8.png,low,1,0.8801586627960205
7e75f518f0d74747440a0315768ef16634b8834db82c6c1ed39c3434261a8163,data/datasets/sid-set/candidate-1500/images/real/7e75f518f0d74747440a0315768ef16634b8834db82c6c1ed39c3434261a8163.jpg,low,0,0.6896132826805115
7e7f52898928373fc00ad18d4586f036bd1cd067760e3acd190cf137609724da,data/datasets/sid-set/candidate-1500/images/fake/7e7f52898928373fc00ad18d4586f036bd1cd067760e3acd190cf137609724da.png,low,1,0.9714719653129578
7eaf5416cf05afef42d628f719a7aefd2e04a153c231e06a41d4a01c5d5cefb7,data/datasets/sid-set/candidate-1500/images/fake/7eaf5416cf05afef42d628f719a7aefd2e04a153c231e06a41d4a01c5d5cefb7.png,low,1,0.936863362789154
7ed2a6661f9f57f421dbf873401c2e7445eb7f67f761cb2c4ffba83ccc555249,data/datasets/RRDataset/selection_1500/giovanni/real/real_009572.jpg,low,0,0.47031769156455994
7ee60c29ea261f440ac29d67097abbcd7752d75a3f0a4b5dd555c4303b0163cd,data/datasets/RRDataset/selection_1500/lorenzo/real/real_001960.jpg,low,0,0.9805814027786255
7ef1445d28dc4eb025a6863094e7e36dbc23a6ca0b3770b9bb861db35b9578e2,data/datasets/sid-set/candidate-1500/images/real/7ef1445d28dc4eb025a6863094e7e36dbc23a6ca0b3770b9bb861db35b9578e2.jpg,low,0,0.41209086775779724
7fc4cb8d909eb12ef737d61f25e3bd663245c15273f961fcee6309ed49a950da,data/datasets/RRDataset/selection_1500/sara/real/real_004881.jpg,low,0,0.8222290277481079
7fd085b1087eee2bcfac268a7cadddcab79c158b02c72c8bc8a5e0ea02ea5fbc,data/datasets/sid-set/candidate-1500/images/fake/7fd085b1087eee2bcfac268a7cadddcab79c158b02c72c8bc8a5e0ea02ea5fbc.png,low,1,0.9595470428466797
7ffc45f3e4a6b2f288141d11373cfd3d278d5ccfb8a833a7c952289182085db4,data/datasets/openfake/pilot-600/images/real/7ffc45f3e4a6b2f288141d11373cfd3d278d5ccfb8a833a7c952289182085db4.jpg,low,0,0.9675887227058411
8025c9b6a1ff2ba9a5175bdbbff9cdcaae0631b5fb5da82bc51772fbdabb8191,data/datasets/RRDataset/selection_1500/lorenzo/ai/Natural_Disasters_&_Accidents_000764.png,low,1,0.9425953030586243
8045c389f5f33d57d42856e23b03591a84a5dffeac4a9f2017a7f0ef5ad5dc7f,data/datasets/openfake/pilot-600/images/fake/8045c389f5f33d57d42856e23b03591a84a5dffeac4a9f2017a7f0ef5ad5dc7f.jpg,low,1,0.08765565603971481
809a9566e00a34e70bc7fb1e9af06a439b5408e92a0922a4cbb93321965fa776,data/datasets/RRDataset/selection_1500/lorenzo/ai/normal_007701.png,low,1,0.9978694915771484
80a63a2e2c633602cb314f7b3f062cec750d7f88fa7baefd7e4c8251c0713436,data/datasets/RRDataset/selection_1500/lorenzo/real/real_009246.jpg,low,0,0.016382597386837006
80b6f407808ba28b0d8c6e09f3adace9a4408da9535b72e493af26fca6aa4412,data/datasets/sid-set/candidate-1500/images/real/80b6f407808ba28b0d8c6e09f3adace9a4408da9535b72e493af26fca6aa4412.jpg,low,0,0.022883335128426552
80d67512de57c9f6de7c989d8d87002ca9a5aa9dd869967ac394758df5f19226,data/datasets/sid-set/candidate-1500/images/fake/80d67512de57c9f6de7c989d8d87002ca9a5aa9dd869967ac394758df5f19226.png,low,1,0.9812682271003723
80d6fce62f398cc4ee6ec0f9941e47cced21ee9fd91feb3d2286ad196fe6e6b5,data/datasets/openfake/pilot-600/images/real/80d6fce62f398cc4ee6ec0f9941e47cced21ee9fd91feb3d2286ad196fe6e6b5.jpg,low,0,0.5807145237922668
8130a9f2421ca018532ffda2360dac5591df5d040cce709e308b73e7312fcd78,data/datasets/sid-set/candidate-1500/images/real/8130a9f2421ca018532ffda2360dac5591df5d040cce709e308b73e7312fcd78.jpg,low,0,0.6253311038017273
816b3cebb6a491059bf8e50ade322f38f743b4773b93b53ee4c004490091cbf8,data/datasets/openfake/additional-900/images/fake/816b3cebb6a491059bf8e50ade322f38f743b4773b93b53ee4c004490091cbf8.png,low,1,0.998863697052002
81822208c22982c09859d63606aa8d1f6a0d0ade58f58a3b97dbe36a53d54c88,data/datasets/sid-set/candidate-1500/images/real/81822208c22982c09859d63606aa8d1f6a0d0ade58f58a3b97dbe36a53d54c88.jpg,low,0,0.9950409531593323
8199c70b3cc13ca4d209af3dbf0da1136a5d7de78dce8825244d5ddb9fa1a4e1,data/datasets/openfake/pilot-600/images/fake/8199c70b3cc13ca4d209af3dbf0da1136a5d7de78dce8825244d5ddb9fa1a4e1.jpg,low,1,0.8800714612007141
81ccccfcdaae9e42343367ab91c537c7e9b96e0075869fcdb4d8392d8aee3a64,data/datasets/sid-set/candidate-1500/images/real/81ccccfcdaae9e42343367ab91c537c7e9b96e0075869fcdb4d8392d8aee3a64.jpg,low,0,0.04271954298019409
8208dccff55599c743f76312b3c50bf824042b7ce64effe6d00ead12c3983c60,data/datasets/openfake/additional-900/images/fake/8208dccff55599c743f76312b3c50bf824042b7ce64effe6d00ead12c3983c60.png,low,1,0.9993509650230408
8211131b32e111268c791220b3df34bf4b8b8d37f8d49adfcd13d6d00b238ba0,data/datasets/openfake/pilot-600/images/fake/8211131b32e111268c791220b3df34bf4b8b8d37f8d49adfcd13d6d00b238ba0.jpg,low,1,0.835517168045044
822fdc738d6cd61073d8071e45aec697a7c8f945089c9235baa11a433dd09efe,data/datasets/sid-set/candidate-1500/images/real/822fdc738d6cd61073d8071e45aec697a7c8f945089c9235baa11a433dd09efe.jpg,low,0,0.08376230299472809
8241bbae3a5ea1bfef7a442ce2bf631b1636664f15461873bf633f6b774a4265,data/datasets/sid-set/candidate-1500/images/real/8241bbae3a5ea1bfef7a442ce2bf631b1636664f15461873bf633f6b774a4265.jpg,low,0,0.3790825307369232
827ee92e7ce27bacc1c6f6c8949e1a1f02e84b9c8ffbb3468a1424ee1e35590f,data/datasets/openfake/additional-900/images/real/827ee92e7ce27bacc1c6f6c8949e1a1f02e84b9c8ffbb3468a1424ee1e35590f.jpg,low,0,0.07022759318351746
82b4c1f74ca723a2429c0505141eb0cacd51881224fa6f676ff6854d1bd2bbdb,data/datasets/RRDataset/selection_1500/giovanni/ai/normal_008533.png,low,1,0.3911140263080597
831c8d273698b56f45bd6ba8ba055a8d180ba1854cd68f44ad79cf2ce5d64fa8,data/datasets/RRDataset/selection_1500/lorenzo/ai/Natural_Disasters_&_Accidents_000409.png,low,1,0.9474567770957947
8335254bd311247fa33b94afa01223395350a83d7258ec70ad0991b2b479d225,data/datasets/RRDataset/selection_1500/sara/ai/normal_009607.png,low,1,0.998177170753479
83cc0bdd89bbb3e14df3686fdb244236fbc0aeaa9a09a0792830fbb293df4fda,data/datasets/sid-set/candidate-1500/images/real/83cc0bdd89bbb3e14df3686fdb244236fbc0aeaa9a09a0792830fbb293df4fda.jpg,low,0,0.6664677262306213
83d76e9aa8f6829446e43eb8f744e3f2284d3675d9cff767bda4e94a622fbe22,data/datasets/sid-set/candidate-1500/images/fake/83d76e9aa8f6829446e43eb8f744e3f2284d3675d9cff767bda4e94a622fbe22.png,low,1,0.9986227750778198
8412d23ef47177cd9f62cceed7cae3ac9762b9a22a80072a64d285a3befb60d0,data/datasets/sid-set/candidate-1500/images/fake/8412d23ef47177cd9f62cceed7cae3ac9762b9a22a80072a64d285a3befb60d0.png,low,1,0.9698452949523926
851a88edaf7e9872409ecb227057439a32abd1c9b030ac6927021606bca52861,data/datasets/RRDataset/selection_1500/sara/real/real_003584.jpg,low,0,0.9782917499542236
851d83722549bc78e32c2cef8870777e338e7e80ae1aaef7b84a62a5131d262a,data/datasets/openfake/additional-900/images/real/851d83722549bc78e32c2cef8870777e338e7e80ae1aaef7b84a62a5131d262a.webp,low,0,0.9207215309143066
85989c54fdef514d1975e68615061c42653d086c46bdaabc23bbdb63ea1e6cce,data/datasets/RRDataset/selection_1500/sara/ai/normal_006279.jpg,low,1,0.27806368470191956
859d9ee06ce73cf28b418a2a902758a39896e43e57e8d49ec8ebe8f11ae9379e,data/datasets/sid-set/candidate-1500/images/real/859d9ee06ce73cf28b418a2a902758a39896e43e57e8d49ec8ebe8f11ae9379e.jpg,low,0,0.004131507594138384
85c1f1f0149b22c2ba5df5734d10fca4a29a9666b3154d186fc744ac04ae4d86,data/datasets/openfake/additional-900/images/real/85c1f1f0149b22c2ba5df5734d10fca4a29a9666b3154d186fc744ac04ae4d86.jpg,low,0,0.007503898348659277
861d97af00b1546ebf5d03e6dc8c7f85dfbfaa759f428d997d66b24abe3d1ec1,data/datasets/openfake/additional-900/images/real/861d97af00b1546ebf5d03e6dc8c7f85dfbfaa759f428d997d66b24abe3d1ec1.jpg,low,0,0.7882194519042969
862e6ba03bf1bfa91a809bd17d8b71daa7e3b83fc867ad9d5849ecbf3ba9c26b,data/datasets/RRDataset/selection_1500/giovanni/real/real_008431.jpg,low,0,0.07509955763816833
863dfebc0c197d795f45ab3ab8fdfb5d9fbe4214ecaedc36bb36f13d66ee1325,data/datasets/openfake/additional-900/images/fake/863dfebc0c197d795f45ab3ab8fdfb5d9fbe4214ecaedc36bb36f13d66ee1325.png,low,1,0.8189486265182495
86492403a8a5240b255106960c4c05c6f71a833e18e3555941140e72968c4433,data/datasets/sid-set/candidate-1500/images/fake/86492403a8a5240b255106960c4c05c6f71a833e18e3555941140e72968c4433.png,low,1,0.9966603517532349
87131d9f1aef580f9be4a680b50a35c714870d70c168dd88c3295c18f52116c1,data/datasets/openfake/additional-900/images/fake/87131d9f1aef580f9be4a680b50a35c714870d70c168dd88c3295c18f52116c1.jpg,low,1,0.0310998372733593
876879ff686df1e81c76ecebe9105c2e0e31b04334248069d26a7f9bc04541d5,data/datasets/RRDataset/selection_1500/giovanni/real/real_008502.jpg,low,0,0.5000208020210266
87a3b230bd0e45d37f872dee56b4af7fc39ce013758fc83eb0897a8233dbd0cc,data/datasets/openfake/additional-900/images/real/87a3b230bd0e45d37f872dee56b4af7fc39ce013758fc83eb0897a8233dbd0cc.jpg,low,0,0.00016576288908254355
87f17df13612ff7b28a4324e4dbdd50580e9e682d1c2712f1aaa5838dd7e0163,data/datasets/RRDataset/selection_1500/giovanni/real/real_004706.jpg,low,0,0.9731152653694153
88246a53a15621d7fbf6b5f9150530751cb77d15051e5924835d1e05d9de0468,data/datasets/sid-set/candidate-1500/images/fake/88246a53a15621d7fbf6b5f9150530751cb77d15051e5924835d1e05d9de0468.png,low,1,0.9190974831581116
885408d8ac40a04846fe84e2e55a0d5ec78ace473a3925cc82c0bbd74328741d,data/datasets/RRDataset/selection_1500/giovanni/ai/normal_007301.png,low,1,0.9734718203544617
88d8e613188803a6e6e4054e8c47b1d104dde5f43e9002a6d7e6eec7f0a6c101,data/datasets/RRDataset/selection_1500/giovanni/real/real_004962.jpg,low,0,0.8291931748390198
890067cff3afe525bdb8b736c8873ad7e2409d6af4b57b56511810e9abbe3516,data/datasets/RRDataset/selection_1500/lorenzo/real/real_006686.jpg,low,0,0.9212609529495239
8963cc9ee39493810a7eea4aa9dacb66a74778eca6a64efb52af630f633e3cc9,data/datasets/RRDataset/selection_1500/sara/real/real_001229.jpg,low,0,0.9758424162864685
8978c588e308bcc3053b0b7f8032fcd99809cdf08be928991641f9a2433f9106,data/datasets/RRDataset/selection_1500/giovanni/ai/normal_006874.jpg,low,1,0.9295454025268555
898c1c610020a651f0ab2610ea9e1c90c0b35ca73bd5a48ac722dd538a125b81,data/datasets/sid-set/candidate-1500/images/fake/898c1c610020a651f0ab2610ea9e1c90c0b35ca73bd5a48ac722dd538a125b81.png,low,1,0.9569603204727173
89b8ef86f2024b0b07fff7ee0d0cdd77e161d440dffb8139a153fe21e55d9e38,data/datasets/RRDataset/selection_1500/lorenzo/real/real_003769.jpg,low,0,0.9914907813072205
89dc2f47f2c177c892596df9cd79208b2884d3e583b2ffc734475fc1f9b56fce,data/datasets/RRDataset/selection_1500/giovanni/real/real_003956.jpg,low,0,0.978563129901886
89e6300596e780b0f5440621eaf1379bfc5072f83e59d95f8835987d3e7922f2,data/datasets/sid-set/candidate-1500/images/fake/89e6300596e780b0f5440621eaf1379bfc5072f83e59d95f8835987d3e7922f2.png,low,1,0.9923564195632935
8a13deeb4806758795018513693acc8fefd8492698b4b2a531d9f112863c4175,data/datasets/openfake/additional-900/images/real/8a13deeb4806758795018513693acc8fefd8492698b4b2a531d9f112863c4175.jpg,low,0,0.8070648908615112
8a466f83f0762eb7a5e10eb330c5d4898423fafab282c5cb9a7743b29bc5265f,data/datasets/openfake/pilot-600/images/real/8a466f83f0762eb7a5e10eb330c5d4898423fafab282c5cb9a7743b29bc5265f.jpg,low,0,0.9302443861961365
8a74f175bf5bc61ae02b60ae8a93762d370d3b97dff0d98098d23f06ea0234d3,data/datasets/sid-set/candidate-1500/images/fake/8a74f175bf5bc61ae02b60ae8a93762d370d3b97dff0d98098d23f06ea0234d3.png,low,1,0.5364020466804504
8a93c55b634385e2e4528a36e9ea348ad91a8f491ac91cbf54fe06d18cdf5a4c,data/datasets/sid-set/candidate-1500/images/fake/8a93c55b634385e2e4528a36e9ea348ad91a8f491ac91cbf54fe06d18cdf5a4c.png,low,1,0.9423403143882751
8ab8829cf8ce5558a93963aea140c7f0f664b6765982dac4e1163b60bad72575,data/datasets/openfake/additional-900/images/fake/8ab8829cf8ce5558a93963aea140c7f0f664b6765982dac4e1163b60bad72575.png,low,1,0.9992770552635193
8af0adfdba88a4f03328bb19f623d643b0f15538467081ae1301592131b32a9f,data/datasets/sid-set/candidate-1500/images/real/8af0adfdba88a4f03328bb19f623d643b0f15538467081ae1301592131b32a9f.jpg,low,0,0.16849271953105927
8b06006690d81d880f7345bbf7e757e24cba2ff7423e3875000946d7547d1156,data/datasets/openfake/additional-900/images/fake/8b06006690d81d880f7345bbf7e757e24cba2ff7423e3875000946d7547d1156.png,low,1,0.9900111556053162
8b970944ed4a2ce3fa81bbe8412842afdf8d958761deffa3a677a27d3f3244f6,data/datasets/openfake/additional-900/images/real/8b970944ed4a2ce3fa81bbe8412842afdf8d958761deffa3a677a27d3f3244f6.jpg,low,0,0.0006668631103821099
8be4b6b864d16e74334e60af1207d7c40a989498b732f825c3d7eb925972ee2a,data/datasets/sid-set/candidate-1500/images/real/8be4b6b864d16e74334e60af1207d7c40a989498b732f825c3d7eb925972ee2a.jpg,low,0,0.9868801832199097
8c1b8f7ccaadcf500b20bb9a644e6416c0e4cde3684b9af9e0f43c6a40799911,data/datasets/RRDataset/selection_1500/giovanni/real/real_003641.jpg,low,0,0.7952747941017151
8c41762f17b8b4887f4211b66823ddf8a04fdc538ca2ae6841163b96002d3b47,data/datasets/openfake/pilot-600/images/fake/8c41762f17b8b4887f4211b66823ddf8a04fdc538ca2ae6841163b96002d3b47.png,low,1,0.965638279914856
8c748368e8aba9b30673d39a267dd05b15d431574b44ac0a28d7104297e85b1e,data/datasets/RRDataset/selection_1500/giovanni/real/real_008951.jpg,low,0,0.6673845648765564
8cc189931eee360ead193ed8293fd15d8c64acabbc6014f2871c7365fe9140c3,data/datasets/sid-set/candidate-1500/images/fake/8cc189931eee360ead193ed8293fd15d8c64acabbc6014f2871c7365fe9140c3.png,low,1,0.9883208870887756
8cc8bd108f9cd09b6d271b57aff41f680495bb1d5cee9869b6baef3670bdf272,data/datasets/RRDataset/selection_1500/lorenzo/real/real_001049.jpg,low,0,0.970982015132904
8d1be7e3dcce586bbcab59e97aef66f3ca85a358e30bafafd22e75933257f185,data/datasets/sid-set/candidate-1500/images/fake/8d1be7e3dcce586bbcab59e97aef66f3ca85a358e30bafafd22e75933257f185.png,low,1,0.9946504235267639
8d53219b5a0c625c6a8f4a8b913662dd30f1fbdd1bf0b6d6f7e69a45763dc97e,data/datasets/RRDataset/selection_1500/lorenzo/real/real_005554.jpg,low,0,0.9989043474197388
8d7745a126ff385e997791fe47ab44070c6614440b9036d993b08d5611844bb9,data/datasets/RRDataset/selection_1500/sara/real/real_001032.jpg,low,0,0.7891944050788879
8dd50a995dfeba572247dd0dfc519aa15ef89a69ec7760470bdaecc6365fc2fa,data/datasets/openfake/pilot-600/images/real/8dd50a995dfeba572247dd0dfc519aa15ef89a69ec7760470bdaecc6365fc2fa.jpg,low,0,0.0016722810687497258
8e09d2051725fa729bde7073e7399ef8279e6cadf82f8e0e28f6c889c138edf4,data/datasets/RRDataset/selection_1500/lorenzo/real/real_008682.jpg,low,0,0.9877612590789795
8e29ad1e2393f4eb11eec1c19582d449a9561d3c1088705f0b2ccd6b1d30a3ea,data/datasets/sid-set/candidate-1500/images/fake/8e29ad1e2393f4eb11eec1c19582d449a9561d3c1088705f0b2ccd6b1d30a3ea.png,low,1,0.9943674206733704
8e7643e98ce55b195724e30158cc462610b43aa5a6cbc3c2ab600d0c1e0e0409,data/datasets/openfake/additional-900/images/real/8e7643e98ce55b195724e30158cc462610b43aa5a6cbc3c2ab600d0c1e0e0409.jpg,low,0,0.006468314677476883
8e7f3ed48f151f8f7847217641021779deb054b42529978a5f056f94c9389651,data/datasets/sid-set/candidate-1500/images/real/8e7f3ed48f151f8f7847217641021779deb054b42529978a5f056f94c9389651.jpg,low,0,0.010586249642074108
8e81751bb258e04b0460c3467c238aad619e82665e5142c6cfdf1e7eb963533d,data/datasets/openfake/additional-900/images/real/8e81751bb258e04b0460c3467c238aad619e82665e5142c6cfdf1e7eb963533d.jpg,low,0,0.32004261016845703
8f0802b333d71f75a4c17550ddb522912266f7de20bf524a2b4c148d89fcdf8f,data/datasets/openfake/additional-900/images/fake/8f0802b333d71f75a4c17550ddb522912266f7de20bf524a2b4c148d89fcdf8f.png,low,1,0.9643682241439819
8f0a1c658d53448b5daf574d50c1d155614d4a12c55f6ddbc0be8e06f88e79b2,data/datasets/openfake/pilot-600/images/fake/8f0a1c658d53448b5daf574d50c1d155614d4a12c55f6ddbc0be8e06f88e79b2.png,low,1,0.8762245774269104
8f1e09e502d5f8bc8a4606a7bdf52625e2857d1e5a139038d58017d7c39f7f9b,data/datasets/sid-set/candidate-1500/images/real/8f1e09e502d5f8bc8a4606a7bdf52625e2857d1e5a139038d58017d7c39f7f9b.jpg,low,0,0.8945338129997253
8f2291312c99a74662a3de009359d72fe098236ecca3185ec98f173ece78973c,data/datasets/sid-set/candidate-1500/images/real/8f2291312c99a74662a3de009359d72fe098236ecca3185ec98f173ece78973c.jpg,low,0,0.19713106751441956
8f67b9f07fc26cc77a691ccc93e8321cfe4cbba1a5b5cdb84012778442dca290,data/datasets/openfake/additional-900/images/fake/8f67b9f07fc26cc77a691ccc93e8321cfe4cbba1a5b5cdb84012778442dca290.png,low,1,0.9799726605415344
8f68b364dfb23a361c45101c0b089a15246754591a1f42bdc05867ce104a7b5b,data/datasets/sid-set/candidate-1500/images/fake/8f68b364dfb23a361c45101c0b089a15246754591a1f42bdc05867ce104a7b5b.png,low,1,0.9887050986289978
8f8424bb53f8c1845e370b62066dc75a89afa0fd59ba9cecb9925ebd09a0ec34,data/datasets/openfake/additional-900/images/fake/8f8424bb53f8c1845e370b62066dc75a89afa0fd59ba9cecb9925ebd09a0ec34.png,low,1,0.999568521976471
8f875006eb7509411d6727c381419ea0d4f5c693d827e5e0c513391f5e056a4a,data/datasets/sid-set/candidate-1500/images/fake/8f875006eb7509411d6727c381419ea0d4f5c693d827e5e0c513391f5e056a4a.png,low,1,0.9858047366142273
8fb71eef9c659eb5b6215006e5111ede17cef5782c7bf5d07970be6c12842b78,data/datasets/sid-set/candidate-1500/images/fake/8fb71eef9c659eb5b6215006e5111ede17cef5782c7bf5d07970be6c12842b78.png,low,1,0.7558801174163818
8fd4c0a6f6e5239c7441d781c04b994091573ffe6b4f3bf1a41ba25ea1dbed98,data/datasets/openfake/pilot-600/images/real/8fd4c0a6f6e5239c7441d781c04b994091573ffe6b4f3bf1a41ba25ea1dbed98.jpg,low,0,0.4249396026134491
8fd67aebb12a6d7fa82cbe1c356433331c64ccbbab4a23df2fc5be145f0132ef,data/datasets/RRDataset/selection_1500/giovanni/ai/normal_009188.png,low,1,0.9991804957389832
911615ac047bd907f12f1ea157b15334870911d426607eb221fc1705d135d617,data/datasets/RRDataset/selection_1500/lorenzo/real/real_001427.jpg,low,0,0.9215370416641235
911ccbec03c6da6ef6843ef492ba6e9941ae5800060d1a954f6234bfd5d5f4de,data/datasets/sid-set/candidate-1500/images/fake/911ccbec03c6da6ef6843ef492ba6e9941ae5800060d1a954f6234bfd5d5f4de.png,low,1,0.9840997457504272
913f633e5bade32ff374847384b3e9f6d632beccdedd752e2edcc4c2873b99b3,data/datasets/RRDataset/selection_1500/sara/real/real_005030.jpg,low,0,0.799250066280365
914c099ba3edf75f149700a189632a15905ec73f4045c8f17ddf53b25456b8b2,data/datasets/openfake/pilot-600/images/real/914c099ba3edf75f149700a189632a15905ec73f4045c8f17ddf53b25456b8b2.jpg,low,0,0.002363804029300809
91619dcdad7a014886e1c760b1f6f5b2c692082e177917483a6e412adfb3d440,data/datasets/sid-set/candidate-1500/images/fake/91619dcdad7a014886e1c760b1f6f5b2c692082e177917483a6e412adfb3d440.png,low,1,0.9795315265655518
918533462284d1484a19406e72158016daa775eaee079e8ed681085b36b1793a,data/datasets/openfake/pilot-600/images/real/918533462284d1484a19406e72158016daa775eaee079e8ed681085b36b1793a.jpg,low,0,6.709941226290539e-05
91ef38597d75489d251a1a52053c939b10afd0ae0cca32c198ea4202be9e46e6,data/datasets/RRDataset/selection_1500/sara/real/real_009839.jpg,low,0,0.8624767065048218
921e48283bcf71ff99ae210451d3adf0b3babfbfa834ed4b00eff7f1e0a81bc1,data/datasets/RRDataset/selection_1500/lorenzo/real/real_004898.jpg,low,0,0.9627751708030701
9258cee1a3bd3ef4382c5ab7b15eba9843502beef8be5a519f431fe93a5c5c41,data/datasets/RRDataset/selection_1500/lorenzo/real/real_008430.jpg,low,0,0.06967169046401978
9275bda7de82ced14c2f385525a978b6d20bc0fa1a3809657028a052453c6b61,data/datasets/RRDataset/selection_1500/giovanni/real/real_004114.jpg,low,0,0.9902644157409668
928d783b115edaa8c8fa163f8f43bb20755fb6882246009cce6525bc5e021bc9,data/datasets/sid-set/candidate-1500/images/fake/928d783b115edaa8c8fa163f8f43bb20755fb6882246009cce6525bc5e021bc9.png,low,1,0.7054320573806763
92a11acf5e1b142b71d4d33464911c51510fde761980fd82b6ebb9b4d88132ee,data/datasets/RRDataset/selection_1500/sara/real/real_008415.jpg,low,0,0.6019029021263123
92d02cd1e19312e1ee6bde09c95612b5e652f7c7599c976d84fdba333020185d,data/datasets/sid-set/candidate-1500/images/real/92d02cd1e19312e1ee6bde09c95612b5e652f7c7599c976d84fdba333020185d.jpg,low,0,0.008004981093108654
92e64736b24fca834a4fd70b7e70ead2a3e4a3ef9f538c9b06445297ef09e5ee,data/datasets/RRDataset/selection_1500/giovanni/ai/normal_008958.png,low,1,0.9864978194236755
92ee34455347356d30ffcac9663f0cb1f76514fc9216c043d9466343a172d662,data/datasets/RRDataset/selection_1500/sara/real/real_009823.jpg,low,0,0.08365719020366669
933332343f679c207d883c5e9fcd0490479f6af1b23ac200697faf41efe9784f,data/datasets/sid-set/candidate-1500/images/real/933332343f679c207d883c5e9fcd0490479f6af1b23ac200697faf41efe9784f.jpg,low,0,0.7061417698860168
9336b1c09a4932cf12c30b3fdc5259a10bee91a8ae8545d0f66e0b3d8d78f975,data/datasets/RRDataset/selection_1500/sara/real/real_003877.jpg,low,0,0.9973434805870056
93b9cb48f97259f959607cf816b5825bbd130021100429145b451292fb4caa63,data/datasets/openfake/pilot-600/images/fake/93b9cb48f97259f959607cf816b5825bbd130021100429145b451292fb4caa63.png,low,1,0.9441778063774109
93ccb8e1440f04bb80aad3062a7cc4a383ec5769ed4fd96756ef1024677376fd,data/datasets/RRDataset/selection_1500/giovanni/ai/Culture_&_Religion_000879.png,low,1,0.9829366207122803
941067793367eb8496ada0012966d8aa70af596af81faf2b72ac48f762d4c947,data/datasets/openfake/additional-900/images/real/941067793367eb8496ada0012966d8aa70af596af81faf2b72ac48f762d4c947.jpg,low,0,0.3363407254219055
9411180360523b81ff9e23c7c32f452b86576565323152ad0d0befa2d998923f,data/datasets/sid-set/candidate-1500/images/real/9411180360523b81ff9e23c7c32f452b86576565323152ad0d0befa2d998923f.jpg,low,0,0.9555873274803162
946d54517c9f2b381a688c5b34fb9f7a54d42d24fe813a22511166d8694966c2,data/datasets/openfake/pilot-600/images/real/946d54517c9f2b381a688c5b34fb9f7a54d42d24fe813a22511166d8694966c2.jpg,low,0,0.047825440764427185
94ef359aa76ad62be15f27cf9810b89b83c25d87ab79f84a8082e280325a7b0b,data/datasets/openfake/pilot-600/images/real/94ef359aa76ad62be15f27cf9810b89b83c25d87ab79f84a8082e280325a7b0b.jpg,low,0,0.0022174990735948086
953f439302ecaa73821beafda31fea5c7b6ff7d050c5b69e2cf94160cd64f954,data/datasets/openfake/pilot-600/images/fake/953f439302ecaa73821beafda31fea5c7b6ff7d050c5b69e2cf94160cd64f954.png,low,1,0.7360811233520508
955206efaa84213da303d4b5c7aa36d0476622f5437b62a715ab6f5ab1d44703,data/datasets/openfake/pilot-600/images/fake/955206efaa84213da303d4b5c7aa36d0476622f5437b62a715ab6f5ab1d44703.png,low,1,0.615022599697113
955e1f3e5ae25b53af972a8b26d1b905f70c184ac6e1b839459d2d747556d5cb,data/datasets/RRDataset/selection_1500/lorenzo/real/real_008827.jpg,low,0,0.9933497309684753
9581bfaa13e63b8915c5cf746dd6ec5e8b61e51de5344d6d81ab66e7fb209a06,data/datasets/RRDataset/selection_1500/sara/real/real_003750.jpg,low,0,0.987174391746521
9586741ca05288d00850b38f0f8f6443807bb4d6a37e5f8aee01326a7441dd86,data/datasets/RRDataset/selection_1500/giovanni/real/real_009658.jpg,low,0,0.18732629716396332
95b1557d648ab7a854e40fefaca878f367f831da045d7c0bff31ed68899fb876,data/datasets/RRDataset/selection_1500/sara/real/real_008044.jpg,low,0,0.9952670335769653
961c38035dd85083137607376be1546ed8fb6d3a0446ef99bcc7445c02ec522d,data/datasets/openfake/pilot-600/images/real/961c38035dd85083137607376be1546ed8fb6d3a0446ef99bcc7445c02ec522d.jpg,low,0,0.48581409454345703
964307d54d096f8ad4f3bbdf5aa3a2c8d3e461918ffd289b5219c90c955d8772,data/datasets/sid-set/candidate-1500/images/fake/964307d54d096f8ad4f3bbdf5aa3a2c8d3e461918ffd289b5219c90c955d8772.png,low,1,0.9035744667053223
966e2a5b9a9df57a5f2fdc5d847758187e4c1e0e05dd01e56f7ca6fac8749a3d,data/datasets/sid-set/candidate-1500/images/real/966e2a5b9a9df57a5f2fdc5d847758187e4c1e0e05dd01e56f7ca6fac8749a3d.jpg,low,0,0.009523160755634308
9679b280d3cbd0edf71fbe5c9d7e3b723eb9399f063dd7888f03e846719f6ca8,data/datasets/sid-set/candidate-1500/images/real/9679b280d3cbd0edf71fbe5c9d7e3b723eb9399f063dd7888f03e846719f6ca8.jpg,low,0,0.9029829502105713
96bd491ce52ccce8a17548a1efe8935cf74f3fa2a4ec2bdd531623c2273d09c8,data/datasets/openfake/additional-900/images/real/96bd491ce52ccce8a17548a1efe8935cf74f3fa2a4ec2bdd531623c2273d09c8.jpg,low,0,0.006132257170975208
96c611517aa4d75bc92cee5e755bafbcfc11bc35c7134ae036b2198a4ded321f,data/datasets/sid-set/candidate-1500/images/fake/96c611517aa4d75bc92cee5e755bafbcfc11bc35c7134ae036b2198a4ded321f.png,low,1,0.986700177192688
96ccb5fa154ebda7e6ba6f75853d7f4b49d19ff6da9584571781d3958e6c8c7a,data/datasets/sid-set/candidate-1500/images/real/96ccb5fa154ebda7e6ba6f75853d7f4b49d19ff6da9584571781d3958e6c8c7a.jpg,low,0,0.5177063941955566
97389ec1c976af7b98c6f1a20cb2fe5054950ddb0c90b49d5a9f61dee4d6ee62,data/datasets/sid-set/candidate-1500/images/fake/97389ec1c976af7b98c6f1a20cb2fe5054950ddb0c90b49d5a9f61dee4d6ee62.png,low,1,0.9552606344223022
974f1f6568316db93a7beef9e0637621a5aa33aea4c710383d28c2e1e7c17544,data/datasets/sid-set/candidate-1500/images/fake/974f1f6568316db93a7beef9e0637621a5aa33aea4c710383d28c2e1e7c17544.png,low,1,0.9939574003219604
97714dd63890fa56bcba88cb4c1f05694ebe6dfa3acefc447c779f0fb201ae33,data/datasets/sid-set/candidate-1500/images/fake/97714dd63890fa56bcba88cb4c1f05694ebe6dfa3acefc447c779f0fb201ae33.png,low,1,0.873647153377533
97abdae7f99137ebe32d0deb1f3b6d0dbdc6cceb560ab99e298f93938d736908,data/datasets/RRDataset/selection_1500/lorenzo/ai/normal_008198.png,low,1,0.6983852386474609
97b2a446625850197d31efe18105213ad49b227a3bd98ac64c6e693ab538edf0,data/datasets/sid-set/candidate-1500/images/real/97b2a446625850197d31efe18105213ad49b227a3bd98ac64c6e693ab538edf0.jpg,low,0,0.029086213558912277
97b56e13a2b440f30f5996532aa0c3c4ef5a2451ad08ede34cf9d1b102beb60c,data/datasets/sid-set/candidate-1500/images/real/97b56e13a2b440f30f5996532aa0c3c4ef5a2451ad08ede34cf9d1b102beb60c.jpg,low,0,0.26786676049232483
97d5f46d0d40d20098fcc449041e54ea4f6ba6c72469e1cd17b395bfee0a2249,data/datasets/sid-set/candidate-1500/images/real/97d5f46d0d40d20098fcc449041e54ea4f6ba6c72469e1cd17b395bfee0a2249.jpg,low,0,0.8208456039428711
97e6e22bafe9755446212f2f359f40c83f988adb5367744f66ab6cd7eb898a6c,data/datasets/openfake/additional-900/images/real/97e6e22bafe9755446212f2f359f40c83f988adb5367744f66ab6cd7eb898a6c.jpg,low,0,0.5246415734291077
986932a4e6c416777b72d499e783d238fce89332d2d94221afffcaaf1e559ba9,data/datasets/sid-set/candidate-1500/images/real/986932a4e6c416777b72d499e783d238fce89332d2d94221afffcaaf1e559ba9.jpg,low,0,0.006737068761140108
98873b22b0d43aeb75b3ed110eedc887fdc706138cb28c6a986285d8cbb3328e,data/datasets/sid-set/candidate-1500/images/real/98873b22b0d43aeb75b3ed110eedc887fdc706138cb28c6a986285d8cbb3328e.jpg,low,0,0.8656548857688904
98cb8248c1754de474f469f04a98da9841455ccc7f864cd3f525d0173469fc19,data/datasets/sid-set/candidate-1500/images/fake/98cb8248c1754de474f469f04a98da9841455ccc7f864cd3f525d0173469fc19.png,low,1,0.9811586141586304
99051297d99f338745bd038dbae8d9d231b9e32af2ba1933cd5996e95bc5dba6,data/datasets/openfake/additional-900/images/fake/99051297d99f338745bd038dbae8d9d231b9e32af2ba1933cd5996e95bc5dba6.jpg,low,1,0.22099560499191284
9917ae30be849b80d9d2070561bac2845a1d602067e135b7b8cdb5d5bc18e440,data/datasets/sid-set/candidate-1500/images/real/9917ae30be849b80d9d2070561bac2845a1d602067e135b7b8cdb5d5bc18e440.jpg,low,0,0.9832032918930054
99527bb5b5e9be42e58b57b9221139515d06651c36fdb5d9fcf87885c0b16f47,data/datasets/RRDataset/selection_1500/giovanni/real/real_008684.jpg,low,0,0.725128710269928
99c8693a7b70cddc9d39330d4490c3e5ab485e5d37beebba8b07cc076bb6c146,data/datasets/sid-set/candidate-1500/images/fake/99c8693a7b70cddc9d39330d4490c3e5ab485e5d37beebba8b07cc076bb6c146.png,low,1,0.8790543079376221
9a693fe6ceff14178f35ff59bbda7764f4e08a33e5b692f9040e6d01cfc89d01,data/datasets/sid-set/candidate-1500/images/fake/9a693fe6ceff14178f35ff59bbda7764f4e08a33e5b692f9040e6d01cfc89d01.png,low,1,0.5649521350860596
9adf46a85f17699a05227bcd139dc558813c86fc049b54e6c402cb505bea0327,data/datasets/RRDataset/selection_1500/sara/real/real_001101.jpg,low,0,0.9087430238723755
9b0f71614aafcd4610d941170dbcca9be1b5cdfa3bc3fd0c5134b3d1ce52b9ff,data/datasets/sid-set/candidate-1500/images/fake/9b0f71614aafcd4610d941170dbcca9be1b5cdfa3bc3fd0c5134b3d1ce52b9ff.png,low,1,0.9989253878593445
9b5fcc055663f9275003cd8e4a2e344293b16f142ac5498c282626ef95e0ce64,data/datasets/openfake/additional-900/images/real/9b5fcc055663f9275003cd8e4a2e344293b16f142ac5498c282626ef95e0ce64.jpg,low,0,0.8444692492485046
9ba01ef04d336c2caf1448ea3ea50ca69c29223d79c7fe3a076d653c1b228b25,data/datasets/RRDataset/selection_1500/sara/real/real_000280.jpg,low,0,0.9961563944816589
9bb6c0424c0607fc8d68a37056573d807318ea089fdff59caa2f19beab674128,data/datasets/RRDataset/selection_1500/lorenzo/real/real_004948.jpg,low,0,0.3825380206108093
9bd9455c7205121e9ba742f93e2801d0cea3a33be136e9c16364d75b3753b644,data/datasets/sid-set/candidate-1500/images/fake/9bd9455c7205121e9ba742f93e2801d0cea3a33be136e9c16364d75b3753b644.png,low,1,0.9366949200630188
9c12a9841fdea149cc9bf3d8b52101e56e13ebc472787fd2c26ab86f7667828d,data/datasets/openfake/pilot-600/images/fake/9c12a9841fdea149cc9bf3d8b52101e56e13ebc472787fd2c26ab86f7667828d.png,low,1,0.8130356669425964
9c19a7931b1eca054d4bf81bcf76b464d1a94af73ba50c8790d31bfa7de15fc3,data/datasets/sid-set/candidate-1500/images/real/9c19a7931b1eca054d4bf81bcf76b464d1a94af73ba50c8790d31bfa7de15fc3.jpg,low,0,0.06303253769874573
9c56d52f31cca7d07678d0de97bc0aec3b75121c0338ae364ee319bcc1f073d2,data/datasets/sid-set/candidate-1500/images/fake/9c56d52f31cca7d07678d0de97bc0aec3b75121c0338ae364ee319bcc1f073d2.png,low,1,0.5734444856643677
9c5efbe159a3714c59581f0bd149537f77df7e212217e4363894e9b807cde1e8,data/datasets/sid-set/candidate-1500/images/fake/9c5efbe159a3714c59581f0bd149537f77df7e212217e4363894e9b807cde1e8.png,low,1,0.9849076271057129
9c669f7fd80ddac1b702eee76913d489c0d939a6cb7289bce2ed8d0fa9151bf1,data/datasets/RRDataset/selection_1500/sara/real/real_008332.jpg,low,0,0.9922354817390442
9c6edcf4b92b0e6662ce43c93fda1a768343a5ae715d004cdef6057874b4f5a6,data/datasets/RRDataset/selection_1500/giovanni/real/real_009911.jpg,low,0,0.022632483392953873
9ca4608b503aedf5791c9b610a62748be6682e339e7dbfad2c4cce9dbdd657ac,data/datasets/openfake/additional-900/images/real/9ca4608b503aedf5791c9b610a62748be6682e339e7dbfad2c4cce9dbdd657ac.jpg,low,0,0.02848926931619644
9ce8733d1c377da0901297e65926ecd8d1cc401a715e4b8f9a6c920126d7b645,data/datasets/sid-set/candidate-1500/images/real/9ce8733d1c377da0901297e65926ecd8d1cc401a715e4b8f9a6c920126d7b645.jpg,low,0,0.8553447723388672
9d07567a419f3f6d01210533f349ca9944d56c17e3b5fe21d56e8d288de2e5af,data/datasets/sid-set/candidate-1500/images/real/9d07567a419f3f6d01210533f349ca9944d56c17e3b5fe21d56e8d288de2e5af.jpg,low,0,0.11846146732568741
9d684d08b6dcede6281b9eca29daf5502ffa70d2ebeff6502ee80fb3464dc0ce,data/datasets/openfake/additional-900/images/real/9d684d08b6dcede6281b9eca29daf5502ffa70d2ebeff6502ee80fb3464dc0ce.jpg,low,0,0.5488021373748779
9da4f07ec984ea1b7ca91bdc11de88f18662c40339129bafd57bf5c177157937,data/datasets/openfake/additional-900/images/real/9da4f07ec984ea1b7ca91bdc11de88f18662c40339129bafd57bf5c177157937.jpg,low,0,0.0016895312583073974
9dbb386bbc643bf8f84c7be0608959f76ad5dd1a6ec78c5de37931835351850c,data/datasets/RRDataset/selection_1500/sara/real/real_007207.jpg,low,0,0.17293719947338104
9dd04bffb7516a672e0a57e8fa508ee242fabccbe8dc43546f85ef4429f7dbc3,data/datasets/sid-set/candidate-1500/images/fake/9dd04bffb7516a672e0a57e8fa508ee242fabccbe8dc43546f85ef4429f7dbc3.png,low,1,0.9895048141479492
9dd9aaa7fa6afe7e43345059b2dd35224782d79e41effaf72e4fc82476a0064a,data/datasets/sid-set/candidate-1500/images/fake/9dd9aaa7fa6afe7e43345059b2dd35224782d79e41effaf72e4fc82476a0064a.png,low,1,0.9766414761543274
9e64200b350b955cbe4649e5fb5ef7f9a4b3780cda28e8b9fb44250cc378aca8,data/datasets/sid-set/candidate-1500/images/fake/9e64200b350b955cbe4649e5fb5ef7f9a4b3780cda28e8b9fb44250cc378aca8.png,low,1,0.9191012978553772
9ef0b1d06647a6b9a105391cd84718ee1d6c16eeb28ed199d7e78845683d8257,data/datasets/sid-set/candidate-1500/images/real/9ef0b1d06647a6b9a105391cd84718ee1d6c16eeb28ed199d7e78845683d8257.jpg,low,0,0.7400498390197754
9f05b0ea094d98e6143277698e59b43e41238cea10e7d0885eae3b8428b8cde9,data/datasets/RRDataset/selection_1500/giovanni/real/real_008030.jpg,low,0,0.8832541108131409
9f06c1643a87b3901804a6761f4b6882046b48658b75bcb64efee8b65ef1fc0c,data/datasets/RRDataset/selection_1500/giovanni/ai/normal_006449.jpg,low,1,0.4892667531967163
9f549e1ef76da81d65ee5c8b334d74715d79b7d3aee264e75b1a992448bc2c82,data/datasets/sid-set/candidate-1500/images/real/9f549e1ef76da81d65ee5c8b334d74715d79b7d3aee264e75b1a992448bc2c82.jpg,low,0,0.02792529948055744
9f9188f23a7afebdcf16783a3d963c592186142924bb6e8ed04f12df362ef59b,data/datasets/sid-set/candidate-1500/images/real/9f9188f23a7afebdcf16783a3d963c592186142924bb6e8ed04f12df362ef59b.jpg,low,0,0.8164379000663757
9fb449efa2b61309ad22d662913664e2582835cfdd84fb823aaacf52e9432179,data/datasets/sid-set/candidate-1500/images/fake/9fb449efa2b61309ad22d662913664e2582835cfdd84fb823aaacf52e9432179.png,low,1,0.9889615178108215
9fc3c20fb1a50b25accf9eae693de9299d71ee12bf9569edf3f874568fcde076,data/datasets/sid-set/candidate-1500/images/fake/9fc3c20fb1a50b25accf9eae693de9299d71ee12bf9569edf3f874568fcde076.png,low,1,0.9827859997749329
9fde180076b604049cb539958e0cfe72155d565e620d29ab486202c5c9480523,data/datasets/sid-set/candidate-1500/images/fake/9fde180076b604049cb539958e0cfe72155d565e620d29ab486202c5c9480523.png,low,1,0.9835286140441895
a06377665409bd08baca5dc9e7569af12072d04ffc80e5fe3b9a97b0835b5983,data/datasets/sid-set/candidate-1500/images/real/a06377665409bd08baca5dc9e7569af12072d04ffc80e5fe3b9a97b0835b5983.jpg,low,0,0.8459962606430054
a0aa8b675aed58cc951a1732f35a49863cf04172f1b9b3d3935278f675350671,data/datasets/sid-set/candidate-1500/images/real/a0aa8b675aed58cc951a1732f35a49863cf04172f1b9b3d3935278f675350671.jpg,low,0,0.8769346475601196
a0bde45f3a3c1fdf828374b4dae5fd836976edd114619149b2b793005e958c72,data/datasets/RRDataset/selection_1500/giovanni/ai/Natural_Disasters_&_Accidents_000972.png,low,1,0.8476111888885498
a148465116c01e450499dccafc29ada4c8010958ea2ce22ae2147faba590d6d0,data/datasets/RRDataset/selection_1500/giovanni/ai/normal_007215.png,low,1,0.4692581593990326
a168b533c53e8f6d0c686d8b65c6d56a25ce9cfa41698ddfc336748654690c03,data/datasets/sid-set/candidate-1500/images/fake/a168b533c53e8f6d0c686d8b65c6d56a25ce9cfa41698ddfc336748654690c03.png,low,1,0.9864600896835327
a197d4cce810057a74ee77b4be7267ebe0b4fcf1b3bd6a9b77cf075d31f9b647,data/datasets/RRDataset/selection_1500/lorenzo/real/real_006567.jpg,low,0,0.9440586566925049
a19f6018726e77b5a2f14bb03755263a31feeb65cb72217f8e189067dc1e4bde,data/datasets/sid-set/candidate-1500/images/real/a19f6018726e77b5a2f14bb03755263a31feeb65cb72217f8e189067dc1e4bde.jpg,low,0,0.10716404765844345
a1b964cceaeaa1c300c5c50d1ad494177f27c0aead9a7b45f01d70fadaaf0f75,data/datasets/RRDataset/selection_1500/lorenzo/real/real_008749.jpg,low,0,0.9849737882614136
a20b1a2205a4f536e7524d5bbad9abac460531164877c4f5f6cbf0c73f62e1b0,data/datasets/sid-set/candidate-1500/images/fake/a20b1a2205a4f536e7524d5bbad9abac460531164877c4f5f6cbf0c73f62e1b0.png,low,1,0.933022141456604
a212bf21501e0e1c84162c4c44b22fbddf332b2152b37f76f9f56c6bee56eba0,data/datasets/sid-set/candidate-1500/images/fake/a212bf21501e0e1c84162c4c44b22fbddf332b2152b37f76f9f56c6bee56eba0.png,low,1,0.986879825592041
a2586e94326f3f1b725a0b7d80d2b4a3e8c1ffaa3c84373389a20d39784ac4c3,data/datasets/sid-set/candidate-1500/images/fake/a2586e94326f3f1b725a0b7d80d2b4a3e8c1ffaa3c84373389a20d39784ac4c3.png,low,1,0.9823682904243469
a26970d1851bd2a7db8b9d5999b93c5856378d3b75c54b34480a9a67eff13682,data/datasets/openfake/additional-900/images/real/a26970d1851bd2a7db8b9d5999b93c5856378d3b75c54b34480a9a67eff13682.jpg,low,0,0.15394797921180725
a293d4698b810114bdd55ec26143477f9cbc39688d835e0fffcdb3b2267dbdba,data/datasets/sid-set/candidate-1500/images/fake/a293d4698b810114bdd55ec26143477f9cbc39688d835e0fffcdb3b2267dbdba.png,low,1,0.7785902619361877
a2b5f71b73bd103b824c5a1a51656619321fa7bbd43f36c4123bffb0c0e83123,data/datasets/sid-set/candidate-1500/images/fake/a2b5f71b73bd103b824c5a1a51656619321fa7bbd43f36c4123bffb0c0e83123.png,low,1,0.9991031885147095
a2b97afb944bf16bb5a3a2908e815b013f14916309a5487ab42a0b51c6b8a99e,data/datasets/RRDataset/selection_1500/sara/ai/Natural_Disasters_&_Accidents_000755.png,low,1,0.9993316531181335
a2c587254ae6dee0be37696f48ddf220b938c07a7b68bc252a28694be3df3418,data/datasets/sid-set/candidate-1500/images/fake/a2c587254ae6dee0be37696f48ddf220b938c07a7b68bc252a28694be3df3418.png,low,1,0.9534734487533569
a2ce68a4f724446a8b92944215d29b16fc448b4c257152e8ab75570f78174be8,data/datasets/sid-set/candidate-1500/images/real/a2ce68a4f724446a8b92944215d29b16fc448b4c257152e8ab75570f78174be8.jpg,low,0,0.49973684549331665
a2fead0592f16577c98885185b99d14f5396ee6f92aac2a900eaa12dc6a79129,data/datasets/sid-set/candidate-1500/images/fake/a2fead0592f16577c98885185b99d14f5396ee6f92aac2a900eaa12dc6a79129.png,low,1,0.9211554527282715
a40ea7e6c2dafb3c4836fa3420d65f85763786623d7c3f07994e94cf4fe9af34,data/datasets/sid-set/candidate-1500/images/real/a40ea7e6c2dafb3c4836fa3420d65f85763786623d7c3f07994e94cf4fe9af34.jpg,low,0,0.029848698526620865
a467a363235f61add7fcd8c9678267805ad8b034fd44b3327428439ee2c2aa4b,data/datasets/RRDataset/selection_1500/lorenzo/ai/normal_008498.png,low,1,0.9849123954772949
a4a5dfee89e3e2c9d5fed0c44d2bc9c1ce1238f58d71f3b61a3a6c57973c5f7e,data/datasets/RRDataset/selection_1500/lorenzo/ai/normal_009434.png,low,1,0.9997208714485168
a521d1fdfd0e4b57d319684c72302e0073c79293de40c115f3ad5c47d5d44de2,data/datasets/sid-set/candidate-1500/images/fake/a521d1fdfd0e4b57d319684c72302e0073c79293de40c115f3ad5c47d5d44de2.png,low,1,0.8000172972679138
a56e99a651d4ce3df9f78882d22ce27676c32c12f454bfd94c573a06f61ed24e,data/datasets/sid-set/candidate-1500/images/fake/a56e99a651d4ce3df9f78882d22ce27676c32c12f454bfd94c573a06f61ed24e.png,low,1,0.9119634032249451
a5a17a2807b08d7682a4d8bb8be04d90f574516a3629a82ebc87f761d37095aa,data/datasets/openfake/additional-900/images/real/a5a17a2807b08d7682a4d8bb8be04d90f574516a3629a82ebc87f761d37095aa.jpg,low,0,0.8820542097091675
a5fd82913a382924be7dc4708d705aac94991f8a442e5f1f3d5e2f1c60a6adff,data/datasets/sid-set/candidate-1500/images/fake/a5fd82913a382924be7dc4708d705aac94991f8a442e5f1f3d5e2f1c60a6adff.png,low,1,0.9743589758872986
a60551525ad81154be934aff9f5f4326efbdad6f7e946cc5188ab340e4c195fe,data/datasets/sid-set/candidate-1500/images/fake/a60551525ad81154be934aff9f5f4326efbdad6f7e946cc5188ab340e4c195fe.png,low,1,0.9855327010154724
a6db6e90bc2064dc43a12926c05350fda2b5b827ce5acebcc15444f06692418f,data/datasets/RRDataset/selection_1500/lorenzo/real/real_008439.jpg,low,0,0.03754078224301338
a6f8644b2e1f40fa19e77571907627e6adab01ecfd2cfd729dbb96d7ec9e2457,data/datasets/openfake/additional-900/images/real/a6f8644b2e1f40fa19e77571907627e6adab01ecfd2cfd729dbb96d7ec9e2457.jpg,low,0,0.0026506255380809307
a7295ccb72e05dc67e4cf6a24002b063c22b2115d6dca9f4e2549315b02ec316,data/datasets/sid-set/candidate-1500/images/real/a7295ccb72e05dc67e4cf6a24002b063c22b2115d6dca9f4e2549315b02ec316.jpg,low,0,0.9953141212463379
a76077f4474996b5a3058477f22e35c7f14e52c62bcff843b0a399764776a3a8,data/datasets/openfake/additional-900/images/fake/a76077f4474996b5a3058477f22e35c7f14e52c62bcff843b0a399764776a3a8.png,low,1,0.904420018196106
a7b014575ea48b652cae323cecdb74aefffbb1b4459a5c2ba0275f75ee8a0efd,data/datasets/RRDataset/selection_1500/sara/real/real_007879.jpg,low,0,0.9656478762626648
a7e1d7b2a6341572b6facb5b36d54dcee043e16f1528c7c95aafb527a34b2c6b,data/datasets/sid-set/candidate-1500/images/fake/a7e1d7b2a6341572b6facb5b36d54dcee043e16f1528c7c95aafb527a34b2c6b.png,low,1,0.8098796606063843
a7fc59057a322d10c7bdd331a0835e86fb785bae267c44cce7f721d09dbf89eb,data/datasets/openfake/additional-900/images/fake/a7fc59057a322d10c7bdd331a0835e86fb785bae267c44cce7f721d09dbf89eb.jpg,low,1,0.06455522775650024
a828fd606565c96b84a22eb985498cb085861063f0f0e3960abb14c86ea1b42d,data/datasets/openfake/pilot-600/images/fake/a828fd606565c96b84a22eb985498cb085861063f0f0e3960abb14c86ea1b42d.png,low,1,0.9922366738319397
a893fd91b9be62d488a1bd290a6e41fda6dca8e2238c09a04eb07774948754ec,data/datasets/openfake/additional-900/images/fake/a893fd91b9be62d488a1bd290a6e41fda6dca8e2238c09a04eb07774948754ec.png,low,1,0.9856278896331787
a89717769d5dd0945ca65162336263b33b0eef41dd669e4a0bda7620fcd63668,data/datasets/sid-set/candidate-1500/images/fake/a89717769d5dd0945ca65162336263b33b0eef41dd669e4a0bda7620fcd63668.png,low,1,0.980844259262085
a8a6e233476ec3345e81064f9ccdb41726a4413587b4861345a65ed44fd704dc,data/datasets/RRDataset/selection_1500/sara/ai/War_&_Conflict_Scenes_000079.png,low,1,0.9749499559402466
a8abbad5a01f5da5f42cd55bc32c8ab9d7a89c9f0b198fec778b8aaec7ae47c4,data/datasets/RRDataset/selection_1500/lorenzo/real/real_008134.jpg,low,0,0.8665903210639954
a8cddeabe436aef8fffc8f4a16608926d3d9dff8609f765564f7d7865ff70463,data/datasets/sid-set/candidate-1500/images/fake/a8cddeabe436aef8fffc8f4a16608926d3d9dff8609f765564f7d7865ff70463.png,low,1,0.9357379078865051
a8e8f89f24a5fbd3e19f21a933848c30ede18e17201a04f46f4f010d36ecdced,data/datasets/openfake/additional-900/images/real/a8e8f89f24a5fbd3e19f21a933848c30ede18e17201a04f46f4f010d36ecdced.jpg,low,0,0.44991663098335266
a94d1e9d4d91af69e100dd5cfb2edf6c245d53a0f0c6e26ce6806028047aeae2,data/datasets/openfake/pilot-600/images/fake/a94d1e9d4d91af69e100dd5cfb2edf6c245d53a0f0c6e26ce6806028047aeae2.jpg,low,1,0.022913238033652306
a94f4d741dce438e18aa38d5cd9f9fd282196aa5d9c322c0ab7c476c28d0de6e,data/datasets/sid-set/candidate-1500/images/fake/a94f4d741dce438e18aa38d5cd9f9fd282196aa5d9c322c0ab7c476c28d0de6e.png,low,1,0.9576494693756104
a9d929b2aeae89aaeaf6dc22e5dfcb8b3e5e5190df3a52bdd6d760f037d45bd9,data/datasets/openfake/pilot-600/images/real/a9d929b2aeae89aaeaf6dc22e5dfcb8b3e5e5190df3a52bdd6d760f037d45bd9.jpg,low,0,0.10969255119562149
aa0277fa642774fe5127a0e446f9d7f64cdc77dd90ffdce97ed16b5c1f377cc6,data/datasets/sid-set/candidate-1500/images/fake/aa0277fa642774fe5127a0e446f9d7f64cdc77dd90ffdce97ed16b5c1f377cc6.png,low,1,0.9748422503471375
aa4860f170485f3342809b105101bf947da40660cfa3489d92626be5562b71f9,data/datasets/sid-set/candidate-1500/images/fake/aa4860f170485f3342809b105101bf947da40660cfa3489d92626be5562b71f9.png,low,1,0.9118494987487793
aa9508ff8794f2b1151073df6b25eab2eed788814959e1580bc21653625f35d7,data/datasets/openfake/pilot-600/images/real/aa9508ff8794f2b1151073df6b25eab2eed788814959e1580bc21653625f35d7.jpg,low,0,0.20115108788013458
ab9c4619643a3079281aeec8e4a699d5f9a500dd0291d2b2d335718213344bcb,data/datasets/openfake/additional-900/images/real/ab9c4619643a3079281aeec8e4a699d5f9a500dd0291d2b2d335718213344bcb.jpg,low,0,0.0007475904421880841
abf623a8aeb0db5ecbe4a5c14f74d1e739867bc215a91cfef9cf6ad67548b1e7,data/datasets/openfake/pilot-600/images/fake/abf623a8aeb0db5ecbe4a5c14f74d1e739867bc215a91cfef9cf6ad67548b1e7.png,low,1,0.9826517105102539
ac464abb6b3a28436d73b4ec81b207d96a06e4a98535297862272b3617ea1380,data/datasets/openfake/additional-900/images/fake/ac464abb6b3a28436d73b4ec81b207d96a06e4a98535297862272b3617ea1380.png,low,1,0.9871373176574707
ac68d5be6a7ae33005e523236dd668a747112068d2e22fae097e61f96849538f,data/datasets/openfake/additional-900/images/fake/ac68d5be6a7ae33005e523236dd668a747112068d2e22fae097e61f96849538f.png,low,1,0.9576637744903564
ac89f8ff6b82e2b31a0088bf37e07de09bef34931cd9dbdbf68d770a1d101b6f,data/datasets/openfake/additional-900/images/real/ac89f8ff6b82e2b31a0088bf37e07de09bef34931cd9dbdbf68d770a1d101b6f.jpg,low,0,0.22238227725028992
ac910c2572bc0d2ca00c1818d6bfb7b2c663629981b4727f680b8e98c989b7ac,data/datasets/sid-set/candidate-1500/images/fake/ac910c2572bc0d2ca00c1818d6bfb7b2c663629981b4727f680b8e98c989b7ac.png,low,1,0.953177273273468
ad2a1852fca3dbe822f9c6c88b02d28b0d9738191ad090ce08c9265761e2ce1d,data/datasets/openfake/additional-900/images/fake/ad2a1852fca3dbe822f9c6c88b02d28b0d9738191ad090ce08c9265761e2ce1d.png,low,1,0.977185070514679
ad46abbc609db34f7f9e7aec7b734de0fda1bec95ce184cdca48fbe6a853fcc1,data/datasets/sid-set/candidate-1500/images/real/ad46abbc609db34f7f9e7aec7b734de0fda1bec95ce184cdca48fbe6a853fcc1.jpg,low,0,0.1352158784866333
ad4ff63587beac58dffdf91956ef71451fcceb5d5e4d82d46c35319d5c1b366a,data/datasets/sid-set/candidate-1500/images/fake/ad4ff63587beac58dffdf91956ef71451fcceb5d5e4d82d46c35319d5c1b366a.png,low,1,0.9671052694320679
ad6bdf5b75d076fdc3509c99977bb8668063df36d7834bd9becc259f58477bdb,data/datasets/sid-set/candidate-1500/images/real/ad6bdf5b75d076fdc3509c99977bb8668063df36d7834bd9becc259f58477bdb.jpg,low,0,0.9915456175804138
adb0ed7fc500633cfc7a1739e081a2413935e7eeecb417f27817ad2d38bb53ba,data/datasets/openfake/pilot-600/images/real/adb0ed7fc500633cfc7a1739e081a2413935e7eeecb417f27817ad2d38bb53ba.jpg,low,0,0.002207564190030098
addbf5d2ce48d2d20d05430bdfa36f4e3f44ab23032a55427d95cd4ed01d0b24,data/datasets/openfake/additional-900/images/real/addbf5d2ce48d2d20d05430bdfa36f4e3f44ab23032a55427d95cd4ed01d0b24.jpg,low,0,0.8984473347663879
adf0c724a0bb9899fd4c14ddc1e445ed31c7f6da8ed0163ceb5bd6e377a96171,data/datasets/RRDataset/selection_1500/lorenzo/ai/Natural_Disasters_&_Accidents_000109.png,low,1,0.8624132871627808
ae00fe45f55243b26e238dbf0e81a75f696b8ecb1569ac0b0fe362d091ab03c1,data/datasets/RRDataset/selection_1500/giovanni/real/real_009197.jpg,low,0,0.00048518128460273147
ae0bb66822c42d759761a80c01651468cb7e34c62e853a671aaa0bf20c9137c3,data/datasets/sid-set/candidate-1500/images/real/ae0bb66822c42d759761a80c01651468cb7e34c62e853a671aaa0bf20c9137c3.jpg,low,0,0.45736443996429443
ae22e13c966954844c558ffb4bbd9165d4b654893ad60c2e968105d944a2ca2d,data/datasets/RRDataset/selection_1500/giovanni/ai/normal_006901.jpg,low,1,0.9686923027038574
aea0008075233ac7465687e71ea6998a0d0968c6d73df4adc7b5d651b2e1ddd8,data/datasets/openfake/pilot-600/images/real/aea0008075233ac7465687e71ea6998a0d0968c6d73df4adc7b5d651b2e1ddd8.jpg,low,0,0.48384761810302734
aef3e9d6a5d9b83031a02c863ca4af7f311f6554db680c6984f3beec62244303,data/datasets/openfake/pilot-600/images/fake/aef3e9d6a5d9b83031a02c863ca4af7f311f6554db680c6984f3beec62244303.jpg,low,1,0.18490059673786163
aefdf042d2cb50e66ba072d2a92acfeed4bba95d659472cb85153aaf883a5eaf,data/datasets/openfake/pilot-600/images/fake/aefdf042d2cb50e66ba072d2a92acfeed4bba95d659472cb85153aaf883a5eaf.png,low,1,0.9995017051696777
af87e5fb0d6db763e2066c626ead94cf44bc59dfa4975c7651aa46a98bca4b6f,data/datasets/sid-set/candidate-1500/images/fake/af87e5fb0d6db763e2066c626ead94cf44bc59dfa4975c7651aa46a98bca4b6f.png,low,1,0.9905102849006653
afb84a89320987580f1d1360bbb2f3c9ce796e14c9a57f571600e9b47309a250,data/datasets/openfake/pilot-600/images/real/afb84a89320987580f1d1360bbb2f3c9ce796e14c9a57f571600e9b47309a250.jpg,low,0,0.02641553431749344
afbbeb1517890c33b4a19922d1904d4c36d46ba817935f7fcdd10bf20dc15b3a,data/datasets/sid-set/candidate-1500/images/fake/afbbeb1517890c33b4a19922d1904d4c36d46ba817935f7fcdd10bf20dc15b3a.png,low,1,0.9898042678833008
afe22a3edcb7326e1ea4f41b72237c373cf05793ff7114b5a8fe995ab4794e38,data/datasets/openfake/pilot-600/images/fake/afe22a3edcb7326e1ea4f41b72237c373cf05793ff7114b5a8fe995ab4794e38.png,low,1,0.9877464771270752
b0329d5b8f7a1bd515fa411b77416184ec01630fa645ea68a873708108ad0d5a,data/datasets/sid-set/candidate-1500/images/real/b0329d5b8f7a1bd515fa411b77416184ec01630fa645ea68a873708108ad0d5a.jpg,low,0,0.9984076619148254
b044d761b47eeb977c91dca7cd674ffb2d326ab62005386df872ff6d5f1d0afc,data/datasets/RRDataset/selection_1500/sara/real/real_003812.jpg,low,0,0.7313721776008606
b049fb5d805ef3233ce5489c831582c36018dcb564c7ce3190f40f1a15d6cef1,data/datasets/sid-set/candidate-1500/images/real/b049fb5d805ef3233ce5489c831582c36018dcb564c7ce3190f40f1a15d6cef1.jpg,low,0,0.9356972575187683
b0945bf9e46b56f2f540e836ea955ff979ec591b2c6c29261060c7605947a8f6,data/datasets/sid-set/candidate-1500/images/real/b0945bf9e46b56f2f540e836ea955ff979ec591b2c6c29261060c7605947a8f6.jpg,low,0,0.7787948250770569
b0e8dd9b3a5310dda59b3caba6a4c6bfe8ea97a6235a8c144c70a2cf24da5506,data/datasets/openfake/additional-900/images/fake/b0e8dd9b3a5310dda59b3caba6a4c6bfe8ea97a6235a8c144c70a2cf24da5506.png,low,1,0.9990594983100891
b105b92089defc43abdad543639f89f13d692f30d94142a34a823702b32cd580,data/datasets/openfake/additional-900/images/real/b105b92089defc43abdad543639f89f13d692f30d94142a34a823702b32cd580.jpg,low,0,0.0006633182638324797
b118ae31d79d0693f714fb959fb0427d2b02390cfeea7444d1f7ba23f964b8f3,data/datasets/openfake/pilot-600/images/fake/b118ae31d79d0693f714fb959fb0427d2b02390cfeea7444d1f7ba23f964b8f3.png,low,1,0.9701407551765442
b1219844d3483f0179fd8d9aa243cbfe414a7e4c7c6abc0d22ce5fbc7cf1dd9c,data/datasets/sid-set/candidate-1500/images/real/b1219844d3483f0179fd8d9aa243cbfe414a7e4c7c6abc0d22ce5fbc7cf1dd9c.jpg,low,0,0.4321233630180359
b129d59cfd56dfb9246f729b403b6b862d3e311376ddfa541d703a3484ac958c,data/datasets/RRDataset/selection_1500/giovanni/real/real_007990.jpg,low,0,0.9594274163246155
b13b8490922833d4fa903a52909b8523a8460230b8e99296b64739d4a483b568,data/datasets/RRDataset/selection_1500/lorenzo/real/real_000876.jpg,low,0,0.7898775935173035
b15272e3dd65e4c16b66287f67d14308c26f8466ba26acc84db72901d6fdf70b,data/datasets/sid-set/candidate-1500/images/fake/b15272e3dd65e4c16b66287f67d14308c26f8466ba26acc84db72901d6fdf70b.png,low,1,0.9870855212211609
b19f7071b020fbbbbd63f39bf157207085357ad3ea2a70e3d0268972aa97b6b1,data/datasets/openfake/additional-900/images/fake/b19f7071b020fbbbbd63f39bf157207085357ad3ea2a70e3d0268972aa97b6b1.png,low,1,0.9813824892044067
b1a2be2dfe8cea3b1c5e5569e4bc41458528cf52e3739176fd9347c584f25bf9,data/datasets/RRDataset/selection_1500/giovanni/ai/Medical_&_Public_Health_000528.png,low,1,0.9896636605262756
b1cb24a878fa7bea3292f16f93a403ba543b7d65718fdffe96aba7a6358d6fc8,data/datasets/RRDataset/selection_1500/giovanni/ai/normal_008341.png,low,1,0.9908340573310852
b22d3a1f90c92c1129ef0ef44e7cc36a0fe29a76f02772f0609f50c45e54753c,data/datasets/RRDataset/selection_1500/lorenzo/ai/normal_009388.png,low,1,0.999882698059082
b2c44efd69b65ba6668b765bb56e6bd5c0b2414652a14736960a3cd648099e5c,data/datasets/sid-set/candidate-1500/images/fake/b2c44efd69b65ba6668b765bb56e6bd5c0b2414652a14736960a3cd648099e5c.png,low,1,0.7542577385902405
b2cb739e1aa38e73ea7cd9b849294027374eb622d0c00c036e907a3e6ff094cc,data/datasets/openfake/additional-900/images/fake/b2cb739e1aa38e73ea7cd9b849294027374eb622d0c00c036e907a3e6ff094cc.png,low,1,0.9946885108947754
b3079459459f503f5c78975144b05a59049018e6e2b6759daeda414af5f49410,data/datasets/sid-set/candidate-1500/images/real/b3079459459f503f5c78975144b05a59049018e6e2b6759daeda414af5f49410.jpg,low,0,0.13819684088230133
b391c6301c7309c91ff4cae743d67ff226651cc394ca1fc4b619d5106d340da4,data/datasets/sid-set/candidate-1500/images/fake/b391c6301c7309c91ff4cae743d67ff226651cc394ca1fc4b619d5106d340da4.png,low,1,0.8342624306678772
b3b861ba820feb92a4548f986b3f136b184ae995eb308ed99fca612888b7d1eb,data/datasets/RRDataset/selection_1500/giovanni/ai/Natural_Disasters_&_Accidents_000071.png,low,1,0.9872326850891113
b40c4c33b33726176e880cfe8c274e3a735bfd3abf680974ade71c4c63375c2f,data/datasets/RRDataset/selection_1500/sara/ai/normal_009833.png,low,1,0.2173749804496765
b435ea29a9716c280fb830cbec7e3e45856cafec495295148d13cc790866e848,data/datasets/RRDataset/selection_1500/lorenzo/ai/normal_008485.png,low,1,0.7870511412620544
b45160ea8809f91711a57d99266781e3cffc50a597a13ff9e0bf2390a9a23c08,data/datasets/RRDataset/selection_1500/lorenzo/real/real_001202.jpg,low,0,0.1103237047791481
b46ef81de7dfd73e8534651ae9e69fa2cbcdaeaaf9dc6fe0b1211eea479ee885,data/datasets/openfake/pilot-600/images/fake/b46ef81de7dfd73e8534651ae9e69fa2cbcdaeaaf9dc6fe0b1211eea479ee885.png,low,1,0.999030590057373
b49e257e2494856054e81dee2aff78ccccf05514805ed5838e47882d68ca611f,data/datasets/openfake/additional-900/images/real/b49e257e2494856054e81dee2aff78ccccf05514805ed5838e47882d68ca611f.jpg,low,0,0.48865583539009094
b4a82aa390209e5446a22261041ef120fc4081c08e6f9eba1809a77fbd262b62,data/datasets/openfake/additional-900/images/real/b4a82aa390209e5446a22261041ef120fc4081c08e6f9eba1809a77fbd262b62.jpg,low,0,0.7947975993156433
b4abd5589bd9165beedc0a89393228cd42d03f8181f782adf3568cfd53cb46f3,data/datasets/openfake/pilot-600/images/fake/b4abd5589bd9165beedc0a89393228cd42d03f8181f782adf3568cfd53cb46f3.png,low,1,0.9968461394309998
b4f4d7f660943ca2db164ff4f07e8d4915354ba2f05e20827f2d0469b6a5c937,data/datasets/sid-set/candidate-1500/images/fake/b4f4d7f660943ca2db164ff4f07e8d4915354ba2f05e20827f2d0469b6a5c937.png,low,1,0.9947856068611145
b4fa42808c3ecab3684ecc2e4aac2bae76961e540e80990a54602e8e5e8f9347,data/datasets/sid-set/candidate-1500/images/real/b4fa42808c3ecab3684ecc2e4aac2bae76961e540e80990a54602e8e5e8f9347.jpg,low,0,0.0021691475994884968
b5134cb92892b452ecae7d738a0e5ffb2c71b6440e356e2f15361e49ce2b91ba,data/datasets/sid-set/candidate-1500/images/real/b5134cb92892b452ecae7d738a0e5ffb2c71b6440e356e2f15361e49ce2b91ba.jpg,low,0,0.13844533264636993
b54a4942138550b7a206ee4b3cda403d4f26eb9076edd006b0a74a55efd86001,data/datasets/RRDataset/selection_1500/giovanni/real/real_008247.jpg,low,0,0.9521388411521912
b5710e93f1bc7aeed4d711790bd1cd5939f33756ddc2eb17bc078a0095ab7425,data/datasets/openfake/additional-900/images/real/b5710e93f1bc7aeed4d711790bd1cd5939f33756ddc2eb17bc078a0095ab7425.jpg,low,0,0.011690451763570309
b5af5c5a6e87c5e24549a0ecc95c1b08858ee875e74f02180d4a5c26e3d237ba,data/datasets/RRDataset/selection_1500/giovanni/real/real_009982.jpg,low,0,0.7370160818099976
b5cf5c428bee66b49c5f8f3d77ba95cb7f385b1fb3252bffa8581d735a1f1563,data/datasets/sid-set/candidate-1500/images/fake/b5cf5c428bee66b49c5f8f3d77ba95cb7f385b1fb3252bffa8581d735a1f1563.png,low,1,0.9699994921684265
b65abc1ac6ce8d889b05724dc632af805d0440e947e1e865813c475dbeccbbb6,data/datasets/sid-set/candidate-1500/images/real/b65abc1ac6ce8d889b05724dc632af805d0440e947e1e865813c475dbeccbbb6.jpg,low,0,0.1904143989086151
b675c20fd32f00570aa7e8d76cd861beef4aa8aa642ecc22939a666d83dd8605,data/datasets/sid-set/candidate-1500/images/fake/b675c20fd32f00570aa7e8d76cd861beef4aa8aa642ecc22939a666d83dd8605.png,low,1,0.9906356930732727
b67d9200e858585819b350fae396cf4c17e22248feb7edececcf47ba21e2b3cf,data/datasets/sid-set/candidate-1500/images/real/b67d9200e858585819b350fae396cf4c17e22248feb7edececcf47ba21e2b3cf.jpg,low,0,0.10723765194416046
b6970f4435d5d661d649657b34af410258a5fa092a7e439c4642741fdf13e368,data/datasets/openfake/pilot-600/images/fake/b6970f4435d5d661d649657b34af410258a5fa092a7e439c4642741fdf13e368.png,low,1,0.9750783443450928
b6e29b63ea0d46e1af8f1720cc0503acf286a3745828b47d4b82bbf9a46adb8a,data/datasets/openfake/pilot-600/images/fake/b6e29b63ea0d46e1af8f1720cc0503acf286a3745828b47d4b82bbf9a46adb8a.png,low,1,0.9787327647209167
b7281f4038ea120d91482303cc3c12b6a87f4ef4ae3f611ac3d3be4e4c86419f,data/datasets/openfake/additional-900/images/real/b7281f4038ea120d91482303cc3c12b6a87f4ef4ae3f611ac3d3be4e4c86419f.jpg,low,0,0.8745591044425964
b74b388e59e3067106a821b9efb29fcd3df9ee380a50c1aafb56af3b9dbfb350,data/datasets/sid-set/candidate-1500/images/real/b74b388e59e3067106a821b9efb29fcd3df9ee380a50c1aafb56af3b9dbfb350.jpg,low,0,0.9199798107147217
b76852d2a08cd3ad26d43df50db1b60d6fbcb3b7325b5080b48a8167a992ce0c,data/datasets/sid-set/candidate-1500/images/fake/b76852d2a08cd3ad26d43df50db1b60d6fbcb3b7325b5080b48a8167a992ce0c.png,low,1,0.9789257049560547
b78616a6d905514a92e20bf8b1f8c5b29113ab0b137a005b6689d4fdc8b139ef,data/datasets/sid-set/candidate-1500/images/fake/b78616a6d905514a92e20bf8b1f8c5b29113ab0b137a005b6689d4fdc8b139ef.png,low,1,0.9383192658424377
b8444ab0e4ffa409444183569ab7da0cb2061b4407bfe8f42ebcc2954fadade4,data/datasets/sid-set/candidate-1500/images/fake/b8444ab0e4ffa409444183569ab7da0cb2061b4407bfe8f42ebcc2954fadade4.png,low,1,0.982633650302887
b85ef371ca223fd1533b06b42232ca38e7220b7898e3efde10e9173360ffdc2c,data/datasets/RRDataset/selection_1500/giovanni/ai/Natural_Disasters_&_Accidents_000411.png,low,1,0.9354230165481567
b8dfdeb99f9f643d801f1be9d17daa1c042d04ca81af8831078c48cbbf6b2e1b,data/datasets/openfake/pilot-600/images/fake/b8dfdeb99f9f643d801f1be9d17daa1c042d04ca81af8831078c48cbbf6b2e1b.png,low,1,0.6803733706474304
b923386ecfb6ccb2be530ad36b25afbf13aa27366cac35e85381a066cb82df85,data/datasets/openfake/pilot-600/images/fake/b923386ecfb6ccb2be530ad36b25afbf13aa27366cac35e85381a066cb82df85.png,low,1,0.955184280872345
b9ab65c3803be04870f501ce1f76c287413a4829cf8512e173546d17e5b749c5,data/datasets/openfake/additional-900/images/fake/b9ab65c3803be04870f501ce1f76c287413a4829cf8512e173546d17e5b749c5.jpg,low,1,0.7563652992248535
b9af8a2df88eaf15abcb69137c6f0d26e9097297c76d4a2f24d6a27f84a3b07b,data/datasets/openfake/additional-900/images/real/b9af8a2df88eaf15abcb69137c6f0d26e9097297c76d4a2f24d6a27f84a3b07b.jpg,low,0,0.002222604351118207
b9f1e762b09ba6327a27128d8126a411126e5a30ca9d7c80bc2c5510c3ee5ea8,data/datasets/openfake/additional-900/images/fake/b9f1e762b09ba6327a27128d8126a411126e5a30ca9d7c80bc2c5510c3ee5ea8.png,low,1,0.6111955642700195
b9f28a9c7e25db31da55ef294770b11995d157a819817761fc8513dd75ba304d,data/datasets/sid-set/candidate-1500/images/real/b9f28a9c7e25db31da55ef294770b11995d157a819817761fc8513dd75ba304d.jpg,low,0,0.683448314666748
ba508e63f07060eff4a08bbac8963e1c8764faa898e65434bc44b576ad5da9fa,data/datasets/RRDataset/selection_1500/sara/ai/Natural_Disasters_&_Accidents_000188.png,low,1,0.9049849510192871
ba5d3ac82d33f45fda862601c15667d042248ec61cfb9870276725ab9a65edb4,data/datasets/RRDataset/selection_1500/sara/ai/Natural_Disasters_&_Accidents_000307.png,low,1,0.9777006506919861
ba81dcda51ba351cc99b5d14b2ab9b84e83372869268a1738b84bf9fb4974455,data/datasets/openfake/additional-900/images/fake/ba81dcda51ba351cc99b5d14b2ab9b84e83372869268a1738b84bf9fb4974455.png,low,1,0.9330339431762695
bacaffab9df3b4c7154ff12c2717bee72bcfd94c71ff284757b71180bd1c4ac3,data/datasets/openfake/pilot-600/images/fake/bacaffab9df3b4c7154ff12c2717bee72bcfd94c71ff284757b71180bd1c4ac3.png,low,1,0.9845780730247498
bafce57435f4a88111d2a86496fd3ee89e842f0d72c0f7a827f005f5744a803e,data/datasets/RRDataset/selection_1500/giovanni/ai/Natural_Disasters_&_Accidents_000689.png,low,1,0.9849596619606018
bb2c161425c1f8caed20b17967a36749432ab29776b8f1322876c85631b99387,data/datasets/RRDataset/selection_1500/sara/real/real_003702.jpg,low,0,0.9904500842094421
bb3bf59ff021639b567ef56cdd96b4bab904f3ad583d5b752b483eca16693264,data/datasets/sid-set/candidate-1500/images/real/bb3bf59ff021639b567ef56cdd96b4bab904f3ad583d5b752b483eca16693264.jpg,low,0,0.4226056933403015
bb68a7f1af20a8a80fe623a6b2caefaa2a8c1d62fad12ee72e9ff99addbdc710,data/datasets/RRDataset/selection_1500/giovanni/real/real_006391.jpg,low,0,0.9678300619125366
bb695ab8eb44b4302b436345449dab6f752612967ae4058ac5a3e224f0387b57,data/datasets/RRDataset/selection_1500/giovanni/real/real_001441.jpg,low,0,0.9998780488967896
bb6bde7464e499aa217c61b588a2480726f17a2a78a9f62751383d985abb527f,data/datasets/sid-set/candidate-1500/images/real/bb6bde7464e499aa217c61b588a2480726f17a2a78a9f62751383d985abb527f.jpg,low,0,0.5724563598632812
bc6180bdfe0e7eabbfbf718abc2d13c9a50ea866abd807a9614e5d5319e49582,data/datasets/openfake/additional-900/images/real/bc6180bdfe0e7eabbfbf718abc2d13c9a50ea866abd807a9614e5d5319e49582.jpg,low,0,0.9817270040512085
bc75363f356fcb5a7020822978e5a77052da63b2c3a7750e1f5759f123789010,data/datasets/RRDataset/selection_1500/giovanni/real/real_004882.jpg,low,0,0.6776400208473206
bcb972071e3d2f8fae434bbc4cb0007f499ca748de827192dbaaa86770ebd5d1,data/datasets/openfake/pilot-600/images/real/bcb972071e3d2f8fae434bbc4cb0007f499ca748de827192dbaaa86770ebd5d1.jpg,low,0,0.20392292737960815
bcf394d31c8c08699928910b5c7d98f7cb6c8d41e894bc3f08e0e88a842d9d27,data/datasets/openfake/pilot-600/images/real/bcf394d31c8c08699928910b5c7d98f7cb6c8d41e894bc3f08e0e88a842d9d27.jpg,low,0,0.0955258309841156
bd37e7d5ac4479f6c10e29f3d7b67131cd74f0ebd3657720a6c88818c08b9c20,data/datasets/sid-set/candidate-1500/images/real/bd37e7d5ac4479f6c10e29f3d7b67131cd74f0ebd3657720a6c88818c08b9c20.jpg,low,0,0.03318489342927933
bd50762a871e010c4068126528581e297e8d68005da957f1c228bbf87d5875dc,data/datasets/openfake/pilot-600/images/real/bd50762a871e010c4068126528581e297e8d68005da957f1c228bbf87d5875dc.jpg,low,0,0.0007588652078993618
bd51b96a71b1fe71ee23c8ad30e3f671bc2f938cb7bcb8136fa3e266c48c7572,data/datasets/sid-set/candidate-1500/images/real/bd51b96a71b1fe71ee23c8ad30e3f671bc2f938cb7bcb8136fa3e266c48c7572.jpg,low,0,0.22553853690624237
bd71b955d88229d29e46cac4b02f99374d0e2af35f0ea72e03927ec9b804ef83,data/datasets/RRDataset/selection_1500/sara/ai/normal_006256.jpg,low,1,0.17931155860424042
bd9a1cac342380dd2b2c2c0a8d63c67fdbc13951960a98c5803676d194ba1905,data/datasets/sid-set/candidate-1500/images/real/bd9a1cac342380dd2b2c2c0a8d63c67fdbc13951960a98c5803676d194ba1905.jpg,low,0,0.7785865068435669
bd9f7da1d77bbcad4a67a3dc563f5272bb032384cd3f50f022d2101cd102cfe3,data/datasets/sid-set/candidate-1500/images/real/bd9f7da1d77bbcad4a67a3dc563f5272bb032384cd3f50f022d2101cd102cfe3.jpg,low,0,0.9437316656112671
bdf6bc960890c6f28c0bd3b42928ff08c7f1224bc3f41a5b0904840752270915,data/datasets/RRDataset/selection_1500/giovanni/real/real_001406.jpg,low,0,0.9086667895317078
be19b3439e6904df526e5c3867b6a506e0ce555cb217dda86a7061a208869950,data/datasets/sid-set/candidate-1500/images/real/be19b3439e6904df526e5c3867b6a506e0ce555cb217dda86a7061a208869950.jpg,low,0,0.9830742478370667
be34c6c6be47d183ee322a2dfa7f8ba7e2798bdb56d15e18af2bce57531bf0b2,data/datasets/sid-set/candidate-1500/images/fake/be34c6c6be47d183ee322a2dfa7f8ba7e2798bdb56d15e18af2bce57531bf0b2.png,low,1,0.9510459899902344
be4f37dc0f1bd498c3c5a1497cb70b9c91f534b7be4ab124408325fe6945274b,data/datasets/RRDataset/selection_1500/lorenzo/real/real_005181.jpg,low,0,0.7026814222335815
bf20cd4e25fbf686600ec1b52346b5b807c6e55981967c000b8196dcb845d557,data/datasets/RRDataset/selection_1500/sara/real/real_005846.jpg,low,0,0.7239522337913513
bf2c410656b72a6f72eef3dded9557faca8d1d16467ade85fadf03ca29abdf95,data/datasets/openfake/pilot-600/images/fake/bf2c410656b72a6f72eef3dded9557faca8d1d16467ade85fadf03ca29abdf95.jpg,low,1,0.17382007837295532
bf479e0750e5e3369d9ac474cf7368fb4205801e25e9a71c59230965f56b34f1,data/datasets/sid-set/candidate-1500/images/real/bf479e0750e5e3369d9ac474cf7368fb4205801e25e9a71c59230965f56b34f1.jpg,low,0,0.15768694877624512
bfc461f7064e5d49fd47f7972efbe58b71c08180f05e84a73382e192795e7427,data/datasets/sid-set/candidate-1500/images/fake/bfc461f7064e5d49fd47f7972efbe58b71c08180f05e84a73382e192795e7427.png,low,1,0.9695713520050049
bfc5ed7f21248dd3a2e3fe1386b83630348ebbaf83c350772b1ae1301e78225f,data/datasets/openfake/additional-900/images/fake/bfc5ed7f21248dd3a2e3fe1386b83630348ebbaf83c350772b1ae1301e78225f.png,low,1,0.9666000008583069
bff186d88d7a3c1462c164aef46879f065a40e6957d7b92a812ceefa9d855fd4,data/datasets/RRDataset/selection_1500/giovanni/ai/normal_007328.png,low,1,0.9991224408149719
c01a372863adec6660e76540c55d88df25016129fcdbc0e2d25933b448113d57,data/datasets/sid-set/candidate-1500/images/fake/c01a372863adec6660e76540c55d88df25016129fcdbc0e2d25933b448113d57.png,low,1,0.9947829842567444
c03b1be4d25db85dee1e6a6508242e39f954f2d40d1853e91e34ca108d16a78a,data/datasets/RRDataset/selection_1500/sara/real/real_004288.jpg,low,0,0.9732325673103333
c09bd61aca54190fa488d1814b4ccb714006430347de30ef924dcebfadfaab43,data/datasets/RRDataset/selection_1500/sara/ai/Natural_Disasters_&_Accidents_000752.png,low,1,0.9853402972221375
c0cfe945efc93afbf85660bc40632215f7a05de031ea13b4bbcaddbefa5d27f8,data/datasets/RRDataset/selection_1500/sara/real/real_007535.jpg,low,0,0.6665228009223938
c14a0f44a6cfb67a9d4aab110d2fcbe3ea38c17035d88f4514d3a8256beac8fa,data/datasets/openfake/additional-900/images/real/c14a0f44a6cfb67a9d4aab110d2fcbe3ea38c17035d88f4514d3a8256beac8fa.jpg,low,0,0.0184037946164608
c19b23bf7c8b665d6298a945dd7f72d389df6d14fdb822ea880b9f2f35f4ea53,data/datasets/sid-set/candidate-1500/images/fake/c19b23bf7c8b665d6298a945dd7f72d389df6d14fdb822ea880b9f2f35f4ea53.png,low,1,0.9971767663955688
c19e9262271c6d71522d698cf9e29dcf3a0368c05df61c760717707869c9718e,data/datasets/sid-set/candidate-1500/images/fake/c19e9262271c6d71522d698cf9e29dcf3a0368c05df61c760717707869c9718e.png,low,1,0.7421836853027344
c1b3987289afa0622c55c045ea4647403619dfc067ccf01cc1798bb9fc6b606f,data/datasets/openfake/additional-900/images/fake/c1b3987289afa0622c55c045ea4647403619dfc067ccf01cc1798bb9fc6b606f.png,low,1,0.10605703294277191
c1b3f31da807d1c6bcefffe55f71a0c217667319557d4af9fbea5ed6930ae674,data/datasets/sid-set/candidate-1500/images/real/c1b3f31da807d1c6bcefffe55f71a0c217667319557d4af9fbea5ed6930ae674.jpg,low,0,0.3230413794517517
c209e1896104d85f4453ec045d05e47e15e6762106b49c85514fbe8b331ec317,data/datasets/sid-set/candidate-1500/images/fake/c209e1896104d85f4453ec045d05e47e15e6762106b49c85514fbe8b331ec317.png,low,1,0.8905395269393921
c26de6b94b71f06cbb3cc38b4256555cc1519d1779b19ede5a65fe169d5bfe80,data/datasets/openfake/additional-900/images/fake/c26de6b94b71f06cbb3cc38b4256555cc1519d1779b19ede5a65fe169d5bfe80.png,low,1,0.7909860014915466
c27fbaa7f75648c42fd28f8b7a3cd2f1a58ad107aa454be774a412b9fc08f271,data/datasets/openfake/additional-900/images/real/c27fbaa7f75648c42fd28f8b7a3cd2f1a58ad107aa454be774a412b9fc08f271.jpg,low,0,0.0005936376983299851
c2ada42c0c8b008831e0affc4710aea1af0342a1bbdf3962acf72ded64e3c931,data/datasets/RRDataset/selection_1500/lorenzo/ai/normal_006326.jpg,low,1,0.7025818228721619
c2e8417242aefcba4f35ca5cc77090d74b8dfd00d9f17e49e776889f2a7ea5a0,data/datasets/openfake/additional-900/images/real/c2e8417242aefcba4f35ca5cc77090d74b8dfd00d9f17e49e776889f2a7ea5a0.jpg,low,0,0.005614813417196274
c31c092b1251b417ca86eeffa552b9bbea9711076900590f74eeb28a128d7d4e,data/datasets/RRDataset/selection_1500/lorenzo/real/real_008077.jpg,low,0,0.9564082622528076
c32119264940e68ed08f6ecdae85f5d84cb60bc17ec1cf1b57ac0bb435cea278,data/datasets/sid-set/candidate-1500/images/real/c32119264940e68ed08f6ecdae85f5d84cb60bc17ec1cf1b57ac0bb435cea278.jpg,low,0,0.3827631175518036
c3547d5d3389266a9e52cdee97d7cb5d10592b539e0c40bfa95837bff6f38cb9,data/datasets/sid-set/candidate-1500/images/real/c3547d5d3389266a9e52cdee97d7cb5d10592b539e0c40bfa95837bff6f38cb9.jpg,low,0,0.8357210159301758
c36f1c377c4fa2714ad152a8175f4209c33312af4c9e8c83c5297a95e32d3f6c,data/datasets/sid-set/candidate-1500/images/fake/c36f1c377c4fa2714ad152a8175f4209c33312af4c9e8c83c5297a95e32d3f6c.png,low,1,0.9950494170188904
c38d6a709302f7a35c19e84f7abfeb2a3a874f7061549a3c7c8404b9515cd051,data/datasets/sid-set/candidate-1500/images/fake/c38d6a709302f7a35c19e84f7abfeb2a3a874f7061549a3c7c8404b9515cd051.png,low,1,0.9851546883583069
c392c0d60256fa70d6db2fbaa2800f0833cb5a63e686c78e4386b8106b57a2e6,data/datasets/openfake/pilot-600/images/fake/c392c0d60256fa70d6db2fbaa2800f0833cb5a63e686c78e4386b8106b57a2e6.webp,low,1,0.8940021395683289
c395e92c0125e4624b2e66e47c7f8af7bf8ace0f6858ef09cab036cd72a474bd,data/datasets/RRDataset/selection_1500/giovanni/real/real_008858.jpg,low,0,0.16471996903419495
c3996a8faa03d6bdc27ef148911f0f8ea58e60f62e91057c165e76b2454683a0,data/datasets/sid-set/candidate-1500/images/real/c3996a8faa03d6bdc27ef148911f0f8ea58e60f62e91057c165e76b2454683a0.jpg,low,0,0.9264430999755859
c3aea48d4de71effb22bf88858c543673e50d8cc3e21438f7ef442c62a1315dd,data/datasets/openfake/additional-900/images/real/c3aea48d4de71effb22bf88858c543673e50d8cc3e21438f7ef442c62a1315dd.jpg,low,0,0.332685649394989
c3b15dd0213564889cf6dc0503b0a22c76b42ea98572550f3cb69f6cbe1ddca2,data/datasets/sid-set/candidate-1500/images/real/c3b15dd0213564889cf6dc0503b0a22c76b42ea98572550f3cb69f6cbe1ddca2.jpg,low,0,0.6432979702949524
c3d7812ae36bd3d9f350ac75178914e8298e099972b164c0a8c5f2467761628d,data/datasets/sid-set/candidate-1500/images/real/c3d7812ae36bd3d9f350ac75178914e8298e099972b164c0a8c5f2467761628d.jpg,low,0,0.47766751050949097
c428e09e973264c800a479d2d3cf8b9331a0d52f485a3d3b06f581dbaaba1f1f,data/datasets/RRDataset/selection_1500/lorenzo/real/real_005466.jpg,low,0,0.988947868347168
c454359a220ea4121f6c34758bad4a93494cd56ff2aa931a13d4e634bb05d546,data/datasets/RRDataset/selection_1500/sara/real/real_000149.jpg,low,0,0.8963646292686462
c4556a8deefe7001d27544fc113c3ce28d886d2c763fa73497e23736bb7dc8f3,data/datasets/openfake/additional-900/images/fake/c4556a8deefe7001d27544fc113c3ce28d886d2c763fa73497e23736bb7dc8f3.png,low,1,0.9946927428245544
c4783c4049a9805c3cc616653b7a9c1154ba4460e212e4953104651739588e20,data/datasets/RRDataset/selection_1500/sara/ai/normal_007678.png,low,1,0.9481671452522278
c488561e5176c63ed3c7d1097da0b024c917b99241a91e53f9e05d17b31e5590,data/datasets/sid-set/candidate-1500/images/fake/c488561e5176c63ed3c7d1097da0b024c917b99241a91e53f9e05d17b31e5590.png,low,1,0.9834399223327637
c4bd6f92cac183d61bbec7029ee3ddce84d3bf567c8196541f2b3e494bc6262f,data/datasets/sid-set/candidate-1500/images/fake/c4bd6f92cac183d61bbec7029ee3ddce84d3bf567c8196541f2b3e494bc6262f.png,low,1,0.9557885527610779
c4d19a75ffec3b25458e7a44dd7e1c11a3e9b106e060a74e89c83e785dfc7b54,data/datasets/sid-set/candidate-1500/images/fake/c4d19a75ffec3b25458e7a44dd7e1c11a3e9b106e060a74e89c83e785dfc7b54.png,low,1,0.9824997186660767
c4da5465a34e7c9cafb597ff062d954935b53ed2f82977bb59580d894d150f6c,data/datasets/sid-set/candidate-1500/images/fake/c4da5465a34e7c9cafb597ff062d954935b53ed2f82977bb59580d894d150f6c.png,low,1,0.9698278903961182
c4ef5ef2f139691c9191ca331101cf7967aa87fac84e8a4c889825b6f73283c7,data/datasets/sid-set/candidate-1500/images/fake/c4ef5ef2f139691c9191ca331101cf7967aa87fac84e8a4c889825b6f73283c7.png,low,1,0.9811000823974609
c51b5ff267614c664e7428ab41d02d6125898bfa06e9be25af83aae46c2d10ea,data/datasets/RRDataset/selection_1500/lorenzo/real/real_009272.jpg,low,0,0.5331066846847534
c547cb0581de3361818ace4aab810a05fb1273992a78fed349eaf501bf4f4137,data/datasets/openfake/pilot-600/images/real/c547cb0581de3361818ace4aab810a05fb1273992a78fed349eaf501bf4f4137.jpg,low,0,0.0015733990585431457
c552f3317939b6619ff5cfe8c73c46c452637a27c6f698ad43382e8a54d5f0ba,data/datasets/openfake/additional-900/images/fake/c552f3317939b6619ff5cfe8c73c46c452637a27c6f698ad43382e8a54d5f0ba.png,low,1,0.3191591501235962
c5a3eaa6665a95f6bfaacdae124b8c1581adb5d46b9e81efe81c136e04c3ec44,data/datasets/openfake/additional-900/images/fake/c5a3eaa6665a95f6bfaacdae124b8c1581adb5d46b9e81efe81c136e04c3ec44.png,low,1,0.9727986454963684
c5acc4c0d20d4c574674bc76ab9a2ce1d2da0cbc5d0cb3f18debb28d493360b6,data/datasets/openfake/pilot-600/images/real/c5acc4c0d20d4c574674bc76ab9a2ce1d2da0cbc5d0cb3f18debb28d493360b6.jpg,low,0,0.6601792573928833
c5b00e14eb9bd2e8d1107f945298e17d4913731800fbdba1e3d29e890ce37af0,data/datasets/sid-set/candidate-1500/images/fake/c5b00e14eb9bd2e8d1107f945298e17d4913731800fbdba1e3d29e890ce37af0.png,low,1,0.9893931150436401
c5b60bff36a159885d17f1a589a775763883b8f49126b88f5ad6ac86f6514565,data/datasets/openfake/additional-900/images/fake/c5b60bff36a159885d17f1a589a775763883b8f49126b88f5ad6ac86f6514565.png,low,1,0.9994745850563049
c5cecca0bbd71422ad42e3462031c0b2b1956cb1ace18ab3407faf4587f03556,data/datasets/openfake/additional-900/images/real/c5cecca0bbd71422ad42e3462031c0b2b1956cb1ace18ab3407faf4587f03556.jpg,low,0,0.12754417955875397
c644e665dac13a3df989d9e1eab41a3391c68331d70d231e01ac7678d1ad2788,data/datasets/sid-set/candidate-1500/images/fake/c644e665dac13a3df989d9e1eab41a3391c68331d70d231e01ac7678d1ad2788.png,low,1,0.9949278831481934
c64d7c60128530a9e04a90a9c283eee5683407f2e178f7fe723d839e03ea0b03,data/datasets/RRDataset/selection_1500/sara/ai/Natural_Disasters_&_Accidents_000173.png,low,1,0.9621210098266602
c67d5588da0bfef73e8d35fd1cc41d9f798902c76190185b2446de322a605d92,data/datasets/openfake/additional-900/images/real/c67d5588da0bfef73e8d35fd1cc41d9f798902c76190185b2446de322a605d92.jpg,low,0,0.10091283917427063
c6b43140a0072bcf2f69902864e6b9b8d4119be6e7b8172192fcb2750ac867da,data/datasets/RRDataset/selection_1500/sara/real/real_004558.jpg,low,0,0.899670422077179
c77e38356353d90bdb96c476031ab7d0fbc0e5d6729042bdadf72d42e63a2f18,data/datasets/openfake/pilot-600/images/real/c77e38356353d90bdb96c476031ab7d0fbc0e5d6729042bdadf72d42e63a2f18.jpg,low,0,0.030853817239403725
c7ae950025c33e5cf3faa8741e7237f4868205a0dbb3a71ff9be6d593b26e9c8,data/datasets/sid-set/candidate-1500/images/real/c7ae950025c33e5cf3faa8741e7237f4868205a0dbb3a71ff9be6d593b26e9c8.jpg,low,0,0.9638053178787231
c7b6d965c1c462badf3fdfa4c22e6fe793ec31ad1898fe848ab8bea2e7ea6afa,data/datasets/RRDataset/selection_1500/sara/ai/Natural_Disasters_&_Accidents_000274.png,low,1,0.9836898446083069
c7baedfc6decc5c7629e579fd63cf2fb34368602ce69a8566acbfea163f3ccea,data/datasets/sid-set/candidate-1500/images/fake/c7baedfc6decc5c7629e579fd63cf2fb34368602ce69a8566acbfea163f3ccea.png,low,1,0.9944167137145996
c7c7a871819613af30c00308641b9d76fb76e55283f88a1dd5992eccacd3c877,data/datasets/RRDataset/selection_1500/sara/real/real_007893.jpg,low,0,0.9990770816802979
c7fb8de52497a2e1a197583305168c70736bad1b28b08688216581ada130e336,data/datasets/openfake/additional-900/images/real/c7fb8de52497a2e1a197583305168c70736bad1b28b08688216581ada130e336.jpg,low,0,0.402221143245697
c846ae866d667416b1596b947cade400c68941cfc515c7b663d832d38bd40419,data/datasets/sid-set/candidate-1500/images/real/c846ae866d667416b1596b947cade400c68941cfc515c7b663d832d38bd40419.jpg,low,0,0.14143307507038116
c853d0cac2b865434dc1e5b3ddf483ebda85dd609cbbca5bb1a9a3462065a3e5,data/datasets/openfake/additional-900/images/fake/c853d0cac2b865434dc1e5b3ddf483ebda85dd609cbbca5bb1a9a3462065a3e5.png,low,1,0.9728698134422302
c8cca11e15c637ee7f85ba35e33ad31faf2ce28c0acf0b988b0dfd1ed5a1adbd,data/datasets/openfake/pilot-600/images/fake/c8cca11e15c637ee7f85ba35e33ad31faf2ce28c0acf0b988b0dfd1ed5a1adbd.png,low,1,0.6408216953277588
c8e311ffc8f1f49ab711b2fc77d4d10501bcd8e3238cc67227022bac944b125d,data/datasets/sid-set/candidate-1500/images/fake/c8e311ffc8f1f49ab711b2fc77d4d10501bcd8e3238cc67227022bac944b125d.png,low,1,0.9792784452438354
c928c6fa5ba42d0f1d7d65f7f95ebd23ae3835a597a90371c7e8b28518ba74b5,data/datasets/sid-set/candidate-1500/images/fake/c928c6fa5ba42d0f1d7d65f7f95ebd23ae3835a597a90371c7e8b28518ba74b5.png,low,1,0.9926047325134277
c986e249b579192a6f753205ab530e701908d8b3c90573534cacaa90be4d616f,data/datasets/sid-set/candidate-1500/images/real/c986e249b579192a6f753205ab530e701908d8b3c90573534cacaa90be4d616f.jpg,low,0,0.9478805065155029
c992117752f71da1657bd9b2c35ff7493c385dca41631d1f10331a1978aee365,data/datasets/openfake/additional-900/images/real/c992117752f71da1657bd9b2c35ff7493c385dca41631d1f10331a1978aee365.jpg,low,0,0.5547224283218384
c9b2ac5127dbd56494e84850d3dc58fa9310669fd40bdef7783f189db450e741,data/datasets/sid-set/candidate-1500/images/fake/c9b2ac5127dbd56494e84850d3dc58fa9310669fd40bdef7783f189db450e741.png,low,1,0.9782503247261047
c9cb697c68d65a32e8dd0c7b19c6f0ab6c1112426d8a12eb2307794dac708e19,data/datasets/sid-set/candidate-1500/images/fake/c9cb697c68d65a32e8dd0c7b19c6f0ab6c1112426d8a12eb2307794dac708e19.png,low,1,0.9831998348236084
c9cca6efd78d722b5c4e4a8c836e7121c40b6e95752ce9f0caf8e2efe7c0800f,data/datasets/sid-set/candidate-1500/images/fake/c9cca6efd78d722b5c4e4a8c836e7121c40b6e95752ce9f0caf8e2efe7c0800f.png,low,1,0.9421529769897461
ca202ce83730c4484a9d3909d34371ec8767a3db93e5ea3b92d922fc2160fda1,data/datasets/sid-set/candidate-1500/images/real/ca202ce83730c4484a9d3909d34371ec8767a3db93e5ea3b92d922fc2160fda1.jpg,low,0,0.005033825524151325
ca3a7670f11788f0d42a4470534927e86a7d66ac993e94bd01c9c576aa2c431e,data/datasets/sid-set/candidate-1500/images/real/ca3a7670f11788f0d42a4470534927e86a7d66ac993e94bd01c9c576aa2c431e.jpg,low,0,0.9936541318893433
ca7b8ebd812b021b9d07476fe4361b8aac368fb68b7f4c36ae695622941f4eaf,data/datasets/RRDataset/selection_1500/sara/ai/normal_009867.png,low,1,0.9725310206413269
ca9499514fe61ec409984dea1b71bc0a2f967ab4522aaec89082563b0b57ecfa,data/datasets/RRDataset/selection_1500/sara/ai/Natural_Disasters_&_Accidents_000931.png,low,1,0.9738905429840088
cac7904f0b12850eaa151cd1a61321e74b4576c8ddbcf8a0ba408086bc43f0c0,data/datasets/sid-set/candidate-1500/images/fake/cac7904f0b12850eaa151cd1a61321e74b4576c8ddbcf8a0ba408086bc43f0c0.png,low,1,0.9931172132492065
cadb648dc62ae05472b2e4ed3cbe5560895d8285cec838c2497f595dc0ec2cfc,data/datasets/sid-set/candidate-1500/images/real/cadb648dc62ae05472b2e4ed3cbe5560895d8285cec838c2497f595dc0ec2cfc.jpg,low,0,0.9511419534683228
cb2e26eb0d083007784404bf5915286bc1566ce9bf1b3a3174df8a674c1effee,data/datasets/sid-set/candidate-1500/images/real/cb2e26eb0d083007784404bf5915286bc1566ce9bf1b3a3174df8a674c1effee.jpg,low,0,0.5154147744178772
cb7a958a7b0f2f8cc915c2a2b4063a96ef6c288d5c1e1e0144e02e7b09fd5741,data/datasets/RRDataset/selection_1500/lorenzo/ai/normal_007789.png,low,1,0.8156946897506714
cbad67fdac0a4b0116d73f2a9c238b53c360c9bcf23d9f4ae115539bbf12f2fa,data/datasets/sid-set/candidate-1500/images/fake/cbad67fdac0a4b0116d73f2a9c238b53c360c9bcf23d9f4ae115539bbf12f2fa.png,low,1,0.7710511684417725
cbfbc22ff9c68dd39579b3a5b309646e2882de98ae9f3bb143e1b2285c6ced39,data/datasets/openfake/pilot-600/images/fake/cbfbc22ff9c68dd39579b3a5b309646e2882de98ae9f3bb143e1b2285c6ced39.png,low,1,0.9659806489944458
cc3dcb7cb4b21477aa05b561dd8a69366d4c1bdbe32a0d1a3abce83e81697b79,data/datasets/sid-set/candidate-1500/images/real/cc3dcb7cb4b21477aa05b561dd8a69366d4c1bdbe32a0d1a3abce83e81697b79.jpg,low,0,0.9640889167785645
cccd278ddeab436195b4082d44161517c78b41724a32efa0377dee6ae79e7e3d,data/datasets/openfake/pilot-600/images/real/cccd278ddeab436195b4082d44161517c78b41724a32efa0377dee6ae79e7e3d.jpg,low,0,0.7229189276695251
ccff5eb6a4c140fd11b9acff247e8bbada300d825ecd38121279858a77512cb9,data/datasets/RRDataset/selection_1500/giovanni/real/real_007968.jpg,low,0,0.9971010088920593
cd3c127c8b030ec979388c5308eba8b6097d9a8f67144835ebf06d49315f6ab8,data/datasets/sid-set/candidate-1500/images/real/cd3c127c8b030ec979388c5308eba8b6097d9a8f67144835ebf06d49315f6ab8.jpg,low,0,0.9257701635360718
cd43cde1efd10f923261d6d537942db5bef2ebfe88781825df5521c65ab1fd36,data/datasets/openfake/pilot-600/images/real/cd43cde1efd10f923261d6d537942db5bef2ebfe88781825df5521c65ab1fd36.jpg,low,0,0.412686824798584
cd60ca0389ce13b5e921b886f9a9314996582ca3cd227c040f6dbc9870f9f0c7,data/datasets/openfake/pilot-600/images/real/cd60ca0389ce13b5e921b886f9a9314996582ca3cd227c040f6dbc9870f9f0c7.jpg,low,0,0.8388864994049072
cd67ceba1cda98526d9c75aaa16ee14d0354234d9ad67fb847b17829ba5336ca,data/datasets/RRDataset/selection_1500/lorenzo/ai/Natural_Disasters_&_Accidents_000605.png,low,1,0.9956436157226562
cd9bbfb9d0842bf2f38404c1eb4d63c4a01d24ce46d7abde4f57bed02071e4c4,data/datasets/openfake/additional-900/images/fake/cd9bbfb9d0842bf2f38404c1eb4d63c4a01d24ce46d7abde4f57bed02071e4c4.png,low,1,0.9930457472801208
cdc6c2adcbea5b64d50b74af4c0443e3aa6614588b5fdacdb905fe237bb074fe,data/datasets/sid-set/candidate-1500/images/fake/cdc6c2adcbea5b64d50b74af4c0443e3aa6614588b5fdacdb905fe237bb074fe.png,low,1,0.9989210367202759
ce0234ea012a7dcd12725d5b81123ce28bb76615e8a291f91b479afd5e9456e7,data/datasets/sid-set/candidate-1500/images/real/ce0234ea012a7dcd12725d5b81123ce28bb76615e8a291f91b479afd5e9456e7.jpg,low,0,0.894782304763794
cecf451bc08036fd8fba5e930616312e3b3ecd838bb11ccb1f2af5eedb15df2f,data/datasets/openfake/pilot-600/images/real/cecf451bc08036fd8fba5e930616312e3b3ecd838bb11ccb1f2af5eedb15df2f.jpg,low,0,0.03256560117006302
cf7eae2ef4fb850a0c675fbd6c87c711719f7e314dcb6a1e14563114e78111ec,data/datasets/sid-set/candidate-1500/images/fake/cf7eae2ef4fb850a0c675fbd6c87c711719f7e314dcb6a1e14563114e78111ec.png,low,1,0.9662750959396362
cfc079b8e88ffd7c99544d22474143afa1858af1e5dd8c5af391a58bf1fb6fab,data/datasets/sid-set/candidate-1500/images/fake/cfc079b8e88ffd7c99544d22474143afa1858af1e5dd8c5af391a58bf1fb6fab.png,low,1,0.9766635298728943
d00e23a38eee1b8ff4591c4c85cab1b56df0095137d83f0a483d638a2785b7aa,data/datasets/openfake/pilot-600/images/fake/d00e23a38eee1b8ff4591c4c85cab1b56df0095137d83f0a483d638a2785b7aa.png,low,1,0.7924139499664307
d0161538206a535b6956462d811114ec40e0326efa1aa3ccfff25f3e45f5610a,data/datasets/sid-set/candidate-1500/images/real/d0161538206a535b6956462d811114ec40e0326efa1aa3ccfff25f3e45f5610a.jpg,low,0,0.0015488946810364723
d033311ac0c4f9301cb10cb4ac12d3345c75c4050b4a0c107f47a08574ee5cb2,data/datasets/sid-set/candidate-1500/images/fake/d033311ac0c4f9301cb10cb4ac12d3345c75c4050b4a0c107f47a08574ee5cb2.png,low,1,0.9940453767776489
d066fa92015c721afa42138ea2408efdd74734b0cd7e8a23d71f0c4b7cd5873b,data/datasets/RRDataset/selection_1500/giovanni/real/real_005336.jpg,low,0,0.9746042490005493
d07510b419579daf702319254e8bb737e5690db2805c497c1adab080e18bb838,data/datasets/sid-set/candidate-1500/images/fake/d07510b419579daf702319254e8bb737e5690db2805c497c1adab080e18bb838.png,low,1,0.9787705540657043
d0dee66e504b84ac5b656aac4e55a1fe2565405294755b7d0e3f187c16d6cf2f,data/datasets/openfake/additional-900/images/real/d0dee66e504b84ac5b656aac4e55a1fe2565405294755b7d0e3f187c16d6cf2f.jpg,low,0,0.020686279982328415
d0ea346173a8ea9d9609105b8384dd6cc9fcdcb427c6f03f993a1308d304e0c5,data/datasets/openfake/additional-900/images/real/d0ea346173a8ea9d9609105b8384dd6cc9fcdcb427c6f03f993a1308d304e0c5.jpg,low,0,0.5968707799911499
d1196bb04d53db305d19203b7e402bf6f7374cd4b7df22793c98f6ebf9f192db,data/datasets/RRDataset/selection_1500/sara/real/real_008998.jpg,low,0,0.5372829437255859
d1406b63b8991e1afe2721c5485149eb68085b65b9334faae7070864c4018c55,data/datasets/sid-set/candidate-1500/images/fake/d1406b63b8991e1afe2721c5485149eb68085b65b9334faae7070864c4018c55.png,low,1,0.9777037501335144
d19cb270e4bcab9a280501759878d5045502d6cf43a990520c74103b9c72cf20,data/datasets/openfake/additional-900/images/fake/d19cb270e4bcab9a280501759878d5045502d6cf43a990520c74103b9c72cf20.webp,low,1,0.9825321435928345
d1d0f0ac2435f7c15a17707b4ca5db78b39ec1880db9748fba24d8a50eee028b,data/datasets/openfake/additional-900/images/fake/d1d0f0ac2435f7c15a17707b4ca5db78b39ec1880db9748fba24d8a50eee028b.png,low,1,0.5543696880340576
d1d9002f4dee6fb725789afec8cc8f1f9057a8a7384a5362ed44421e0bcc0ad4,data/datasets/openfake/additional-900/images/fake/d1d9002f4dee6fb725789afec8cc8f1f9057a8a7384a5362ed44421e0bcc0ad4.png,low,1,0.9587423205375671
d1ee3fd294c5971109f366f639d25a30da2cc4f3978690cca1f5da60fe4f1d6c,data/datasets/openfake/additional-900/images/fake/d1ee3fd294c5971109f366f639d25a30da2cc4f3978690cca1f5da60fe4f1d6c.png,low,1,0.9789303541183472
d22ab4418eac167cad647691d1d2d705aafb9d508c492e2e5e0c131dca4f4baa,data/datasets/openfake/additional-900/images/real/d22ab4418eac167cad647691d1d2d705aafb9d508c492e2e5e0c131dca4f4baa.jpg,low,0,0.3198081851005554
d2501bfc7f5d57c6a72f3ccfefdf85037eea90ec92248c1898ce9ba11922d8c3,data/datasets/openfake/additional-900/images/real/d2501bfc7f5d57c6a72f3ccfefdf85037eea90ec92248c1898ce9ba11922d8c3.jpg,low,0,0.45296862721443176
d252d88f1f77f3508e6511f26d2239456f7aa22b2f68ff09a8543ff7e53c3f37,data/datasets/sid-set/candidate-1500/images/real/d252d88f1f77f3508e6511f26d2239456f7aa22b2f68ff09a8543ff7e53c3f37.jpg,low,0,0.33209991455078125
d2a9cff7b9b79f68fff94d8fc4abe506ee5a50b94644a655b0582bb277facdb8,data/datasets/openfake/additional-900/images/real/d2a9cff7b9b79f68fff94d8fc4abe506ee5a50b94644a655b0582bb277facdb8.jpg,low,0,0.4011768102645874
d2fa49d263bf944fd959e358325b53e3ccc1fac088d360906653843a8f808cac,data/datasets/sid-set/candidate-1500/images/fake/d2fa49d263bf944fd959e358325b53e3ccc1fac088d360906653843a8f808cac.png,low,1,0.9783639311790466
d34a7659946c94adf783d64e301565181f1c360f61ea9fe6775a5bb077ab754d,data/datasets/sid-set/candidate-1500/images/fake/d34a7659946c94adf783d64e301565181f1c360f61ea9fe6775a5bb077ab754d.png,low,1,0.8052164912223816
d37a223c59f986e77b04456ea2b45973c3bce7e9c502f6b3d6050e9d0719dc7f,data/datasets/openfake/pilot-600/images/real/d37a223c59f986e77b04456ea2b45973c3bce7e9c502f6b3d6050e9d0719dc7f.jpg,low,0,0.14944840967655182
d3e1f3f3797b93ce82c592a7d3e9b04abfb264e2c78624a2ea0cf479db6d7e78,data/datasets/sid-set/candidate-1500/images/fake/d3e1f3f3797b93ce82c592a7d3e9b04abfb264e2c78624a2ea0cf479db6d7e78.png,low,1,0.9867823123931885
d3eccadf277467cb9d8e32c5eb9347e122adf936950801658fe22433e7a1edb5,data/datasets/openfake/additional-900/images/fake/d3eccadf277467cb9d8e32c5eb9347e122adf936950801658fe22433e7a1edb5.jpg,low,1,0.6245478987693787
d438e300b69595b3a3fd6df904e985822d5914578e4e380118bf4dbd0c9c07db,data/datasets/openfake/additional-900/images/fake/d438e300b69595b3a3fd6df904e985822d5914578e4e380118bf4dbd0c9c07db.jpg,low,1,0.9206110835075378
d4ab121d36684b193407d1a1532fe43301534315bdf4f0e8ed401216f4c5d60c,data/datasets/sid-set/candidate-1500/images/fake/d4ab121d36684b193407d1a1532fe43301534315bdf4f0e8ed401216f4c5d60c.png,low,1,0.887758731842041
d4c171932f0f7d2f8b4d3626881885b301584838a42007ba6a393f4b1d91a263,data/datasets/RRDataset/selection_1500/giovanni/real/real_006160.jpg,low,0,0.9767458438873291
d4d5a75863cecdafdcc07989ecaeb8ae0f24ec3846ca32e1b1dfc85643eea5e1,data/datasets/openfake/pilot-600/images/fake/d4d5a75863cecdafdcc07989ecaeb8ae0f24ec3846ca32e1b1dfc85643eea5e1.jpg,low,1,0.9882751703262329
d4e41245720f221225591ce627dd9667b696cc9323269ee20deada9f22a9c22d,data/datasets/RRDataset/selection_1500/sara/real/real_008396.jpg,low,0,0.9965848922729492
d5234056628877f05a76a60745967044eac877b6873521286382814eb11307d2,data/datasets/RRDataset/selection_1500/sara/real/real_009797.jpg,low,0,0.8734268546104431
d541e1808be7102aaf8b6e008d7bf4214d2671d5b22d4d37dfadd11f80606a8a,data/datasets/sid-set/candidate-1500/images/real/d541e1808be7102aaf8b6e008d7bf4214d2671d5b22d4d37dfadd11f80606a8a.jpg,low,0,0.9667907953262329
d5464285a4743cdaa37e45e46a79210767e03840af7a8540130fba1100e44eaf,data/datasets/openfake/additional-900/images/fake/d5464285a4743cdaa37e45e46a79210767e03840af7a8540130fba1100e44eaf.png,low,1,0.6508928537368774
d5fc8f4525e42123f7adf573f1fb65fc20d839fb7bcaec8a2e1c26c4e46cdd40,data/datasets/RRDataset/selection_1500/lorenzo/ai/normal_008585.png,low,1,0.002377808094024658
d6182b916886325a9bda543eb5c7af784ab53a1500a33f903d052de2c8a2a359,data/datasets/sid-set/candidate-1500/images/real/d6182b916886325a9bda543eb5c7af784ab53a1500a33f903d052de2c8a2a359.jpg,low,0,0.18758882582187653
d6b4965dd93e55c3f9f3dc674dd8cc88e22aa17f8601df258005dc9914f171d1,data/datasets/openfake/additional-900/images/fake/d6b4965dd93e55c3f9f3dc674dd8cc88e22aa17f8601df258005dc9914f171d1.png,low,1,0.7667097449302673
d6f4c81461a1eb55b8cdf6a1a92d047fde6317eecb901432ec1b6ad20ace2741,data/datasets/openfake/additional-900/images/real/d6f4c81461a1eb55b8cdf6a1a92d047fde6317eecb901432ec1b6ad20ace2741.jpg,low,0,0.5899821519851685
d700bb900286b098f781bdb60ee65e8a069e629c486009b99ae0381a4ba7f990,data/datasets/sid-set/candidate-1500/images/fake/d700bb900286b098f781bdb60ee65e8a069e629c486009b99ae0381a4ba7f990.png,low,1,0.7666987180709839
d72ceae9d59fda5588c156669dbb5695ecb36ecc5f8dd768d6b97cc6a6c66337,data/datasets/openfake/additional-900/images/real/d72ceae9d59fda5588c156669dbb5695ecb36ecc5f8dd768d6b97cc6a6c66337.jpg,low,0,0.41803550720214844
d76adf9ebbdb08eac856143ef0eb5b630a6e098976d5e9e9b0b35dcbe0d589f0,data/datasets/openfake/additional-900/images/real/d76adf9ebbdb08eac856143ef0eb5b630a6e098976d5e9e9b0b35dcbe0d589f0.jpg,low,0,0.0044565931893885136
d76b27fc1684f0939ea16200643ee32d7de3e699c7e53ff81629ce32d1ecefb8,data/datasets/openfake/additional-900/images/fake/d76b27fc1684f0939ea16200643ee32d7de3e699c7e53ff81629ce32d1ecefb8.jpg,low,1,0.01642543449997902
d78236a48786388f75c695822eef98643d176fae0905a8fa0c7ce1b3f92b8a91,data/datasets/RRDataset/selection_1500/sara/ai/Natural_Disasters_&_Accidents_000765.png,low,1,0.9921048879623413
d82eeb3ff38aaab2450eee3ce79ef712c00c0b8718cfa4acfbe4e019781f7518,data/datasets/openfake/additional-900/images/fake/d82eeb3ff38aaab2450eee3ce79ef712c00c0b8718cfa4acfbe4e019781f7518.png,low,1,0.902499258518219
d892f543698758b801a087fc7626aa232ec83b69c33e11e8a684be8a45d06073,data/datasets/sid-set/candidate-1500/images/real/d892f543698758b801a087fc7626aa232ec83b69c33e11e8a684be8a45d06073.jpg,low,0,0.3411653935909271
d8c8f114657a867060d7825fb2c5c9dd9bf8e9694264d33b1a8c15bb3550f208,data/datasets/RRDataset/selection_1500/sara/ai/normal_008648.png,low,1,0.9594799876213074
d931f69279a1ce072f0cb8b4090b93d1843a8f74f7dbb68c66e4ea7577c7100e,data/datasets/openfake/additional-900/images/real/d931f69279a1ce072f0cb8b4090b93d1843a8f74f7dbb68c66e4ea7577c7100e.jpg,low,0,0.8574466705322266
d9573fdb4fb2d0e033e3ffe29f32bc5f3f94a1ede5ab41e9e6909d0083dc8853,data/datasets/sid-set/candidate-1500/images/real/d9573fdb4fb2d0e033e3ffe29f32bc5f3f94a1ede5ab41e9e6909d0083dc8853.jpg,low,0,0.5950105786323547
d975aaff3777354a8524dfd9bcd74d03343ca0cb229c4c49f87bc89eacd562fa,data/datasets/openfake/additional-900/images/fake/d975aaff3777354a8524dfd9bcd74d03343ca0cb229c4c49f87bc89eacd562fa.jpg,low,1,0.7018778920173645
da0a9d12c2fbf72f026a50ce13a1005c56738e8c58989a520810d9c121fa820f,data/datasets/sid-set/candidate-1500/images/fake/da0a9d12c2fbf72f026a50ce13a1005c56738e8c58989a520810d9c121fa820f.png,low,1,0.9598265886306763
da2028af791307f06d6a6c182368290163c6d5c0ab845f8c8406b0b25a40567a,data/datasets/RRDataset/selection_1500/sara/ai/normal_007795.png,low,1,0.9832397103309631
da31a0220a942015107ffc9e70fa961c51c79ec0906a4c9a02c1b047fa6c0452,data/datasets/openfake/additional-900/images/fake/da31a0220a942015107ffc9e70fa961c51c79ec0906a4c9a02c1b047fa6c0452.jpg,low,1,0.548315167427063
da3e032eba23a0084136b7830487a585f7ae6109a58ea2c8701ef9d59c059db1,data/datasets/sid-set/candidate-1500/images/fake/da3e032eba23a0084136b7830487a585f7ae6109a58ea2c8701ef9d59c059db1.png,low,1,0.9432059526443481
da88e05c4ba681fdee852cbe88fe5cfc7b11dd2ff45f636e270f5e48df2ee81b,data/datasets/sid-set/candidate-1500/images/fake/da88e05c4ba681fdee852cbe88fe5cfc7b11dd2ff45f636e270f5e48df2ee81b.png,low,1,0.9979664087295532
daab136d565791d660ea11a64c543ae157cf1141f137fdf05addde18d2e82869,data/datasets/openfake/pilot-600/images/fake/daab136d565791d660ea11a64c543ae157cf1141f137fdf05addde18d2e82869.png,low,1,0.9992849230766296
dacb4dcb38f32af1e4ffd65fccb0eda7d3e836083a587cedd26fe9bf8b93f787,data/datasets/sid-set/candidate-1500/images/fake/dacb4dcb38f32af1e4ffd65fccb0eda7d3e836083a587cedd26fe9bf8b93f787.png,low,1,0.0727202296257019
daf694382c7619a7b75fd8298308e648c3ff1fb19e95341b503e0fe33dddea3c,data/datasets/sid-set/candidate-1500/images/fake/daf694382c7619a7b75fd8298308e648c3ff1fb19e95341b503e0fe33dddea3c.png,low,1,0.997355580329895
dafdc2c30e7a4771e993a1ae762a20c3eccef4a8e644643cb9f649c5aa79e456,data/datasets/RRDataset/selection_1500/sara/real/real_008432.jpg,low,0,0.519491970539093
db610dc0b9cde73a73a5805be0f7028398b3b2ccdd85855715931e3247c4e3e4,data/datasets/openfake/additional-900/images/fake/db610dc0b9cde73a73a5805be0f7028398b3b2ccdd85855715931e3247c4e3e4.png,low,1,0.27210092544555664
dbcd80028dfadc7bd861696b8aea15282212811ccc3e5bfc7810b27b61b8cd32,data/datasets/sid-set/candidate-1500/images/fake/dbcd80028dfadc7bd861696b8aea15282212811ccc3e5bfc7810b27b61b8cd32.png,low,1,0.9488890171051025
dc1259935dc9c66af83e4997783ddb9a0fbdfb96ee830658e2b9e61d7d08fef9,data/datasets/sid-set/candidate-1500/images/real/dc1259935dc9c66af83e4997783ddb9a0fbdfb96ee830658e2b9e61d7d08fef9.jpg,low,0,0.8379008173942566
dc1da78f45625332a6f327c4e6e4cf22433541d06ea3f35de6973b1784df7eb9,data/datasets/sid-set/candidate-1500/images/real/dc1da78f45625332a6f327c4e6e4cf22433541d06ea3f35de6973b1784df7eb9.jpg,low,0,0.30015572905540466
dc692ee11736f62ac168e05c8ec227969c0c44ac7d8458b35ed3eba1e00fafbc,data/datasets/sid-set/candidate-1500/images/real/dc692ee11736f62ac168e05c8ec227969c0c44ac7d8458b35ed3eba1e00fafbc.jpg,low,0,0.131651371717453
dcb7e0a966b9aca437f85e9ccd85c15a2ab4f5cca2068750ecc3497b1aa56d3e,data/datasets/RRDataset/selection_1500/sara/real/real_000786.jpg,low,0,0.4083395302295685
dcc0036b11c86b13df34f056cd25eb5fc0d696849bf1a185f2aa876716235db1,data/datasets/RRDataset/selection_1500/sara/real/real_009805.jpg,low,0,0.9326093196868896
dcc1f92c50deced95bc0f18f66a9b4c3c532c0de1c950499c4059754e86e81ea,data/datasets/sid-set/candidate-1500/images/real/dcc1f92c50deced95bc0f18f66a9b4c3c532c0de1c950499c4059754e86e81ea.jpg,low,0,0.9572893381118774
dcf870e49f3535e8b289c8a5d636196fe067fc18761997cdbbe2472c11082784,data/datasets/RRDataset/selection_1500/giovanni/real/real_003774.jpg,low,0,0.9992678761482239
dd09dd3068cb2d8e0d6c7b3dd15c3b17be0f8a851af820c5feca17230ec4e95b,data/datasets/openfake/additional-900/images/fake/dd09dd3068cb2d8e0d6c7b3dd15c3b17be0f8a851af820c5feca17230ec4e95b.png,low,1,0.992233395576477
dd18df7b38f781b11c260181dc0327820bf8b89e4b23e88f95bb0546bcb6d829,data/datasets/openfake/additional-900/images/fake/dd18df7b38f781b11c260181dc0327820bf8b89e4b23e88f95bb0546bcb6d829.jpg,low,1,0.2116711139678955
dd720d73e77e8dc5198e72d1f0ffb5626548f5134311acf00eed71739feadd9e,data/datasets/sid-set/candidate-1500/images/real/dd720d73e77e8dc5198e72d1f0ffb5626548f5134311acf00eed71739feadd9e.jpg,low,0,0.019825806841254234
dda6c410e0793a7115e01ef848b8610316da3e64afc43489fec0ca543910f347,data/datasets/openfake/additional-900/images/fake/dda6c410e0793a7115e01ef848b8610316da3e64afc43489fec0ca543910f347.jpg,low,1,0.12159362435340881
ddafbd1b3c67262d8609fed95e13fc65ef7bae60d9001db1d08f6f9ec1a1ebee,data/datasets/sid-set/candidate-1500/images/fake/ddafbd1b3c67262d8609fed95e13fc65ef7bae60d9001db1d08f6f9ec1a1ebee.png,low,1,0.9819431900978088
dde25b31d92db504d73c99368d6662157d853b91ae3b99b121531fd6f56fc42f,data/datasets/openfake/pilot-600/images/real/dde25b31d92db504d73c99368d6662157d853b91ae3b99b121531fd6f56fc42f.jpg,low,0,0.6682084202766418
de0b635df4dfd7e35ff0254c151d1102e50458c65b50e785eb1a57fbede2184a,data/datasets/sid-set/candidate-1500/images/real/de0b635df4dfd7e35ff0254c151d1102e50458c65b50e785eb1a57fbede2184a.jpg,low,0,0.11198526620864868
de8acfe3cbd87b8397b5cd7c53e49c65d1e570552d73591e65510b677d00f01a,data/datasets/sid-set/candidate-1500/images/real/de8acfe3cbd87b8397b5cd7c53e49c65d1e570552d73591e65510b677d00f01a.jpg,low,0,0.8520877361297607
deb7eed518d8ed402535777586c38ae23fe8889ab325767910e7b6b7ea3ebaca,data/datasets/sid-set/candidate-1500/images/fake/deb7eed518d8ed402535777586c38ae23fe8889ab325767910e7b6b7ea3ebaca.png,low,1,0.6588901877403259
dee9c106f843d257ea869e6ca9094d67687ec85fafe9179ab900dca5d0e096fe,data/datasets/RRDataset/selection_1500/sara/real/real_009115.jpg,low,0,0.9648684859275818
df60c070316d0c7f41977e18195bdb9a9e77ba049a8871551ceb64bc860fdd63,data/datasets/openfake/pilot-600/images/real/df60c070316d0c7f41977e18195bdb9a9e77ba049a8871551ceb64bc860fdd63.jpg,low,0,0.9892579913139343
df755405aa5dfdde63fa463bab79e324a50a727be0674ac5cff39bc151f2ba68,data/datasets/RRDataset/selection_1500/lorenzo/real/real_004426.jpg,low,0,0.9264081120491028
dfd60377be7ab73a367161530b4f68ecbe458f5c0dbb3d43c2f94bf66449e4b5,data/datasets/RRDataset/selection_1500/sara/ai/Medical_&_Public_Health_000842.png,low,1,0.8034821152687073
e015c35145b8a33c602e0786b2b08df2fd7e1489566a17618c57b39c5dbdaae6,data/datasets/sid-set/candidate-1500/images/real/e015c35145b8a33c602e0786b2b08df2fd7e1489566a17618c57b39c5dbdaae6.jpg,low,0,0.7892034649848938
e020b31cbf0a3fb6384278f845d8cbf47ce4e51c6131f32fa579cd7a9dbead1a,data/datasets/openfake/additional-900/images/real/e020b31cbf0a3fb6384278f845d8cbf47ce4e51c6131f32fa579cd7a9dbead1a.jpg,low,0,0.8918089270591736
e032a5a592060536efa6b8d61f238bad0cd0bb6b3eb469ad76f6bb7578bf276f,data/datasets/RRDataset/selection_1500/lorenzo/real/real_000787.jpg,low,0,0.07541614025831223
e039c9608ece123f58af45636439d1375c43423888ef34ca6230166fbe448352,data/datasets/openfake/pilot-600/images/real/e039c9608ece123f58af45636439d1375c43423888ef34ca6230166fbe448352.jpg,low,0,0.03053518943488598
e05d6678d2f3e85bb0ceb79a6b8609f6083c574f4937391f596f47c015490302,data/datasets/RRDataset/selection_1500/sara/ai/normal_006111.jpg,low,1,0.966479480266571
e0b4db02808cedaf5415fb5b48096e4204ae22889d0da00a91e4b65e56fcfa05,data/datasets/sid-set/candidate-1500/images/real/e0b4db02808cedaf5415fb5b48096e4204ae22889d0da00a91e4b65e56fcfa05.jpg,low,0,0.10225726664066315
e125a48b1603f91859313d156afb76844b03ded95a397175116a0b837eabe048,data/datasets/RRDataset/selection_1500/giovanni/ai/Natural_Disasters_&_Accidents_000243.png,low,1,0.9159833788871765
e14c2b72ee15ebc0d3ad2b65d557797a2cba7e590b0544a229ae192ac81c5d4f,data/datasets/sid-set/candidate-1500/images/fake/e14c2b72ee15ebc0d3ad2b65d557797a2cba7e590b0544a229ae192ac81c5d4f.png,low,1,0.9939064383506775
e1571cbce847ae739a5829d8d4714a796e64f0bb008864e4184e0f391e270b87,data/datasets/sid-set/candidate-1500/images/fake/e1571cbce847ae739a5829d8d4714a796e64f0bb008864e4184e0f391e270b87.png,low,1,0.9824020266532898
e17497a2d9000857032718f0c1d6da473d9d33ad6a4a7f55e7bee6f53e00c38f,data/datasets/sid-set/candidate-1500/images/real/e17497a2d9000857032718f0c1d6da473d9d33ad6a4a7f55e7bee6f53e00c38f.jpg,low,0,0.9221994876861572
e1a2c3f826cd022fff1fd7ce28979163de66828880764c1b68a0c78e4bca47cc,data/datasets/RRDataset/selection_1500/lorenzo/ai/production_000657.png,low,1,0.9948175549507141
e1ec95025f09d918f352446d501a64a2d1a07a1a4a883c4c0a682612c173ce10,data/datasets/sid-set/candidate-1500/images/real/e1ec95025f09d918f352446d501a64a2d1a07a1a4a883c4c0a682612c173ce10.jpg,low,0,0.6449137330055237
e250b4e25325de8c8ace790d35846411293ea48a557c681d1507fd79c884d547,data/datasets/sid-set/candidate-1500/images/real/e250b4e25325de8c8ace790d35846411293ea48a557c681d1507fd79c884d547.jpg,low,0,0.7057240009307861
e26b401d68bcb581c2c8999c921be3bd406d94eb417c7bae7da5ff8a175b161b,data/datasets/openfake/additional-900/images/fake/e26b401d68bcb581c2c8999c921be3bd406d94eb417c7bae7da5ff8a175b161b.png,low,1,0.9930205941200256
e285cca656782fef8597b829527282a4a8b3ffe65a32e6648fdfa7707ae75e7c,data/datasets/sid-set/candidate-1500/images/fake/e285cca656782fef8597b829527282a4a8b3ffe65a32e6648fdfa7707ae75e7c.png,low,1,0.8470857739448547
e28e653e5ef8d4992337c8472441176737f685750fe5c26b8d09bc1b3f5b9df0,data/datasets/RRDataset/selection_1500/lorenzo/real/real_000829.jpg,low,0,0.9001637697219849
e29296f1067afdc14c4bcb5078d5d39eb092fdbbb283b91d2cb2150a73987833,data/datasets/sid-set/candidate-1500/images/fake/e29296f1067afdc14c4bcb5078d5d39eb092fdbbb283b91d2cb2150a73987833.png,low,1,0.5901519060134888
e2a8dea38a2056ad4e00333997b31a5007a6b08bf901b31a44bc4e8757eca9b1,data/datasets/openfake/pilot-600/images/fake/e2a8dea38a2056ad4e00333997b31a5007a6b08bf901b31a44bc4e8757eca9b1.png,low,1,0.998872697353363
e2c11a95e9b7f8075d381dd950c5a974aa0232a99cc687ee6695b95efa2f0ab3,data/datasets/RRDataset/selection_1500/giovanni/real/real_000082.jpg,low,0,0.6196768283843994
e2d6255636985d26486a9b43ad74f084b07a979dc5cdcccf92233a4f3e8ec5f5,data/datasets/RRDataset/selection_1500/giovanni/ai/Culture_&_Religion_000491.png,low,1,0.9871348738670349
e317a25743bcf91143dadfa9119290983c31ea4a1b63a94bd6be4f5371db3c7b,data/datasets/sid-set/candidate-1500/images/real/e317a25743bcf91143dadfa9119290983c31ea4a1b63a94bd6be4f5371db3c7b.jpg,low,0,0.05911478027701378
e31db1fb816f0824a7c85f5072b5f785bfc284a030ca03afda95d063c8a25bd3,data/datasets/RRDataset/selection_1500/sara/real/real_001638.jpg,low,0,0.6727131605148315
e326f931ed7af3b5ad8de6cf3c2a9479c335f6688cc97118e5c9192ddb296e63,data/datasets/RRDataset/selection_1500/lorenzo/real/real_008768.jpg,low,0,0.023213841021060944
e34e9c0c50b107913e4b1fbabd32cba8b4e246e8650dccb1a4cc7683bbd11ae0,data/datasets/openfake/pilot-600/images/real/e34e9c0c50b107913e4b1fbabd32cba8b4e246e8650dccb1a4cc7683bbd11ae0.jpg,low,0,0.040434688329696655
e34fc8f953e1553b75f21ad71cde8f46a5640232bdf00139fb2f8b99d37c7b5b,data/datasets/RRDataset/selection_1500/sara/ai/normal_008625.png,low,1,0.9817482829093933
e3b8c2f228e808baf8dc07277b5f26fb200d001040593b302486ca02d943c1ff,data/datasets/RRDataset/selection_1500/giovanni/real/real_007816.jpg,low,0,0.05548369139432907
e3f319f7de70ffc77fcee754aedafe95391e0c28f970cba15683d196809d5cbe,data/datasets/sid-set/candidate-1500/images/fake/e3f319f7de70ffc77fcee754aedafe95391e0c28f970cba15683d196809d5cbe.png,low,1,0.9813506603240967
e41c0cf3db2646d0de3fd23e9cb6c05b5a8b0db3c70672861b713db030d78f91,data/datasets/RRDataset/selection_1500/giovanni/real/real_008196.jpg,low,0,0.9984184503555298
e41d3c7ef887099c9bf8436a4129552501da31e09bc93182dc5427f9e26c1bba,data/datasets/sid-set/candidate-1500/images/real/e41d3c7ef887099c9bf8436a4129552501da31e09bc93182dc5427f9e26c1bba.jpg,low,0,0.0004576973442453891
e448b80ee5c8c0b2b2e8087a23b8ffd74555838b97fcd8cb022701e04f2e701a,data/datasets/sid-set/candidate-1500/images/fake/e448b80ee5c8c0b2b2e8087a23b8ffd74555838b97fcd8cb022701e04f2e701a.png,low,1,0.9647195339202881
e46ff2e485d9909cdc692e499c5edb55e367f3a7a7243702cb35c864ff25fd28,data/datasets/RRDataset/selection_1500/sara/real/real_006009.jpg,low,0,0.9806561470031738
e4de90a18991b8a5a6e2b59129e43dd419c143c6f3ee991c77fd3ba028e75521,data/datasets/sid-set/candidate-1500/images/real/e4de90a18991b8a5a6e2b59129e43dd419c143c6f3ee991c77fd3ba028e75521.jpg,low,0,0.35875552892684937
e5010a1df55419c3f93e2cba0cf85c753fc34aabb456de01c9a062b2dd22e058,data/datasets/RRDataset/selection_1500/sara/ai/normal_007096.png,low,1,0.9655364751815796
e50a4adec31c2024f723995b30e372bf154a51c58e1c6330ea5ad51b9ede0fe6,data/datasets/RRDataset/selection_1500/lorenzo/ai/Natural_Disasters_&_Accidents_000607.png,low,1,0.8883233666419983
e51a7eeabe67b8de544fab9e4649d572f7a44779eb8e7d00c349464f7a57c16e,data/datasets/RRDataset/selection_1500/lorenzo/real/real_008496.jpg,low,0,0.6973220109939575
e54013e9774995a222effee2c34b3391e1b0dc152d8ac6ac0a2c604ac9c8c686,data/datasets/openfake/pilot-600/images/real/e54013e9774995a222effee2c34b3391e1b0dc152d8ac6ac0a2c604ac9c8c686.jpg,low,0,0.0011605966137722135
e56b6a2084b51745513fef6340a3887aa514b5be8db711d2141e31bc5e0c7bf7,data/datasets/openfake/additional-900/images/fake/e56b6a2084b51745513fef6340a3887aa514b5be8db711d2141e31bc5e0c7bf7.png,low,1,0.9438664317131042
e5f55ef6b86b20d493f1523d83ffa07cf74e5e1d2ae8f7015ec289d6320247da,data/datasets/sid-set/candidate-1500/images/fake/e5f55ef6b86b20d493f1523d83ffa07cf74e5e1d2ae8f7015ec289d6320247da.png,low,1,0.9735335111618042
e6183e4ed873e9043e43bd9e0593c66b21d52e859f7bc8fcdd8d880a2471aea8,data/datasets/RRDataset/selection_1500/giovanni/ai/normal_009832.png,low,1,0.21485014259815216
e6aa75cf6b4cda511236ce3d52861d7270edd9f29cd6eb14bbd553c9558c655f,data/datasets/sid-set/candidate-1500/images/real/e6aa75cf6b4cda511236ce3d52861d7270edd9f29cd6eb14bbd553c9558c655f.jpg,low,0,0.39075207710266113
e74920786041216589b6e61c59c9578e208802319309a1b562f180447a039cd0,data/datasets/RRDataset/selection_1500/sara/real/real_003231.jpg,low,0,0.4145238399505615
e79369bc88e7aa240e319fb22b4cbec612407459ce01d9cd0523fc3539457cf7,data/datasets/openfake/additional-900/images/fake/e79369bc88e7aa240e319fb22b4cbec612407459ce01d9cd0523fc3539457cf7.png,low,1,0.05318315327167511
e79b3974b916906371db2146e05db1ff24dcc6f14bd3805b3307c3b47fccdfa2,data/datasets/openfake/additional-900/images/real/e79b3974b916906371db2146e05db1ff24dcc6f14bd3805b3307c3b47fccdfa2.jpg,low,0,0.9762319922447205
e7b39f79afc86f938208b44ae180b0b5233acd059e70e98fd1703daeab2adf20,data/datasets/RRDataset/selection_1500/giovanni/real/real_008096.jpg,low,0,0.9869822859764099
e7d5f0a34eb5761e96fa85318c22659363255eb3aa85b1665b2d65f1690b3bd6,data/datasets/sid-set/candidate-1500/images/real/e7d5f0a34eb5761e96fa85318c22659363255eb3aa85b1665b2d65f1690b3bd6.jpg,low,0,0.013864072971045971
e7fe3e3cc05c4ba147976c67d3dfc8a6cb6a871f43f7fcb1794c38438abf281d,data/datasets/RRDataset/selection_1500/lorenzo/real/real_009587.jpg,low,0,0.012869992293417454
e88a2a8e52e18b391cf2931bb98bb4531093bce3912f4507446bdc0aa07e674b,data/datasets/RRDataset/selection_1500/giovanni/real/real_000186.jpg,low,0,0.8159379363059998
e89ced8ba1895b0a953610962c3ebf79c2374324ec44631e90031185be364db0,data/datasets/RRDataset/selection_1500/sara/real/real_003125.jpg,low,0,0.16706417500972748
e8a4e2f3c8f055421294b0be6948a7c60e2f997b62077709f6a7739f52eb822b,data/datasets/RRDataset/selection_1500/sara/real/real_007880.jpg,low,0,0.8548073768615723
e8ea52451932dda82ac0b013998e1d331f31d67cf276f625b734793aa7516725,data/datasets/sid-set/candidate-1500/images/fake/e8ea52451932dda82ac0b013998e1d331f31d67cf276f625b734793aa7516725.png,low,1,0.9478324055671692
e92940664edfacae286da30c613558edd1d11bd12574c5fffea0bc5de5be6527,data/datasets/openfake/pilot-600/images/fake/e92940664edfacae286da30c613558edd1d11bd12574c5fffea0bc5de5be6527.png,low,1,0.9984292387962341
e9429201e92ef6ece0d48c4086838bddee40d64d2153d152dc4e54be0c30e754,data/datasets/sid-set/candidate-1500/images/fake/e9429201e92ef6ece0d48c4086838bddee40d64d2153d152dc4e54be0c30e754.png,low,1,0.9664846062660217
e945d9f6a95aeac6aa43a512b0306929cba7671ea459a1cd58a8483ce92849d7,data/datasets/sid-set/candidate-1500/images/real/e945d9f6a95aeac6aa43a512b0306929cba7671ea459a1cd58a8483ce92849d7.jpg,low,0,0.16284412145614624
e9d9577792209a7e195a70716751784fae64b0abf88fa17978efcae7056cae84,data/datasets/sid-set/candidate-1500/images/fake/e9d9577792209a7e195a70716751784fae64b0abf88fa17978efcae7056cae84.png,low,1,0.8660481572151184
ea0a109a20508fd3c96274b4a13d0497c1340d784f69eacc726d366666f6c17f,data/datasets/sid-set/candidate-1500/images/fake/ea0a109a20508fd3c96274b4a13d0497c1340d784f69eacc726d366666f6c17f.png,low,1,0.8539365530014038
ea5f6daf7b78f6e638376e73456b630ea7633d2f191612bdfd8a9f81e261ac66,data/datasets/sid-set/candidate-1500/images/fake/ea5f6daf7b78f6e638376e73456b630ea7633d2f191612bdfd8a9f81e261ac66.png,low,1,0.9874629974365234
ead550ad99628a06323f4aa753d2a324526ef63603de4c4ec3cf77a7e3072060,data/datasets/openfake/additional-900/images/fake/ead550ad99628a06323f4aa753d2a324526ef63603de4c4ec3cf77a7e3072060.png,low,1,0.9898071885108948
eaee3a87255020089020d3ab06c29a1d7b33eefeb5a5016eb8cae5e538e798dd,data/datasets/openfake/additional-900/images/real/eaee3a87255020089020d3ab06c29a1d7b33eefeb5a5016eb8cae5e538e798dd.jpg,low,0,0.11635944992303848
eb0fb68e703a0e52f46b263b72589d14e6a2aee9bc7249ce16dc86e06aa8cf91,data/datasets/RRDataset/selection_1500/sara/ai/normal_009711.png,low,1,0.9998968839645386
eb8bb6f1e02b65dc4e6d75b70c03afec584fa2b4a47ca4d1a9c50aaa0b6f92f9,data/datasets/openfake/additional-900/images/fake/eb8bb6f1e02b65dc4e6d75b70c03afec584fa2b4a47ca4d1a9c50aaa0b6f92f9.png,low,1,0.9546715021133423
ebdebf8dc4ed538c9446dca96c4428f2c80802d1f470b7296db79c2603f766d8,data/datasets/sid-set/candidate-1500/images/fake/ebdebf8dc4ed538c9446dca96c4428f2c80802d1f470b7296db79c2603f766d8.png,low,1,0.9967118501663208
ebf8dddf5c5b3be73beec970aaef9fe76d286cd6c550493c261ac3f3de7dac21,data/datasets/RRDataset/selection_1500/lorenzo/real/real_005922.jpg,low,0,0.9341666102409363
ec09d52ad34b1e0573bdeb40a80207e83c488d698dcb79aaebe53abbba6cbe92,data/datasets/sid-set/candidate-1500/images/real/ec09d52ad34b1e0573bdeb40a80207e83c488d698dcb79aaebe53abbba6cbe92.jpg,low,0,0.14545829594135284
ec0d345c20754888dd99a586dafb61544a672664a4bf9b7b697410081f83de85,data/datasets/openfake/pilot-600/images/real/ec0d345c20754888dd99a586dafb61544a672664a4bf9b7b697410081f83de85.jpg,low,0,0.014014902524650097
ec2788963a5cdd73874380a360fbc93d38ccdfc669ab8ae521973e92952bb7e7,data/datasets/openfake/pilot-600/images/real/ec2788963a5cdd73874380a360fbc93d38ccdfc669ab8ae521973e92952bb7e7.jpg,low,0,0.9560569524765015
ec687bc06aa73409c2bd0966b3452da9b69fd0bc8cd4c8b1c9f8d9e8f8fad732,data/datasets/RRDataset/selection_1500/giovanni/real/real_008295.jpg,low,0,0.38975241780281067
ec7f8cee699b2e3a5763225b297d912a01843d500d5716ec60319ed284f00a65,data/datasets/sid-set/candidate-1500/images/fake/ec7f8cee699b2e3a5763225b297d912a01843d500d5716ec60319ed284f00a65.png,low,1,0.9121740460395813
ec921c89e01f79f9421ef94647705ac0b0cb86e7da2e81e3d64032e9c0f17d7c,data/datasets/sid-set/candidate-1500/images/real/ec921c89e01f79f9421ef94647705ac0b0cb86e7da2e81e3d64032e9c0f17d7c.jpg,low,0,0.2309962958097458
eca82f2017963c5653827357833ae4b16ce0060b386fe439d26e1d6b2f77321b,data/datasets/RRDataset/selection_1500/lorenzo/ai/normal_009275.png,low,1,0.6608737707138062
ecaa40e7726d270eb398ab99a4c476898ad617039c38be61403c3980ba549744,data/datasets/openfake/additional-900/images/real/ecaa40e7726d270eb398ab99a4c476898ad617039c38be61403c3980ba549744.jpg,low,0,0.01965588703751564
ed0f6d6c505eb88c92ce534b76dbc488983e2efc22aaae13f64b780da76868cc,data/datasets/sid-set/candidate-1500/images/fake/ed0f6d6c505eb88c92ce534b76dbc488983e2efc22aaae13f64b780da76868cc.png,low,1,0.9988038539886475
ed5b1eb50c0fefb630ac7bbbe6c172504b241ba26395cd6fa871a39e5d6f5ad9,data/datasets/sid-set/candidate-1500/images/fake/ed5b1eb50c0fefb630ac7bbbe6c172504b241ba26395cd6fa871a39e5d6f5ad9.png,low,1,0.9319080114364624
ed97f8dd65159cb7a04f1cdb0fa7380a2ab9e81d75f2b16d3fe5496363c8d3fd,data/datasets/openfake/additional-900/images/real/ed97f8dd65159cb7a04f1cdb0fa7380a2ab9e81d75f2b16d3fe5496363c8d3fd.jpg,low,0,0.7570192217826843
ee392781e3e722fb288dc67174414e764f92bae62f934405d39fc809d7df353c,data/datasets/openfake/pilot-600/images/fake/ee392781e3e722fb288dc67174414e764f92bae62f934405d39fc809d7df353c.png,low,1,0.964495837688446
eea23b496c2b49430c24785a9fc529d8b80c117c2b795d3495dc6dea34440b5d,data/datasets/sid-set/candidate-1500/images/fake/eea23b496c2b49430c24785a9fc529d8b80c117c2b795d3495dc6dea34440b5d.png,low,1,0.9645453095436096
eefd730ef0d5449e99f0894ea5e09e5110ff36c0e3d0ab3cf54611680b3b678a,data/datasets/openfake/pilot-600/images/fake/eefd730ef0d5449e99f0894ea5e09e5110ff36c0e3d0ab3cf54611680b3b678a.png,low,1,0.9563592076301575
ef48c403c257002808efb808e93b03567072c47d528ee32beaf79ee8cdba120b,data/datasets/openfake/additional-900/images/real/ef48c403c257002808efb808e93b03567072c47d528ee32beaf79ee8cdba120b.jpg,low,0,0.0027774267364293337
ef5ac6ff7160d5a07c39e78ece79bb63a0bb57503a777b6a89fdd1ae6c5d6584,data/datasets/sid-set/candidate-1500/images/fake/ef5ac6ff7160d5a07c39e78ece79bb63a0bb57503a777b6a89fdd1ae6c5d6584.png,low,1,0.4812612533569336
ef5dbea79b09c1c355a35d6c47495ed191cdc89c97e88e7345edf837f79da59f,data/datasets/openfake/pilot-600/images/real/ef5dbea79b09c1c355a35d6c47495ed191cdc89c97e88e7345edf837f79da59f.jpg,low,0,0.6907217502593994
ef60b86736935bc8dde2059fd3e0643597ec96cc408ad3e1c6f17a49921f56b7,data/datasets/RRDataset/selection_1500/lorenzo/real/real_000136.jpg,low,0,0.9659324884414673
ef63936424a1bcc8949515cf6b9aaa4227bf369a8559880f9871431eb75f6a79,data/datasets/sid-set/candidate-1500/images/fake/ef63936424a1bcc8949515cf6b9aaa4227bf369a8559880f9871431eb75f6a79.png,low,1,0.93876713514328
ef6ad4832eab7d9062ba33b6c331e417644362af8e33a3a4c458b22b38bbf200,data/datasets/RRDataset/selection_1500/sara/real/real_008107.jpg,low,0,0.9709921479225159
efc1996f2ea132540d7ab7616fda71af1b50cfbac00e91dbc03cd45d66be075f,data/datasets/sid-set/candidate-1500/images/real/efc1996f2ea132540d7ab7616fda71af1b50cfbac00e91dbc03cd45d66be075f.jpg,low,0,0.058561112731695175
f048bbc3f73038cf10efc686a5b2d5aa08b1cd1c4e9f8855f05be8499e0ef49f,data/datasets/sid-set/candidate-1500/images/real/f048bbc3f73038cf10efc686a5b2d5aa08b1cd1c4e9f8855f05be8499e0ef49f.jpg,low,0,0.372597873210907
f05c346ef23ef0347b57d5b28808579f9205ba69a318c213db51c1cebe4100fd,data/datasets/openfake/pilot-600/images/real/f05c346ef23ef0347b57d5b28808579f9205ba69a318c213db51c1cebe4100fd.jpg,low,0,0.8967394828796387
f06fc698ed8033a099facca66de5fa150418d3027ade0d73edcce6dfe1a766a1,data/datasets/sid-set/candidate-1500/images/real/f06fc698ed8033a099facca66de5fa150418d3027ade0d73edcce6dfe1a766a1.jpg,low,0,0.8345441222190857
f09023a6e908fddd9f6c69f5013b926799873d3ec840db66414be328f8f18e3e,data/datasets/sid-set/candidate-1500/images/fake/f09023a6e908fddd9f6c69f5013b926799873d3ec840db66414be328f8f18e3e.png,low,1,0.9757290482521057
f0960d579925b156b1ddf60bce625b1f245e599e3452a9406185cc9a1ab0d1d6,data/datasets/openfake/additional-900/images/fake/f0960d579925b156b1ddf60bce625b1f245e599e3452a9406185cc9a1ab0d1d6.png,low,1,0.9578897356987
f09e2bb89e213feb14919506fe2db5045a0d189e28b088388e27d37226eb46a7,data/datasets/RRDataset/selection_1500/sara/ai/normal_008827.png,low,1,0.7922852635383606
f0a0a41a769be6f72a8034519fad8718d63c8ad2a9b6d48a547da91ee4e7f432,data/datasets/RRDataset/selection_1500/sara/real/real_004885.jpg,low,0,0.3485428988933563
f0d6cff91004612b9d878bd3835e9a82c98fb17be73104e3f6c0ff5918fc5855,data/datasets/sid-set/candidate-1500/images/fake/f0d6cff91004612b9d878bd3835e9a82c98fb17be73104e3f6c0ff5918fc5855.png,low,1,0.9540335536003113
f139ccb0b4a740824efbd9819764ff392803742f7439ce201879a5c7bfb6ca16,data/datasets/RRDataset/selection_1500/sara/real/real_005103.jpg,low,0,0.07389596104621887
f159f7f1becf4f1af80af2791aec93d7fd89697896ea60244cf75ba1e18ecd7b,data/datasets/openfake/pilot-600/images/fake/f159f7f1becf4f1af80af2791aec93d7fd89697896ea60244cf75ba1e18ecd7b.png,low,1,0.9935176372528076
f16ce232a6650ab53f89a0e8fdbafd585b9b51d48387a3efa2ee09e0d05c4c96,data/datasets/RRDataset/selection_1500/giovanni/real/real_008944.jpg,low,0,0.08094655722379684
f16e86b8d3f99d67e4d16e584519e1b0f16cba06e7b9f9ebaaa762c6c94e866e,data/datasets/sid-set/candidate-1500/images/real/f16e86b8d3f99d67e4d16e584519e1b0f16cba06e7b9f9ebaaa762c6c94e866e.jpg,low,0,0.9625844955444336
f18656546ec74b14d90f273bed454a4913830795eaa857eec9f679ed55714fe3,data/datasets/openfake/pilot-600/images/real/f18656546ec74b14d90f273bed454a4913830795eaa857eec9f679ed55714fe3.jpg,low,0,0.020448295399546623
f2174e7f779f6aaddfa6afe3cb8809f85585c1930a63df319d42b9c59ff084d1,data/datasets/openfake/additional-900/images/fake/f2174e7f779f6aaddfa6afe3cb8809f85585c1930a63df319d42b9c59ff084d1.jpg,low,1,0.16807088255882263
f22f4d739299b93055d43ee7329ce67ad6a167d53621aa5b7fa5b665f9fd7a3b,data/datasets/openfake/additional-900/images/fake/f22f4d739299b93055d43ee7329ce67ad6a167d53621aa5b7fa5b665f9fd7a3b.png,low,1,0.9584903717041016
f24f1ab79a5caa159240a0501560786822b1b8f67721503b6e76ceae15630b01,data/datasets/RRDataset/selection_1500/sara/ai/normal_007681.png,low,1,0.9918934106826782
f256757b021be3cf32fdfaf1a3b85f9e4552e2b9647a1a8eda5222b83c361d2b,data/datasets/RRDataset/selection_1500/giovanni/real/real_009781.jpg,low,0,0.390109121799469
f2946055bce395ce598270394b820dd9b9a573e00ec9fc91eb58a973be796398,data/datasets/RRDataset/selection_1500/giovanni/real/real_009081.jpg,low,0,0.8024517893791199
f2db5f6f7bfac849ef87aa6e17dff54f35427ee629e6d7d7af9c4ef6edc0e81c,data/datasets/RRDataset/selection_1500/lorenzo/real/real_009966.jpg,low,0,0.19414523243904114
f2de8b1fc1b98838cd7286c123bb5bf88c23be6253c6302a15858570d5279eca,data/datasets/sid-set/candidate-1500/images/fake/f2de8b1fc1b98838cd7286c123bb5bf88c23be6253c6302a15858570d5279eca.png,low,1,0.9711744785308838
f2e0f56971d3bd55cbba0295632a9de40628e63ee6ee61945c700b4f3f6de366,data/datasets/RRDataset/selection_1500/lorenzo/ai/Natural_Disasters_&_Accidents_000277.png,low,1,0.9797239303588867
f300e339c44cbbc2747909c8035188c3dd88fa4e5b55f7a84324e7fdf5f8abd0,data/datasets/RRDataset/selection_1500/lorenzo/real/real_001344.jpg,low,0,0.7525820136070251
f30151d3d91466758ca8ce90e4b932c38d515f9be4ad4ff47ef9be6dd8a09dcb,data/datasets/sid-set/candidate-1500/images/fake/f30151d3d91466758ca8ce90e4b932c38d515f9be4ad4ff47ef9be6dd8a09dcb.png,low,1,0.9792856574058533
f3398590e0a43fd65ad330d5d32b8a6ac81e3cb2fcc05263d8a662a55bf06c84,data/datasets/openfake/pilot-600/images/real/f3398590e0a43fd65ad330d5d32b8a6ac81e3cb2fcc05263d8a662a55bf06c84.jpg,low,0,0.01700626313686371
f37a5e90c54ec2eff825e4c38e62e67d55307e11085d36c7e11f9b726961e6db,data/datasets/RRDataset/selection_1500/sara/ai/Natural_Disasters_&_Accidents_000078.png,low,1,0.9540196657180786
f37e7af30b3814230aaa32eed4d296726e21667066e8f37eac23344464b96e85,data/datasets/openfake/pilot-600/images/real/f37e7af30b3814230aaa32eed4d296726e21667066e8f37eac23344464b96e85.jpg,low,0,0.9532732367515564
f393fbaa665b4fa07eee1816be5ff76965e792f72d00a0547171a0ba63940ab2,data/datasets/RRDataset/selection_1500/sara/ai/normal_007514.png,low,1,0.9796268939971924
f3becf09f811d411ab311d1735ddd4a88453ea533a7bb33da2bea0e262531f74,data/datasets/sid-set/candidate-1500/images/fake/f3becf09f811d411ab311d1735ddd4a88453ea533a7bb33da2bea0e262531f74.png,low,1,0.9907045960426331
f3e9e757846b7920af6b2076169774f291fdcb88b9fbcf4979dd52ddb54e7bd2,data/datasets/sid-set/candidate-1500/images/fake/f3e9e757846b7920af6b2076169774f291fdcb88b9fbcf4979dd52ddb54e7bd2.png,low,1,0.9065948724746704
f3f29617a1b1ce4e37dccfcc24761fb9dbc7a15d75622ed552c27360d894e754,data/datasets/sid-set/candidate-1500/images/fake/f3f29617a1b1ce4e37dccfcc24761fb9dbc7a15d75622ed552c27360d894e754.png,low,1,0.9628496170043945
f44344597a711472cc39d2a17ba07dac8fab8f6aef26865b1d8fd0224ebc7c62,data/datasets/sid-set/candidate-1500/images/real/f44344597a711472cc39d2a17ba07dac8fab8f6aef26865b1d8fd0224ebc7c62.jpg,low,0,0.30946922302246094
f45e11654db2d7af65034d9103421209ef801c685e7587052edfeaaa60ad995c,data/datasets/sid-set/candidate-1500/images/fake/f45e11654db2d7af65034d9103421209ef801c685e7587052edfeaaa60ad995c.png,low,1,0.9930688142776489
f46ea0a9f7122cb111f80792f1eecf8b7cf816517426349568d972e8737d7f76,data/datasets/sid-set/candidate-1500/images/real/f46ea0a9f7122cb111f80792f1eecf8b7cf816517426349568d972e8737d7f76.jpg,low,0,0.46332088112831116
f59e6a3a362788047303facccea3eaed56b43714dbb3b80ea548a364953c198f,data/datasets/openfake/pilot-600/images/fake/f59e6a3a362788047303facccea3eaed56b43714dbb3b80ea548a364953c198f.png,low,1,0.10382538288831711
f5a0b14d6ba74a7f1519cfd9da120c5b164ecbb95dc1750f8778287e2a6e0a14,data/datasets/sid-set/candidate-1500/images/fake/f5a0b14d6ba74a7f1519cfd9da120c5b164ecbb95dc1750f8778287e2a6e0a14.png,low,1,0.8563302159309387
f5da32ef017276c143bab9cee5af6f9e6ed44fa73af16ae404004ab487244463,data/datasets/openfake/additional-900/images/fake/f5da32ef017276c143bab9cee5af6f9e6ed44fa73af16ae404004ab487244463.jpg,low,1,0.8205598592758179
f5f53c4a5c57fed5111f36edc822cfa089ee7541ee3564740bf1027842e5bc7c,data/datasets/sid-set/candidate-1500/images/real/f5f53c4a5c57fed5111f36edc822cfa089ee7541ee3564740bf1027842e5bc7c.jpg,low,0,0.9949837923049927
f62ec44582f00a06e793638327952598647ff8236cac0b0031b781503c164721,data/datasets/sid-set/candidate-1500/images/fake/f62ec44582f00a06e793638327952598647ff8236cac0b0031b781503c164721.png,low,1,0.4846859872341156
f654b2ff6fbc4af0a73385a8e0d9c3f4962cdfa44d57ddd23324e685bea800ad,data/datasets/openfake/additional-900/images/fake/f654b2ff6fbc4af0a73385a8e0d9c3f4962cdfa44d57ddd23324e685bea800ad.webp,low,1,0.7596359252929688
f65ecb47c6f4e7b534d1747d5d127eb6a06c57ee3060989f8a2430d816e931b6,data/datasets/openfake/pilot-600/images/real/f65ecb47c6f4e7b534d1747d5d127eb6a06c57ee3060989f8a2430d816e931b6.jpg,low,0,0.01196453720331192
f6b9b093e8e629c1ce1f732392b3db7a743b73246cc40fccc22cdd7157e4250e,data/datasets/sid-set/candidate-1500/images/fake/f6b9b093e8e629c1ce1f732392b3db7a743b73246cc40fccc22cdd7157e4250e.png,low,1,0.8604109287261963
f6f1824a543618221794df39fcffd4eeb7073281acb1ad7543c8fbdac13fa0b5,data/datasets/sid-set/candidate-1500/images/fake/f6f1824a543618221794df39fcffd4eeb7073281acb1ad7543c8fbdac13fa0b5.png,low,1,0.9936690926551819
f6f7e9f71ea5cd3759c4c94c754524b6d3ab2777270c5f3b77c2c826c84a28b5,data/datasets/sid-set/candidate-1500/images/real/f6f7e9f71ea5cd3759c4c94c754524b6d3ab2777270c5f3b77c2c826c84a28b5.jpg,low,0,0.05572285130620003
f70dcaf04040c3640f7568ee80be961f9a8fc6bd80f5935e0b55c9f6ab2d53c0,data/datasets/openfake/additional-900/images/real/f70dcaf04040c3640f7568ee80be961f9a8fc6bd80f5935e0b55c9f6ab2d53c0.jpg,low,0,0.13467036187648773
f712dfcb3863fb0844ae53f5632a18e6f58d020e9391c145853742111c0910f4,data/datasets/openfake/pilot-600/images/fake/f712dfcb3863fb0844ae53f5632a18e6f58d020e9391c145853742111c0910f4.png,low,1,0.9315794110298157
f758b0e7433b38415d7bf99c31dc0fa333492be339ae67c6c53ba045af32e2d2,data/datasets/openfake/additional-900/images/fake/f758b0e7433b38415d7bf99c31dc0fa333492be339ae67c6c53ba045af32e2d2.webp,low,1,0.9689281582832336
f78780217e05573a991428332a693fd5e6d4f5a2ecd021cc0b78406f3b5a41fa,data/datasets/sid-set/candidate-1500/images/real/f78780217e05573a991428332a693fd5e6d4f5a2ecd021cc0b78406f3b5a41fa.jpg,low,0,0.18489186465740204
f7b346c7ba61116a506793d733d46ea0394f3e048af676e6d4ddc6a328f507c2,data/datasets/sid-set/candidate-1500/images/fake/f7b346c7ba61116a506793d733d46ea0394f3e048af676e6d4ddc6a328f507c2.png,low,1,0.9804744720458984
f7eca2d42960acb9387da91e61711ee68458e5b1e1257513397bf34d0c6927ce,data/datasets/sid-set/candidate-1500/images/fake/f7eca2d42960acb9387da91e61711ee68458e5b1e1257513397bf34d0c6927ce.png,low,1,0.9855769276618958
f7f9c2648c4af2c106dc7648e84e44ac32686845515ab634b9f5de58aefb80bd,data/datasets/sid-set/candidate-1500/images/real/f7f9c2648c4af2c106dc7648e84e44ac32686845515ab634b9f5de58aefb80bd.jpg,low,0,0.32106277346611023
f7fcedaa67772f7f1892ec3396eeb64155a19dca99e8ebc01e21b1e177a615bb,data/datasets/RRDataset/selection_1500/lorenzo/real/real_000235.jpg,low,0,0.6054063439369202
f81ad959e29e3167639afe7e5dea831837c3e7558668f1e1c66fdd2f4632a930,data/datasets/openfake/pilot-600/images/fake/f81ad959e29e3167639afe7e5dea831837c3e7558668f1e1c66fdd2f4632a930.jpg,low,1,0.4116462767124176
f86ef2949dcc58a6659ef4c08136853de3dc87c2e79314519acc3b28abe0ceb8,data/datasets/sid-set/candidate-1500/images/real/f86ef2949dcc58a6659ef4c08136853de3dc87c2e79314519acc3b28abe0ceb8.jpg,low,0,0.5550654530525208
f881925ff3796a8b02099cb43b677db8f2fa2267eb0161e9fe17dce1852e6000,data/datasets/openfake/pilot-600/images/fake/f881925ff3796a8b02099cb43b677db8f2fa2267eb0161e9fe17dce1852e6000.jpg,low,1,0.8686538934707642
f8ce132009296bae02b885c2b0db4b1e8825a17ccdd9000376156d6bd1593862,data/datasets/RRDataset/selection_1500/sara/real/real_005630.jpg,low,0,0.8982036709785461
f8f86db7ad3134938ed4b9a804ab9af892651781a568682c7fc22d1fa53e8f5d,data/datasets/RRDataset/selection_1500/sara/ai/normal_009249.png,low,1,0.9981227517127991
f91c00241590257c2d75ae72b3c00c823f8bf39b43d06ee43b440c0b0b0ef60b,data/datasets/sid-set/candidate-1500/images/fake/f91c00241590257c2d75ae72b3c00c823f8bf39b43d06ee43b440c0b0b0ef60b.png,low,1,0.9792369604110718
f9aec907dfa5c447f6919865510995a18d06c355b3db201169ac4c7eca3ebfdb,data/datasets/RRDataset/selection_1500/lorenzo/real/real_002853.jpg,low,0,0.43228408694267273
f9cc0abd5732d27761c579ab78bdc0044cdd81cdd9b24926674138b3605bde77,data/datasets/openfake/additional-900/images/fake/f9cc0abd5732d27761c579ab78bdc0044cdd81cdd9b24926674138b3605bde77.png,low,1,0.9524962902069092
f9e4ceb23468a89679e41c6b6386b2aa9230ce4455a3aa5eb1f1c724291e8889,data/datasets/RRDataset/selection_1500/lorenzo/real/real_004300.jpg,low,0,0.9803457856178284
fa20fca3616ece80bff08b8969e62bcc2ef8aa2b1f4e35d7f55a180e0f0a0a60,data/datasets/openfake/additional-900/images/real/fa20fca3616ece80bff08b8969e62bcc2ef8aa2b1f4e35d7f55a180e0f0a0a60.jpg,low,0,0.009161233901977539
fa310a9d42565cc790e135c53b7c09442703c1e20743c278340de2f41b9e7cf6,data/datasets/RRDataset/selection_1500/lorenzo/real/real_005070.jpg,low,0,0.4456465244293213
fa446d95fbbc58317371bba9ac215f35f6394f405afe94c4379ae8728c5e6283,data/datasets/RRDataset/selection_1500/sara/real/real_009955.jpg,low,0,0.05492107570171356
fa5919767d070b0d4b5d621f950b86727f0067922ac6b001a6e5a73c85507ac0,data/datasets/RRDataset/selection_1500/giovanni/ai/normal_006651.jpg,low,1,0.19606345891952515
fa598674dda370d19b90e61c6d1a9152c99438ba20a098936f5cd3bbcb5b87eb,data/datasets/sid-set/candidate-1500/images/real/fa598674dda370d19b90e61c6d1a9152c99438ba20a098936f5cd3bbcb5b87eb.jpg,low,0,0.4557007849216461
fa632cce995afc4b7974f33902d52c95f49f0a1fff7d822e914a07cc20cab234,data/datasets/openfake/additional-900/images/fake/fa632cce995afc4b7974f33902d52c95f49f0a1fff7d822e914a07cc20cab234.png,low,1,0.687200665473938
fa9f7cfcfcfa2e38649b278f95b712484447b1506b0af0535df07c1367dbf4e9,data/datasets/sid-set/candidate-1500/images/real/fa9f7cfcfcfa2e38649b278f95b712484447b1506b0af0535df07c1367dbf4e9.jpg,low,0,0.6470761895179749
fad4fee4be3788fe5b1d56a1ce6df5981430ebb8f0f5315baf1ff4e94424642e,data/datasets/sid-set/candidate-1500/images/fake/fad4fee4be3788fe5b1d56a1ce6df5981430ebb8f0f5315baf1ff4e94424642e.png,low,1,0.9340375661849976
fae78ac30133f7c999a05b18c79c7e952d65d12370a6f43aed2201316a217ff9,data/datasets/RRDataset/selection_1500/sara/real/real_007223.jpg,low,0,0.9679067730903625
faf5eee7ebadd867cbdc3a1cb213ffc631f8975365b64b011da5af25b3b38b77,data/datasets/openfake/additional-900/images/real/faf5eee7ebadd867cbdc3a1cb213ffc631f8975365b64b011da5af25b3b38b77.jpg,low,0,0.0011982944561168551
fb3c35334df287ed9b340ff756a6a0aa8895179b25ad4d3749a6d5916decdf4b,data/datasets/openfake/pilot-600/images/fake/fb3c35334df287ed9b340ff756a6a0aa8895179b25ad4d3749a6d5916decdf4b.png,low,1,0.9959086179733276
fb9244e5723905e6b6300d4ec8d67c79c3887313a761e5bbaa117a7170f1fdbd,data/datasets/RRDataset/selection_1500/lorenzo/real/real_005255.jpg,low,0,0.7905768156051636
fbc7474a6ae1111ab72f21d60477e7e2530d98080020b41511366f73f4d0a93a,data/datasets/sid-set/candidate-1500/images/fake/fbc7474a6ae1111ab72f21d60477e7e2530d98080020b41511366f73f4d0a93a.png,low,1,0.9860116839408875
fbf063206a1ab90c9d745f82ec9706ee85feb270bb3a7d858b766d574015222e,data/datasets/openfake/additional-900/images/fake/fbf063206a1ab90c9d745f82ec9706ee85feb270bb3a7d858b766d574015222e.png,low,1,0.989912211894989
fc41d233bafefb8846e305b3400d203d8492b59bd629e7eb46eebca02e63c756,data/datasets/sid-set/candidate-1500/images/real/fc41d233bafefb8846e305b3400d203d8492b59bd629e7eb46eebca02e63c756.jpg,low,0,0.5920377373695374
fc62036d80d5b28bf3263d14289de2f7aff3acbcd54acd34d373a1d007c7a7d6,data/datasets/sid-set/candidate-1500/images/real/fc62036d80d5b28bf3263d14289de2f7aff3acbcd54acd34d373a1d007c7a7d6.jpg,low,0,0.08637745678424835
fc874880b9a04dc295d47ea313f3342e1376eae30f3cd71998f1d8a80d4fd654,data/datasets/sid-set/candidate-1500/images/fake/fc874880b9a04dc295d47ea313f3342e1376eae30f3cd71998f1d8a80d4fd654.png,low,1,0.992935836315155
fcb71b118776df3cca275fc29a0999976b6f7b89857971f0ff835723d53890c4,data/datasets/openfake/pilot-600/images/fake/fcb71b118776df3cca275fc29a0999976b6f7b89857971f0ff835723d53890c4.png,low,1,0.9992712140083313
fcc33daa2f0dcaf21466e090b42935a1002b5a99a2adf56930bb62a8341e89ce,data/datasets/sid-set/candidate-1500/images/fake/fcc33daa2f0dcaf21466e090b42935a1002b5a99a2adf56930bb62a8341e89ce.png,low,1,0.9766808152198792
fd0cf2235a87379dc09c54fc13840018085827926429ce571270fa510adc3261,data/datasets/openfake/additional-900/images/real/fd0cf2235a87379dc09c54fc13840018085827926429ce571270fa510adc3261.jpg,low,0,0.02200131118297577
fd1ead850829903f435a0e438ec9c0a629aa416245a7a956e195a441eb10fd8c,data/datasets/RRDataset/selection_1500/lorenzo/real/real_008246.jpg,low,0,0.9119886159896851
fd2f3e2001b9bca2e09b010c54dc8f096ca36ce22f1357439750348b226ed7db,data/datasets/openfake/additional-900/images/fake/fd2f3e2001b9bca2e09b010c54dc8f096ca36ce22f1357439750348b226ed7db.png,low,1,0.572788417339325
fd6500ff604b80287cc94ddb307b6dc2c26a2d3965cfe59e54e2c28ae056b471,data/datasets/sid-set/candidate-1500/images/real/fd6500ff604b80287cc94ddb307b6dc2c26a2d3965cfe59e54e2c28ae056b471.jpg,low,0,0.945389986038208
fdad777c1bb52a7c7d99cce69c51494c19ce38d848d4697c3ac7028cf2212a38,data/datasets/RRDataset/selection_1500/lorenzo/real/real_008471.jpg,low,0,0.9741047024726868
fddcf3890715d7488c6442cc41ecce8be3136d1445432e699aeddc17ba9ff9f2,data/datasets/openfake/additional-900/images/real/fddcf3890715d7488c6442cc41ecce8be3136d1445432e699aeddc17ba9ff9f2.jpg,low,0,0.766745388507843
fe077ab06f77a1e03b82c66b4340e04607d33a942ad5b4ad7e417526caaf6c9c,data/datasets/RRDataset/selection_1500/lorenzo/real/real_002414.jpg,low,0,0.7784309983253479
fec9d216ae3e1943ed5ce2eb3dc826f0df1e55c3aa381c07158513d4cc6096d7,data/datasets/RRDataset/selection_1500/giovanni/ai/normal_006373.jpg,low,1,0.4699004292488098
ff28a83449f85294f24c2f9e652857a7757b66e0ce0b8792a9eaf6fdadc50d07,data/datasets/sid-set/candidate-1500/images/real/ff28a83449f85294f24c2f9e652857a7757b66e0ce0b8792a9eaf6fdadc50d07.jpg,low,0,0.01226863544434309
ff8f3d8daae076d6bf47870b598317a8d4b421e404d40c1087d945d45f0eeece,data/datasets/sid-set/candidate-1500/images/real/ff8f3d8daae076d6bf47870b598317a8d4b421e404d40c1087d945d45f0eeece.jpg,low,0,0.007042032200843096
ffe8fa359cd1e640c6b3f1bb2071eadabab56872e481159fce9a4ca971b6b680,data/datasets/sid-set/candidate-1500/images/real/ffe8fa359cd1e640c6b3f1bb2071eadabab56872e481159fce9a4ca971b6b680.jpg,low,0,0.7243358492851257
