content_hash,image_path,sensitivity_level,label,probability_fake
00047e1946fdc5314c0f076ce0db75c7cbb8bfcc8496ee2cb89a3deffa2c3eac,data/datasets/sid-set/candidate-1500/images/real/00047e1946fdc5314c0f076ce0db75c7cbb8bfcc8496ee2cb89a3deffa2c3eac.jpg,medium,0,0.0007636001100763679
003570fe1e8b8a4003c7515dc194c19e098aeb40f510062b3f8e327f80de49d9,data/datasets/sid-set/candidate-1500/images/real/003570fe1e8b8a4003c7515dc194c19e098aeb40f510062b3f8e327f80de49d9.jpg,low,0,0.9898808598518372
0044cb3e58cacc4afc961798a33f77b3e83bc5b43787ea5a66f97b7095241392,data/datasets/sid-set/candidate-1500/images/fake/0044cb3e58cacc4afc961798a33f77b3e83bc5b43787ea5a66f97b7095241392.png,high,1,0.9948797225952148
006889a0c3aaec918b4588904790820ec39e1b97c6e08c6b6a803ecae1d8b6e6,data/datasets/openfake/pilot-600/images/fake/006889a0c3aaec918b4588904790820ec39e1b97c6e08c6b6a803ecae1d8b6e6.png,medium,1,0.9414595365524292
006ecef50f937cf692c61c13c25549171f5a6ac3a816f78501353d653cca06da,data/datasets/openfake/additional-900/images/real/006ecef50f937cf692c61c13c25549171f5a6ac3a816f78501353d653cca06da.jpg,medium,0,0.4672873914241791
006ee61f66b7d52d7c5e51f48e5824f2a032cf318f31e3a470dee6743999f343,data/datasets/sid-set/candidate-1500/images/fake/006ee61f66b7d52d7c5e51f48e5824f2a032cf318f31e3a470dee6743999f343.png,high,1,0.9772985577583313
008829b6c2c12cba65ef788d6276ccef739f2c79c3834da0013a42fb56e91fcf,data/datasets/openfake/additional-900/images/fake/008829b6c2c12cba65ef788d6276ccef739f2c79c3834da0013a42fb56e91fcf.png,medium,1,0.9860337376594543
008e9242bfda315bcb702c4d4a41800ca85196d3ca59807b8df12e740487aa25,data/datasets/sid-set/candidate-1500/images/real/008e9242bfda315bcb702c4d4a41800ca85196d3ca59807b8df12e740487aa25.jpg,low,0,0.8751601576805115
00b54f4ce2d09f74c2267beb67e77c62fe187aab74972e3ebe2d504fa6c39763,data/datasets/openfake/additional-900/images/fake/00b54f4ce2d09f74c2267beb67e77c62fe187aab74972e3ebe2d504fa6c39763.png,low,1,0.8945500254631042
00c0435d508a73bbeda582d06bf261b98b6913a56226e7cf29da67737ddd5e20,data/datasets/openfake/additional-900/images/fake/00c0435d508a73bbeda582d06bf261b98b6913a56226e7cf29da67737ddd5e20.webp,low,1,0.0489145964384079
00cbc8d789e764ecea4da45bebbcfa52b372608d710ae1de382996d40f9a8dc7,data/datasets/openfake/additional-900/images/fake/00cbc8d789e764ecea4da45bebbcfa52b372608d710ae1de382996d40f9a8dc7.png,medium,1,0.9984402060508728
00d27e1144cf447161a29ef6ea692337fd0a78ee4d1204bf4adc322b044e854b,data/datasets/sid-set/candidate-1500/images/fake/00d27e1144cf447161a29ef6ea692337fd0a78ee4d1204bf4adc322b044e854b.png,low,1,0.9905919432640076
00dbdda9142f5479d8506dd10cfc3ea4956f31937f39aa824c657ee300b65c55,data/datasets/sid-set/candidate-1500/images/real/00dbdda9142f5479d8506dd10cfc3ea4956f31937f39aa824c657ee300b65c55.jpg,low,0,0.9975125789642334
00dce87d8dc797286f65edb6be61a2c53108e35134b76defb3c2ade3b95c1954,data/datasets/sid-set/candidate-1500/images/fake/00dce87d8dc797286f65edb6be61a2c53108e35134b76defb3c2ade3b95c1954.png,high,1,0.9920735955238342
00e8c18aaa33268122441ad7eb1a2980d9f94dd065c5be4fe79ed4fb6646ad00,data/datasets/openfake/additional-900/images/real/00e8c18aaa33268122441ad7eb1a2980d9f94dd065c5be4fe79ed4fb6646ad00.jpg,medium,0,0.07733520865440369
00ed0e1aa34982512b2dca7faa66cf61508259ccdeb8dbdcf1aa3df6dd9ee1e7,data/datasets/sid-set/candidate-1500/images/real/00ed0e1aa34982512b2dca7faa66cf61508259ccdeb8dbdcf1aa3df6dd9ee1e7.jpg,low,0,0.4250236451625824
011a68a2b099883d03cdb2c19dc38a007c65bffe3aeba1fd0d026e4f8d85d933,data/datasets/openfake/additional-900/images/fake/011a68a2b099883d03cdb2c19dc38a007c65bffe3aeba1fd0d026e4f8d85d933.png,medium,1,0.9914807081222534
0126a08492ae133193d23d77abf6c6fc5e8ec10e44c8cfebce7e6ac0e4e243d8,data/datasets/sid-set/candidate-1500/images/real/0126a08492ae133193d23d77abf6c6fc5e8ec10e44c8cfebce7e6ac0e4e243d8.jpg,medium,0,0.19891540706157684
0127d0b8bcd59b2f90c60f188d68d0299c9d4832df77c4853c0229464648e369,data/datasets/openfake/additional-900/images/fake/0127d0b8bcd59b2f90c60f188d68d0299c9d4832df77c4853c0229464648e369.png,medium,1,0.19355875253677368
013e1faf5cc3ef7e66f895bdbda552b9867075cdd46b50d711eefbd7903513a7,data/datasets/sid-set/candidate-1500/images/real/013e1faf5cc3ef7e66f895bdbda552b9867075cdd46b50d711eefbd7903513a7.jpg,low,0,0.03468657284975052
01455bc620d7137df3afdbd586bfa68fee8cc931b2511a7fda21a6a98ab4158b,data/datasets/openfake/additional-900/images/fake/01455bc620d7137df3afdbd586bfa68fee8cc931b2511a7fda21a6a98ab4158b.png,low,1,0.22106042504310608
014d02224457fd79efab38f7f55b35f63b2b64d679a455cec9e5c7ccf62cdda5,data/datasets/openfake/additional-900/images/fake/014d02224457fd79efab38f7f55b35f63b2b64d679a455cec9e5c7ccf62cdda5.png,medium,1,0.9988842606544495
018f0dc1e0ebdb5eb8adf57f8b90001a5b03131e7585ee8378d32efbbe5a06be,data/datasets/openfake/additional-900/images/real/018f0dc1e0ebdb5eb8adf57f8b90001a5b03131e7585ee8378d32efbbe5a06be.jpg,low,0,0.0033057699911296368
01901d6963a13165939e31ef73248313565145033418a9613082e0063cceea4d,data/datasets/openfake/additional-900/images/real/01901d6963a13165939e31ef73248313565145033418a9613082e0063cceea4d.jpg,medium,0,0.7741602063179016
0197454677d4f66eb0b0159da171d0c8da9e7d63511805503199d5eb0e30b461,data/datasets/sid-set/candidate-1500/images/fake/0197454677d4f66eb0b0159da171d0c8da9e7d63511805503199d5eb0e30b461.png,medium,1,0.9643429517745972
01b18ee7f96da180a85c3205e39912b4360d5c11982bbcdf053e167e309238ed,data/datasets/openfake/additional-900/images/real/01b18ee7f96da180a85c3205e39912b4360d5c11982bbcdf053e167e309238ed.jpg,medium,0,8.977448305813596e-05
01b2f2d2e32a785f8e6fc48dbc9862b785f6a6947a58677d3d504368cd9b6214,data/datasets/openfake/pilot-600/images/real/01b2f2d2e32a785f8e6fc48dbc9862b785f6a6947a58677d3d504368cd9b6214.jpg,medium,0,0.05733522027730942
01cbc35952e0819a0ce45a7747eb183974f7cb99a314ebc0e37dcae10d503791,data/datasets/openfake/additional-900/images/fake/01cbc35952e0819a0ce45a7747eb183974f7cb99a314ebc0e37dcae10d503791.png,low,1,0.919834554195404
024ddf004bacbdf8b2e80b053fb78c91d82a329d75d1b3aa4557edc8f832b4a5,data/datasets/sid-set/candidate-1500/images/fake/024ddf004bacbdf8b2e80b053fb78c91d82a329d75d1b3aa4557edc8f832b4a5.png,low,1,0.9724993109703064
02704b70f3943efbc63a29c11e2fb5caf68808d596e36035aea48e139919a2cc,data/datasets/openfake/pilot-600/images/real/02704b70f3943efbc63a29c11e2fb5caf68808d596e36035aea48e139919a2cc.jpg,medium,0,0.4608221650123596
028383a2bc29d233f5f1264b66ec16e43fd861654d9ee5978ea8e462b4b43f79,data/datasets/openfake/pilot-600/images/fake/028383a2bc29d233f5f1264b66ec16e43fd861654d9ee5978ea8e462b4b43f79.png,medium,1,0.9089142680168152
02aba247c6abe5b9a067c041a4e0a65cf166b375e2c4cbc44677b288ffbf8446,data/datasets/openfake/additional-900/images/fake/02aba247c6abe5b9a067c041a4e0a65cf166b375e2c4cbc44677b288ffbf8446.png,medium,1,0.9925711750984192
02b4ff836d7f3edf0e68eaaa2a045baec77cbb402246f9baff14194db49fdde7,data/datasets/openfake/additional-900/images/real/02b4ff836d7f3edf0e68eaaa2a045baec77cbb402246f9baff14194db49fdde7.jpg,medium,0,0.5393695831298828
02fc55f36e68646fcb41c0234e3cad56c7b3768529c45ea9242d05597f789ae6,data/datasets/sid-set/candidate-1500/images/real/02fc55f36e68646fcb41c0234e3cad56c7b3768529c45ea9242d05597f789ae6.jpg,medium,0,0.884326696395874
0311be484909f522adfc3fdac322ee07e23840fdc82e5717e068999b1e4105ee,data/datasets/sid-set/candidate-1500/images/real/0311be484909f522adfc3fdac322ee07e23840fdc82e5717e068999b1e4105ee.jpg,low,0,0.46593040227890015
03183ad87f31c3c99a1bec9f37c98e76d7f6dac9d4851eda5d0a4b4605425d75,data/datasets/openfake/additional-900/images/real/03183ad87f31c3c99a1bec9f37c98e76d7f6dac9d4851eda5d0a4b4605425d75.jpg,medium,0,0.025586366653442383
034210a00259d977911df2af667420db2d3c1bfffac5db8089823d9508b1ef36,data/datasets/openfake/pilot-600/images/fake/034210a00259d977911df2af667420db2d3c1bfffac5db8089823d9508b1ef36.png,medium,1,0.7867130637168884
034a3d4070847840505a010c78888746d367be6658457fc770780c5d5f9e0681,data/datasets/openfake/additional-900/images/real/034a3d4070847840505a010c78888746d367be6658457fc770780c5d5f9e0681.jpg,medium,0,0.11016559600830078
035ecfeb940c4d35c80b3cc0ccb914d0ac42a26bcc7c582e59257a3f8b5c9a95,data/datasets/openfake/additional-900/images/fake/035ecfeb940c4d35c80b3cc0ccb914d0ac42a26bcc7c582e59257a3f8b5c9a95.png,medium,1,0.5900999307632446
035f9833425f119a6bddb448298b8395c00724ced8cf09a3aad4de4e7454889b,data/datasets/sid-set/candidate-1500/images/fake/035f9833425f119a6bddb448298b8395c00724ced8cf09a3aad4de4e7454889b.png,medium,1,0.9803896546363831
0361ed7b660649ee51ab09b026ea1c998052a686aaded4df7c422cee79b04553,data/datasets/sid-set/candidate-1500/images/fake/0361ed7b660649ee51ab09b026ea1c998052a686aaded4df7c422cee79b04553.png,medium,1,0.9859297871589661
03688c9b1bb495e0696e35b7d00c15a7999b4af4f590f31724741fd56d18523c,data/datasets/sid-set/candidate-1500/images/real/03688c9b1bb495e0696e35b7d00c15a7999b4af4f590f31724741fd56d18523c.jpg,medium,0,0.03217446058988571
036a64d63acc24a1133f7471e935115ddea0ee63cfd1fadc38c90b2e3fd66066,data/datasets/sid-set/candidate-1500/images/fake/036a64d63acc24a1133f7471e935115ddea0ee63cfd1fadc38c90b2e3fd66066.png,low,1,0.9978312849998474
039d62e7d5a6902bc0ec8e8921cd76d941e08a52b3aff0862ed5267f85dc0078,data/datasets/openfake/pilot-600/images/real/039d62e7d5a6902bc0ec8e8921cd76d941e08a52b3aff0862ed5267f85dc0078.jpg,medium,0,0.0037711006589233875
03f2e19c06f403e8089f8e58647535b20445590e46225ea4113e463d86a378cb,data/datasets/openfake/additional-900/images/real/03f2e19c06f403e8089f8e58647535b20445590e46225ea4113e463d86a378cb.png,medium,0,0.7498335242271423
04123341d61ed5d2f72ae9d09735f9656e36f2f7cea293c80e6301b0f63a6c73,data/datasets/openfake/additional-900/images/real/04123341d61ed5d2f72ae9d09735f9656e36f2f7cea293c80e6301b0f63a6c73.jpg,medium,0,0.36396390199661255
04362431d32533d243b45dd970bc15714782f46ae568a68d7f3b277f3f82295c,data/datasets/openfake/additional-900/images/real/04362431d32533d243b45dd970bc15714782f46ae568a68d7f3b277f3f82295c.jpg,medium,0,0.04890710487961769
04549a213aeabe11d22655e26efc478344b26eda1d1b56395c034f2177e8c90d,data/datasets/openfake/additional-900/images/real/04549a213aeabe11d22655e26efc478344b26eda1d1b56395c034f2177e8c90d.jpg,medium,0,0.8820500373840332
049f552fbf0304181dac378d61d169813d6620951555583c9985f97196b452dc,data/datasets/sid-set/candidate-1500/images/real/049f552fbf0304181dac378d61d169813d6620951555583c9985f97196b452dc.jpg,low,0,0.8803991079330444
04c75b94436b1ca0d3bf31ed1205e6e5e4667c1843ddf6eea37d7c950e82522b,data/datasets/openfake/additional-900/images/fake/04c75b94436b1ca0d3bf31ed1205e6e5e4667c1843ddf6eea37d7c950e82522b.png,low,1,0.9573565721511841
04debdcbbe8057f832fa8ecbbad024136957f8e33d7e6c59ffe3de804ea0248d,data/datasets/sid-set/candidate-1500/images/real/04debdcbbe8057f832fa8ecbbad024136957f8e33d7e6c59ffe3de804ea0248d.jpg,low,0,0.36149269342422485
0547f3652efbefa56db7f9c8369f298a99d35178873d98b91d56f43f377c01f3,data/datasets/sid-set/candidate-1500/images/fake/0547f3652efbefa56db7f9c8369f298a99d35178873d98b91d56f43f377c01f3.png,medium,1,0.8977216482162476
05780961af3b73b946fdec53aa3c06bf8b4f3b6bbfc5307c8d25699a5795540a,data/datasets/openfake/additional-900/images/real/05780961af3b73b946fdec53aa3c06bf8b4f3b6bbfc5307c8d25699a5795540a.jpg,low,0,0.908841609954834
057bc1cf0313880845d41a94b4aaea46eab804d506dc0949243ca7b202f4beb4,data/datasets/sid-set/candidate-1500/images/real/057bc1cf0313880845d41a94b4aaea46eab804d506dc0949243ca7b202f4beb4.jpg,medium,0,0.9438967704772949
057c13994e7f19c269f01122c2bb14b6f9f14a2c73ec3fbc4441602211a6567f,data/datasets/sid-set/candidate-1500/images/fake/057c13994e7f19c269f01122c2bb14b6f9f14a2c73ec3fbc4441602211a6567f.png,low,1,0.9148236513137817
059f1908e3048aa449d2bdc10469257ba9693e83f595c53229504a0b789bcfa2,data/datasets/sid-set/candidate-1500/images/real/059f1908e3048aa449d2bdc10469257ba9693e83f595c53229504a0b789bcfa2.jpg,low,0,0.6462254524230957
059f20ee54e5b9d805951a67add94bdf8b53e3ed53fbe378bed7d4bc6fe63e7e,data/datasets/sid-set/candidate-1500/images/real/059f20ee54e5b9d805951a67add94bdf8b53e3ed53fbe378bed7d4bc6fe63e7e.jpg,low,0,0.3514447510242462
05ac0359d577325e72e93d1f7de77d76d58aec86402d792f8274648287ef037a,data/datasets/openfake/additional-900/images/fake/05ac0359d577325e72e93d1f7de77d76d58aec86402d792f8274648287ef037a.png,high,1,0.9937394857406616
05c22cb53a298bde3b21ec354fe68620810f437ec2d2a670b26109d085824f2c,data/datasets/openfake/additional-900/images/fake/05c22cb53a298bde3b21ec354fe68620810f437ec2d2a670b26109d085824f2c.jpg,medium,1,0.8719168901443481
05f2adc828fc440129f78235e85f2af99aa3c003f2f9fc43e5d8ab47c97d8f8e,data/datasets/sid-set/candidate-1500/images/real/05f2adc828fc440129f78235e85f2af99aa3c003f2f9fc43e5d8ab47c97d8f8e.jpg,medium,0,0.021319305524230003
05f91619bc57703b921503b38c585515445fc6c9c41e9cad81774510dc6e146c,data/datasets/sid-set/candidate-1500/images/fake/05f91619bc57703b921503b38c585515445fc6c9c41e9cad81774510dc6e146c.png,medium,1,0.9934828877449036
06166c8f82123b51c26e8ff512f6479e255aabfcb6d4dc5ae13e239ed2ee1797,data/datasets/openfake/additional-900/images/fake/06166c8f82123b51c26e8ff512f6479e255aabfcb6d4dc5ae13e239ed2ee1797.png,medium,1,0.9793696999549866
06176f2683aa0d9c35613ee9972b0eab974a0524b1b0c994f3235c91dc41a491,data/datasets/sid-set/candidate-1500/images/real/06176f2683aa0d9c35613ee9972b0eab974a0524b1b0c994f3235c91dc41a491.jpg,low,0,0.004929737653583288
061a8efa3d02f3d7905ddafa05f6c5d2a793da27013c6940471335e286b5f7f8,data/datasets/openfake/additional-900/images/real/061a8efa3d02f3d7905ddafa05f6c5d2a793da27013c6940471335e286b5f7f8.jpg,medium,0,0.01057943981140852
068a372b0f7788ee141bc6b9c829f77f4b84b1d5b6e4f29bc628e209d00b5a4c,data/datasets/openfake/additional-900/images/fake/068a372b0f7788ee141bc6b9c829f77f4b84b1d5b6e4f29bc628e209d00b5a4c.png,low,1,0.8789003491401672
06aa2da0efe158b8d57cf232a3f3935b2b52f77c91b9c42dbebc0769e7907cb2,data/datasets/sid-set/candidate-1500/images/real/06aa2da0efe158b8d57cf232a3f3935b2b52f77c91b9c42dbebc0769e7907cb2.jpg,low,0,0.0017121859127655625
06c4c335da658b9af994506ce9fd7a709257689add1885ebacf0598e2505fdbe,data/datasets/sid-set/candidate-1500/images/real/06c4c335da658b9af994506ce9fd7a709257689add1885ebacf0598e2505fdbe.jpg,medium,0,0.007464973255991936
06d9af988efd8d6d3ff49e4b253efa2f87950c83d1b77aa1c383311700baaa81,data/datasets/openfake/additional-900/images/real/06d9af988efd8d6d3ff49e4b253efa2f87950c83d1b77aa1c383311700baaa81.jpg,medium,0,0.041224218904972076
06e0c0d0a0607c6f63e7b6c769905f01b4822f070478dffc96f1b50af5273953,data/datasets/sid-set/candidate-1500/images/real/06e0c0d0a0607c6f63e7b6c769905f01b4822f070478dffc96f1b50af5273953.jpg,low,0,0.8840577006340027
06eadc1118dbb9cddf991d8bfcbcd73cc8e7bd39947fcaf2247f20a7007b3089,data/datasets/sid-set/candidate-1500/images/real/06eadc1118dbb9cddf991d8bfcbcd73cc8e7bd39947fcaf2247f20a7007b3089.jpg,medium,0,0.038554199039936066
06f59e64b74183b17391f8a003bb15c36754ea65a80fcd031a9ab321a80f62d5,data/datasets/sid-set/candidate-1500/images/fake/06f59e64b74183b17391f8a003bb15c36754ea65a80fcd031a9ab321a80f62d5.png,low,1,0.9880415201187134
06f827bf1da25a8736f1c07da9723ebcd1f1d6023efb7f4cbe14950c78fe58b2,data/datasets/sid-set/candidate-1500/images/fake/06f827bf1da25a8736f1c07da9723ebcd1f1d6023efb7f4cbe14950c78fe58b2.png,low,1,0.7235884070396423
071197fcfb6f8615b2e6ff492501ffb71dbd113825c51d24ab95144c5f59a779,data/datasets/sid-set/candidate-1500/images/fake/071197fcfb6f8615b2e6ff492501ffb71dbd113825c51d24ab95144c5f59a779.png,medium,1,0.9844862222671509
0733874ff23a178f8df2b3fc91ce2b851726008d29456debb199e183a1be25e2,data/datasets/sid-set/candidate-1500/images/fake/0733874ff23a178f8df2b3fc91ce2b851726008d29456debb199e183a1be25e2.png,medium,1,0.9863568544387817
073f71bf5482489e2176597cebfac8f16a6d4aed40be299ab4dd4af44d7f3d49,data/datasets/openfake/additional-900/images/fake/073f71bf5482489e2176597cebfac8f16a6d4aed40be299ab4dd4af44d7f3d49.jpg,low,1,0.781133770942688
0748fc18a4e203a812acb3f10f27cb6ba055a6682879a0ef0272abe059a7f679,data/datasets/sid-set/candidate-1500/images/real/0748fc18a4e203a812acb3f10f27cb6ba055a6682879a0ef0272abe059a7f679.jpg,medium,0,0.8911606073379517
075f59a5226c597a9d67cbd2482a6ab8f87b39fd4b50cf6b850dd9e12e078492,data/datasets/openfake/pilot-600/images/fake/075f59a5226c597a9d67cbd2482a6ab8f87b39fd4b50cf6b850dd9e12e078492.png,medium,1,0.9822680950164795
079197288a30e54f5f3e4c826e5d9d9b66dd27ce31bedc9021c2878182d3764a,data/datasets/sid-set/candidate-1500/images/fake/079197288a30e54f5f3e4c826e5d9d9b66dd27ce31bedc9021c2878182d3764a.png,medium,1,0.8536595702171326
07add180346a24f4614278d296955acc22d15cc19d955de48e6f66da2aa69807,data/datasets/openfake/additional-900/images/real/07add180346a24f4614278d296955acc22d15cc19d955de48e6f66da2aa69807.jpg,low,0,0.586332380771637
07ec524c7fed0ab92f5428ac038f1aeeb0ce29c36aea40288cd3a22bea49b1f1,data/datasets/openfake/pilot-600/images/real/07ec524c7fed0ab92f5428ac038f1aeeb0ce29c36aea40288cd3a22bea49b1f1.jpg,low,0,0.0010958095081150532
07efa4c46f65faf58d2697e6664af72241dafa8dcae0149ce2060e36a853a8bc,data/datasets/sid-set/candidate-1500/images/fake/07efa4c46f65faf58d2697e6664af72241dafa8dcae0149ce2060e36a853a8bc.png,medium,1,0.9884636998176575
07f53fa0054823b9d25479fbd8feecc1c8af9ce0daf9f635239686eab0654cbf,data/datasets/sid-set/candidate-1500/images/real/07f53fa0054823b9d25479fbd8feecc1c8af9ce0daf9f635239686eab0654cbf.jpg,low,0,0.8455318808555603
082c20baf5166a9e86e9a17dd582148bd232ace5186d4a226cd45092b5195df4,data/datasets/openfake/additional-900/images/real/082c20baf5166a9e86e9a17dd582148bd232ace5186d4a226cd45092b5195df4.jpg,medium,0,0.026866365224123
083fea3cfd189f8bb1973fe5866f6fd8c43becec181d20b8c045ea9468482bfd,data/datasets/openfake/additional-900/images/fake/083fea3cfd189f8bb1973fe5866f6fd8c43becec181d20b8c045ea9468482bfd.jpg,medium,1,0.9186974167823792
084a08a6996a0abefc7917c4489bae34db649a00a64fc9224778d0e7d58bd323,data/datasets/sid-set/candidate-1500/images/fake/084a08a6996a0abefc7917c4489bae34db649a00a64fc9224778d0e7d58bd323.png,low,1,0.8781079053878784
084f83d82c3f81e3b139a52ac082ef0ea939a667f5eeca08a1121adfe9db0122,data/datasets/sid-set/candidate-1500/images/real/084f83d82c3f81e3b139a52ac082ef0ea939a667f5eeca08a1121adfe9db0122.jpg,medium,0,0.07013751566410065
08766ef5b802dfa20790de8b86ad7b40866be06649644d14c7428b6598ab53b0,data/datasets/sid-set/candidate-1500/images/fake/08766ef5b802dfa20790de8b86ad7b40866be06649644d14c7428b6598ab53b0.png,medium,1,0.940547525882721
088a1ed9ccad7f7fcf9bb2d253961d1c0cb2fb9a745338732d74548008b20a82,data/datasets/sid-set/candidate-1500/images/fake/088a1ed9ccad7f7fcf9bb2d253961d1c0cb2fb9a745338732d74548008b20a82.png,low,1,0.9896695017814636
0893ece1927df58e4306632d0589c0fc02a4ac890c992ad0c0853db2692f3351,data/datasets/openfake/pilot-600/images/fake/0893ece1927df58e4306632d0589c0fc02a4ac890c992ad0c0853db2692f3351.png,medium,1,0.9910953044891357
08a13c2efd3f79c9de49bd372c652a1c463d00afc132f38141a4dd25c6a96330,data/datasets/openfake/pilot-600/images/real/08a13c2efd3f79c9de49bd372c652a1c463d00afc132f38141a4dd25c6a96330.jpg,medium,0,0.4933040738105774
08d5d4ced4a5c0d73f46f7645e6e59ffe5749b60562abdf8f0fa5111c7494820,data/datasets/openfake/additional-900/images/real/08d5d4ced4a5c0d73f46f7645e6e59ffe5749b60562abdf8f0fa5111c7494820.jpg,medium,0,0.22709549963474274
08d7b830c58ce1635497fec67c9b61ce43d4ae80129ad6d9f1db6230a4212036,data/datasets/sid-set/candidate-1500/images/real/08d7b830c58ce1635497fec67c9b61ce43d4ae80129ad6d9f1db6230a4212036.jpg,medium,0,0.31153953075408936
08d92bb66db7be10f0ccd12ce83a71c1daf2b6e52fec460fb696da4b797a7129,data/datasets/sid-set/candidate-1500/images/fake/08d92bb66db7be10f0ccd12ce83a71c1daf2b6e52fec460fb696da4b797a7129.png,medium,1,0.6610407829284668
08febd1fa1537337e19f40ca6c33b36303d2545b82a9ce984455dff5b7cabb64,data/datasets/openfake/additional-900/images/fake/08febd1fa1537337e19f40ca6c33b36303d2545b82a9ce984455dff5b7cabb64.png,medium,1,0.7357648015022278
090662f8b52e07277b0305eddda377861f8cbe16eccdff9a83389ba6c0e7476b,data/datasets/sid-set/candidate-1500/images/real/090662f8b52e07277b0305eddda377861f8cbe16eccdff9a83389ba6c0e7476b.jpg,low,0,0.9180665016174316
0923403762c05f603699cdca135168113c04c6cea735a719b7d0e945ee1f11dd,data/datasets/sid-set/candidate-1500/images/fake/0923403762c05f603699cdca135168113c04c6cea735a719b7d0e945ee1f11dd.png,low,1,0.5777203440666199
092b5fc5bb75fba66281476a87d4b820d7015a8b6a40d4c204bf53c58f0d8c3f,data/datasets/openfake/additional-900/images/real/092b5fc5bb75fba66281476a87d4b820d7015a8b6a40d4c204bf53c58f0d8c3f.jpg,medium,0,0.09776527434587479
092c39d03b1b2f66a170ae3986f836d0212d55d092f3b7314757b4fd39eabe93,data/datasets/openfake/additional-900/images/real/092c39d03b1b2f66a170ae3986f836d0212d55d092f3b7314757b4fd39eabe93.jpg,medium,0,0.7039432525634766
094dc682ff1a59e3ef3d2f1ed6ae13ccb66bd15e7c840f7f41132bff4511dd96,data/datasets/sid-set/candidate-1500/images/real/094dc682ff1a59e3ef3d2f1ed6ae13ccb66bd15e7c840f7f41132bff4511dd96.jpg,medium,0,0.16539016366004944
0991e2b7a7e8f1d0427e94549399a89d30366e0a330563d3af2209a98f16b139,data/datasets/sid-set/candidate-1500/images/fake/0991e2b7a7e8f1d0427e94549399a89d30366e0a330563d3af2209a98f16b139.png,low,1,0.6560143232345581
09c0b683f563d2f4a8d8849a1673460ed3567c673fd4c162165e27a1eea6ee23,data/datasets/openfake/pilot-600/images/real/09c0b683f563d2f4a8d8849a1673460ed3567c673fd4c162165e27a1eea6ee23.jpg,medium,0,0.32505685091018677
09d835575205087ba11f9da84e287ae26fc972bf7d6157fb456b3018eb33f352,data/datasets/openfake/additional-900/images/fake/09d835575205087ba11f9da84e287ae26fc972bf7d6157fb456b3018eb33f352.png,medium,1,0.8923169374465942
09e3886b0ee63c011e6337b1860de517aab556f850dffe0414131a2b6af85530,data/datasets/sid-set/candidate-1500/images/real/09e3886b0ee63c011e6337b1860de517aab556f850dffe0414131a2b6af85530.jpg,medium,0,0.472337007522583
09edefc315adb41845acea6f52d5c62c48d55f34a12ba3ba1c45a4156ee9a583,data/datasets/sid-set/candidate-1500/images/fake/09edefc315adb41845acea6f52d5c62c48d55f34a12ba3ba1c45a4156ee9a583.png,low,1,0.9937973618507385
09f85f76fd7d319a69fc078f7b19181edbda37cadf52ea8c56bdc687d13df2fc,data/datasets/openfake/additional-900/images/real/09f85f76fd7d319a69fc078f7b19181edbda37cadf52ea8c56bdc687d13df2fc.jpg,low,0,5.487802263814956e-05
09ff3ff85336f4c9115892d584f22e3796c0d76642c599f0e1b963401a61640b,data/datasets/sid-set/candidate-1500/images/fake/09ff3ff85336f4c9115892d584f22e3796c0d76642c599f0e1b963401a61640b.png,medium,1,0.9817329049110413
0a1924792c95a4b35cdef6b40e26f6c921d32b094a2b598d4417a0c144c9ec9a,data/datasets/openfake/pilot-600/images/real/0a1924792c95a4b35cdef6b40e26f6c921d32b094a2b598d4417a0c144c9ec9a.jpg,medium,0,0.007006100378930569
0a45e187cfe351c118e6f7d66d89dd041c4a6ee299f0e2c506643a3364af6e29,data/datasets/openfake/additional-900/images/real/0a45e187cfe351c118e6f7d66d89dd041c4a6ee299f0e2c506643a3364af6e29.jpg,medium,0,0.018336476758122444
0a47622916b3e67d3dce0287707b50a62c54e04b79209fc2cbfd0ba37ab16496,data/datasets/sid-set/candidate-1500/images/fake/0a47622916b3e67d3dce0287707b50a62c54e04b79209fc2cbfd0ba37ab16496.png,low,1,0.9424026608467102
0a5caf705c917b16bce5179defd3c724cd520f0b9d8e2fa53f6f52473f67393d,data/datasets/sid-set/candidate-1500/images/real/0a5caf705c917b16bce5179defd3c724cd520f0b9d8e2fa53f6f52473f67393d.jpg,low,0,0.9358792901039124
0a8d2c0982c673b69ee45e6f516e19fc970d480a7d5d23a140da784774ed5da5,data/datasets/openfake/additional-900/images/real/0a8d2c0982c673b69ee45e6f516e19fc970d480a7d5d23a140da784774ed5da5.jpg,medium,0,0.00114440789911896
0a921a02ab9e79abccf4ef3e39c2107a511106d0cc0f71137c4f102cee776a1d,data/datasets/openfake/pilot-600/images/fake/0a921a02ab9e79abccf4ef3e39c2107a511106d0cc0f71137c4f102cee776a1d.png,medium,1,0.9921503067016602
0a98527f49c1d40989de6eb1c8bcdb9b28e291a0f769e7b56f8e254670da7a4c,data/datasets/sid-set/candidate-1500/images/fake/0a98527f49c1d40989de6eb1c8bcdb9b28e291a0f769e7b56f8e254670da7a4c.png,medium,1,0.9682883024215698
0a9f0ea61af3d8d498b9efcfd75471d262e4c792e254b6092d57fb4f61ed0d2a,data/datasets/openfake/pilot-600/images/real/0a9f0ea61af3d8d498b9efcfd75471d262e4c792e254b6092d57fb4f61ed0d2a.jpg,medium,0,0.0003408690681681037
0aa4377c2d3cb7c2ac974e3652d6e10b505f5db14aa0684dc5b770a4cb02b8f2,data/datasets/openfake/pilot-600/images/real/0aa4377c2d3cb7c2ac974e3652d6e10b505f5db14aa0684dc5b770a4cb02b8f2.jpg,low,0,0.05076277628540993
0ab51af85e3d83179b0caf8a5354710e281bac2418f0679e648924cd3e40e541,data/datasets/openfake/additional-900/images/fake/0ab51af85e3d83179b0caf8a5354710e281bac2418f0679e648924cd3e40e541.png,medium,1,0.9533790946006775
0b11c6ad97dc14bcc8b6fafa215a586d4d883f4f5a2cdcab3c633b18bf601be0,data/datasets/sid-set/candidate-1500/images/real/0b11c6ad97dc14bcc8b6fafa215a586d4d883f4f5a2cdcab3c633b18bf601be0.jpg,medium,0,0.5779047012329102
0b30022e1685b4b0a910d3afc248d572ab5b939a9544cd0ec879808a2be8ad3e,data/datasets/sid-set/candidate-1500/images/fake/0b30022e1685b4b0a910d3afc248d572ab5b939a9544cd0ec879808a2be8ad3e.png,medium,1,0.6685236692428589
0b5a67b5437e537fe8dcff1fbd94b148b9f858815c4e0c993f95d3b8dc7a8734,data/datasets/openfake/pilot-600/images/real/0b5a67b5437e537fe8dcff1fbd94b148b9f858815c4e0c993f95d3b8dc7a8734.jpg,medium,0,0.9536359310150146
0b68ce702d9e3b9f25b515a29bc352cf543d3a7273d3bf5777ea580b390f852b,data/datasets/openfake/additional-900/images/fake/0b68ce702d9e3b9f25b515a29bc352cf543d3a7273d3bf5777ea580b390f852b.jpg,low,1,0.9773693680763245
0ba2184058d074e9a40c6a61244a31d52928ab8a1bc7a48300e416465ace31d3,data/datasets/sid-set/candidate-1500/images/real/0ba2184058d074e9a40c6a61244a31d52928ab8a1bc7a48300e416465ace31d3.jpg,medium,0,0.987293004989624
0ba4c6c79d3f13652ec83631b721007e44a3b50802543715e77bf6f5bdc36236,data/datasets/openfake/pilot-600/images/fake/0ba4c6c79d3f13652ec83631b721007e44a3b50802543715e77bf6f5bdc36236.png,medium,1,0.1966523677110672
0bacb3b70b4c94da9c0e62827e200dbe1a58e095787ce4a3bd82db25e1c32b33,data/datasets/sid-set/candidate-1500/images/real/0bacb3b70b4c94da9c0e62827e200dbe1a58e095787ce4a3bd82db25e1c32b33.jpg,high,0,0.4045338034629822
0bdc8e5c1a8e4d85066ac01f33176b267cfe36880c32d62d978323fe980dbbec,data/datasets/sid-set/candidate-1500/images/real/0bdc8e5c1a8e4d85066ac01f33176b267cfe36880c32d62d978323fe980dbbec.jpg,medium,0,0.2462315857410431
0bee6e4656f51b542067dd525f7046062a7892e819acc0976e585f605c9f4022,data/datasets/sid-set/candidate-1500/images/fake/0bee6e4656f51b542067dd525f7046062a7892e819acc0976e585f605c9f4022.png,low,1,0.9660318493843079
0c4c604f58c95b076b31e39a6bdcb83013b17653cce427dd2dc44cab6bc0405c,data/datasets/sid-set/candidate-1500/images/fake/0c4c604f58c95b076b31e39a6bdcb83013b17653cce427dd2dc44cab6bc0405c.png,medium,1,0.9728241562843323
0c978775b84a96bee8f055cb58184925dd6a9c6c7a41a02c0b47b39aa6b6859b,data/datasets/openfake/pilot-600/images/fake/0c978775b84a96bee8f055cb58184925dd6a9c6c7a41a02c0b47b39aa6b6859b.png,medium,1,0.9758147597312927
0ca65a1aea6af0bcf0d94b5d7ce9678fc1caa911312577a312369a2484d5e204,data/datasets/sid-set/candidate-1500/images/fake/0ca65a1aea6af0bcf0d94b5d7ce9678fc1caa911312577a312369a2484d5e204.png,medium,1,0.9867916107177734
0cadc0beee15e121b201ecf2546be4a052442ee4bcc778f5b3246875c0ddd691,data/datasets/sid-set/candidate-1500/images/fake/0cadc0beee15e121b201ecf2546be4a052442ee4bcc778f5b3246875c0ddd691.png,low,1,0.9767606258392334
0cb63a7b76b66aa12abe158d2cb405a39a6eaf1710d3b2f95725f50cafcc9887,data/datasets/sid-set/candidate-1500/images/fake/0cb63a7b76b66aa12abe158d2cb405a39a6eaf1710d3b2f95725f50cafcc9887.png,low,1,0.99153733253479
0cd779e6c854ed392df6e5f3c3ab59c34f640edf454a39fd05e3d1b27b8f1a2d,data/datasets/sid-set/candidate-1500/images/real/0cd779e6c854ed392df6e5f3c3ab59c34f640edf454a39fd05e3d1b27b8f1a2d.jpg,medium,0,0.5985272526741028
0cdf02fcdb30f365901c108129e0338005cb983cef55f6a5af92a425cf67e0d1,data/datasets/openfake/additional-900/images/real/0cdf02fcdb30f365901c108129e0338005cb983cef55f6a5af92a425cf67e0d1.jpg,low,0,0.006163951009511948
0d08011952fc4997aa7c122abe86307dcd86342e40c6fc7590b79c340addb8f7,data/datasets/openfake/additional-900/images/fake/0d08011952fc4997aa7c122abe86307dcd86342e40c6fc7590b79c340addb8f7.png,low,1,0.7571433782577515
0d0cccd8caecc615dce3e00333517ac208cf9ab9ac6a86328d69574029856fb4,data/datasets/sid-set/candidate-1500/images/fake/0d0cccd8caecc615dce3e00333517ac208cf9ab9ac6a86328d69574029856fb4.png,medium,1,0.9954788088798523
0d591bb0d2aaa5d268f2c2db8f6bfde4b60bbba857f06b712844eb84adc2ff29,data/datasets/sid-set/candidate-1500/images/fake/0d591bb0d2aaa5d268f2c2db8f6bfde4b60bbba857f06b712844eb84adc2ff29.png,medium,1,0.9786579608917236
0d6910967163e37fb6263f3e96f8a381a6f4e8e6e2846f348bb54bd7057972eb,data/datasets/openfake/additional-900/images/fake/0d6910967163e37fb6263f3e96f8a381a6f4e8e6e2846f348bb54bd7057972eb.png,medium,1,0.23679962754249573
0d693c025b7f296cfed5e1f67d9589b3add34bc8d6c3a0ea29b946051f71c604,data/datasets/sid-set/candidate-1500/images/real/0d693c025b7f296cfed5e1f67d9589b3add34bc8d6c3a0ea29b946051f71c604.jpg,low,0,0.2792160212993622
0d83baf45e27609072fd220aeb8d7306bfe14b0b7d18e5b1c3c3da96f7babc4a,data/datasets/sid-set/candidate-1500/images/fake/0d83baf45e27609072fd220aeb8d7306bfe14b0b7d18e5b1c3c3da96f7babc4a.png,low,1,0.9355820417404175
0d8a92c8f05d8bb03966bdd7565e66b05adf6426016b791d07b7258d865ae12f,data/datasets/sid-set/candidate-1500/images/real/0d8a92c8f05d8bb03966bdd7565e66b05adf6426016b791d07b7258d865ae12f.jpg,low,0,0.6813656091690063
0d9bbc77ced3ff94e43a4cd5e4fa220582c6093d2b5efd6216b9a9f1ca8c1dce,data/datasets/sid-set/candidate-1500/images/fake/0d9bbc77ced3ff94e43a4cd5e4fa220582c6093d2b5efd6216b9a9f1ca8c1dce.png,low,1,0.9949487447738647
0da3e68c40100bf728a288a402033d1c2d6163478b0130a0940c922f89ba3ca2,data/datasets/openfake/additional-900/images/real/0da3e68c40100bf728a288a402033d1c2d6163478b0130a0940c922f89ba3ca2.jpg,medium,0,0.00371334096416831
0dcddd10a258c4ac46deeedb24c0264f414c0139e5d09e610035200a8d9f1c62,data/datasets/sid-set/candidate-1500/images/fake/0dcddd10a258c4ac46deeedb24c0264f414c0139e5d09e610035200a8d9f1c62.png,low,1,0.9890917539596558
0dcf474ea85097b91a069757505632b7ee4966270d31bbc8ac93ab48ef4d736f,data/datasets/sid-set/candidate-1500/images/fake/0dcf474ea85097b91a069757505632b7ee4966270d31bbc8ac93ab48ef4d736f.png,low,1,0.9947271943092346
0de8454c0539f8fbefe8c4a9e785afa495bcfc4febc9ff0ec70dde106b560dcc,data/datasets/openfake/additional-900/images/real/0de8454c0539f8fbefe8c4a9e785afa495bcfc4febc9ff0ec70dde106b560dcc.jpg,medium,0,0.6369211077690125
0df0afd8f3f0a8925e407b43235ed7d3de91067312037552b643250792fafe68,data/datasets/openfake/additional-900/images/real/0df0afd8f3f0a8925e407b43235ed7d3de91067312037552b643250792fafe68.jpg,low,0,0.0059197028167545795
0e21762a574ace5cf464e444f14cd242f9420cee1c52e21a2bebf28b5a41a6fe,data/datasets/sid-set/candidate-1500/images/real/0e21762a574ace5cf464e444f14cd242f9420cee1c52e21a2bebf28b5a41a6fe.jpg,low,0,0.19109460711479187
0e5ba798bf9da944aaa7d06a54b36814bec1223c41aa60e1716d5c1f4f148ed7,data/datasets/sid-set/candidate-1500/images/fake/0e5ba798bf9da944aaa7d06a54b36814bec1223c41aa60e1716d5c1f4f148ed7.png,high,1,0.9645872116088867
0ecfdb59577c52e88f1a070e4c8f34d70d6e32cc1e18bc78b852fb97cbd88d5e,data/datasets/sid-set/candidate-1500/images/fake/0ecfdb59577c52e88f1a070e4c8f34d70d6e32cc1e18bc78b852fb97cbd88d5e.png,low,1,0.9819656014442444
0ed79f03a51ba7907738302c54ca5150e2a50e7a112109f93940acf1c02d6ef3,data/datasets/sid-set/candidate-1500/images/fake/0ed79f03a51ba7907738302c54ca5150e2a50e7a112109f93940acf1c02d6ef3.png,low,1,0.9947405457496643
0efd41d40e015f37a3f04b7556435a99d5da9ffe9f937cd93c9394d668ffb489,data/datasets/sid-set/candidate-1500/images/real/0efd41d40e015f37a3f04b7556435a99d5da9ffe9f937cd93c9394d668ffb489.jpg,medium,0,0.9183892607688904
0f018974851f30413002341d1152f90a3b58a9e2995b266ba8839d88a3f432fb,data/datasets/openfake/pilot-600/images/real/0f018974851f30413002341d1152f90a3b58a9e2995b266ba8839d88a3f432fb.jpg,medium,0,0.00469457171857357
0f11399166b1a88eaa58cfcd4de278882c639cd76420054a989e10427d981281,data/datasets/sid-set/candidate-1500/images/fake/0f11399166b1a88eaa58cfcd4de278882c639cd76420054a989e10427d981281.png,low,1,0.9912109971046448
0f137c20e0ceabcab2698736c751ac2bbc377b4e5722c91a10110dc473ab44e8,data/datasets/sid-set/candidate-1500/images/real/0f137c20e0ceabcab2698736c751ac2bbc377b4e5722c91a10110dc473ab44e8.jpg,medium,0,0.9770077466964722
0f22327997bf074e0fab52cf717f57a279f0aeb8cbd283b7fb3473f870b48919,data/datasets/sid-set/candidate-1500/images/real/0f22327997bf074e0fab52cf717f57a279f0aeb8cbd283b7fb3473f870b48919.jpg,medium,0,0.15095798671245575
0f6d3a2db252e38772e399e4805c703d539fe0fede5294ef40726f6c5ad6396d,data/datasets/sid-set/candidate-1500/images/real/0f6d3a2db252e38772e399e4805c703d539fe0fede5294ef40726f6c5ad6396d.jpg,medium,0,0.011817234568297863
0f7607fe131545bfb03648d634dbd73e1183a73ee4448a1697ba983f48ff9bb2,data/datasets/sid-set/candidate-1500/images/fake/0f7607fe131545bfb03648d634dbd73e1183a73ee4448a1697ba983f48ff9bb2.png,low,1,0.8787703514099121
0f76c848074696be4e3813cd4e7a2845d0d559e93cf4ca72891e025f5f62297a,data/datasets/sid-set/candidate-1500/images/real/0f76c848074696be4e3813cd4e7a2845d0d559e93cf4ca72891e025f5f62297a.jpg,medium,0,0.9926181435585022
0f7cd12f3a4ab6cc2e390c42f1d4ccfff83175d743abaf07ee1fff592d770edc,data/datasets/sid-set/candidate-1500/images/fake/0f7cd12f3a4ab6cc2e390c42f1d4ccfff83175d743abaf07ee1fff592d770edc.png,medium,1,0.9887883067131042
0f8c1477947cd78327ef1a7db3a4412a77e3e2d70cb88485a5c5c46b0d6503a0,data/datasets/sid-set/candidate-1500/images/fake/0f8c1477947cd78327ef1a7db3a4412a77e3e2d70cb88485a5c5c46b0d6503a0.png,low,1,0.9700015187263489
0fb61b47bb729eade4e8abf180b3df4502b603884787dfa452960621f59315c2,data/datasets/openfake/pilot-600/images/real/0fb61b47bb729eade4e8abf180b3df4502b603884787dfa452960621f59315c2.jpg,medium,0,0.14884212613105774
0fb6b36b89ab83f004de9cb59ddcb3e59eb7d21b4e2a615b3aa773bd571a5c6c,data/datasets/openfake/pilot-600/images/fake/0fb6b36b89ab83f004de9cb59ddcb3e59eb7d21b4e2a615b3aa773bd571a5c6c.png,low,1,0.9701955914497375
0feb07e2dea28e13b01b612c17f72cbc5afd27ae360cde119cb7afc9d1b377bf,data/datasets/sid-set/candidate-1500/images/real/0feb07e2dea28e13b01b612c17f72cbc5afd27ae360cde119cb7afc9d1b377bf.jpg,medium,0,0.3485024571418762
0ff224bcab39341351bfa4b6f87a281302687892ab7a9958e783ee116a27adae,data/datasets/sid-set/candidate-1500/images/fake/0ff224bcab39341351bfa4b6f87a281302687892ab7a9958e783ee116a27adae.png,medium,1,0.9727472066879272
100b14dfeed83c07ecdc767d6b8f6f36fc28aab8f57575c6628ebabd47749476,data/datasets/openfake/additional-900/images/fake/100b14dfeed83c07ecdc767d6b8f6f36fc28aab8f57575c6628ebabd47749476.jpg,medium,1,0.8612620830535889
10116d50fcf173f3533d2061e6b9e16bce2f9d6c51bdf2ea9223285a6f5635cb,data/datasets/openfake/pilot-600/images/fake/10116d50fcf173f3533d2061e6b9e16bce2f9d6c51bdf2ea9223285a6f5635cb.png,medium,1,0.9782349467277527
10245f45f0c67fe23a1a6899d4a990a81c403cca3059034b189ff9ba8dafda97,data/datasets/openfake/pilot-600/images/fake/10245f45f0c67fe23a1a6899d4a990a81c403cca3059034b189ff9ba8dafda97.png,medium,1,0.3366190493106842
104ae6ad23b9f79a6495f0336612cd717f72ee56bc44c8fdff29f7afdfd6078d,data/datasets/sid-set/candidate-1500/images/fake/104ae6ad23b9f79a6495f0336612cd717f72ee56bc44c8fdff29f7afdfd6078d.png,medium,1,0.9938631057739258
1068740c2434fd2c116d51b4400aadfe8cb05488e930d853b322335126840b0e,data/datasets/sid-set/candidate-1500/images/real/1068740c2434fd2c116d51b4400aadfe8cb05488e930d853b322335126840b0e.jpg,low,0,0.29438021779060364
1071dc3db6ef183a84eaac9b3b5c9c3a0345407fcba6eebbd842ba61454c18de,data/datasets/sid-set/candidate-1500/images/real/1071dc3db6ef183a84eaac9b3b5c9c3a0345407fcba6eebbd842ba61454c18de.jpg,medium,0,0.04642907902598381
1082dddf746a2d027ea3078dc7df7cf9a11defd7eb62befe09281753a15fde5a,data/datasets/sid-set/candidate-1500/images/real/1082dddf746a2d027ea3078dc7df7cf9a11defd7eb62befe09281753a15fde5a.jpg,low,0,0.9283422231674194
10a7ba62f71f602ced28d43eeebe2d0a6016152dec45e94dc72a6e4fc3744eef,data/datasets/openfake/additional-900/images/fake/10a7ba62f71f602ced28d43eeebe2d0a6016152dec45e94dc72a6e4fc3744eef.png,low,1,0.9105333685874939
10ac7025422973063c8eed522ae68340439b472a9b6e0698c99c95d1a3a0c3ad,data/datasets/openfake/additional-900/images/fake/10ac7025422973063c8eed522ae68340439b472a9b6e0698c99c95d1a3a0c3ad.png,low,1,0.9866802096366882
10ac94092ec949920512cd6b2973037a9afea6931372e523d3620c8c327c522c,data/datasets/openfake/pilot-600/images/real/10ac94092ec949920512cd6b2973037a9afea6931372e523d3620c8c327c522c.jpg,medium,0,0.6418929696083069
10d4d90e36b53365e558c0b6c3d4ace87b3683dd4d1bccccf3080c258ea4d05e,data/datasets/sid-set/candidate-1500/images/fake/10d4d90e36b53365e558c0b6c3d4ace87b3683dd4d1bccccf3080c258ea4d05e.png,low,1,0.9854059219360352
112eeef057d8e1656db29f809fa57dd4d995212a75bb59f3fcf8ac264694f48d,data/datasets/sid-set/candidate-1500/images/real/112eeef057d8e1656db29f809fa57dd4d995212a75bb59f3fcf8ac264694f48d.jpg,low,0,0.994681179523468
113f27d4356cd495539c60114392995c5861672caf833736732baf79eff07606,data/datasets/sid-set/candidate-1500/images/fake/113f27d4356cd495539c60114392995c5861672caf833736732baf79eff07606.png,low,1,0.9301777482032776
1156eb664038d0722d0a959420fb3beef10a9934b9b3b919e498ece8cf904b56,data/datasets/sid-set/candidate-1500/images/fake/1156eb664038d0722d0a959420fb3beef10a9934b9b3b919e498ece8cf904b56.png,low,1,0.7934435606002808
117e42fa351f1cf0d260521fbce2307db7093cb73b497ed9364c71e9222ade3b,data/datasets/openfake/additional-900/images/real/117e42fa351f1cf0d260521fbce2307db7093cb73b497ed9364c71e9222ade3b.jpg,medium,0,0.022946197539567947
11b08a7dd2584d038ca67e4f32280cfa980e32c8a825c235cdd0a702ba97aab3,data/datasets/sid-set/candidate-1500/images/real/11b08a7dd2584d038ca67e4f32280cfa980e32c8a825c235cdd0a702ba97aab3.jpg,low,0,7.8294709965121e-05
11b521351ea60dde3a25c6c01f01652bfd5dc90fddd38d09ef96e697301325bc,data/datasets/sid-set/candidate-1500/images/fake/11b521351ea60dde3a25c6c01f01652bfd5dc90fddd38d09ef96e697301325bc.png,medium,1,0.9965108036994934
11c877264069f47e075d85f7c9c1e47722c4d69603176f65873ed8529748a687,data/datasets/sid-set/candidate-1500/images/real/11c877264069f47e075d85f7c9c1e47722c4d69603176f65873ed8529748a687.jpg,medium,0,0.14270323514938354
11d65232580ed1aead1f0c2e1812e30d3d00ecd7c0dde17ca31c5eefc10e5ad9,data/datasets/openfake/pilot-600/images/fake/11d65232580ed1aead1f0c2e1812e30d3d00ecd7c0dde17ca31c5eefc10e5ad9.png,medium,1,0.9850030541419983
11d6de7dbb1bb88fc642caf4abd239e2cd53d345bc8f2a577a5d8f53f0ede5da,data/datasets/sid-set/candidate-1500/images/real/11d6de7dbb1bb88fc642caf4abd239e2cd53d345bc8f2a577a5d8f53f0ede5da.jpg,medium,0,0.05121786892414093
11dd036ce726b33269e6eec682429c9702bdc72905d63dfb75f6075fd5b383ba,data/datasets/openfake/additional-900/images/real/11dd036ce726b33269e6eec682429c9702bdc72905d63dfb75f6075fd5b383ba.jpg,low,0,0.7287352085113525
11ddde3d0fe35d97f80c0421f63f84548d42eac7f94cfbfbe41454ed3e0b3ad0,data/datasets/sid-set/candidate-1500/images/real/11ddde3d0fe35d97f80c0421f63f84548d42eac7f94cfbfbe41454ed3e0b3ad0.jpg,medium,0,0.19194185733795166
11ee9475a0c8354f7cd314dee30deac37f98116703c50aff475bf2998791ea1e,data/datasets/sid-set/candidate-1500/images/real/11ee9475a0c8354f7cd314dee30deac37f98116703c50aff475bf2998791ea1e.jpg,medium,0,0.44109827280044556
121b6ed30186ced7a3f0e66d77b68696c710a069c60cf894274d17c574426878,data/datasets/sid-set/candidate-1500/images/real/121b6ed30186ced7a3f0e66d77b68696c710a069c60cf894274d17c574426878.jpg,medium,0,0.9778203964233398
12409b2e442d88dedb40d0e16659e55bd624969679af1faf7f43aa857c5ee137,data/datasets/openfake/additional-900/images/real/12409b2e442d88dedb40d0e16659e55bd624969679af1faf7f43aa857c5ee137.jpg,medium,0,0.006654747296124697
12668c58ce03cf73396bea3bad88b554c34a59f75df848ac985d9dd208d22c1f,data/datasets/sid-set/candidate-1500/images/fake/12668c58ce03cf73396bea3bad88b554c34a59f75df848ac985d9dd208d22c1f.png,medium,1,0.9919888377189636
127bf963d076b8d6815abcdb4c602309cf207abf868458998a683c98848783d5,data/datasets/openfake/additional-900/images/fake/127bf963d076b8d6815abcdb4c602309cf207abf868458998a683c98848783d5.png,medium,1,0.9732015132904053
12a5647b54390aff48b01de6168feed00e8a262615959e9850af5c7ed355e823,data/datasets/sid-set/candidate-1500/images/real/12a5647b54390aff48b01de6168feed00e8a262615959e9850af5c7ed355e823.jpg,low,0,0.8883922100067139
12b92077c88af2ed078ac9f2ce37d2273e78f7882ebe7a6ccae4191bd07af11c,data/datasets/openfake/pilot-600/images/fake/12b92077c88af2ed078ac9f2ce37d2273e78f7882ebe7a6ccae4191bd07af11c.png,low,1,0.9988239407539368
12fc667c04d3c86d98d6d92ab221efa15d1aa8d3c094306e73e4f39006c13db2,data/datasets/sid-set/candidate-1500/images/real/12fc667c04d3c86d98d6d92ab221efa15d1aa8d3c094306e73e4f39006c13db2.jpg,medium,0,0.16317351162433624
131b0390999bd8e399ae533c5c7a0478a519c644fcd4243bbef419644c9e7f7d,data/datasets/sid-set/candidate-1500/images/real/131b0390999bd8e399ae533c5c7a0478a519c644fcd4243bbef419644c9e7f7d.jpg,low,0,0.38394367694854736
1324d914068a8a125d4fb4b7e6ff1796383aaa7f050af4d5a93d2e0edd90427b,data/datasets/openfake/additional-900/images/real/1324d914068a8a125d4fb4b7e6ff1796383aaa7f050af4d5a93d2e0edd90427b.jpg,low,0,0.7614124417304993
13513957a1004f275ffe7fad4229b4887ec082f30454027b0a6de7a9a088248d,data/datasets/sid-set/candidate-1500/images/fake/13513957a1004f275ffe7fad4229b4887ec082f30454027b0a6de7a9a088248d.png,low,1,0.9981845021247864
13661344349b2a039123ef0e22a9afba63de0c3192f2a4e57a23107fb546c9c4,data/datasets/openfake/additional-900/images/real/13661344349b2a039123ef0e22a9afba63de0c3192f2a4e57a23107fb546c9c4.jpg,medium,0,0.1853245347738266
13684f8e594bc8abe6e107b11d53ff57abaf97b31f0ba317b475fb06a20f648e,data/datasets/sid-set/candidate-1500/images/fake/13684f8e594bc8abe6e107b11d53ff57abaf97b31f0ba317b475fb06a20f648e.png,low,1,0.9987373948097229
13748c372ba00e7b8b3d79cfa1c311245c9324575e171f4b658ab352bd4507ad,data/datasets/openfake/pilot-600/images/real/13748c372ba00e7b8b3d79cfa1c311245c9324575e171f4b658ab352bd4507ad.jpg,medium,0,0.02173154056072235
137f912e1d209ec96e1090b59233c0f56c03e1dca77428c41734f74575505993,data/datasets/sid-set/candidate-1500/images/real/137f912e1d209ec96e1090b59233c0f56c03e1dca77428c41734f74575505993.jpg,medium,0,0.6461999416351318
13838bf0a4678bec86d689e821a3083c187b3f6bba6dad62435b035d6860e7d5,data/datasets/sid-set/candidate-1500/images/real/13838bf0a4678bec86d689e821a3083c187b3f6bba6dad62435b035d6860e7d5.jpg,medium,0,0.8630631566047668
13944cfca8eeab3197cb8b8033e3d4db7a937d2448b0302e591572abe4b1f760,data/datasets/openfake/additional-900/images/fake/13944cfca8eeab3197cb8b8033e3d4db7a937d2448b0302e591572abe4b1f760.png,medium,1,0.9962838292121887
13a61a92645231ea51ecd11e4fa1ee305bbf5ae44a865c59b6a2ac95eab7a72b,data/datasets/openfake/pilot-600/images/real/13a61a92645231ea51ecd11e4fa1ee305bbf5ae44a865c59b6a2ac95eab7a72b.jpg,low,0,0.003576956456527114
13b3ef4a125d6e68d27ceeb425ad84b5f596db1e4a84212bd55d1fcf87196c39,data/datasets/sid-set/candidate-1500/images/real/13b3ef4a125d6e68d27ceeb425ad84b5f596db1e4a84212bd55d1fcf87196c39.jpg,medium,0,0.25633344054222107
13c45a75dad1960b9f9fc7a54a7b443e924b6e5851715d8f4e92325b7709e477,data/datasets/sid-set/candidate-1500/images/fake/13c45a75dad1960b9f9fc7a54a7b443e924b6e5851715d8f4e92325b7709e477.png,medium,1,0.9912760257720947
13c46897e41a98079999097ab568f660237999ae6283ac983e40c6fecc413c41,data/datasets/openfake/additional-900/images/fake/13c46897e41a98079999097ab568f660237999ae6283ac983e40c6fecc413c41.png,medium,1,0.8928788900375366
13dd32f87ee26c1d81a03932949b00989b8b8b69d7e252296bb00365f5fef744,data/datasets/openfake/additional-900/images/fake/13dd32f87ee26c1d81a03932949b00989b8b8b69d7e252296bb00365f5fef744.jpg,medium,1,0.9362194538116455
13eaf3f006a205859c056a62b1fbad814fc90a268bfd4129b442feffc38a4cec,data/datasets/openfake/additional-900/images/real/13eaf3f006a205859c056a62b1fbad814fc90a268bfd4129b442feffc38a4cec.jpg,low,0,0.1836152821779251
14253a5bf9a0a88715e4f1863eaa4131e7360b298cf389b70cacaea09fcb7802,data/datasets/sid-set/candidate-1500/images/real/14253a5bf9a0a88715e4f1863eaa4131e7360b298cf389b70cacaea09fcb7802.jpg,medium,0,0.026379507035017014
142e8fb5f0322d19f3444206e4b8e9650ea6e8bd5beb0b3637617851e4bb6aeb,data/datasets/sid-set/candidate-1500/images/real/142e8fb5f0322d19f3444206e4b8e9650ea6e8bd5beb0b3637617851e4bb6aeb.jpg,low,0,0.0004688350309152156
143d2239be8b27502ad928aa162a8a365bf620671e1fd748153dba217be7fc72,data/datasets/sid-set/candidate-1500/images/fake/143d2239be8b27502ad928aa162a8a365bf620671e1fd748153dba217be7fc72.png,medium,1,0.9408536553382874
147327919fa874188f4f7b377cbdeeb302973919e81913d7f875744bb9712f40,data/datasets/sid-set/candidate-1500/images/fake/147327919fa874188f4f7b377cbdeeb302973919e81913d7f875744bb9712f40.png,low,1,0.8810049295425415
14892f90843f64d05043a1fd060f02b14d8c22ada2a02d7bb12592c0015f5889,data/datasets/openfake/additional-900/images/real/14892f90843f64d05043a1fd060f02b14d8c22ada2a02d7bb12592c0015f5889.jpg,medium,0,0.08200089633464813
14a5dcec9e8bad994bf0de1540d26701337911842c94bdece8bd261aee51b25e,data/datasets/sid-set/candidate-1500/images/fake/14a5dcec9e8bad994bf0de1540d26701337911842c94bdece8bd261aee51b25e.png,low,1,0.9972140192985535
14a664d7344658742b8d8c5a5190fa1abc61986cc90e7b186f163fad4011dfcc,data/datasets/sid-set/candidate-1500/images/fake/14a664d7344658742b8d8c5a5190fa1abc61986cc90e7b186f163fad4011dfcc.png,medium,1,0.9785798788070679
14aba19fca4ea1aae0d9fdd78da761b7bf6f2704ed20656235b4d24fc712bef2,data/datasets/openfake/additional-900/images/real/14aba19fca4ea1aae0d9fdd78da761b7bf6f2704ed20656235b4d24fc712bef2.jpg,medium,0,0.21495169401168823
14ac295e296b350bef7a22796d6dd6f962353f3b44b3239c331161d62100970c,data/datasets/sid-set/candidate-1500/images/real/14ac295e296b350bef7a22796d6dd6f962353f3b44b3239c331161d62100970c.jpg,medium,0,0.14462941884994507
14acc8c0d89e4492d79d2b43068916e924ed4f629248e6ac2913528168425830,data/datasets/openfake/additional-900/images/real/14acc8c0d89e4492d79d2b43068916e924ed4f629248e6ac2913528168425830.jpg,high,0,0.0012322007678449154
14af9e54158482add59a9ffff650c12b2e9bcf3c1da10f48c31606a89df76360,data/datasets/sid-set/candidate-1500/images/fake/14af9e54158482add59a9ffff650c12b2e9bcf3c1da10f48c31606a89df76360.png,low,1,0.9974154233932495
14bcd2ea8e468de15eb7ca9d16a3370caa8bb467f659b4043df2fcc1350f5628,data/datasets/sid-set/candidate-1500/images/real/14bcd2ea8e468de15eb7ca9d16a3370caa8bb467f659b4043df2fcc1350f5628.jpg,medium,0,0.967743992805481
14c284b8e48774b91bcf9b744be94afbe4f187956fe77f13fa99357b3eee663a,data/datasets/openfake/additional-900/images/fake/14c284b8e48774b91bcf9b744be94afbe4f187956fe77f13fa99357b3eee663a.png,medium,1,0.9345858693122864
14ccd22b4ff7a5370c5ac3f7bd8dad047c581e344bbd21f524df37ba4d077356,data/datasets/sid-set/candidate-1500/images/real/14ccd22b4ff7a5370c5ac3f7bd8dad047c581e344bbd21f524df37ba4d077356.jpg,medium,0,0.9324080944061279
14f513fd84768fdc790b42c5ae5b665f2e2d4f96e33c469ca987b0d5a150ae11,data/datasets/sid-set/candidate-1500/images/real/14f513fd84768fdc790b42c5ae5b665f2e2d4f96e33c469ca987b0d5a150ae11.jpg,medium,0,0.08284793049097061
153ccd12c2ba1852d9b908a7595ceab2880fc0a5cc5bee099be1a2bd17523f78,data/datasets/sid-set/candidate-1500/images/real/153ccd12c2ba1852d9b908a7595ceab2880fc0a5cc5bee099be1a2bd17523f78.jpg,medium,0,0.03990180417895317
15423dea4c2bd3c293712d2c6dcfc57e09f2de90f285f7fff1a8da7000fbac48,data/datasets/sid-set/candidate-1500/images/fake/15423dea4c2bd3c293712d2c6dcfc57e09f2de90f285f7fff1a8da7000fbac48.png,medium,1,0.9557675123214722
1564c851846d5432623a866f7b3a5e24de764de4df025e4bfc903c331041ed38,data/datasets/openfake/pilot-600/images/fake/1564c851846d5432623a866f7b3a5e24de764de4df025e4bfc903c331041ed38.png,medium,1,0.28794196248054504
158f234e6953e5ceaa104536689f08922a74c65b05cfadd2ab4a7812b1fb084e,data/datasets/sid-set/candidate-1500/images/fake/158f234e6953e5ceaa104536689f08922a74c65b05cfadd2ab4a7812b1fb084e.png,medium,1,0.9686844944953918
159a60c15f074e98ab005b1028adbc2084536fe577df51646c0509ad936704ab,data/datasets/openfake/additional-900/images/fake/159a60c15f074e98ab005b1028adbc2084536fe577df51646c0509ad936704ab.png,medium,1,0.9363215565681458
15ae8374438d5cc4db199621967bb1de849004e3e9b332e829a1596aed8ef51b,data/datasets/sid-set/candidate-1500/images/real/15ae8374438d5cc4db199621967bb1de849004e3e9b332e829a1596aed8ef51b.jpg,medium,0,0.056176651269197464
15b431796ac2e3b42ebc85d1ca86adf2e2fb8980406ac16d2ff3b4e50e1fc45a,data/datasets/openfake/additional-900/images/fake/15b431796ac2e3b42ebc85d1ca86adf2e2fb8980406ac16d2ff3b4e50e1fc45a.png,low,1,0.8749300837516785
15c16b71820b59b3be5972d4036535f5305f306f25e69992eb3bba3840bf21e4,data/datasets/openfake/additional-900/images/fake/15c16b71820b59b3be5972d4036535f5305f306f25e69992eb3bba3840bf21e4.png,low,1,0.978446900844574
15dddb8318d3d198e496fe3c8723d5d71a4c475c8e31094ffe788b851ed9aa1d,data/datasets/openfake/additional-900/images/fake/15dddb8318d3d198e496fe3c8723d5d71a4c475c8e31094ffe788b851ed9aa1d.png,medium,1,0.8416568636894226
16085a68c11ec7e38156aeaf0c08eb5ba0e70a21ef0d8c5b6c8ba7743fa7c50e,data/datasets/sid-set/candidate-1500/images/fake/16085a68c11ec7e38156aeaf0c08eb5ba0e70a21ef0d8c5b6c8ba7743fa7c50e.png,medium,1,0.9724830985069275
160bc0bc57af8938379209b31d1ff76de80728422008d028098e7ce111465bc4,data/datasets/openfake/additional-900/images/fake/160bc0bc57af8938379209b31d1ff76de80728422008d028098e7ce111465bc4.png,medium,1,0.7175657749176025
161f0a7501ffd5d637fa5d4137dbe3b8f530c90666b2d8ee43147c11473c3b83,data/datasets/sid-set/candidate-1500/images/real/161f0a7501ffd5d637fa5d4137dbe3b8f530c90666b2d8ee43147c11473c3b83.jpg,medium,0,0.013709566555917263
16727ce08b6b97a921746eac9667136d2dd8be9fd485facf59e20cd6c7342eb2,data/datasets/sid-set/candidate-1500/images/fake/16727ce08b6b97a921746eac9667136d2dd8be9fd485facf59e20cd6c7342eb2.png,low,1,0.9563782811164856
1676bd5789897743587c9d3bca259c029a8760958b17e4e201840a8baf1af383,data/datasets/sid-set/candidate-1500/images/real/1676bd5789897743587c9d3bca259c029a8760958b17e4e201840a8baf1af383.jpg,medium,0,0.42237088084220886
1679aa420705cac2a1bfea454041aacf32a615d1b8f68129d88b8c576f6f1db2,data/datasets/openfake/additional-900/images/real/1679aa420705cac2a1bfea454041aacf32a615d1b8f68129d88b8c576f6f1db2.jpg,medium,0,0.5175105333328247
167fc1a77539275649a700c0aa6567cd3b9649224808e7caf9c52f760f549d7e,data/datasets/openfake/additional-900/images/real/167fc1a77539275649a700c0aa6567cd3b9649224808e7caf9c52f760f549d7e.jpg,medium,0,0.022934861481189728
16802b554c8dcdc6b6d9193b6276a390a13fe1f76cbe44d6f7c4e3886ab9f811,data/datasets/openfake/pilot-600/images/fake/16802b554c8dcdc6b6d9193b6276a390a13fe1f76cbe44d6f7c4e3886ab9f811.png,low,1,0.9992676377296448
168676527b9659af3e21dfa26d798a0ae26054c0b00ce38bce57c2e5e2605212,data/datasets/openfake/pilot-600/images/real/168676527b9659af3e21dfa26d798a0ae26054c0b00ce38bce57c2e5e2605212.jpg,low,0,0.013266520574688911
16a2e8eae24a2a885aa33739b75543fed13358427ee3e023f7d3559f443a407c,data/datasets/sid-set/candidate-1500/images/fake/16a2e8eae24a2a885aa33739b75543fed13358427ee3e023f7d3559f443a407c.png,medium,1,0.9803928732872009
16aec872399be4e1ded155736a2104117e2663c55237b7d8afcc74e55fba5601,data/datasets/openfake/pilot-600/images/real/16aec872399be4e1ded155736a2104117e2663c55237b7d8afcc74e55fba5601.jpg,medium,0,0.001048300415277481
16c14f1512289686074b3c869540122c654ed5b851f31b72dbb7dc6f861b78a6,data/datasets/sid-set/candidate-1500/images/real/16c14f1512289686074b3c869540122c654ed5b851f31b72dbb7dc6f861b78a6.jpg,high,0,0.8021886944770813
16e7311f7012b391c869efe97d40aa3333eeadd2f9261580f9c90b724c38f204,data/datasets/sid-set/candidate-1500/images/real/16e7311f7012b391c869efe97d40aa3333eeadd2f9261580f9c90b724c38f204.jpg,low,0,0.9247008562088013
175a0f865cdd2708d7d76342d9c750c303c811cee85de38e7e086a572959a796,data/datasets/sid-set/candidate-1500/images/real/175a0f865cdd2708d7d76342d9c750c303c811cee85de38e7e086a572959a796.jpg,medium,0,0.4834461212158203
1760bc29f8e686101c530e292b18fb3234d79abd3d4d70266d340dbd50625587,data/datasets/sid-set/candidate-1500/images/real/1760bc29f8e686101c530e292b18fb3234d79abd3d4d70266d340dbd50625587.jpg,low,0,0.9638038873672485
1771183626e16132371803c9122ea394f6647fb06f41e5268589dbe51fd1b596,data/datasets/openfake/additional-900/images/fake/1771183626e16132371803c9122ea394f6647fb06f41e5268589dbe51fd1b596.png,medium,1,0.9723090529441833
17b16327b31e710e33099d5bbdf9b064a4a89740b4b52914cf275d148020f7e2,data/datasets/openfake/pilot-600/images/fake/17b16327b31e710e33099d5bbdf9b064a4a89740b4b52914cf275d148020f7e2.png,medium,1,0.9982592463493347
17b63058c685059cf8d116acde86a5177525309bd1b5208b68208ea6aef1e233,data/datasets/openfake/pilot-600/images/real/17b63058c685059cf8d116acde86a5177525309bd1b5208b68208ea6aef1e233.jpg,medium,0,0.0052610523998737335
18022edd727ee0b98773997ea3b6d52c73b962904322e40ab0d3311bc51c1e3c,data/datasets/sid-set/candidate-1500/images/real/18022edd727ee0b98773997ea3b6d52c73b962904322e40ab0d3311bc51c1e3c.jpg,low,0,0.7653425931930542
181d2b2f7f37ae187edd6e854efa4f0d2ac64645d0bed1a59882969aa4f07f12,data/datasets/sid-set/candidate-1500/images/real/181d2b2f7f37ae187edd6e854efa4f0d2ac64645d0bed1a59882969aa4f07f12.jpg,low,0,0.06725314259529114
18481af923c1eb46606764eefe32ab02e679036b66ffe1827c876ad040795a7b,data/datasets/openfake/additional-900/images/fake/18481af923c1eb46606764eefe32ab02e679036b66ffe1827c876ad040795a7b.png,medium,1,0.7975029349327087
18712211c1127285b224807fe7b06db51315ee990936fe20d52cf17934c56ef3,data/datasets/sid-set/candidate-1500/images/fake/18712211c1127285b224807fe7b06db51315ee990936fe20d52cf17934c56ef3.png,medium,1,0.9798034429550171
187508b0cba09aa5189880f37d155cf36dede087dda427f738197fbd2fd684c9,data/datasets/sid-set/candidate-1500/images/fake/187508b0cba09aa5189880f37d155cf36dede087dda427f738197fbd2fd684c9.png,medium,1,0.9696032404899597
18751ab204d7dc3c37bc1c5e23b749cc6b3c5c3eb014f1165a85421f1396070e,data/datasets/openfake/additional-900/images/real/18751ab204d7dc3c37bc1c5e23b749cc6b3c5c3eb014f1165a85421f1396070e.jpg,medium,0,0.0003289751475676894
1885de671383273149c2a1c998c85c6a5ccf488cf9a65175f9457ac1d6721d98,data/datasets/openfake/pilot-600/images/fake/1885de671383273149c2a1c998c85c6a5ccf488cf9a65175f9457ac1d6721d98.png,medium,1,0.9207774996757507
18a86c9bef8206bf37e3d41dd3d5df8fa34e06b299db11eaabf7cd2c004ddaa7,data/datasets/openfake/pilot-600/images/fake/18a86c9bef8206bf37e3d41dd3d5df8fa34e06b299db11eaabf7cd2c004ddaa7.jpg,medium,1,0.979158878326416
18bce8b97cd36ee7286152fe7db043ec0138ef174361203b2ed4f83350f299c9,data/datasets/openfake/additional-900/images/real/18bce8b97cd36ee7286152fe7db043ec0138ef174361203b2ed4f83350f299c9.jpg,low,0,0.004014039412140846
18daf12aa2da356f48f91d94987db33d702523bcb6906b640d6a2e2bdf86b463,data/datasets/openfake/pilot-600/images/real/18daf12aa2da356f48f91d94987db33d702523bcb6906b640d6a2e2bdf86b463.jpg,medium,0,0.02056269720196724
18ed85d1de33fd0780782337a9a228e54f0b191a7bf340a75cc8d390486674e5,data/datasets/sid-set/candidate-1500/images/fake/18ed85d1de33fd0780782337a9a228e54f0b191a7bf340a75cc8d390486674e5.png,low,1,0.997423529624939
190e79c0a80f24d370bdc91d5b0ccc8ba26374e7029f86cef65fc3441ad1c466,data/datasets/sid-set/candidate-1500/images/real/190e79c0a80f24d370bdc91d5b0ccc8ba26374e7029f86cef65fc3441ad1c466.jpg,medium,0,0.36846432089805603
191a8ba65ff5fae2d68837eb60590b97ddcc5b701c30c8ff7ca9b770e2f13ce8,data/datasets/sid-set/candidate-1500/images/fake/191a8ba65ff5fae2d68837eb60590b97ddcc5b701c30c8ff7ca9b770e2f13ce8.png,medium,1,0.9995286464691162
193a50148cdb4cb8b7e1d9e078f60e1913a69787b44221e4ae72be23ccefeca3,data/datasets/openfake/additional-900/images/fake/193a50148cdb4cb8b7e1d9e078f60e1913a69787b44221e4ae72be23ccefeca3.png,low,1,0.9945796728134155
19457c75e39c935c052e5dde70fa274c78a556c58547f9869871594bc9101387,data/datasets/sid-set/candidate-1500/images/fake/19457c75e39c935c052e5dde70fa274c78a556c58547f9869871594bc9101387.png,medium,1,0.9658785462379456
199f58174190b1b299ed7abf5613193a38b35d4aec135069d8699f491b4debf3,data/datasets/sid-set/candidate-1500/images/real/199f58174190b1b299ed7abf5613193a38b35d4aec135069d8699f491b4debf3.jpg,low,0,0.04544100537896156
19bf4afe49e7813c5bd76f6f61a7dd04c26c71f9da59ad3a58f80ee7dd3be5c0,data/datasets/sid-set/candidate-1500/images/fake/19bf4afe49e7813c5bd76f6f61a7dd04c26c71f9da59ad3a58f80ee7dd3be5c0.png,low,1,0.9784864187240601
19c7f0bd5184a3e640b2bedec797ab6499ce7ffb93a2ebae088769536f25defc,data/datasets/sid-set/candidate-1500/images/real/19c7f0bd5184a3e640b2bedec797ab6499ce7ffb93a2ebae088769536f25defc.jpg,medium,0,0.4408305287361145
19d9bd9b277b6425a04c31d3b9f7d993e62f9dd21766def9ccbaaa907bb217f0,data/datasets/sid-set/candidate-1500/images/real/19d9bd9b277b6425a04c31d3b9f7d993e62f9dd21766def9ccbaaa907bb217f0.jpg,medium,0,0.007852633483707905
19f73e2621e310f4b83b9c81d451c5aaeb67a63b5cca858cdc435262e9beafb1,data/datasets/sid-set/candidate-1500/images/real/19f73e2621e310f4b83b9c81d451c5aaeb67a63b5cca858cdc435262e9beafb1.jpg,medium,0,0.9505249261856079
19ff678e93f0e73e3253d9b50be407d464033e0f4171ef01db8fcc5ba58159af,data/datasets/openfake/pilot-600/images/real/19ff678e93f0e73e3253d9b50be407d464033e0f4171ef01db8fcc5ba58159af.jpg,medium,0,0.20483553409576416
1a0f5cdf7ab03bd0a52e189ce65385a1763cd2669eae67037a9c4c1f9928621c,data/datasets/sid-set/candidate-1500/images/fake/1a0f5cdf7ab03bd0a52e189ce65385a1763cd2669eae67037a9c4c1f9928621c.png,medium,1,0.9906344413757324
1a10e13de0f7ba5709ede61ba4eae47b5f9837118f98f838e63d7277d9375e0d,data/datasets/openfake/pilot-600/images/real/1a10e13de0f7ba5709ede61ba4eae47b5f9837118f98f838e63d7277d9375e0d.jpg,medium,0,0.1054299995303154
1a320a3d7d11e9e95f1faa9864c68518ab3829a7ce2f2649b68a1f41e0912dc7,data/datasets/sid-set/candidate-1500/images/real/1a320a3d7d11e9e95f1faa9864c68518ab3829a7ce2f2649b68a1f41e0912dc7.jpg,medium,0,0.04294453561306
1a74e5d0f4829aa0b8a6f24d5edfb4432b6f10cda3599c59c908f4c9057b721b,data/datasets/openfake/pilot-600/images/real/1a74e5d0f4829aa0b8a6f24d5edfb4432b6f10cda3599c59c908f4c9057b721b.jpg,low,0,0.0067275636829435825
1a81b6718f52d4787777fdd0cc65ffd0f61a5311ea5bd20c73217381c5bc0c2e,data/datasets/openfake/pilot-600/images/fake/1a81b6718f52d4787777fdd0cc65ffd0f61a5311ea5bd20c73217381c5bc0c2e.png,medium,1,0.9785711169242859
1a9cac0c6837348afd7edc12beca89ece7ba9e6bc1d5849d3ae6bd62f9becf32,data/datasets/openfake/pilot-600/images/fake/1a9cac0c6837348afd7edc12beca89ece7ba9e6bc1d5849d3ae6bd62f9becf32.jpg,low,1,0.08005616813898087
1abd06f1eb5a9190036995b314cb6eabc033b699e7c46b561b890862d2bccd5f,data/datasets/sid-set/candidate-1500/images/real/1abd06f1eb5a9190036995b314cb6eabc033b699e7c46b561b890862d2bccd5f.jpg,low,0,0.6063556671142578
1ae5bd41b7fae39eeeb67c0a5b47d298e4bb5d13d84446edad8b9ad6a2ceadc4,data/datasets/sid-set/candidate-1500/images/real/1ae5bd41b7fae39eeeb67c0a5b47d298e4bb5d13d84446edad8b9ad6a2ceadc4.jpg,low,0,0.02852240763604641
1ae5f72c089dc309dbe0dc7157984efe19146c593839cf84dc434b6610a50ad9,data/datasets/openfake/additional-900/images/real/1ae5f72c089dc309dbe0dc7157984efe19146c593839cf84dc434b6610a50ad9.jpg,medium,0,0.4156169295310974
1aef516961e150465470a1132a4921b721dc9ba6c6b2fcfc2b376e62ad13499a,data/datasets/sid-set/candidate-1500/images/fake/1aef516961e150465470a1132a4921b721dc9ba6c6b2fcfc2b376e62ad13499a.png,low,1,0.9781894087791443
1af942d8ab3e7d2518b12df29992ddf4cf3f2571489c3dbdbdf79f4a6efb3691,data/datasets/openfake/additional-900/images/real/1af942d8ab3e7d2518b12df29992ddf4cf3f2571489c3dbdbdf79f4a6efb3691.jpg,medium,0,0.00017242664762306958
1afe45d7505bc1fa8fe138c246670aa6839106b61cd4e5c991e74485cdb38dac,data/datasets/sid-set/candidate-1500/images/real/1afe45d7505bc1fa8fe138c246670aa6839106b61cd4e5c991e74485cdb38dac.jpg,medium,0,0.8996776342391968
1b0678c2c6877415d743de26b22c56407fdc7801e12c774805a9fc941304787d,data/datasets/sid-set/candidate-1500/images/real/1b0678c2c6877415d743de26b22c56407fdc7801e12c774805a9fc941304787d.jpg,medium,0,0.8491457104682922
1b47519770b8200c2add395998b54dbb594bab454e6cd1af4fe1863243eb874a,data/datasets/sid-set/candidate-1500/images/real/1b47519770b8200c2add395998b54dbb594bab454e6cd1af4fe1863243eb874a.jpg,low,0,0.9879768490791321
1b762c6d799935302d4075ef31c5e63f6bc4fb594d726f07e7b39c77dac8024d,data/datasets/sid-set/candidate-1500/images/fake/1b762c6d799935302d4075ef31c5e63f6bc4fb594d726f07e7b39c77dac8024d.png,low,1,0.9933785200119019
1b93918831c1bc80d2028ba2075cb32c50618be10daf2fcdaa4b305a48dcd0d8,data/datasets/openfake/additional-900/images/fake/1b93918831c1bc80d2028ba2075cb32c50618be10daf2fcdaa4b305a48dcd0d8.png,low,1,0.9516686797142029
1b9a156cda93a270a42c338aa7c29c2e8c20efa07a6fd4e2c3740dab83d5db10,data/datasets/sid-set/candidate-1500/images/real/1b9a156cda93a270a42c338aa7c29c2e8c20efa07a6fd4e2c3740dab83d5db10.jpg,medium,0,0.9210389256477356
1ba6feb03afdb7ba7a2daed115e162f9a6c1f0422c20200d46fef00693ce27f8,data/datasets/openfake/additional-900/images/fake/1ba6feb03afdb7ba7a2daed115e162f9a6c1f0422c20200d46fef00693ce27f8.png,low,1,0.9654847979545593
1bac358d8c506545f2bd3e16e402036ff24bb3ae17fd1f469e0a0c8e0e77db11,data/datasets/sid-set/candidate-1500/images/real/1bac358d8c506545f2bd3e16e402036ff24bb3ae17fd1f469e0a0c8e0e77db11.jpg,medium,0,0.08868604898452759
1bb1589ed6e97df41ca7fc2d12f2b4d4d2b7d96ee5105d40271407bfe8741c91,data/datasets/sid-set/candidate-1500/images/fake/1bb1589ed6e97df41ca7fc2d12f2b4d4d2b7d96ee5105d40271407bfe8741c91.png,low,1,0.9528629183769226
1bb9ab4aa45423831f71250ee8721029a432fa78fd0e52d1fa985cbe3b7556f1,data/datasets/sid-set/candidate-1500/images/real/1bb9ab4aa45423831f71250ee8721029a432fa78fd0e52d1fa985cbe3b7556f1.jpg,medium,0,0.5607887506484985
1bcfce7cd8f0175b51ffe4ceae69da445a1484d04c9e8637c83a4506ca4fa2dd,data/datasets/openfake/pilot-600/images/fake/1bcfce7cd8f0175b51ffe4ceae69da445a1484d04c9e8637c83a4506ca4fa2dd.webp,medium,1,0.9159026145935059
1bd1d4f16b72cd3d16cbe1fedf769d4e1b859333ba5f4c8836688928a8e3d865,data/datasets/openfake/pilot-600/images/fake/1bd1d4f16b72cd3d16cbe1fedf769d4e1b859333ba5f4c8836688928a8e3d865.png,low,1,0.9983331561088562
1be0ff7dd61bb40e9e21b15aeaa62d509f3b4d50e75e4471c9ffa4c96c308900,data/datasets/sid-set/candidate-1500/images/fake/1be0ff7dd61bb40e9e21b15aeaa62d509f3b4d50e75e4471c9ffa4c96c308900.png,medium,1,0.9390950202941895
1be2620cb340f2889a3779bd7091ed8c4e42131982d9a2b5534ad7a9aa7070ba,data/datasets/sid-set/candidate-1500/images/fake/1be2620cb340f2889a3779bd7091ed8c4e42131982d9a2b5534ad7a9aa7070ba.png,medium,1,0.9528967142105103
1be5e2d9927b3e26d7a9e783e3f14f70b721508011d9d4bb86de940c6a31001a,data/datasets/openfake/pilot-600/images/real/1be5e2d9927b3e26d7a9e783e3f14f70b721508011d9d4bb86de940c6a31001a.jpg,medium,0,0.360822468996048
1bfa76f151ce782e2d59b37f2ceb3f07aad397bd581f3a1d058ac9a104d62ad4,data/datasets/openfake/pilot-600/images/fake/1bfa76f151ce782e2d59b37f2ceb3f07aad397bd581f3a1d058ac9a104d62ad4.png,medium,1,0.9750795960426331
1c23cb2695a784a2117fc8945dce614349ef2254ab19eef78d19e67b28c77597,data/datasets/openfake/additional-900/images/fake/1c23cb2695a784a2117fc8945dce614349ef2254ab19eef78d19e67b28c77597.png,low,1,0.9907773733139038
1c282873f278b2b62b5503e56e36d0db96614c2f21f00f74b9cb27a3dd4b28be,data/datasets/sid-set/candidate-1500/images/fake/1c282873f278b2b62b5503e56e36d0db96614c2f21f00f74b9cb27a3dd4b28be.png,low,1,0.9334741830825806
1c2b8f1d874d78e86dec0ef527ab337b3cef94333f7ab22470384b99399dc225,data/datasets/openfake/additional-900/images/real/1c2b8f1d874d78e86dec0ef527ab337b3cef94333f7ab22470384b99399dc225.jpg,medium,0,0.17231881618499756
1c2bd7d8820532f8959f4e311a7a12dd1089a81c3e2a61f58fcd798574422470,data/datasets/sid-set/candidate-1500/images/fake/1c2bd7d8820532f8959f4e311a7a12dd1089a81c3e2a61f58fcd798574422470.png,medium,1,0.9799551367759705
1c332d5e8e126675bb473827e28520c1898f73a756a3df5d6cde9cfbd5787f6b,data/datasets/openfake/additional-900/images/fake/1c332d5e8e126675bb473827e28520c1898f73a756a3df5d6cde9cfbd5787f6b.png,low,1,0.9631333947181702
1c50b57532684c5d499e618c370e14fc9f63dc652e39268006865b34cffe7ce6,data/datasets/sid-set/candidate-1500/images/real/1c50b57532684c5d499e618c370e14fc9f63dc652e39268006865b34cffe7ce6.jpg,low,0,0.7443112134933472
1c511eea248274819445d7738f5743951966fa609de309a52140e5b1857bbc1f,data/datasets/openfake/additional-900/images/real/1c511eea248274819445d7738f5743951966fa609de309a52140e5b1857bbc1f.jpg,medium,0,0.6921270489692688
1c6780a5229c865b623de88042515ee79e69e78d48023d9a74f589c469cf689e,data/datasets/openfake/pilot-600/images/fake/1c6780a5229c865b623de88042515ee79e69e78d48023d9a74f589c469cf689e.png,medium,1,0.899928867816925
1c7b3647bde78519d9252f668fabca747174238c881e148610097de71061d235,data/datasets/sid-set/candidate-1500/images/real/1c7b3647bde78519d9252f668fabca747174238c881e148610097de71061d235.jpg,medium,0,0.9671740531921387
1cd1dce733142672cd5255977a560ba779661f369b8f08b8e4f642a778f9f08a,data/datasets/openfake/additional-900/images/real/1cd1dce733142672cd5255977a560ba779661f369b8f08b8e4f642a778f9f08a.jpg,medium,0,0.13776414096355438
1ceebdbd8f8880e6fd354366bf72a797ed8b489b293345fb865514a68151d8aa,data/datasets/sid-set/candidate-1500/images/real/1ceebdbd8f8880e6fd354366bf72a797ed8b489b293345fb865514a68151d8aa.jpg,low,0,0.9082629680633545
1d1b8a2442b551b32b91780328a4bc24366531bc064a1869f58c4f86900c753e,data/datasets/sid-set/candidate-1500/images/real/1d1b8a2442b551b32b91780328a4bc24366531bc064a1869f58c4f86900c753e.jpg,low,0,0.8067150712013245
1d2089073ff8e0d4151ed1f374d5b3dd45ba6d918843f2d779effa23aa0e217f,data/datasets/sid-set/candidate-1500/images/real/1d2089073ff8e0d4151ed1f374d5b3dd45ba6d918843f2d779effa23aa0e217f.jpg,low,0,0.9952120780944824
1d223ba5c28ea1ff99c242bb1ff9ffb57707d9e2dca2516a819de97301b8c904,data/datasets/openfake/additional-900/images/fake/1d223ba5c28ea1ff99c242bb1ff9ffb57707d9e2dca2516a819de97301b8c904.png,low,1,0.9902697801589966
1d5a25e27f0cfee2f925f703e34e2d41463b1bc819660fdfeff09233e9f063cb,data/datasets/openfake/additional-900/images/fake/1d5a25e27f0cfee2f925f703e34e2d41463b1bc819660fdfeff09233e9f063cb.webp,low,1,0.2139996588230133
1d6e81a577421daad58703ef03ba3c8b9ff1d3d3d314336c0a13573ed0e17e07,data/datasets/sid-set/candidate-1500/images/real/1d6e81a577421daad58703ef03ba3c8b9ff1d3d3d314336c0a13573ed0e17e07.jpg,low,0,0.4198010265827179
1d81ec86b6a05e7dfbbf2409bc7978e1f3176df178958ffc83cf2469e112dadc,data/datasets/sid-set/candidate-1500/images/real/1d81ec86b6a05e7dfbbf2409bc7978e1f3176df178958ffc83cf2469e112dadc.jpg,medium,0,0.8433620929718018
1ddc677fcc78f68516a3331923ddfb017eaa07842db6921aecfb0845eaacdaf5,data/datasets/openfake/additional-900/images/fake/1ddc677fcc78f68516a3331923ddfb017eaa07842db6921aecfb0845eaacdaf5.png,medium,1,0.9154585003852844
1de70679b5e3a7615f252eb15b5b32c95b78e3acb9f1c487cb43c3cff56e8a3f,data/datasets/sid-set/candidate-1500/images/fake/1de70679b5e3a7615f252eb15b5b32c95b78e3acb9f1c487cb43c3cff56e8a3f.png,low,1,0.978818416595459
1e0fdd36b56edf7d7e76996eca0f833cb0259dfeb8490637db97f6ebee28b050,data/datasets/sid-set/candidate-1500/images/fake/1e0fdd36b56edf7d7e76996eca0f833cb0259dfeb8490637db97f6ebee28b050.png,low,1,0.9619846343994141
1e1815c3cf036b9a54d15506ee3edc36e925a2ed3a5afe65a0e63cc76c5b6956,data/datasets/openfake/additional-900/images/real/1e1815c3cf036b9a54d15506ee3edc36e925a2ed3a5afe65a0e63cc76c5b6956.jpg,medium,0,0.0027631064876914024
1e42e2aef08ddfe7d7325a55ac54fda825b3e5ba5131ec6d7e3edfb09bb70bcb,data/datasets/sid-set/candidate-1500/images/real/1e42e2aef08ddfe7d7325a55ac54fda825b3e5ba5131ec6d7e3edfb09bb70bcb.jpg,medium,0,0.6102480888366699
1e5425fe731c255b04fae5cb0dfc5e8434f6186545852d234d033670d3c449f9,data/datasets/sid-set/candidate-1500/images/real/1e5425fe731c255b04fae5cb0dfc5e8434f6186545852d234d033670d3c449f9.jpg,medium,0,0.9101457595825195
1e86aea4d75400d0ca1e174e2358bd0c239d76ffab6f356a64909ce0f17aeb17,data/datasets/openfake/pilot-600/images/real/1e86aea4d75400d0ca1e174e2358bd0c239d76ffab6f356a64909ce0f17aeb17.jpg,medium,0,0.00025198221555911005
1e91a5f1bf287a719f8cc7d3ca3c5d16554bb29d805404517528c12ec810b819,data/datasets/openfake/pilot-600/images/fake/1e91a5f1bf287a719f8cc7d3ca3c5d16554bb29d805404517528c12ec810b819.png,low,1,0.9095490574836731
1ec60f4a00f16de352c4f1c64ad24f08abe579befc4f069b0734d924cda31113,data/datasets/sid-set/candidate-1500/images/real/1ec60f4a00f16de352c4f1c64ad24f08abe579befc4f069b0734d924cda31113.jpg,low,0,0.40541568398475647
1f138752111917dfb17d14f425105459ff243d47b4db1c8750e86b16c1ab75c4,data/datasets/sid-set/candidate-1500/images/real/1f138752111917dfb17d14f425105459ff243d47b4db1c8750e86b16c1ab75c4.jpg,medium,0,0.02472556382417679
1f61805373af202b8f3a8bbb2b0dc65d9e686a36969feb72d8681ab9af86b406,data/datasets/openfake/additional-900/images/real/1f61805373af202b8f3a8bbb2b0dc65d9e686a36969feb72d8681ab9af86b406.jpg,low,0,0.02979493886232376
1f61b2c9c066e8171d2a5173011654033789b4bb071a0e851f0c3b46e9292bd8,data/datasets/openfake/additional-900/images/fake/1f61b2c9c066e8171d2a5173011654033789b4bb071a0e851f0c3b46e9292bd8.jpg,low,1,0.9744462370872498
1f63843ff6f2f8dbe07fbf2d65fed8c884e1bdab06904ce31b33132ac47b3275,data/datasets/openfake/pilot-600/images/real/1f63843ff6f2f8dbe07fbf2d65fed8c884e1bdab06904ce31b33132ac47b3275.jpg,low,0,0.14390642940998077
1f6d787b0f4beab62e61c1386d9e4121d3485bc557181bf5027c89521c0bdbf0,data/datasets/openfake/additional-900/images/real/1f6d787b0f4beab62e61c1386d9e4121d3485bc557181bf5027c89521c0bdbf0.jpg,medium,0,0.00034479418536648154
1f96e0577e81ac6c855d00d6398136a507552cdeb4ad8cfbeb5b478fad80d62b,data/datasets/sid-set/candidate-1500/images/fake/1f96e0577e81ac6c855d00d6398136a507552cdeb4ad8cfbeb5b478fad80d62b.png,medium,1,0.9950183629989624
1fa0b95c4493c98b5e5d68ae4bb42660d4388152a4948c40edc6189817d00a1f,data/datasets/openfake/additional-900/images/real/1fa0b95c4493c98b5e5d68ae4bb42660d4388152a4948c40edc6189817d00a1f.jpg,low,0,0.680422306060791
1fbcc329ce2eca0a15ef45780971a900562688229df75884d1b35f598b44f36a,data/datasets/sid-set/candidate-1500/images/fake/1fbcc329ce2eca0a15ef45780971a900562688229df75884d1b35f598b44f36a.png,medium,1,0.9927489161491394
1fc9da9c6849fe1d80a2981815b897aeb8bc106286466266d28e01acc2aea7fc,data/datasets/openfake/additional-900/images/fake/1fc9da9c6849fe1d80a2981815b897aeb8bc106286466266d28e01acc2aea7fc.png,medium,1,0.63112473487854
1ffbe318c71601c7e01c45b979b6d63eba2822c1168ddc599ad0cf24be1e116e,data/datasets/sid-set/candidate-1500/images/real/1ffbe318c71601c7e01c45b979b6d63eba2822c1168ddc599ad0cf24be1e116e.jpg,medium,0,0.0007987683638930321
200a7a0052861e463d5f05ca2d582ce0304724531b964d437aeb3b11082f3c01,data/datasets/sid-set/candidate-1500/images/fake/200a7a0052861e463d5f05ca2d582ce0304724531b964d437aeb3b11082f3c01.png,low,1,0.9721744060516357
201a3944a15f8277dc3252c87ea60a35d2c5dadf9bdf7cf6dba4829303b4d6c3,data/datasets/sid-set/candidate-1500/images/fake/201a3944a15f8277dc3252c87ea60a35d2c5dadf9bdf7cf6dba4829303b4d6c3.png,medium,1,0.9674662947654724
202051299b3c85a969c850232af06ff65ca1815c05dd12f92b11bded9346cdeb,data/datasets/openfake/additional-900/images/fake/202051299b3c85a969c850232af06ff65ca1815c05dd12f92b11bded9346cdeb.jpg,medium,1,0.37915071845054626
20417e1c26d98dbe985a4ab739e60dfb1330e340f3632d4b082f05e5d1bdc41d,data/datasets/sid-set/candidate-1500/images/fake/20417e1c26d98dbe985a4ab739e60dfb1330e340f3632d4b082f05e5d1bdc41d.png,medium,1,0.9773153066635132
204e2917f387ef3b3953f2993ad6e95a032eed89f66f267e2b209e3734446ace,data/datasets/openfake/additional-900/images/fake/204e2917f387ef3b3953f2993ad6e95a032eed89f66f267e2b209e3734446ace.png,medium,1,0.026465659961104393
205618b191a6359f037868281a1d2080a198b0d6ca4c09d8db52c86d2dda4f5d,data/datasets/sid-set/candidate-1500/images/fake/205618b191a6359f037868281a1d2080a198b0d6ca4c09d8db52c86d2dda4f5d.png,medium,1,0.9772192239761353
206836d644b1161367c6085da37bf09881d3427c0f34e4d8857116e18cb453a1,data/datasets/sid-set/candidate-1500/images/fake/206836d644b1161367c6085da37bf09881d3427c0f34e4d8857116e18cb453a1.png,medium,1,0.9707645773887634
2098e4c6f7f12cb9e27b62261770bb72ec17872bab7dbe9b21d636111db64581,data/datasets/sid-set/candidate-1500/images/fake/2098e4c6f7f12cb9e27b62261770bb72ec17872bab7dbe9b21d636111db64581.png,low,1,0.8936164975166321
20bc7fd943d66a5a881da71b0ab73149c472279c30bc5f0b23a4138a063ec57d,data/datasets/openfake/additional-900/images/real/20bc7fd943d66a5a881da71b0ab73149c472279c30bc5f0b23a4138a063ec57d.jpg,low,0,0.09230226278305054
20bd466274c688abc8452f933269fa86ea7188256c2a3ff6e2edac11f965ffa2,data/datasets/sid-set/candidate-1500/images/real/20bd466274c688abc8452f933269fa86ea7188256c2a3ff6e2edac11f965ffa2.jpg,medium,0,0.1255919188261032
20e030659e9887f1546479f72bcc243850b2286dee1c0047e270897dd9e2bffc,data/datasets/sid-set/candidate-1500/images/real/20e030659e9887f1546479f72bcc243850b2286dee1c0047e270897dd9e2bffc.jpg,medium,0,0.013759210705757141
20eb12a89eaf1a8af0ac282c3dd6e89d1517fe082b608b3f3f333cdb279ab30f,data/datasets/sid-set/candidate-1500/images/real/20eb12a89eaf1a8af0ac282c3dd6e89d1517fe082b608b3f3f333cdb279ab30f.jpg,medium,0,0.6285820603370667
20f40fc72b78a4fbcf36e9f31394da7a739e50d418754d37a81e616f20d3acb6,data/datasets/openfake/pilot-600/images/real/20f40fc72b78a4fbcf36e9f31394da7a739e50d418754d37a81e616f20d3acb6.jpg,medium,0,0.10474499315023422
20fbee41667b5ee765ed2c62353a0885f4004570a92b191b60f7e249e3fe7343,data/datasets/sid-set/candidate-1500/images/real/20fbee41667b5ee765ed2c62353a0885f4004570a92b191b60f7e249e3fe7343.jpg,medium,0,0.005991216283291578
210ab0f8fc6859fd37a4ebe1b0b9520505345730486821eedf5a4cb981c16da1,data/datasets/openfake/pilot-600/images/fake/210ab0f8fc6859fd37a4ebe1b0b9520505345730486821eedf5a4cb981c16da1.webp,medium,1,0.9747251868247986
210ad771646e8be549b79ee1fe5eccb64e24eabb8c53edfbf15292d52efb2c5c,data/datasets/sid-set/candidate-1500/images/real/210ad771646e8be549b79ee1fe5eccb64e24eabb8c53edfbf15292d52efb2c5c.jpg,medium,0,0.013605417683720589
21256fcf694121235a2860ed04b87a197017608ffa80d67757445478345a7fac,data/datasets/sid-set/candidate-1500/images/real/21256fcf694121235a2860ed04b87a197017608ffa80d67757445478345a7fac.jpg,low,0,0.052675556391477585
21512ca0a045cfa4732e70e5376b4584e1f48a97910055b7d741fe5b7623f1cf,data/datasets/sid-set/candidate-1500/images/fake/21512ca0a045cfa4732e70e5376b4584e1f48a97910055b7d741fe5b7623f1cf.png,low,1,0.9766298532485962
215fc319b724f92612b408c7c975f3148125687f75c1bd5cdfcb52cde613cab0,data/datasets/sid-set/candidate-1500/images/real/215fc319b724f92612b408c7c975f3148125687f75c1bd5cdfcb52cde613cab0.jpg,medium,0,0.5084123015403748
216bcaf01f6a299af7afbfbee58ddd6605f07021873572a39cf69f66e956cb9c,data/datasets/openfake/additional-900/images/fake/216bcaf01f6a299af7afbfbee58ddd6605f07021873572a39cf69f66e956cb9c.webp,low,1,0.7629385590553284
21773b1538f82236655b407b03afb13c87ec27c054f703e4656333aaeb67bc82,data/datasets/openfake/pilot-600/images/real/21773b1538f82236655b407b03afb13c87ec27c054f703e4656333aaeb67bc82.jpg,medium,0,0.927453875541687
21aee744ba7ffaa3ac5a4d4f8a1c7d4b50fd19b45ffe0d0f15b527bc96f4209b,data/datasets/openfake/additional-900/images/real/21aee744ba7ffaa3ac5a4d4f8a1c7d4b50fd19b45ffe0d0f15b527bc96f4209b.jpg,medium,0,0.0028147161938250065
21c59e3c8f2c33ff5b59b584dae4a18ab0c37c9fc1ba3149cfd0f59f18580dc7,data/datasets/openfake/additional-900/images/fake/21c59e3c8f2c33ff5b59b584dae4a18ab0c37c9fc1ba3149cfd0f59f18580dc7.png,low,1,0.992265522480011
21ccf6fafb3f31f0231951aa7f44c3bd205c2b918b1b562b6dd289ff9389b8d6,data/datasets/sid-set/candidate-1500/images/real/21ccf6fafb3f31f0231951aa7f44c3bd205c2b918b1b562b6dd289ff9389b8d6.jpg,low,0,0.030168218538165092
21ea124c36f8366371fb905bd1cd4db4d9b96d3309003dab60772f6341d4392c,data/datasets/openfake/pilot-600/images/fake/21ea124c36f8366371fb905bd1cd4db4d9b96d3309003dab60772f6341d4392c.png,medium,1,0.9932419657707214
21fb82c8bef1d4e3c77ba14e05a1d3d5e5b0c1bf68c622220f89622f01d8ad42,data/datasets/sid-set/candidate-1500/images/fake/21fb82c8bef1d4e3c77ba14e05a1d3d5e5b0c1bf68c622220f89622f01d8ad42.png,medium,1,0.9934604167938232
229582526b538909b538ba4557d0b511190c736ce906b6b3e01e300434bb3465,data/datasets/sid-set/candidate-1500/images/fake/229582526b538909b538ba4557d0b511190c736ce906b6b3e01e300434bb3465.png,low,1,0.9552496671676636
22961a692926514942625475c0cda89138bcf16ae26d6c28cf1b0e4c17c9cc5f,data/datasets/sid-set/candidate-1500/images/fake/22961a692926514942625475c0cda89138bcf16ae26d6c28cf1b0e4c17c9cc5f.png,low,1,0.9890033602714539
22b239a0faf06fbd49ed094507986d70fd095a2dfdb6fb1ed7af39ad56e402f4,data/datasets/openfake/additional-900/images/real/22b239a0faf06fbd49ed094507986d70fd095a2dfdb6fb1ed7af39ad56e402f4.jpg,medium,0,0.0003499366284813732
22b32bafa7d23ac7ee065a75540bc3d8939c4ec413972be927c90a6d9eda6b40,data/datasets/openfake/pilot-600/images/fake/22b32bafa7d23ac7ee065a75540bc3d8939c4ec413972be927c90a6d9eda6b40.png,medium,1,0.8843321204185486
22b65e60c4f72e2154b8ed8816a1b979f87e36ce680d57dde8f550cade10efb3,data/datasets/sid-set/candidate-1500/images/fake/22b65e60c4f72e2154b8ed8816a1b979f87e36ce680d57dde8f550cade10efb3.png,medium,1,0.9794070720672607
22c62153792403ad5d7223c93ee68daa44da0bb2c7f5bbad9d6dc92212293a2e,data/datasets/sid-set/candidate-1500/images/real/22c62153792403ad5d7223c93ee68daa44da0bb2c7f5bbad9d6dc92212293a2e.jpg,medium,0,0.379710853099823
231b2eb5907718354a23a4ffe402eea77fd5ddb9b3954bb3e1acb887db9fb1e7,data/datasets/sid-set/candidate-1500/images/real/231b2eb5907718354a23a4ffe402eea77fd5ddb9b3954bb3e1acb887db9fb1e7.jpg,medium,0,0.9886681437492371
23367e4b857d9d06a0326726543152a6109eb116b92f6b338ca9118bbf079759,data/datasets/sid-set/candidate-1500/images/fake/23367e4b857d9d06a0326726543152a6109eb116b92f6b338ca9118bbf079759.png,low,1,0.9900902509689331
234591f69ed573280e146297f67a0ca4e9684628c61c615f18d590e48411ead1,data/datasets/sid-set/candidate-1500/images/real/234591f69ed573280e146297f67a0ca4e9684628c61c615f18d590e48411ead1.jpg,medium,0,0.7032097578048706
235d9f65a8c97509cac0377ad675b47300331e576b4880821385f46069ad8af7,data/datasets/sid-set/candidate-1500/images/real/235d9f65a8c97509cac0377ad675b47300331e576b4880821385f46069ad8af7.jpg,medium,0,0.7279922962188721
238dc01f477361205f1b78148e651bdfffc9cea68a859313f1a3a9308041c57e,data/datasets/openfake/additional-900/images/real/238dc01f477361205f1b78148e651bdfffc9cea68a859313f1a3a9308041c57e.jpg,medium,0,0.7215789556503296
23e1d612da5e19bee8be3587968610da0428ba51b733e9886ac22512336f7c71,data/datasets/openfake/pilot-600/images/real/23e1d612da5e19bee8be3587968610da0428ba51b733e9886ac22512336f7c71.jpg,low,0,0.005857969168573618
23f7cc8d9bfb67ea3beae2d0af0b36f22aaac3f26a9700949eeff698de5014fe,data/datasets/sid-set/candidate-1500/images/fake/23f7cc8d9bfb67ea3beae2d0af0b36f22aaac3f26a9700949eeff698de5014fe.png,low,1,0.8561415672302246
2432540bf787360e4d81b58b71bf29c5c24dfa6a866bbba40e44ab7bb9df3fea,data/datasets/openfake/additional-900/images/fake/2432540bf787360e4d81b58b71bf29c5c24dfa6a866bbba40e44ab7bb9df3fea.png,medium,1,0.3098345696926117
2432f6e46cb39daab2bed6d38a310b02606bab3d8c56a2d08e30a901e9cb5fc2,data/datasets/openfake/additional-900/images/real/2432f6e46cb39daab2bed6d38a310b02606bab3d8c56a2d08e30a901e9cb5fc2.jpg,medium,0,0.04016058146953583
244b8bd1f5f9f9df069430a5d0b2253d5f3fb2bb8141e1aabcbc51d1ed99551a,data/datasets/openfake/additional-900/images/real/244b8bd1f5f9f9df069430a5d0b2253d5f3fb2bb8141e1aabcbc51d1ed99551a.jpg,low,0,0.7844020128250122
244fa1c119c5f1ce6c620608b80d69fa37d770ac565d804261d32e5baade078f,data/datasets/openfake/pilot-600/images/fake/244fa1c119c5f1ce6c620608b80d69fa37d770ac565d804261d32e5baade078f.png,medium,1,0.970207691192627
245405dca9ff5ec91ce902a813c082c9eb32fc09f6b4e9f2e70f5834ab8c662c,data/datasets/sid-set/candidate-1500/images/fake/245405dca9ff5ec91ce902a813c082c9eb32fc09f6b4e9f2e70f5834ab8c662c.png,medium,1,0.9972416162490845
2456243d6713c8b1a36d9e1cbb885666729fa92cb657129aa7f5dcd084b2f5dc,data/datasets/sid-set/candidate-1500/images/real/2456243d6713c8b1a36d9e1cbb885666729fa92cb657129aa7f5dcd084b2f5dc.jpg,low,0,0.45876196026802063
2457330713fd03ba2d0c72c7c5cf58c050a4202d08e558879a50b903af5e34a0,data/datasets/sid-set/candidate-1500/images/fake/2457330713fd03ba2d0c72c7c5cf58c050a4202d08e558879a50b903af5e34a0.png,medium,1,0.9961262345314026
245c6dbf7b290c17f7dff7707696369cfc7c789495d04c7ced51e038a728455d,data/datasets/openfake/pilot-600/images/real/245c6dbf7b290c17f7dff7707696369cfc7c789495d04c7ced51e038a728455d.jpg,low,0,0.0004472759610507637
24698cfc6224279dd379faacb358e313d713b54903239cc66ca5c7baaf848e42,data/datasets/sid-set/candidate-1500/images/real/24698cfc6224279dd379faacb358e313d713b54903239cc66ca5c7baaf848e42.jpg,low,0,0.012763314880430698
248f69db77d07800d75d4814c27f97d502961597cd3f22d67a7eb1a61deb4a28,data/datasets/sid-set/candidate-1500/images/real/248f69db77d07800d75d4814c27f97d502961597cd3f22d67a7eb1a61deb4a28.jpg,low,0,0.008836397901177406
249bc76070d4b6dac7fe2d9cd4f9022791155cf53f40ac77a1f1a46824f25d0e,data/datasets/openfake/additional-900/images/real/249bc76070d4b6dac7fe2d9cd4f9022791155cf53f40ac77a1f1a46824f25d0e.jpg,medium,0,5.687319571734406e-05
249ced550c605549f65fb91397e111932c4a91930484391541ce23e84d24b95c,data/datasets/sid-set/candidate-1500/images/real/249ced550c605549f65fb91397e111932c4a91930484391541ce23e84d24b95c.jpg,low,0,0.14536328613758087
24b723f3555be4d0e4a65141ebfc7ffc990649e739d77443490d7dcffa29c9e5,data/datasets/openfake/additional-900/images/fake/24b723f3555be4d0e4a65141ebfc7ffc990649e739d77443490d7dcffa29c9e5.png,medium,1,0.9055649042129517
24c4c671e918f7c19c59fa17dac7809a009b16b52d067a00052474c8226306aa,data/datasets/sid-set/candidate-1500/images/fake/24c4c671e918f7c19c59fa17dac7809a009b16b52d067a00052474c8226306aa.png,medium,1,0.921128511428833
250c950db0e8dd1b3fdfae71328a90eb435dc794eead422a361c1b3f3f8e1a6b,data/datasets/sid-set/candidate-1500/images/fake/250c950db0e8dd1b3fdfae71328a90eb435dc794eead422a361c1b3f3f8e1a6b.png,low,1,0.9785456657409668
250fcc22ee1d042f99f665147675bfa5f5dc534d0634a87caf1300165f39e7c7,data/datasets/sid-set/candidate-1500/images/fake/250fcc22ee1d042f99f665147675bfa5f5dc534d0634a87caf1300165f39e7c7.png,low,1,0.9415497779846191
25132420b6932c0a4cfd259d844dbcca97fd730286082f42486ebb93b5eeb8d7,data/datasets/openfake/pilot-600/images/real/25132420b6932c0a4cfd259d844dbcca97fd730286082f42486ebb93b5eeb8d7.jpg,medium,0,0.8556895852088928
258a4fff7d57375204900017cb13fc6f61e4a297958d1c00f29a75e508b16283,data/datasets/openfake/pilot-600/images/fake/258a4fff7d57375204900017cb13fc6f61e4a297958d1c00f29a75e508b16283.png,medium,1,0.8384072184562683
2594de6c9f6625725e5f45286bf191b0c986ab7be1ee6bdedfd926333a0e5499,data/datasets/sid-set/candidate-1500/images/fake/2594de6c9f6625725e5f45286bf191b0c986ab7be1ee6bdedfd926333a0e5499.png,low,1,0.9959449172019958
259b62241565cbddbedef0871964e97143e41b4a1621eabb59f1ff8af137fd40,data/datasets/sid-set/candidate-1500/images/fake/259b62241565cbddbedef0871964e97143e41b4a1621eabb59f1ff8af137fd40.png,medium,1,0.9888797998428345
25a391bc2db5bf67c2da56c8dff03dea99a8770533c4bd0917c97eb299a39196,data/datasets/openfake/pilot-600/images/real/25a391bc2db5bf67c2da56c8dff03dea99a8770533c4bd0917c97eb299a39196.jpg,medium,0,0.2515239417552948
25f6ca5da1c27d4b83b2f225eed83fa221a80ad802611b382dbb28aa180232cd,data/datasets/openfake/additional-900/images/real/25f6ca5da1c27d4b83b2f225eed83fa221a80ad802611b382dbb28aa180232cd.jpg,medium,0,0.49580925703048706
2615f941b64aa628d24d16cdb7d1da7a2f9975815d49d3f8969eb4fc672b75d9,data/datasets/openfake/additional-900/images/real/2615f941b64aa628d24d16cdb7d1da7a2f9975815d49d3f8969eb4fc672b75d9.jpg,medium,0,0.007302653510123491
2634b7e1237bbf3efe74fcf5616823166f3925d25e6f0993128a38fad8478fc8,data/datasets/openfake/pilot-600/images/fake/2634b7e1237bbf3efe74fcf5616823166f3925d25e6f0993128a38fad8478fc8.png,low,1,0.9753420948982239
26554ec623d577e9f032586e09f08cd4b2fdcb872c8bffb65eaa0d6e0dba4a29,data/datasets/sid-set/candidate-1500/images/real/26554ec623d577e9f032586e09f08cd4b2fdcb872c8bffb65eaa0d6e0dba4a29.jpg,medium,0,0.8958498239517212
26a57244bce0d8d73e339fb823acfc14134ed844ef1ea28d18826105599261ca,data/datasets/sid-set/candidate-1500/images/real/26a57244bce0d8d73e339fb823acfc14134ed844ef1ea28d18826105599261ca.jpg,medium,0,0.9015119075775146
26d1386fe0f18bd55800603f8bc81c87b95c42438ab94de90088248282620a30,data/datasets/sid-set/candidate-1500/images/real/26d1386fe0f18bd55800603f8bc81c87b95c42438ab94de90088248282620a30.jpg,medium,0,0.28911104798316956
2700a6ba8ca8737fca61bae67a3c5dd3faa9e33dd9e67b117bb7e5d5f6fcfa70,data/datasets/sid-set/candidate-1500/images/real/2700a6ba8ca8737fca61bae67a3c5dd3faa9e33dd9e67b117bb7e5d5f6fcfa70.jpg,low,0,0.5281856060028076
270c5de8b1642e10e28105974382134caa9c631f7dce25554f24023dea8d8e6e,data/datasets/sid-set/candidate-1500/images/real/270c5de8b1642e10e28105974382134caa9c631f7dce25554f24023dea8d8e6e.jpg,medium,0,0.3056612014770508
273990b3d2312cbca678fc53171979ca5a1b19948f05d1647e9136091731c7d4,data/datasets/openfake/additional-900/images/fake/273990b3d2312cbca678fc53171979ca5a1b19948f05d1647e9136091731c7d4.png,medium,1,0.9964786171913147
275d599c78b270ae7a59a921d94febffe3a86d55455897e09cb33a3e1346e8b7,data/datasets/sid-set/candidate-1500/images/real/275d599c78b270ae7a59a921d94febffe3a86d55455897e09cb33a3e1346e8b7.jpg,medium,0,0.10027389973402023
27676cf12a8579e86c2903278ca9895b83138016d5de96f94183b0b0dd736a5f,data/datasets/openfake/pilot-600/images/real/27676cf12a8579e86c2903278ca9895b83138016d5de96f94183b0b0dd736a5f.jpg,medium,0,0.8798498511314392
276ffb73a65cb42cf4b58833a7009a4d1bd8138a8c2e89da3b32de767a9a8305,data/datasets/openfake/pilot-600/images/fake/276ffb73a65cb42cf4b58833a7009a4d1bd8138a8c2e89da3b32de767a9a8305.png,low,1,0.9975190162658691
27959c275c42cb9bef4bb287672e84e13c39ac9bbe2e8cc2990133948315944a,data/datasets/openfake/additional-900/images/real/27959c275c42cb9bef4bb287672e84e13c39ac9bbe2e8cc2990133948315944a.jpg,medium,0,0.0317259207367897
27a886a9c1db43eb8f36f42ac30d2024be1a476db0fc3e61cd4ecc06e36655fe,data/datasets/sid-set/candidate-1500/images/real/27a886a9c1db43eb8f36f42ac30d2024be1a476db0fc3e61cd4ecc06e36655fe.jpg,medium,0,0.16305716335773468
27a8b2d173e69b062fed5ae9c96b8a439ec767cb7258a89255108a380acdd3ff,data/datasets/openfake/additional-900/images/real/27a8b2d173e69b062fed5ae9c96b8a439ec767cb7258a89255108a380acdd3ff.jpg,low,0,0.002072761068120599
27af497e36089218690a7ca84aab644962e880ebbc055e4a34462d2493e6091d,data/datasets/sid-set/candidate-1500/images/fake/27af497e36089218690a7ca84aab644962e880ebbc055e4a34462d2493e6091d.png,low,1,0.9018637537956238
27bd2140e36ee16d66e0b0ee2aad1636b95331545b1f7484d50f278775a32719,data/datasets/sid-set/candidate-1500/images/real/27bd2140e36ee16d66e0b0ee2aad1636b95331545b1f7484d50f278775a32719.jpg,high,0,0.3396016061306
27c0c0973196a2d3c89f636e7b6068a17bd860804c862891d36284660d5d33b1,data/datasets/openfake/additional-900/images/real/27c0c0973196a2d3c89f636e7b6068a17bd860804c862891d36284660d5d33b1.jpg,medium,0,0.0032973375637084246
27c52dbcb62b80b4210302a82419645352ee1e05b2d57dc9f1f0ceeeec9c3140,data/datasets/sid-set/candidate-1500/images/fake/27c52dbcb62b80b4210302a82419645352ee1e05b2d57dc9f1f0ceeeec9c3140.png,low,1,0.960371196269989
27f6a88a65545ffb99a694d639ce6f5f1a582803a771d843303f34c15d8a3683,data/datasets/sid-set/candidate-1500/images/real/27f6a88a65545ffb99a694d639ce6f5f1a582803a771d843303f34c15d8a3683.jpg,medium,0,0.17382530868053436
280c4f3c4b87f5c3ee9f8ecd8dcc11a17532719b311837d3c58cb06cf56ec39f,data/datasets/openfake/additional-900/images/real/280c4f3c4b87f5c3ee9f8ecd8dcc11a17532719b311837d3c58cb06cf56ec39f.jpg,low,0,0.4063889980316162
2816527ad32ea3f88de8645e232cb93ee3476ce82f3f3355729869cabde1a9f0,data/datasets/sid-set/candidate-1500/images/fake/2816527ad32ea3f88de8645e232cb93ee3476ce82f3f3355729869cabde1a9f0.png,low,1,0.990810751914978
28172b58d4923811c06a6836137cda8fdfb2025b7c13c06aea21398b988ab900,data/datasets/sid-set/candidate-1500/images/fake/28172b58d4923811c06a6836137cda8fdfb2025b7c13c06aea21398b988ab900.png,low,1,0.9976257681846619
281a4ff1e2fef3e13002c26c1821f6462729cef1ffdc184ce6538da338d82c0e,data/datasets/openfake/pilot-600/images/real/281a4ff1e2fef3e13002c26c1821f6462729cef1ffdc184ce6538da338d82c0e.jpg,medium,0,0.9183257222175598
2823a509f7661ac9f4141e8e2a0a14219094c3b8acb571b1e1148fe48b6a26a2,data/datasets/openfake/pilot-600/images/real/2823a509f7661ac9f4141e8e2a0a14219094c3b8acb571b1e1148fe48b6a26a2.jpg,medium,0,0.2398577183485031
28a686a50704ad0a58dd97a398bab0331751aad4a817904b7c7aaedd2dcd6d43,data/datasets/openfake/additional-900/images/real/28a686a50704ad0a58dd97a398bab0331751aad4a817904b7c7aaedd2dcd6d43.png,low,0,0.7858666181564331
28bf8d1c263f3e03ab9bd6f04909e4f18626d546b9380196e3fec945db71a959,data/datasets/openfake/additional-900/images/real/28bf8d1c263f3e03ab9bd6f04909e4f18626d546b9380196e3fec945db71a959.jpg,high,0,0.31760838627815247
28cadb11b39940bceee2169f86611add06bed6126976518c32f40be142d8d695,data/datasets/openfake/additional-900/images/fake/28cadb11b39940bceee2169f86611add06bed6126976518c32f40be142d8d695.png,medium,1,0.12106247246265411
28d7ce5200fff94bb0609a5486b19029014d00d9ced09de467c8b50b4f33a783,data/datasets/openfake/pilot-600/images/fake/28d7ce5200fff94bb0609a5486b19029014d00d9ced09de467c8b50b4f33a783.png,medium,1,0.9804348945617676
28e860fdcc4bdcd090b8760c9adb072c0ed63bb86d522cad1ab4be0e73af4e1b,data/datasets/sid-set/candidate-1500/images/fake/28e860fdcc4bdcd090b8760c9adb072c0ed63bb86d522cad1ab4be0e73af4e1b.png,medium,1,0.9993014335632324
28ec76e6fa2c84fb0c832b480be2a9a08de0e43d2889d40e8359299da7e06535,data/datasets/sid-set/candidate-1500/images/real/28ec76e6fa2c84fb0c832b480be2a9a08de0e43d2889d40e8359299da7e06535.jpg,low,0,0.27826789021492004
28fa0466753ac97f41c7ae89a4e634aa2b63c6f5964a5c77d221cbf2277f4c8f,data/datasets/openfake/additional-900/images/fake/28fa0466753ac97f41c7ae89a4e634aa2b63c6f5964a5c77d221cbf2277f4c8f.webp,medium,1,0.8777216672897339
28fc59b4391c8122a172865fc538818bb35aa55831a7ade2ef0b490659dcdb75,data/datasets/sid-set/candidate-1500/images/real/28fc59b4391c8122a172865fc538818bb35aa55831a7ade2ef0b490659dcdb75.jpg,medium,0,0.5164221525192261
2900b6e799ecbab10ef1acbc88c6fdfa3f136118d16c22e816b7466b8fb012a9,data/datasets/sid-set/candidate-1500/images/real/2900b6e799ecbab10ef1acbc88c6fdfa3f136118d16c22e816b7466b8fb012a9.jpg,high,0,0.1534370481967926
29119e77fb69cb309364e9e95d120c8790d67e12da74b4b268564e4304ba0199,data/datasets/sid-set/candidate-1500/images/real/29119e77fb69cb309364e9e95d120c8790d67e12da74b4b268564e4304ba0199.jpg,low,0,0.8213000893592834
291efda2aceaef3a36bf43909fec69613470fd40c2cdf09a6ab7684abe85e417,data/datasets/openfake/additional-900/images/fake/291efda2aceaef3a36bf43909fec69613470fd40c2cdf09a6ab7684abe85e417.png,low,1,0.4280224144458771
292126a83a0b2418b772d4883d6f469e86e0dd1688dda27dfda6fe2785b5a35d,data/datasets/sid-set/candidate-1500/images/fake/292126a83a0b2418b772d4883d6f469e86e0dd1688dda27dfda6fe2785b5a35d.png,medium,1,0.9693189263343811
293860d0ddb530ae997fb95809ecf5c8c7d877e361073c65151a398e975eb541,data/datasets/sid-set/candidate-1500/images/fake/293860d0ddb530ae997fb95809ecf5c8c7d877e361073c65151a398e975eb541.png,low,1,0.9239146113395691
2943a0b308a45d7150970bef160a0c67bf3768bf50ecb552e76ca85dd2716003,data/datasets/openfake/additional-900/images/real/2943a0b308a45d7150970bef160a0c67bf3768bf50ecb552e76ca85dd2716003.jpg,medium,0,7.053015724522993e-05
2947b67f7d93e8aafd3f99119d193d7af0042231e2c2246f1669297fd339c4a0,data/datasets/sid-set/candidate-1500/images/fake/2947b67f7d93e8aafd3f99119d193d7af0042231e2c2246f1669297fd339c4a0.png,medium,1,0.9579179286956787
29680b6392c2fe73c93b893367d55d0cdc9b6690b49086f115f9d1915d62b914,data/datasets/openfake/pilot-600/images/real/29680b6392c2fe73c93b893367d55d0cdc9b6690b49086f115f9d1915d62b914.jpg,medium,0,0.048596303910017014
29681f1da9acdd16b0b32b6cfeecc3d85eddfb25563cdccaf141304e4265bf36,data/datasets/openfake/additional-900/images/fake/29681f1da9acdd16b0b32b6cfeecc3d85eddfb25563cdccaf141304e4265bf36.png,medium,1,0.985220193862915
29773d60470655d4b32829ad4bb82577d9a9079c65a372d7a7eb927097648c69,data/datasets/sid-set/candidate-1500/images/fake/29773d60470655d4b32829ad4bb82577d9a9079c65a372d7a7eb927097648c69.png,medium,1,0.9811291098594666
29797f9829711b497c7836f9e3a87599dc76c68664bd14905af5ed3dfb020587,data/datasets/sid-set/candidate-1500/images/fake/29797f9829711b497c7836f9e3a87599dc76c68664bd14905af5ed3dfb020587.png,medium,1,0.9561300277709961
29823ad44950f641734a3f71168772f44c87820fdd7738d93cb925b128390947,data/datasets/sid-set/candidate-1500/images/real/29823ad44950f641734a3f71168772f44c87820fdd7738d93cb925b128390947.jpg,low,0,0.8995352387428284
299f3eee2127a6d5950cfeae126b9eb577848a570ecb4558a6376ef643c2847d,data/datasets/sid-set/candidate-1500/images/fake/299f3eee2127a6d5950cfeae126b9eb577848a570ecb4558a6376ef643c2847d.png,medium,1,0.9349494576454163
29ba495ee9db933e84d3a5bb5aa1fc07cda00e1502bb6622175ac5d7b1226d2e,data/datasets/sid-set/candidate-1500/images/real/29ba495ee9db933e84d3a5bb5aa1fc07cda00e1502bb6622175ac5d7b1226d2e.jpg,medium,0,0.0041556162759661674
29da04d067627b33b857698231fee7b2297b3a915f3e10c717c343ed403eddc1,data/datasets/sid-set/candidate-1500/images/fake/29da04d067627b33b857698231fee7b2297b3a915f3e10c717c343ed403eddc1.png,low,1,0.9903420209884644
2a0e686e53313dceb6234e6122ae9c81b27b54b473105674802669bc6250e0df,data/datasets/sid-set/candidate-1500/images/fake/2a0e686e53313dceb6234e6122ae9c81b27b54b473105674802669bc6250e0df.png,medium,1,0.9911337494850159
2a2c78b2cbf7c7f2c35664165da446b51911fa59b41e825256c10b2ca3778197,data/datasets/sid-set/candidate-1500/images/real/2a2c78b2cbf7c7f2c35664165da446b51911fa59b41e825256c10b2ca3778197.jpg,medium,0,0.987203061580658
2a5aeba114ea5646a874c71faa71890d3089d0770880c1be772c49ebca5bba2a,data/datasets/sid-set/candidate-1500/images/real/2a5aeba114ea5646a874c71faa71890d3089d0770880c1be772c49ebca5bba2a.jpg,medium,0,0.07476045936346054
2a71416bd56fbf41e6477b2fb5e7fcaa7922a1cf10966c623f8cdcf35a504262,data/datasets/sid-set/candidate-1500/images/real/2a71416bd56fbf41e6477b2fb5e7fcaa7922a1cf10966c623f8cdcf35a504262.jpg,medium,0,0.31563225388526917
2a99484982bb0adad44a10648158002e076573b230500276bee93350f6562505,data/datasets/openfake/additional-900/images/fake/2a99484982bb0adad44a10648158002e076573b230500276bee93350f6562505.png,low,1,0.37542077898979187
2aa6aec835b660fc75b9ca5c3c42e55975050c3c6a5f60e5ca382d54e84210c1,data/datasets/openfake/additional-900/images/real/2aa6aec835b660fc75b9ca5c3c42e55975050c3c6a5f60e5ca382d54e84210c1.jpg,low,0,0.004753029439598322
2ae17a689d7b288ce2fbc0f06dbf62da5f229fb8e8cb376616ee97ffd3d9499f,data/datasets/sid-set/candidate-1500/images/real/2ae17a689d7b288ce2fbc0f06dbf62da5f229fb8e8cb376616ee97ffd3d9499f.jpg,low,0,0.7019621133804321
2afea4deb8302970fcd39a773ccee969ccf72f4b7cc54285663df7aa5cc65d64,data/datasets/openfake/additional-900/images/fake/2afea4deb8302970fcd39a773ccee969ccf72f4b7cc54285663df7aa5cc65d64.png,medium,1,0.339852899312973
2b11cf7acaf1da939198187526f00d6d99d44a2905ae33d71d2d4b602bc5cd4c,data/datasets/sid-set/candidate-1500/images/real/2b11cf7acaf1da939198187526f00d6d99d44a2905ae33d71d2d4b602bc5cd4c.jpg,medium,0,0.4451245367527008
2b2c9cbf3fd0894ab127c7fa493d8252d3cda0c007b76f565452d02a369fb1e5,data/datasets/openfake/pilot-600/images/fake/2b2c9cbf3fd0894ab127c7fa493d8252d3cda0c007b76f565452d02a369fb1e5.png,medium,1,0.6189417839050293
2b7cd9eb32b7751d1db24a8bd4a4836592be5854c4e75693912df600fc2e5455,data/datasets/openfake/additional-900/images/real/2b7cd9eb32b7751d1db24a8bd4a4836592be5854c4e75693912df600fc2e5455.jpg,low,0,0.0413844995200634
2b7d8068b766410a483dd8946aad2d30415b70b34c352d99bdf591007e66bee3,data/datasets/sid-set/candidate-1500/images/real/2b7d8068b766410a483dd8946aad2d30415b70b34c352d99bdf591007e66bee3.jpg,medium,0,0.00123998848721385
2b894bff7e5ab3ef0fa03c9d2358f96c36f26780a62e8da2afbcb04483c0086d,data/datasets/sid-set/candidate-1500/images/fake/2b894bff7e5ab3ef0fa03c9d2358f96c36f26780a62e8da2afbcb04483c0086d.png,medium,1,0.9899999499320984
2b9e888aedeba4bfebc80a21a81d25423bc5b5d3117d8c31efa5f2db4c136962,data/datasets/openfake/additional-900/images/real/2b9e888aedeba4bfebc80a21a81d25423bc5b5d3117d8c31efa5f2db4c136962.jpg,medium,0,0.09076383709907532
2ba9f2ad281358c669664fd53ba16a4b0f73780b37184c4831ecec07d96c9464,data/datasets/sid-set/candidate-1500/images/fake/2ba9f2ad281358c669664fd53ba16a4b0f73780b37184c4831ecec07d96c9464.png,medium,1,0.9919074773788452
2bbc439f793138b7c3b99e9457d3c2ff7e8a57274760e565bbc549763475b626,data/datasets/openfake/pilot-600/images/real/2bbc439f793138b7c3b99e9457d3c2ff7e8a57274760e565bbc549763475b626.jpg,medium,0,0.7740800976753235
2c2d40c41e091183540f595a9f2703cd977ace11415a13e25a04ab566186af59,data/datasets/openfake/pilot-600/images/fake/2c2d40c41e091183540f595a9f2703cd977ace11415a13e25a04ab566186af59.png,low,1,0.8671110272407532
2c3083590993bd78f3253a88c09e7bf96ed3ec1ab2437d1e5794db0bd386c40e,data/datasets/openfake/additional-900/images/fake/2c3083590993bd78f3253a88c09e7bf96ed3ec1ab2437d1e5794db0bd386c40e.png,low,1,0.7619034051895142
2c4046be54a5534553c2d07ea0529fe42cf5be8448756c7a37e4e29e154d020e,data/datasets/sid-set/candidate-1500/images/fake/2c4046be54a5534553c2d07ea0529fe42cf5be8448756c7a37e4e29e154d020e.png,medium,1,0.9732598066329956
2c589e7647e0fb13ba906532f5660efb2e439e7a2eb58ef4f1b968db0cc2ef45,data/datasets/sid-set/candidate-1500/images/real/2c589e7647e0fb13ba906532f5660efb2e439e7a2eb58ef4f1b968db0cc2ef45.jpg,low,0,0.48774540424346924
2c61e5a2ad87942c11036759b40c98692c7b6cf06ab3b2a3c771f31dea5a73e8,data/datasets/openfake/additional-900/images/real/2c61e5a2ad87942c11036759b40c98692c7b6cf06ab3b2a3c771f31dea5a73e8.jpg,medium,0,0.009571701288223267
2cc8811be7a4f5ac03f084dba2944a54924d1aa807ad1308375f88768cd78836,data/datasets/sid-set/candidate-1500/images/fake/2cc8811be7a4f5ac03f084dba2944a54924d1aa807ad1308375f88768cd78836.png,medium,1,0.9757649302482605
2cedd046a1bf6aa83ead3528de882b12bfb8b3cdb79ff6f812e7621ae43e7619,data/datasets/sid-set/candidate-1500/images/real/2cedd046a1bf6aa83ead3528de882b12bfb8b3cdb79ff6f812e7621ae43e7619.jpg,medium,0,0.04464516416192055
2cff00c7f79e9711c904a2810e7d2585f60fc08d107e2c7c944363dbf12eb878,data/datasets/sid-set/candidate-1500/images/real/2cff00c7f79e9711c904a2810e7d2585f60fc08d107e2c7c944363dbf12eb878.jpg,medium,0,0.745479941368103
2d04048fda81ba7530e3dad24b4121242123bc5409faff6fef289290aaae9d08,data/datasets/openfake/pilot-600/images/real/2d04048fda81ba7530e3dad24b4121242123bc5409faff6fef289290aaae9d08.jpg,medium,0,0.0029769467655569315
2d370f2b6637915b92b4404a7387767a4cd63c6591df555c1364293d5a5e49ee,data/datasets/openfake/additional-900/images/real/2d370f2b6637915b92b4404a7387767a4cd63c6591df555c1364293d5a5e49ee.jpg,low,0,0.0589265450835228
2d391874f9fae7303f4aaee54b5b880e68f208c0f037c52a5f0d9e6154a6cf9d,data/datasets/openfake/additional-900/images/fake/2d391874f9fae7303f4aaee54b5b880e68f208c0f037c52a5f0d9e6154a6cf9d.png,medium,1,0.5322939157485962
2d406380fa01bb0f69caf279087582f0bffb617b2c0de877a9ec75611c83ea26,data/datasets/openfake/additional-900/images/fake/2d406380fa01bb0f69caf279087582f0bffb617b2c0de877a9ec75611c83ea26.png,high,1,0.8856143355369568
2d800df5b0525264f52afee0d9f9701da09977e0f7eed066e5d11cba87bbc468,data/datasets/sid-set/candidate-1500/images/real/2d800df5b0525264f52afee0d9f9701da09977e0f7eed066e5d11cba87bbc468.jpg,low,0,0.022715162485837936
2d9f2d4dcc033ab62e70056f6ef1bb8946ace73793c39a169372a6f18b68a8fd,data/datasets/sid-set/candidate-1500/images/fake/2d9f2d4dcc033ab62e70056f6ef1bb8946ace73793c39a169372a6f18b68a8fd.png,low,1,0.9850986003875732
2db046ead02ac566454f46dbfe20fe49c834c11f1c86c43d8d8087a986adb3cd,data/datasets/openfake/additional-900/images/fake/2db046ead02ac566454f46dbfe20fe49c834c11f1c86c43d8d8087a986adb3cd.png,low,1,0.9965646862983704
2dd0c282b1fe3810860bbb5ff5e4868336e1f444f91377231a1794ac123c6c84,data/datasets/openfake/pilot-600/images/real/2dd0c282b1fe3810860bbb5ff5e4868336e1f444f91377231a1794ac123c6c84.jpg,low,0,0.007227499969303608
2e4a8c113c6474337f27b6c3dfb0800d5528fdcc2e4677aae8915313f84fba07,data/datasets/sid-set/candidate-1500/images/real/2e4a8c113c6474337f27b6c3dfb0800d5528fdcc2e4677aae8915313f84fba07.jpg,medium,0,0.0064741396345198154
2e58e17899ace162ae471cb588b7b18bb0061b5399224604528778d0da05356f,data/datasets/openfake/additional-900/images/fake/2e58e17899ace162ae471cb588b7b18bb0061b5399224604528778d0da05356f.png,low,1,0.8868252635002136
2e5ed0702d36f5e3126b4537917f0da662da540a6b6108a896572d2cfa8600c5,data/datasets/sid-set/candidate-1500/images/fake/2e5ed0702d36f5e3126b4537917f0da662da540a6b6108a896572d2cfa8600c5.png,low,1,0.924750030040741
2e6cbae2a2050133a6acff458b9af36dc4192eb027c039456ca248484fbf607b,data/datasets/openfake/pilot-600/images/real/2e6cbae2a2050133a6acff458b9af36dc4192eb027c039456ca248484fbf607b.jpg,medium,0,0.3690923750400543
2e7e1d81b0504ec3a473ff7741f8c9e7290fdabb7400f0e849deae0c53dbf4f8,data/datasets/sid-set/candidate-1500/images/fake/2e7e1d81b0504ec3a473ff7741f8c9e7290fdabb7400f0e849deae0c53dbf4f8.png,low,1,0.9561946988105774
2e87e0b4c29bb18868b31a4cc57a4bc3eac10c7f8f11df578edd49811f9e2375,data/datasets/openfake/pilot-600/images/fake/2e87e0b4c29bb18868b31a4cc57a4bc3eac10c7f8f11df578edd49811f9e2375.png,medium,1,0.9980669617652893
2e9ad884489c58699a677369db209666bad59fff1c92a84a500db311e12af6ea,data/datasets/sid-set/candidate-1500/images/real/2e9ad884489c58699a677369db209666bad59fff1c92a84a500db311e12af6ea.jpg,medium,0,0.3578898310661316
2ee27d64dd6abc8757b5352bba40781b20e981690c2db22cd649af8c831cb2fc,data/datasets/openfake/additional-900/images/fake/2ee27d64dd6abc8757b5352bba40781b20e981690c2db22cd649af8c831cb2fc.png,medium,1,0.7054792642593384
2ef9deb9e5df67e7051de34343e46a1724872bbb050445255ffa4922b3b5429b,data/datasets/openfake/additional-900/images/real/2ef9deb9e5df67e7051de34343e46a1724872bbb050445255ffa4922b3b5429b.jpg,medium,0,0.16017168760299683
2f4caccfb9b040b2f3ca9ec542968c4bf22af4eddd5a47833c775a0957c10160,data/datasets/openfake/additional-900/images/real/2f4caccfb9b040b2f3ca9ec542968c4bf22af4eddd5a47833c775a0957c10160.jpg,low,0,0.0026280716992914677
2f4e52767856766db3b8c93ba96a98cc7caa6117fdbdb472e6cc2e12628e4707,data/datasets/openfake/pilot-600/images/real/2f4e52767856766db3b8c93ba96a98cc7caa6117fdbdb472e6cc2e12628e4707.jpg,medium,0,0.12261135876178741
2f7b11bca7fa597d82b033ce7b2e54ae82eef87ca7e7d2282ad961378243a816,data/datasets/openfake/pilot-600/images/real/2f7b11bca7fa597d82b033ce7b2e54ae82eef87ca7e7d2282ad961378243a816.jpg,medium,0,0.015190716832876205
2fd1734bc9d04986b87b8ca73600c9b6622b5a7f2449bd1204793e75b4de2a03,data/datasets/sid-set/candidate-1500/images/fake/2fd1734bc9d04986b87b8ca73600c9b6622b5a7f2449bd1204793e75b4de2a03.png,low,1,0.9844129681587219
30077fb1c987f946135c6065ceb145aabfe00b3e7be7a8d1d9350fe7360f6160,data/datasets/sid-set/candidate-1500/images/fake/30077fb1c987f946135c6065ceb145aabfe00b3e7be7a8d1d9350fe7360f6160.png,medium,1,0.9499216675758362
3043d6f4f21d52ab39952f9e5c5384481be9704fd689be3d9674c97bf9d38ec1,data/datasets/sid-set/candidate-1500/images/fake/3043d6f4f21d52ab39952f9e5c5384481be9704fd689be3d9674c97bf9d38ec1.png,medium,1,0.9924830794334412
3045d43673a6b95835d6974a70e31012d125e97b49c4c43484732c70a645caff,data/datasets/sid-set/candidate-1500/images/fake/3045d43673a6b95835d6974a70e31012d125e97b49c4c43484732c70a645caff.png,low,1,0.868391752243042
30568b4bdba0c59f5ce767b4f0fde65d74b8ce92093bdd7619d19777e72c4500,data/datasets/sid-set/candidate-1500/images/fake/30568b4bdba0c59f5ce767b4f0fde65d74b8ce92093bdd7619d19777e72c4500.png,medium,1,0.9863077998161316
308b91121223e9da49d54ec0e3648075e1eccefd0d66ebb3ee4c73bf9523b61a,data/datasets/sid-set/candidate-1500/images/fake/308b91121223e9da49d54ec0e3648075e1eccefd0d66ebb3ee4c73bf9523b61a.png,low,1,0.9358980655670166
30b9eccbf9c76256a014540d505719d96380de0c54951bbb3d50da2a985c7619,data/datasets/openfake/additional-900/images/real/30b9eccbf9c76256a014540d505719d96380de0c54951bbb3d50da2a985c7619.jpg,high,0,0.8699480295181274
30d7352552aced17ab1270f1ed38a611e87bb75a007aa03bf80c995b56c365e5,data/datasets/openfake/pilot-600/images/fake/30d7352552aced17ab1270f1ed38a611e87bb75a007aa03bf80c995b56c365e5.png,medium,1,0.9780554175376892
30ddb13258d843329e554405900e72eee4ecfe50c0e216920469eb8434768f2b,data/datasets/sid-set/candidate-1500/images/fake/30ddb13258d843329e554405900e72eee4ecfe50c0e216920469eb8434768f2b.png,low,1,0.3731937110424042
312180e2c05a28ed1b8efd668b452bba2fb14024a7b0183c8d75b556a28c147a,data/datasets/openfake/pilot-600/images/fake/312180e2c05a28ed1b8efd668b452bba2fb14024a7b0183c8d75b556a28c147a.png,medium,1,0.9352256059646606
3121fff0fb06fee74ee7ce171da90cc639f6846786abbf7d582cbd4293e44512,data/datasets/openfake/pilot-600/images/fake/3121fff0fb06fee74ee7ce171da90cc639f6846786abbf7d582cbd4293e44512.png,medium,1,0.998635470867157
312b5db959c1bcce5e6668324223f2e44e9dabb8ee0410c623c22c2749cab509,data/datasets/sid-set/candidate-1500/images/fake/312b5db959c1bcce5e6668324223f2e44e9dabb8ee0410c623c22c2749cab509.png,low,1,0.9676840305328369
312fe8f53e69ddc14b7eeb707b15f62a616584013eea24046fed732d05d7dd6f,data/datasets/openfake/additional-900/images/real/312fe8f53e69ddc14b7eeb707b15f62a616584013eea24046fed732d05d7dd6f.jpg,medium,0,0.31880831718444824
3142d5d4115363a28ebfc1be7d25c72c66c334f041a5f0dd1f27f628dc7fa049,data/datasets/sid-set/candidate-1500/images/real/3142d5d4115363a28ebfc1be7d25c72c66c334f041a5f0dd1f27f628dc7fa049.jpg,low,0,0.28493329882621765
31615e31a6ee25d01f678556dd0d4b637b40db890e6e52ac307dc3469de7da21,data/datasets/sid-set/candidate-1500/images/fake/31615e31a6ee25d01f678556dd0d4b637b40db890e6e52ac307dc3469de7da21.png,medium,1,0.9947522878646851
31a95ce7acdcc54951b5d2538ea6186415b5b29654bf851a45e7025acb092734,data/datasets/openfake/additional-900/images/real/31a95ce7acdcc54951b5d2538ea6186415b5b29654bf851a45e7025acb092734.jpg,low,0,0.9547383189201355
31b3713409f03cafa12d0ae7de7778fc25b3816441998997c04a8a3758bbee35,data/datasets/sid-set/candidate-1500/images/real/31b3713409f03cafa12d0ae7de7778fc25b3816441998997c04a8a3758bbee35.jpg,medium,0,0.004093768075108528
31c96ec1c4d00cee1f5cf7e973062c9d4197222a845d4c2ec606d5179b0037f6,data/datasets/openfake/additional-900/images/real/31c96ec1c4d00cee1f5cf7e973062c9d4197222a845d4c2ec606d5179b0037f6.jpg,medium,0,0.00028453883714973927
31d00f248bb633010c0776aff7fda1f4241876eb4b49026f1e9af674bf9cbc01,data/datasets/sid-set/candidate-1500/images/fake/31d00f248bb633010c0776aff7fda1f4241876eb4b49026f1e9af674bf9cbc01.png,low,1,0.9253848195075989
31e667fc7f286991cc50729f201ce5e6c0c8a7c36e1e2512648976e54e7bc7da,data/datasets/openfake/additional-900/images/fake/31e667fc7f286991cc50729f201ce5e6c0c8a7c36e1e2512648976e54e7bc7da.png,low,1,0.9967023730278015
323ada0deac835aa02eb5d023c1cb59fce4ba68cc6d85fb3193bfbf8ea74d924,data/datasets/sid-set/candidate-1500/images/fake/323ada0deac835aa02eb5d023c1cb59fce4ba68cc6d85fb3193bfbf8ea74d924.png,medium,1,0.981010377407074
323bb2fadc70a402c9fd59d98726fa5612b37ae5ff9f63613af0d331e376e845,data/datasets/sid-set/candidate-1500/images/real/323bb2fadc70a402c9fd59d98726fa5612b37ae5ff9f63613af0d331e376e845.jpg,medium,0,0.019719703122973442
32430a235982cadd1c83eb796692cda70d353915cba2d8f63bfc120bb9d383e2,data/datasets/sid-set/candidate-1500/images/fake/32430a235982cadd1c83eb796692cda70d353915cba2d8f63bfc120bb9d383e2.png,low,1,0.8603707551956177
3285e4e9e8222149709364d29c0c19254347a33752e46edf527345c3c919fac4,data/datasets/openfake/pilot-600/images/fake/3285e4e9e8222149709364d29c0c19254347a33752e46edf527345c3c919fac4.png,low,1,0.37417563796043396
3295f87206de31aa4b97ad0feef9b9eccfccccec5209545c7efbb6fa5418d82a,data/datasets/sid-set/candidate-1500/images/fake/3295f87206de31aa4b97ad0feef9b9eccfccccec5209545c7efbb6fa5418d82a.png,medium,1,0.9236053824424744
32a03e436e2a458b0389c064e63bcbc15843742342626dd674c574261c47c6d6,data/datasets/openfake/pilot-600/images/real/32a03e436e2a458b0389c064e63bcbc15843742342626dd674c574261c47c6d6.jpg,medium,0,0.006685443688184023
32c116aceda440db46fb33a8e69ddaff4a37d642c5a86ea0c13d17ff2673c754,data/datasets/openfake/pilot-600/images/fake/32c116aceda440db46fb33a8e69ddaff4a37d642c5a86ea0c13d17ff2673c754.png,low,1,0.9478949904441833
32c8f3461e0b167a4852617d674fdc3bbb5ec742952491a3926e99fe6d4ce542,data/datasets/openfake/pilot-600/images/real/32c8f3461e0b167a4852617d674fdc3bbb5ec742952491a3926e99fe6d4ce542.jpg,low,0,0.4856102466583252
32d95aa856bc3e2d1bf3d82337a804b44c9f6cd077593ae4ef1443405fafcd61,data/datasets/sid-set/candidate-1500/images/fake/32d95aa856bc3e2d1bf3d82337a804b44c9f6cd077593ae4ef1443405fafcd61.png,low,1,0.9393296241760254
3326ce9d8557a3531d3eeae239a4692bf8db0cbb5c34161ff6e94a3f57f98c11,data/datasets/sid-set/candidate-1500/images/real/3326ce9d8557a3531d3eeae239a4692bf8db0cbb5c34161ff6e94a3f57f98c11.jpg,medium,0,0.5333387851715088
33484880eed1968cd54d18e9b4a61c7b98cde871241563e9f97d2864043eb09c,data/datasets/openfake/additional-900/images/fake/33484880eed1968cd54d18e9b4a61c7b98cde871241563e9f97d2864043eb09c.png,medium,1,0.9943706393241882
3351fd00977d9b9b7141a2c75e71c9762d81f8d3ec1b29c1d20f6910f2f0108c,data/datasets/openfake/additional-900/images/fake/3351fd00977d9b9b7141a2c75e71c9762d81f8d3ec1b29c1d20f6910f2f0108c.png,medium,1,0.9324409365653992
3357298b6233ebb421b74d603162697dfa22e0306554ccc22efa9b0e0e61b93d,data/datasets/sid-set/candidate-1500/images/fake/3357298b6233ebb421b74d603162697dfa22e0306554ccc22efa9b0e0e61b93d.png,medium,1,0.7593372464179993
339d98665a13f6f63982fefeafb05c7820565e83483ebeaac66dbe6a887bf741,data/datasets/sid-set/candidate-1500/images/fake/339d98665a13f6f63982fefeafb05c7820565e83483ebeaac66dbe6a887bf741.png,low,1,0.9950430393218994
33cffb193f9eb808c075f6a703a248afa67493ddd7b8ca43b92d809c02634faf,data/datasets/openfake/additional-900/images/real/33cffb193f9eb808c075f6a703a248afa67493ddd7b8ca43b92d809c02634faf.jpg,low,0,0.8715433478355408
33dc8da314178f02cbcf28f3f93cb3e26c9314b04da89db249d5a9f5bd893d81,data/datasets/sid-set/candidate-1500/images/fake/33dc8da314178f02cbcf28f3f93cb3e26c9314b04da89db249d5a9f5bd893d81.png,low,1,0.5404426455497742
33ec00f664817cab50c1ba97732b7214d71400e7fd474fcc9eb729ccb9d015d9,data/datasets/openfake/additional-900/images/fake/33ec00f664817cab50c1ba97732b7214d71400e7fd474fcc9eb729ccb9d015d9.png,medium,1,0.9645047187805176
33f1bce0cff1308a8dffcc09f9fbd9af0f012a7dbaaa1ca93e0314b6d57cfe2f,data/datasets/sid-set/candidate-1500/images/fake/33f1bce0cff1308a8dffcc09f9fbd9af0f012a7dbaaa1ca93e0314b6d57cfe2f.png,low,1,0.9156688451766968
33f844c9ae07a4bfcf2657e1a3766a9158240ef96a2b6de73b9541427cc80b3e,data/datasets/sid-set/candidate-1500/images/fake/33f844c9ae07a4bfcf2657e1a3766a9158240ef96a2b6de73b9541427cc80b3e.png,low,1,0.996355414390564
3405c99652e61027e967a9c1e4d45d4462b511860f0ace842f1ee4e2418b4f68,data/datasets/sid-set/candidate-1500/images/real/3405c99652e61027e967a9c1e4d45d4462b511860f0ace842f1ee4e2418b4f68.jpg,low,0,0.0752071887254715
340dc663c9acd9d0107fab659067e9289d4ec8a60de1d82570424711d4c835b9,data/datasets/sid-set/candidate-1500/images/fake/340dc663c9acd9d0107fab659067e9289d4ec8a60de1d82570424711d4c835b9.png,medium,1,0.9575964212417603
341cbb369afb44c8cc8786689b7845ad2d124417b6025370089bab3b0bf336de,data/datasets/openfake/pilot-600/images/fake/341cbb369afb44c8cc8786689b7845ad2d124417b6025370089bab3b0bf336de.png,low,1,0.6514939665794373
34a5359b509d9e1d80698e25688af0ba376489aae7488426fb89eef2e311fab8,data/datasets/sid-set/candidate-1500/images/fake/34a5359b509d9e1d80698e25688af0ba376489aae7488426fb89eef2e311fab8.png,high,1,0.9173614382743835
34b45ef8ba1df2d07f8a6a517d2e9d169a6eaa0bf79a634f381162bf8c9f25c1,data/datasets/sid-set/candidate-1500/images/real/34b45ef8ba1df2d07f8a6a517d2e9d169a6eaa0bf79a634f381162bf8c9f25c1.jpg,low,0,0.2970748841762543
34cddedfccad61fd9ba9b7b6ac4dac8d90f965a0035d2f31e01099418ecfd721,data/datasets/sid-set/candidate-1500/images/fake/34cddedfccad61fd9ba9b7b6ac4dac8d90f965a0035d2f31e01099418ecfd721.png,medium,1,0.9966183304786682
34e838ac1f8a3a49aced48cbe85d63cd99d8e4a87c7ea6aa1db09f385d65fcee,data/datasets/openfake/pilot-600/images/real/34e838ac1f8a3a49aced48cbe85d63cd99d8e4a87c7ea6aa1db09f385d65fcee.jpg,medium,0,0.07157021760940552
34f29c4d2bc8fa7ac099cf1731789539b265cee378973f73f06968be4a856849,data/datasets/sid-set/candidate-1500/images/fake/34f29c4d2bc8fa7ac099cf1731789539b265cee378973f73f06968be4a856849.png,medium,1,0.9421187043190002
3513cdf7a346cfa6d1f5a1d10fbea34e5159d6481fc7aea6853470fd80af63e9,data/datasets/sid-set/candidate-1500/images/real/3513cdf7a346cfa6d1f5a1d10fbea34e5159d6481fc7aea6853470fd80af63e9.jpg,low,0,0.05872412025928497
3517163d14c3c662ab2da3b198a5098e4c2ecdfcee95c7ec41de64e6e3d56828,data/datasets/sid-set/candidate-1500/images/fake/3517163d14c3c662ab2da3b198a5098e4c2ecdfcee95c7ec41de64e6e3d56828.png,low,1,0.9878514409065247
3545ed27cb87eedeb0c43dc62b3aed8e3cc4a96b9d49de3f19b792c15a37e715,data/datasets/sid-set/candidate-1500/images/real/3545ed27cb87eedeb0c43dc62b3aed8e3cc4a96b9d49de3f19b792c15a37e715.jpg,low,0,0.2853570878505707
355bccd9c4f2cf6796736e5aa0a7e97d72f5c45d472ce9b536d607d03dad5130,data/datasets/sid-set/candidate-1500/images/fake/355bccd9c4f2cf6796736e5aa0a7e97d72f5c45d472ce9b536d607d03dad5130.png,low,1,0.979629635810852
3571b3f6be5181c48982d0de0b71c4137822337a75b9f5f2e9f832705c4ca011,data/datasets/sid-set/candidate-1500/images/fake/3571b3f6be5181c48982d0de0b71c4137822337a75b9f5f2e9f832705c4ca011.png,low,1,0.8643997311592102
35764b7184e822678846f5ad28dfe2de8ce85b509ad4fd38d3afbab4b55de1f8,data/datasets/openfake/additional-900/images/real/35764b7184e822678846f5ad28dfe2de8ce85b509ad4fd38d3afbab4b55de1f8.jpg,high,0,0.2042655646800995
35af12cdc0bd48b7628ec4ee4b4abec71d180e5c135de340e60c5aa8d0f843c4,data/datasets/sid-set/candidate-1500/images/real/35af12cdc0bd48b7628ec4ee4b4abec71d180e5c135de340e60c5aa8d0f843c4.jpg,medium,0,0.6503910422325134
35b5a9fc3add522d90627e19483b78f717aa18ce97c387f0b8db0db6970eeb63,data/datasets/openfake/additional-900/images/real/35b5a9fc3add522d90627e19483b78f717aa18ce97c387f0b8db0db6970eeb63.jpg,medium,0,0.47739240527153015
35bcb38d922e561044f97ddb10f228cfb7990f9fff03e8ea0e5c79d35bf2ea2d,data/datasets/sid-set/candidate-1500/images/real/35bcb38d922e561044f97ddb10f228cfb7990f9fff03e8ea0e5c79d35bf2ea2d.jpg,medium,0,0.06591790169477463
35c0c4b2a38ed247e44d7ce9281a1baff42728935be482557e37104936a61bc1,data/datasets/sid-set/candidate-1500/images/real/35c0c4b2a38ed247e44d7ce9281a1baff42728935be482557e37104936a61bc1.jpg,medium,0,0.00671848189085722
35ceca919ec4d7fa8e784a3a15e7377cf5d72285bc43bb99f1c654c50c9ab81e,data/datasets/sid-set/candidate-1500/images/fake/35ceca919ec4d7fa8e784a3a15e7377cf5d72285bc43bb99f1c654c50c9ab81e.png,low,1,0.6905462741851807
35db278b5f4eeeedf76a3eade9a7d0229ca1222d6befbec7137fe2a736c009a3,data/datasets/sid-set/candidate-1500/images/real/35db278b5f4eeeedf76a3eade9a7d0229ca1222d6befbec7137fe2a736c009a3.jpg,low,0,0.8062602281570435
35e05afb2d0f36b7595d6b570c830f732b9920d8e8678960c31f3c03b1c874c4,data/datasets/openfake/additional-900/images/real/35e05afb2d0f36b7595d6b570c830f732b9920d8e8678960c31f3c03b1c874c4.jpg,medium,0,0.20305638015270233
35e47f8ca87424ebba5b2eb391a9ba902f2f10d8db10b7b0f7fff6f763cf7a36,data/datasets/openfake/pilot-600/images/real/35e47f8ca87424ebba5b2eb391a9ba902f2f10d8db10b7b0f7fff6f763cf7a36.jpg,high,0,0.7127197980880737
361350589fde7568380b771f59f666271b792936b71255f0e47bd845021fa43e,data/datasets/sid-set/candidate-1500/images/real/361350589fde7568380b771f59f666271b792936b71255f0e47bd845021fa43e.jpg,low,0,0.36132684350013733
36160460a3c5425e1fd8bf8266c88c8cb7e19080529f688cee3c2b813834c2e7,data/datasets/sid-set/candidate-1500/images/fake/36160460a3c5425e1fd8bf8266c88c8cb7e19080529f688cee3c2b813834c2e7.png,medium,1,0.9865078926086426
36169fe47a6bf1078b7aca697a1b63085c2df2bee3125b79e487da1c9f44c35d,data/datasets/openfake/pilot-600/images/fake/36169fe47a6bf1078b7aca697a1b63085c2df2bee3125b79e487da1c9f44c35d.webp,medium,1,0.9062274098396301
361af28c057bf179e8ccf74eb3f888ab7554159ce8705e948cc6e22180a6688c,data/datasets/sid-set/candidate-1500/images/fake/361af28c057bf179e8ccf74eb3f888ab7554159ce8705e948cc6e22180a6688c.png,low,1,0.9439526796340942
3628d787935f375938ac6a70317aef92ebcbf6c49e43e5d089ef6b7139499444,data/datasets/openfake/pilot-600/images/real/3628d787935f375938ac6a70317aef92ebcbf6c49e43e5d089ef6b7139499444.jpg,medium,0,0.1581319272518158
36903ecde68c12ad2e4d0d4311ab0c30e3971a16b1c59c8878bab85fbb1ad253,data/datasets/sid-set/candidate-1500/images/real/36903ecde68c12ad2e4d0d4311ab0c30e3971a16b1c59c8878bab85fbb1ad253.jpg,low,0,0.8140267729759216
36973c6888ff61b56438b9a2ab7c3e58c6f69c662c969a1c2f43d57d65c0135a,data/datasets/openfake/additional-900/images/fake/36973c6888ff61b56438b9a2ab7c3e58c6f69c662c969a1c2f43d57d65c0135a.png,medium,1,0.21374039351940155
36a53013fceb77265fc769ca2a58a8aa75fa47d678d9796476f4eff895555f14,data/datasets/openfake/additional-900/images/fake/36a53013fceb77265fc769ca2a58a8aa75fa47d678d9796476f4eff895555f14.png,low,1,0.9993653893470764
36a60d1bef20412ba0262653d9023d0a75745a5219eb869af11e04cba0eaf57b,data/datasets/openfake/additional-900/images/fake/36a60d1bef20412ba0262653d9023d0a75745a5219eb869af11e04cba0eaf57b.png,low,1,0.9914660453796387
36a84c21d2cdf83dd233ac19a4387d815d8585f5abac716e4cabef29bad69b8a,data/datasets/openfake/additional-900/images/real/36a84c21d2cdf83dd233ac19a4387d815d8585f5abac716e4cabef29bad69b8a.jpg,medium,0,0.8127847909927368
36ad9c6dddf721a9ce52ca7d07054d031ee8e6d68a0465fab09dc84efe48060b,data/datasets/sid-set/candidate-1500/images/fake/36ad9c6dddf721a9ce52ca7d07054d031ee8e6d68a0465fab09dc84efe48060b.png,low,1,0.9859273433685303
36c04a2607bcc2f2ea3526452275102e7d6ad80961b10e823d19265e5e730bbd,data/datasets/sid-set/candidate-1500/images/fake/36c04a2607bcc2f2ea3526452275102e7d6ad80961b10e823d19265e5e730bbd.png,low,1,0.9531294107437134
36e0dc9c69064061c9d2a65143649387d19759b578fe345d12bf11f6b8d841d2,data/datasets/openfake/pilot-600/images/real/36e0dc9c69064061c9d2a65143649387d19759b578fe345d12bf11f6b8d841d2.jpg,medium,0,0.02007557824254036
3707eb2fe7ccf1868df8252ea22c35856cdbdc7b0a4c68c7a4000fbce73434e4,data/datasets/sid-set/candidate-1500/images/real/3707eb2fe7ccf1868df8252ea22c35856cdbdc7b0a4c68c7a4000fbce73434e4.jpg,low,0,0.106451116502285
3714cb6f6c940b672f66b77efe3650e3be661817b3ae22b80a2925c6f4d26524,data/datasets/sid-set/candidate-1500/images/fake/3714cb6f6c940b672f66b77efe3650e3be661817b3ae22b80a2925c6f4d26524.png,medium,1,0.9031856656074524
3717eba290a5a66c03d6b112da2468c3396e891857427408d8d1dce024d3ceee,data/datasets/openfake/additional-900/images/real/3717eba290a5a66c03d6b112da2468c3396e891857427408d8d1dce024d3ceee.jpg,low,0,0.7052221894264221
374643d03ad94a428e3f1463985c6847736bbc2b63dfd5936e5efb6aa59ebc28,data/datasets/openfake/additional-900/images/fake/374643d03ad94a428e3f1463985c6847736bbc2b63dfd5936e5efb6aa59ebc28.png,low,1,0.9771263003349304
37596894c097c2a159eb352076c6330fa91d2e490d4e92aa7661ff20d5c64ae2,data/datasets/openfake/additional-900/images/real/37596894c097c2a159eb352076c6330fa91d2e490d4e92aa7661ff20d5c64ae2.jpg,medium,0,0.7847055792808533
376726dbd6ac636b3892c10992533e57d1e350c130733149d53af19474156d5f,data/datasets/openfake/pilot-600/images/real/376726dbd6ac636b3892c10992533e57d1e350c130733149d53af19474156d5f.jpg,medium,0,0.0794864222407341
376ad66069d09ede4f8581fd2da1383225539bf1dccfe2f73986c59864dba314,data/datasets/openfake/additional-900/images/real/376ad66069d09ede4f8581fd2da1383225539bf1dccfe2f73986c59864dba314.jpg,medium,0,0.6177040338516235
376f971ef3139a5a57b5a3d0610604e9763fcd477dedf935e319a18125b86d72,data/datasets/sid-set/candidate-1500/images/fake/376f971ef3139a5a57b5a3d0610604e9763fcd477dedf935e319a18125b86d72.png,medium,1,0.986854076385498
37c78cc34c6a7a4679ecf442f48b8b032419528d211e1228e6a6e33709fe9e11,data/datasets/sid-set/candidate-1500/images/real/37c78cc34c6a7a4679ecf442f48b8b032419528d211e1228e6a6e33709fe9e11.jpg,low,0,0.010436681099236012
37d3a785d7a51d92f688e37f116f4b27c355fe13bd820955867bd0d72dc2afbb,data/datasets/openfake/additional-900/images/real/37d3a785d7a51d92f688e37f116f4b27c355fe13bd820955867bd0d72dc2afbb.jpg,medium,0,0.09968133270740509
37e25093290509888141ba06d2b4f0df262689fbc347bf549c2cfabc1b883e7f,data/datasets/openfake/pilot-600/images/fake/37e25093290509888141ba06d2b4f0df262689fbc347bf549c2cfabc1b883e7f.png,medium,1,0.8903369903564453
37ed93a5dd62a0e6279cde8dd7c11c4b9a9430198cb87120698af90639a5efc9,data/datasets/openfake/pilot-600/images/real/37ed93a5dd62a0e6279cde8dd7c11c4b9a9430198cb87120698af90639a5efc9.jpg,low,0,0.7415503859519958
37ef0036c7bab9cec0cd515c4c0361785649ebff79305d176811a1c7a0e39770,data/datasets/openfake/additional-900/images/fake/37ef0036c7bab9cec0cd515c4c0361785649ebff79305d176811a1c7a0e39770.png,medium,1,0.8388622403144836
384017e7c90e09a745bd2b5fc0bae6561d7a2fc27e0d26ece34e9aa3a7ccb6bf,data/datasets/sid-set/candidate-1500/images/real/384017e7c90e09a745bd2b5fc0bae6561d7a2fc27e0d26ece34e9aa3a7ccb6bf.jpg,medium,0,0.2580272853374481
3882bb06282d88f97a27d7cfa87038d54bc60a27f1abdde1b58cb76d4ee925ad,data/datasets/openfake/additional-900/images/real/3882bb06282d88f97a27d7cfa87038d54bc60a27f1abdde1b58cb76d4ee925ad.jpg,low,0,0.018593231216073036
3889ae8cb8aa66f857a5e230e0931c0f3147f33726c8b8e2b9e08144a1c448ec,data/datasets/sid-set/candidate-1500/images/fake/3889ae8cb8aa66f857a5e230e0931c0f3147f33726c8b8e2b9e08144a1c448ec.png,medium,1,0.9912987351417542
389c2b70b36389ee81aca3334a24dbd4ccb1687fe3807ca48b5120e90f473647,data/datasets/sid-set/candidate-1500/images/real/389c2b70b36389ee81aca3334a24dbd4ccb1687fe3807ca48b5120e90f473647.jpg,medium,0,0.12706363201141357
38a427dfc6245f36f023f810f00f3aba639f0b6b5002bbf700a76ad0b32e5b59,data/datasets/sid-set/candidate-1500/images/real/38a427dfc6245f36f023f810f00f3aba639f0b6b5002bbf700a76ad0b32e5b59.jpg,low,0,0.4600123167037964
38dbc5bdc9025eceda56fa92e855b858e1988d67c194be856bafe68f939d1229,data/datasets/sid-set/candidate-1500/images/real/38dbc5bdc9025eceda56fa92e855b858e1988d67c194be856bafe68f939d1229.jpg,low,0,0.765057384967804
38f6032a7df32c8af63114dd4f0d2ba4474cad6c9d4b242efdd31b6114e4635e,data/datasets/openfake/additional-900/images/real/38f6032a7df32c8af63114dd4f0d2ba4474cad6c9d4b242efdd31b6114e4635e.jpg,medium,0,0.012120986357331276
38fdc3119e8f7724ed1fa21314e18ddafc40080e19a7065d7dcbe6af06fb2072,data/datasets/openfake/pilot-600/images/fake/38fdc3119e8f7724ed1fa21314e18ddafc40080e19a7065d7dcbe6af06fb2072.png,medium,1,0.2582961618900299
3928bbdde33f7eed19df8a9c444db2cc42c1743d6599a09e536304e889fb7f43,data/datasets/openfake/pilot-600/images/real/3928bbdde33f7eed19df8a9c444db2cc42c1743d6599a09e536304e889fb7f43.jpg,medium,0,0.4969671666622162
3930bb388e7b4e06f4d1b9cec5ad09b0d385cb7f974961697c39bcf74eaa1c54,data/datasets/sid-set/candidate-1500/images/fake/3930bb388e7b4e06f4d1b9cec5ad09b0d385cb7f974961697c39bcf74eaa1c54.png,medium,1,0.997316300868988
3932c4be79a2a6bb5517c79000767e27fdd9b5d16dcad2b686e0da7434a496a4,data/datasets/sid-set/candidate-1500/images/real/3932c4be79a2a6bb5517c79000767e27fdd9b5d16dcad2b686e0da7434a496a4.jpg,low,0,0.36974862217903137
393f5a40f06ba0ffe95e4f84ba79ad6f307fe28b4b33cec74585b172ca45a393,data/datasets/openfake/pilot-600/images/fake/393f5a40f06ba0ffe95e4f84ba79ad6f307fe28b4b33cec74585b172ca45a393.png,medium,1,0.5966668128967285
3996aac320a00a68a5e5fea1c056d5cffd9d4e218e882e69acf3ff09fb4f56eb,data/datasets/openfake/additional-900/images/real/3996aac320a00a68a5e5fea1c056d5cffd9d4e218e882e69acf3ff09fb4f56eb.jpg,medium,0,0.04932473227381706
399f1ae199f8649c53b248e3938e93a542bfe3e8e347236d541e7aba606d89fd,data/datasets/sid-set/candidate-1500/images/fake/399f1ae199f8649c53b248e3938e93a542bfe3e8e347236d541e7aba606d89fd.png,low,1,0.13319140672683716
39a5ed9742cb015033ebb852d73df8c349653ed2ab6ee0c5d5c608da55627ed9,data/datasets/sid-set/candidate-1500/images/real/39a5ed9742cb015033ebb852d73df8c349653ed2ab6ee0c5d5c608da55627ed9.jpg,medium,0,0.5536808967590332
3a0876444087f277c112436701d1019610b3dcd4719a9123c09833921c42d567,data/datasets/openfake/pilot-600/images/fake/3a0876444087f277c112436701d1019610b3dcd4719a9123c09833921c42d567.png,low,1,0.9709718227386475
3a4267d842682460378b15ebcabe1af4c7925b3ff08e70ad79674f26af578100,data/datasets/openfake/additional-900/images/fake/3a4267d842682460378b15ebcabe1af4c7925b3ff08e70ad79674f26af578100.png,medium,1,0.9820667505264282
3a468808c81deb8a1d0578061640035bd166c657d1740388c2da954b2214122d,data/datasets/openfake/additional-900/images/fake/3a468808c81deb8a1d0578061640035bd166c657d1740388c2da954b2214122d.png,medium,1,0.9868306517601013
3a60e0997db63ebdda3decb6329a01ccbe79d8deda3cb886993d7f513fc3808f,data/datasets/sid-set/candidate-1500/images/real/3a60e0997db63ebdda3decb6329a01ccbe79d8deda3cb886993d7f513fc3808f.jpg,medium,0,0.0019327665213495493
3a61cff91c68e6459f67496b39bbe1f72a9b5fa24ea898e5aef54dfcdd329934,data/datasets/sid-set/candidate-1500/images/fake/3a61cff91c68e6459f67496b39bbe1f72a9b5fa24ea898e5aef54dfcdd329934.png,low,1,0.9887964725494385
3a706702e73297c6fdeeaa0dd0d1c4ff3f18a7c1042a3d9a074eac6a9beaf1f9,data/datasets/sid-set/candidate-1500/images/fake/3a706702e73297c6fdeeaa0dd0d1c4ff3f18a7c1042a3d9a074eac6a9beaf1f9.png,medium,1,0.9957435727119446
3a709eabd6e4997cbc06eb796c6aabebbb5ccefdf47ef02d4dbb5ebb3945d816,data/datasets/sid-set/candidate-1500/images/fake/3a709eabd6e4997cbc06eb796c6aabebbb5ccefdf47ef02d4dbb5ebb3945d816.png,low,1,0.9396224617958069
3a8328d25bb7c33618c01b92b5246c0adeffcc11a4d0b63a200c8544d892a85f,data/datasets/sid-set/candidate-1500/images/real/3a8328d25bb7c33618c01b92b5246c0adeffcc11a4d0b63a200c8544d892a85f.jpg,medium,0,0.7076857089996338
3a85c40850ef850bf45da422482fc1b1c0bd4e20b64495e25a799043127e82d8,data/datasets/sid-set/candidate-1500/images/fake/3a85c40850ef850bf45da422482fc1b1c0bd4e20b64495e25a799043127e82d8.png,medium,1,0.9637399315834045
3ab106a4613d13eb76b2e5738a2be03271f19b546e4710f7a748aa1e0c82da2b,data/datasets/sid-set/candidate-1500/images/fake/3ab106a4613d13eb76b2e5738a2be03271f19b546e4710f7a748aa1e0c82da2b.png,medium,1,0.9986497759819031
3ab58063bd82668979a3cbdd0de0e27ec5bf9387fc63d16b1df27aff72c44137,data/datasets/sid-set/candidate-1500/images/fake/3ab58063bd82668979a3cbdd0de0e27ec5bf9387fc63d16b1df27aff72c44137.png,medium,1,0.940048336982727
3ad61a2362cf80257a1eccacac502e543a40ddf506890db42d59ab60db770c32,data/datasets/openfake/pilot-600/images/real/3ad61a2362cf80257a1eccacac502e543a40ddf506890db42d59ab60db770c32.jpg,medium,0,0.6914657354354858
3ae707a5631cd7064a1dd52cae70a13ce79106164cf45fc80bf159328915fadc,data/datasets/sid-set/candidate-1500/images/fake/3ae707a5631cd7064a1dd52cae70a13ce79106164cf45fc80bf159328915fadc.png,medium,1,0.998241662979126
3ae81164b8904b1b4023f5db79ba10a788031fd879152ed4468e87171fdd8116,data/datasets/sid-set/candidate-1500/images/fake/3ae81164b8904b1b4023f5db79ba10a788031fd879152ed4468e87171fdd8116.png,low,1,0.9581269025802612
3b035e1cf47fbd78226b371679a9decd767dcbb3aa2ee564ab404c12aa0b3ffa,data/datasets/openfake/additional-900/images/real/3b035e1cf47fbd78226b371679a9decd767dcbb3aa2ee564ab404c12aa0b3ffa.jpg,low,0,0.4797259569168091
3b05d39f30751369e8d27bb14a0b790ba4c6f2f86fa90ab9707ea91bcb096ca4,data/datasets/sid-set/candidate-1500/images/real/3b05d39f30751369e8d27bb14a0b790ba4c6f2f86fa90ab9707ea91bcb096ca4.jpg,low,0,0.5072124600410461
3b1904dc46d012d1d6cc0e3d7e387b55c443decf20d12de9f1d2e005139d7f69,data/datasets/openfake/additional-900/images/real/3b1904dc46d012d1d6cc0e3d7e387b55c443decf20d12de9f1d2e005139d7f69.jpg,medium,0,0.45104074478149414
3b28a7de3f4ddc101d925414d510391fb0b95f4a69baeb16b5a65a0f582a4beb,data/datasets/sid-set/candidate-1500/images/fake/3b28a7de3f4ddc101d925414d510391fb0b95f4a69baeb16b5a65a0f582a4beb.png,medium,1,0.9906732439994812
3b39d9bed2394b3d40e7a20c6011f03a0e45658a8f6c97bd41a77af002735230,data/datasets/sid-set/candidate-1500/images/fake/3b39d9bed2394b3d40e7a20c6011f03a0e45658a8f6c97bd41a77af002735230.png,medium,1,0.24427254498004913
3b543cae8c95409432f44117c1dcc43eecb36f63bcf0330b84b76682264f1def,data/datasets/sid-set/candidate-1500/images/real/3b543cae8c95409432f44117c1dcc43eecb36f63bcf0330b84b76682264f1def.jpg,high,0,0.726072371006012
3b551d511809f1f4e30c83687c5d779ec09a00e9995eb7c2bbae7ad56585fe1d,data/datasets/openfake/additional-900/images/real/3b551d511809f1f4e30c83687c5d779ec09a00e9995eb7c2bbae7ad56585fe1d.jpg,medium,0,0.5606974959373474
3b858f1b1e84a6637e8bd7c3035cf576f2605c93dcd3b38ae8b51764808ebaf1,data/datasets/openfake/additional-900/images/real/3b858f1b1e84a6637e8bd7c3035cf576f2605c93dcd3b38ae8b51764808ebaf1.jpg,medium,0,0.004557506646960974
3bd33a78c770bc431e2bef9ff5a13311524ac8d20dac5b42f490bdb29a21a50d,data/datasets/openfake/additional-900/images/real/3bd33a78c770bc431e2bef9ff5a13311524ac8d20dac5b42f490bdb29a21a50d.jpg,low,0,0.8684002161026001
3bd56fe2e940dee5a6635bbc97077cad061542085f39c705d8b2f7b7c94607ed,data/datasets/openfake/pilot-600/images/fake/3bd56fe2e940dee5a6635bbc97077cad061542085f39c705d8b2f7b7c94607ed.png,low,1,0.9980941414833069
3bf71364e40b4dbb5c42d1ef2a49c17fdd9d062aca717e694ac367e6d26f8c98,data/datasets/openfake/additional-900/images/real/3bf71364e40b4dbb5c42d1ef2a49c17fdd9d062aca717e694ac367e6d26f8c98.jpg,medium,0,0.00110831658821553
3c25f6a9c6e51c9d4d66adbf3e8f1cc92e62852cd5b0a9ba22d2981554944d85,data/datasets/sid-set/candidate-1500/images/fake/3c25f6a9c6e51c9d4d66adbf3e8f1cc92e62852cd5b0a9ba22d2981554944d85.png,low,1,0.8784515857696533
3c7d3dfec87b51c6a55ecb35fc2c02c85c09568a46584fc001cdf0463ed96748,data/datasets/sid-set/candidate-1500/images/real/3c7d3dfec87b51c6a55ecb35fc2c02c85c09568a46584fc001cdf0463ed96748.jpg,medium,0,0.0027347682043910027
3c8fce2c6181b58ca591f2138609c070d7e3b1b9683a327a8927aab9ab6f9e91,data/datasets/sid-set/candidate-1500/images/fake/3c8fce2c6181b58ca591f2138609c070d7e3b1b9683a327a8927aab9ab6f9e91.png,medium,1,0.9952996969223022
3c9a6f54794fded613d09729c344de257a382a04e5ea7565fdcec52ab85bea31,data/datasets/sid-set/candidate-1500/images/real/3c9a6f54794fded613d09729c344de257a382a04e5ea7565fdcec52ab85bea31.jpg,low,0,0.32192739844322205
3c9d19f0f80b2f4ef3a572610a18b726c2c65f9dbd7c9905265c5588bc9a8478,data/datasets/openfake/additional-900/images/fake/3c9d19f0f80b2f4ef3a572610a18b726c2c65f9dbd7c9905265c5588bc9a8478.jpg,low,1,0.9792633652687073
3cbf495c9c52092a8524cf0c401d7f23fc626fd701116d48b58cb8d95e3a165a,data/datasets/openfake/pilot-600/images/real/3cbf495c9c52092a8524cf0c401d7f23fc626fd701116d48b58cb8d95e3a165a.jpg,medium,0,0.6583506464958191
3cdaf4057c187fe3e038786bcc72ac6107d49a8710f76794ebf192bd76ad50ab,data/datasets/openfake/additional-900/images/real/3cdaf4057c187fe3e038786bcc72ac6107d49a8710f76794ebf192bd76ad50ab.jpg,low,0,0.0006927767535671592
3d167265c4ac8da86a746360e3409fcbe324a6e66b49c8b838883010970623a0,data/datasets/openfake/additional-900/images/fake/3d167265c4ac8da86a746360e3409fcbe324a6e66b49c8b838883010970623a0.png,low,1,0.43457266688346863
3d25750c572dad08b4e09dca9c9979014e3eda7362ba5c4b59e34d6197d91646,data/datasets/openfake/additional-900/images/fake/3d25750c572dad08b4e09dca9c9979014e3eda7362ba5c4b59e34d6197d91646.png,medium,1,0.9803549647331238
3d5fb0459f6bb6fc3d149b07ea1edc602a7fd9aa74ab0000cf0e828f3bff7997,data/datasets/sid-set/candidate-1500/images/real/3d5fb0459f6bb6fc3d149b07ea1edc602a7fd9aa74ab0000cf0e828f3bff7997.jpg,medium,0,0.02628495544195175
3d9934197fd1eea69d880cb2648008ac5895fe853d15d0d37839b51efea63ff6,data/datasets/sid-set/candidate-1500/images/fake/3d9934197fd1eea69d880cb2648008ac5895fe853d15d0d37839b51efea63ff6.png,medium,1,0.9711872935295105
3dba674c8565bd206c954d4a98d36b55263848ddf14ca6d760c5fa171a16e295,data/datasets/sid-set/candidate-1500/images/real/3dba674c8565bd206c954d4a98d36b55263848ddf14ca6d760c5fa171a16e295.jpg,medium,0,0.08489035815000534
3dd99cf4f20c4f81a559eabc00030602a0476b96cfb6bfbc17d4433b6d780253,data/datasets/sid-set/candidate-1500/images/real/3dd99cf4f20c4f81a559eabc00030602a0476b96cfb6bfbc17d4433b6d780253.jpg,low,0,0.0017717833397909999
3ddf923c917028c2052a20b706be97b4862b0098458e0915590d40c965645ca5,data/datasets/sid-set/candidate-1500/images/real/3ddf923c917028c2052a20b706be97b4862b0098458e0915590d40c965645ca5.jpg,medium,0,0.09455209225416183
3de18d4974abb97a789e3b512a3375defbbc352a44d047c8f484b2dc222841c4,data/datasets/openfake/additional-900/images/fake/3de18d4974abb97a789e3b512a3375defbbc352a44d047c8f484b2dc222841c4.png,medium,1,0.15864130854606628
3e026befa08942199f999b939e6beeacc17d6f07e1454432ff52f3cffc41e46a,data/datasets/openfake/additional-900/images/real/3e026befa08942199f999b939e6beeacc17d6f07e1454432ff52f3cffc41e46a.jpg,medium,0,0.00298974453471601
3e1e0fc8e6ccd5e18d9768cdd128936d829f24f44bcb07eefe2a39bf3ebe3d7f,data/datasets/sid-set/candidate-1500/images/fake/3e1e0fc8e6ccd5e18d9768cdd128936d829f24f44bcb07eefe2a39bf3ebe3d7f.png,low,1,0.9793469309806824
3e5fa0214545b084f1e2636c475562b72e5f642a9ade41be20a9b5f3ff7a37b8,data/datasets/sid-set/candidate-1500/images/fake/3e5fa0214545b084f1e2636c475562b72e5f642a9ade41be20a9b5f3ff7a37b8.png,medium,1,0.9846906065940857
3e60e122a3883f64ce3bbd5d62904799860118d08abdcb024d19a9a9b481b134,data/datasets/openfake/additional-900/images/real/3e60e122a3883f64ce3bbd5d62904799860118d08abdcb024d19a9a9b481b134.jpg,medium,0,0.00942921917885542
3e85ab191a4f8b5da9d37cc337cac834669d58bf99e0f151967db1f8e3ca583a,data/datasets/sid-set/candidate-1500/images/real/3e85ab191a4f8b5da9d37cc337cac834669d58bf99e0f151967db1f8e3ca583a.jpg,low,0,0.9340444207191467
3eaaaaaa0e2b38f4fbbf1ca17864830f5c7d5a690200d4a6753519250db7d338,data/datasets/openfake/pilot-600/images/real/3eaaaaaa0e2b38f4fbbf1ca17864830f5c7d5a690200d4a6753519250db7d338.jpg,low,0,0.0024841325357556343
3eac3ea8c87dc52205827b5d7253e4458acc7e4a7bf043c19b88fff0b5cb222e,data/datasets/sid-set/candidate-1500/images/real/3eac3ea8c87dc52205827b5d7253e4458acc7e4a7bf043c19b88fff0b5cb222e.jpg,low,0,0.9211893081665039
3ec9209f03fa21740f5bf445cee711070fdb0e51bd2970a52eceb125fe543dda,data/datasets/openfake/pilot-600/images/real/3ec9209f03fa21740f5bf445cee711070fdb0e51bd2970a52eceb125fe543dda.jpg,low,0,0.49594464898109436
3f214263436e6c35a6dcac5af464eb63e32b4ca845ba125b91e0ec3534a7ca2f,data/datasets/openfake/additional-900/images/fake/3f214263436e6c35a6dcac5af464eb63e32b4ca845ba125b91e0ec3534a7ca2f.png,low,1,0.9698092937469482
3f28ac1b52c26e58ca9501bde36234920c8114fe22466375699c39046d55a233,data/datasets/sid-set/candidate-1500/images/fake/3f28ac1b52c26e58ca9501bde36234920c8114fe22466375699c39046d55a233.png,medium,1,0.9971283078193665
3f4dbf2689855d27e14b8c3495b9d01acb3e1e6b50e4c637bfd64360b3168f4e,data/datasets/openfake/pilot-600/images/real/3f4dbf2689855d27e14b8c3495b9d01acb3e1e6b50e4c637bfd64360b3168f4e.jpg,medium,0,0.09715600311756134
3f4e9306a74e2ef9916b23060a3877f84708d3dab0f3dfa02d270e161834a0ba,data/datasets/sid-set/candidate-1500/images/real/3f4e9306a74e2ef9916b23060a3877f84708d3dab0f3dfa02d270e161834a0ba.jpg,medium,0,0.042015302926301956
3fb4f3ac5b257b23040b2c8e2fafc7419e5688788048b20ccb7808698e71fef5,data/datasets/sid-set/candidate-1500/images/real/3fb4f3ac5b257b23040b2c8e2fafc7419e5688788048b20ccb7808698e71fef5.jpg,low,0,0.11555378139019012
3fb83946ea481134318f53fa92c46613fd6476e37d8d619376685c8b83ba4ff2,data/datasets/sid-set/candidate-1500/images/fake/3fb83946ea481134318f53fa92c46613fd6476e37d8d619376685c8b83ba4ff2.png,low,1,0.9897192716598511
3fc7182c486cfaa460311c36560ae046cbc0395da2160327f5ef5935568f399f,data/datasets/sid-set/candidate-1500/images/fake/3fc7182c486cfaa460311c36560ae046cbc0395da2160327f5ef5935568f399f.png,low,1,0.5833643078804016
3fd0c58671c7f76c4ea3eac539ed3371dc3554a72d30c5f6b9e5ea5992fa1438,data/datasets/sid-set/candidate-1500/images/fake/3fd0c58671c7f76c4ea3eac539ed3371dc3554a72d30c5f6b9e5ea5992fa1438.png,low,1,0.9946807026863098
3fdd46e137354cb31443fffe5e29fa5cea9a5700c4bad7470d5c9ccb3574ce39,data/datasets/sid-set/candidate-1500/images/real/3fdd46e137354cb31443fffe5e29fa5cea9a5700c4bad7470d5c9ccb3574ce39.jpg,low,0,0.00027688767295330763
3fdfdc7ec0146aedde1b9e79d33de83bc52dcc9821538b7b0e0206b2e9ec755a,data/datasets/sid-set/candidate-1500/images/real/3fdfdc7ec0146aedde1b9e79d33de83bc52dcc9821538b7b0e0206b2e9ec755a.jpg,low,0,0.08242638409137726
3feeee91e424ea4140b2f6f8a89a83f055f369610e11edf3734adb8ae4547123,data/datasets/openfake/pilot-600/images/fake/3feeee91e424ea4140b2f6f8a89a83f055f369610e11edf3734adb8ae4547123.png,medium,1,0.9892966151237488
406e65d5aa3446fc84575e2d4010cccd865c5cf72d0fb49ad5fe930794251787,data/datasets/openfake/additional-900/images/real/406e65d5aa3446fc84575e2d4010cccd865c5cf72d0fb49ad5fe930794251787.jpg,low,0,0.00020227153436280787
40a815f9343995feb724b4a5b44c00e04dd3a7e4519d6fc27fb883d27ce76299,data/datasets/sid-set/candidate-1500/images/fake/40a815f9343995feb724b4a5b44c00e04dd3a7e4519d6fc27fb883d27ce76299.png,medium,1,0.7723807692527771
40d69f920e8fba6e4d332c30c9953e2216950382471f3592f4111bffb8ed60a1,data/datasets/sid-set/candidate-1500/images/real/40d69f920e8fba6e4d332c30c9953e2216950382471f3592f4111bffb8ed60a1.jpg,low,0,0.4412476718425751
40d750b7e16b3608e7e277ffb400c5388bc8775e7489dc817d756f5c4e3cc21f,data/datasets/sid-set/candidate-1500/images/fake/40d750b7e16b3608e7e277ffb400c5388bc8775e7489dc817d756f5c4e3cc21f.png,medium,1,0.9720242023468018
40e6a57b5a1466bebd89380ee295fe8ea7ab00930de94f983ed00106501f9dbc,data/datasets/sid-set/candidate-1500/images/fake/40e6a57b5a1466bebd89380ee295fe8ea7ab00930de94f983ed00106501f9dbc.png,medium,1,0.9954366087913513
40ef24663e71666361bdcc10e622cc58bc7418f0ff900171eadeb8e4657ae9c7,data/datasets/openfake/pilot-600/images/real/40ef24663e71666361bdcc10e622cc58bc7418f0ff900171eadeb8e4657ae9c7.jpg,medium,0,0.0023083381820470095
40f15738fe7aeca4b0017f0a56e9410268a6868dcfe90ab9e548e1b0cab91513,data/datasets/sid-set/candidate-1500/images/fake/40f15738fe7aeca4b0017f0a56e9410268a6868dcfe90ab9e548e1b0cab91513.png,medium,1,0.970748782157898
410a01960cbeedd82eae13942a50ea90a27f28305ab5760b8b396e621e053cb6,data/datasets/sid-set/candidate-1500/images/fake/410a01960cbeedd82eae13942a50ea90a27f28305ab5760b8b396e621e053cb6.png,medium,1,0.9933213591575623
41153daf55f37ed9667e2c31d9e66c719e1e857fd92021854bea63761b79b402,data/datasets/sid-set/candidate-1500/images/real/41153daf55f37ed9667e2c31d9e66c719e1e857fd92021854bea63761b79b402.jpg,medium,0,0.024986371397972107
4131869931744a8e0addcfcf67e22b5c7272abbd8de5d984877eea5aec4e4ee8,data/datasets/sid-set/candidate-1500/images/fake/4131869931744a8e0addcfcf67e22b5c7272abbd8de5d984877eea5aec4e4ee8.png,medium,1,0.9800161719322205
413cf10b1dd0cf15bf18752eee6949c7baa0e35b1e1ef040e82e86582c795967,data/datasets/sid-set/candidate-1500/images/fake/413cf10b1dd0cf15bf18752eee6949c7baa0e35b1e1ef040e82e86582c795967.png,medium,1,0.955203115940094
4146a09c6775e77558b499134b0d44f1b8237e92932d90b253f384973c138b7d,data/datasets/sid-set/candidate-1500/images/fake/4146a09c6775e77558b499134b0d44f1b8237e92932d90b253f384973c138b7d.png,medium,1,0.8527605533599854
4165cf9084a716e0652d1a095af09267027d4ec1108d8ace7889e6fd6e49a35d,data/datasets/sid-set/candidate-1500/images/fake/4165cf9084a716e0652d1a095af09267027d4ec1108d8ace7889e6fd6e49a35d.png,medium,1,0.29960495233535767
4167a551fc197015b25d188aad40adca4f759a2425255ea8818cfc729c7b705a,data/datasets/sid-set/candidate-1500/images/real/4167a551fc197015b25d188aad40adca4f759a2425255ea8818cfc729c7b705a.jpg,medium,0,0.9340639710426331
4185f09e712dc233297b31173d955095920719c9cc42e57253291fe6b3cca2cc,data/datasets/openfake/pilot-600/images/fake/4185f09e712dc233297b31173d955095920719c9cc42e57253291fe6b3cca2cc.png,medium,1,0.9839216470718384
418f40a4438ca9b9627656071a7896af6ee3de4ac19548239ad0946c3ceecb1c,data/datasets/sid-set/candidate-1500/images/fake/418f40a4438ca9b9627656071a7896af6ee3de4ac19548239ad0946c3ceecb1c.png,medium,1,0.9665626883506775
41b29a54c4f188e5ccc4d22f1407aa0adb017057c86ba17b1ff05001ca3094e2,data/datasets/sid-set/candidate-1500/images/real/41b29a54c4f188e5ccc4d22f1407aa0adb017057c86ba17b1ff05001ca3094e2.jpg,low,0,0.9435960054397583
41d8978c1466df92cf50585a2bf5c299a2bfc4190aa46e120061db394d402f98,data/datasets/sid-set/candidate-1500/images/real/41d8978c1466df92cf50585a2bf5c299a2bfc4190aa46e120061db394d402f98.jpg,medium,0,0.502393901348114
41e3ecf25835bb9d18060df8a1493b59d9f334f021ffccd30c53f6eb3d1ad80b,data/datasets/sid-set/candidate-1500/images/fake/41e3ecf25835bb9d18060df8a1493b59d9f334f021ffccd30c53f6eb3d1ad80b.png,low,1,0.9475840330123901
41e4aa56cf9bf6802221f01d05c1e5774fe6d368c9c28042bdd34bf0c6c9269c,data/datasets/sid-set/candidate-1500/images/fake/41e4aa56cf9bf6802221f01d05c1e5774fe6d368c9c28042bdd34bf0c6c9269c.png,low,1,0.974499523639679
4201ce47b59aa0d0a486614e76f497f11a4a87cc6abccd2fe31e0825546e301f,data/datasets/openfake/additional-900/images/fake/4201ce47b59aa0d0a486614e76f497f11a4a87cc6abccd2fe31e0825546e301f.png,medium,1,0.3235938251018524
4206b2b1ad9357771272805d0e209e1a975111bdd53bebf07139c9adde2f9bdf,data/datasets/sid-set/candidate-1500/images/fake/4206b2b1ad9357771272805d0e209e1a975111bdd53bebf07139c9adde2f9bdf.png,low,1,0.978383481502533
4235575d1e77a4ae1bf21e25d9089b945e82798977c0121392c01364145bfa26,data/datasets/sid-set/candidate-1500/images/real/4235575d1e77a4ae1bf21e25d9089b945e82798977c0121392c01364145bfa26.jpg,low,0,0.11039205640554428
424199a0f1d2f39ce3a263d965ce9bf318c43efd4ebcca6c9e71b233cc278bf3,data/datasets/openfake/pilot-600/images/fake/424199a0f1d2f39ce3a263d965ce9bf318c43efd4ebcca6c9e71b233cc278bf3.png,medium,1,0.9575232863426208
424b3c596299ad1dcba9dfef0a254d2055a6bd866d1fb1ea0a7000785dd9aa4d,data/datasets/sid-set/candidate-1500/images/real/424b3c596299ad1dcba9dfef0a254d2055a6bd866d1fb1ea0a7000785dd9aa4d.jpg,medium,0,0.01354430615901947
4257444908968970fb39a3a578dd765c04ace26efa6da8eb552ba537c21fbec1,data/datasets/sid-set/candidate-1500/images/fake/4257444908968970fb39a3a578dd765c04ace26efa6da8eb552ba537c21fbec1.png,low,1,0.8874768018722534
426c2e9862876b98d255de55fad0fec2f7901a507c2e29de92f1e094faef06d1,data/datasets/sid-set/candidate-1500/images/fake/426c2e9862876b98d255de55fad0fec2f7901a507c2e29de92f1e094faef06d1.png,medium,1,0.8317475914955139
4273c48a13b70f0adc5d682c7c5eb9c53f1a8070bf9811fd5a035fa95c4b162a,data/datasets/sid-set/candidate-1500/images/fake/4273c48a13b70f0adc5d682c7c5eb9c53f1a8070bf9811fd5a035fa95c4b162a.png,medium,1,0.9922383427619934
4287fdb03589b70cd85407dabacd5bf750731ad5f3da6c067fc195e713dd5a9d,data/datasets/openfake/additional-900/images/fake/4287fdb03589b70cd85407dabacd5bf750731ad5f3da6c067fc195e713dd5a9d.png,medium,1,0.6520166993141174
428a1ecd1b542c2890bb7334543e9f8daa6458554da9eb9c35782ba5bd91335b,data/datasets/openfake/additional-900/images/fake/428a1ecd1b542c2890bb7334543e9f8daa6458554da9eb9c35782ba5bd91335b.png,medium,1,0.9583156108856201
428a9d7a92546bc0dd2c38029cf5d4cc9bc54cd5bab03b1815ba7a6c59215a8b,data/datasets/sid-set/candidate-1500/images/real/428a9d7a92546bc0dd2c38029cf5d4cc9bc54cd5bab03b1815ba7a6c59215a8b.jpg,medium,0,0.0024817632511258125
429b40a5698280ddfa0b3a2ef576fed922c3626c4cc8c20473988018a02a9de5,data/datasets/sid-set/candidate-1500/images/real/429b40a5698280ddfa0b3a2ef576fed922c3626c4cc8c20473988018a02a9de5.jpg,low,0,0.9854000210762024
42cd2a96d784190526146334d1c1e5b3993915cc8064529fe7275af9876d0361,data/datasets/openfake/additional-900/images/real/42cd2a96d784190526146334d1c1e5b3993915cc8064529fe7275af9876d0361.jpg,low,0,0.3223860561847687
42e02282a0ee22844baaa107f9ea0ab2439fe2eb651348da1cfbbe6420369ab9,data/datasets/openfake/additional-900/images/fake/42e02282a0ee22844baaa107f9ea0ab2439fe2eb651348da1cfbbe6420369ab9.jpg,low,1,0.637060821056366
433936eda1a98eb2f1ed4f329b116fd5cd91f98cad65c9e16323ad5abfe82617,data/datasets/openfake/pilot-600/images/fake/433936eda1a98eb2f1ed4f329b116fd5cd91f98cad65c9e16323ad5abfe82617.jpg,low,1,0.5649100542068481
4340d33bb8d6b2b0963b7f08e839eb3f58da16889a462229bd4c4037e32da9e9,data/datasets/sid-set/candidate-1500/images/real/4340d33bb8d6b2b0963b7f08e839eb3f58da16889a462229bd4c4037e32da9e9.jpg,low,0,0.8431904911994934
435ee8accb9895472d6b248b4e9902190824cc173ca8f7907a6ce49eb95c1873,data/datasets/openfake/pilot-600/images/fake/435ee8accb9895472d6b248b4e9902190824cc173ca8f7907a6ce49eb95c1873.png,medium,1,0.778703510761261
437f3e2df480b720f1e38fb4d9c459842439e9861ad57ab44d652b7c1778cf13,data/datasets/sid-set/candidate-1500/images/fake/437f3e2df480b720f1e38fb4d9c459842439e9861ad57ab44d652b7c1778cf13.png,low,1,0.8701074123382568
4397b113401b6da75d4890c85e36d0b53ec19ebfe9a62e8eb2f0ca8bf4e4b0b9,data/datasets/sid-set/candidate-1500/images/real/4397b113401b6da75d4890c85e36d0b53ec19ebfe9a62e8eb2f0ca8bf4e4b0b9.jpg,medium,0,0.7792931795120239
439a17e889ce2ee9a6f38f52fb9f839457fe275c681246be2f3dc6f90e019c4c,data/datasets/sid-set/candidate-1500/images/fake/439a17e889ce2ee9a6f38f52fb9f839457fe275c681246be2f3dc6f90e019c4c.png,medium,1,0.9944878220558167
439af5c84c8b8613e612eb662465309bb410e449127b29da97a6d768f0ea342b,data/datasets/openfake/additional-900/images/fake/439af5c84c8b8613e612eb662465309bb410e449127b29da97a6d768f0ea342b.png,low,1,0.9989639520645142
43a7b439ef8fa21744e89c30159e6f897eaf017e3b9a3b84a62351ce888c4b1e,data/datasets/openfake/additional-900/images/real/43a7b439ef8fa21744e89c30159e6f897eaf017e3b9a3b84a62351ce888c4b1e.jpg,medium,0,0.2096758931875229
43b4ce98a44fc0e2ec7d31e84601894c0d8e9e4b52955fa6682fb8cd96cde7cd,data/datasets/sid-set/candidate-1500/images/real/43b4ce98a44fc0e2ec7d31e84601894c0d8e9e4b52955fa6682fb8cd96cde7cd.jpg,low,0,0.42934510111808777
43bec3b587510fe3c73842ad4c306e38805809dccdf2aca383933e9b8890072e,data/datasets/openfake/additional-900/images/fake/43bec3b587510fe3c73842ad4c306e38805809dccdf2aca383933e9b8890072e.png,low,1,0.22955045104026794
43cfed9e3d2ab40c29cf04319bdcb54e80016a2086dca9b0eafc15f42680079a,data/datasets/sid-set/candidate-1500/images/real/43cfed9e3d2ab40c29cf04319bdcb54e80016a2086dca9b0eafc15f42680079a.jpg,medium,0,0.9739406108856201
43d8cce2be906df1dfcf3628ca5d1e0aea40857f064e9a8166779c47d8b0b873,data/datasets/sid-set/candidate-1500/images/real/43d8cce2be906df1dfcf3628ca5d1e0aea40857f064e9a8166779c47d8b0b873.jpg,medium,0,0.18395677208900452
43de6804b6e253bba24e76ec8ee718aa339284c9b42a8d2caaaffa8e154d3545,data/datasets/openfake/additional-900/images/real/43de6804b6e253bba24e76ec8ee718aa339284c9b42a8d2caaaffa8e154d3545.jpg,low,0,0.9808087348937988
43f49a3088e40a9c8f9506723ae5b0a76c68bb49a9cd41395f0a2b81c5a38d1e,data/datasets/sid-set/candidate-1500/images/real/43f49a3088e40a9c8f9506723ae5b0a76c68bb49a9cd41395f0a2b81c5a38d1e.jpg,low,0,3.461685264483094e-05
4418e5afbbabbf76b28362d46143389848e8c40e3b8b6c21b4371bd24a731c13,data/datasets/sid-set/candidate-1500/images/real/4418e5afbbabbf76b28362d46143389848e8c40e3b8b6c21b4371bd24a731c13.jpg,medium,0,0.5385913252830505
44304926e81e388cf345add7e789e59feb26e25be2217dc0b05cd03055340a5c,data/datasets/openfake/additional-900/images/real/44304926e81e388cf345add7e789e59feb26e25be2217dc0b05cd03055340a5c.jpg,medium,0,0.0068686483427882195
4472ea174ac44f4b9ba13c283c2360ea187511bbe379b4a5e1c58f371ef2fe88,data/datasets/openfake/pilot-600/images/real/4472ea174ac44f4b9ba13c283c2360ea187511bbe379b4a5e1c58f371ef2fe88.jpg,medium,0,0.03513766825199127
44d1ae471bb988815ada651cb4766e11ee2ee298ae2ee1c89f94bda6a847fa00,data/datasets/openfake/additional-900/images/real/44d1ae471bb988815ada651cb4766e11ee2ee298ae2ee1c89f94bda6a847fa00.jpg,high,0,0.04392405226826668
44e9c9246c2682caee60c2de2186d9ab444a4bbe50956523120635bc1b3aeb34,data/datasets/openfake/additional-900/images/fake/44e9c9246c2682caee60c2de2186d9ab444a4bbe50956523120635bc1b3aeb34.png,high,1,0.9784917831420898
44f6f72ab117ac83f9d77d8719766b089f315fa364739215aa85d0f3a2cb19a4,data/datasets/sid-set/candidate-1500/images/fake/44f6f72ab117ac83f9d77d8719766b089f315fa364739215aa85d0f3a2cb19a4.png,low,1,0.9237222671508789
4522ede7e8dd2ca56aa866bef2fabc4c40927cffcc9abb2b176b8c63a03a74d3,data/datasets/openfake/additional-900/images/fake/4522ede7e8dd2ca56aa866bef2fabc4c40927cffcc9abb2b176b8c63a03a74d3.png,medium,1,0.8179664015769958
454b847a5870330de2cdaf814f6516356eb04f6e425c8f00322a3cec5a407461,data/datasets/openfake/additional-900/images/fake/454b847a5870330de2cdaf814f6516356eb04f6e425c8f00322a3cec5a407461.jpg,low,1,0.7752334475517273
45535c786a78f574847dac231933b5f80f3007442ccc54f139e36688fecd0e06,data/datasets/sid-set/candidate-1500/images/fake/45535c786a78f574847dac231933b5f80f3007442ccc54f139e36688fecd0e06.png,low,1,0.9942796230316162
455dbfd101ed8f7578e1e6d4a25e4006c24979c2d8c8b929cde7835ee16a0cf9,data/datasets/sid-set/candidate-1500/images/fake/455dbfd101ed8f7578e1e6d4a25e4006c24979c2d8c8b929cde7835ee16a0cf9.png,medium,1,0.9946459531784058
456ce8a65656b6ac7283488a96f14df94ee76ec5d9d496ef46066f38ae527e36,data/datasets/openfake/additional-900/images/fake/456ce8a65656b6ac7283488a96f14df94ee76ec5d9d496ef46066f38ae527e36.png,medium,1,0.47416752576828003
459a05953f07edb82e8836b40a370cb24c5de6a84b8504d424ff164bacbc7f26,data/datasets/openfake/additional-900/images/real/459a05953f07edb82e8836b40a370cb24c5de6a84b8504d424ff164bacbc7f26.jpg,medium,0,0.0022641648538410664
45b2c96cfa998963bdf090de4f67feff094da87786a13be5b17a66030e1fe12b,data/datasets/sid-set/candidate-1500/images/real/45b2c96cfa998963bdf090de4f67feff094da87786a13be5b17a66030e1fe12b.jpg,low,0,0.9179606437683105
45d695342ff282f88aa757731a17bd7ad77a414c5fc3af93b049656c6ff198de,data/datasets/openfake/pilot-600/images/fake/45d695342ff282f88aa757731a17bd7ad77a414c5fc3af93b049656c6ff198de.png,medium,1,0.589597225189209
45d76238d5459c9e77be2eb817b098479e415c7b6ba719843d26dddff110fba2,data/datasets/openfake/additional-900/images/fake/45d76238d5459c9e77be2eb817b098479e415c7b6ba719843d26dddff110fba2.png,low,1,0.7334003448486328
45e218f8835b3588db67a9ff9077c0cd6395ce31ba257096e0519a1a59fe6c06,data/datasets/sid-set/candidate-1500/images/fake/45e218f8835b3588db67a9ff9077c0cd6395ce31ba257096e0519a1a59fe6c06.png,medium,1,0.9935122132301331
4609c56e827d93101d3c599f87c387ca195f712eab07c56f15978cda9aa2333f,data/datasets/sid-set/candidate-1500/images/real/4609c56e827d93101d3c599f87c387ca195f712eab07c56f15978cda9aa2333f.jpg,medium,0,0.9963313937187195
463d956215c4d2e4dcc48adabd78ac3215dee3e393113e78967b05ac74d37be8,data/datasets/openfake/pilot-600/images/fake/463d956215c4d2e4dcc48adabd78ac3215dee3e393113e78967b05ac74d37be8.png,medium,1,0.9812605381011963
465299e3fd07e7622ca21070b218f81887659270ffb2dbdd79520125f141b0cf,data/datasets/openfake/pilot-600/images/fake/465299e3fd07e7622ca21070b218f81887659270ffb2dbdd79520125f141b0cf.png,low,1,0.9470783472061157
466892248af839aa29bca381f410192e78bd53a96fc9725ca03fd75eb2bb5691,data/datasets/sid-set/candidate-1500/images/real/466892248af839aa29bca381f410192e78bd53a96fc9725ca03fd75eb2bb5691.jpg,medium,0,0.32964956760406494
468f397b531c25599986112fff8f7107530e1ea94083ae6ecd8aaeae4fe1c659,data/datasets/sid-set/candidate-1500/images/real/468f397b531c25599986112fff8f7107530e1ea94083ae6ecd8aaeae4fe1c659.jpg,medium,0,0.00042631328688003123
4695936313504537848f94b81d49f822f7bf46131115b0ab0511a8e122f2cc9b,data/datasets/sid-set/candidate-1500/images/real/4695936313504537848f94b81d49f822f7bf46131115b0ab0511a8e122f2cc9b.jpg,low,0,0.9607965350151062
469fa294f56e88fb68b73529b0ef4ae2ceee6238527684a3acf5da8ccd30f47c,data/datasets/openfake/additional-900/images/fake/469fa294f56e88fb68b73529b0ef4ae2ceee6238527684a3acf5da8ccd30f47c.png,medium,1,0.832877516746521
46aa5b92bb78839089629b67908556ce6b2186844184ef5e5cc25be0275b82ae,data/datasets/sid-set/candidate-1500/images/fake/46aa5b92bb78839089629b67908556ce6b2186844184ef5e5cc25be0275b82ae.png,medium,1,0.992340087890625
46aa8e6787989eee74c8d19a17b2f106968374f6155d863815fe5733a0d330ac,data/datasets/sid-set/candidate-1500/images/real/46aa8e6787989eee74c8d19a17b2f106968374f6155d863815fe5733a0d330ac.jpg,low,0,0.0022784736938774586
46c2b0a96536c21e98fc9863f81cbfe0647362388ab0fdf62b82a93a3356cbd5,data/datasets/sid-set/candidate-1500/images/real/46c2b0a96536c21e98fc9863f81cbfe0647362388ab0fdf62b82a93a3356cbd5.jpg,medium,0,0.09288236498832703
46d39e83098490d85af0437a349819a0eadc87faa1289a863312dbb2f72b7c23,data/datasets/sid-set/candidate-1500/images/fake/46d39e83098490d85af0437a349819a0eadc87faa1289a863312dbb2f72b7c23.png,medium,1,0.9507038593292236
46fbb6b983bbe1e5d1817de94d38b4d658492d0aae9400f8cdf82030ef66c123,data/datasets/sid-set/candidate-1500/images/fake/46fbb6b983bbe1e5d1817de94d38b4d658492d0aae9400f8cdf82030ef66c123.png,medium,1,0.8475992679595947
470afb541c53680655c5270fd16135a0f38f87887c43f1cf05860dbd31a32554,data/datasets/sid-set/candidate-1500/images/real/470afb541c53680655c5270fd16135a0f38f87887c43f1cf05860dbd31a32554.jpg,medium,0,0.1349625587463379
4745060cafee2937b9ac9c4cf554c2e024bc8f7c1e9f79d63e66b6fdf53ad149,data/datasets/sid-set/candidate-1500/images/real/4745060cafee2937b9ac9c4cf554c2e024bc8f7c1e9f79d63e66b6fdf53ad149.jpg,medium,0,0.5065730214118958
47504307bd02f18f2267db4a4775514cc3e8380ef11a0cd02d0acdd65727163c,data/datasets/sid-set/candidate-1500/images/fake/47504307bd02f18f2267db4a4775514cc3e8380ef11a0cd02d0acdd65727163c.png,medium,1,0.9801483154296875
479bcadec0e113a237bba009a4202b631d142a52a410d4046f667c0c9d7a5886,data/datasets/openfake/additional-900/images/fake/479bcadec0e113a237bba009a4202b631d142a52a410d4046f667c0c9d7a5886.png,medium,1,0.8420609831809998
47a25c53213dd0730eddfd193561ce0cde7cb424c926986fc44099e231153ca2,data/datasets/sid-set/candidate-1500/images/real/47a25c53213dd0730eddfd193561ce0cde7cb424c926986fc44099e231153ca2.jpg,medium,0,0.5555840730667114
47f49e3dd3e405af51506f567fc47d08b48e7a0dcca64370080f6800e4d61fda,data/datasets/openfake/additional-900/images/fake/47f49e3dd3e405af51506f567fc47d08b48e7a0dcca64370080f6800e4d61fda.png,low,1,0.02448756992816925
47f9c9b2a8f9989a347dad9ee17719d54657e746e4e05f749af4eeac64398f90,data/datasets/openfake/additional-900/images/real/47f9c9b2a8f9989a347dad9ee17719d54657e746e4e05f749af4eeac64398f90.jpg,medium,0,0.015189805068075657
4803f7e88f7bc9b12d4e1ea8a13ea3c3fe17a8c7a3f4de5cd282be6edc33a503,data/datasets/openfake/additional-900/images/real/4803f7e88f7bc9b12d4e1ea8a13ea3c3fe17a8c7a3f4de5cd282be6edc33a503.jpg,medium,0,0.030737008899450302
48121b25827fe6a8a4a889e2e3d8f7b08f32507f723865eada1ebe5162d2a769,data/datasets/sid-set/candidate-1500/images/fake/48121b25827fe6a8a4a889e2e3d8f7b08f32507f723865eada1ebe5162d2a769.png,low,1,0.8509353995323181
48384cc5d7aa2f5dc39dd96e326d283bea6c1e2f525faa4b072800a7efb467e3,data/datasets/openfake/additional-900/images/fake/48384cc5d7aa2f5dc39dd96e326d283bea6c1e2f525faa4b072800a7efb467e3.webp,low,1,0.36975860595703125
486bef56210c32f3dc965e5cb7117ba1afeec61f3908aedf607e7bbfd8d9e9a3,data/datasets/openfake/pilot-600/images/real/486bef56210c32f3dc965e5cb7117ba1afeec61f3908aedf607e7bbfd8d9e9a3.jpg,medium,0,0.014889786019921303
48baf326ee028b000b92936d8abcf15e84ab89a13b882f5bd4476d923e5ec5ae,data/datasets/openfake/additional-900/images/fake/48baf326ee028b000b92936d8abcf15e84ab89a13b882f5bd4476d923e5ec5ae.png,medium,1,0.9312742948532104
48e3828b6edede16ac4c3f7f415d98ed2ec0fa49451ac8271119f8209da482a6,data/datasets/sid-set/candidate-1500/images/real/48e3828b6edede16ac4c3f7f415d98ed2ec0fa49451ac8271119f8209da482a6.jpg,low,0,0.015839532017707825
48e7ebc76990e709db19e990f04471a64e425c37ceb04fe25a12881783997017,data/datasets/sid-set/candidate-1500/images/real/48e7ebc76990e709db19e990f04471a64e425c37ceb04fe25a12881783997017.jpg,low,0,0.1408502757549286
48f89d2ce2ab9e0c21591f9d62f5602687f5c6020baaf397fff7fb4f0d5c443b,data/datasets/sid-set/candidate-1500/images/real/48f89d2ce2ab9e0c21591f9d62f5602687f5c6020baaf397fff7fb4f0d5c443b.jpg,medium,0,0.07905566692352295
490781fc653df043f7150f564b0b16cb838b3de7d2162bf5e118d805d8da7fea,data/datasets/openfake/pilot-600/images/fake/490781fc653df043f7150f564b0b16cb838b3de7d2162bf5e118d805d8da7fea.png,medium,1,0.9099762439727783
49380a144b49f0f59b768de5a10406c3e1349401dfbee418968d0e6057703ebd,data/datasets/sid-set/candidate-1500/images/fake/49380a144b49f0f59b768de5a10406c3e1349401dfbee418968d0e6057703ebd.png,low,1,0.9839010834693909
4939a017439fe2a1a52769f15fabea5fd4a111b98f01e8961fa36bb5625d47fe,data/datasets/sid-set/candidate-1500/images/fake/4939a017439fe2a1a52769f15fabea5fd4a111b98f01e8961fa36bb5625d47fe.png,medium,1,0.6502365469932556
4939e8d6ea3b6d2271b18668401b373c6a991b82b419463cd29f637fdfa2745d,data/datasets/openfake/pilot-600/images/fake/4939e8d6ea3b6d2271b18668401b373c6a991b82b419463cd29f637fdfa2745d.png,medium,1,0.9360785484313965
4939f387d0eb4c567650baa445a3fa3d0c1482e0078c16958ca03db310c0cbdf,data/datasets/sid-set/candidate-1500/images/fake/4939f387d0eb4c567650baa445a3fa3d0c1482e0078c16958ca03db310c0cbdf.png,low,1,0.96494060754776
495f62b411289d1abdf3973c4ce83aa8534d72bd76072f8af75f9f660224aea7,data/datasets/openfake/additional-900/images/fake/495f62b411289d1abdf3973c4ce83aa8534d72bd76072f8af75f9f660224aea7.png,medium,1,0.9908359050750732
496d44cf24c7e64b7780272bab89ea677b5a53cbeefada24d2b0e5e6732a83ee,data/datasets/openfake/additional-900/images/real/496d44cf24c7e64b7780272bab89ea677b5a53cbeefada24d2b0e5e6732a83ee.jpg,medium,0,0.06936018913984299
4973691b125c0d346855d2a769df2405781ecbca495dc428f1162849b22f22a3,data/datasets/openfake/pilot-600/images/real/4973691b125c0d346855d2a769df2405781ecbca495dc428f1162849b22f22a3.jpg,medium,0,0.004307303112000227
4986dcfcb54b3a04837be073ffa37fb68c7dd55bf1b709d871b36efc315fbf51,data/datasets/sid-set/candidate-1500/images/real/4986dcfcb54b3a04837be073ffa37fb68c7dd55bf1b709d871b36efc315fbf51.jpg,low,0,0.1628052294254303
49bf4e4f64baa58f982fc25105923a7b6838b2b796c7b99a3bc8ecc0a5c18a22,data/datasets/sid-set/candidate-1500/images/real/49bf4e4f64baa58f982fc25105923a7b6838b2b796c7b99a3bc8ecc0a5c18a22.jpg,medium,0,0.002690827241167426
49bfa7279c3d32e7a1db762a9aac22cc3ef3378f72e8c39a1db89c4685ca9a79,data/datasets/openfake/pilot-600/images/fake/49bfa7279c3d32e7a1db762a9aac22cc3ef3378f72e8c39a1db89c4685ca9a79.png,medium,1,0.9931017160415649
49d8bfa20b71153f17032767e01651b8a1ac3755e502c165e794a3940a1314b3,data/datasets/sid-set/candidate-1500/images/fake/49d8bfa20b71153f17032767e01651b8a1ac3755e502c165e794a3940a1314b3.png,medium,1,0.9622018933296204
49eed0dca63365128918a899970661b0e147b64254730d2ed4d85fc5b356093e,data/datasets/openfake/pilot-600/images/fake/49eed0dca63365128918a899970661b0e147b64254730d2ed4d85fc5b356093e.png,medium,1,0.793685793876648
4a10fc14f8d8785dcaed7df86a715d4cdf5782f3ecd0e67da1b0541fc2316cfd,data/datasets/openfake/additional-900/images/real/4a10fc14f8d8785dcaed7df86a715d4cdf5782f3ecd0e67da1b0541fc2316cfd.jpg,medium,0,0.017114201560616493
4a5d78223439769570399be6204e0573ef29c23e01ed12ba4a9952d67069ba22,data/datasets/sid-set/candidate-1500/images/fake/4a5d78223439769570399be6204e0573ef29c23e01ed12ba4a9952d67069ba22.png,medium,1,0.9596011638641357
4a6adb1589f8b9e3609a46777d2325c959074a6d6e2f532a8383dd304b14180a,data/datasets/sid-set/candidate-1500/images/real/4a6adb1589f8b9e3609a46777d2325c959074a6d6e2f532a8383dd304b14180a.jpg,medium,0,0.03030521422624588
4a765c28c05a8ee986f2221fc02dde57a05657b25ab3693164b6a309bd816d8d,data/datasets/sid-set/candidate-1500/images/fake/4a765c28c05a8ee986f2221fc02dde57a05657b25ab3693164b6a309bd816d8d.png,medium,1,0.8630809187889099
4a970d0872b966f622500aa3b3a84854ef8f2b48990bb28424a0c6cf85e0e515,data/datasets/sid-set/candidate-1500/images/real/4a970d0872b966f622500aa3b3a84854ef8f2b48990bb28424a0c6cf85e0e515.jpg,low,0,0.005731029901653528
4abcacc017bfce04aed4726653569922a6f30b0b4d2c89969c71dbdd931c7189,data/datasets/sid-set/candidate-1500/images/fake/4abcacc017bfce04aed4726653569922a6f30b0b4d2c89969c71dbdd931c7189.png,medium,1,0.9898645281791687
4ac407d4db2cf9e45507bd81511e86cc7876be378e6efa53f810b6d966772e2b,data/datasets/sid-set/candidate-1500/images/fake/4ac407d4db2cf9e45507bd81511e86cc7876be378e6efa53f810b6d966772e2b.png,medium,1,0.9974930286407471
4ac5aff8ac575d4dcf8423a0e3130ae17d5334d793deeca1a0afa347bf69fb7f,data/datasets/sid-set/candidate-1500/images/fake/4ac5aff8ac575d4dcf8423a0e3130ae17d5334d793deeca1a0afa347bf69fb7f.png,low,1,0.6527540683746338
4ac6ab44e7c934630f7e531f7678a5c91d3bd278b176ec4355ff9826e69e88f4,data/datasets/openfake/pilot-600/images/real/4ac6ab44e7c934630f7e531f7678a5c91d3bd278b176ec4355ff9826e69e88f4.jpg,low,0,0.3586086630821228
4aec263de4c723d0816290080a21c231a7b83a23273123e0690cb598c927c564,data/datasets/sid-set/candidate-1500/images/fake/4aec263de4c723d0816290080a21c231a7b83a23273123e0690cb598c927c564.png,low,1,0.9138180017471313
4af66822abbdf36f464235867b1451427041363201aedee22d2e123c1d00f205,data/datasets/openfake/pilot-600/images/fake/4af66822abbdf36f464235867b1451427041363201aedee22d2e123c1d00f205.png,medium,1,0.9956951141357422
4afd8beaebed4d4224790303da497a44e00eb922463b0ff42d4180ef1d1da4ef,data/datasets/sid-set/candidate-1500/images/real/4afd8beaebed4d4224790303da497a44e00eb922463b0ff42d4180ef1d1da4ef.jpg,medium,0,0.4718608558177948
4b016e64a421d12b31a4db1512e67280bceb03f9e2ce69d18ac6d254b75929f2,data/datasets/sid-set/candidate-1500/images/fake/4b016e64a421d12b31a4db1512e67280bceb03f9e2ce69d18ac6d254b75929f2.png,low,1,0.9951934218406677
4b02ca5c117c532f9e4fd0ec487d366aa25999ae7f68e757d4f047ea56d3066d,data/datasets/openfake/additional-900/images/fake/4b02ca5c117c532f9e4fd0ec487d366aa25999ae7f68e757d4f047ea56d3066d.png,low,1,0.9903776049613953
4b182e261ef7c70c3f4be4a5bff9dba360f72153b0796b2ebf89ee8bddc62212,data/datasets/sid-set/candidate-1500/images/fake/4b182e261ef7c70c3f4be4a5bff9dba360f72153b0796b2ebf89ee8bddc62212.png,medium,1,0.9517815113067627
4b463814d4ef9592cc0d7b5dd1932f03529158b872ec8f8e840a11d7ec037bc2,data/datasets/openfake/additional-900/images/fake/4b463814d4ef9592cc0d7b5dd1932f03529158b872ec8f8e840a11d7ec037bc2.png,medium,1,0.8183292746543884
4b57ac10add5de22fe235baef3ba95832a153bc4f667b56bd2a0fdcec825911e,data/datasets/openfake/pilot-600/images/real/4b57ac10add5de22fe235baef3ba95832a153bc4f667b56bd2a0fdcec825911e.jpg,medium,0,0.44397592544555664
4b684bea40aeed911d404714784204a81f1def1c5d2adc7be8f60a92be6fee59,data/datasets/sid-set/candidate-1500/images/fake/4b684bea40aeed911d404714784204a81f1def1c5d2adc7be8f60a92be6fee59.png,low,1,0.9971972703933716
4b698946e0e311e3846dae36932f92fb6020fe55a6b5b01b6000472ea791b2e5,data/datasets/openfake/pilot-600/images/fake/4b698946e0e311e3846dae36932f92fb6020fe55a6b5b01b6000472ea791b2e5.png,low,1,0.9711769819259644
4b80df1bd7d0b59e89108c3de34c41b481798b7dab52c83e2ec1def86a8d9bff,data/datasets/openfake/pilot-600/images/fake/4b80df1bd7d0b59e89108c3de34c41b481798b7dab52c83e2ec1def86a8d9bff.png,medium,1,0.6980685591697693
4ba7331b6b838a868b885ea4c6683ea18c2cde380c0bac1cf8028a409e97d23a,data/datasets/openfake/additional-900/images/fake/4ba7331b6b838a868b885ea4c6683ea18c2cde380c0bac1cf8028a409e97d23a.png,medium,1,0.9973968267440796
4bb9dda873026626ee413c4c795f9424fcd56025bbcd61eb6771a6b0a9878156,data/datasets/openfake/additional-900/images/fake/4bb9dda873026626ee413c4c795f9424fcd56025bbcd61eb6771a6b0a9878156.jpg,low,1,0.9379163980484009
4bbc18e9e79c6d0bdb761c547e18341592379e1c696a2fcfab2534cf4097d4c3,data/datasets/openfake/pilot-600/images/fake/4bbc18e9e79c6d0bdb761c547e18341592379e1c696a2fcfab2534cf4097d4c3.png,medium,1,0.9813387393951416
4be03b0f1b6da05197314fe0f47586bf43d6dbec7153038767dde96318e62595,data/datasets/openfake/additional-900/images/fake/4be03b0f1b6da05197314fe0f47586bf43d6dbec7153038767dde96318e62595.png,medium,1,0.7898139357566833
4be0a3e6de13da8bbf735935a6a76f252f0a5f316fb92f720b884575162b192c,data/datasets/openfake/pilot-600/images/fake/4be0a3e6de13da8bbf735935a6a76f252f0a5f316fb92f720b884575162b192c.png,medium,1,0.34911563992500305
4c382db23d391f84020421fa50d674659307c69fdab71af5ef348f3ca147eb8b,data/datasets/sid-set/candidate-1500/images/real/4c382db23d391f84020421fa50d674659307c69fdab71af5ef348f3ca147eb8b.jpg,medium,0,0.01317248959094286
4c611beec246562e4797340761b1f6ce3443ffc94160da408b02d0ee6e65bd00,data/datasets/sid-set/candidate-1500/images/fake/4c611beec246562e4797340761b1f6ce3443ffc94160da408b02d0ee6e65bd00.png,low,1,0.9974368810653687
4c6d93bf5f4e799fb4e9b2f1fdb07356e6787f993c986783e0e111a90bad4928,data/datasets/sid-set/candidate-1500/images/fake/4c6d93bf5f4e799fb4e9b2f1fdb07356e6787f993c986783e0e111a90bad4928.png,medium,1,0.9846238493919373
4c72a880038c6e9c0a03286284fc669a7696e09ff49fb7e6653c9ad822f7b0b8,data/datasets/openfake/pilot-600/images/real/4c72a880038c6e9c0a03286284fc669a7696e09ff49fb7e6653c9ad822f7b0b8.jpg,medium,0,0.46475666761398315
4c819829b501601c7884178cbabe6c0688fb0ae5c2a912d43878b05ec94cccd2,data/datasets/sid-set/candidate-1500/images/fake/4c819829b501601c7884178cbabe6c0688fb0ae5c2a912d43878b05ec94cccd2.png,low,1,0.9611160159111023
4c8c368518e267b9f6c62619ae5fbfea9f40572dbe557bec70235be228583cbc,data/datasets/openfake/additional-900/images/real/4c8c368518e267b9f6c62619ae5fbfea9f40572dbe557bec70235be228583cbc.jpg,low,0,0.17271022498607635
4c940ae5a629c93c32344264cec793bc23f3f91d0358be0fc598416b63026507,data/datasets/openfake/additional-900/images/fake/4c940ae5a629c93c32344264cec793bc23f3f91d0358be0fc598416b63026507.png,medium,1,0.7887495756149292
4cafb42cea8bf121d52a162036b42d4863fb6c13b38a42e2e7f74e92ad85f5e4,data/datasets/openfake/pilot-600/images/real/4cafb42cea8bf121d52a162036b42d4863fb6c13b38a42e2e7f74e92ad85f5e4.jpg,low,0,0.030601007863879204
4cb61c62d80e382c47e40c22923366ff0f55fbe746fa36d54561647a72cadc6c,data/datasets/openfake/additional-900/images/real/4cb61c62d80e382c47e40c22923366ff0f55fbe746fa36d54561647a72cadc6c.jpg,medium,0,7.727859156148043e-06
4cc07a988c5437018018c577e02026aa0ec773967aa7b0876f747618c32b4658,data/datasets/openfake/pilot-600/images/real/4cc07a988c5437018018c577e02026aa0ec773967aa7b0876f747618c32b4658.jpg,medium,0,0.021727662533521652
4cddd5771d5186c2fe45768178a29b86003ab4b5606ec132b7d19bdb8bffe2d7,data/datasets/openfake/additional-900/images/fake/4cddd5771d5186c2fe45768178a29b86003ab4b5606ec132b7d19bdb8bffe2d7.jpg,low,1,0.6224039196968079
4ce5fe8692e303ef108d7f3d01c6880db5397e3229ada484ea732a354756f883,data/datasets/sid-set/candidate-1500/images/real/4ce5fe8692e303ef108d7f3d01c6880db5397e3229ada484ea732a354756f883.jpg,low,0,0.9947629570960999
4ce6947946bb9b28a3e511db91f9e7efd8a7773ec77af612e1d30909294e6b40,data/datasets/sid-set/candidate-1500/images/real/4ce6947946bb9b28a3e511db91f9e7efd8a7773ec77af612e1d30909294e6b40.jpg,medium,0,0.5531988143920898
4d33d291b4094571623f839d1e6237a493ca78b8e1808386a6779b1401c5ee5e,data/datasets/openfake/additional-900/images/fake/4d33d291b4094571623f839d1e6237a493ca78b8e1808386a6779b1401c5ee5e.png,medium,1,0.7860159277915955
4d346d2bd7542efc9e2c2384a8d2255fd76ea23706a03859bff81113b3cbd374,data/datasets/sid-set/candidate-1500/images/real/4d346d2bd7542efc9e2c2384a8d2255fd76ea23706a03859bff81113b3cbd374.jpg,low,0,0.9851593375205994
4d4cd2bb88de63931a32d0e6aba257d84effff01bf0112276975ca7207453252,data/datasets/sid-set/candidate-1500/images/real/4d4cd2bb88de63931a32d0e6aba257d84effff01bf0112276975ca7207453252.jpg,low,0,0.8554192185401917
4d7b2f49b2ec61683115776755d52fffad284731623d35a8e249687770e7d82d,data/datasets/sid-set/candidate-1500/images/real/4d7b2f49b2ec61683115776755d52fffad284731623d35a8e249687770e7d82d.jpg,low,0,0.17072702944278717
4d8bebf58ce5cbe71095e04e030b529dc639fce0ed1894df273d6ec8415779f9,data/datasets/sid-set/candidate-1500/images/fake/4d8bebf58ce5cbe71095e04e030b529dc639fce0ed1894df273d6ec8415779f9.png,medium,1,0.8980879187583923
4de3d99cbfa7a20cbf9db941faf22eee49e65723f0ad37d63f3b2bf455797699,data/datasets/sid-set/candidate-1500/images/fake/4de3d99cbfa7a20cbf9db941faf22eee49e65723f0ad37d63f3b2bf455797699.png,low,1,0.9822313189506531
4e0988bef6f72725b7cc8bc855aabb62c1cb0a971796e4fb984562f6675fb657,data/datasets/sid-set/candidate-1500/images/fake/4e0988bef6f72725b7cc8bc855aabb62c1cb0a971796e4fb984562f6675fb657.png,low,1,0.9823854565620422
4e43dfbfb7910a73a1b0f66b78f3344bdce91528492954ae21d71af697480f39,data/datasets/sid-set/candidate-1500/images/real/4e43dfbfb7910a73a1b0f66b78f3344bdce91528492954ae21d71af697480f39.jpg,low,0,0.016207585111260414
4e57edcd4e7dadd56525dd1e607af22822b809cad0ca981779479e561e76f355,data/datasets/sid-set/candidate-1500/images/real/4e57edcd4e7dadd56525dd1e607af22822b809cad0ca981779479e561e76f355.jpg,medium,0,0.0001521838566986844
4e5e796c28a3b22e3326b42503dbcc52dc2d8a059197ca0ce2d47ee38e3c4090,data/datasets/openfake/pilot-600/images/fake/4e5e796c28a3b22e3326b42503dbcc52dc2d8a059197ca0ce2d47ee38e3c4090.png,medium,1,0.4832485318183899
4e6fa6697824deaaba825141ae262d9731f6034ebffd484661962db72eb6a836,data/datasets/sid-set/candidate-1500/images/fake/4e6fa6697824deaaba825141ae262d9731f6034ebffd484661962db72eb6a836.png,low,1,0.9279079437255859
4e834f6804dae3220488acfd58dea1c87fd39361883d9d19e89a1f4d83471d3e,data/datasets/openfake/additional-900/images/real/4e834f6804dae3220488acfd58dea1c87fd39361883d9d19e89a1f4d83471d3e.jpg,medium,0,0.00024916836991906166
4e9ab0fbf799a985bf1b92557a3219f36e33a5c1d79aadb8808990f04ed7d382,data/datasets/openfake/pilot-600/images/fake/4e9ab0fbf799a985bf1b92557a3219f36e33a5c1d79aadb8808990f04ed7d382.png,medium,1,0.9471312761306763
4eaa42fe3a8cd756b514e972c213ee7f06e7c363d17c4240f8f6743d993c76c7,data/datasets/openfake/additional-900/images/fake/4eaa42fe3a8cd756b514e972c213ee7f06e7c363d17c4240f8f6743d993c76c7.jpg,medium,1,0.9153763651847839
4ecaaa7fdab39708ddc407cc74c3da73dcd2a6375e060bd171ea0ff59e31b6f0,data/datasets/sid-set/candidate-1500/images/real/4ecaaa7fdab39708ddc407cc74c3da73dcd2a6375e060bd171ea0ff59e31b6f0.jpg,medium,0,0.14213916659355164
4ee3877a5ed71311aff8a457db513d1ae611ba9d820f5299d448920b6693b07d,data/datasets/openfake/additional-900/images/real/4ee3877a5ed71311aff8a457db513d1ae611ba9d820f5299d448920b6693b07d.jpg,medium,0,0.0007700399728491902
4f1460acc42dd74b522a6c341bcf9318a6f5af5d066d2eb51513ef50564ea992,data/datasets/openfake/pilot-600/images/fake/4f1460acc42dd74b522a6c341bcf9318a6f5af5d066d2eb51513ef50564ea992.png,low,1,0.5017410516738892
4f1e971d79406d5bb22f91226913baeb27403b9e2908092cc606463d356b4229,data/datasets/openfake/additional-900/images/fake/4f1e971d79406d5bb22f91226913baeb27403b9e2908092cc606463d356b4229.png,medium,1,0.9575401544570923
4f23d8869144a535c2834e28d21a141924e80a9de86162d7a4c3400a2a5e8d75,data/datasets/openfake/pilot-600/images/real/4f23d8869144a535c2834e28d21a141924e80a9de86162d7a4c3400a2a5e8d75.jpg,medium,0,0.05507204681634903
4f467d6cae43e08cf690f53f044a6fd357fb26e6c216a7e37dc513d6a001a0e9,data/datasets/openfake/additional-900/images/fake/4f467d6cae43e08cf690f53f044a6fd357fb26e6c216a7e37dc513d6a001a0e9.png,medium,1,0.916869044303894
4f4d77fa08b3bd3046996560aa99fe1c641edbdaf3916079f4d10db696cf1451,data/datasets/openfake/pilot-600/images/fake/4f4d77fa08b3bd3046996560aa99fe1c641edbdaf3916079f4d10db696cf1451.png,low,1,0.999872088432312
4f5f23b760d5e22fc303e27eceb6f3bffa54cff941afe6a1368f478291a5ffaf,data/datasets/sid-set/candidate-1500/images/fake/4f5f23b760d5e22fc303e27eceb6f3bffa54cff941afe6a1368f478291a5ffaf.png,low,1,0.862767219543457
4f67ccc024747ba1f09452e310a48dc946f06512c4447c640c56ed2925efde60,data/datasets/sid-set/candidate-1500/images/real/4f67ccc024747ba1f09452e310a48dc946f06512c4447c640c56ed2925efde60.jpg,low,0,0.9605704545974731
4f7b8a77ef2db45045916fc8e82d29f7364f1feb5273dfb36910e29f6da3bba7,data/datasets/sid-set/candidate-1500/images/real/4f7b8a77ef2db45045916fc8e82d29f7364f1feb5273dfb36910e29f6da3bba7.jpg,medium,0,0.5090473294258118
4f82b801e264b8e37a2f01cd76f10366a7eb82420196e28c69f875885072cc0f,data/datasets/sid-set/candidate-1500/images/fake/4f82b801e264b8e37a2f01cd76f10366a7eb82420196e28c69f875885072cc0f.png,medium,1,0.8197992444038391
4f928cdfcc8e18724628b283d2b19a588df526248e33f4d59e266fd3e811bdc1,data/datasets/openfake/pilot-600/images/fake/4f928cdfcc8e18724628b283d2b19a588df526248e33f4d59e266fd3e811bdc1.png,medium,1,0.9799505472183228
4fad66fae2f320b99c4092f4f5158e6e27a334c8bc6732682e1ad84a5a31d45b,data/datasets/openfake/additional-900/images/fake/4fad66fae2f320b99c4092f4f5158e6e27a334c8bc6732682e1ad84a5a31d45b.png,low,1,0.451728492975235
4fb30a82b184c99194299bc733451e0f1db88c1c7205506532ef002866d56cb2,data/datasets/openfake/additional-900/images/fake/4fb30a82b184c99194299bc733451e0f1db88c1c7205506532ef002866d56cb2.png,medium,1,0.09161047637462616
4fb4d69abc625e5811837d7ecb45b095e7228c72a89ab009e69d9021ab81aa24,data/datasets/openfake/pilot-600/images/fake/4fb4d69abc625e5811837d7ecb45b095e7228c72a89ab009e69d9021ab81aa24.png,medium,1,0.993477463722229
4fe2539ff09bff7287bf2e32ab51529dc696e03350a55676370ce82d2abacb9c,data/datasets/sid-set/candidate-1500/images/real/4fe2539ff09bff7287bf2e32ab51529dc696e03350a55676370ce82d2abacb9c.jpg,low,0,0.6344674825668335
502df633c3fc349e17eeb0cdcb1ede384c56bee930402dd1fd7e5d050aebfece,data/datasets/sid-set/candidate-1500/images/real/502df633c3fc349e17eeb0cdcb1ede384c56bee930402dd1fd7e5d050aebfece.jpg,low,0,0.5191563367843628
50320b95a2fd247b0ca876c609c3294e470da2e5a80cd657b8c6696cec998016,data/datasets/openfake/pilot-600/images/fake/50320b95a2fd247b0ca876c609c3294e470da2e5a80cd657b8c6696cec998016.png,low,1,0.7302247881889343
5083277655cacd203853b2af948a7b6f90faa190df5677b6b7872288132abf9e,data/datasets/sid-set/candidate-1500/images/real/5083277655cacd203853b2af948a7b6f90faa190df5677b6b7872288132abf9e.jpg,low,0,0.16879776120185852
508b6657c330e98ea2c05eab15e8aa4b9fff36ef313abf6e8d906e0ee3120c49,data/datasets/openfake/additional-900/images/fake/508b6657c330e98ea2c05eab15e8aa4b9fff36ef313abf6e8d906e0ee3120c49.png,low,1,0.6590017080307007
50a034f192d6a573b5b2293b6f8ab1615c83ad5cd10772f9985a41916758e958,data/datasets/openfake/additional-900/images/fake/50a034f192d6a573b5b2293b6f8ab1615c83ad5cd10772f9985a41916758e958.png,low,1,0.9482259750366211
50a1a7e2d04ccdb22c4bc36bde4a80d9b770889bf024bac8585814c846dd1d58,data/datasets/openfake/pilot-600/images/real/50a1a7e2d04ccdb22c4bc36bde4a80d9b770889bf024bac8585814c846dd1d58.jpg,medium,0,0.21681566536426544
50b32758ea17cf2e2ec4c5ef9e01885db302a46dc7d93a671cc55d3ca08a3609,data/datasets/sid-set/candidate-1500/images/real/50b32758ea17cf2e2ec4c5ef9e01885db302a46dc7d93a671cc55d3ca08a3609.jpg,low,0,0.44906365871429443
50cd4789c22fa8d32d6db2946632af1ef31216b0d010f8a0b9af1bc33bf6f096,data/datasets/openfake/additional-900/images/real/50cd4789c22fa8d32d6db2946632af1ef31216b0d010f8a0b9af1bc33bf6f096.jpg,low,0,0.00014646143245045096
510676466d0c8a59a8335b58595b26373fc39d6770107eb0374d6590de6fe0dc,data/datasets/sid-set/candidate-1500/images/fake/510676466d0c8a59a8335b58595b26373fc39d6770107eb0374d6590de6fe0dc.png,low,1,0.9979404807090759
51124bf8da03ecf6ba29e7a6faa6316df4654c2ff21253fbc228aa9c18a51ae1,data/datasets/openfake/additional-900/images/fake/51124bf8da03ecf6ba29e7a6faa6316df4654c2ff21253fbc228aa9c18a51ae1.png,medium,1,0.9836957454681396
514314dbe520b48d3ae46eddbd9b43205c535f14c626742ed99d626bbc9b3cc0,data/datasets/sid-set/candidate-1500/images/real/514314dbe520b48d3ae46eddbd9b43205c535f14c626742ed99d626bbc9b3cc0.jpg,medium,0,0.7005782723426819
5144e7728f4f564e82575922eac009f480996f4fce638cf14504f4f55d253353,data/datasets/sid-set/candidate-1500/images/real/5144e7728f4f564e82575922eac009f480996f4fce638cf14504f4f55d253353.jpg,medium,0,0.9303077459335327
518140655b54180bf07d447e944b554feb08752e882071f39021f87484d95165,data/datasets/openfake/pilot-600/images/real/518140655b54180bf07d447e944b554feb08752e882071f39021f87484d95165.jpg,medium,0,0.4609054923057556
518c1f93709f44b66cf5b198884e17019d01917938b77e0c6ea48c0e226efc17,data/datasets/openfake/additional-900/images/fake/518c1f93709f44b66cf5b198884e17019d01917938b77e0c6ea48c0e226efc17.png,low,1,0.9939549565315247
5198231bbccb3f3fea22fca0e3e4fbb4aab9de0e749fc409b9a41fb7153e0adb,data/datasets/sid-set/candidate-1500/images/fake/5198231bbccb3f3fea22fca0e3e4fbb4aab9de0e749fc409b9a41fb7153e0adb.png,medium,1,0.989669144153595
519eedb72139e3a1fddec74c3e2bd99fd80e90df24524f9a484f5fd1a939ca74,data/datasets/sid-set/candidate-1500/images/real/519eedb72139e3a1fddec74c3e2bd99fd80e90df24524f9a484f5fd1a939ca74.jpg,low,0,0.07078087329864502
51aff7a224e4bb8f96f3463b69bfd8126f1b4a07a4094ca8dfef59a33a2204ac,data/datasets/openfake/pilot-600/images/fake/51aff7a224e4bb8f96f3463b69bfd8126f1b4a07a4094ca8dfef59a33a2204ac.png,low,1,0.7036128044128418
51bd4d558939415e61f852baaa0ff8630d9d7c2854ab4634ced94807b045166c,data/datasets/openfake/pilot-600/images/real/51bd4d558939415e61f852baaa0ff8630d9d7c2854ab4634ced94807b045166c.jpg,medium,0,0.0006732867914251983
51d1e825290902dc7a45065250ed454816059fad92fff5cbc530fd8aeec6ba33,data/datasets/sid-set/candidate-1500/images/fake/51d1e825290902dc7a45065250ed454816059fad92fff5cbc530fd8aeec6ba33.png,low,1,0.9700171947479248
51e127ff27783e703771bdef616cc59317a0171234ff1307d7c0b3a493d39d17,data/datasets/openfake/pilot-600/images/fake/51e127ff27783e703771bdef616cc59317a0171234ff1307d7c0b3a493d39d17.png,low,1,0.09286095947027206
51fe05f90ff6d0769e0f78b7fe29857b715059e3acd8d3d74c2403181927bef1,data/datasets/openfake/additional-900/images/real/51fe05f90ff6d0769e0f78b7fe29857b715059e3acd8d3d74c2403181927bef1.jpg,high,0,0.6532922387123108
52057df9a0dcff27c49b6c46ca76cc7fd5438b95fab446f7fb423ddfc9dded2c,data/datasets/sid-set/candidate-1500/images/fake/52057df9a0dcff27c49b6c46ca76cc7fd5438b95fab446f7fb423ddfc9dded2c.png,low,1,0.9825226068496704
5205ddf23881c553c106da4ef1cb91c96a8320515d872fbd525af840dcfd4025,data/datasets/sid-set/candidate-1500/images/fake/5205ddf23881c553c106da4ef1cb91c96a8320515d872fbd525af840dcfd4025.png,low,1,0.9847874045372009
52099a21a436703183b860b7ec9ead39456e35fda6d82ae8630879a3e1f115b9,data/datasets/sid-set/candidate-1500/images/real/52099a21a436703183b860b7ec9ead39456e35fda6d82ae8630879a3e1f115b9.jpg,low,0,0.00840741116553545
520cb9c9266f0e34ac89426d97125df4a536987ceca1a6e1815c6626c03d1733,data/datasets/sid-set/candidate-1500/images/fake/520cb9c9266f0e34ac89426d97125df4a536987ceca1a6e1815c6626c03d1733.png,low,1,0.8967812061309814
523a7bfe085df05b414627b2e6596acfa628862fc6925a652cbfce70d99e764a,data/datasets/openfake/additional-900/images/fake/523a7bfe085df05b414627b2e6596acfa628862fc6925a652cbfce70d99e764a.png,medium,1,0.777212917804718
523c8668e8a7053bf1c23bb26f27418e60f5447d5052810ef521d4abd44c0174,data/datasets/openfake/additional-900/images/real/523c8668e8a7053bf1c23bb26f27418e60f5447d5052810ef521d4abd44c0174.jpg,medium,0,0.6719602346420288
525d2ebf5fbd42a02d0dea8d2cc6e0e621a0aab5fdac87daa3d3533be8499547,data/datasets/sid-set/candidate-1500/images/real/525d2ebf5fbd42a02d0dea8d2cc6e0e621a0aab5fdac87daa3d3533be8499547.jpg,medium,0,0.10372330993413925
5268fc996e656c31b01d65f96f05954584e5ee9ccaa526c47a639968df0a6e40,data/datasets/openfake/pilot-600/images/real/5268fc996e656c31b01d65f96f05954584e5ee9ccaa526c47a639968df0a6e40.jpg,medium,0,0.114085853099823
526ac60fe7c463160267100e6bd9bbef79b833e3a03ed4812c536e4a5f56d38d,data/datasets/openfake/pilot-600/images/fake/526ac60fe7c463160267100e6bd9bbef79b833e3a03ed4812c536e4a5f56d38d.png,medium,1,0.9906055331230164
52795be0b32de643a566d426c7857bae6a5be58f88cd9f30c4a05b4a6808fc9c,data/datasets/sid-set/candidate-1500/images/real/52795be0b32de643a566d426c7857bae6a5be58f88cd9f30c4a05b4a6808fc9c.jpg,high,0,0.5894739031791687
52974c179cd77ae5cbf40099bd02c04f300de64b85a5ebd2777529e6db9aeac8,data/datasets/openfake/additional-900/images/fake/52974c179cd77ae5cbf40099bd02c04f300de64b85a5ebd2777529e6db9aeac8.png,low,1,0.9964556694030762
529a3a2c3c4f203fb9e0545be478f43255bc784e504e7fe89589439f5ab270af,data/datasets/openfake/additional-900/images/fake/529a3a2c3c4f203fb9e0545be478f43255bc784e504e7fe89589439f5ab270af.png,low,1,0.9507666826248169
529ee0d4242aa24a8725aacef8485cb3d32063f08c659ae050697cad3b72763b,data/datasets/openfake/pilot-600/images/real/529ee0d4242aa24a8725aacef8485cb3d32063f08c659ae050697cad3b72763b.jpg,medium,0,0.022458037361502647
529ee0e68c64a9dcccfd8b89448845884824e7f773ceea0fb614821c7815a262,data/datasets/openfake/additional-900/images/fake/529ee0e68c64a9dcccfd8b89448845884824e7f773ceea0fb614821c7815a262.png,low,1,0.9824077486991882
52cef850f89e8da607ee0daf8647ea786b6fb0ee42695bafc66e42f494cdb30c,data/datasets/sid-set/candidate-1500/images/fake/52cef850f89e8da607ee0daf8647ea786b6fb0ee42695bafc66e42f494cdb30c.png,low,1,0.976894736289978
52e7d3dfd3010bc8ad92834760c443ae58faf8042119c265d11fdd0196109e5c,data/datasets/openfake/pilot-600/images/real/52e7d3dfd3010bc8ad92834760c443ae58faf8042119c265d11fdd0196109e5c.jpg,medium,0,0.00024400587426498532
52fae2b4c4f07411ffeb08e24bffa2c5aff57bf0e7472dc727da7c55f7a3fc57,data/datasets/openfake/pilot-600/images/fake/52fae2b4c4f07411ffeb08e24bffa2c5aff57bf0e7472dc727da7c55f7a3fc57.png,medium,1,0.5782375931739807
534b0fefaae5bb446696dd37acd8814b03f1fe6fb5fb75b9c5c10f9204c204e1,data/datasets/sid-set/candidate-1500/images/fake/534b0fefaae5bb446696dd37acd8814b03f1fe6fb5fb75b9c5c10f9204c204e1.png,low,1,0.8478207588195801
534b8c403c5b8a55a2b2be1d4fb04dd1a74d39bf1f8dcf8dbe2dd4ad375d9d95,data/datasets/sid-set/candidate-1500/images/real/534b8c403c5b8a55a2b2be1d4fb04dd1a74d39bf1f8dcf8dbe2dd4ad375d9d95.jpg,medium,0,0.988997757434845
536fe23fd219f35c818b46e399bba10941db769c026dd8fb6f94dcc4d1324d7f,data/datasets/sid-set/candidate-1500/images/real/536fe23fd219f35c818b46e399bba10941db769c026dd8fb6f94dcc4d1324d7f.jpg,medium,0,0.12532448768615723
538680eba07a3cd07413398b874ac2e3c7f91a9deb29a19447a8160c773d78b0,data/datasets/sid-set/candidate-1500/images/fake/538680eba07a3cd07413398b874ac2e3c7f91a9deb29a19447a8160c773d78b0.png,medium,1,0.9769371747970581
53bd451f9936af70981561e90a32736e9cb30bd592e02ed0cb21def6134f7604,data/datasets/openfake/pilot-600/images/fake/53bd451f9936af70981561e90a32736e9cb30bd592e02ed0cb21def6134f7604.png,medium,1,0.8459948301315308
53e303e2ffec0bbe10bb9995a0b9b1e95dad6ccc155671ff72624285fdce8cb1,data/datasets/sid-set/candidate-1500/images/fake/53e303e2ffec0bbe10bb9995a0b9b1e95dad6ccc155671ff72624285fdce8cb1.png,medium,1,0.997313916683197
53f2cf7b1500173c2b9e7c51c237c3ac17e847efbd7d2ba6f9d3a0de0f19269e,data/datasets/sid-set/candidate-1500/images/real/53f2cf7b1500173c2b9e7c51c237c3ac17e847efbd7d2ba6f9d3a0de0f19269e.jpg,low,0,0.038637321442365646
53f37f7e59acb0ef712a2d48fb159d234880086ddeb82b3f309afdf15f9743f8,data/datasets/sid-set/candidate-1500/images/fake/53f37f7e59acb0ef712a2d48fb159d234880086ddeb82b3f309afdf15f9743f8.png,medium,1,0.9921016097068787
54283907be65bc971df39a7671edfd38acb6eca65a3c2e4bcc7fc2bca78b1d81,data/datasets/openfake/pilot-600/images/real/54283907be65bc971df39a7671edfd38acb6eca65a3c2e4bcc7fc2bca78b1d81.jpg,medium,0,0.34115803241729736
54460b59a59a6db6c401ebe14446b811b9fccde311f4544d05b6428be9a14306,data/datasets/openfake/pilot-600/images/fake/54460b59a59a6db6c401ebe14446b811b9fccde311f4544d05b6428be9a14306.webp,medium,1,0.8717025518417358
545cbc951c31a08766fdf010a7cc199b8b237302837c64ca01a659ca3701f54d,data/datasets/sid-set/candidate-1500/images/real/545cbc951c31a08766fdf010a7cc199b8b237302837c64ca01a659ca3701f54d.jpg,medium,0,0.9058813452720642
5463ee1163a0715d19106aa0972f356b03e4da9d5f40bb6dde0cb8925566582c,data/datasets/sid-set/candidate-1500/images/fake/5463ee1163a0715d19106aa0972f356b03e4da9d5f40bb6dde0cb8925566582c.png,medium,1,0.9960950016975403
5478623763bc92a58ee63a60df702325c86f2537b89803308bffda23af903c33,data/datasets/openfake/additional-900/images/real/5478623763bc92a58ee63a60df702325c86f2537b89803308bffda23af903c33.jpg,medium,0,0.020580703392624855
5492e2a67dc32dbe282da8b02a1b91163a1599a6027bcdabd70c6a1f579efa25,data/datasets/openfake/additional-900/images/real/5492e2a67dc32dbe282da8b02a1b91163a1599a6027bcdabd70c6a1f579efa25.jpg,medium,0,0.15026143193244934
549a6d5b71420fd0adce8c7a7df4adc619f28dabbb4599c18c31c8c9adfef1b1,data/datasets/sid-set/candidate-1500/images/real/549a6d5b71420fd0adce8c7a7df4adc619f28dabbb4599c18c31c8c9adfef1b1.jpg,medium,0,0.4134499728679657
54bf97a9a271e35cf3ede9973fbf5d49837eade2a5fa6f75752be23a489fb05b,data/datasets/openfake/additional-900/images/real/54bf97a9a271e35cf3ede9973fbf5d49837eade2a5fa6f75752be23a489fb05b.jpg,low,0,0.0031428076326847076
5504e3ffc491cf064add22fdc3faed0d8fbf2923197f8130213046dca62931a4,data/datasets/sid-set/candidate-1500/images/real/5504e3ffc491cf064add22fdc3faed0d8fbf2923197f8130213046dca62931a4.jpg,medium,0,0.7108577489852905
551ea976360d9a1389d4737f8bcce371ef48fa61471239bc4d2960c2ca0aa08b,data/datasets/sid-set/candidate-1500/images/real/551ea976360d9a1389d4737f8bcce371ef48fa61471239bc4d2960c2ca0aa08b.jpg,medium,0,0.8523076772689819
5542a7dba8e3f242d54d2d190dc9c74f9180b3fa0d97486bffaf99729c3da0c5,data/datasets/openfake/pilot-600/images/real/5542a7dba8e3f242d54d2d190dc9c74f9180b3fa0d97486bffaf99729c3da0c5.jpg,medium,0,0.726229190826416
558409f857639f7220d0004cdc487f9add713b6a16d044a6e9936523100adc88,data/datasets/sid-set/candidate-1500/images/real/558409f857639f7220d0004cdc487f9add713b6a16d044a6e9936523100adc88.jpg,medium,0,0.09778974950313568
55ab819a02dccef709cb166cfe66db94820ff18d6ddd8edb9e5e6eaf52f72926,data/datasets/sid-set/candidate-1500/images/fake/55ab819a02dccef709cb166cfe66db94820ff18d6ddd8edb9e5e6eaf52f72926.png,low,1,0.9908832907676697
560b112829fa68e9dc1aa1ea8df7792497b8d75da9a6d2fed6665c70c6180d49,data/datasets/openfake/additional-900/images/fake/560b112829fa68e9dc1aa1ea8df7792497b8d75da9a6d2fed6665c70c6180d49.png,medium,1,0.7313525676727295
562f23a2f3eac586718eec1a3ea5bff7b856fa76c02ce9d235e96f3db17597d3,data/datasets/sid-set/candidate-1500/images/real/562f23a2f3eac586718eec1a3ea5bff7b856fa76c02ce9d235e96f3db17597d3.jpg,medium,0,0.8252101540565491
563d735fc629a0326781d4b1279dbd69dba1df7ce8d0ce0ee6eaa0bae57b4295,data/datasets/sid-set/candidate-1500/images/real/563d735fc629a0326781d4b1279dbd69dba1df7ce8d0ce0ee6eaa0bae57b4295.jpg,low,0,0.0013476547319442034
5657f43d1dafc4d86b669d193cfa57b2affb86b4889d611f366750e195fd44a9,data/datasets/sid-set/candidate-1500/images/fake/5657f43d1dafc4d86b669d193cfa57b2affb86b4889d611f366750e195fd44a9.png,low,1,0.9431795477867126
5671f93a9489fe8953270ad1bac1f94a3eae6a4d53b99e1d13eca521c2f861a3,data/datasets/openfake/pilot-600/images/real/5671f93a9489fe8953270ad1bac1f94a3eae6a4d53b99e1d13eca521c2f861a3.jpg,medium,0,0.7148033976554871
567795f86b738339082b123c61808d9875326a5c07cf6c5e26d4d651dbb5393b,data/datasets/openfake/pilot-600/images/real/567795f86b738339082b123c61808d9875326a5c07cf6c5e26d4d651dbb5393b.jpg,medium,0,0.00046836314140819013
568f828b4cd5cb434eaf501ba50fd1c834077009feef7796c7fcabf082792a26,data/datasets/openfake/additional-900/images/real/568f828b4cd5cb434eaf501ba50fd1c834077009feef7796c7fcabf082792a26.jpg,medium,0,0.2134188711643219
56c19c0ac399f6e74eeff4b6e2ce73ed3b32c4d09b7206270ded912997cca808,data/datasets/openfake/pilot-600/images/fake/56c19c0ac399f6e74eeff4b6e2ce73ed3b32c4d09b7206270ded912997cca808.png,medium,1,0.94387286901474
56dd7e2fb881f8d55015e54358303e66089b26fd210f6bbad1523bf066385ffc,data/datasets/sid-set/candidate-1500/images/fake/56dd7e2fb881f8d55015e54358303e66089b26fd210f6bbad1523bf066385ffc.png,medium,1,0.9901667833328247
5702bcd1ecb58b0f01a3d0a651c742c389e805de29cad92a9a3efdd79d5deb9c,data/datasets/sid-set/candidate-1500/images/fake/5702bcd1ecb58b0f01a3d0a651c742c389e805de29cad92a9a3efdd79d5deb9c.png,medium,1,0.9959041476249695
5709d77cbb3ec9a6265e6d69ae4b1341fd5b9b2fc0b46e043f4a53c8e20bfed8,data/datasets/sid-set/candidate-1500/images/real/5709d77cbb3ec9a6265e6d69ae4b1341fd5b9b2fc0b46e043f4a53c8e20bfed8.jpg,low,0,0.03279925510287285
571846ee17bc74fcd0c83f1f91b0785ed574dab464497cbdef89c4211c046bdd,data/datasets/openfake/additional-900/images/real/571846ee17bc74fcd0c83f1f91b0785ed574dab464497cbdef89c4211c046bdd.jpg,medium,0,0.015979263931512833
571fd554df05a7bf1736fcf48d5bd65ca19858c09fa2eedd2f93e7a519ed86e9,data/datasets/openfake/additional-900/images/fake/571fd554df05a7bf1736fcf48d5bd65ca19858c09fa2eedd2f93e7a519ed86e9.png,low,1,0.4332387447357178
572d3c1b811eb7bd804ade56057873e0425227fb4c592f6cc8567636ccca21a8,data/datasets/sid-set/candidate-1500/images/real/572d3c1b811eb7bd804ade56057873e0425227fb4c592f6cc8567636ccca21a8.jpg,medium,0,0.5573683381080627
5734721aecf77adcfe04917a418dd4cfd64e9457f5fbc73287452bd81dc7eecc,data/datasets/openfake/additional-900/images/fake/5734721aecf77adcfe04917a418dd4cfd64e9457f5fbc73287452bd81dc7eecc.png,low,1,0.525111973285675
5736e9f75d8ba603d0d6598e799945387b1e73f803d4ad034f931b32a30b99bf,data/datasets/sid-set/candidate-1500/images/real/5736e9f75d8ba603d0d6598e799945387b1e73f803d4ad034f931b32a30b99bf.jpg,medium,0,0.0025399194564670324
5768474a00cf1a635341319a1d5303941d3580b11c7484292c6837a697a2116b,data/datasets/openfake/additional-900/images/real/5768474a00cf1a635341319a1d5303941d3580b11c7484292c6837a697a2116b.jpg,medium,0,0.40863627195358276
5796c29ad2086c48eaed9d64ae7611b403437238aea46b133c2e2390560a4c26,data/datasets/openfake/additional-900/images/fake/5796c29ad2086c48eaed9d64ae7611b403437238aea46b133c2e2390560a4c26.png,medium,1,0.9114186763763428
57b5b701ac4a415dce4cfa6ad892cbfc2d8bc96c3765c03ce46ab0d86a2f74a2,data/datasets/openfake/additional-900/images/fake/57b5b701ac4a415dce4cfa6ad892cbfc2d8bc96c3765c03ce46ab0d86a2f74a2.webp,medium,1,0.8143758773803711
57ff6260b17769edc60ba8b6f3016fd1912e4fb3313d521e6ea3ab1af2f572d1,data/datasets/sid-set/candidate-1500/images/real/57ff6260b17769edc60ba8b6f3016fd1912e4fb3313d521e6ea3ab1af2f572d1.jpg,low,0,0.13758763670921326
5806039a1258ee05270c69fc635dbe70b94fc4fb7919bb5c6eb0f77af1b06b54,data/datasets/sid-set/candidate-1500/images/fake/5806039a1258ee05270c69fc635dbe70b94fc4fb7919bb5c6eb0f77af1b06b54.png,medium,1,0.9956062436103821
582e7439ef8ccb71f364654ea16068a33ecdbdd9116a4a5834da3cd3e2f87399,data/datasets/sid-set/candidate-1500/images/real/582e7439ef8ccb71f364654ea16068a33ecdbdd9116a4a5834da3cd3e2f87399.jpg,medium,0,0.7014827132225037
5833fa5393e77433f9a753654f0d3c0894a549a269b2e921703a8ed3320ab3ce,data/datasets/openfake/additional-900/images/real/5833fa5393e77433f9a753654f0d3c0894a549a269b2e921703a8ed3320ab3ce.jpg,medium,0,0.1191553920507431
587598ebb65d9237db80454ba32c6ac757337b0adfa622b38156d49c8eac5613,data/datasets/openfake/pilot-600/images/fake/587598ebb65d9237db80454ba32c6ac757337b0adfa622b38156d49c8eac5613.png,medium,1,0.7855844497680664
58834e2017e4a4e3ef277707c82b29c72a92201ad3123738049b5c0e17c319cc,data/datasets/openfake/pilot-600/images/fake/58834e2017e4a4e3ef277707c82b29c72a92201ad3123738049b5c0e17c319cc.png,medium,1,0.6821056008338928
58ac3c299e89dcbcd173cb979ba44eeae0529a0177a34d4d446889f407ef0462,data/datasets/openfake/additional-900/images/fake/58ac3c299e89dcbcd173cb979ba44eeae0529a0177a34d4d446889f407ef0462.png,medium,1,0.9971043467521667
58ba64f67ca3fd5115e126fb8ccbbd9753f11023e676d967fed325293b91e569,data/datasets/openfake/additional-900/images/fake/58ba64f67ca3fd5115e126fb8ccbbd9753f11023e676d967fed325293b91e569.png,medium,1,0.9639034867286682
58c71740878465589b199ffb46cf8ecfbcd867a94518b1f0332ac429b71c8107,data/datasets/sid-set/candidate-1500/images/real/58c71740878465589b199ffb46cf8ecfbcd867a94518b1f0332ac429b71c8107.jpg,medium,0,0.0003837281547021121
58cf0ea9f9c133175c5a63ca770e6491b4e36ca5f4d1b72b85c65554858c470d,data/datasets/openfake/pilot-600/images/real/58cf0ea9f9c133175c5a63ca770e6491b4e36ca5f4d1b72b85c65554858c470d.jpg,low,0,0.7724891304969788
58d979ea736daef7b31149fd953bd867f3d5a1b5abe04abf918899f9f36fe7d5,data/datasets/sid-set/candidate-1500/images/fake/58d979ea736daef7b31149fd953bd867f3d5a1b5abe04abf918899f9f36fe7d5.png,medium,1,0.9978787899017334
58d9b43a338f5061150b4ea36a3456aa75c9ba4c27d76512e9e695f5c8321b37,data/datasets/sid-set/candidate-1500/images/fake/58d9b43a338f5061150b4ea36a3456aa75c9ba4c27d76512e9e695f5c8321b37.png,low,1,0.9565898180007935
58da6885aeb73c46ceedab0824d3af64a9f746ae59bbc1c3c38e0e67c3bc8574,data/datasets/sid-set/candidate-1500/images/fake/58da6885aeb73c46ceedab0824d3af64a9f746ae59bbc1c3c38e0e67c3bc8574.png,low,1,0.9770207405090332
58e70370ea2877cb7d53ff1640547ef5fc5f0e684dd538ecaf4f618b88e8a494,data/datasets/openfake/additional-900/images/real/58e70370ea2877cb7d53ff1640547ef5fc5f0e684dd538ecaf4f618b88e8a494.jpg,medium,0,0.14993995428085327
59142bf9fcfdfd90190b7924c589f3bf3aea945d2e4908db9accbfe17eb80f69,data/datasets/sid-set/candidate-1500/images/real/59142bf9fcfdfd90190b7924c589f3bf3aea945d2e4908db9accbfe17eb80f69.jpg,low,0,0.0037097898311913013
591cafe2680835faf54837e92c5d8a3e9174c7f41b0d0b7efdeca399724f8809,data/datasets/openfake/additional-900/images/fake/591cafe2680835faf54837e92c5d8a3e9174c7f41b0d0b7efdeca399724f8809.jpg,low,1,0.599076509475708
5939cdb6d71c6ff1aef123149bf7bfa19a9a37d26112d9f9eb8ae3beb9ac7668,data/datasets/openfake/pilot-600/images/fake/5939cdb6d71c6ff1aef123149bf7bfa19a9a37d26112d9f9eb8ae3beb9ac7668.png,medium,1,0.46523886919021606
5950343b177c7db3e722d0bf62b46451bc608263ddb87ff600aa2680a69d8662,data/datasets/sid-set/candidate-1500/images/fake/5950343b177c7db3e722d0bf62b46451bc608263ddb87ff600aa2680a69d8662.png,medium,1,0.9075250625610352
596282bbfe113a20fb4b4ee0a5401006205cf09b9c91cf03cf4083a4a33cc129,data/datasets/sid-set/candidate-1500/images/fake/596282bbfe113a20fb4b4ee0a5401006205cf09b9c91cf03cf4083a4a33cc129.png,medium,1,0.991587221622467
59776cc07a43ab637ec3f4d9fea796c872c67e7d3f21a4aec619e8b937315312,data/datasets/openfake/additional-900/images/real/59776cc07a43ab637ec3f4d9fea796c872c67e7d3f21a4aec619e8b937315312.jpg,medium,0,0.9318960905075073
598183bfef0274941e47ae42216302dd161b011e9da64b07493cb8a641cdd2dd,data/datasets/sid-set/candidate-1500/images/fake/598183bfef0274941e47ae42216302dd161b011e9da64b07493cb8a641cdd2dd.png,medium,1,0.9870213866233826
59a0fb27e2ea646e48ed30d2a2cfbee2b97626568037b69ee1b941c86a2fa5f0,data/datasets/sid-set/candidate-1500/images/fake/59a0fb27e2ea646e48ed30d2a2cfbee2b97626568037b69ee1b941c86a2fa5f0.png,low,1,0.984887957572937
59b616692e0d7acad673c41c34977ce1d83d4e82ab366064cce17ee955954a0e,data/datasets/openfake/pilot-600/images/real/59b616692e0d7acad673c41c34977ce1d83d4e82ab366064cce17ee955954a0e.jpg,medium,0,0.6249179244041443
59ea4008fe56dc2e3aa358ae7ab654d294e63ba8c35e68accfcab11f03972846,data/datasets/openfake/pilot-600/images/fake/59ea4008fe56dc2e3aa358ae7ab654d294e63ba8c35e68accfcab11f03972846.png,medium,1,0.12060656398534775
59f351a12e2d48483e06f0dfc3bf1aa0c8a0544c73408e6a51063da92894960b,data/datasets/openfake/additional-900/images/fake/59f351a12e2d48483e06f0dfc3bf1aa0c8a0544c73408e6a51063da92894960b.jpg,medium,1,0.9776091575622559
5a008e204b2f80043f17b8cbdf545e1d29a19d6147b7b4b09c83dfad0f264123,data/datasets/sid-set/candidate-1500/images/real/5a008e204b2f80043f17b8cbdf545e1d29a19d6147b7b4b09c83dfad0f264123.jpg,medium,0,0.16441215574741364
5a14416e4a432264074136edfeeef4f78a34839480f30aece854106d82bfb3ba,data/datasets/sid-set/candidate-1500/images/fake/5a14416e4a432264074136edfeeef4f78a34839480f30aece854106d82bfb3ba.png,medium,1,0.8676468729972839
5a59f322c876ae58314db34e0d0c151f07b4ff1fae4227afc2e2cd5403d65b27,data/datasets/openfake/pilot-600/images/real/5a59f322c876ae58314db34e0d0c151f07b4ff1fae4227afc2e2cd5403d65b27.jpg,medium,0,0.11375491321086884
5a7ea67f2ef925d6f3be883ca0e101d777570089fc333ef822c87ee1983b9863,data/datasets/openfake/additional-900/images/real/5a7ea67f2ef925d6f3be883ca0e101d777570089fc333ef822c87ee1983b9863.jpg,medium,0,0.177717387676239
5a80b6aa144308674bda1f1bb261274ae9118013c4b44b4a98ea22ea5d134efa,data/datasets/openfake/pilot-600/images/real/5a80b6aa144308674bda1f1bb261274ae9118013c4b44b4a98ea22ea5d134efa.jpg,medium,0,0.012899970635771751
5a8efcb8af621c654e459ab6d0db6889c5c8238e4718359334788b9fda8978ac,data/datasets/openfake/additional-900/images/fake/5a8efcb8af621c654e459ab6d0db6889c5c8238e4718359334788b9fda8978ac.png,medium,1,0.7226734161376953
5a9e2ec41f18608d292eed6101884027f77a2ee51e5084207cd8e2213b1aae25,data/datasets/sid-set/candidate-1500/images/real/5a9e2ec41f18608d292eed6101884027f77a2ee51e5084207cd8e2213b1aae25.jpg,medium,0,0.4314022362232208
5ab45ff0b0c8954bfef48f86ff22c300928fae3e98a7976f04c144e3e31f2c2e,data/datasets/openfake/additional-900/images/fake/5ab45ff0b0c8954bfef48f86ff22c300928fae3e98a7976f04c144e3e31f2c2e.png,medium,1,0.990486204624176
5ad04d1497cfb5d6ab41f407af583d1a27ce130744ee30a4eafcc9ad405ddfbc,data/datasets/sid-set/candidate-1500/images/real/5ad04d1497cfb5d6ab41f407af583d1a27ce130744ee30a4eafcc9ad405ddfbc.jpg,low,0,0.8608916997909546
5ae6be53395820c9d7d49ca1a5047c85fae7019b9c70efaef95c0974760ce97e,data/datasets/sid-set/candidate-1500/images/real/5ae6be53395820c9d7d49ca1a5047c85fae7019b9c70efaef95c0974760ce97e.jpg,medium,0,0.0046114232391119
5af84c4fc8b90735983559e81187e944f0e2288c06b2b34e1037a4c7a4562773,data/datasets/openfake/additional-900/images/fake/5af84c4fc8b90735983559e81187e944f0e2288c06b2b34e1037a4c7a4562773.png,medium,1,0.999421238899231
5b1d5d53d67cb8c03697f3d2a1304aa1fc26157f7fcccbf29534765f373958e4,data/datasets/sid-set/candidate-1500/images/fake/5b1d5d53d67cb8c03697f3d2a1304aa1fc26157f7fcccbf29534765f373958e4.png,low,1,0.991872251033783
5b37681261d067f5e354de7d6e84b20cf5ca2b05fe6ab8a685f1704819ae4d2a,data/datasets/sid-set/candidate-1500/images/real/5b37681261d067f5e354de7d6e84b20cf5ca2b05fe6ab8a685f1704819ae4d2a.jpg,low,0,0.012913785874843597
5b3ec6e2479e4831a758fe06d7be841e3f5481d88b255ac0f9c56f3e3990155c,data/datasets/sid-set/candidate-1500/images/real/5b3ec6e2479e4831a758fe06d7be841e3f5481d88b255ac0f9c56f3e3990155c.jpg,medium,0,0.08067002147436142
5b618322d727d8a206499a375dbe62b6d78d0bebdf16d28ddb44d65c25659558,data/datasets/sid-set/candidate-1500/images/fake/5b618322d727d8a206499a375dbe62b6d78d0bebdf16d28ddb44d65c25659558.png,medium,1,0.9707636833190918
5b680f3263de0ca8c31279539e183bf5e4b4a01bf53a624f943bbb443bd9932b,data/datasets/openfake/additional-900/images/fake/5b680f3263de0ca8c31279539e183bf5e4b4a01bf53a624f943bbb443bd9932b.png,low,1,0.9980358481407166
5b75695d3e9d041c42c49cdfed94c8e9698fb8d2931e81aa59498f9758cc663d,data/datasets/openfake/pilot-600/images/real/5b75695d3e9d041c42c49cdfed94c8e9698fb8d2931e81aa59498f9758cc663d.jpg,medium,0,0.47028544545173645
5b83f86ed3a765c93b7dc581fa9caadf6b56db3d536e57918cda483b2a3ddb5d,data/datasets/sid-set/candidate-1500/images/fake/5b83f86ed3a765c93b7dc581fa9caadf6b56db3d536e57918cda483b2a3ddb5d.png,low,1,0.9763637781143188
5b99433135dc96fedfaaefa6a9eb2f10c62cfe86c2237cebe6333d887c894b3c,data/datasets/openfake/additional-900/images/real/5b99433135dc96fedfaaefa6a9eb2f10c62cfe86c2237cebe6333d887c894b3c.jpg,medium,0,0.3106710612773895
5baa7c843d93efdc67c4b0fe344e0a4efcd314363393e451c0a203c1d98b6794,data/datasets/sid-set/candidate-1500/images/real/5baa7c843d93efdc67c4b0fe344e0a4efcd314363393e451c0a203c1d98b6794.jpg,low,0,0.02335253171622753
5bbf6be563a9fc36c637c13d630d04f89028b0527129fbbe7f6fa73b96bf0931,data/datasets/sid-set/candidate-1500/images/real/5bbf6be563a9fc36c637c13d630d04f89028b0527129fbbe7f6fa73b96bf0931.jpg,low,0,0.0015716023044660687
5bcdc1ac3ebf28593953e04e97b957f9765ca4d1830094d8bbf17c9feedf17ab,data/datasets/openfake/additional-900/images/fake/5bcdc1ac3ebf28593953e04e97b957f9765ca4d1830094d8bbf17c9feedf17ab.webp,medium,1,0.9711403250694275
5bde657732339cedd39d140d0664404213cfbcdedf1a2081374bab304456f2e6,data/datasets/openfake/additional-900/images/fake/5bde657732339cedd39d140d0664404213cfbcdedf1a2081374bab304456f2e6.png,low,1,0.9787624478340149
5bed6b61dfb4b3cbc0ad6fc881d1fefee657327445a21e1da5e344eb5fce4d52,data/datasets/sid-set/candidate-1500/images/fake/5bed6b61dfb4b3cbc0ad6fc881d1fefee657327445a21e1da5e344eb5fce4d52.png,medium,1,0.9715064167976379
5c061a7f7651c2081f8dc408f61d8ad00ffa741f85741fad2f2c7f0ae5a8bbd7,data/datasets/sid-set/candidate-1500/images/real/5c061a7f7651c2081f8dc408f61d8ad00ffa741f85741fad2f2c7f0ae5a8bbd7.jpg,medium,0,0.1732228547334671
5c1f96ecd51af7cf2722b920aa38cfa569ef6ba95ad393dc13df2ad6dd48b79b,data/datasets/sid-set/candidate-1500/images/real/5c1f96ecd51af7cf2722b920aa38cfa569ef6ba95ad393dc13df2ad6dd48b79b.jpg,medium,0,0.3070438504219055
5c34d9c22b066c9acca77513b6004be70181997cd57650df09840adb7cf80208,data/datasets/openfake/additional-900/images/real/5c34d9c22b066c9acca77513b6004be70181997cd57650df09840adb7cf80208.jpg,low,0,0.6041174530982971
5c98200a5e31b4dce29f8fd423fc19015db1bf1420dcf1e88da7fcc1d8ea1168,data/datasets/sid-set/candidate-1500/images/fake/5c98200a5e31b4dce29f8fd423fc19015db1bf1420dcf1e88da7fcc1d8ea1168.png,low,1,0.9575918316841125
5c99b21d9212140c364852950f5fef2cbad1ca30d42d1a2d177bafcd90c4047a,data/datasets/sid-set/candidate-1500/images/fake/5c99b21d9212140c364852950f5fef2cbad1ca30d42d1a2d177bafcd90c4047a.png,medium,1,0.8102624416351318
5c9e668642cc880f400506fa10510136ef1334bd6b6a9a2320eec4c7ca240c48,data/datasets/openfake/additional-900/images/real/5c9e668642cc880f400506fa10510136ef1334bd6b6a9a2320eec4c7ca240c48.jpg,medium,0,0.12015362083911896
5ca94d8f9a88b2d264ad08098bb49a19bca654b3338ab1d8a3de90560113cc10,data/datasets/openfake/additional-900/images/fake/5ca94d8f9a88b2d264ad08098bb49a19bca654b3338ab1d8a3de90560113cc10.png,medium,1,0.9606860876083374
5cc1e37ea190936b40c7bb7b6fee4a1d1a9fd12cd7c17ec95fcb3647291ce07e,data/datasets/sid-set/candidate-1500/images/real/5cc1e37ea190936b40c7bb7b6fee4a1d1a9fd12cd7c17ec95fcb3647291ce07e.jpg,medium,0,0.9740877747535706
5cc59a22aeae5af40aed5398dbbc3b014236c8fc9b548b8ef603849824db1282,data/datasets/openfake/additional-900/images/fake/5cc59a22aeae5af40aed5398dbbc3b014236c8fc9b548b8ef603849824db1282.png,low,1,0.9954226613044739
5ce07ba3c15f803ed9b856e36377f8b4a45f413180519cfa8def8d891f482e01,data/datasets/openfake/additional-900/images/fake/5ce07ba3c15f803ed9b856e36377f8b4a45f413180519cfa8def8d891f482e01.png,low,1,0.8399520516395569
5d56b1e9792895d70c9a33974af2c11f9d8ab5a2f54aeea14ff44461a55f70f0,data/datasets/openfake/additional-900/images/real/5d56b1e9792895d70c9a33974af2c11f9d8ab5a2f54aeea14ff44461a55f70f0.jpg,medium,0,0.05885634943842888
5d59a6691655e94ed2613e1c2e8b0dbeb8684c54c63a86c31c87cb25949072d8,data/datasets/openfake/additional-900/images/fake/5d59a6691655e94ed2613e1c2e8b0dbeb8684c54c63a86c31c87cb25949072d8.png,low,1,0.9894815683364868
5d6476bcf232392a62e824ddd2ac3a1cc32cae40c2b8ab004150e3479fdd1afc,data/datasets/openfake/additional-900/images/real/5d6476bcf232392a62e824ddd2ac3a1cc32cae40c2b8ab004150e3479fdd1afc.jpg,medium,0,0.6387877464294434
5d6bc3b8e9b39d065b34b4f6bbb3214c1367577b4cb1b57bba33a78dc323ed50,data/datasets/openfake/additional-900/images/real/5d6bc3b8e9b39d065b34b4f6bbb3214c1367577b4cb1b57bba33a78dc323ed50.jpg,low,0,0.0003282148391008377
5d6beaa1c22e1cf92c8835233a9f7fc91184f3d334d8bac4af479642690a7d05,data/datasets/openfake/pilot-600/images/fake/5d6beaa1c22e1cf92c8835233a9f7fc91184f3d334d8bac4af479642690a7d05.png,medium,1,0.9146499037742615
5d757d09839021c85a7663a298f306e253b4dcc4b845eefe2401ba11f550d653,data/datasets/sid-set/candidate-1500/images/real/5d757d09839021c85a7663a298f306e253b4dcc4b845eefe2401ba11f550d653.jpg,low,0,0.026233842596411705
5d85226dd0f511f035feb81877cfe6c1671bb1fcb851485cac2a781be68e1d18,data/datasets/openfake/additional-900/images/real/5d85226dd0f511f035feb81877cfe6c1671bb1fcb851485cac2a781be68e1d18.jpg,medium,0,0.0009874127572402358
5d85b69c4e49d5e0b419964a085891c8bba13ca22a0b33f878284c64a89af1b6,data/datasets/openfake/additional-900/images/fake/5d85b69c4e49d5e0b419964a085891c8bba13ca22a0b33f878284c64a89af1b6.jpg,medium,1,0.4012375473976135
5d8b101dd32d031b1b720d211ae31be6d0be0a1acfeda97c61f9bbce0bb63218,data/datasets/sid-set/candidate-1500/images/fake/5d8b101dd32d031b1b720d211ae31be6d0be0a1acfeda97c61f9bbce0bb63218.png,medium,1,0.9925922155380249
5da22bdd0697c9f2324b06e4fe04c320460f0cb06429e5fb562837d9552a2959,data/datasets/sid-set/candidate-1500/images/real/5da22bdd0697c9f2324b06e4fe04c320460f0cb06429e5fb562837d9552a2959.jpg,medium,0,0.04651563987135887
5da7a9b78c18d8ea0567a2118847e4f3a77a337bab9e779d5e9d49e3fc51612b,data/datasets/openfake/pilot-600/images/fake/5da7a9b78c18d8ea0567a2118847e4f3a77a337bab9e779d5e9d49e3fc51612b.png,low,1,0.7821885943412781
5dadfc04088efb653f1433791a5c1ca4d91ead807d2e42fa214f256f770d48cf,data/datasets/sid-set/candidate-1500/images/real/5dadfc04088efb653f1433791a5c1ca4d91ead807d2e42fa214f256f770d48cf.jpg,medium,0,0.0026467067655175924
5db733a02dbbb335bc759185ad9583a6750cbdb8601611d6278f6a964b0f144d,data/datasets/sid-set/candidate-1500/images/real/5db733a02dbbb335bc759185ad9583a6750cbdb8601611d6278f6a964b0f144d.jpg,medium,0,0.2305845320224762
5dbc805ca4396d8c35d3b15ea2c50285919318ed5f780ca1b06af8d50a8384c0,data/datasets/openfake/pilot-600/images/fake/5dbc805ca4396d8c35d3b15ea2c50285919318ed5f780ca1b06af8d50a8384c0.png,medium,1,0.9779510498046875
5e21147d8937ea41a69d815511a65e24ea75e727cf6108856e4437734e33855b,data/datasets/sid-set/candidate-1500/images/real/5e21147d8937ea41a69d815511a65e24ea75e727cf6108856e4437734e33855b.jpg,medium,0,0.21118766069412231
5e40b7f3bebcd0cffcf5683cdb3cdaef30a88ea9203f2d8a8e87ad4a4ac077c9,data/datasets/openfake/additional-900/images/fake/5e40b7f3bebcd0cffcf5683cdb3cdaef30a88ea9203f2d8a8e87ad4a4ac077c9.png,medium,1,0.8823128342628479
5e4a143614b9dc517453aa94f1189a8173d17f61454c78c9fdb4f368cc3ca1bf,data/datasets/openfake/pilot-600/images/fake/5e4a143614b9dc517453aa94f1189a8173d17f61454c78c9fdb4f368cc3ca1bf.png,low,1,0.983738899230957
5e5bbf8cbc81cb882db71d878b8cb459d566c5342130efc9864cd16b5b168f0d,data/datasets/sid-set/candidate-1500/images/real/5e5bbf8cbc81cb882db71d878b8cb459d566c5342130efc9864cd16b5b168f0d.jpg,medium,0,0.2777819037437439
5ea31bedf55977f1a533af56a9d621911ad91b2e32b6451db74b72f14d760c1a,data/datasets/sid-set/candidate-1500/images/real/5ea31bedf55977f1a533af56a9d621911ad91b2e32b6451db74b72f14d760c1a.jpg,low,0,0.37969493865966797
5ec7507706c214806876fcb48a0655335ec1bfce83b9706e11742a8af596a761,data/datasets/openfake/pilot-600/images/fake/5ec7507706c214806876fcb48a0655335ec1bfce83b9706e11742a8af596a761.png,medium,1,0.9162282347679138
5ee9ad8c13c7038227e3cc8e531897c144ab4264e67f4bc3a46c24142d6ac5dd,data/datasets/sid-set/candidate-1500/images/real/5ee9ad8c13c7038227e3cc8e531897c144ab4264e67f4bc3a46c24142d6ac5dd.jpg,medium,0,0.6704292297363281
5eeb1d72bcd0f99b3869a07a3f1f655e21365430a5d720f017768954cb0a3e30,data/datasets/sid-set/candidate-1500/images/real/5eeb1d72bcd0f99b3869a07a3f1f655e21365430a5d720f017768954cb0a3e30.jpg,medium,0,0.003213756252080202
5eee380cd58c7dd9a6d1ef8c2e623418426b7846433cd607425160b76caa3cd7,data/datasets/sid-set/candidate-1500/images/real/5eee380cd58c7dd9a6d1ef8c2e623418426b7846433cd607425160b76caa3cd7.jpg,low,0,0.966180145740509
5f068e29623548de237844d57e4432059b21f556049147b3aa258c68778b6393,data/datasets/openfake/pilot-600/images/fake/5f068e29623548de237844d57e4432059b21f556049147b3aa258c68778b6393.png,low,1,0.9717881083488464
5f12ab5667503acd5c6574b29b840dff45e2139d867b7431f0bd8a0e10dbd853,data/datasets/sid-set/candidate-1500/images/fake/5f12ab5667503acd5c6574b29b840dff45e2139d867b7431f0bd8a0e10dbd853.png,low,1,0.9955464601516724
5f1d99385759cba91ae16d14781b311ce2af47cee5b6c6e4646d19f58d33dc18,data/datasets/sid-set/candidate-1500/images/real/5f1d99385759cba91ae16d14781b311ce2af47cee5b6c6e4646d19f58d33dc18.jpg,high,0,0.2206331491470337
5f5de9d195fabd264db87d5b428829885e0abeba30c3c223c837a9b67bb17883,data/datasets/sid-set/candidate-1500/images/fake/5f5de9d195fabd264db87d5b428829885e0abeba30c3c223c837a9b67bb17883.png,medium,1,0.9969603419303894
5f64ab8c32132b1dd64073cbb0df16e838563d4ed34efc29a84be16bd06dda74,data/datasets/sid-set/candidate-1500/images/real/5f64ab8c32132b1dd64073cbb0df16e838563d4ed34efc29a84be16bd06dda74.jpg,low,0,0.08264192938804626
5f69b7d55356ddd6d631232e7016b73ff5b69629404fed4bc79727b8aced496d,data/datasets/sid-set/candidate-1500/images/real/5f69b7d55356ddd6d631232e7016b73ff5b69629404fed4bc79727b8aced496d.jpg,medium,0,0.3372457027435303
5f8a4a4fa9957c5775f538f6d083bc8bd5d8862245a0f80fdd1f9326b643a8ce,data/datasets/openfake/additional-900/images/fake/5f8a4a4fa9957c5775f538f6d083bc8bd5d8862245a0f80fdd1f9326b643a8ce.png,low,1,0.9732632040977478
5f9e5f4d099b8094dc3f72206c0e9f3b57890c0967c7fb1d7f467616c1d8c65e,data/datasets/openfake/additional-900/images/fake/5f9e5f4d099b8094dc3f72206c0e9f3b57890c0967c7fb1d7f467616c1d8c65e.png,medium,1,0.9875829815864563
5fb33107ac59bef1fcf69c1f95e57db4e0863ac5c36139d66fdc1ae0a383d449,data/datasets/openfake/pilot-600/images/fake/5fb33107ac59bef1fcf69c1f95e57db4e0863ac5c36139d66fdc1ae0a383d449.png,medium,1,0.4952729046344757
5ffe84e981ebf00a0b37d71b73de542dcd33828f3b10ba45360ac4456a5f0100,data/datasets/openfake/pilot-600/images/real/5ffe84e981ebf00a0b37d71b73de542dcd33828f3b10ba45360ac4456a5f0100.jpg,low,0,0.016196494922041893
6061a5bb09b6ac0fc23a505ae7f3136daabc91cef988954a9a4d3abe73373995,data/datasets/openfake/additional-900/images/real/6061a5bb09b6ac0fc23a505ae7f3136daabc91cef988954a9a4d3abe73373995.jpg,medium,0,0.003974404186010361
60634c9a29034a59bb6e943ac372c396e222af38120c8f2d71b83c720165a834,data/datasets/openfake/pilot-600/images/real/60634c9a29034a59bb6e943ac372c396e222af38120c8f2d71b83c720165a834.jpg,medium,0,0.9127486944198608
609cc40185e765073712c92dc3c58e363eb4c683ff5cd2658fc1f481ca930789,data/datasets/sid-set/candidate-1500/images/fake/609cc40185e765073712c92dc3c58e363eb4c683ff5cd2658fc1f481ca930789.png,medium,1,0.960859477519989
609eda2155b05800513ca2221d237437c4fd17d8106b56a642c540736c1935ce,data/datasets/sid-set/candidate-1500/images/fake/609eda2155b05800513ca2221d237437c4fd17d8106b56a642c540736c1935ce.png,medium,1,0.8312978148460388
6116c903f45c0499d52181a737eae6167d8781453da3ed62cfdd0740ca79807f,data/datasets/sid-set/candidate-1500/images/fake/6116c903f45c0499d52181a737eae6167d8781453da3ed62cfdd0740ca79807f.png,medium,1,0.8895223140716553
612aa162b72a7896cb41c6cda8313a9ae45dbcb5a22135ab9addcaa979f5e6a6,data/datasets/openfake/pilot-600/images/fake/612aa162b72a7896cb41c6cda8313a9ae45dbcb5a22135ab9addcaa979f5e6a6.png,medium,1,0.9619325399398804
612e65006de9350c1327c9c1d2c5a78846df707f4d8176e452e3a93ff6ab37f0,data/datasets/sid-set/candidate-1500/images/real/612e65006de9350c1327c9c1d2c5a78846df707f4d8176e452e3a93ff6ab37f0.jpg,low,0,0.9785172343254089
6131789657343a90a364bc780e1680ced89ee792b92a5215fed0c51008c264bb,data/datasets/sid-set/candidate-1500/images/fake/6131789657343a90a364bc780e1680ced89ee792b92a5215fed0c51008c264bb.png,low,1,0.9743459224700928
6138e8d7e64e65ad401ba3d5715c30512a4f889567050a9de4c7197459568b2a,data/datasets/sid-set/candidate-1500/images/fake/6138e8d7e64e65ad401ba3d5715c30512a4f889567050a9de4c7197459568b2a.png,low,1,0.9297287464141846
613918085d28a4d0e51a50ec0da8db2265a16e15718d48ca233d2c027379c6ce,data/datasets/sid-set/candidate-1500/images/real/613918085d28a4d0e51a50ec0da8db2265a16e15718d48ca233d2c027379c6ce.jpg,medium,0,0.052276622503995895
614409660d7bc480a716ba5548b6514c7a9db5ffdd7e938e34dea6e007ff32cd,data/datasets/openfake/pilot-600/images/real/614409660d7bc480a716ba5548b6514c7a9db5ffdd7e938e34dea6e007ff32cd.jpg,medium,0,0.5222145318984985
6146a2b2a8107c10a1e30896ddc04be24699473f1e4523531609b3ee8e85287f,data/datasets/sid-set/candidate-1500/images/real/6146a2b2a8107c10a1e30896ddc04be24699473f1e4523531609b3ee8e85287f.jpg,medium,0,0.05202662944793701
61505a6e89778e40bb1e6828f5fa9a2545b8406ca97fbf3e45e0b4c68f720b23,data/datasets/openfake/pilot-600/images/real/61505a6e89778e40bb1e6828f5fa9a2545b8406ca97fbf3e45e0b4c68f720b23.jpg,medium,0,0.461137980222702
61d4ab018d80da20aff78137a9d4987c27fb9792d6c14d53fe9ec8778715051f,data/datasets/openfake/pilot-600/images/fake/61d4ab018d80da20aff78137a9d4987c27fb9792d6c14d53fe9ec8778715051f.png,medium,1,0.9227657914161682
61e0332946ff38a35a3fdb6830ec096bfe5ae49e8ab6e8a04355730730701b82,data/datasets/sid-set/candidate-1500/images/real/61e0332946ff38a35a3fdb6830ec096bfe5ae49e8ab6e8a04355730730701b82.jpg,medium,0,0.8744800090789795
61f3d0ee0f0a347146006c71f380deb2a92fdbf3028176338dfb2c8c42db839d,data/datasets/sid-set/candidate-1500/images/fake/61f3d0ee0f0a347146006c71f380deb2a92fdbf3028176338dfb2c8c42db839d.png,medium,1,0.993417501449585
61f909b06febecc48f4fe174c45f462125dc383bb777051fcf03639d4e9f7ac7,data/datasets/openfake/pilot-600/images/fake/61f909b06febecc48f4fe174c45f462125dc383bb777051fcf03639d4e9f7ac7.png,high,1,0.9773774743080139
62124b13e24ef0ddbafa7b0f65ecac525333daa5b0ebe4f6f2d13897e633c47e,data/datasets/openfake/pilot-600/images/fake/62124b13e24ef0ddbafa7b0f65ecac525333daa5b0ebe4f6f2d13897e633c47e.png,medium,1,0.9932447075843811
6240e55e9e4e580691a1c593729c39303aa984e723dc3ee7d2cb11b599ea5dc4,data/datasets/openfake/additional-900/images/fake/6240e55e9e4e580691a1c593729c39303aa984e723dc3ee7d2cb11b599ea5dc4.png,medium,1,0.9892471432685852
62437e31b5098984f70eef1d8dbd2820695d6fcf182fe54572cce2d859251dad,data/datasets/sid-set/candidate-1500/images/real/62437e31b5098984f70eef1d8dbd2820695d6fcf182fe54572cce2d859251dad.jpg,medium,0,0.11047045141458511
627b081df829f25880c792373ffdd1dfad46a7556b1c160a28c816d14443f2f2,data/datasets/sid-set/candidate-1500/images/fake/627b081df829f25880c792373ffdd1dfad46a7556b1c160a28c816d14443f2f2.png,medium,1,0.9723868370056152
629e86c8a84a620ddab79b9acddeb48129ff844e5c96e9582905c6ffce3e4398,data/datasets/sid-set/candidate-1500/images/fake/629e86c8a84a620ddab79b9acddeb48129ff844e5c96e9582905c6ffce3e4398.png,low,1,0.9007155299186707
62d2a3b5c43c2ff741103a2a8bfe2ebf6991337006caa03ab823243c8eb1cae4,data/datasets/sid-set/candidate-1500/images/fake/62d2a3b5c43c2ff741103a2a8bfe2ebf6991337006caa03ab823243c8eb1cae4.png,medium,1,0.934684157371521
62d34db299932bcc9cd3ac5aff116698e579e9468d711f5e2ba044b70d4577e1,data/datasets/openfake/pilot-600/images/fake/62d34db299932bcc9cd3ac5aff116698e579e9468d711f5e2ba044b70d4577e1.png,low,1,0.8931302428245544
62ec2e602797e8a18f3ebd78a3b7f77c2e12e08bdf38762d025634e3a90114d0,data/datasets/sid-set/candidate-1500/images/real/62ec2e602797e8a18f3ebd78a3b7f77c2e12e08bdf38762d025634e3a90114d0.jpg,low,0,0.15895991027355194
62f6354648b188669ebabba50eb48c70fac940910db0c3db86ea32d61e7eb978,data/datasets/openfake/additional-900/images/fake/62f6354648b188669ebabba50eb48c70fac940910db0c3db86ea32d61e7eb978.png,low,1,0.8580120801925659
6302fc45b66e8edecec30b745b4c49971e5487938b63515bb3281b3e42160bde,data/datasets/sid-set/candidate-1500/images/fake/6302fc45b66e8edecec30b745b4c49971e5487938b63515bb3281b3e42160bde.png,low,1,0.8962580561637878
63421c317e9b92d2ce48a0b71418d30afe7d560fb47387558ed49efb6c468cd9,data/datasets/sid-set/candidate-1500/images/real/63421c317e9b92d2ce48a0b71418d30afe7d560fb47387558ed49efb6c468cd9.jpg,low,0,0.4719148278236389
6365d1822f2cba2cb9c8b2b1123aa42fd64cdd3c553ac87a2cab94cbb51b6470,data/datasets/openfake/additional-900/images/fake/6365d1822f2cba2cb9c8b2b1123aa42fd64cdd3c553ac87a2cab94cbb51b6470.png,medium,1,0.8064250946044922
637e651b042584eb87d4b61bd7104b194b5c52d7e3684d34197e95b73cda54cf,data/datasets/openfake/additional-900/images/real/637e651b042584eb87d4b61bd7104b194b5c52d7e3684d34197e95b73cda54cf.jpg,low,0,0.22801059484481812
639eb577226be3612ee2444fff43f5d1ecd8ef1cc9a8c9dfea51ad79f86d2efe,data/datasets/sid-set/candidate-1500/images/real/639eb577226be3612ee2444fff43f5d1ecd8ef1cc9a8c9dfea51ad79f86d2efe.jpg,medium,0,0.2841154932975769
63d7865d87da067fb24617166bc8dcc90dc1f7faa917346fc3f7c0747709e3f4,data/datasets/sid-set/candidate-1500/images/fake/63d7865d87da067fb24617166bc8dcc90dc1f7faa917346fc3f7c0747709e3f4.png,low,1,0.9906028509140015
63e1abeeacdff9bb27a7246ca0d46680094b71ef2d3c810b83483d90b81ba421,data/datasets/openfake/pilot-600/images/fake/63e1abeeacdff9bb27a7246ca0d46680094b71ef2d3c810b83483d90b81ba421.png,medium,1,0.6585785150527954
63e243d8dd7d79235f2350208fd044a798d20674ce7382af0e1f6d61e43f4606,data/datasets/sid-set/candidate-1500/images/real/63e243d8dd7d79235f2350208fd044a798d20674ce7382af0e1f6d61e43f4606.jpg,low,0,0.4509069323539734
6432259a10bbb88bac20f3b4d92616098c8690983a217d4d3ee770272b2cc8ed,data/datasets/sid-set/candidate-1500/images/real/6432259a10bbb88bac20f3b4d92616098c8690983a217d4d3ee770272b2cc8ed.jpg,medium,0,0.00339384819380939
644cb1e4bdf5e2b796cc40679a4540f428622b55c31dd4a30b706eab3a0bfa27,data/datasets/openfake/additional-900/images/real/644cb1e4bdf5e2b796cc40679a4540f428622b55c31dd4a30b706eab3a0bfa27.jpg,medium,0,0.00754837691783905
64543249e02f16b04ca96069bc481af9a8b71f5fa7fa270f6581eff9581014a9,data/datasets/openfake/additional-900/images/real/64543249e02f16b04ca96069bc481af9a8b71f5fa7fa270f6581eff9581014a9.jpg,low,0,0.014247230254113674
649340a3e2fe07e951ceba421ed6d5ac10a5af0a311ad7cbc7d5c5dccad03a14,data/datasets/sid-set/candidate-1500/images/real/649340a3e2fe07e951ceba421ed6d5ac10a5af0a311ad7cbc7d5c5dccad03a14.jpg,low,0,0.19611452519893646
649d258031226ee739fcd4b411182e18099676bc2cbc83a1a3cc73ab399192c9,data/datasets/sid-set/candidate-1500/images/real/649d258031226ee739fcd4b411182e18099676bc2cbc83a1a3cc73ab399192c9.jpg,low,0,0.5117228627204895
64b2b8fd05d23d9e3c78636435ae821aa4b87b280394a5959dbdc087dd86566d,data/datasets/sid-set/candidate-1500/images/fake/64b2b8fd05d23d9e3c78636435ae821aa4b87b280394a5959dbdc087dd86566d.png,low,1,0.9796546101570129
64b8981cad627b8a4ea522fd7f9b4665a2e7ac294ee7c603d493de48c23de7a4,data/datasets/sid-set/candidate-1500/images/fake/64b8981cad627b8a4ea522fd7f9b4665a2e7ac294ee7c603d493de48c23de7a4.png,high,1,0.9821630120277405
64b9436c30dff085335c7686ba925335eaa15a6ab2cfcfba774cdb15007e7787,data/datasets/sid-set/candidate-1500/images/fake/64b9436c30dff085335c7686ba925335eaa15a6ab2cfcfba774cdb15007e7787.png,low,1,0.9835928678512573
64c1e49318dbd47326d32114af2fd3a8c145a06cf18ce67a763027e17239db4e,data/datasets/openfake/additional-900/images/real/64c1e49318dbd47326d32114af2fd3a8c145a06cf18ce67a763027e17239db4e.jpg,medium,0,0.00010701044811867177
652f4873689a83ee01585c4938c72d4a193e6e67f382c1b5d8125a8f03de2482,data/datasets/sid-set/candidate-1500/images/real/652f4873689a83ee01585c4938c72d4a193e6e67f382c1b5d8125a8f03de2482.jpg,high,0,0.0037324861623346806
653d89253da6c1f1dbd9cd55fc20c99dbdbfa2a2dfdaf3ce2cc7d5bb6c657f2d,data/datasets/sid-set/candidate-1500/images/fake/653d89253da6c1f1dbd9cd55fc20c99dbdbfa2a2dfdaf3ce2cc7d5bb6c657f2d.png,medium,1,0.9899196624755859
655179587453dbf9a4f3b7bd1772a599fa9727354a420be67b41b72790cab024,data/datasets/openfake/additional-900/images/real/655179587453dbf9a4f3b7bd1772a599fa9727354a420be67b41b72790cab024.jpg,medium,0,0.02852700650691986
656c6d653b361c1f1cf66cbba68e2fd0efab8ad24a62548af77f42abc9760b15,data/datasets/sid-set/candidate-1500/images/real/656c6d653b361c1f1cf66cbba68e2fd0efab8ad24a62548af77f42abc9760b15.jpg,low,0,0.643086850643158
6573a05e0f042ff897860af408a1e852567e14ff1b7861647f3f69c6a03a8017,data/datasets/sid-set/candidate-1500/images/fake/6573a05e0f042ff897860af408a1e852567e14ff1b7861647f3f69c6a03a8017.png,medium,1,0.9914430975914001
65915b5bce38beed603f025a2c675ca18b72ab5b065b7f069af2578062a3106e,data/datasets/sid-set/candidate-1500/images/fake/65915b5bce38beed603f025a2c675ca18b72ab5b065b7f069af2578062a3106e.png,low,1,0.999503493309021
659330a1f2249c111d7d4c9e85f34b9b1e57def3f8b4e13e85498914b29f8061,data/datasets/sid-set/candidate-1500/images/real/659330a1f2249c111d7d4c9e85f34b9b1e57def3f8b4e13e85498914b29f8061.jpg,low,0,0.8291833996772766
65aec9aa0fa6f174f645b5f3cb80d651b1f323e862175b92f3efb564c00a4764,data/datasets/openfake/additional-900/images/real/65aec9aa0fa6f174f645b5f3cb80d651b1f323e862175b92f3efb564c00a4764.jpg,medium,0,0.8985382914543152
65b4bc7009465d98a62eebac022758cbb0e459618c64ad52b0e37efebb10f877,data/datasets/openfake/additional-900/images/fake/65b4bc7009465d98a62eebac022758cbb0e459618c64ad52b0e37efebb10f877.png,medium,1,0.8713095188140869
65c12e6f65cba368dcecfc2a931c42980ade56a7018555ca9e1a3561be5cac6c,data/datasets/openfake/additional-900/images/real/65c12e6f65cba368dcecfc2a931c42980ade56a7018555ca9e1a3561be5cac6c.jpg,medium,0,0.40049314498901367
65e22c1aebb70755cf0889923750dd3e349ca0bdc313c542d1efce2067d95c58,data/datasets/sid-set/candidate-1500/images/real/65e22c1aebb70755cf0889923750dd3e349ca0bdc313c542d1efce2067d95c58.jpg,medium,0,0.7966927289962769
65edb2b5d37d8f107c692d52733dbc66b5f25f692052d2726b99765e822b0f2c,data/datasets/sid-set/candidate-1500/images/real/65edb2b5d37d8f107c692d52733dbc66b5f25f692052d2726b99765e822b0f2c.jpg,medium,0,0.5119175314903259
661465c0051cc2a32b7e0308728f2680b4bac2bc745cebc9ba670262d26d9684,data/datasets/openfake/additional-900/images/fake/661465c0051cc2a32b7e0308728f2680b4bac2bc745cebc9ba670262d26d9684.png,low,1,0.979901909828186
661d168ccaf6ba46979ec6d2f28d667a56b700f0ca434210cb5eeee11e94723e,data/datasets/openfake/additional-900/images/fake/661d168ccaf6ba46979ec6d2f28d667a56b700f0ca434210cb5eeee11e94723e.png,low,1,0.7964344024658203
66454cda10666ba074a74a6d4f396f6fea518319816d6ff6c0fe2769dd49a2cf,data/datasets/sid-set/candidate-1500/images/fake/66454cda10666ba074a74a6d4f396f6fea518319816d6ff6c0fe2769dd49a2cf.png,medium,1,0.9615723490715027
664878a4f78a74d56043eb9e097cdfe007457c001e8a881a1778becdae4106fe,data/datasets/sid-set/candidate-1500/images/fake/664878a4f78a74d56043eb9e097cdfe007457c001e8a881a1778becdae4106fe.png,medium,1,0.9879949688911438
664ebbfcfde81849303f05d41709140352ee89f7a8bad475c74f574ec766ab99,data/datasets/sid-set/candidate-1500/images/real/664ebbfcfde81849303f05d41709140352ee89f7a8bad475c74f574ec766ab99.jpg,medium,0,0.4271741509437561
66634d87c33103bc19f04b1eed51aff1ace7153a01d936eaa6bea4b35536d131,data/datasets/sid-set/candidate-1500/images/real/66634d87c33103bc19f04b1eed51aff1ace7153a01d936eaa6bea4b35536d131.jpg,low,0,0.5517230033874512
66784fcab41816cbe9a87974b6f0a3f7cbea10ef5797201144498f03bd1acb93,data/datasets/openfake/additional-900/images/fake/66784fcab41816cbe9a87974b6f0a3f7cbea10ef5797201144498f03bd1acb93.png,medium,1,0.6957513689994812
6684783d39370cad62e35792b5b8501a22969d42224f9803a88e849ece0969fc,data/datasets/openfake/pilot-600/images/real/6684783d39370cad62e35792b5b8501a22969d42224f9803a88e849ece0969fc.jpg,medium,0,0.17314857244491577
6686802ad82bdcfe8836fcbf97be5304612ca655919f5bf4fec51ce98c8193c0,data/datasets/openfake/pilot-600/images/fake/6686802ad82bdcfe8836fcbf97be5304612ca655919f5bf4fec51ce98c8193c0.png,medium,1,0.9785112738609314
6688f2e87b7938130440b335d728330bd18901634606a831d07306ce6c11a7ca,data/datasets/openfake/additional-900/images/real/6688f2e87b7938130440b335d728330bd18901634606a831d07306ce6c11a7ca.jpg,medium,0,0.07950369268655777
66bf7434d7333de2c74758090af8b4464566795679dadfaeb437f68d09c0865b,data/datasets/sid-set/candidate-1500/images/real/66bf7434d7333de2c74758090af8b4464566795679dadfaeb437f68d09c0865b.jpg,medium,0,0.09747041761875153
66cdce476b5de3679465c6e8b9f6435f41e9cbc5a01d6ea5fb0e034d3eb4776b,data/datasets/openfake/additional-900/images/real/66cdce476b5de3679465c6e8b9f6435f41e9cbc5a01d6ea5fb0e034d3eb4776b.jpg,medium,0,0.2984626591205597
66d1c75663ae34ad18d2851f9f84f8ea3d30d2db53494ff60c49e84435e3a26c,data/datasets/sid-set/candidate-1500/images/real/66d1c75663ae34ad18d2851f9f84f8ea3d30d2db53494ff60c49e84435e3a26c.jpg,medium,0,0.002823822433128953
66d53afefd8f37af30c4eacf5dc27b5759d0bb9880395d25f02ad7c0ea84c2db,data/datasets/sid-set/candidate-1500/images/fake/66d53afefd8f37af30c4eacf5dc27b5759d0bb9880395d25f02ad7c0ea84c2db.png,medium,1,0.9767416715621948
66ebebfe61092a58fefab8a3403ac3e8d0a4c79b08258d28f82f1bc20f5593c1,data/datasets/sid-set/candidate-1500/images/fake/66ebebfe61092a58fefab8a3403ac3e8d0a4c79b08258d28f82f1bc20f5593c1.png,medium,1,0.9464896321296692
66ebf6d15a78cfa7574b15fbaf9098911e684929eb06f95692d39ef2138c9b5c,data/datasets/openfake/additional-900/images/real/66ebf6d15a78cfa7574b15fbaf9098911e684929eb06f95692d39ef2138c9b5c.jpg,low,0,0.9669732451438904
66ec07f3268afb98181f2731532e73529c0f8f5063b1b1031364da558e81340b,data/datasets/sid-set/candidate-1500/images/real/66ec07f3268afb98181f2731532e73529c0f8f5063b1b1031364da558e81340b.jpg,medium,0,0.05110027268528938
67103560b7f48a342fcf54f428c4c0de9cc23370208290138e7c3aa46ceee49f,data/datasets/sid-set/candidate-1500/images/real/67103560b7f48a342fcf54f428c4c0de9cc23370208290138e7c3aa46ceee49f.jpg,medium,0,0.03212177753448486
6721c9afd2cdf9b930c1cc850b87224dcb850ca829d50e2ac2c04ee4afe1ecfb,data/datasets/sid-set/candidate-1500/images/fake/6721c9afd2cdf9b930c1cc850b87224dcb850ca829d50e2ac2c04ee4afe1ecfb.png,medium,1,0.9526663422584534
673a6e5cd26212a92e80c3e6b718005138ccb6f731bc10f1e00d7cd26410ce91,data/datasets/openfake/pilot-600/images/real/673a6e5cd26212a92e80c3e6b718005138ccb6f731bc10f1e00d7cd26410ce91.jpg,low,0,6.51496957289055e-05
6768aaecbdbb990bcf9544f30e0b066769d630ef6e1242621762520c3eefafc8,data/datasets/openfake/pilot-600/images/fake/6768aaecbdbb990bcf9544f30e0b066769d630ef6e1242621762520c3eefafc8.jpg,medium,1,0.847773015499115
679bb9a6a297c82d449849e2b18096083d645586cec4d48eb012ec03cd11f92a,data/datasets/sid-set/candidate-1500/images/fake/679bb9a6a297c82d449849e2b18096083d645586cec4d48eb012ec03cd11f92a.png,medium,1,0.9816170930862427
67bcae7cb7b01d98d49c5163eab96fa873c8ef30e7c0b3e509a0fb6f8c39dd90,data/datasets/openfake/pilot-600/images/fake/67bcae7cb7b01d98d49c5163eab96fa873c8ef30e7c0b3e509a0fb6f8c39dd90.png,high,1,0.9969586133956909
682718cebfe6e5533c3c32edda72d32bd2714930b5cf38c05fa5477592b833d7,data/datasets/openfake/additional-900/images/fake/682718cebfe6e5533c3c32edda72d32bd2714930b5cf38c05fa5477592b833d7.png,medium,1,0.9710564613342285
68310eebd324d08d87dc199636a5b118312dc7d086696d0cc88a243a033bf437,data/datasets/openfake/additional-900/images/real/68310eebd324d08d87dc199636a5b118312dc7d086696d0cc88a243a033bf437.png,low,0,0.8965715765953064
6835897ccb9f02871a2d62d05430193dff627471e4e6769f98b3aee91f32e2fc,data/datasets/sid-set/candidate-1500/images/real/6835897ccb9f02871a2d62d05430193dff627471e4e6769f98b3aee91f32e2fc.jpg,medium,0,0.04963904991745949
684a33b52966bed97e330ad9aa667d823625561c4d7aaa830e25bf5b993f9ec4,data/datasets/sid-set/candidate-1500/images/real/684a33b52966bed97e330ad9aa667d823625561c4d7aaa830e25bf5b993f9ec4.jpg,low,0,0.005543283652514219
685e75a856fc0c25228841d7263a8e5b505a5a1364f212dd2f846ea8bf6ce91f,data/datasets/sid-set/candidate-1500/images/real/685e75a856fc0c25228841d7263a8e5b505a5a1364f212dd2f846ea8bf6ce91f.jpg,medium,0,0.38530153036117554
68744dbcca42c640f20fca1d3e209eea8516e8796f6b1506f1107a3e745b3867,data/datasets/openfake/additional-900/images/real/68744dbcca42c640f20fca1d3e209eea8516e8796f6b1506f1107a3e745b3867.jpg,low,0,0.03231228142976761
689efe8e89302b0ae81cf020a5c4646078c804f56ff5bf55ab011f3e0fd14ac4,data/datasets/sid-set/candidate-1500/images/fake/689efe8e89302b0ae81cf020a5c4646078c804f56ff5bf55ab011f3e0fd14ac4.png,low,1,0.9856951832771301
68a3d31d164fc543cea2978b63173f0a26d29e9deb5749f138aeb4c15f8c25eb,data/datasets/openfake/pilot-600/images/real/68a3d31d164fc543cea2978b63173f0a26d29e9deb5749f138aeb4c15f8c25eb.jpg,medium,0,0.0013748635537922382
68a81f61491f9612bd71c160b1625648045423e05b1efe53da14472a1931bc05,data/datasets/openfake/additional-900/images/real/68a81f61491f9612bd71c160b1625648045423e05b1efe53da14472a1931bc05.jpg,medium,0,0.08831015974283218
68dfa19f9c378552dc703fdc4d3f3e02c5719c98ccc79494439c9ccbe5a54d6f,data/datasets/sid-set/candidate-1500/images/fake/68dfa19f9c378552dc703fdc4d3f3e02c5719c98ccc79494439c9ccbe5a54d6f.png,medium,1,0.924394965171814
68ebf76b0fc0bd06e3d72f2f08a935d04eeb0d93e558ae0b3d6273b7cdf5bde9,data/datasets/sid-set/candidate-1500/images/real/68ebf76b0fc0bd06e3d72f2f08a935d04eeb0d93e558ae0b3d6273b7cdf5bde9.jpg,medium,0,0.011074751615524292
69043932aeb8e7996820ea96f3d2af8587a6180b83fc90f275acaa022529507d,data/datasets/sid-set/candidate-1500/images/fake/69043932aeb8e7996820ea96f3d2af8587a6180b83fc90f275acaa022529507d.png,low,1,0.648264467716217
693a20425091c33eb3d9aa7f59c534700dd686af26257509a27e473b620eb3e4,data/datasets/openfake/pilot-600/images/real/693a20425091c33eb3d9aa7f59c534700dd686af26257509a27e473b620eb3e4.jpg,high,0,0.5875377655029297
69448d1017a30916f777a96e9ff75c7be1236691dad3401a6c1fb161cfee11ff,data/datasets/sid-set/candidate-1500/images/fake/69448d1017a30916f777a96e9ff75c7be1236691dad3401a6c1fb161cfee11ff.png,low,1,0.9549168944358826
6965fa89e9f7103ca53d09b3c5a65bad7d21c5c0b88f4f7b83811e3213844d0f,data/datasets/sid-set/candidate-1500/images/fake/6965fa89e9f7103ca53d09b3c5a65bad7d21c5c0b88f4f7b83811e3213844d0f.png,medium,1,0.931665301322937
696de1498a10e4eca3fd3f9771b5cc83775673df5d10a9a2044c25a119e300dc,data/datasets/sid-set/candidate-1500/images/real/696de1498a10e4eca3fd3f9771b5cc83775673df5d10a9a2044c25a119e300dc.jpg,low,0,0.13941581547260284
69c137cbe2067bb202aaad547c357ef2ff831f099ad15ab356ff2648ed16e8fb,data/datasets/sid-set/candidate-1500/images/fake/69c137cbe2067bb202aaad547c357ef2ff831f099ad15ab356ff2648ed16e8fb.png,low,1,0.967366099357605
69c641c9511ac4273bae9542588a910deded38aca885f41b00b51305d1e08cb7,data/datasets/openfake/pilot-600/images/fake/69c641c9511ac4273bae9542588a910deded38aca885f41b00b51305d1e08cb7.png,medium,1,0.9516782760620117
69de0c6e7d3ca10c8360280395826c018a2253ca47e0dc859d5e48194feda47d,data/datasets/sid-set/candidate-1500/images/fake/69de0c6e7d3ca10c8360280395826c018a2253ca47e0dc859d5e48194feda47d.png,low,1,0.7201681733131409
69e079abad5f5170d7d23c699b174ab94212190dcb0d6d01e99403923520d3e3,data/datasets/openfake/additional-900/images/fake/69e079abad5f5170d7d23c699b174ab94212190dcb0d6d01e99403923520d3e3.png,low,1,0.800220787525177
69ee5e572ac48f529d8b5d4be293cdffe65d8692f86ac792a8e6c22d49e0ebf3,data/datasets/sid-set/candidate-1500/images/real/69ee5e572ac48f529d8b5d4be293cdffe65d8692f86ac792a8e6c22d49e0ebf3.jpg,medium,0,0.15345165133476257
6a1447dd0b7267baa02f9f397f73de891cff8dfe44a1fae17356c9056d5c935d,data/datasets/openfake/additional-900/images/real/6a1447dd0b7267baa02f9f397f73de891cff8dfe44a1fae17356c9056d5c935d.jpg,low,0,0.951661229133606
6a33285abbc3d5846597b6619fb4474a27b840622dd3f4d4879a8b4d91c3f426,data/datasets/sid-set/candidate-1500/images/fake/6a33285abbc3d5846597b6619fb4474a27b840622dd3f4d4879a8b4d91c3f426.png,low,1,0.7911299467086792
6a4b688424ac4ae534366c3458edce650c975d0a8b4eb12c2fef740769e9e465,data/datasets/sid-set/candidate-1500/images/fake/6a4b688424ac4ae534366c3458edce650c975d0a8b4eb12c2fef740769e9e465.png,medium,1,0.9195567965507507
6a4f8a6c3d50a4e80192ba96671ae34cc494c968758eddd3b84e385e043190e0,data/datasets/sid-set/candidate-1500/images/real/6a4f8a6c3d50a4e80192ba96671ae34cc494c968758eddd3b84e385e043190e0.jpg,medium,0,0.01932739093899727
6a60e18fca7f61f3043640451826a74cf3d838591fc8b1e8f16e0c018dc629ef,data/datasets/openfake/additional-900/images/fake/6a60e18fca7f61f3043640451826a74cf3d838591fc8b1e8f16e0c018dc629ef.png,medium,1,0.4533096253871918
6b020f3bb6915f4dc9a2be68a4160df0c247a2a742643ce6ba616882b27eae35,data/datasets/openfake/additional-900/images/real/6b020f3bb6915f4dc9a2be68a4160df0c247a2a742643ce6ba616882b27eae35.jpg,low,0,0.04717130959033966
6b1440b888d54654d443b70b1bd4410c4eebca72089fd9b0502bb6bb72cf7d83,data/datasets/sid-set/candidate-1500/images/fake/6b1440b888d54654d443b70b1bd4410c4eebca72089fd9b0502bb6bb72cf7d83.png,low,1,0.8652244210243225
6b1a6da6ffa5d74df6ff0534735cd7c8fc584ed989ae0370ff9824fa2e27acb8,data/datasets/openfake/additional-900/images/fake/6b1a6da6ffa5d74df6ff0534735cd7c8fc584ed989ae0370ff9824fa2e27acb8.png,medium,1,0.8699100613594055
6b45fc8929661a521ecdc114325bdfd24d6ba9a11a995a75bc876229652407c8,data/datasets/sid-set/candidate-1500/images/real/6b45fc8929661a521ecdc114325bdfd24d6ba9a11a995a75bc876229652407c8.jpg,low,0,0.9989290833473206
6b5c4caa9f8c827cf1ac9b6e2501e0dc1b3490f37b3200bdc311c1fe537f298d,data/datasets/sid-set/candidate-1500/images/real/6b5c4caa9f8c827cf1ac9b6e2501e0dc1b3490f37b3200bdc311c1fe537f298d.jpg,medium,0,0.952121913433075
6b6a431123b4e99848b9496dc11a8bafb2173fcc511a76b4d746629656e88e51,data/datasets/sid-set/candidate-1500/images/fake/6b6a431123b4e99848b9496dc11a8bafb2173fcc511a76b4d746629656e88e51.png,medium,1,0.879123866558075
6b8bacc9f94d462909208ca6cf017a8bceefaf5430341d7281b3d04aa3948bc2,data/datasets/openfake/additional-900/images/fake/6b8bacc9f94d462909208ca6cf017a8bceefaf5430341d7281b3d04aa3948bc2.jpg,low,1,0.8732094764709473
6b93fd69341ce012a80c23320f635341df277026130a4323ef7b1a4b54b2a241,data/datasets/openfake/pilot-600/images/real/6b93fd69341ce012a80c23320f635341df277026130a4323ef7b1a4b54b2a241.jpg,medium,0,0.06465157121419907
6ba601f562c0167929f36be1969e771119bdd80d6bd786616a52306da167ee87,data/datasets/openfake/additional-900/images/fake/6ba601f562c0167929f36be1969e771119bdd80d6bd786616a52306da167ee87.jpg,medium,1,0.9381952285766602
6bc944cecbc1a01c868dd0129e46912a74111d34f14619257ee5c0262fbb93f7,data/datasets/sid-set/candidate-1500/images/fake/6bc944cecbc1a01c868dd0129e46912a74111d34f14619257ee5c0262fbb93f7.png,low,1,0.8783893585205078
6bcd11902bf1280b150d17934d4c8997bd89cfbc1560db92bcee1369006573d1,data/datasets/sid-set/candidate-1500/images/fake/6bcd11902bf1280b150d17934d4c8997bd89cfbc1560db92bcee1369006573d1.png,low,1,0.7284202575683594
6bdaeb2357d4f167fb27501e85543ec69401a62659f73a07b4145afc7b99e4b2,data/datasets/sid-set/candidate-1500/images/fake/6bdaeb2357d4f167fb27501e85543ec69401a62659f73a07b4145afc7b99e4b2.png,low,1,0.7435433268547058
6be8736f3c08ed8fc8eec1d31992235b6f3f24f2d18f6ec213b0105ab4e3fd2d,data/datasets/sid-set/candidate-1500/images/real/6be8736f3c08ed8fc8eec1d31992235b6f3f24f2d18f6ec213b0105ab4e3fd2d.jpg,low,0,0.831712543964386
6c1aa3919335fa9bbfcbe8366a2e716f31b726f6bb9115c5dd43d6396b271984,data/datasets/openfake/additional-900/images/real/6c1aa3919335fa9bbfcbe8366a2e716f31b726f6bb9115c5dd43d6396b271984.jpg,medium,0,0.10917584598064423
6c214f9227f769046bb878374ab6f349dd3c4d336a519d0a0b97988beb67422e,data/datasets/openfake/pilot-600/images/fake/6c214f9227f769046bb878374ab6f349dd3c4d336a519d0a0b97988beb67422e.png,medium,1,0.9915221929550171
6c35d8194182547646f5565dabc5f1f7ab04bdee7eece4ad083c32a1cd5d90b8,data/datasets/sid-set/candidate-1500/images/real/6c35d8194182547646f5565dabc5f1f7ab04bdee7eece4ad083c32a1cd5d90b8.jpg,medium,0,0.24858629703521729
6c3c126e9083caf94ee2402d33924f28978a3e4eeaebf81caf86bcd3c9f9b3c4,data/datasets/sid-set/candidate-1500/images/real/6c3c126e9083caf94ee2402d33924f28978a3e4eeaebf81caf86bcd3c9f9b3c4.jpg,low,0,0.07148399204015732
6c857503ce267cbc4313de2db31286bd5a89370d6723cbdbdb6384f4296fe8b6,data/datasets/sid-set/candidate-1500/images/fake/6c857503ce267cbc4313de2db31286bd5a89370d6723cbdbdb6384f4296fe8b6.png,medium,1,0.9266678690910339
6cb4850112a0aff78a8d8ddb5eed2e4a90ff6477a4b99792bebef518295f0e02,data/datasets/openfake/additional-900/images/real/6cb4850112a0aff78a8d8ddb5eed2e4a90ff6477a4b99792bebef518295f0e02.jpg,low,0,0.7935730218887329
6cbf056d63b08ec45e64ba7bdfe787d9340586fb91a0a2c12299d7b416009e90,data/datasets/openfake/additional-900/images/real/6cbf056d63b08ec45e64ba7bdfe787d9340586fb91a0a2c12299d7b416009e90.jpg,medium,0,0.011033080518245697
6d0bdedde6b0b83fdeffa49d2c2a731d531f9dca10ad30cca301e626cc3a06bf,data/datasets/sid-set/candidate-1500/images/fake/6d0bdedde6b0b83fdeffa49d2c2a731d531f9dca10ad30cca301e626cc3a06bf.png,medium,1,0.9606101512908936
6d120d09228578f1f213a629b1b9d736d63dd2bff9975d5e92a91913fec9f58e,data/datasets/sid-set/candidate-1500/images/real/6d120d09228578f1f213a629b1b9d736d63dd2bff9975d5e92a91913fec9f58e.jpg,medium,0,0.34882012009620667
6d2e4f96404cc20df76574797024769eb6ab7d95de8b9e8e991c7acf3211f8d0,data/datasets/sid-set/candidate-1500/images/fake/6d2e4f96404cc20df76574797024769eb6ab7d95de8b9e8e991c7acf3211f8d0.png,low,1,0.9681833982467651
6d3485970ff3d94b7010c9e9f8154d180a2628f4f16e5e5c9a47caf05baade07,data/datasets/sid-set/candidate-1500/images/real/6d3485970ff3d94b7010c9e9f8154d180a2628f4f16e5e5c9a47caf05baade07.jpg,medium,0,0.07131480425596237
6d3f50e988c6f57b936f67737f72fcbafc1f74973178ba11f5a8573cc3b628e0,data/datasets/openfake/pilot-600/images/real/6d3f50e988c6f57b936f67737f72fcbafc1f74973178ba11f5a8573cc3b628e0.jpg,low,0,0.8433245420455933
6d490936989a28fff2930ebc5ea5f8ff2bb02a8c0c61fff1e591037a01f6cb8c,data/datasets/openfake/pilot-600/images/real/6d490936989a28fff2930ebc5ea5f8ff2bb02a8c0c61fff1e591037a01f6cb8c.jpg,medium,0,0.1992965191602707
6d6c7c1d26a4855156cc8bcb735dbf23eb710ed98d1a8a54444ce5a2b929e5f9,data/datasets/sid-set/candidate-1500/images/real/6d6c7c1d26a4855156cc8bcb735dbf23eb710ed98d1a8a54444ce5a2b929e5f9.jpg,low,0,0.9951725602149963
6d6f2b26cfd5da01ae1a97c067afa6c8d5ca52f9ee17f2f7a487b1790fd7f737,data/datasets/sid-set/candidate-1500/images/fake/6d6f2b26cfd5da01ae1a97c067afa6c8d5ca52f9ee17f2f7a487b1790fd7f737.png,medium,1,0.9848247170448303
6d907b94a64bd6c32b0dcdb8e8df84fbd341b0c7504629157b541724db8b90e9,data/datasets/sid-set/candidate-1500/images/fake/6d907b94a64bd6c32b0dcdb8e8df84fbd341b0c7504629157b541724db8b90e9.png,medium,1,0.9795921444892883
6dd977ad5e664d3eeee021fa2e5daa9ff5cd24df75dcf709c66633194c70df48,data/datasets/openfake/additional-900/images/real/6dd977ad5e664d3eeee021fa2e5daa9ff5cd24df75dcf709c66633194c70df48.jpg,medium,0,0.2553609311580658
6dee5a0541187e17e1b2c80edac69c9deb3da97c1b7e1e7a44d089a9a8498491,data/datasets/openfake/additional-900/images/fake/6dee5a0541187e17e1b2c80edac69c9deb3da97c1b7e1e7a44d089a9a8498491.png,medium,1,0.966405987739563
6e12a0b8df430ef97a2ba87be70490e13adcd0aeb114a2355068e1629bef1d7a,data/datasets/openfake/additional-900/images/fake/6e12a0b8df430ef97a2ba87be70490e13adcd0aeb114a2355068e1629bef1d7a.png,low,1,0.22228285670280457
6e329c7f99c629d0b4d86effd47782aa9f1f2d9a554650050f4f8c968a4217e6,data/datasets/openfake/pilot-600/images/real/6e329c7f99c629d0b4d86effd47782aa9f1f2d9a554650050f4f8c968a4217e6.jpg,medium,0,0.0653805136680603
6e5e780ec57c887e38970954e1d6f1c5e62eaf249c34b8aa5b1d1a0628b6c08e,data/datasets/sid-set/candidate-1500/images/real/6e5e780ec57c887e38970954e1d6f1c5e62eaf249c34b8aa5b1d1a0628b6c08e.jpg,low,0,0.8445013165473938
6e994ab59887bdd227ec307832c32f565d4df693a61b83654395d455ff682dc9,data/datasets/openfake/pilot-600/images/fake/6e994ab59887bdd227ec307832c32f565d4df693a61b83654395d455ff682dc9.jpg,medium,1,0.7596787214279175
6e9dde5952b5a038c37ceb20f8670471b190048508ef7b93e4282f9887f5ce89,data/datasets/sid-set/candidate-1500/images/fake/6e9dde5952b5a038c37ceb20f8670471b190048508ef7b93e4282f9887f5ce89.png,medium,1,0.9529732465744019
6eba3ccf3bedda664d1c8422a4d54f4818ac7e8f1ce2f4f7ab558a86281d4179,data/datasets/sid-set/candidate-1500/images/fake/6eba3ccf3bedda664d1c8422a4d54f4818ac7e8f1ce2f4f7ab558a86281d4179.png,medium,1,0.9826535582542419
6ed882855088926bcfb8eb3db9cc42c2c63637d23d8d830a64b22a8d299b1a69,data/datasets/sid-set/candidate-1500/images/fake/6ed882855088926bcfb8eb3db9cc42c2c63637d23d8d830a64b22a8d299b1a69.png,low,1,0.9203307628631592
6edf3ff0f54eedc0717a1ada4e2023e6ed169b37f21dd36787bad5df102ad49b,data/datasets/openfake/additional-900/images/real/6edf3ff0f54eedc0717a1ada4e2023e6ed169b37f21dd36787bad5df102ad49b.jpg,medium,0,0.25010931491851807
6efe31afb087b7a213ea48b5baaa1b278b499d75ad9ce3fb6a64ba98055484c9,data/datasets/openfake/additional-900/images/fake/6efe31afb087b7a213ea48b5baaa1b278b499d75ad9ce3fb6a64ba98055484c9.png,low,1,0.9938706159591675
6f2b511fb82c458f812576cfa1bd987f9dfe998b2881d634c918e95176caa95a,data/datasets/openfake/pilot-600/images/real/6f2b511fb82c458f812576cfa1bd987f9dfe998b2881d634c918e95176caa95a.jpg,low,0,0.10098584741353989
6f4b0d6f94f8e97b057ef70c466cbb3404f243811c669db14030bc756cf1324e,data/datasets/sid-set/candidate-1500/images/real/6f4b0d6f94f8e97b057ef70c466cbb3404f243811c669db14030bc756cf1324e.jpg,medium,0,0.2763808071613312
6f605da3eed2d0984ac459361672be6f85c06deda2f3d2d98ec1b7c184d44152,data/datasets/sid-set/candidate-1500/images/real/6f605da3eed2d0984ac459361672be6f85c06deda2f3d2d98ec1b7c184d44152.jpg,medium,0,0.2640568017959595
6f749dd6cfba1f5d6a218179311622493a468c60ef1ff8337b0fc783f9c397d5,data/datasets/openfake/pilot-600/images/fake/6f749dd6cfba1f5d6a218179311622493a468c60ef1ff8337b0fc783f9c397d5.jpg,low,1,0.975909411907196
6f75bf091e1993e35dc86e628bc17853a72347896a2c14dd9b65e45126a3c45e,data/datasets/sid-set/candidate-1500/images/fake/6f75bf091e1993e35dc86e628bc17853a72347896a2c14dd9b65e45126a3c45e.png,low,1,0.9866467714309692
6f7f984ed2ea50137063456dbbcfd0e6ba5bc8311bac8e263856ae5b52f9fbcd,data/datasets/sid-set/candidate-1500/images/real/6f7f984ed2ea50137063456dbbcfd0e6ba5bc8311bac8e263856ae5b52f9fbcd.jpg,low,0,0.02838931605219841
6f80ce0f10889d499c1c0de0695b53d95d2bfb61143b1ed92824dfe02a66156b,data/datasets/openfake/additional-900/images/fake/6f80ce0f10889d499c1c0de0695b53d95d2bfb61143b1ed92824dfe02a66156b.png,medium,1,0.9987142086029053
6f871c3c64e0f4f05d4c6991d148b365348e5d7b1229f58087c38e4a2e6322fa,data/datasets/openfake/additional-900/images/fake/6f871c3c64e0f4f05d4c6991d148b365348e5d7b1229f58087c38e4a2e6322fa.png,medium,1,0.8663666248321533
6f92dede2a7387c227c02727d114874f88763cc8389ecc60cdface70aa258bd6,data/datasets/openfake/additional-900/images/fake/6f92dede2a7387c227c02727d114874f88763cc8389ecc60cdface70aa258bd6.png,medium,1,0.9994351267814636
6fd28a5382295822b7458b012d390e2378edf60cb4db5163550e4892c24db641,data/datasets/openfake/pilot-600/images/real/6fd28a5382295822b7458b012d390e2378edf60cb4db5163550e4892c24db641.jpg,medium,0,0.2789273262023926
6fef88a481af9792a4b340247bb67969229738a0d77c0869a91bf5c8ab068227,data/datasets/sid-set/candidate-1500/images/fake/6fef88a481af9792a4b340247bb67969229738a0d77c0869a91bf5c8ab068227.png,low,1,0.9483555555343628
6ff0b6c64e4ef01dc983d36657c55a14631621298bf944a74e19af935451afbf,data/datasets/sid-set/candidate-1500/images/real/6ff0b6c64e4ef01dc983d36657c55a14631621298bf944a74e19af935451afbf.jpg,medium,0,0.5614816546440125
6ffc0f0fc68804ef0520def60205f0ea9e39db0e685ba1ecc0c426fb9fa452a6,data/datasets/sid-set/candidate-1500/images/real/6ffc0f0fc68804ef0520def60205f0ea9e39db0e685ba1ecc0c426fb9fa452a6.jpg,low,0,0.5086430907249451
7004758cf10d44a3b406b1533382775a99f47d5f87e87646dbf72190ac7ccbbd,data/datasets/openfake/additional-900/images/real/7004758cf10d44a3b406b1533382775a99f47d5f87e87646dbf72190ac7ccbbd.png,low,0,0.8460565805435181
70079649bb5e67374a9504c7666249903f9ccd2b8088b8c6768dcbcda5553c6e,data/datasets/openfake/pilot-600/images/real/70079649bb5e67374a9504c7666249903f9ccd2b8088b8c6768dcbcda5553c6e.jpg,medium,0,0.6578634977340698
70210097a9375d45c49262416ca86f599677b5ff7d1ee47a9acb85d9d552f9e5,data/datasets/openfake/additional-900/images/real/70210097a9375d45c49262416ca86f599677b5ff7d1ee47a9acb85d9d552f9e5.jpg,low,0,0.37065038084983826
702a4890b4c6269bc5ac82e4ce37f73e2ca03adf9c9ab23b73a73fce3db09c65,data/datasets/sid-set/candidate-1500/images/real/702a4890b4c6269bc5ac82e4ce37f73e2ca03adf9c9ab23b73a73fce3db09c65.jpg,medium,0,0.01476124208420515
704c761b4ff6595e24387a4a06ed42512208793e84682efe20cf955a4aa12e37,data/datasets/openfake/additional-900/images/fake/704c761b4ff6595e24387a4a06ed42512208793e84682efe20cf955a4aa12e37.png,medium,1,0.8766413331031799
705d9ea6b21a5061464aca3d81d2c3bca975ceaa042565eba5bd86c5ea1aafbc,data/datasets/openfake/pilot-600/images/real/705d9ea6b21a5061464aca3d81d2c3bca975ceaa042565eba5bd86c5ea1aafbc.jpg,medium,0,0.3302476704120636
70a64e55cdc0c88d17d39d05263a38188dc0c601db04346c480f9f1c40d9406d,data/datasets/openfake/additional-900/images/fake/70a64e55cdc0c88d17d39d05263a38188dc0c601db04346c480f9f1c40d9406d.png,medium,1,0.908083975315094
70ac850399a2df17397e20c572beb7f260679ead16a799c735e45129b1ae083a,data/datasets/sid-set/candidate-1500/images/real/70ac850399a2df17397e20c572beb7f260679ead16a799c735e45129b1ae083a.jpg,medium,0,0.0035749482922255993
70b7f8eaffc28921e961fcd17c4950ce4b44910393e26d68b4ebaa16d3dae069,data/datasets/openfake/pilot-600/images/fake/70b7f8eaffc28921e961fcd17c4950ce4b44910393e26d68b4ebaa16d3dae069.png,medium,1,0.998272180557251
70c4d7e09c93702424470328ad73ab01ff0612e83998c65f91f0493d64244b6f,data/datasets/sid-set/candidate-1500/images/real/70c4d7e09c93702424470328ad73ab01ff0612e83998c65f91f0493d64244b6f.jpg,medium,0,0.9099873900413513
70c8e4f7ea3d7048f2f4aefb0254d160e6b1da3de252c0e058b2467438c6bba9,data/datasets/sid-set/candidate-1500/images/real/70c8e4f7ea3d7048f2f4aefb0254d160e6b1da3de252c0e058b2467438c6bba9.jpg,medium,0,0.4241805076599121
70dca709174c90654c4ce6d832a0a7e5cdd4b98231a37b53614cf9b585102861,data/datasets/sid-set/candidate-1500/images/real/70dca709174c90654c4ce6d832a0a7e5cdd4b98231a37b53614cf9b585102861.jpg,high,0,0.9243241548538208
7141da06945d58660ab8e5bae63a5dc98127f05aa881f070171dd34bd132d834,data/datasets/openfake/pilot-600/images/fake/7141da06945d58660ab8e5bae63a5dc98127f05aa881f070171dd34bd132d834.jpg,medium,1,0.12680818140506744
7144d5e3186fd9f708242c10455ec0f93e81998ebb924060557ba43d5d7c9b74,data/datasets/sid-set/candidate-1500/images/fake/7144d5e3186fd9f708242c10455ec0f93e81998ebb924060557ba43d5d7c9b74.png,medium,1,0.9695968627929688
71455c055e395f9a915cc06f11f4a0b10ab8ff8771cef47e298d06bf8cafd1a5,data/datasets/sid-set/candidate-1500/images/fake/71455c055e395f9a915cc06f11f4a0b10ab8ff8771cef47e298d06bf8cafd1a5.png,medium,1,0.9073606133460999
7155486bc956d86ec08291b1d5fd412b37bdc9bb7812eeb04e7f040383f855e9,data/datasets/openfake/additional-900/images/fake/7155486bc956d86ec08291b1d5fd412b37bdc9bb7812eeb04e7f040383f855e9.png,low,1,0.8864231705665588
715d25d6bd8e98447fb6e93d579ba673ffee537e860084d34b4dfdd2f8ddbded,data/datasets/sid-set/candidate-1500/images/fake/715d25d6bd8e98447fb6e93d579ba673ffee537e860084d34b4dfdd2f8ddbded.png,medium,1,0.9263469576835632
718425999d0d9a1a5e6fd574d86d604b9241143c81303c4d5efd3966e50f8833,data/datasets/sid-set/candidate-1500/images/real/718425999d0d9a1a5e6fd574d86d604b9241143c81303c4d5efd3966e50f8833.jpg,high,0,0.1544186919927597
71a1d5308b5f77a3fa38e7399411f7a1d26939a2066888c3e85ce5bd90610f94,data/datasets/openfake/pilot-600/images/real/71a1d5308b5f77a3fa38e7399411f7a1d26939a2066888c3e85ce5bd90610f94.jpg,medium,0,0.8024352788925171
71a413aa7a68d61919180d9eb48cc45565ff2e5eda39f9d0b286fdc48e37dd3f,data/datasets/openfake/additional-900/images/real/71a413aa7a68d61919180d9eb48cc45565ff2e5eda39f9d0b286fdc48e37dd3f.jpg,high,0,0.001754955155774951
71b3e0fb2143150992de2e41112f6e2e28ec28a1f60c5492bddc3fa36004088c,data/datasets/openfake/additional-900/images/real/71b3e0fb2143150992de2e41112f6e2e28ec28a1f60c5492bddc3fa36004088c.jpg,medium,0,0.1881559193134308
71bc95f877b9586d8d8d92c9f7db77424b595c4c5110d4a53ad0fb8cda601144,data/datasets/openfake/additional-900/images/fake/71bc95f877b9586d8d8d92c9f7db77424b595c4c5110d4a53ad0fb8cda601144.jpg,low,1,0.03544895723462105
7206bff6d13bd68031218da561c6d54fc49b5afea8dde33b72621a7e1271b618,data/datasets/sid-set/candidate-1500/images/real/7206bff6d13bd68031218da561c6d54fc49b5afea8dde33b72621a7e1271b618.jpg,low,0,0.8058066368103027
725d45040546098cb0c130fe43a9411979efad6dcb8b864732761f97e4dd40e3,data/datasets/openfake/additional-900/images/real/725d45040546098cb0c130fe43a9411979efad6dcb8b864732761f97e4dd40e3.jpg,medium,0,0.16190527379512787
72730d105c3c7013c8f2f058afe5f6883aa8b61c5d654f5616688c77a56c5514,data/datasets/openfake/pilot-600/images/fake/72730d105c3c7013c8f2f058afe5f6883aa8b61c5d654f5616688c77a56c5514.png,medium,1,0.9611151218414307
72a8e3c675623c1587f80372aa19d9c043848b602044d984faacf469da344d0f,data/datasets/sid-set/candidate-1500/images/fake/72a8e3c675623c1587f80372aa19d9c043848b602044d984faacf469da344d0f.png,medium,1,0.649396538734436
72dcf37742f15e59380689af91c0dc2b04db0cd3c4d7d548eb743a5ee03a4916,data/datasets/openfake/additional-900/images/real/72dcf37742f15e59380689af91c0dc2b04db0cd3c4d7d548eb743a5ee03a4916.jpg,low,0,0.0014644376933574677
72e5bdcd0e437f4f32fc5f7ec74e012281fbab9b80202198e938908ce9acbb36,data/datasets/sid-set/candidate-1500/images/real/72e5bdcd0e437f4f32fc5f7ec74e012281fbab9b80202198e938908ce9acbb36.jpg,medium,0,0.07923763990402222
732a9f7422f09fe4103246c4f4ddceb70ed2c1dd835b3e78a844e7c511327b75,data/datasets/openfake/additional-900/images/fake/732a9f7422f09fe4103246c4f4ddceb70ed2c1dd835b3e78a844e7c511327b75.png,low,1,0.9951666593551636
73627aa8f931e00a4934ade6dd22e8c37b477febfe14302eff30a92899bf9654,data/datasets/openfake/additional-900/images/fake/73627aa8f931e00a4934ade6dd22e8c37b477febfe14302eff30a92899bf9654.webp,medium,1,0.06650950759649277
736a5a2bfa29ad16a361af483deeadc73b9a714af7a411ed90fc331826aae432,data/datasets/openfake/additional-900/images/fake/736a5a2bfa29ad16a361af483deeadc73b9a714af7a411ed90fc331826aae432.png,low,1,0.7924139499664307
7373a545a7d4299bbaba9a8bfb71f8ec36c0ea58cde0b16b55bc12da62c15122,data/datasets/openfake/additional-900/images/fake/7373a545a7d4299bbaba9a8bfb71f8ec36c0ea58cde0b16b55bc12da62c15122.png,medium,1,0.38162341713905334
738652d0d05b975d9ea9b268144514a1378626df6afa982ddace2885d9abc496,data/datasets/sid-set/candidate-1500/images/fake/738652d0d05b975d9ea9b268144514a1378626df6afa982ddace2885d9abc496.png,medium,1,0.9955087900161743
73a204e8592e8de513bcb6383fd11e0991a6b87ece8735b00e867d89e5aa8456,data/datasets/sid-set/candidate-1500/images/real/73a204e8592e8de513bcb6383fd11e0991a6b87ece8735b00e867d89e5aa8456.jpg,medium,0,0.7965391874313354
73ace201487ffe965dbb064b575a6d8064280b48a9e98d7e1a7534ee7944f10d,data/datasets/sid-set/candidate-1500/images/real/73ace201487ffe965dbb064b575a6d8064280b48a9e98d7e1a7534ee7944f10d.jpg,medium,0,0.9379863739013672
73f01f5a02da5c17587120f293537d7360da207f3e7e717184b4bddeb4a9eca7,data/datasets/openfake/additional-900/images/fake/73f01f5a02da5c17587120f293537d7360da207f3e7e717184b4bddeb4a9eca7.png,low,1,0.961236834526062
73fe48cc20b16b518e7d8fc9d3537981f5dddd79da4248f075e00144ea638d06,data/datasets/sid-set/candidate-1500/images/real/73fe48cc20b16b518e7d8fc9d3537981f5dddd79da4248f075e00144ea638d06.jpg,medium,0,0.5575246810913086
74125b0e5af4ec68a88f987573f0fdfa2d067556c010d33d3601cb79247327d0,data/datasets/openfake/additional-900/images/fake/74125b0e5af4ec68a88f987573f0fdfa2d067556c010d33d3601cb79247327d0.png,medium,1,0.9493308067321777
742d0d08ca7253bd39793f915d738e80b6af835f8228f2b7b58e007ccfc6ea39,data/datasets/sid-set/candidate-1500/images/fake/742d0d08ca7253bd39793f915d738e80b6af835f8228f2b7b58e007ccfc6ea39.png,medium,1,0.9355891942977905
74339d444392b3c1245f996a14d340b4b4afcdd6e1a751759ec6e61fd16e4f44,data/datasets/openfake/additional-900/images/fake/74339d444392b3c1245f996a14d340b4b4afcdd6e1a751759ec6e61fd16e4f44.png,low,1,0.9999220371246338
74b8a598ad6d727a5a89894bc04b4042a5d86e4fa82a78b2647fc23b26081475,data/datasets/sid-set/candidate-1500/images/real/74b8a598ad6d727a5a89894bc04b4042a5d86e4fa82a78b2647fc23b26081475.jpg,medium,0,0.23255661129951477
74c1953e708c974092f9498bd6ca2d12862b26c48139f4724d5f26d95668ce60,data/datasets/sid-set/candidate-1500/images/fake/74c1953e708c974092f9498bd6ca2d12862b26c48139f4724d5f26d95668ce60.png,low,1,0.9738743305206299
74cdc10cac55834f7a069a7b4d5403e51dd14167abd0a2d574acaef2af711115,data/datasets/sid-set/candidate-1500/images/fake/74cdc10cac55834f7a069a7b4d5403e51dd14167abd0a2d574acaef2af711115.png,medium,1,0.9794819951057434
74eea140d46b745f321641b6e37b55aa97e8c6b54b02440d7585c539f0a2c0dc,data/datasets/openfake/pilot-600/images/real/74eea140d46b745f321641b6e37b55aa97e8c6b54b02440d7585c539f0a2c0dc.jpg,high,0,0.0011960947886109352
750b1786b6d55bdb8600aff43d0e793bf73a833005b8313b7ab446d11907d797,data/datasets/openfake/pilot-600/images/fake/750b1786b6d55bdb8600aff43d0e793bf73a833005b8313b7ab446d11907d797.png,medium,1,0.9976422190666199
750da4c4929cf25c6150baaed9856cd871a3ada180c5f8148677037b61c9e32a,data/datasets/openfake/pilot-600/images/real/750da4c4929cf25c6150baaed9856cd871a3ada180c5f8148677037b61c9e32a.jpg,medium,0,0.3417275547981262
7515b6800b681eb21faccb88df3708211e39aa9668eb5cd3bc62cbad8064f1ac,data/datasets/sid-set/candidate-1500/images/real/7515b6800b681eb21faccb88df3708211e39aa9668eb5cd3bc62cbad8064f1ac.jpg,high,0,0.00980647373944521
752314720c1eed19fd95ce1e0b4a6232295985587782ecd2ba1bff58326b2f3b,data/datasets/openfake/additional-900/images/fake/752314720c1eed19fd95ce1e0b4a6232295985587782ecd2ba1bff58326b2f3b.png,medium,1,0.7404829263687134
7529ebe99e8724293170a85bbf2c805d8a5b3421be0818e5f79a16d0d7bef0c9,data/datasets/openfake/additional-900/images/fake/7529ebe99e8724293170a85bbf2c805d8a5b3421be0818e5f79a16d0d7bef0c9.png,medium,1,0.9947525262832642
754ec0479e61d701421b63a5d9beeba1f574c8b750d29f6c036672e406afbd50,data/datasets/openfake/additional-900/images/real/754ec0479e61d701421b63a5d9beeba1f574c8b750d29f6c036672e406afbd50.jpg,medium,0,0.001040444360114634
755da03f844bcfc466e159fafbb9fc301cf1951ab6799f4267c98528adf96e58,data/datasets/openfake/additional-900/images/fake/755da03f844bcfc466e159fafbb9fc301cf1951ab6799f4267c98528adf96e58.png,medium,1,0.7498739957809448
7599d0f0117a5a947de5d92d6c81a53938547a978ccd10db8330ed13cbbd72c6,data/datasets/openfake/additional-900/images/real/7599d0f0117a5a947de5d92d6c81a53938547a978ccd10db8330ed13cbbd72c6.jpg,low,0,0.5702083706855774
75c97689c4126590e2eabb5af3201262e9db4bcfa2512c07017f7abed13d25e6,data/datasets/sid-set/candidate-1500/images/real/75c97689c4126590e2eabb5af3201262e9db4bcfa2512c07017f7abed13d25e6.jpg,medium,0,0.06788818538188934
75e47b4cd903f2d21bc96f1252b319dbc004b8351fa9a12232c5b8661e922e4d,data/datasets/openfake/additional-900/images/real/75e47b4cd903f2d21bc96f1252b319dbc004b8351fa9a12232c5b8661e922e4d.jpg,medium,0,8.505563164362684e-05
75f2e76e96ed27918f7ff5c684eab249a518a3c318719f2e87846f50f67efc1b,data/datasets/openfake/additional-900/images/fake/75f2e76e96ed27918f7ff5c684eab249a518a3c318719f2e87846f50f67efc1b.png,low,1,0.9580610394477844
75feee742e9b8e0bcb6f06ec52bdbf72fab911c82c183c752b0eb7800794f318,data/datasets/sid-set/candidate-1500/images/fake/75feee742e9b8e0bcb6f06ec52bdbf72fab911c82c183c752b0eb7800794f318.png,low,1,0.994721531867981
764cf27cf7e0364dea1f13bc9a0118631c626d3e89f231089feb64499c935d70,data/datasets/openfake/pilot-600/images/fake/764cf27cf7e0364dea1f13bc9a0118631c626d3e89f231089feb64499c935d70.png,low,1,0.9927077889442444
7652f7d972c008a40b88c9a67fdd5bd0395863aa9bff14d81717a5a156b2f87a,data/datasets/sid-set/candidate-1500/images/real/7652f7d972c008a40b88c9a67fdd5bd0395863aa9bff14d81717a5a156b2f87a.jpg,medium,0,0.008514957502484322
7677c2739a85bba3ab01202196061fa2c0cf2ab6b98ec6e297ee0e9cd1ca3f32,data/datasets/sid-set/candidate-1500/images/real/7677c2739a85bba3ab01202196061fa2c0cf2ab6b98ec6e297ee0e9cd1ca3f32.jpg,medium,0,0.10834717750549316
767fbae07f5b472811c513c212c8bc8e1b1346e7be6e70cdd8a7d1f28caf2a57,data/datasets/sid-set/candidate-1500/images/real/767fbae07f5b472811c513c212c8bc8e1b1346e7be6e70cdd8a7d1f28caf2a57.jpg,low,0,0.27684396505355835
7693687a47bfd68f70514b08323af2dc3a1922d753f5855e96092b9bf983e500,data/datasets/sid-set/candidate-1500/images/real/7693687a47bfd68f70514b08323af2dc3a1922d753f5855e96092b9bf983e500.jpg,medium,0,0.8777269124984741
76aa711b25a405880bfd483ffc6cb764d9bab78b55fac2400e42d153d87179dd,data/datasets/openfake/pilot-600/images/real/76aa711b25a405880bfd483ffc6cb764d9bab78b55fac2400e42d153d87179dd.jpg,medium,0,0.004010628443211317
76c0b98017d4b95168d43bf25b750911a71fe057aa89ef8cc92744065aaee63e,data/datasets/openfake/additional-900/images/real/76c0b98017d4b95168d43bf25b750911a71fe057aa89ef8cc92744065aaee63e.jpg,low,0,0.6646935343742371
77177c991b13748ef87eafd59f19805f8f98d09145505b3619f561d84d0260d2,data/datasets/openfake/additional-900/images/fake/77177c991b13748ef87eafd59f19805f8f98d09145505b3619f561d84d0260d2.jpg,medium,1,0.024501755833625793
771ff579728a7325e192f87ca59b18a72f89a938648015fbc10497a96c8798da,data/datasets/openfake/additional-900/images/real/771ff579728a7325e192f87ca59b18a72f89a938648015fbc10497a96c8798da.jpg,medium,0,0.5862001776695251
77289796f4c98eb0448211aef42d9269c5c404ae6cb4cba245e9011c80e9aba8,data/datasets/sid-set/candidate-1500/images/real/77289796f4c98eb0448211aef42d9269c5c404ae6cb4cba245e9011c80e9aba8.jpg,medium,0,0.09363546222448349
7733241418bbda447c258037ed5182ec9ad4cd43855edfbe379ba14f6851dbed,data/datasets/openfake/additional-900/images/real/7733241418bbda447c258037ed5182ec9ad4cd43855edfbe379ba14f6851dbed.jpg,medium,0,0.022723983973264694
7735880ee022eed0d45301631f2d5f39dea00d6b517f27424119c7c7e5c0a696,data/datasets/sid-set/candidate-1500/images/real/7735880ee022eed0d45301631f2d5f39dea00d6b517f27424119c7c7e5c0a696.jpg,low,0,0.35339778661727905
7736baef42d9dcdd78f18a7e8d48907fb78153650fcea5aa1e61e9520e3de3e5,data/datasets/sid-set/candidate-1500/images/real/7736baef42d9dcdd78f18a7e8d48907fb78153650fcea5aa1e61e9520e3de3e5.jpg,medium,0,0.12382787466049194
7745ce3263d1c611692552f719756afe6dfdeab87903c80a8dfdd124e400fd4b,data/datasets/openfake/additional-900/images/fake/7745ce3263d1c611692552f719756afe6dfdeab87903c80a8dfdd124e400fd4b.png,medium,1,0.8120721578598022
775391a468799350ecdeb4a0e60af47ec93609b2f3bd12e8081249e4e23cce15,data/datasets/openfake/additional-900/images/fake/775391a468799350ecdeb4a0e60af47ec93609b2f3bd12e8081249e4e23cce15.png,medium,1,0.8055062294006348
775d1a149b575d0c52430f930f013e5b131531ee313c8f35e6646bb5ac872f3c,data/datasets/openfake/additional-900/images/real/775d1a149b575d0c52430f930f013e5b131531ee313c8f35e6646bb5ac872f3c.jpg,medium,0,0.9922263622283936
77634dd74b9242a22810fbeedb46f528ccbdfc345bd66d8cfeb7e7103eca3c04,data/datasets/openfake/pilot-600/images/fake/77634dd74b9242a22810fbeedb46f528ccbdfc345bd66d8cfeb7e7103eca3c04.png,medium,1,0.7273733615875244
777e4808d48b18afd0a7fa9b337084ff5d830bcc062e5faf0e38f4604278219b,data/datasets/sid-set/candidate-1500/images/fake/777e4808d48b18afd0a7fa9b337084ff5d830bcc062e5faf0e38f4604278219b.png,medium,1,0.8943285942077637
778556f6f02b5594634a7674a0307e078e22f808327fa031a033fac33f3b0fc6,data/datasets/sid-set/candidate-1500/images/real/778556f6f02b5594634a7674a0307e078e22f808327fa031a033fac33f3b0fc6.jpg,medium,0,0.9230124950408936
779a5d7156c1e3876e6e68fa5b19035b333609c9209c6313d04382421807926b,data/datasets/openfake/pilot-600/images/real/779a5d7156c1e3876e6e68fa5b19035b333609c9209c6313d04382421807926b.jpg,medium,0,0.00010373286932008341
77af1aec3ee0f841c61b080be270d518a68fb78a1dd14cd2d32bae7962484cb8,data/datasets/openfake/pilot-600/images/fake/77af1aec3ee0f841c61b080be270d518a68fb78a1dd14cd2d32bae7962484cb8.png,low,1,0.998275637626648
77b0ad3bdba2a8bbbfb052498b360f5616fc238f7869a33593d7ae1a7fde3376,data/datasets/sid-set/candidate-1500/images/real/77b0ad3bdba2a8bbbfb052498b360f5616fc238f7869a33593d7ae1a7fde3376.jpg,medium,0,0.5397665500640869
77c37d0d40b56b32a3bc8cdb92c99f7fc4a6ef29b81f8dcdb45560d65739d52b,data/datasets/sid-set/candidate-1500/images/real/77c37d0d40b56b32a3bc8cdb92c99f7fc4a6ef29b81f8dcdb45560d65739d52b.jpg,low,0,0.041050054132938385
77c43e2fd3dd2c908bf67f49890590f6834c127454322aaf3770008eed3b10fb,data/datasets/sid-set/candidate-1500/images/real/77c43e2fd3dd2c908bf67f49890590f6834c127454322aaf3770008eed3b10fb.jpg,medium,0,0.0010805235942825675
77dfa0d7abc2e44d1956ad4e2d782d9d4fbec12d69a640ca6d501b39a1a5ff60,data/datasets/sid-set/candidate-1500/images/real/77dfa0d7abc2e44d1956ad4e2d782d9d4fbec12d69a640ca6d501b39a1a5ff60.jpg,low,0,0.2016812115907669
77e7efed817f521642a7b2856c4714fa37a4da37094f6a530a007bf1bb167fa8,data/datasets/openfake/additional-900/images/real/77e7efed817f521642a7b2856c4714fa37a4da37094f6a530a007bf1bb167fa8.jpg,medium,0,0.6210206747055054
78255a63ffa6df6f53b149b2ad2630c331cd9becd311372ffaa26086d5cc3cb1,data/datasets/openfake/pilot-600/images/real/78255a63ffa6df6f53b149b2ad2630c331cd9becd311372ffaa26086d5cc3cb1.jpg,medium,0,0.0012926174094900489
7826ffe3562bfec183b0e1b4a2af4c76f8d26273535f4165756fd8dff66fcabe,data/datasets/openfake/additional-900/images/fake/7826ffe3562bfec183b0e1b4a2af4c76f8d26273535f4165756fd8dff66fcabe.png,low,1,0.9993306398391724
783906ac73c518a9bd63ef7926f3511b66060e3c8813112873bbe86055adb218,data/datasets/sid-set/candidate-1500/images/fake/783906ac73c518a9bd63ef7926f3511b66060e3c8813112873bbe86055adb218.png,medium,1,0.9834287762641907
7870a49e2d9a6d30946984447b8358b87db072268ae95fea528d2c8403139c8a,data/datasets/openfake/pilot-600/images/real/7870a49e2d9a6d30946984447b8358b87db072268ae95fea528d2c8403139c8a.jpg,high,0,0.09829438477754593
78967e6c59f2c35741dd05f349ee710450788e992ff9a89f66b61ce67368f29e,data/datasets/sid-set/candidate-1500/images/real/78967e6c59f2c35741dd05f349ee710450788e992ff9a89f66b61ce67368f29e.jpg,medium,0,0.0685870572924614
78a2deef48bb0d458b7ab27ef4a4e10ac87efdec6752b4ac709b80a6bb115e88,data/datasets/openfake/pilot-600/images/fake/78a2deef48bb0d458b7ab27ef4a4e10ac87efdec6752b4ac709b80a6bb115e88.jpg,low,1,0.07127539813518524
78a6d28af57d4d2529ab4c9efeee7b0e300741edaef87ba1f445c3fd7ef214fe,data/datasets/sid-set/candidate-1500/images/fake/78a6d28af57d4d2529ab4c9efeee7b0e300741edaef87ba1f445c3fd7ef214fe.png,medium,1,0.9682783484458923
78b3daf075af0c606ea9808912abcb54558b427ebc212d72efc7c62b69b6936f,data/datasets/openfake/additional-900/images/real/78b3daf075af0c606ea9808912abcb54558b427ebc212d72efc7c62b69b6936f.jpg,low,0,0.32637864351272583
78ba61b6ecab1a19bb167ef8dc2669ff28030b6363078688e15d948649a64bdb,data/datasets/sid-set/candidate-1500/images/fake/78ba61b6ecab1a19bb167ef8dc2669ff28030b6363078688e15d948649a64bdb.png,low,1,0.9555436968803406
78c9f37a9432bf04aae6b181735b22ce30c105bcf6c516363135cb582a81a9c6,data/datasets/openfake/additional-900/images/fake/78c9f37a9432bf04aae6b181735b22ce30c105bcf6c516363135cb582a81a9c6.jpg,low,1,0.9254740476608276
78e9d6ecdf4644797826f768cd028d10cbb8550fd666494491fcbdd9403c1393,data/datasets/sid-set/candidate-1500/images/real/78e9d6ecdf4644797826f768cd028d10cbb8550fd666494491fcbdd9403c1393.jpg,medium,0,0.004730712156742811
79062dc43b02c76d3e84138de0f958a1f915ae803ec6bc6c535c6cf9b5ede12f,data/datasets/sid-set/candidate-1500/images/real/79062dc43b02c76d3e84138de0f958a1f915ae803ec6bc6c535c6cf9b5ede12f.jpg,medium,0,0.6330966353416443
79a2ca2c7c5516febe7bd8c812b2ef770d9de3857b4d2a13979ba4c4c46139f2,data/datasets/sid-set/candidate-1500/images/fake/79a2ca2c7c5516febe7bd8c812b2ef770d9de3857b4d2a13979ba4c4c46139f2.png,low,1,0.9846740961074829
79b0c5a05ee04a637dacf4c9e7a10d62bc6b0768615321cf9785e8949c01494a,data/datasets/sid-set/candidate-1500/images/real/79b0c5a05ee04a637dacf4c9e7a10d62bc6b0768615321cf9785e8949c01494a.jpg,medium,0,0.0649627149105072
79d57f0594272c20faf2e9486549ceda03ad3ad2d2c346c5530ce3a8ca458aab,data/datasets/openfake/additional-900/images/fake/79d57f0594272c20faf2e9486549ceda03ad3ad2d2c346c5530ce3a8ca458aab.jpg,medium,1,0.5388296246528625
7a1333dda46b7db2b2a86021863eb54aa43cdff46f7ea285be8c64f4593879c6,data/datasets/openfake/additional-900/images/fake/7a1333dda46b7db2b2a86021863eb54aa43cdff46f7ea285be8c64f4593879c6.jpg,low,1,0.2049986571073532
7a23cc6241603203e26651f582ef143e66c9f34949d44c2ff3b7ef2c3de7ade2,data/datasets/openfake/pilot-600/images/real/7a23cc6241603203e26651f582ef143e66c9f34949d44c2ff3b7ef2c3de7ade2.jpg,low,0,0.9190161228179932
7a3a1da3f38244b16d43f10d51b5c269270af028cf1ed4d3bcba3c8c4bdf4f68,data/datasets/sid-set/candidate-1500/images/fake/7a3a1da3f38244b16d43f10d51b5c269270af028cf1ed4d3bcba3c8c4bdf4f68.png,medium,1,0.8470245003700256
7a507b97c1247b2f7c0fa25ce85a611d58526c8fbd1b65c91183f231e3578b96,data/datasets/sid-set/candidate-1500/images/real/7a507b97c1247b2f7c0fa25ce85a611d58526c8fbd1b65c91183f231e3578b96.jpg,high,0,0.09327913820743561
7a5a420db1c0016b05f9c41ff0d1a4008316c110d05778d70a218ce48086c0cb,data/datasets/sid-set/candidate-1500/images/fake/7a5a420db1c0016b05f9c41ff0d1a4008316c110d05778d70a218ce48086c0cb.png,medium,1,0.9909362196922302
7a802308ef82d19f411ef43caf2f8f3164b6120b9e9c249235f812e8c5ae0cd8,data/datasets/sid-set/candidate-1500/images/fake/7a802308ef82d19f411ef43caf2f8f3164b6120b9e9c249235f812e8c5ae0cd8.png,medium,1,0.9975836277008057
7aa24c7e73f7ab6d011e3c03350f075f6d71813cf0b32a73a1734906f19e0671,data/datasets/sid-set/candidate-1500/images/fake/7aa24c7e73f7ab6d011e3c03350f075f6d71813cf0b32a73a1734906f19e0671.png,medium,1,0.9915611147880554
7acbdd73d03a7f2edbd3ede8be63c886f542a5593cf340a46ba9b27dce7bd9c2,data/datasets/sid-set/candidate-1500/images/real/7acbdd73d03a7f2edbd3ede8be63c886f542a5593cf340a46ba9b27dce7bd9c2.jpg,medium,0,0.05266100540757179
7b09ddf679d80491837edb0cea5c8d24a3cdce5af3ce4d238468edfbf628bc65,data/datasets/sid-set/candidate-1500/images/fake/7b09ddf679d80491837edb0cea5c8d24a3cdce5af3ce4d238468edfbf628bc65.png,low,1,0.9867688417434692
7b2a1ca4a51a0c7fa61962c0d7b39ba61676a7ad961e44142f95938fb68915cc,data/datasets/openfake/additional-900/images/fake/7b2a1ca4a51a0c7fa61962c0d7b39ba61676a7ad961e44142f95938fb68915cc.webp,low,1,0.26682084798812866
7b2e94deb04f83f71f95b75dc6559806e304cd2f1f1131cb5a43471ee50cc89f,data/datasets/openfake/additional-900/images/fake/7b2e94deb04f83f71f95b75dc6559806e304cd2f1f1131cb5a43471ee50cc89f.png,medium,1,0.9868549108505249
7b367b9d26641f1af525bb035347e524a96e3aa9cf313d7a418edcde947d5f6a,data/datasets/sid-set/candidate-1500/images/fake/7b367b9d26641f1af525bb035347e524a96e3aa9cf313d7a418edcde947d5f6a.png,low,1,0.9840925931930542
7b5e2ccee5129a916f8a7d188e0fe3f459a9f288cc15952f4eb1029b536eded5,data/datasets/sid-set/candidate-1500/images/fake/7b5e2ccee5129a916f8a7d188e0fe3f459a9f288cc15952f4eb1029b536eded5.png,low,1,0.9023326635360718
7b63d57f9d84013367d2e71ddc702543b8aec657c93ebecfae6a0bbadc843229,data/datasets/sid-set/candidate-1500/images/fake/7b63d57f9d84013367d2e71ddc702543b8aec657c93ebecfae6a0bbadc843229.png,low,1,0.9976338148117065
7b716578066f6aae70850d82a67c81f43ce453a2171069a9f7c54152f1a0c315,data/datasets/sid-set/candidate-1500/images/real/7b716578066f6aae70850d82a67c81f43ce453a2171069a9f7c54152f1a0c315.jpg,low,0,0.9671369194984436
7b775b5b0165109298c7f70606db55431acc2a12beb18f8f67cd496833dce02b,data/datasets/sid-set/candidate-1500/images/fake/7b775b5b0165109298c7f70606db55431acc2a12beb18f8f67cd496833dce02b.png,medium,1,0.9169940948486328
7b9780fbc4e2f721837586a2f908b063c93c1b5883b3ab1e5dc0326aaf5262bd,data/datasets/sid-set/candidate-1500/images/real/7b9780fbc4e2f721837586a2f908b063c93c1b5883b3ab1e5dc0326aaf5262bd.jpg,low,0,0.9911974668502808
7ba89be293e6ebe7fd23565f723160e19063f28ea7d0c42c2718a39f0cf32dae,data/datasets/sid-set/candidate-1500/images/fake/7ba89be293e6ebe7fd23565f723160e19063f28ea7d0c42c2718a39f0cf32dae.png,medium,1,0.971310019493103
7bae8debc599b64eed4a22ff8b36685a484af6c2b65da1bdc47de30f376e38a9,data/datasets/openfake/pilot-600/images/fake/7bae8debc599b64eed4a22ff8b36685a484af6c2b65da1bdc47de30f376e38a9.png,medium,1,0.9793319702148438
7bbfe3787ee35fcbd73d7d595f13c2c88dacf00d5783ec1402b3e5a7744e3e1b,data/datasets/openfake/additional-900/images/real/7bbfe3787ee35fcbd73d7d595f13c2c88dacf00d5783ec1402b3e5a7744e3e1b.jpg,medium,0,0.05716174840927124
7bc7f1ad8e58f6528d2328dfdef6f9aa2a518feba0b22b329ef7db37af120dca,data/datasets/openfake/pilot-600/images/real/7bc7f1ad8e58f6528d2328dfdef6f9aa2a518feba0b22b329ef7db37af120dca.jpg,medium,0,0.6249752044677734
7bd10ce59dad8c908448c18374d8e51baa10a3902d81f69331bdcea4c0739685,data/datasets/openfake/additional-900/images/fake/7bd10ce59dad8c908448c18374d8e51baa10a3902d81f69331bdcea4c0739685.png,medium,1,0.433134526014328
7be2d13c96f01448be47a95c2ed2cb7a40a3caa7780965a118c2d452604f6913,data/datasets/sid-set/candidate-1500/images/fake/7be2d13c96f01448be47a95c2ed2cb7a40a3caa7780965a118c2d452604f6913.png,medium,1,0.822057843208313
7be44606d8691c77cce1ccd0ec88b73779edc2169115112474b7108183f808f7,data/datasets/openfake/pilot-600/images/fake/7be44606d8691c77cce1ccd0ec88b73779edc2169115112474b7108183f808f7.png,medium,1,0.4582006633281708
7bf41e09a14279201d5d815eb16831c7db2b7a1ef307af5b6520089f5f59ba61,data/datasets/sid-set/candidate-1500/images/real/7bf41e09a14279201d5d815eb16831c7db2b7a1ef307af5b6520089f5f59ba61.jpg,medium,0,0.344685822725296
7bfcd1ecd23cb53efabb081060ff5b367c31fb0cbbd9a9a8dca5c50476a2af62,data/datasets/openfake/additional-900/images/fake/7bfcd1ecd23cb53efabb081060ff5b367c31fb0cbbd9a9a8dca5c50476a2af62.png,medium,1,0.9779265522956848
7c1df858d60db21d5a65a704f607cd629326917ddda9f7be3e8e1a1f6ec4f891,data/datasets/openfake/pilot-600/images/fake/7c1df858d60db21d5a65a704f607cd629326917ddda9f7be3e8e1a1f6ec4f891.png,medium,1,0.9972978234291077
7c3d86850bcac1e1240288402f51678ba977b3643f78b20349999e0ee1bf8a71,data/datasets/sid-set/candidate-1500/images/real/7c3d86850bcac1e1240288402f51678ba977b3643f78b20349999e0ee1bf8a71.jpg,medium,0,0.5621856451034546
7c439c8883a6b87d25a46f0f53bd3a11bb0c0c1079d140eed77a59c1dc35007e,data/datasets/openfake/pilot-600/images/real/7c439c8883a6b87d25a46f0f53bd3a11bb0c0c1079d140eed77a59c1dc35007e.jpg,low,0,1.3172240869607776e-05
7c4c64e1f04da309aa89e05dff60cf94fd15eb1ae6180a52cb87ad18b9a8e16c,data/datasets/sid-set/candidate-1500/images/fake/7c4c64e1f04da309aa89e05dff60cf94fd15eb1ae6180a52cb87ad18b9a8e16c.png,medium,1,0.99069744348526
7c8b3aa6ed027429c9c2a298eae27be5d5c1ae92ccf1d0cb6956edcb9c62aa82,data/datasets/sid-set/candidate-1500/images/fake/7c8b3aa6ed027429c9c2a298eae27be5d5c1ae92ccf1d0cb6956edcb9c62aa82.png,low,1,0.9933350086212158
7cb58bfe005df971be6b62bb2a38761ca607cdb86f9ac6572e3f811fffb07a48,data/datasets/openfake/pilot-600/images/real/7cb58bfe005df971be6b62bb2a38761ca607cdb86f9ac6572e3f811fffb07a48.jpg,medium,0,0.9743170738220215
7d256d65c45c1d3de762423dd39a64d88930e3b66c1abe5e80c63295e6b9e939,data/datasets/sid-set/candidate-1500/images/fake/7d256d65c45c1d3de762423dd39a64d88930e3b66c1abe5e80c63295e6b9e939.png,low,1,0.9365837574005127
7d295337064c35bd24d6a170c9611a01b3b89e313e98f4147b1d54d866040028,data/datasets/sid-set/candidate-1500/images/fake/7d295337064c35bd24d6a170c9611a01b3b89e313e98f4147b1d54d866040028.png,medium,1,0.8752703070640564
7d2ec51b5c74451b99a61f8130080e31103ec340bfb5df3dc0ca39ac18c071f5,data/datasets/sid-set/candidate-1500/images/real/7d2ec51b5c74451b99a61f8130080e31103ec340bfb5df3dc0ca39ac18c071f5.jpg,low,0,0.9801049828529358
7d38082eb1f1f715812b500e5549ee8bcb74c0126cef99f1bf0cb07cb93dbb90,data/datasets/openfake/additional-900/images/real/7d38082eb1f1f715812b500e5549ee8bcb74c0126cef99f1bf0cb07cb93dbb90.jpg,medium,0,0.06308931112289429
7d43a8556bbe1b7d728cdfb04c0e852bde4a9e858df360c04a40cb8e324efd8b,data/datasets/sid-set/candidate-1500/images/fake/7d43a8556bbe1b7d728cdfb04c0e852bde4a9e858df360c04a40cb8e324efd8b.png,low,1,0.9253695011138916
7d539ca34fb07213aec089352969435bcf2c3fde1cefc0e88320935f3522c1de,data/datasets/openfake/pilot-600/images/real/7d539ca34fb07213aec089352969435bcf2c3fde1cefc0e88320935f3522c1de.jpg,medium,0,0.10692445933818817
7d570f902ff22c79f4ee9633a98558b399eedb32d979239fc3e8baa080aabc90,data/datasets/sid-set/candidate-1500/images/fake/7d570f902ff22c79f4ee9633a98558b399eedb32d979239fc3e8baa080aabc90.png,medium,1,0.9367426037788391
7d58ceed40854a8e49084cf3315b7c6035f460b8076f04aa63a1b456cef56bae,data/datasets/openfake/pilot-600/images/real/7d58ceed40854a8e49084cf3315b7c6035f460b8076f04aa63a1b456cef56bae.jpg,low,0,0.463943749666214
7d727bdf33b25d2ca149692ca92f29b791c2d1e60beccf52bda18dadac54a441,data/datasets/sid-set/candidate-1500/images/real/7d727bdf33b25d2ca149692ca92f29b791c2d1e60beccf52bda18dadac54a441.jpg,medium,0,0.6461705565452576
7daaf0cfc22ee675ad12a5913f4b534366643844ee8444940a7794b9f9a2d1e2,data/datasets/openfake/pilot-600/images/fake/7daaf0cfc22ee675ad12a5913f4b534366643844ee8444940a7794b9f9a2d1e2.png,medium,1,0.9206607937812805
7def9aa265de43b7b63c5643fabeab28c4505f4e23105f66366e10c80b632b12,data/datasets/sid-set/candidate-1500/images/real/7def9aa265de43b7b63c5643fabeab28c4505f4e23105f66366e10c80b632b12.jpg,low,0,0.3156566619873047
7e3698847175a94e34fc077a0a4ceb414b995225fc9ad7c391bc4ab432f0a55d,data/datasets/sid-set/candidate-1500/images/real/7e3698847175a94e34fc077a0a4ceb414b995225fc9ad7c391bc4ab432f0a55d.jpg,low,0,0.5510632991790771
7e42c96d500392c5afbefe5dfbae8313cee5619a920475647f113d881f30e0aa,data/datasets/sid-set/candidate-1500/images/real/7e42c96d500392c5afbefe5dfbae8313cee5619a920475647f113d881f30e0aa.jpg,low,0,0.9529973864555359
7e43a3d4edbe1e5ea5269eebf2581b833957807458f8af6de36080cb5956cdd3,data/datasets/sid-set/candidate-1500/images/fake/7e43a3d4edbe1e5ea5269eebf2581b833957807458f8af6de36080cb5956cdd3.png,medium,1,0.9560569524765015
7e4e4e6a270a0745ab1328c23bd4ae8ef23569e769d4939a5e4b8d8f2ff171c8,data/datasets/sid-set/candidate-1500/images/fake/7e4e4e6a270a0745ab1328c23bd4ae8ef23569e769d4939a5e4b8d8f2ff171c8.png,low,1,0.8801586627960205
7e75f518f0d74747440a0315768ef16634b8834db82c6c1ed39c3434261a8163,data/datasets/sid-set/candidate-1500/images/real/7e75f518f0d74747440a0315768ef16634b8834db82c6c1ed39c3434261a8163.jpg,low,0,0.6896132826805115
7e7f52898928373fc00ad18d4586f036bd1cd067760e3acd190cf137609724da,data/datasets/sid-set/candidate-1500/images/fake/7e7f52898928373fc00ad18d4586f036bd1cd067760e3acd190cf137609724da.png,low,1,0.9714719653129578
7eaf5416cf05afef42d628f719a7aefd2e04a153c231e06a41d4a01c5d5cefb7,data/datasets/sid-set/candidate-1500/images/fake/7eaf5416cf05afef42d628f719a7aefd2e04a153c231e06a41d4a01c5d5cefb7.png,low,1,0.936863362789154
7ef1445d28dc4eb025a6863094e7e36dbc23a6ca0b3770b9bb861db35b9578e2,data/datasets/sid-set/candidate-1500/images/real/7ef1445d28dc4eb025a6863094e7e36dbc23a6ca0b3770b9bb861db35b9578e2.jpg,low,0,0.41209086775779724
7efd64a9ba8c43293943cdadae44dccab473b4866655ff8922e75c3fdf58e902,data/datasets/openfake/pilot-600/images/real/7efd64a9ba8c43293943cdadae44dccab473b4866655ff8922e75c3fdf58e902.jpg,medium,0,0.003378300927579403
7f1ca0e35f77cec495ac2573f3af2eb4760aa8b2eed68611ff2775ff75f3751f,data/datasets/sid-set/candidate-1500/images/fake/7f1ca0e35f77cec495ac2573f3af2eb4760aa8b2eed68611ff2775ff75f3751f.png,medium,1,0.9288570880889893
7f551c77d784ee7c318cab56b28ef53653398c148af984d5455a66daa988e2f2,data/datasets/sid-set/candidate-1500/images/fake/7f551c77d784ee7c318cab56b28ef53653398c148af984d5455a66daa988e2f2.png,medium,1,0.9883480668067932
7faafbdcb7449bd7d9d80dd271eff9c1240eea9ea681d092164c5dc5f06f72b7,data/datasets/sid-set/candidate-1500/images/real/7faafbdcb7449bd7d9d80dd271eff9c1240eea9ea681d092164c5dc5f06f72b7.jpg,medium,0,0.29711344838142395
7fcd3a18f8174cad0fbd19a8bfcc58523e46b851ec1c978efb19da8a8d87c9cc,data/datasets/openfake/pilot-600/images/fake/7fcd3a18f8174cad0fbd19a8bfcc58523e46b851ec1c978efb19da8a8d87c9cc.png,medium,1,0.9909105896949768
7fd085b1087eee2bcfac268a7cadddcab79c158b02c72c8bc8a5e0ea02ea5fbc,data/datasets/sid-set/candidate-1500/images/fake/7fd085b1087eee2bcfac268a7cadddcab79c158b02c72c8bc8a5e0ea02ea5fbc.png,low,1,0.9595470428466797
7fe305a10717fac9b5ee7e835b61c6e9f8c08ea369a79296111b636983ba9790,data/datasets/sid-set/candidate-1500/images/real/7fe305a10717fac9b5ee7e835b61c6e9f8c08ea369a79296111b636983ba9790.jpg,medium,0,0.13671875
7ffd63056f0e82552fbda165486cdf60a22c8f2cc14a5e094e8c09acb10a5191,data/datasets/openfake/additional-900/images/real/7ffd63056f0e82552fbda165486cdf60a22c8f2cc14a5e094e8c09acb10a5191.jpg,low,0,0.0070814392529428005
803bf6037d95c4ed63b4427aee2ebf451392513ec874433016ffa385d802c273,data/datasets/openfake/pilot-600/images/fake/803bf6037d95c4ed63b4427aee2ebf451392513ec874433016ffa385d802c273.png,medium,1,0.4883746802806854
8045c389f5f33d57d42856e23b03591a84a5dffeac4a9f2017a7f0ef5ad5dc7f,data/datasets/openfake/pilot-600/images/fake/8045c389f5f33d57d42856e23b03591a84a5dffeac4a9f2017a7f0ef5ad5dc7f.jpg,low,1,0.08765565603971481
80aef590889dd05272952938da51f2b0c8e312224071e41df0d56e695bb5f60f,data/datasets/openfake/pilot-600/images/fake/80aef590889dd05272952938da51f2b0c8e312224071e41df0d56e695bb5f60f.png,medium,1,0.9836212396621704
80b4988a4f563fe112d643681acee7e975d1f7f510749b7a3880b28c2b7ad1b5,data/datasets/sid-set/candidate-1500/images/fake/80b4988a4f563fe112d643681acee7e975d1f7f510749b7a3880b28c2b7ad1b5.png,medium,1,0.9832784533500671
80bc1be5b506e09030db191d6ea8023f16e9d8301cdfa9ddee0514c755cb0d6b,data/datasets/openfake/additional-900/images/real/80bc1be5b506e09030db191d6ea8023f16e9d8301cdfa9ddee0514c755cb0d6b.jpg,medium,0,0.0026609061751514673
80d67512de57c9f6de7c989d8d87002ca9a5aa9dd869967ac394758df5f19226,data/datasets/sid-set/candidate-1500/images/fake/80d67512de57c9f6de7c989d8d87002ca9a5aa9dd869967ac394758df5f19226.png,low,1,0.9812682271003723
80d6fce62f398cc4ee6ec0f9941e47cced21ee9fd91feb3d2286ad196fe6e6b5,data/datasets/openfake/pilot-600/images/real/80d6fce62f398cc4ee6ec0f9941e47cced21ee9fd91feb3d2286ad196fe6e6b5.jpg,low,0,0.5807145237922668
80f4a91593423faad6728c889e6778787e83a5516b60c52534aa8bd7c297d71f,data/datasets/openfake/additional-900/images/real/80f4a91593423faad6728c889e6778787e83a5516b60c52534aa8bd7c297d71f.jpg,medium,0,0.8046016693115234
810ef2259ef21a7dc0c23ad566ad9c05b572495e5558275fad403f39a75c1db2,data/datasets/sid-set/candidate-1500/images/real/810ef2259ef21a7dc0c23ad566ad9c05b572495e5558275fad403f39a75c1db2.jpg,medium,0,0.48180294036865234
811ed4c00e228d89dfc81787aeef2f6f565d9b98262daf4034f837a4dbca4eb7,data/datasets/sid-set/candidate-1500/images/fake/811ed4c00e228d89dfc81787aeef2f6f565d9b98262daf4034f837a4dbca4eb7.png,high,1,0.9980376362800598
8130a9f2421ca018532ffda2360dac5591df5d040cce709e308b73e7312fcd78,data/datasets/sid-set/candidate-1500/images/real/8130a9f2421ca018532ffda2360dac5591df5d040cce709e308b73e7312fcd78.jpg,low,0,0.6253311038017273
814c87385bfc1e2acb6d73208f75975b2e8df9f1dac07b9d268380ba8a1d4ace,data/datasets/sid-set/candidate-1500/images/real/814c87385bfc1e2acb6d73208f75975b2e8df9f1dac07b9d268380ba8a1d4ace.jpg,medium,0,0.00013642759586218745
816b3cebb6a491059bf8e50ade322f38f743b4773b93b53ee4c004490091cbf8,data/datasets/openfake/additional-900/images/fake/816b3cebb6a491059bf8e50ade322f38f743b4773b93b53ee4c004490091cbf8.png,medium,1,0.998863697052002
818157956bce51fc625e1e2a14a0498ce847c54be5ceaa87a1e5ec25a9302778,data/datasets/openfake/pilot-600/images/fake/818157956bce51fc625e1e2a14a0498ce847c54be5ceaa87a1e5ec25a9302778.png,low,1,0.8391488790512085
81822208c22982c09859d63606aa8d1f6a0d0ade58f58a3b97dbe36a53d54c88,data/datasets/sid-set/candidate-1500/images/real/81822208c22982c09859d63606aa8d1f6a0d0ade58f58a3b97dbe36a53d54c88.jpg,medium,0,0.9950409531593323
819328e74e533b2ff2a064332edece4a25321da413343f1b540dd9861e134547,data/datasets/openfake/additional-900/images/fake/819328e74e533b2ff2a064332edece4a25321da413343f1b540dd9861e134547.png,medium,1,0.9610192179679871
8199c70b3cc13ca4d209af3dbf0da1136a5d7de78dce8825244d5ddb9fa1a4e1,data/datasets/openfake/pilot-600/images/fake/8199c70b3cc13ca4d209af3dbf0da1136a5d7de78dce8825244d5ddb9fa1a4e1.jpg,low,1,0.8800714612007141
81d462e32a82ad4178326f0ef5f3fa8dd2fb94d9b49d31b37b44363582851041,data/datasets/openfake/additional-900/images/real/81d462e32a82ad4178326f0ef5f3fa8dd2fb94d9b49d31b37b44363582851041.jpg,medium,0,0.2250588983297348
81d76d5a2b632f8117d3bc0f230639c3f15b94aa033b970af50b36bc05313ed7,data/datasets/openfake/additional-900/images/real/81d76d5a2b632f8117d3bc0f230639c3f15b94aa033b970af50b36bc05313ed7.jpg,medium,0,0.14301708340644836
81dcabd031ac6b0c66347e0534932b6a089d97cf8576017de9f78da5af415a4a,data/datasets/openfake/additional-900/images/fake/81dcabd031ac6b0c66347e0534932b6a089d97cf8576017de9f78da5af415a4a.jpg,medium,1,0.9460214972496033
820335e464877f98e27170e165ec5d39796d9d37d3753ddc976489cc0c7c2446,data/datasets/openfake/additional-900/images/fake/820335e464877f98e27170e165ec5d39796d9d37d3753ddc976489cc0c7c2446.png,medium,1,0.6478859782218933
8208dccff55599c743f76312b3c50bf824042b7ce64effe6d00ead12c3983c60,data/datasets/openfake/additional-900/images/fake/8208dccff55599c743f76312b3c50bf824042b7ce64effe6d00ead12c3983c60.png,medium,1,0.9993509650230408
8211131b32e111268c791220b3df34bf4b8b8d37f8d49adfcd13d6d00b238ba0,data/datasets/openfake/pilot-600/images/fake/8211131b32e111268c791220b3df34bf4b8b8d37f8d49adfcd13d6d00b238ba0.jpg,low,1,0.835517168045044
8218ccedcb96b84ca2bdbb635dfa9fce7866922d05af7540da94e59dc13a3424,data/datasets/openfake/pilot-600/images/fake/8218ccedcb96b84ca2bdbb635dfa9fce7866922d05af7540da94e59dc13a3424.png,low,1,0.9930675029754639
822fdc738d6cd61073d8071e45aec697a7c8f945089c9235baa11a433dd09efe,data/datasets/sid-set/candidate-1500/images/real/822fdc738d6cd61073d8071e45aec697a7c8f945089c9235baa11a433dd09efe.jpg,low,0,0.08376230299472809
823a07aa9037e7b4b7bc749ea159c5d624bfb7191924191a89dc5cbce211d137,data/datasets/sid-set/candidate-1500/images/real/823a07aa9037e7b4b7bc749ea159c5d624bfb7191924191a89dc5cbce211d137.jpg,medium,0,0.013609346002340317
825d6bb45fd2a06c620325cac98f761ad8e9a491a568a96223b2573301427d75,data/datasets/openfake/additional-900/images/fake/825d6bb45fd2a06c620325cac98f761ad8e9a491a568a96223b2573301427d75.png,low,1,0.9642637968063354
827ee92e7ce27bacc1c6f6c8949e1a1f02e84b9c8ffbb3468a1424ee1e35590f,data/datasets/openfake/additional-900/images/real/827ee92e7ce27bacc1c6f6c8949e1a1f02e84b9c8ffbb3468a1424ee1e35590f.jpg,low,0,0.07022759318351746
8281952d554b2713ea0f7d2655aa11dbaf7759afbeb20bad7b62cd51e22b3b83,data/datasets/openfake/pilot-600/images/real/8281952d554b2713ea0f7d2655aa11dbaf7759afbeb20bad7b62cd51e22b3b83.jpg,low,0,0.08863916248083115
8293965e93a182c0651b81d3f1f2fb07e381e474f7d07ee82e6c8f1814d2665d,data/datasets/openfake/pilot-600/images/fake/8293965e93a182c0651b81d3f1f2fb07e381e474f7d07ee82e6c8f1814d2665d.png,medium,1,0.2888774275779724
82a16478f7e9029eafb4070e05b00a7736b0a51df61d0cfeba647dd7ca6185d8,data/datasets/openfake/pilot-600/images/fake/82a16478f7e9029eafb4070e05b00a7736b0a51df61d0cfeba647dd7ca6185d8.png,medium,1,0.9906766414642334
82c3a4bdb0d6d205d52bcad6c069830752a2a7969daf1c8477142a62ad24dc2d,data/datasets/sid-set/candidate-1500/images/fake/82c3a4bdb0d6d205d52bcad6c069830752a2a7969daf1c8477142a62ad24dc2d.png,medium,1,0.9802830219268799
82d074c14e2a4af16f87ead60788e069678744a68ef2304b1d5d76afc7830827,data/datasets/openfake/additional-900/images/real/82d074c14e2a4af16f87ead60788e069678744a68ef2304b1d5d76afc7830827.jpg,medium,0,0.00018399533291812986
83120f13978d5fe0b75a183968ecfbcb50408ed49594952a3d19c99d823685e7,data/datasets/openfake/pilot-600/images/real/83120f13978d5fe0b75a183968ecfbcb50408ed49594952a3d19c99d823685e7.jpg,medium,0,0.006403548177331686
834189c714dc796214d1b3bd63ceec1867f7304ca84b218755753000b93e4f77,data/datasets/openfake/additional-900/images/real/834189c714dc796214d1b3bd63ceec1867f7304ca84b218755753000b93e4f77.jpg,medium,0,0.18070805072784424
835380e9e54399089aa3788d2ea7df016fbc2fd6bf4d30f1deb82aebac768f35,data/datasets/sid-set/candidate-1500/images/real/835380e9e54399089aa3788d2ea7df016fbc2fd6bf4d30f1deb82aebac768f35.jpg,medium,0,0.005761505104601383
83970b7c7e3b6be97d3918c16378ff3dcb6699c5f018ae11f34cbccd2fb3ae1a,data/datasets/openfake/pilot-600/images/fake/83970b7c7e3b6be97d3918c16378ff3dcb6699c5f018ae11f34cbccd2fb3ae1a.png,medium,1,0.7362173795700073
83c6090227ecc040f66fcdde879beb070751817957ae5eb310bf714dff7efeaf,data/datasets/openfake/additional-900/images/fake/83c6090227ecc040f66fcdde879beb070751817957ae5eb310bf714dff7efeaf.jpg,medium,1,0.9659950137138367
83cc0bdd89bbb3e14df3686fdb244236fbc0aeaa9a09a0792830fbb293df4fda,data/datasets/sid-set/candidate-1500/images/real/83cc0bdd89bbb3e14df3686fdb244236fbc0aeaa9a09a0792830fbb293df4fda.jpg,low,0,0.6664677262306213
83d76e9aa8f6829446e43eb8f744e3f2284d3675d9cff767bda4e94a622fbe22,data/datasets/sid-set/candidate-1500/images/fake/83d76e9aa8f6829446e43eb8f744e3f2284d3675d9cff767bda4e94a622fbe22.png,low,1,0.9986227750778198
83f9bbe909f5f3d1dbf0551ada380b38573065c81c1868f75b3b308b3f3b94f2,data/datasets/openfake/additional-900/images/real/83f9bbe909f5f3d1dbf0551ada380b38573065c81c1868f75b3b308b3f3b94f2.jpg,medium,0,0.2588070034980774
8412d23ef47177cd9f62cceed7cae3ac9762b9a22a80072a64d285a3befb60d0,data/datasets/sid-set/candidate-1500/images/fake/8412d23ef47177cd9f62cceed7cae3ac9762b9a22a80072a64d285a3befb60d0.png,low,1,0.9698452949523926
841defef79d77595f2976b3b804e7db6d796739b29272bd1b0d5ed9aefe1f691,data/datasets/openfake/additional-900/images/fake/841defef79d77595f2976b3b804e7db6d796739b29272bd1b0d5ed9aefe1f691.png,medium,1,0.70453941822052
8453d29302a58f9ec26ec5d6fc65b7978bddcba15be8bfd2aab6cc8cf552dc4b,data/datasets/sid-set/candidate-1500/images/fake/8453d29302a58f9ec26ec5d6fc65b7978bddcba15be8bfd2aab6cc8cf552dc4b.png,medium,1,0.9222757816314697
845e4a1c989002592a9829fbba914785a5ae58f7827038f40e9779b72c2763cb,data/datasets/openfake/pilot-600/images/fake/845e4a1c989002592a9829fbba914785a5ae58f7827038f40e9779b72c2763cb.jpg,medium,1,0.8265526294708252
84742b95f02315a331989bcc2339c8f407e90d5d4edec032048b42e743d6123c,data/datasets/sid-set/candidate-1500/images/fake/84742b95f02315a331989bcc2339c8f407e90d5d4edec032048b42e743d6123c.png,medium,1,0.8598920106887817
84811dced43edefaa56e7f98db9fe6ab7a3799a52afceec264f4e03b2a698b08,data/datasets/openfake/additional-900/images/fake/84811dced43edefaa56e7f98db9fe6ab7a3799a52afceec264f4e03b2a698b08.jpg,high,1,0.7669275403022766
84c501d850e58048038b935535cf96972140c607fa7e2a102254d137485d586f,data/datasets/openfake/additional-900/images/real/84c501d850e58048038b935535cf96972140c607fa7e2a102254d137485d586f.jpg,medium,0,0.0005656233406625688
85009551b5b0f70177ab6c73e0803fa4f0192735a42ad6aaaa325a6f3773bd66,data/datasets/sid-set/candidate-1500/images/real/85009551b5b0f70177ab6c73e0803fa4f0192735a42ad6aaaa325a6f3773bd66.jpg,medium,0,0.10672900080680847
85595b36d6acca648f451fd50a56beff3a8f0cccdbbea99c0ac86f8d670ae555,data/datasets/sid-set/candidate-1500/images/real/85595b36d6acca648f451fd50a56beff3a8f0cccdbbea99c0ac86f8d670ae555.jpg,medium,0,0.1677892655134201
857926049646f3cf46f1a1e440431e6c224f6396fec0364b2b1fad097720ed46,data/datasets/sid-set/candidate-1500/images/fake/857926049646f3cf46f1a1e440431e6c224f6396fec0364b2b1fad097720ed46.png,medium,1,0.9890269637107849
8586cf35675c4c87753983695b1c93ca6a3687b4686108d784e57d7aaadf8a15,data/datasets/sid-set/candidate-1500/images/fake/8586cf35675c4c87753983695b1c93ca6a3687b4686108d784e57d7aaadf8a15.png,low,1,0.9422338604927063
85945a461217c3280cf8cdd354015601033ff8dab1da908a2eb286be5238f226,data/datasets/sid-set/candidate-1500/images/fake/85945a461217c3280cf8cdd354015601033ff8dab1da908a2eb286be5238f226.png,medium,1,0.9875968098640442
859d9ee06ce73cf28b418a2a902758a39896e43e57e8d49ec8ebe8f11ae9379e,data/datasets/sid-set/candidate-1500/images/real/859d9ee06ce73cf28b418a2a902758a39896e43e57e8d49ec8ebe8f11ae9379e.jpg,low,0,0.004131507594138384
85a451298d359a306d06e3a05ec404731072fcbb7dfe8ea6532e5c00b011929d,data/datasets/sid-set/candidate-1500/images/real/85a451298d359a306d06e3a05ec404731072fcbb7dfe8ea6532e5c00b011929d.jpg,medium,0,0.42621317505836487
85a69583c000bfb534050c222a303eb63b6e927866893816b8741e0cb3c834e2,data/datasets/sid-set/candidate-1500/images/fake/85a69583c000bfb534050c222a303eb63b6e927866893816b8741e0cb3c834e2.png,medium,1,0.9821297526359558
85c1f1f0149b22c2ba5df5734d10fca4a29a9666b3154d186fc744ac04ae4d86,data/datasets/openfake/additional-900/images/real/85c1f1f0149b22c2ba5df5734d10fca4a29a9666b3154d186fc744ac04ae4d86.jpg,low,0,0.007503898348659277
85f712a12c06aa7f2d058b7dd8ff3066b906962da08f119b48924e407a6b863b,data/datasets/sid-set/candidate-1500/images/fake/85f712a12c06aa7f2d058b7dd8ff3066b906962da08f119b48924e407a6b863b.png,medium,1,0.960295557975769
860014905a621bdd70fe672a0824d161e90d73eaa0f7643380184919f60b87ac,data/datasets/sid-set/candidate-1500/images/fake/860014905a621bdd70fe672a0824d161e90d73eaa0f7643380184919f60b87ac.png,medium,1,0.8578323721885681
863dfebc0c197d795f45ab3ab8fdfb5d9fbe4214ecaedc36bb36f13d66ee1325,data/datasets/openfake/additional-900/images/fake/863dfebc0c197d795f45ab3ab8fdfb5d9fbe4214ecaedc36bb36f13d66ee1325.png,low,1,0.8189486265182495
86492403a8a5240b255106960c4c05c6f71a833e18e3555941140e72968c4433,data/datasets/sid-set/candidate-1500/images/fake/86492403a8a5240b255106960c4c05c6f71a833e18e3555941140e72968c4433.png,medium,1,0.9966603517532349
866814b3af2af4f237bcbea16866c6d983249807c09fabfdd599d5e1aaf753c1,data/datasets/openfake/additional-900/images/real/866814b3af2af4f237bcbea16866c6d983249807c09fabfdd599d5e1aaf753c1.jpg,medium,0,0.06844732165336609
8671b9769255ee243c195623271d6674d361f24558613bb4a4f826f3e928a48f,data/datasets/sid-set/candidate-1500/images/fake/8671b9769255ee243c195623271d6674d361f24558613bb4a4f826f3e928a48f.png,low,1,0.9732598066329956
86cc3ef4f7e8dcae51817331dc79617653623e9195f1d9928067238701e25ab3,data/datasets/openfake/additional-900/images/fake/86cc3ef4f7e8dcae51817331dc79617653623e9195f1d9928067238701e25ab3.png,medium,1,0.898351788520813
86d03c6e20a313e01528e27e3c2fc8172cf971dc0ae7254b20400386be707c6a,data/datasets/openfake/additional-900/images/real/86d03c6e20a313e01528e27e3c2fc8172cf971dc0ae7254b20400386be707c6a.jpg,medium,0,0.018242185935378075
86d318bdc43b536c5a6bf9df05ce9f2dbf4b4f3feb75a1c5327f10a0ca519759,data/datasets/openfake/additional-900/images/real/86d318bdc43b536c5a6bf9df05ce9f2dbf4b4f3feb75a1c5327f10a0ca519759.jpg,low,0,0.9808862805366516
86d63fe870351eca9592cd3161a4c32b8bd5bdc02c470e8dae5a7cac501c47e6,data/datasets/sid-set/candidate-1500/images/real/86d63fe870351eca9592cd3161a4c32b8bd5bdc02c470e8dae5a7cac501c47e6.jpg,medium,0,0.011321982368826866
86fd3f8d1212af2d7024f31dc60885f1022c545352f772f7513b037a5a5b5bba,data/datasets/openfake/additional-900/images/fake/86fd3f8d1212af2d7024f31dc60885f1022c545352f772f7513b037a5a5b5bba.png,medium,1,0.9236763715744019
8701b7b9e25e05321269d28070eb27ac8394f6c3a74c8c6165250bc28458c999,data/datasets/sid-set/candidate-1500/images/fake/8701b7b9e25e05321269d28070eb27ac8394f6c3a74c8c6165250bc28458c999.png,medium,1,0.9731851816177368
870d84f389bded46362c3d4dd2a3cbfbddc0010063fbe5be04646810512dda79,data/datasets/openfake/pilot-600/images/fake/870d84f389bded46362c3d4dd2a3cbfbddc0010063fbe5be04646810512dda79.png,medium,1,0.9952686429023743
87131d9f1aef580f9be4a680b50a35c714870d70c168dd88c3295c18f52116c1,data/datasets/openfake/additional-900/images/fake/87131d9f1aef580f9be4a680b50a35c714870d70c168dd88c3295c18f52116c1.jpg,low,1,0.0310998372733593
873f182eafbc3efa1afe62c067ed79ad322302d7e1ce9191477922a432b571c8,data/datasets/openfake/additional-900/images/real/873f182eafbc3efa1afe62c067ed79ad322302d7e1ce9191477922a432b571c8.jpg,low,0,0.006962278857827187
8753ac00ec3af899ef85a733c671dec6766d20eb7a0a137e2584a707e0784099,data/datasets/openfake/pilot-600/images/real/8753ac00ec3af899ef85a733c671dec6766d20eb7a0a137e2584a707e0784099.jpg,medium,0,0.001923681702464819
877ad51fac4210fb817b3eeac13665011c94c9162d91d539dc00983bd4d1f4a0,data/datasets/sid-set/candidate-1500/images/fake/877ad51fac4210fb817b3eeac13665011c94c9162d91d539dc00983bd4d1f4a0.png,medium,1,0.9519362449645996
87912cb2316fff39030011e7e63593dfaaf3955f8f663660a4d9e744b22acefb,data/datasets/openfake/pilot-600/images/fake/87912cb2316fff39030011e7e63593dfaaf3955f8f663660a4d9e744b22acefb.png,medium,1,0.9747914671897888
87a3b230bd0e45d37f872dee56b4af7fc39ce013758fc83eb0897a8233dbd0cc,data/datasets/openfake/additional-900/images/real/87a3b230bd0e45d37f872dee56b4af7fc39ce013758fc83eb0897a8233dbd0cc.jpg,low,0,0.00016576288908254355
87af98122ffbb2721bdad414fb28e3d4cd70a3504e6b8f9354fb4ebc17769a7b,data/datasets/sid-set/candidate-1500/images/real/87af98122ffbb2721bdad414fb28e3d4cd70a3504e6b8f9354fb4ebc17769a7b.jpg,medium,0,0.22739483416080475
87c28d384f7b1ac716c49ab8883a2c2094b82e4f27f3efca4051c9fab37549bd,data/datasets/openfake/pilot-600/images/real/87c28d384f7b1ac716c49ab8883a2c2094b82e4f27f3efca4051c9fab37549bd.jpg,medium,0,0.005099000409245491
87f7f3aef5d9cee2b8e5726bfd5b29fdd5b8861dfc34aa9e98455c90f9b4400e,data/datasets/sid-set/candidate-1500/images/fake/87f7f3aef5d9cee2b8e5726bfd5b29fdd5b8861dfc34aa9e98455c90f9b4400e.png,low,1,0.9534221887588501
881c7390821000cfb88ca0dfaa0c410f7cfa9b0838232a295d2086abb96ad1f5,data/datasets/sid-set/candidate-1500/images/fake/881c7390821000cfb88ca0dfaa0c410f7cfa9b0838232a295d2086abb96ad1f5.png,medium,1,0.9129170179367065
88488584cb09be0919944e3b5efb5bb144a09e0424baf97a3e07f31bef73513d,data/datasets/sid-set/candidate-1500/images/real/88488584cb09be0919944e3b5efb5bb144a09e0424baf97a3e07f31bef73513d.jpg,medium,0,0.10638117790222168
886743c3360f6933bf22930f24a0efdd183d11cf98d5e695848bb443abaa1b5c,data/datasets/openfake/additional-900/images/real/886743c3360f6933bf22930f24a0efdd183d11cf98d5e695848bb443abaa1b5c.jpg,medium,0,0.7403312921524048
88697857ba2cc443a298152d43a2585398659a6564e55f17e07e98829b16ef1e,data/datasets/sid-set/candidate-1500/images/real/88697857ba2cc443a298152d43a2585398659a6564e55f17e07e98829b16ef1e.jpg,medium,0,0.16559673845767975
887e459f049ac9edf296816a6404e9bb920d124ccf5311532b8ba157f799cd27,data/datasets/openfake/additional-900/images/real/887e459f049ac9edf296816a6404e9bb920d124ccf5311532b8ba157f799cd27.jpg,low,0,0.258312463760376
8899e3d311ef896f9f2c85da634c4d21eae01f028e124dfb0f89b57a1e648dae,data/datasets/openfake/additional-900/images/fake/8899e3d311ef896f9f2c85da634c4d21eae01f028e124dfb0f89b57a1e648dae.png,medium,1,0.23395763337612152
889ce6748a2963be31a09762d85f679cd93deb290ebd3fc5d995fd1951f982af,data/datasets/openfake/pilot-600/images/real/889ce6748a2963be31a09762d85f679cd93deb290ebd3fc5d995fd1951f982af.jpg,medium,0,0.0024029798805713654
88e7eaf6a4ead48da3b7f7770b862088b6be320b6ec987909acdd80183bafc5e,data/datasets/sid-set/candidate-1500/images/fake/88e7eaf6a4ead48da3b7f7770b862088b6be320b6ec987909acdd80183bafc5e.png,medium,1,0.9470954537391663
88eef34fa418b57bb1c4f229659e2c0cff6af4e5a1068fe44521a587086df71b,data/datasets/openfake/pilot-600/images/fake/88eef34fa418b57bb1c4f229659e2c0cff6af4e5a1068fe44521a587086df71b.png,medium,1,0.9250970482826233
8947dd0d5cfb9c442a8472164d203729bd22db8abc9c326d364dd2c1520cb7e3,data/datasets/sid-set/candidate-1500/images/real/8947dd0d5cfb9c442a8472164d203729bd22db8abc9c326d364dd2c1520cb7e3.jpg,medium,0,0.7503438591957092
894a71b9a5b24603e0ee87f67f588e4af20123bb325e351d95723e2a7b5e290b,data/datasets/openfake/additional-900/images/fake/894a71b9a5b24603e0ee87f67f588e4af20123bb325e351d95723e2a7b5e290b.png,medium,1,0.5569263696670532
898c1c610020a651f0ab2610ea9e1c90c0b35ca73bd5a48ac722dd538a125b81,data/datasets/sid-set/candidate-1500/images/fake/898c1c610020a651f0ab2610ea9e1c90c0b35ca73bd5a48ac722dd538a125b81.png,low,1,0.9569603204727173
898c8e364288097caeb6b92e0102d0d5a0ba580a0dabfc56eea19455de64d53d,data/datasets/openfake/additional-900/images/fake/898c8e364288097caeb6b92e0102d0d5a0ba580a0dabfc56eea19455de64d53d.png,medium,1,0.8741393089294434
89bb86d2553903602f78ff24ee16b988a818f1618a77b069aeb7d660bc1afc7b,data/datasets/sid-set/candidate-1500/images/real/89bb86d2553903602f78ff24ee16b988a818f1618a77b069aeb7d660bc1afc7b.jpg,medium,0,0.49144771695137024
89e6300596e780b0f5440621eaf1379bfc5072f83e59d95f8835987d3e7922f2,data/datasets/sid-set/candidate-1500/images/fake/89e6300596e780b0f5440621eaf1379bfc5072f83e59d95f8835987d3e7922f2.png,low,1,0.9923564195632935
89ecdca5cda370713a982cebeef86ed645fef86146cf549500e82cdb46a820ce,data/datasets/openfake/pilot-600/images/fake/89ecdca5cda370713a982cebeef86ed645fef86146cf549500e82cdb46a820ce.png,medium,1,0.6583494544029236
89f121e79fa57ac2ba2cd3bafbc4ebe4bcdd05efd5010e92ee51bf313f1f91c9,data/datasets/openfake/additional-900/images/real/89f121e79fa57ac2ba2cd3bafbc4ebe4bcdd05efd5010e92ee51bf313f1f91c9.jpg,medium,0,0.0004994550836272538
89ff7238df2bec086cdb88ba452cc3e0e9091e517567d852e6a3eb8a11c222a5,data/datasets/sid-set/candidate-1500/images/real/89ff7238df2bec086cdb88ba452cc3e0e9091e517567d852e6a3eb8a11c222a5.jpg,medium,0,0.3232039511203766
8a24ea846c097c53341a9dc35780e50b18ec5a3ed316372c577c22b195ce6763,data/datasets/sid-set/candidate-1500/images/real/8a24ea846c097c53341a9dc35780e50b18ec5a3ed316372c577c22b195ce6763.jpg,medium,0,0.08144127577543259
8a2f6a5544a901909c58f9ce07a0e507948d6f3f0abc933378d63694ef1d6093,data/datasets/openfake/additional-900/images/fake/8a2f6a5544a901909c58f9ce07a0e507948d6f3f0abc933378d63694ef1d6093.png,medium,1,0.9654297232627869
8a466f83f0762eb7a5e10eb330c5d4898423fafab282c5cb9a7743b29bc5265f,data/datasets/openfake/pilot-600/images/real/8a466f83f0762eb7a5e10eb330c5d4898423fafab282c5cb9a7743b29bc5265f.jpg,medium,0,0.9302443861961365
8a654e8fa4e71fcfffd991c8eb712ff82579b682df579a702741fce9c9de8221,data/datasets/openfake/additional-900/images/fake/8a654e8fa4e71fcfffd991c8eb712ff82579b682df579a702741fce9c9de8221.png,medium,1,0.9405931830406189
8a6fa8e16b1a94e3c558eef55a9f8d3e1943f613e127b8a38cf1915d3b553608,data/datasets/sid-set/candidate-1500/images/real/8a6fa8e16b1a94e3c558eef55a9f8d3e1943f613e127b8a38cf1915d3b553608.jpg,medium,0,0.0712798684835434
8a74f175bf5bc61ae02b60ae8a93762d370d3b97dff0d98098d23f06ea0234d3,data/datasets/sid-set/candidate-1500/images/fake/8a74f175bf5bc61ae02b60ae8a93762d370d3b97dff0d98098d23f06ea0234d3.png,low,1,0.5364020466804504
8a8532a4762d73135da88ea26dc9fd415f41a81b9239498eca3dbbbd29560daa,data/datasets/sid-set/candidate-1500/images/fake/8a8532a4762d73135da88ea26dc9fd415f41a81b9239498eca3dbbbd29560daa.png,medium,1,0.9758083820343018
8a93257e9aa1b7932c9c09d3ddbb4f3def645bcf658576482574dbe235c781b0,data/datasets/sid-set/candidate-1500/images/real/8a93257e9aa1b7932c9c09d3ddbb4f3def645bcf658576482574dbe235c781b0.jpg,medium,0,0.1654738336801529
8a93c55b634385e2e4528a36e9ea348ad91a8f491ac91cbf54fe06d18cdf5a4c,data/datasets/sid-set/candidate-1500/images/fake/8a93c55b634385e2e4528a36e9ea348ad91a8f491ac91cbf54fe06d18cdf5a4c.png,low,1,0.9423403143882751
8aa902cd64d05219e6961cba90ccee484b6d7cd24da5028d5e4c7c866c92ce3f,data/datasets/openfake/additional-900/images/fake/8aa902cd64d05219e6961cba90ccee484b6d7cd24da5028d5e4c7c866c92ce3f.png,medium,1,0.6754131317138672
8ab8829cf8ce5558a93963aea140c7f0f664b6765982dac4e1163b60bad72575,data/datasets/openfake/additional-900/images/fake/8ab8829cf8ce5558a93963aea140c7f0f664b6765982dac4e1163b60bad72575.png,low,1,0.9992770552635193
8abcd07238ba5fad9d21b1c837c6b379a1900ce069286876f67d3d4691e022ef,data/datasets/openfake/additional-900/images/real/8abcd07238ba5fad9d21b1c837c6b379a1900ce069286876f67d3d4691e022ef.jpg,medium,0,0.4703851640224457
8af0adfdba88a4f03328bb19f623d643b0f15538467081ae1301592131b32a9f,data/datasets/sid-set/candidate-1500/images/real/8af0adfdba88a4f03328bb19f623d643b0f15538467081ae1301592131b32a9f.jpg,low,0,0.16849271953105927
8b05fc787cadcdc6e31000b13ef813ce3a424416f83d43415aca058e9ea5b1ae,data/datasets/openfake/additional-900/images/fake/8b05fc787cadcdc6e31000b13ef813ce3a424416f83d43415aca058e9ea5b1ae.png,medium,1,0.10617022216320038
8b06006690d81d880f7345bbf7e757e24cba2ff7423e3875000946d7547d1156,data/datasets/openfake/additional-900/images/fake/8b06006690d81d880f7345bbf7e757e24cba2ff7423e3875000946d7547d1156.png,low,1,0.9900111556053162
8b11bd3aa380bf37932c4ff8aab2754df1bc79f655c4fc256696c4facc7f9742,data/datasets/openfake/additional-900/images/real/8b11bd3aa380bf37932c4ff8aab2754df1bc79f655c4fc256696c4facc7f9742.jpg,medium,0,0.005135711282491684
8b2046668df6dfdac3c79f680f5603a2e33a83cc3f6186e9ef125ca41a57a9ed,data/datasets/openfake/additional-900/images/fake/8b2046668df6dfdac3c79f680f5603a2e33a83cc3f6186e9ef125ca41a57a9ed.png,medium,1,0.9516283869743347
8b3a786fb801a037c214d143b2b10a57dda443c0b523971767af1af87e67eebb,data/datasets/openfake/additional-900/images/fake/8b3a786fb801a037c214d143b2b10a57dda443c0b523971767af1af87e67eebb.png,medium,1,0.8055678009986877
8b5673509b4d85fd61df1dea70ab1ab6275e68331def8d992597c69aee11f72f,data/datasets/openfake/additional-900/images/fake/8b5673509b4d85fd61df1dea70ab1ab6275e68331def8d992597c69aee11f72f.png,medium,1,0.9318574666976929
8b6d995ecb5bddca986b3d797bb6e80e58574ddebd5530fb859309180cc79da7,data/datasets/sid-set/candidate-1500/images/real/8b6d995ecb5bddca986b3d797bb6e80e58574ddebd5530fb859309180cc79da7.jpg,medium,0,0.0016717439284548163
8b970944ed4a2ce3fa81bbe8412842afdf8d958761deffa3a677a27d3f3244f6,data/datasets/openfake/additional-900/images/real/8b970944ed4a2ce3fa81bbe8412842afdf8d958761deffa3a677a27d3f3244f6.jpg,low,0,0.0006668631103821099
8b9d048b70ba4ccded5ce7b589a7535b9d2ba95e4ebdff0ecd498b35a81458ff,data/datasets/sid-set/candidate-1500/images/real/8b9d048b70ba4ccded5ce7b589a7535b9d2ba95e4ebdff0ecd498b35a81458ff.jpg,medium,0,0.8884882926940918
8bcf64fd9dbb9ab0f63029c966c56d458794ab4cf8a116566b2e7cb6d776178a,data/datasets/sid-set/candidate-1500/images/fake/8bcf64fd9dbb9ab0f63029c966c56d458794ab4cf8a116566b2e7cb6d776178a.png,medium,1,0.8030080199241638
8bd6a4eff9cb694312151e3c86f733b062b4aa418b0474d206a3d0fcec4e03a8,data/datasets/openfake/additional-900/images/real/8bd6a4eff9cb694312151e3c86f733b062b4aa418b0474d206a3d0fcec4e03a8.jpg,medium,0,0.0274016335606575
8be4b6b864d16e74334e60af1207d7c40a989498b732f825c3d7eb925972ee2a,data/datasets/sid-set/candidate-1500/images/real/8be4b6b864d16e74334e60af1207d7c40a989498b732f825c3d7eb925972ee2a.jpg,low,0,0.9868801832199097
8c30634aaf56be3cd37eb98c2b7b25414ab3c1717ba702d57f368a87dc0d19d0,data/datasets/openfake/additional-900/images/real/8c30634aaf56be3cd37eb98c2b7b25414ab3c1717ba702d57f368a87dc0d19d0.jpg,medium,0,0.7266422510147095
8c3a18c40029629e368f5789b26ffa5c344d7bb9668c2bb0120ee75f0d49855d,data/datasets/sid-set/candidate-1500/images/fake/8c3a18c40029629e368f5789b26ffa5c344d7bb9668c2bb0120ee75f0d49855d.png,medium,1,0.967166006565094
8c46404edb383e4b5810d558ea97e1986aabc9a997d6cfd2e114b2bc37bb81fa,data/datasets/openfake/additional-900/images/fake/8c46404edb383e4b5810d558ea97e1986aabc9a997d6cfd2e114b2bc37bb81fa.png,medium,1,0.9939150214195251
8c96469c8686182648a0591e807111c83b84d2ec0d5f783847ab3101846477ba,data/datasets/openfake/pilot-600/images/real/8c96469c8686182648a0591e807111c83b84d2ec0d5f783847ab3101846477ba.jpg,medium,0,0.2370944768190384
8cec0fcd557fc628ee8bdc6345b5af32038441c6c57ad75671c7fdca00473a35,data/datasets/openfake/additional-900/images/real/8cec0fcd557fc628ee8bdc6345b5af32038441c6c57ad75671c7fdca00473a35.jpg,low,0,0.0012059411965310574
8d08140adb94887be953e7681f20ede07702dc007caeb32cda591fbfcc65eb21,data/datasets/sid-set/candidate-1500/images/fake/8d08140adb94887be953e7681f20ede07702dc007caeb32cda591fbfcc65eb21.png,medium,1,0.9577646851539612
8d148fac0c18572ccc7cf07de5bd2a94ca01edf736ead3d721dd69863b85396c,data/datasets/sid-set/candidate-1500/images/real/8d148fac0c18572ccc7cf07de5bd2a94ca01edf736ead3d721dd69863b85396c.jpg,medium,0,0.02125997468829155
8d1be7e3dcce586bbcab59e97aef66f3ca85a358e30bafafd22e75933257f185,data/datasets/sid-set/candidate-1500/images/fake/8d1be7e3dcce586bbcab59e97aef66f3ca85a358e30bafafd22e75933257f185.png,low,1,0.9946504235267639
8d2553bba786e4a0f17397ce4d277309784116001733b8c21c01d53451b83174,data/datasets/openfake/additional-900/images/real/8d2553bba786e4a0f17397ce4d277309784116001733b8c21c01d53451b83174.jpg,medium,0,0.12711188197135925
8d3a9914192603104e838d850657c65833487d027b54102bd52d654cae1c4ded,data/datasets/openfake/pilot-600/images/real/8d3a9914192603104e838d850657c65833487d027b54102bd52d654cae1c4ded.jpg,medium,0,0.8300997018814087
8d7483b44fa902c26116bee7bbf9609bc6ad8a9426f1dd53a496a98c414cfd7a,data/datasets/openfake/pilot-600/images/fake/8d7483b44fa902c26116bee7bbf9609bc6ad8a9426f1dd53a496a98c414cfd7a.png,low,1,0.788201093673706
8dbb2273603d95f9c4a72644d0c9720660f849cf98b1eb0cf53718aad4f1ad20,data/datasets/sid-set/candidate-1500/images/real/8dbb2273603d95f9c4a72644d0c9720660f849cf98b1eb0cf53718aad4f1ad20.jpg,medium,0,0.04387480765581131
8dc38f803c50b2bcad31fca203921aec7714bf8d7b122a159f7512339547fdc5,data/datasets/sid-set/candidate-1500/images/fake/8dc38f803c50b2bcad31fca203921aec7714bf8d7b122a159f7512339547fdc5.png,medium,1,0.9729509353637695
8dc7352baddd91fc8da3b1b5a1e4e21959be5956c08b59bd89e993dd0bdf5fb9,data/datasets/openfake/additional-900/images/fake/8dc7352baddd91fc8da3b1b5a1e4e21959be5956c08b59bd89e993dd0bdf5fb9.png,medium,1,0.970472514629364
8dca478b49d56abe4d4cca9f6a20ac0d0dd662764e0f4f53138ce2266146fe05,data/datasets/openfake/additional-900/images/real/8dca478b49d56abe4d4cca9f6a20ac0d0dd662764e0f4f53138ce2266146fe05.jpg,low,0,0.01635070890188217
8dd50a995dfeba572247dd0dfc519aa15ef89a69ec7760470bdaecc6365fc2fa,data/datasets/openfake/pilot-600/images/real/8dd50a995dfeba572247dd0dfc519aa15ef89a69ec7760470bdaecc6365fc2fa.jpg,low,0,0.0016722810687497258
8e29ad1e2393f4eb11eec1c19582d449a9561d3c1088705f0b2ccd6b1d30a3ea,data/datasets/sid-set/candidate-1500/images/fake/8e29ad1e2393f4eb11eec1c19582d449a9561d3c1088705f0b2ccd6b1d30a3ea.png,medium,1,0.9943674206733704
8e471287b8396300676b51527ed46aaca17be49862515d8457b989e8ea91fc33,data/datasets/sid-set/candidate-1500/images/real/8e471287b8396300676b51527ed46aaca17be49862515d8457b989e8ea91fc33.jpg,medium,0,0.3097013235092163
8e5e0727e0cc079cc8df687eb2b2d65a1dfe21d8e1f946d324cae69bf2740e8e,data/datasets/sid-set/candidate-1500/images/real/8e5e0727e0cc079cc8df687eb2b2d65a1dfe21d8e1f946d324cae69bf2740e8e.jpg,medium,0,0.84037184715271
8e7643e98ce55b195724e30158cc462610b43aa5a6cbc3c2ab600d0c1e0e0409,data/datasets/openfake/additional-900/images/real/8e7643e98ce55b195724e30158cc462610b43aa5a6cbc3c2ab600d0c1e0e0409.jpg,low,0,0.006468314677476883
8e77de5b16701e4e89dfb7f2d6d298c2a3fbab9d8a70948398298c594923fa71,data/datasets/sid-set/candidate-1500/images/real/8e77de5b16701e4e89dfb7f2d6d298c2a3fbab9d8a70948398298c594923fa71.jpg,medium,0,0.01880829781293869
8e7f3ed48f151f8f7847217641021779deb054b42529978a5f056f94c9389651,data/datasets/sid-set/candidate-1500/images/real/8e7f3ed48f151f8f7847217641021779deb054b42529978a5f056f94c9389651.jpg,low,0,0.010586249642074108
8ef1ec1465af0c7debf9836720bc858ce886a4c5256da2bc08d83313f48de61b,data/datasets/openfake/pilot-600/images/real/8ef1ec1465af0c7debf9836720bc858ce886a4c5256da2bc08d83313f48de61b.jpg,medium,0,0.015277116559445858
8f15754acc7c3f30af9506ee77e15ce6332b48326184f709b776a35e44b192fb,data/datasets/openfake/additional-900/images/real/8f15754acc7c3f30af9506ee77e15ce6332b48326184f709b776a35e44b192fb.jpg,medium,0,0.22219567000865936
8f1e09e502d5f8bc8a4606a7bdf52625e2857d1e5a139038d58017d7c39f7f9b,data/datasets/sid-set/candidate-1500/images/real/8f1e09e502d5f8bc8a4606a7bdf52625e2857d1e5a139038d58017d7c39f7f9b.jpg,low,0,0.8945338129997253
8f2291312c99a74662a3de009359d72fe098236ecca3185ec98f173ece78973c,data/datasets/sid-set/candidate-1500/images/real/8f2291312c99a74662a3de009359d72fe098236ecca3185ec98f173ece78973c.jpg,low,0,0.19713106751441956
8f4f8bb8ec62dd4f7739249e09d58c24a1b226a8c73eb0812071f1f106500564,data/datasets/openfake/additional-900/images/fake/8f4f8bb8ec62dd4f7739249e09d58c24a1b226a8c73eb0812071f1f106500564.png,low,1,0.9963082671165466
8f67b9f07fc26cc77a691ccc93e8321cfe4cbba1a5b5cdb84012778442dca290,data/datasets/openfake/additional-900/images/fake/8f67b9f07fc26cc77a691ccc93e8321cfe4cbba1a5b5cdb84012778442dca290.png,low,1,0.9799726605415344
8f68b364dfb23a361c45101c0b089a15246754591a1f42bdc05867ce104a7b5b,data/datasets/sid-set/candidate-1500/images/fake/8f68b364dfb23a361c45101c0b089a15246754591a1f42bdc05867ce104a7b5b.png,low,1,0.9887050986289978
8f8424bb53f8c1845e370b62066dc75a89afa0fd59ba9cecb9925ebd09a0ec34,data/datasets/openfake/additional-900/images/fake/8f8424bb53f8c1845e370b62066dc75a89afa0fd59ba9cecb9925ebd09a0ec34.png,medium,1,0.999568521976471
8f875006eb7509411d6727c381419ea0d4f5c693d827e5e0c513391f5e056a4a,data/datasets/sid-set/candidate-1500/images/fake/8f875006eb7509411d6727c381419ea0d4f5c693d827e5e0c513391f5e056a4a.png,low,1,0.9858047366142273
8f88b1f7100b0421ca5e3f327c14086fee9ae9dbf0bbf5163995004ee74ab4af,data/datasets/sid-set/candidate-1500/images/real/8f88b1f7100b0421ca5e3f327c14086fee9ae9dbf0bbf5163995004ee74ab4af.jpg,medium,0,0.06805165857076645
8fb71eef9c659eb5b6215006e5111ede17cef5782c7bf5d07970be6c12842b78,data/datasets/sid-set/candidate-1500/images/fake/8fb71eef9c659eb5b6215006e5111ede17cef5782c7bf5d07970be6c12842b78.png,low,1,0.7558801174163818
8fd4c0a6f6e5239c7441d781c04b994091573ffe6b4f3bf1a41ba25ea1dbed98,data/datasets/openfake/pilot-600/images/real/8fd4c0a6f6e5239c7441d781c04b994091573ffe6b4f3bf1a41ba25ea1dbed98.jpg,medium,0,0.4249396026134491
8fdb8a69e61787bc4473bb661f7317e1df1111d20ce10eb4d4c00f41879f163e,data/datasets/openfake/pilot-600/images/real/8fdb8a69e61787bc4473bb661f7317e1df1111d20ce10eb4d4c00f41879f163e.jpg,low,0,0.0005265892250463367
8fe0f1732484710f4ed588930e50851a8ede28666324be3418200ca208b0df74,data/datasets/sid-set/candidate-1500/images/real/8fe0f1732484710f4ed588930e50851a8ede28666324be3418200ca208b0df74.jpg,medium,0,0.80986088514328
8fe27d9c10acf01f1616e4b5d97ff618a71ab8226ec51b4b0b139b6f995a145d,data/datasets/sid-set/candidate-1500/images/real/8fe27d9c10acf01f1616e4b5d97ff618a71ab8226ec51b4b0b139b6f995a145d.jpg,medium,0,0.8718464374542236
8ff40304740f412cba3e219ee8927f707f308735103b9f9c400c6e5f4b8d5f71,data/datasets/sid-set/candidate-1500/images/real/8ff40304740f412cba3e219ee8927f707f308735103b9f9c400c6e5f4b8d5f71.jpg,medium,0,0.7516431212425232
9015cb975e2013119fff3b4cf26892aaa823e82c405f20a2feb83b4bab4a41d8,data/datasets/openfake/additional-900/images/real/9015cb975e2013119fff3b4cf26892aaa823e82c405f20a2feb83b4bab4a41d8.jpg,medium,0,0.04213157668709755
901c7d9651dae882d07927af34b1f34aef604d16362316c559b455e4c79808eb,data/datasets/openfake/additional-900/images/fake/901c7d9651dae882d07927af34b1f34aef604d16362316c559b455e4c79808eb.png,medium,1,0.9788023233413696
9039e6d87c2391243214a434aebb03446cbe21c8e52a380ca2d503f29b52da4c,data/datasets/openfake/pilot-600/images/fake/9039e6d87c2391243214a434aebb03446cbe21c8e52a380ca2d503f29b52da4c.png,medium,1,0.5790975689888
9086bafc8cc45802ec70ba0f424211e15a7d80725a8227f0e64fdbe8bf89ad3a,data/datasets/sid-set/candidate-1500/images/fake/9086bafc8cc45802ec70ba0f424211e15a7d80725a8227f0e64fdbe8bf89ad3a.png,medium,1,0.9502851366996765
90a427d7395910b1b9d3d75cd8f1b29fef931f4c0cb0b15e488468557eb4cd8d,data/datasets/openfake/additional-900/images/fake/90a427d7395910b1b9d3d75cd8f1b29fef931f4c0cb0b15e488468557eb4cd8d.png,low,1,0.9894193410873413
90b04581e49b1c5859e40f80c988d9b7498dbbc04a061afbeea5c509e7bd43d1,data/datasets/sid-set/candidate-1500/images/fake/90b04581e49b1c5859e40f80c988d9b7498dbbc04a061afbeea5c509e7bd43d1.png,medium,1,0.9756984114646912
90c9d2f067e19a04449710778695c22399930adebb97e606e6f17a3b349e4dd8,data/datasets/openfake/additional-900/images/real/90c9d2f067e19a04449710778695c22399930adebb97e606e6f17a3b349e4dd8.jpg,medium,0,0.014498838223516941
911164be524ec31cd8a5399de4d6ba5b64d44c6b0b01aa5920109fb671908fbd,data/datasets/sid-set/candidate-1500/images/real/911164be524ec31cd8a5399de4d6ba5b64d44c6b0b01aa5920109fb671908fbd.jpg,low,0,0.8522585034370422
911ccbec03c6da6ef6843ef492ba6e9941ae5800060d1a954f6234bfd5d5f4de,data/datasets/sid-set/candidate-1500/images/fake/911ccbec03c6da6ef6843ef492ba6e9941ae5800060d1a954f6234bfd5d5f4de.png,low,1,0.9840997457504272
913bca0b72c8df16ec83946a9ba7f0b51b3431d9a7e11c9b332320493da32549,data/datasets/openfake/pilot-600/images/real/913bca0b72c8df16ec83946a9ba7f0b51b3431d9a7e11c9b332320493da32549.jpg,medium,0,0.001218784018419683
913f7197abf65aa7814498b7b717260c990ef4bff939635dc1eec02bf47cb806,data/datasets/openfake/additional-900/images/fake/913f7197abf65aa7814498b7b717260c990ef4bff939635dc1eec02bf47cb806.png,medium,1,0.9012992978096008
914a862432741593303d71ef453add25c553be679392b937da38ffc0f4de6ea1,data/datasets/openfake/additional-900/images/fake/914a862432741593303d71ef453add25c553be679392b937da38ffc0f4de6ea1.jpg,medium,1,0.709842324256897
914ae46c5a8844736e58531ee91106c2206f672ddb375853fc77402a6f15e251,data/datasets/openfake/additional-900/images/fake/914ae46c5a8844736e58531ee91106c2206f672ddb375853fc77402a6f15e251.jpg,medium,1,0.3497009575366974
914c099ba3edf75f149700a189632a15905ec73f4045c8f17ddf53b25456b8b2,data/datasets/openfake/pilot-600/images/real/914c099ba3edf75f149700a189632a15905ec73f4045c8f17ddf53b25456b8b2.jpg,low,0,0.002363804029300809
91619dcdad7a014886e1c760b1f6f5b2c692082e177917483a6e412adfb3d440,data/datasets/sid-set/candidate-1500/images/fake/91619dcdad7a014886e1c760b1f6f5b2c692082e177917483a6e412adfb3d440.png,low,1,0.9795315265655518
918533462284d1484a19406e72158016daa775eaee079e8ed681085b36b1793a,data/datasets/openfake/pilot-600/images/real/918533462284d1484a19406e72158016daa775eaee079e8ed681085b36b1793a.jpg,low,0,6.709941226290539e-05
919f43a967f226b44e42d6212682e3b316fd5496f29d4de0f7acbda693839a8f,data/datasets/sid-set/candidate-1500/images/fake/919f43a967f226b44e42d6212682e3b316fd5496f29d4de0f7acbda693839a8f.png,medium,1,0.9924929738044739
91a72e3cda35b451e35ceac6c9976b60fe9f503c4324b41f7c036702be28a27b,data/datasets/sid-set/candidate-1500/images/fake/91a72e3cda35b451e35ceac6c9976b60fe9f503c4324b41f7c036702be28a27b.png,low,1,0.9659036993980408
91c1f75d4d615bb6cbc79db0faa96aebb38dfb95dea9193a4745ed19c290cfbf,data/datasets/openfake/additional-900/images/real/91c1f75d4d615bb6cbc79db0faa96aebb38dfb95dea9193a4745ed19c290cfbf.jpg,medium,0,0.23465923964977264
923f12bda098a724ac95ee88a5f1677760528598e5a28c7b136f46cf14defa33,data/datasets/sid-set/candidate-1500/images/real/923f12bda098a724ac95ee88a5f1677760528598e5a28c7b136f46cf14defa33.jpg,medium,0,0.965797483921051
928d783b115edaa8c8fa163f8f43bb20755fb6882246009cce6525bc5e021bc9,data/datasets/sid-set/candidate-1500/images/fake/928d783b115edaa8c8fa163f8f43bb20755fb6882246009cce6525bc5e021bc9.png,low,1,0.7054320573806763
929d24da580bb743d6b86edd4d443cf6eb93c77c2387d88347e9bc7f172a5fff,data/datasets/openfake/pilot-600/images/fake/929d24da580bb743d6b86edd4d443cf6eb93c77c2387d88347e9bc7f172a5fff.png,high,1,0.9634426832199097
92b6c45c96b961bf4f1bf097369b9237aa1bdf7abc1b712a86343217f243057a,data/datasets/sid-set/candidate-1500/images/real/92b6c45c96b961bf4f1bf097369b9237aa1bdf7abc1b712a86343217f243057a.jpg,medium,0,0.21896369755268097
92c9f63324c950a64e47a597f6742e477df088a0d215794a60b64ecffbed1b6a,data/datasets/sid-set/candidate-1500/images/fake/92c9f63324c950a64e47a597f6742e477df088a0d215794a60b64ecffbed1b6a.png,medium,1,0.9598895311355591
92d02cd1e19312e1ee6bde09c95612b5e652f7c7599c976d84fdba333020185d,data/datasets/sid-set/candidate-1500/images/real/92d02cd1e19312e1ee6bde09c95612b5e652f7c7599c976d84fdba333020185d.jpg,low,0,0.008004981093108654
92ec100acb1ba8c225d3244d3be5b0e9750f74d7c909c9c96e3c02ef18c57310,data/datasets/sid-set/candidate-1500/images/real/92ec100acb1ba8c225d3244d3be5b0e9750f74d7c909c9c96e3c02ef18c57310.jpg,medium,0,0.009615344926714897
931f14cd3f155a6873ee9ca9d5bac355637a5da03e3bc2b9d3f6ebd1ec6e598a,data/datasets/openfake/additional-900/images/real/931f14cd3f155a6873ee9ca9d5bac355637a5da03e3bc2b9d3f6ebd1ec6e598a.jpg,medium,0,0.1511860191822052
9320b71d71d86bbe3564fb7fcb078bdc983e3021dbd1d45da27ac66adb9e1671,data/datasets/sid-set/candidate-1500/images/fake/9320b71d71d86bbe3564fb7fcb078bdc983e3021dbd1d45da27ac66adb9e1671.png,medium,1,0.5534316301345825
933332343f679c207d883c5e9fcd0490479f6af1b23ac200697faf41efe9784f,data/datasets/sid-set/candidate-1500/images/real/933332343f679c207d883c5e9fcd0490479f6af1b23ac200697faf41efe9784f.jpg,low,0,0.7061417698860168
933f13343692fd4f9f3a1ed918282c4636e6c145884cf23991c9d52fccb34e3e,data/datasets/openfake/additional-900/images/real/933f13343692fd4f9f3a1ed918282c4636e6c145884cf23991c9d52fccb34e3e.jpg,medium,0,0.5343220233917236
934f49e84f630b17320dcf970e1f75f5eacf3d025df3d6e5500e1d8e2b96c628,data/datasets/openfake/pilot-600/images/real/934f49e84f630b17320dcf970e1f75f5eacf3d025df3d6e5500e1d8e2b96c628.jpg,medium,0,0.0008845027186907828
935927ac6d46933f1b10d425e54e4ac73960adafce2f2bc237f4d99ac02cae0d,data/datasets/openfake/additional-900/images/fake/935927ac6d46933f1b10d425e54e4ac73960adafce2f2bc237f4d99ac02cae0d.webp,low,1,0.30912989377975464
938960688c68ca9f9e19fef02d6dad09dcbb677362afecb2d2f8427750253a88,data/datasets/sid-set/candidate-1500/images/real/938960688c68ca9f9e19fef02d6dad09dcbb677362afecb2d2f8427750253a88.jpg,medium,0,0.7483764290809631
93e0fbc5940ce073b124b0e50460bc84ee6125fc7341a3d640a86eebff5cb129,data/datasets/sid-set/candidate-1500/images/real/93e0fbc5940ce073b124b0e50460bc84ee6125fc7341a3d640a86eebff5cb129.jpg,low,0,0.8956019282341003
9411180360523b81ff9e23c7c32f452b86576565323152ad0d0befa2d998923f,data/datasets/sid-set/candidate-1500/images/real/9411180360523b81ff9e23c7c32f452b86576565323152ad0d0befa2d998923f.jpg,low,0,0.9555873274803162
941c0e47af0886c73831edd72e3564ca4453e7182f58e14aeb6e29bbe6289bd1,data/datasets/sid-set/candidate-1500/images/real/941c0e47af0886c73831edd72e3564ca4453e7182f58e14aeb6e29bbe6289bd1.jpg,medium,0,0.10152474045753479
9421a411041334eb3331318b463785d734aa7a0bf8854f393c01cc1f0fd840d0,data/datasets/openfake/additional-900/images/real/9421a411041334eb3331318b463785d734aa7a0bf8854f393c01cc1f0fd840d0.jpg,low,0,0.0009630334679968655
944510fe14c3fb117b82bd52ba7c2cde6ab697b152a72a8aff4aade60e42dd93,data/datasets/openfake/additional-900/images/fake/944510fe14c3fb117b82bd52ba7c2cde6ab697b152a72a8aff4aade60e42dd93.png,medium,1,0.9864428043365479
946d54517c9f2b381a688c5b34fb9f7a54d42d24fe813a22511166d8694966c2,data/datasets/openfake/pilot-600/images/real/946d54517c9f2b381a688c5b34fb9f7a54d42d24fe813a22511166d8694966c2.jpg,low,0,0.047825440764427185
94b494140f96a51362f2f2e603bcbd43a7208198f1c5f162d98fd6020f73ac4e,data/datasets/sid-set/candidate-1500/images/real/94b494140f96a51362f2f2e603bcbd43a7208198f1c5f162d98fd6020f73ac4e.jpg,medium,0,0.07409507036209106
94bb32d33cca2fcf17923743e0aa658640b6d815c651faf3b9750073adc58923,data/datasets/sid-set/candidate-1500/images/real/94bb32d33cca2fcf17923743e0aa658640b6d815c651faf3b9750073adc58923.jpg,medium,0,0.031801577657461166
94bbb2bf7d9fbb0e1ff77b55f8cf29108986795eaecbefb9beeb75a7bc9d22b2,data/datasets/sid-set/candidate-1500/images/real/94bbb2bf7d9fbb0e1ff77b55f8cf29108986795eaecbefb9beeb75a7bc9d22b2.jpg,medium,0,0.10075581073760986
94c4dbe3e28a4bfcc030e925b96a44cc22d4c6333267639ceb1f92cefc2efbee,data/datasets/openfake/additional-900/images/real/94c4dbe3e28a4bfcc030e925b96a44cc22d4c6333267639ceb1f92cefc2efbee.jpg,medium,0,0.7449733018875122
94cf25893ce19b4bc876372fe5fb38f9a989ca79be24d4aad83a71f1a4aee488,data/datasets/openfake/pilot-600/images/fake/94cf25893ce19b4bc876372fe5fb38f9a989ca79be24d4aad83a71f1a4aee488.png,medium,1,0.9714647531509399
94d118e1db14177f028b6fe2d579a31356174398fa5f517df49cb5ce68751308,data/datasets/sid-set/candidate-1500/images/real/94d118e1db14177f028b6fe2d579a31356174398fa5f517df49cb5ce68751308.jpg,low,0,0.984133243560791
94d1ac876d3d5a4a8a76c5e9896415030f690686706b265b51cb69c26f09666f,data/datasets/openfake/additional-900/images/fake/94d1ac876d3d5a4a8a76c5e9896415030f690686706b265b51cb69c26f09666f.png,medium,1,0.7282518744468689
94d878bc780e521536f9a2b9067f3fc6bc53a4378d45c3f7217867fdf9aeebfe,data/datasets/openfake/additional-900/images/fake/94d878bc780e521536f9a2b9067f3fc6bc53a4378d45c3f7217867fdf9aeebfe.png,medium,1,0.9972744584083557
94e6069b3f631ab0f818891b09703d89e0bd7041bd1441bc3773c565e0c90b0b,data/datasets/sid-set/candidate-1500/images/fake/94e6069b3f631ab0f818891b09703d89e0bd7041bd1441bc3773c565e0c90b0b.png,medium,1,0.9066216945648193
9500acf31087a643675ae7129276cf8122004a7646f0579e91a679b7cbb4b282,data/datasets/sid-set/candidate-1500/images/real/9500acf31087a643675ae7129276cf8122004a7646f0579e91a679b7cbb4b282.jpg,medium,0,0.005146491341292858
95230accca3c1c9945a0c269733711e790479ec5310de83aa8178b622dc4f113,data/datasets/sid-set/candidate-1500/images/real/95230accca3c1c9945a0c269733711e790479ec5310de83aa8178b622dc4f113.jpg,medium,0,0.12970612943172455
952c5ea06cc977cdfb2a4887dc1e322c2fd706b4e114c12b39d3c60c258b9f92,data/datasets/openfake/pilot-600/images/real/952c5ea06cc977cdfb2a4887dc1e322c2fd706b4e114c12b39d3c60c258b9f92.jpg,high,0,0.6246111989021301
953a3f83985da689117ee6fa2fbaa16e9c4f6b7c1a1ff7ae5988b354fc0862c5,data/datasets/sid-set/candidate-1500/images/fake/953a3f83985da689117ee6fa2fbaa16e9c4f6b7c1a1ff7ae5988b354fc0862c5.png,medium,1,0.8964776992797852
953e4a406c646642c4843d1e2bf42c4cb82c2307f131b4aaa9d838fab2984ee8,data/datasets/sid-set/candidate-1500/images/fake/953e4a406c646642c4843d1e2bf42c4cb82c2307f131b4aaa9d838fab2984ee8.png,medium,1,0.9821620583534241
953f439302ecaa73821beafda31fea5c7b6ff7d050c5b69e2cf94160cd64f954,data/datasets/openfake/pilot-600/images/fake/953f439302ecaa73821beafda31fea5c7b6ff7d050c5b69e2cf94160cd64f954.png,low,1,0.7360811233520508
955206efaa84213da303d4b5c7aa36d0476622f5437b62a715ab6f5ab1d44703,data/datasets/openfake/pilot-600/images/fake/955206efaa84213da303d4b5c7aa36d0476622f5437b62a715ab6f5ab1d44703.png,low,1,0.615022599697113
956ccb7ecad497df0dc2e52afe758f8576a6a842ace64b55a13edacb4f37765e,data/datasets/sid-set/candidate-1500/images/real/956ccb7ecad497df0dc2e52afe758f8576a6a842ace64b55a13edacb4f37765e.jpg,medium,0,0.0046167317777872086
9573ecdab134858b16d49dff7430eb1b205d5f083003a810c8fbf0baa82c5831,data/datasets/openfake/additional-900/images/fake/9573ecdab134858b16d49dff7430eb1b205d5f083003a810c8fbf0baa82c5831.png,medium,1,0.7462376356124878
95b7d2b3df85a02c1c5ec4b6d3cd33f17a01207f3989d7c204d6485276f16ce2,data/datasets/openfake/pilot-600/images/real/95b7d2b3df85a02c1c5ec4b6d3cd33f17a01207f3989d7c204d6485276f16ce2.jpg,medium,0,0.07235337793827057
95e1eec2701911821dee35d753bc90cb4f4113db95edfa51e7c3af88d5307551,data/datasets/openfake/additional-900/images/real/95e1eec2701911821dee35d753bc90cb4f4113db95edfa51e7c3af88d5307551.jpg,medium,0,0.001914675929583609
9607be75271a83a5ee43a8d9e261b0bba2f7b0d991170b2cb4836b927849e80b,data/datasets/sid-set/candidate-1500/images/fake/9607be75271a83a5ee43a8d9e261b0bba2f7b0d991170b2cb4836b927849e80b.png,medium,1,0.9989230036735535
964307d54d096f8ad4f3bbdf5aa3a2c8d3e461918ffd289b5219c90c955d8772,data/datasets/sid-set/candidate-1500/images/fake/964307d54d096f8ad4f3bbdf5aa3a2c8d3e461918ffd289b5219c90c955d8772.png,low,1,0.9035744667053223
966e2a5b9a9df57a5f2fdc5d847758187e4c1e0e05dd01e56f7ca6fac8749a3d,data/datasets/sid-set/candidate-1500/images/real/966e2a5b9a9df57a5f2fdc5d847758187e4c1e0e05dd01e56f7ca6fac8749a3d.jpg,low,0,0.009523160755634308
9679b280d3cbd0edf71fbe5c9d7e3b723eb9399f063dd7888f03e846719f6ca8,data/datasets/sid-set/candidate-1500/images/real/9679b280d3cbd0edf71fbe5c9d7e3b723eb9399f063dd7888f03e846719f6ca8.jpg,low,0,0.9029829502105713
96a558053e39957dee48bc6310c30cd0126b640a6761068e91e98f7748083e7d,data/datasets/openfake/additional-900/images/real/96a558053e39957dee48bc6310c30cd0126b640a6761068e91e98f7748083e7d.jpg,high,0,0.3191635310649872
96bd491ce52ccce8a17548a1efe8935cf74f3fa2a4ec2bdd531623c2273d09c8,data/datasets/openfake/additional-900/images/real/96bd491ce52ccce8a17548a1efe8935cf74f3fa2a4ec2bdd531623c2273d09c8.jpg,medium,0,0.006132257170975208
96c611517aa4d75bc92cee5e755bafbcfc11bc35c7134ae036b2198a4ded321f,data/datasets/sid-set/candidate-1500/images/fake/96c611517aa4d75bc92cee5e755bafbcfc11bc35c7134ae036b2198a4ded321f.png,low,1,0.986700177192688
96ccb5fa154ebda7e6ba6f75853d7f4b49d19ff6da9584571781d3958e6c8c7a,data/datasets/sid-set/candidate-1500/images/real/96ccb5fa154ebda7e6ba6f75853d7f4b49d19ff6da9584571781d3958e6c8c7a.jpg,low,0,0.5177063941955566
96f343fb64af446b91d96bf6de007e62ef3b673a03733fe3912f977d4930c95c,data/datasets/openfake/additional-900/images/fake/96f343fb64af446b91d96bf6de007e62ef3b673a03733fe3912f977d4930c95c.png,medium,1,0.26658129692077637
9705162c44a6c91e6cd3cd4731b33c5407c384817d35c2abdc3b31d8397fe059,data/datasets/openfake/pilot-600/images/real/9705162c44a6c91e6cd3cd4731b33c5407c384817d35c2abdc3b31d8397fe059.jpg,medium,0,0.10662916302680969
971d56475d53de8c1b3b2683eea1eeb2da72cfff718d8a73afeabbdfdfa1b8de,data/datasets/sid-set/candidate-1500/images/real/971d56475d53de8c1b3b2683eea1eeb2da72cfff718d8a73afeabbdfdfa1b8de.jpg,medium,0,0.6942044496536255
971e9d53debebe609b7e2f0628666a376a06f387c89e92b3feeeebb01012b6f1,data/datasets/sid-set/candidate-1500/images/fake/971e9d53debebe609b7e2f0628666a376a06f387c89e92b3feeeebb01012b6f1.png,medium,1,0.9922820925712585
97389ec1c976af7b98c6f1a20cb2fe5054950ddb0c90b49d5a9f61dee4d6ee62,data/datasets/sid-set/candidate-1500/images/fake/97389ec1c976af7b98c6f1a20cb2fe5054950ddb0c90b49d5a9f61dee4d6ee62.png,low,1,0.9552606344223022
974f1f6568316db93a7beef9e0637621a5aa33aea4c710383d28c2e1e7c17544,data/datasets/sid-set/candidate-1500/images/fake/974f1f6568316db93a7beef9e0637621a5aa33aea4c710383d28c2e1e7c17544.png,low,1,0.9939574003219604
97714dd63890fa56bcba88cb4c1f05694ebe6dfa3acefc447c779f0fb201ae33,data/datasets/sid-set/candidate-1500/images/fake/97714dd63890fa56bcba88cb4c1f05694ebe6dfa3acefc447c779f0fb201ae33.png,low,1,0.873647153377533
97880207a828c05061182206be2d43e487b3c6c5ce3932bc61a7f6a6fd1d8fc2,data/datasets/openfake/additional-900/images/fake/97880207a828c05061182206be2d43e487b3c6c5ce3932bc61a7f6a6fd1d8fc2.png,low,1,0.4441996216773987
979f8ac3ed0b2b00a0dfe6ece073f31223b0b87bb57171d91f301aabb823e4c2,data/datasets/sid-set/candidate-1500/images/fake/979f8ac3ed0b2b00a0dfe6ece073f31223b0b87bb57171d91f301aabb823e4c2.png,high,1,0.9923473596572876
97a1e9d63ddb1197f180ca170950ce53ed2aa178298fde797a67759a81c0e0ad,data/datasets/sid-set/candidate-1500/images/fake/97a1e9d63ddb1197f180ca170950ce53ed2aa178298fde797a67759a81c0e0ad.png,medium,1,0.9858681559562683
97b19adae87d35a46634498f71e36430fc5b9aede73a39e0ee8deff47c2cc17b,data/datasets/openfake/additional-900/images/fake/97b19adae87d35a46634498f71e36430fc5b9aede73a39e0ee8deff47c2cc17b.png,medium,1,0.9712356328964233
97b2a446625850197d31efe18105213ad49b227a3bd98ac64c6e693ab538edf0,data/datasets/sid-set/candidate-1500/images/real/97b2a446625850197d31efe18105213ad49b227a3bd98ac64c6e693ab538edf0.jpg,low,0,0.029086213558912277
97b56e13a2b440f30f5996532aa0c3c4ef5a2451ad08ede34cf9d1b102beb60c,data/datasets/sid-set/candidate-1500/images/real/97b56e13a2b440f30f5996532aa0c3c4ef5a2451ad08ede34cf9d1b102beb60c.jpg,low,0,0.26786676049232483
97d5f46d0d40d20098fcc449041e54ea4f6ba6c72469e1cd17b395bfee0a2249,data/datasets/sid-set/candidate-1500/images/real/97d5f46d0d40d20098fcc449041e54ea4f6ba6c72469e1cd17b395bfee0a2249.jpg,low,0,0.8208456039428711
97e6e22bafe9755446212f2f359f40c83f988adb5367744f66ab6cd7eb898a6c,data/datasets/openfake/additional-900/images/real/97e6e22bafe9755446212f2f359f40c83f988adb5367744f66ab6cd7eb898a6c.jpg,low,0,0.5246415734291077
97fcad9be441462a1444eed808d4a42d6d9614e6b7b54ec0280bde75db40cc9b,data/datasets/openfake/additional-900/images/fake/97fcad9be441462a1444eed808d4a42d6d9614e6b7b54ec0280bde75db40cc9b.png,medium,1,0.39635950326919556
9839d99fec2f61fba9f6a722bfcb8d86f58ee33d880695545fbf8830b245a8f0,data/datasets/openfake/pilot-600/images/real/9839d99fec2f61fba9f6a722bfcb8d86f58ee33d880695545fbf8830b245a8f0.jpg,high,0,0.5159173011779785
985c84c8f9db0571c78e3c3f73f80ad6b50060cb15edc59af1282d19eeb975da,data/datasets/sid-set/candidate-1500/images/fake/985c84c8f9db0571c78e3c3f73f80ad6b50060cb15edc59af1282d19eeb975da.png,medium,1,0.984183132648468
986932a4e6c416777b72d499e783d238fce89332d2d94221afffcaaf1e559ba9,data/datasets/sid-set/candidate-1500/images/real/986932a4e6c416777b72d499e783d238fce89332d2d94221afffcaaf1e559ba9.jpg,medium,0,0.006737068761140108
986e86e24270819058fdb57748d6fbada5e360ba9ed7845b718321d0618f8098,data/datasets/openfake/pilot-600/images/real/986e86e24270819058fdb57748d6fbada5e360ba9ed7845b718321d0618f8098.jpg,medium,0,0.014075507409870625
98ad010b4d4c14a13b7e4da630182712a83fc3c1bddc76768eecf6d6169453af,data/datasets/sid-set/candidate-1500/images/fake/98ad010b4d4c14a13b7e4da630182712a83fc3c1bddc76768eecf6d6169453af.png,medium,1,0.9817488193511963
98b6594496dd825a8beadb6a5df34f66cae442e5e415fa3b711fc6ee65ac8e93,data/datasets/sid-set/candidate-1500/images/real/98b6594496dd825a8beadb6a5df34f66cae442e5e415fa3b711fc6ee65ac8e93.jpg,low,0,0.34758976101875305
98ba608a2cb3adf6cfcb6e445b1dab49d29a0251df048977b610d1283bd27b77,data/datasets/openfake/pilot-600/images/fake/98ba608a2cb3adf6cfcb6e445b1dab49d29a0251df048977b610d1283bd27b77.jpg,medium,1,0.934565007686615
98cb8248c1754de474f469f04a98da9841455ccc7f864cd3f525d0173469fc19,data/datasets/sid-set/candidate-1500/images/fake/98cb8248c1754de474f469f04a98da9841455ccc7f864cd3f525d0173469fc19.png,low,1,0.9811586141586304
98da6a17e4c20c88bfd0c09251adfb926f3027f36840d16981c120d7317cc6cb,data/datasets/sid-set/candidate-1500/images/fake/98da6a17e4c20c88bfd0c09251adfb926f3027f36840d16981c120d7317cc6cb.png,medium,1,0.9726937413215637
98f8fc479ec627a43d0f2321474995d50f04cbefa2007e93ffb22e072c6e7bb9,data/datasets/openfake/additional-900/images/fake/98f8fc479ec627a43d0f2321474995d50f04cbefa2007e93ffb22e072c6e7bb9.png,low,1,0.7394639253616333
99051297d99f338745bd038dbae8d9d231b9e32af2ba1933cd5996e95bc5dba6,data/datasets/openfake/additional-900/images/fake/99051297d99f338745bd038dbae8d9d231b9e32af2ba1933cd5996e95bc5dba6.jpg,low,1,0.22099560499191284
990f14c836f9f033b00d7839a45005e269bed9cebe048e26c2851b56d5a21c45,data/datasets/sid-set/candidate-1500/images/fake/990f14c836f9f033b00d7839a45005e269bed9cebe048e26c2851b56d5a21c45.png,medium,1,0.9894272685050964
9917ae30be849b80d9d2070561bac2845a1d602067e135b7b8cdb5d5bc18e440,data/datasets/sid-set/candidate-1500/images/real/9917ae30be849b80d9d2070561bac2845a1d602067e135b7b8cdb5d5bc18e440.jpg,low,0,0.9832032918930054
9986445cccea52327520c6b4507182ba228a4d405b95770ea84eb36442b9bad0,data/datasets/sid-set/candidate-1500/images/real/9986445cccea52327520c6b4507182ba228a4d405b95770ea84eb36442b9bad0.jpg,medium,0,0.2058153748512268
99a78cea6417dc24aa62d7faa24fcfafbf71e326dd1e4a0d1031cf8ec4762355,data/datasets/openfake/pilot-600/images/real/99a78cea6417dc24aa62d7faa24fcfafbf71e326dd1e4a0d1031cf8ec4762355.jpg,medium,0,0.026452185586094856
99ac536e683c6fa45de67615276990b3a3ada5ee6257fa584e3f3c1c31611820,data/datasets/openfake/additional-900/images/fake/99ac536e683c6fa45de67615276990b3a3ada5ee6257fa584e3f3c1c31611820.png,medium,1,0.6939816474914551
99c8994eb8fd6e2f55480d942f6fd79c2332494cbf7217578e2c0dd6ea895b56,data/datasets/openfake/pilot-600/images/real/99c8994eb8fd6e2f55480d942f6fd79c2332494cbf7217578e2c0dd6ea895b56.jpg,medium,0,0.24923236668109894
9a3a7b82353dcd03ae467fa7beb4e41b0da82a8b89cd688e6823596aa5115816,data/datasets/openfake/additional-900/images/real/9a3a7b82353dcd03ae467fa7beb4e41b0da82a8b89cd688e6823596aa5115816.jpg,medium,0,0.8739068508148193
9a3f1005808b6c868311db28a561a7ca1ddd12cf164eaa3996166a0d896697e8,data/datasets/openfake/additional-900/images/real/9a3f1005808b6c868311db28a561a7ca1ddd12cf164eaa3996166a0d896697e8.jpg,medium,0,0.20046809315681458
9a693fe6ceff14178f35ff59bbda7764f4e08a33e5b692f9040e6d01cfc89d01,data/datasets/sid-set/candidate-1500/images/fake/9a693fe6ceff14178f35ff59bbda7764f4e08a33e5b692f9040e6d01cfc89d01.png,low,1,0.5649521350860596
9adf0f2b5735bd5f8b7e41dc1aee984edc6746eb0971ae78f2a842ae038a55ee,data/datasets/openfake/additional-900/images/fake/9adf0f2b5735bd5f8b7e41dc1aee984edc6746eb0971ae78f2a842ae038a55ee.png,medium,1,0.9963304400444031
9b0737e9674eec8d08bcf12795db9b5f18329c2f33c15ab29e8287bbc19951b6,data/datasets/sid-set/candidate-1500/images/fake/9b0737e9674eec8d08bcf12795db9b5f18329c2f33c15ab29e8287bbc19951b6.png,medium,1,0.9752539396286011
9b0d52e5196dbb89a18908c41e9cd09c160a17a0b011437080b15dfe66de3007,data/datasets/openfake/pilot-600/images/fake/9b0d52e5196dbb89a18908c41e9cd09c160a17a0b011437080b15dfe66de3007.jpg,low,1,0.9788985848426819
9b0f71614aafcd4610d941170dbcca9be1b5cdfa3bc3fd0c5134b3d1ce52b9ff,data/datasets/sid-set/candidate-1500/images/fake/9b0f71614aafcd4610d941170dbcca9be1b5cdfa3bc3fd0c5134b3d1ce52b9ff.png,low,1,0.9989253878593445
9b1110c760e94416dc5784878512e63a32d37a4feeaeb91f8bcf4d2164d1c42c,data/datasets/sid-set/candidate-1500/images/real/9b1110c760e94416dc5784878512e63a32d37a4feeaeb91f8bcf4d2164d1c42c.jpg,medium,0,0.023273425176739693
9b1413c1e9751d4c3b899f1af052e866eaa571a3e2e3e5aba8c273f0fd478496,data/datasets/openfake/additional-900/images/real/9b1413c1e9751d4c3b899f1af052e866eaa571a3e2e3e5aba8c273f0fd478496.jpg,medium,0,0.5201650261878967
9b5fcc055663f9275003cd8e4a2e344293b16f142ac5498c282626ef95e0ce64,data/datasets/openfake/additional-900/images/real/9b5fcc055663f9275003cd8e4a2e344293b16f142ac5498c282626ef95e0ce64.jpg,medium,0,0.8444692492485046
9b6361d82fe1f12556072048d7115bb2272a327fa7ebdbd11e34a482e3c592b8,data/datasets/openfake/additional-900/images/fake/9b6361d82fe1f12556072048d7115bb2272a327fa7ebdbd11e34a482e3c592b8.png,medium,1,0.9902966618537903
9b9bfdb6464b0c6920554447ad3e40e4d5500c7a95e293f038fa12b881b03c50,data/datasets/openfake/pilot-600/images/real/9b9bfdb6464b0c6920554447ad3e40e4d5500c7a95e293f038fa12b881b03c50.jpg,medium,0,0.0017633824609220028
9ba9b802eed2d7f31838b76cbd3e9662b1d6207e9031b92b37e544fb8d4d07e3,data/datasets/openfake/pilot-600/images/real/9ba9b802eed2d7f31838b76cbd3e9662b1d6207e9031b92b37e544fb8d4d07e3.jpg,low,0,0.00011371351138222963
9bd9455c7205121e9ba742f93e2801d0cea3a33be136e9c16364d75b3753b644,data/datasets/sid-set/candidate-1500/images/fake/9bd9455c7205121e9ba742f93e2801d0cea3a33be136e9c16364d75b3753b644.png,low,1,0.9366949200630188
9c063f46555aac031b736758fb6bbb9e47840d2473a64ece7a6e4d71c7f3948f,data/datasets/sid-set/candidate-1500/images/fake/9c063f46555aac031b736758fb6bbb9e47840d2473a64ece7a6e4d71c7f3948f.png,medium,1,0.9960941672325134
9c183f44a3274757cd3557b00ed53066f02ca2a8dc3b8bc762e371671eb2de16,data/datasets/openfake/pilot-600/images/real/9c183f44a3274757cd3557b00ed53066f02ca2a8dc3b8bc762e371671eb2de16.jpg,medium,0,0.2746821641921997
9c19a7931b1eca054d4bf81bcf76b464d1a94af73ba50c8790d31bfa7de15fc3,data/datasets/sid-set/candidate-1500/images/real/9c19a7931b1eca054d4bf81bcf76b464d1a94af73ba50c8790d31bfa7de15fc3.jpg,low,0,0.06303253769874573
9c27170db171a4999b58edb97fd221d26c846c2e7545199d68ea9f7c2627ef4b,data/datasets/openfake/pilot-600/images/fake/9c27170db171a4999b58edb97fd221d26c846c2e7545199d68ea9f7c2627ef4b.png,low,1,0.4076083302497864
9c35189ae1c07b7723077bde41659b2ac1b7f69258c359b9d353ca82830d2d25,data/datasets/openfake/additional-900/images/fake/9c35189ae1c07b7723077bde41659b2ac1b7f69258c359b9d353ca82830d2d25.png,medium,1,0.9771084785461426
9c441b155bacd95717e5ef9363b66f46123f18f59bc8d1384623493b285fd145,data/datasets/sid-set/candidate-1500/images/real/9c441b155bacd95717e5ef9363b66f46123f18f59bc8d1384623493b285fd145.jpg,low,0,0.4790336489677429
9c4cb17bbd8c72227ccecd0403e8c17d178f17227570268c4a925acd68af4756,data/datasets/sid-set/candidate-1500/images/fake/9c4cb17bbd8c72227ccecd0403e8c17d178f17227570268c4a925acd68af4756.png,medium,1,0.9859558343887329
9c56d52f31cca7d07678d0de97bc0aec3b75121c0338ae364ee319bcc1f073d2,data/datasets/sid-set/candidate-1500/images/fake/9c56d52f31cca7d07678d0de97bc0aec3b75121c0338ae364ee319bcc1f073d2.png,low,1,0.5734444856643677
9c5efbe159a3714c59581f0bd149537f77df7e212217e4363894e9b807cde1e8,data/datasets/sid-set/candidate-1500/images/fake/9c5efbe159a3714c59581f0bd149537f77df7e212217e4363894e9b807cde1e8.png,low,1,0.9849076271057129
9c6a2c1d0698bb27366e9c142bbe49e6da93a59575df2b0d0f18734454480ddb,data/datasets/sid-set/candidate-1500/images/fake/9c6a2c1d0698bb27366e9c142bbe49e6da93a59575df2b0d0f18734454480ddb.png,medium,1,0.9798905849456787
9c732068881311debf381caec9e3b87505f54077219f48470f5c4bfb1bcd161d,data/datasets/sid-set/candidate-1500/images/real/9c732068881311debf381caec9e3b87505f54077219f48470f5c4bfb1bcd161d.jpg,medium,0,0.1333857625722885
9c8d9bf84c125013351caa5e9946bebc8ae847fb6b61b50eef4cfb17928ce38f,data/datasets/sid-set/candidate-1500/images/real/9c8d9bf84c125013351caa5e9946bebc8ae847fb6b61b50eef4cfb17928ce38f.jpg,medium,0,0.21317842602729797
9c974147a30c419acecd2b4307805cbfcb327a5ea1b9e66f306d0d4d595cd633,data/datasets/openfake/additional-900/images/fake/9c974147a30c419acecd2b4307805cbfcb327a5ea1b9e66f306d0d4d595cd633.png,medium,1,0.6646779775619507
9ca4608b503aedf5791c9b610a62748be6682e339e7dbfad2c4cce9dbdd657ac,data/datasets/openfake/additional-900/images/real/9ca4608b503aedf5791c9b610a62748be6682e339e7dbfad2c4cce9dbdd657ac.jpg,low,0,0.02848926931619644
9ce8733d1c377da0901297e65926ecd8d1cc401a715e4b8f9a6c920126d7b645,data/datasets/sid-set/candidate-1500/images/real/9ce8733d1c377da0901297e65926ecd8d1cc401a715e4b8f9a6c920126d7b645.jpg,low,0,0.8553447723388672
9cf9d287e4404c5b32d137c7e2cd6bacdbeed4b41be1bd3164ffefd7cc9437c2,data/datasets/sid-set/candidate-1500/images/fake/9cf9d287e4404c5b32d137c7e2cd6bacdbeed4b41be1bd3164ffefd7cc9437c2.png,medium,1,0.9788286089897156
9d07567a419f3f6d01210533f349ca9944d56c17e3b5fe21d56e8d288de2e5af,data/datasets/sid-set/candidate-1500/images/real/9d07567a419f3f6d01210533f349ca9944d56c17e3b5fe21d56e8d288de2e5af.jpg,low,0,0.11846146732568741
9d2473dd296ef81337410aa553a8ab300198da0880b9039709bcb1ef7afcce36,data/datasets/openfake/pilot-600/images/fake/9d2473dd296ef81337410aa553a8ab300198da0880b9039709bcb1ef7afcce36.png,medium,1,0.8909503817558289
9d4160124607cffffc1435c4a186cf53246318a63d6decba2304df84334a3a0f,data/datasets/sid-set/candidate-1500/images/real/9d4160124607cffffc1435c4a186cf53246318a63d6decba2304df84334a3a0f.jpg,medium,0,0.9569472074508667
9d7f0f3794d165ed74895c9f0dc2e4e6e5415e99fc563c493c907020f59cdbb2,data/datasets/sid-set/candidate-1500/images/fake/9d7f0f3794d165ed74895c9f0dc2e4e6e5415e99fc563c493c907020f59cdbb2.png,high,1,0.9620150923728943
9da4f07ec984ea1b7ca91bdc11de88f18662c40339129bafd57bf5c177157937,data/datasets/openfake/additional-900/images/real/9da4f07ec984ea1b7ca91bdc11de88f18662c40339129bafd57bf5c177157937.jpg,medium,0,0.0016895312583073974
9db093c2e55dc12b91a61ad3d217c1c2b8bed609b731160420cba0c7b2c3d96c,data/datasets/openfake/additional-900/images/real/9db093c2e55dc12b91a61ad3d217c1c2b8bed609b731160420cba0c7b2c3d96c.jpg,medium,0,0.00977062527090311
9dcd612254d658e451be275c4f15236ea725e8eb8ce4290d84b075a228c25f64,data/datasets/sid-set/candidate-1500/images/fake/9dcd612254d658e451be275c4f15236ea725e8eb8ce4290d84b075a228c25f64.png,medium,1,0.9988859295845032
9dd04bffb7516a672e0a57e8fa508ee242fabccbe8dc43546f85ef4429f7dbc3,data/datasets/sid-set/candidate-1500/images/fake/9dd04bffb7516a672e0a57e8fa508ee242fabccbe8dc43546f85ef4429f7dbc3.png,low,1,0.9895048141479492
9dd9aaa7fa6afe7e43345059b2dd35224782d79e41effaf72e4fc82476a0064a,data/datasets/sid-set/candidate-1500/images/fake/9dd9aaa7fa6afe7e43345059b2dd35224782d79e41effaf72e4fc82476a0064a.png,low,1,0.9766414761543274
9dde535b3a4c710b6cd98242d1a2f5f200f4e72146abadf0175abfa549370025,data/datasets/sid-set/candidate-1500/images/real/9dde535b3a4c710b6cd98242d1a2f5f200f4e72146abadf0175abfa549370025.jpg,medium,0,0.8592326641082764
9deaa756fe999c03ac6e38a399b0b74551203b90ca6c91085422afd46fdb5848,data/datasets/openfake/additional-900/images/real/9deaa756fe999c03ac6e38a399b0b74551203b90ca6c91085422afd46fdb5848.jpg,medium,0,0.24586984515190125
9df41bc836c49970cba9f238aa82c0518f31d6afcf85b94b45c9811dade3a2cc,data/datasets/sid-set/candidate-1500/images/real/9df41bc836c49970cba9f238aa82c0518f31d6afcf85b94b45c9811dade3a2cc.jpg,medium,0,0.7749491333961487
9df50f4e2974674061be19c1c650f48855c09cf91eeae2478547ac9aab89ce34,data/datasets/sid-set/candidate-1500/images/real/9df50f4e2974674061be19c1c650f48855c09cf91eeae2478547ac9aab89ce34.jpg,low,0,0.6022244095802307
9e0bae0c6ffd84c243884af24ea4192c5ae579c26a6ebc56aedab6a3ef44dd87,data/datasets/sid-set/candidate-1500/images/real/9e0bae0c6ffd84c243884af24ea4192c5ae579c26a6ebc56aedab6a3ef44dd87.jpg,medium,0,0.07923565059900284
9e2cfe823e06b91cce174a57f1d22adcb448e3aebad6e6fc17a5785afc1fab28,data/datasets/openfake/pilot-600/images/real/9e2cfe823e06b91cce174a57f1d22adcb448e3aebad6e6fc17a5785afc1fab28.jpg,medium,0,0.5899873971939087
9e4e666b8630197a7736fca5e50c9fab8cbee809426f3013a416be60209631ab,data/datasets/sid-set/candidate-1500/images/real/9e4e666b8630197a7736fca5e50c9fab8cbee809426f3013a416be60209631ab.jpg,low,0,0.10365845263004303
9ea14f3807b50bd3c2addf836be92e8f185ea5aabf842bb363405a5cdf3deb43,data/datasets/openfake/additional-900/images/real/9ea14f3807b50bd3c2addf836be92e8f185ea5aabf842bb363405a5cdf3deb43.jpg,low,0,0.8089066743850708
9ea7b8d128a6a8b964166b058afbf7b54b69e8c045e6302e975bdfc24eef69fd,data/datasets/sid-set/candidate-1500/images/fake/9ea7b8d128a6a8b964166b058afbf7b54b69e8c045e6302e975bdfc24eef69fd.png,low,1,0.9605793952941895
9ef0b1d06647a6b9a105391cd84718ee1d6c16eeb28ed199d7e78845683d8257,data/datasets/sid-set/candidate-1500/images/real/9ef0b1d06647a6b9a105391cd84718ee1d6c16eeb28ed199d7e78845683d8257.jpg,low,0,0.7400498390197754
9f4bcddc09cc9741e68ce8a8c6fcd5133c54672a934d08049c0f3b35f43df756,data/datasets/sid-set/candidate-1500/images/real/9f4bcddc09cc9741e68ce8a8c6fcd5133c54672a934d08049c0f3b35f43df756.jpg,medium,0,0.13970313966274261
9f549e1ef76da81d65ee5c8b334d74715d79b7d3aee264e75b1a992448bc2c82,data/datasets/sid-set/candidate-1500/images/real/9f549e1ef76da81d65ee5c8b334d74715d79b7d3aee264e75b1a992448bc2c82.jpg,low,0,0.02792529948055744
9f9188f23a7afebdcf16783a3d963c592186142924bb6e8ed04f12df362ef59b,data/datasets/sid-set/candidate-1500/images/real/9f9188f23a7afebdcf16783a3d963c592186142924bb6e8ed04f12df362ef59b.jpg,medium,0,0.8164379000663757
9f97c23cac859e8a9ac23cc057fb145259c50dcfd4d4b77c5ec6fbffe0343429,data/datasets/openfake/pilot-600/images/real/9f97c23cac859e8a9ac23cc057fb145259c50dcfd4d4b77c5ec6fbffe0343429.jpg,medium,0,6.084013875806704e-05
9fb449efa2b61309ad22d662913664e2582835cfdd84fb823aaacf52e9432179,data/datasets/sid-set/candidate-1500/images/fake/9fb449efa2b61309ad22d662913664e2582835cfdd84fb823aaacf52e9432179.png,low,1,0.9889615178108215
9fc3c20fb1a50b25accf9eae693de9299d71ee12bf9569edf3f874568fcde076,data/datasets/sid-set/candidate-1500/images/fake/9fc3c20fb1a50b25accf9eae693de9299d71ee12bf9569edf3f874568fcde076.png,medium,1,0.9827859997749329
9fdc9907db7a1ee239cf8c1e8fd1db6dbc4fee908398eb7dd9de000c753c37f1,data/datasets/sid-set/candidate-1500/images/real/9fdc9907db7a1ee239cf8c1e8fd1db6dbc4fee908398eb7dd9de000c753c37f1.jpg,low,0,0.04938220977783203
9fde180076b604049cb539958e0cfe72155d565e620d29ab486202c5c9480523,data/datasets/sid-set/candidate-1500/images/fake/9fde180076b604049cb539958e0cfe72155d565e620d29ab486202c5c9480523.png,low,1,0.9835286140441895
9fe32fdc3e3c34e5873d548c537d98eab28f0dad430766536afee65c793585f8,data/datasets/openfake/pilot-600/images/fake/9fe32fdc3e3c34e5873d548c537d98eab28f0dad430766536afee65c793585f8.png,medium,1,0.49841034412384033
a00b340a492d7e2611cc39eab0cb6411a4b163490975125651e1bedf0eb84f0c,data/datasets/sid-set/candidate-1500/images/real/a00b340a492d7e2611cc39eab0cb6411a4b163490975125651e1bedf0eb84f0c.jpg,medium,0,0.16454873979091644
a011ca0531302944873f8351bbce41180bc950f38a6c36198b4d25252d4db896,data/datasets/openfake/additional-900/images/fake/a011ca0531302944873f8351bbce41180bc950f38a6c36198b4d25252d4db896.png,low,1,0.9888461232185364
a04be6505115f4e074869acfcf4d1107a9cc99e981bada2949371ed7846c3704,data/datasets/sid-set/candidate-1500/images/fake/a04be6505115f4e074869acfcf4d1107a9cc99e981bada2949371ed7846c3704.png,medium,1,0.8893514275550842
a06377665409bd08baca5dc9e7569af12072d04ffc80e5fe3b9a97b0835b5983,data/datasets/sid-set/candidate-1500/images/real/a06377665409bd08baca5dc9e7569af12072d04ffc80e5fe3b9a97b0835b5983.jpg,medium,0,0.8459962606430054
a06aeebaf65d206b3596460830fd99e864e954dfbe105e546e83c77238fdffa8,data/datasets/sid-set/candidate-1500/images/real/a06aeebaf65d206b3596460830fd99e864e954dfbe105e546e83c77238fdffa8.jpg,medium,0,0.48231950402259827
a0aa8b675aed58cc951a1732f35a49863cf04172f1b9b3d3935278f675350671,data/datasets/sid-set/candidate-1500/images/real/a0aa8b675aed58cc951a1732f35a49863cf04172f1b9b3d3935278f675350671.jpg,low,0,0.8769346475601196
a0b2e9a60b87b8b09ed643dd8c21814f45f73aec095f72f88cad0e338077d0c4,data/datasets/openfake/additional-900/images/fake/a0b2e9a60b87b8b09ed643dd8c21814f45f73aec095f72f88cad0e338077d0c4.png,medium,1,0.9374642372131348
a0c2db345ed24dfa10fcb5d346253f9009061013083d00b8b06a0180f193187b,data/datasets/sid-set/candidate-1500/images/real/a0c2db345ed24dfa10fcb5d346253f9009061013083d00b8b06a0180f193187b.jpg,medium,0,0.00023717079602647573
a0d2b7425218605cd0b629ce1984019f4bbfd97e58ffde8eef4d1183e01a8ae7,data/datasets/sid-set/candidate-1500/images/fake/a0d2b7425218605cd0b629ce1984019f4bbfd97e58ffde8eef4d1183e01a8ae7.png,medium,1,0.9919547438621521
a10e416e008b49ffdc3d436cdc92896d627c5b64fd99ab5bbf4cc59e04a2251e,data/datasets/sid-set/candidate-1500/images/fake/a10e416e008b49ffdc3d436cdc92896d627c5b64fd99ab5bbf4cc59e04a2251e.png,low,1,0.9514518976211548
a168b533c53e8f6d0c686d8b65c6d56a25ce9cfa41698ddfc336748654690c03,data/datasets/sid-set/candidate-1500/images/fake/a168b533c53e8f6d0c686d8b65c6d56a25ce9cfa41698ddfc336748654690c03.png,medium,1,0.9864600896835327
a1795e5106690d3129aeb9501849bfcf26ce48980d92be6dd76dc2af60425c20,data/datasets/sid-set/candidate-1500/images/real/a1795e5106690d3129aeb9501849bfcf26ce48980d92be6dd76dc2af60425c20.jpg,medium,0,0.6650400161743164
a1860559fe75c8c80ac4db69a2b5eb470ce1860acf15aeea4bc4b8b0d2212107,data/datasets/openfake/additional-900/images/real/a1860559fe75c8c80ac4db69a2b5eb470ce1860acf15aeea4bc4b8b0d2212107.jpg,medium,0,0.6501717567443848
a19f6018726e77b5a2f14bb03755263a31feeb65cb72217f8e189067dc1e4bde,data/datasets/sid-set/candidate-1500/images/real/a19f6018726e77b5a2f14bb03755263a31feeb65cb72217f8e189067dc1e4bde.jpg,low,0,0.10716404765844345
a204c1f740057ef704e666b2dfa5ea0811211c9f48fae9a14c3b71c1ec91d203,data/datasets/sid-set/candidate-1500/images/fake/a204c1f740057ef704e666b2dfa5ea0811211c9f48fae9a14c3b71c1ec91d203.png,medium,1,0.9880280494689941
a2068919ac054b2d5ca07f31abaa7d34316d4c0103296de9c5f636f263b60c17,data/datasets/openfake/pilot-600/images/fake/a2068919ac054b2d5ca07f31abaa7d34316d4c0103296de9c5f636f263b60c17.png,low,1,0.820203959941864
a232797add332691a5943af9cf1f3389fa8b66758113b4ef925d9b7f0c1da3da,data/datasets/openfake/pilot-600/images/real/a232797add332691a5943af9cf1f3389fa8b66758113b4ef925d9b7f0c1da3da.jpg,medium,0,0.014096949249505997
a24002f8bc0c92108d006e0c3b8c1c7ca0891e2b3c8cf4ee3ee2ad3af20e2438,data/datasets/openfake/additional-900/images/fake/a24002f8bc0c92108d006e0c3b8c1c7ca0891e2b3c8cf4ee3ee2ad3af20e2438.png,medium,1,0.9971555471420288
a2586e94326f3f1b725a0b7d80d2b4a3e8c1ffaa3c84373389a20d39784ac4c3,data/datasets/sid-set/candidate-1500/images/fake/a2586e94326f3f1b725a0b7d80d2b4a3e8c1ffaa3c84373389a20d39784ac4c3.png,low,1,0.9823682904243469
a26970d1851bd2a7db8b9d5999b93c5856378d3b75c54b34480a9a67eff13682,data/datasets/openfake/additional-900/images/real/a26970d1851bd2a7db8b9d5999b93c5856378d3b75c54b34480a9a67eff13682.jpg,low,0,0.15394797921180725
a28d7fa709393e804abad05bc4c844a511bcbbe0428b8557657170ab40e3e873,data/datasets/sid-set/candidate-1500/images/real/a28d7fa709393e804abad05bc4c844a511bcbbe0428b8557657170ab40e3e873.jpg,low,0,0.7029106020927429
a293d4698b810114bdd55ec26143477f9cbc39688d835e0fffcdb3b2267dbdba,data/datasets/sid-set/candidate-1500/images/fake/a293d4698b810114bdd55ec26143477f9cbc39688d835e0fffcdb3b2267dbdba.png,low,1,0.7785902619361877
a2aee8abda8796864a14211e37e6e00d1a318ebb0c2427d59894827d049acb04,data/datasets/openfake/additional-900/images/fake/a2aee8abda8796864a14211e37e6e00d1a318ebb0c2427d59894827d049acb04.png,medium,1,0.9888796806335449
a2b5f71b73bd103b824c5a1a51656619321fa7bbd43f36c4123bffb0c0e83123,data/datasets/sid-set/candidate-1500/images/fake/a2b5f71b73bd103b824c5a1a51656619321fa7bbd43f36c4123bffb0c0e83123.png,low,1,0.9991031885147095
a2c587254ae6dee0be37696f48ddf220b938c07a7b68bc252a28694be3df3418,data/datasets/sid-set/candidate-1500/images/fake/a2c587254ae6dee0be37696f48ddf220b938c07a7b68bc252a28694be3df3418.png,high,1,0.9534734487533569
a2c7603f7930ed3763a5a669e5bc540b291bedec59a7749fced8383f545d3abe,data/datasets/openfake/additional-900/images/real/a2c7603f7930ed3763a5a669e5bc540b291bedec59a7749fced8383f545d3abe.jpg,medium,0,1.895166133181192e-05
a2ce68a4f724446a8b92944215d29b16fc448b4c257152e8ab75570f78174be8,data/datasets/sid-set/candidate-1500/images/real/a2ce68a4f724446a8b92944215d29b16fc448b4c257152e8ab75570f78174be8.jpg,low,0,0.49973684549331665
a2d6b66dab35bb1fc4d5755331f9948beffe9ab9511d895bcfab06b42f0b8760,data/datasets/sid-set/candidate-1500/images/real/a2d6b66dab35bb1fc4d5755331f9948beffe9ab9511d895bcfab06b42f0b8760.jpg,medium,0,0.6641764044761658
a2df70027902a05bf6a2260333cb23796db56ff66d095d440e7a0d78d2327e3b,data/datasets/openfake/pilot-600/images/real/a2df70027902a05bf6a2260333cb23796db56ff66d095d440e7a0d78d2327e3b.jpg,medium,0,0.9270965456962585
a2fead0592f16577c98885185b99d14f5396ee6f92aac2a900eaa12dc6a79129,data/datasets/sid-set/candidate-1500/images/fake/a2fead0592f16577c98885185b99d14f5396ee6f92aac2a900eaa12dc6a79129.png,medium,1,0.9211554527282715
a30dbf1ff0aff6be6b77d354824d067721399d93ea030879b0d321ee4ab0d081,data/datasets/openfake/pilot-600/images/real/a30dbf1ff0aff6be6b77d354824d067721399d93ea030879b0d321ee4ab0d081.jpg,medium,0,0.23626917600631714
a30e54112556fd00846c892a583e5ce6586802f0c7a0150c0e21efadccb38cc4,data/datasets/openfake/additional-900/images/fake/a30e54112556fd00846c892a583e5ce6586802f0c7a0150c0e21efadccb38cc4.png,medium,1,0.4556056559085846
a328454eb311c9546c5a27ef40b3d5cd303565a58487421afbc47df1789efabe,data/datasets/sid-set/candidate-1500/images/real/a328454eb311c9546c5a27ef40b3d5cd303565a58487421afbc47df1789efabe.jpg,medium,0,0.005593090783804655
a32c6006337dad14fdbb9964a11846f940cf02b1367ff3627af2fb9e4ecc3452,data/datasets/sid-set/candidate-1500/images/real/a32c6006337dad14fdbb9964a11846f940cf02b1367ff3627af2fb9e4ecc3452.jpg,medium,0,0.16266554594039917
a34772eea57dc36be07304b32b0595998285bc0fe647ebfcda0a7994c629a600,data/datasets/openfake/additional-900/images/fake/a34772eea57dc36be07304b32b0595998285bc0fe647ebfcda0a7994c629a600.png,medium,1,0.9896005392074585
a35ec7631c74a033d4a216e239df8bdb0884055b17817cd451d12cfd131fe212,data/datasets/sid-set/candidate-1500/images/fake/a35ec7631c74a033d4a216e239df8bdb0884055b17817cd451d12cfd131fe212.png,medium,1,0.9885722398757935
a37b31e1d2c79a56e53f0acbce59c6682adb02566e24bc22b6c27c5bcf8df0e8,data/datasets/sid-set/candidate-1500/images/real/a37b31e1d2c79a56e53f0acbce59c6682adb02566e24bc22b6c27c5bcf8df0e8.jpg,medium,0,0.5662455558776855
a3bbca22bae8f6b1738c81045c1cd2073ce4294fd6580a88c796f9f6b98dd395,data/datasets/openfake/additional-900/images/fake/a3bbca22bae8f6b1738c81045c1cd2073ce4294fd6580a88c796f9f6b98dd395.png,medium,1,0.9993579983711243
a40ea7e6c2dafb3c4836fa3420d65f85763786623d7c3f07994e94cf4fe9af34,data/datasets/sid-set/candidate-1500/images/real/a40ea7e6c2dafb3c4836fa3420d65f85763786623d7c3f07994e94cf4fe9af34.jpg,low,0,0.029848698526620865
a413336015fe6f7f0fe66e394d67b4e432bebd363a7cba4d500ab6b463d3c8f7,data/datasets/sid-set/candidate-1500/images/real/a413336015fe6f7f0fe66e394d67b4e432bebd363a7cba4d500ab6b463d3c8f7.jpg,medium,0,0.6717155575752258
a42f808877939f32ed5bf4c00408cb11f1d068151cbd30c6f5cde3864bd69b14,data/datasets/openfake/additional-900/images/real/a42f808877939f32ed5bf4c00408cb11f1d068151cbd30c6f5cde3864bd69b14.jpg,medium,0,0.020418932661414146
a521d1fdfd0e4b57d319684c72302e0073c79293de40c115f3ad5c47d5d44de2,data/datasets/sid-set/candidate-1500/images/fake/a521d1fdfd0e4b57d319684c72302e0073c79293de40c115f3ad5c47d5d44de2.png,low,1,0.8000172972679138
a54653d18d860f574bf25a7b6590db5617601f005620e2e1fd01f15d77fc80b4,data/datasets/openfake/pilot-600/images/real/a54653d18d860f574bf25a7b6590db5617601f005620e2e1fd01f15d77fc80b4.jpg,medium,0,0.0018749769078567624
a54c3c60bbd22f760b376280ad4b0b093966ac7f27f5f60c707d99020ea3d81c,data/datasets/openfake/pilot-600/images/real/a54c3c60bbd22f760b376280ad4b0b093966ac7f27f5f60c707d99020ea3d81c.jpg,medium,0,0.004020331427454948
a56b316efe35d7202f360488bfcb289010b1a5ef56b9438c96f87dea37c9de45,data/datasets/openfake/additional-900/images/fake/a56b316efe35d7202f360488bfcb289010b1a5ef56b9438c96f87dea37c9de45.png,low,1,0.691596269607544
a56dda3f2c41c55ac80e9f9ce0172321f207e56896e1a5861d219e68ec6574d1,data/datasets/openfake/additional-900/images/fake/a56dda3f2c41c55ac80e9f9ce0172321f207e56896e1a5861d219e68ec6574d1.png,medium,1,0.9771358966827393
a56e99a651d4ce3df9f78882d22ce27676c32c12f454bfd94c573a06f61ed24e,data/datasets/sid-set/candidate-1500/images/fake/a56e99a651d4ce3df9f78882d22ce27676c32c12f454bfd94c573a06f61ed24e.png,low,1,0.9119634032249451
a575d940bbc7717532296d40aeba3fc3b84afbfa6c99545461929ebf46b493a7,data/datasets/sid-set/candidate-1500/images/fake/a575d940bbc7717532296d40aeba3fc3b84afbfa6c99545461929ebf46b493a7.png,low,1,0.41371363401412964
a583f7d090df7d96eece1c366993b7fab2710e1e4fb13f91d843ff53fd9bb764,data/datasets/sid-set/candidate-1500/images/fake/a583f7d090df7d96eece1c366993b7fab2710e1e4fb13f91d843ff53fd9bb764.png,medium,1,0.9955116510391235
a584e03d68e5096602b76577a0974ab8af435e7fdd3a13ec9acbef9c50563960,data/datasets/sid-set/candidate-1500/images/fake/a584e03d68e5096602b76577a0974ab8af435e7fdd3a13ec9acbef9c50563960.png,medium,1,0.9987998008728027
a58cd4d42e9a3f2ed63c083b0e12ad0aaf501821d46393fe6a1cb981ead82361,data/datasets/openfake/pilot-600/images/real/a58cd4d42e9a3f2ed63c083b0e12ad0aaf501821d46393fe6a1cb981ead82361.jpg,medium,0,0.29115864634513855
a5a17a2807b08d7682a4d8bb8be04d90f574516a3629a82ebc87f761d37095aa,data/datasets/openfake/additional-900/images/real/a5a17a2807b08d7682a4d8bb8be04d90f574516a3629a82ebc87f761d37095aa.jpg,low,0,0.8820542097091675
a5ab23851bd0ef445f3b14709099d9aed893b458039a34776af433bdb61c5cd3,data/datasets/openfake/additional-900/images/fake/a5ab23851bd0ef445f3b14709099d9aed893b458039a34776af433bdb61c5cd3.jpg,medium,1,0.03626611828804016
a5fd82913a382924be7dc4708d705aac94991f8a442e5f1f3d5e2f1c60a6adff,data/datasets/sid-set/candidate-1500/images/fake/a5fd82913a382924be7dc4708d705aac94991f8a442e5f1f3d5e2f1c60a6adff.png,low,1,0.9743589758872986
a60551525ad81154be934aff9f5f4326efbdad6f7e946cc5188ab340e4c195fe,data/datasets/sid-set/candidate-1500/images/fake/a60551525ad81154be934aff9f5f4326efbdad6f7e946cc5188ab340e4c195fe.png,low,1,0.9855327010154724
a62e5b2c5bd39f3184b596e644ccb891add30206de2a55161233113c1d97d4c7,data/datasets/openfake/pilot-600/images/real/a62e5b2c5bd39f3184b596e644ccb891add30206de2a55161233113c1d97d4c7.jpg,medium,0,0.02010657638311386
a63b3fa6bf944079aa8e809f15447f43fd7ba0303593c81fc5653bcdf5455842,data/datasets/sid-set/candidate-1500/images/real/a63b3fa6bf944079aa8e809f15447f43fd7ba0303593c81fc5653bcdf5455842.jpg,medium,0,0.03825528919696808
a644353320ccebfe735ca7507dcfe5399a644339803846cfed85a13af39009bb,data/datasets/openfake/pilot-600/images/real/a644353320ccebfe735ca7507dcfe5399a644339803846cfed85a13af39009bb.jpg,medium,0,0.0029591417405754328
a6607bb83a26fb86d2cd4628b3ae873844466ee4144e89454039047feefa684c,data/datasets/sid-set/candidate-1500/images/real/a6607bb83a26fb86d2cd4628b3ae873844466ee4144e89454039047feefa684c.jpg,medium,0,0.0006145996158011258
a68da55ffe02afda500b5695d3a3a4ffd9e4f304dca4fb5679b52f36ae320618,data/datasets/openfake/additional-900/images/fake/a68da55ffe02afda500b5695d3a3a4ffd9e4f304dca4fb5679b52f36ae320618.png,medium,1,0.47899916768074036
a69f21d1d9d7e2778833d7f98370a2984cd55ed9d6e6a3445f28411f8977c3f8,data/datasets/sid-set/candidate-1500/images/fake/a69f21d1d9d7e2778833d7f98370a2984cd55ed9d6e6a3445f28411f8977c3f8.png,medium,1,0.8766860365867615
a6ae0e37dd46d7d46d8a44716e24379e158d46ba05ec21b2ac5c54e1c4d6dd33,data/datasets/sid-set/candidate-1500/images/real/a6ae0e37dd46d7d46d8a44716e24379e158d46ba05ec21b2ac5c54e1c4d6dd33.jpg,medium,0,0.2929193377494812
a6dfe42179857c5936b2db20ce3450e565db999581f181fc5ae5286ead8f9d55,data/datasets/openfake/additional-900/images/real/a6dfe42179857c5936b2db20ce3450e565db999581f181fc5ae5286ead8f9d55.jpg,medium,0,0.00048820607480593026
a6f8644b2e1f40fa19e77571907627e6adab01ecfd2cfd729dbb96d7ec9e2457,data/datasets/openfake/additional-900/images/real/a6f8644b2e1f40fa19e77571907627e6adab01ecfd2cfd729dbb96d7ec9e2457.jpg,low,0,0.0026506255380809307
a700b20162e022a552f81c5d13a29d34a74dc06c1801b044bf43304f348afa2b,data/datasets/openfake/additional-900/images/real/a700b20162e022a552f81c5d13a29d34a74dc06c1801b044bf43304f348afa2b.jpg,medium,0,0.4161330759525299
a7295ccb72e05dc67e4cf6a24002b063c22b2115d6dca9f4e2549315b02ec316,data/datasets/sid-set/candidate-1500/images/real/a7295ccb72e05dc67e4cf6a24002b063c22b2115d6dca9f4e2549315b02ec316.jpg,low,0,0.9953141212463379
a750914ee731fc6ce31ece52b100d02bf89d4ff52a8100b9b5513bf947fffabf,data/datasets/sid-set/candidate-1500/images/real/a750914ee731fc6ce31ece52b100d02bf89d4ff52a8100b9b5513bf947fffabf.jpg,medium,0,0.0011054612696170807
a75b43c425c42f72f8417d7379655f7528816fd7afa05c5187947844530cd929,data/datasets/sid-set/candidate-1500/images/real/a75b43c425c42f72f8417d7379655f7528816fd7afa05c5187947844530cd929.jpg,high,0,0.6386088132858276
a76077f4474996b5a3058477f22e35c7f14e52c62bcff843b0a399764776a3a8,data/datasets/openfake/additional-900/images/fake/a76077f4474996b5a3058477f22e35c7f14e52c62bcff843b0a399764776a3a8.png,low,1,0.904420018196106
a7a1244583e789dfb4fedf56adfb1375791c9ed2addfb02125177de534c38c6a,data/datasets/openfake/additional-900/images/fake/a7a1244583e789dfb4fedf56adfb1375791c9ed2addfb02125177de534c38c6a.png,medium,1,0.8190109133720398
a7dc4245f58f037e5828ac86a102fe04b35a00d252693025736161581157980d,data/datasets/sid-set/candidate-1500/images/fake/a7dc4245f58f037e5828ac86a102fe04b35a00d252693025736161581157980d.png,low,1,0.9337989091873169
a7e1d7b2a6341572b6facb5b36d54dcee043e16f1528c7c95aafb527a34b2c6b,data/datasets/sid-set/candidate-1500/images/fake/a7e1d7b2a6341572b6facb5b36d54dcee043e16f1528c7c95aafb527a34b2c6b.png,low,1,0.8098796606063843
a7f0ffe61c5beccef27634e4764d881496417ce29712969925336cdc4e47a7f6,data/datasets/openfake/additional-900/images/real/a7f0ffe61c5beccef27634e4764d881496417ce29712969925336cdc4e47a7f6.jpg,medium,0,0.006654041353613138
a7fc59057a322d10c7bdd331a0835e86fb785bae267c44cce7f721d09dbf89eb,data/datasets/openfake/additional-900/images/fake/a7fc59057a322d10c7bdd331a0835e86fb785bae267c44cce7f721d09dbf89eb.jpg,low,1,0.06455522775650024
a826f9bb379062476432f794209c788ce5d8063f5f760fd6d5c44ac3fb0a9654,data/datasets/sid-set/candidate-1500/images/real/a826f9bb379062476432f794209c788ce5d8063f5f760fd6d5c44ac3fb0a9654.jpg,medium,0,0.8135059475898743
a828fd606565c96b84a22eb985498cb085861063f0f0e3960abb14c86ea1b42d,data/datasets/openfake/pilot-600/images/fake/a828fd606565c96b84a22eb985498cb085861063f0f0e3960abb14c86ea1b42d.png,low,1,0.9922366738319397
a82dbf7d053f6ecf686ebc314de423e69efc2d7206d38f738a85aeb99d61a082,data/datasets/sid-set/candidate-1500/images/fake/a82dbf7d053f6ecf686ebc314de423e69efc2d7206d38f738a85aeb99d61a082.png,low,1,0.9259358048439026
a84a51205a80d2e3231ffcc3424adc9af2da9a6a6a824ca6989e0ee13b132086,data/datasets/sid-set/candidate-1500/images/fake/a84a51205a80d2e3231ffcc3424adc9af2da9a6a6a824ca6989e0ee13b132086.png,low,1,0.8377306461334229
a893fd91b9be62d488a1bd290a6e41fda6dca8e2238c09a04eb07774948754ec,data/datasets/openfake/additional-900/images/fake/a893fd91b9be62d488a1bd290a6e41fda6dca8e2238c09a04eb07774948754ec.png,medium,1,0.9856278896331787
a8956a5346936cd0769d1a17aa41ffa452fd4fce3003208e2857eb1f495a260a,data/datasets/openfake/additional-900/images/real/a8956a5346936cd0769d1a17aa41ffa452fd4fce3003208e2857eb1f495a260a.jpg,medium,0,0.016191421076655388
a89717769d5dd0945ca65162336263b33b0eef41dd669e4a0bda7620fcd63668,data/datasets/sid-set/candidate-1500/images/fake/a89717769d5dd0945ca65162336263b33b0eef41dd669e4a0bda7620fcd63668.png,low,1,0.980844259262085
a897890a68519d43deb360bde55c49aaadd83107ffc7e2783d72f5c3b8d49b1d,data/datasets/openfake/additional-900/images/fake/a897890a68519d43deb360bde55c49aaadd83107ffc7e2783d72f5c3b8d49b1d.png,medium,1,0.7132512331008911
a8a0c41691a1840784e54d8b5d75e41b4344b8dc02eefba608bb7497556e3c79,data/datasets/openfake/pilot-600/images/real/a8a0c41691a1840784e54d8b5d75e41b4344b8dc02eefba608bb7497556e3c79.jpg,medium,0,0.011171919293701649
a8c06ad5c878d5a613ccd5e2ebe7119d27fc8a8529323c7c3d82975fe73f5553,data/datasets/sid-set/candidate-1500/images/fake/a8c06ad5c878d5a613ccd5e2ebe7119d27fc8a8529323c7c3d82975fe73f5553.png,medium,1,0.9665383696556091
a8cddeabe436aef8fffc8f4a16608926d3d9dff8609f765564f7d7865ff70463,data/datasets/sid-set/candidate-1500/images/fake/a8cddeabe436aef8fffc8f4a16608926d3d9dff8609f765564f7d7865ff70463.png,low,1,0.9357379078865051
a8cf7be2641fe71f88f29b5c83880283001dea7233114fa3e6ac095240a8d536,data/datasets/openfake/additional-900/images/real/a8cf7be2641fe71f88f29b5c83880283001dea7233114fa3e6ac095240a8d536.jpg,medium,0,0.7981281876564026
a8e8f89f24a5fbd3e19f21a933848c30ede18e17201a04f46f4f010d36ecdced,data/datasets/openfake/additional-900/images/real/a8e8f89f24a5fbd3e19f21a933848c30ede18e17201a04f46f4f010d36ecdced.jpg,low,0,0.44991663098335266
a91a61ea14c44614f866a616abf69f41bcbf3be8c7b56caa47bc6c6d131602d0,data/datasets/sid-set/candidate-1500/images/fake/a91a61ea14c44614f866a616abf69f41bcbf3be8c7b56caa47bc6c6d131602d0.png,medium,1,0.8342846632003784
a94d1e9d4d91af69e100dd5cfb2edf6c245d53a0f0c6e26ce6806028047aeae2,data/datasets/openfake/pilot-600/images/fake/a94d1e9d4d91af69e100dd5cfb2edf6c245d53a0f0c6e26ce6806028047aeae2.jpg,low,1,0.022913238033652306
a94f4d741dce438e18aa38d5cd9f9fd282196aa5d9c322c0ab7c476c28d0de6e,data/datasets/sid-set/candidate-1500/images/fake/a94f4d741dce438e18aa38d5cd9f9fd282196aa5d9c322c0ab7c476c28d0de6e.png,low,1,0.9576494693756104
a95d9c8effd97fb5baee7872f322746c4523b39a6c87ff7e180d50782faf69da,data/datasets/sid-set/candidate-1500/images/fake/a95d9c8effd97fb5baee7872f322746c4523b39a6c87ff7e180d50782faf69da.png,medium,1,0.9810603857040405
a964b7d07caafa859efd75c4c66c41cc14faf7d8f2201ee94d42ad4595e1c288,data/datasets/sid-set/candidate-1500/images/real/a964b7d07caafa859efd75c4c66c41cc14faf7d8f2201ee94d42ad4595e1c288.jpg,low,0,0.4602546691894531
a988a181761dbb518f36eade7235514f30ccad851bce02348d32799419b5ffad,data/datasets/openfake/additional-900/images/fake/a988a181761dbb518f36eade7235514f30ccad851bce02348d32799419b5ffad.png,medium,1,0.11931868642568588
a9becb885763732c1d5938e4b43e5ba7ca494d3ca6a0d75729f7791c4a9a060e,data/datasets/openfake/pilot-600/images/real/a9becb885763732c1d5938e4b43e5ba7ca494d3ca6a0d75729f7791c4a9a060e.jpg,medium,0,0.4840683341026306
a9c38230e5b3517ac74b8e2cb249d6e6f0e78373743bd3b2b09d0fc0a0a5d868,data/datasets/openfake/additional-900/images/real/a9c38230e5b3517ac74b8e2cb249d6e6f0e78373743bd3b2b09d0fc0a0a5d868.jpg,low,0,0.92274010181427
a9ce74cefdd2a2f4e7c8376cba09456b88735831bc8ae4dd9b0c71b73fcac432,data/datasets/openfake/additional-900/images/fake/a9ce74cefdd2a2f4e7c8376cba09456b88735831bc8ae4dd9b0c71b73fcac432.png,medium,1,0.11183931678533554
a9d6365c2d7a510a9159cd6b7388df91a1af6e2aa1b47804016d05c3994e4972,data/datasets/sid-set/candidate-1500/images/fake/a9d6365c2d7a510a9159cd6b7388df91a1af6e2aa1b47804016d05c3994e4972.png,medium,1,0.8776537775993347
aa0277fa642774fe5127a0e446f9d7f64cdc77dd90ffdce97ed16b5c1f377cc6,data/datasets/sid-set/candidate-1500/images/fake/aa0277fa642774fe5127a0e446f9d7f64cdc77dd90ffdce97ed16b5c1f377cc6.png,low,1,0.9748422503471375
aa068ada86bf0b7edf893e710b7c4c2327f5e2caaf3fcdb684ef1032450d7c03,data/datasets/sid-set/candidate-1500/images/fake/aa068ada86bf0b7edf893e710b7c4c2327f5e2caaf3fcdb684ef1032450d7c03.png,medium,1,0.9820696115493774
aa0a079e62900c61cd0e7406339ae6459e4fdb4303a208fd577e75c88fe8405d,data/datasets/openfake/additional-900/images/real/aa0a079e62900c61cd0e7406339ae6459e4fdb4303a208fd577e75c88fe8405d.jpg,medium,0,0.0031933817081153393
aa4860f170485f3342809b105101bf947da40660cfa3489d92626be5562b71f9,data/datasets/sid-set/candidate-1500/images/fake/aa4860f170485f3342809b105101bf947da40660cfa3489d92626be5562b71f9.png,low,1,0.9118494987487793
aa9508ff8794f2b1151073df6b25eab2eed788814959e1580bc21653625f35d7,data/datasets/openfake/pilot-600/images/real/aa9508ff8794f2b1151073df6b25eab2eed788814959e1580bc21653625f35d7.jpg,medium,0,0.20115108788013458
aa951e628b91172b3809b32e505380e65ad31f081ec986f6ff38e8bfd3b708d1,data/datasets/sid-set/candidate-1500/images/fake/aa951e628b91172b3809b32e505380e65ad31f081ec986f6ff38e8bfd3b708d1.png,low,1,0.39937904477119446
aa988fd2e0476e19dd4d544d9303209c0675e6181f42a730b719b6cd96671147,data/datasets/sid-set/candidate-1500/images/fake/aa988fd2e0476e19dd4d544d9303209c0675e6181f42a730b719b6cd96671147.png,low,1,0.5273128151893616
aaa78c2f9b2e06b915e94acf01c25a1e75d7d69b109eb13bee262302757a8a81,data/datasets/openfake/additional-900/images/fake/aaa78c2f9b2e06b915e94acf01c25a1e75d7d69b109eb13bee262302757a8a81.webp,medium,1,0.8370400667190552
aac36c7b5a4d0d8ca525f7aef4b6e58bc1e27cc6b76124df78cb685bc80fb355,data/datasets/openfake/additional-900/images/fake/aac36c7b5a4d0d8ca525f7aef4b6e58bc1e27cc6b76124df78cb685bc80fb355.png,medium,1,0.5383643507957458
aafff8b7daa172abe264327d4c129732fd4a4fcf98d566fd8f27bea61cdea30d,data/datasets/openfake/additional-900/images/fake/aafff8b7daa172abe264327d4c129732fd4a4fcf98d566fd8f27bea61cdea30d.png,medium,1,0.9989894032478333
ab0ec21e097cc09bac3898d60b4f6a02cb7db7903cf8a5e8be6b0e7460a1c1c2,data/datasets/sid-set/candidate-1500/images/real/ab0ec21e097cc09bac3898d60b4f6a02cb7db7903cf8a5e8be6b0e7460a1c1c2.jpg,medium,0,0.822474479675293
ab23ad0ada7ac2459f40fcec3392d395ec3652c471f98ef1b1cdd40b74035e7e,data/datasets/openfake/additional-900/images/real/ab23ad0ada7ac2459f40fcec3392d395ec3652c471f98ef1b1cdd40b74035e7e.jpg,low,0,0.4289895296096802
ab2bdd5044f03f998261a135b62fe176371819876566f03916da85e6cbe3517c,data/datasets/openfake/pilot-600/images/fake/ab2bdd5044f03f998261a135b62fe176371819876566f03916da85e6cbe3517c.png,medium,1,0.22427372634410858
ab3280b08d474b9d64bf188064e5553545fbd93904c082ea6ccc3ca6ef2f319b,data/datasets/openfake/additional-900/images/fake/ab3280b08d474b9d64bf188064e5553545fbd93904c082ea6ccc3ca6ef2f319b.jpg,medium,1,0.39704322814941406
ab9c4619643a3079281aeec8e4a699d5f9a500dd0291d2b2d335718213344bcb,data/datasets/openfake/additional-900/images/real/ab9c4619643a3079281aeec8e4a699d5f9a500dd0291d2b2d335718213344bcb.jpg,medium,0,0.0007475904421880841
abc15338fae0572abb90f6b8b61665ac693bee5764a6e2a18ab309e3798d0caa,data/datasets/sid-set/candidate-1500/images/real/abc15338fae0572abb90f6b8b61665ac693bee5764a6e2a18ab309e3798d0caa.jpg,medium,0,0.5764504075050354
abc17788d13151f28c50b282a43d91208356b8c153d5eceb5bcf78b010e44775,data/datasets/sid-set/candidate-1500/images/fake/abc17788d13151f28c50b282a43d91208356b8c153d5eceb5bcf78b010e44775.png,medium,1,0.9381791949272156
abc71dc8dfca2492283dabfacdd81bba4476d81dfa064879a65e8aa84ceeb39d,data/datasets/sid-set/candidate-1500/images/fake/abc71dc8dfca2492283dabfacdd81bba4476d81dfa064879a65e8aa84ceeb39d.png,medium,1,0.9298437833786011
abd3ab2d7343edab3ba2cd99e2068be8e2d3dd2764b96004a512a2e41fe05e83,data/datasets/sid-set/candidate-1500/images/fake/abd3ab2d7343edab3ba2cd99e2068be8e2d3dd2764b96004a512a2e41fe05e83.png,low,1,0.8317656517028809
abd68893fbfcc7044c3b54348d20b8eb763c7794169607143967dcb263692ce6,data/datasets/sid-set/candidate-1500/images/fake/abd68893fbfcc7044c3b54348d20b8eb763c7794169607143967dcb263692ce6.png,medium,1,0.9245432019233704
abefc87b387316e0a84a276b1073cb220b522255b5bb5b1e3528a6053bb2aed5,data/datasets/sid-set/candidate-1500/images/fake/abefc87b387316e0a84a276b1073cb220b522255b5bb5b1e3528a6053bb2aed5.png,low,1,0.9753716588020325
abf5ed3408abfae12e0a9da87e8b044586c4d7b67a315492f27ca5a79e7ba314,data/datasets/sid-set/candidate-1500/images/real/abf5ed3408abfae12e0a9da87e8b044586c4d7b67a315492f27ca5a79e7ba314.jpg,medium,0,0.20673803985118866
ac01aa8e06535d74f4a49afd1ec46850ccf95dd67b4cc95145b36f1b8dcfa3dc,data/datasets/sid-set/candidate-1500/images/real/ac01aa8e06535d74f4a49afd1ec46850ccf95dd67b4cc95145b36f1b8dcfa3dc.jpg,medium,0,0.8546609878540039
ac335e2d5520d7d96bc4689dfc400d054642558e36aa49bfc8e1bcd27dc6646b,data/datasets/sid-set/candidate-1500/images/fake/ac335e2d5520d7d96bc4689dfc400d054642558e36aa49bfc8e1bcd27dc6646b.png,medium,1,0.9883242845535278
ac464abb6b3a28436d73b4ec81b207d96a06e4a98535297862272b3617ea1380,data/datasets/openfake/additional-900/images/fake/ac464abb6b3a28436d73b4ec81b207d96a06e4a98535297862272b3617ea1380.png,low,1,0.9871373176574707
ac4f8f9e6e90f1eef921fbaf594e05f85caa9b0f423de88989498507b4a5a12b,data/datasets/openfake/additional-900/images/fake/ac4f8f9e6e90f1eef921fbaf594e05f85caa9b0f423de88989498507b4a5a12b.png,low,1,0.9974324107170105
ac68d5be6a7ae33005e523236dd668a747112068d2e22fae097e61f96849538f,data/datasets/openfake/additional-900/images/fake/ac68d5be6a7ae33005e523236dd668a747112068d2e22fae097e61f96849538f.png,low,1,0.9576637744903564
ac89f8ff6b82e2b31a0088bf37e07de09bef34931cd9dbdbf68d770a1d101b6f,data/datasets/openfake/additional-900/images/real/ac89f8ff6b82e2b31a0088bf37e07de09bef34931cd9dbdbf68d770a1d101b6f.jpg,low,0,0.22238227725028992
ac910c2572bc0d2ca00c1818d6bfb7b2c663629981b4727f680b8e98c989b7ac,data/datasets/sid-set/candidate-1500/images/fake/ac910c2572bc0d2ca00c1818d6bfb7b2c663629981b4727f680b8e98c989b7ac.png,low,1,0.953177273273468
ace4816b8651359458dd6a5cb5970dc6208672c12957b84c0ef08ecfcee6076f,data/datasets/sid-set/candidate-1500/images/real/ace4816b8651359458dd6a5cb5970dc6208672c12957b84c0ef08ecfcee6076f.jpg,medium,0,0.9591310620307922
ad0fc3fc85cbc004836355e3f7afd6273d5045c268ff2eba6937f6a89e75f6a8,data/datasets/sid-set/candidate-1500/images/real/ad0fc3fc85cbc004836355e3f7afd6273d5045c268ff2eba6937f6a89e75f6a8.jpg,medium,0,0.09068377315998077
ad2a1852fca3dbe822f9c6c88b02d28b0d9738191ad090ce08c9265761e2ce1d,data/datasets/openfake/additional-900/images/fake/ad2a1852fca3dbe822f9c6c88b02d28b0d9738191ad090ce08c9265761e2ce1d.png,low,1,0.977185070514679
ad2d31d1e6cd53ca72954181803d66a882110fc192875153c1d12529916a4a05,data/datasets/openfake/additional-900/images/real/ad2d31d1e6cd53ca72954181803d66a882110fc192875153c1d12529916a4a05.jpg,medium,0,8.481394615955651e-05
ad46abbc609db34f7f9e7aec7b734de0fda1bec95ce184cdca48fbe6a853fcc1,data/datasets/sid-set/candidate-1500/images/real/ad46abbc609db34f7f9e7aec7b734de0fda1bec95ce184cdca48fbe6a853fcc1.jpg,low,0,0.1352158784866333
ad4f3741e1f35e5ad414fd59346c64e0fadd62c466bd761f5914cc6862789830,data/datasets/openfake/pilot-600/images/real/ad4f3741e1f35e5ad414fd59346c64e0fadd62c466bd761f5914cc6862789830.jpg,low,0,0.00028274510987102985
ad4ff63587beac58dffdf91956ef71451fcceb5d5e4d82d46c35319d5c1b366a,data/datasets/sid-set/candidate-1500/images/fake/ad4ff63587beac58dffdf91956ef71451fcceb5d5e4d82d46c35319d5c1b366a.png,low,1,0.9671052694320679
ad6bdf5b75d076fdc3509c99977bb8668063df36d7834bd9becc259f58477bdb,data/datasets/sid-set/candidate-1500/images/real/ad6bdf5b75d076fdc3509c99977bb8668063df36d7834bd9becc259f58477bdb.jpg,low,0,0.9915456175804138
ad7c003978de79bc3350847567c9285ef154f782792f62acca4e69c47b11330e,data/datasets/sid-set/candidate-1500/images/fake/ad7c003978de79bc3350847567c9285ef154f782792f62acca4e69c47b11330e.png,low,1,0.9925206899642944
ad8bb7d46b2e7ccca5db42064a1e4695a49e2af2ea6221f16f842d5b55e8c495,data/datasets/sid-set/candidate-1500/images/fake/ad8bb7d46b2e7ccca5db42064a1e4695a49e2af2ea6221f16f842d5b55e8c495.png,medium,1,0.9886288642883301
ad9ab8d455fa79aaebc6086ce1601116a1eecd3e28713ee770cc0da41634437b,data/datasets/openfake/pilot-600/images/real/ad9ab8d455fa79aaebc6086ce1601116a1eecd3e28713ee770cc0da41634437b.jpg,medium,0,0.00498383492231369
adaa1545033358172f85937dec9993673c5ebf5909203b7fce894137a7f09358,data/datasets/openfake/pilot-600/images/fake/adaa1545033358172f85937dec9993673c5ebf5909203b7fce894137a7f09358.png,low,1,0.737994909286499
adb0ed7fc500633cfc7a1739e081a2413935e7eeecb417f27817ad2d38bb53ba,data/datasets/openfake/pilot-600/images/real/adb0ed7fc500633cfc7a1739e081a2413935e7eeecb417f27817ad2d38bb53ba.jpg,low,0,0.002207564190030098
adcfe620fd1d62c67d840e91b53f43a0133904d02c1a8aa44b20edee7687e1cc,data/datasets/openfake/additional-900/images/fake/adcfe620fd1d62c67d840e91b53f43a0133904d02c1a8aa44b20edee7687e1cc.png,low,1,0.9989988207817078
addbf5d2ce48d2d20d05430bdfa36f4e3f44ab23032a55427d95cd4ed01d0b24,data/datasets/openfake/additional-900/images/real/addbf5d2ce48d2d20d05430bdfa36f4e3f44ab23032a55427d95cd4ed01d0b24.jpg,medium,0,0.8984473347663879
ade5ca43c55b8acfbfe979395fb3c0ed00143dd474baea1937ed7140cbe0e286,data/datasets/openfake/additional-900/images/real/ade5ca43c55b8acfbfe979395fb3c0ed00143dd474baea1937ed7140cbe0e286.jpg,medium,0,0.00366025697439909
adf70639c140b6e8fc7773e00d3bad84071a38d2e59b918672c34cb8f982d449,data/datasets/openfake/additional-900/images/fake/adf70639c140b6e8fc7773e00d3bad84071a38d2e59b918672c34cb8f982d449.png,medium,1,0.2955058217048645
adfee4f0139a7b35727b7c8d89ce882b20bf3b8467ebd633f94a4078c72afe37,data/datasets/sid-set/candidate-1500/images/real/adfee4f0139a7b35727b7c8d89ce882b20bf3b8467ebd633f94a4078c72afe37.jpg,medium,0,0.09341736137866974
ae054ba0aefe238b4654defefe781888917eb50ff8c1b3b8ddd5fa7557d540b7,data/datasets/sid-set/candidate-1500/images/fake/ae054ba0aefe238b4654defefe781888917eb50ff8c1b3b8ddd5fa7557d540b7.png,medium,1,0.9819406270980835
ae0bb66822c42d759761a80c01651468cb7e34c62e853a671aaa0bf20c9137c3,data/datasets/sid-set/candidate-1500/images/real/ae0bb66822c42d759761a80c01651468cb7e34c62e853a671aaa0bf20c9137c3.jpg,low,0,0.45736443996429443
ae1ba58efc6b7b9d6577fd8257a82a58a69b88bc720ff3eda66cc8a146f019e2,data/datasets/sid-set/candidate-1500/images/fake/ae1ba58efc6b7b9d6577fd8257a82a58a69b88bc720ff3eda66cc8a146f019e2.png,low,1,0.9740219116210938
ae37eef180ee1b1263b58844777494186aa96bbbb32396f3117c0a43e39cf0e5,data/datasets/sid-set/candidate-1500/images/fake/ae37eef180ee1b1263b58844777494186aa96bbbb32396f3117c0a43e39cf0e5.png,low,1,0.9720083475112915
ae8693055ed42b56d656453c0b0f0a5152967f269463e74558a241b745d448e0,data/datasets/sid-set/candidate-1500/images/fake/ae8693055ed42b56d656453c0b0f0a5152967f269463e74558a241b745d448e0.png,medium,1,0.9393275380134583
ae8871e23c67229536bc36e5704334e6750e1c10395672781c276830cd024644,data/datasets/sid-set/candidate-1500/images/real/ae8871e23c67229536bc36e5704334e6750e1c10395672781c276830cd024644.jpg,low,0,0.10395866632461548
aea0008075233ac7465687e71ea6998a0d0968c6d73df4adc7b5d651b2e1ddd8,data/datasets/openfake/pilot-600/images/real/aea0008075233ac7465687e71ea6998a0d0968c6d73df4adc7b5d651b2e1ddd8.jpg,medium,0,0.48384761810302734
aeda4affd38c7e1f159ccdc1e7182063a13ffa8ec6c1c9d0fa4f6b192d895cd7,data/datasets/sid-set/candidate-1500/images/fake/aeda4affd38c7e1f159ccdc1e7182063a13ffa8ec6c1c9d0fa4f6b192d895cd7.png,medium,1,0.8943371772766113
aef3e9d6a5d9b83031a02c863ca4af7f311f6554db680c6984f3beec62244303,data/datasets/openfake/pilot-600/images/fake/aef3e9d6a5d9b83031a02c863ca4af7f311f6554db680c6984f3beec62244303.jpg,low,1,0.18490059673786163
aefdf042d2cb50e66ba072d2a92acfeed4bba95d659472cb85153aaf883a5eaf,data/datasets/openfake/pilot-600/images/fake/aefdf042d2cb50e66ba072d2a92acfeed4bba95d659472cb85153aaf883a5eaf.png,low,1,0.9995017051696777
af36666f1eaaf06ee2255eb818ffe5da130fed88269ec09ccf4b1f1ac2314945,data/datasets/openfake/pilot-600/images/fake/af36666f1eaaf06ee2255eb818ffe5da130fed88269ec09ccf4b1f1ac2314945.png,medium,1,0.9636682868003845
af3a1f1c88de8bdad6f12dd9068349c6f6952a9886f3eb13e181ba3131da6531,data/datasets/openfake/pilot-600/images/real/af3a1f1c88de8bdad6f12dd9068349c6f6952a9886f3eb13e181ba3131da6531.jpg,medium,0,0.14811429381370544
af49f5b7e1f568ab3b7e461d7e8ecb1bd8de72df02189e1f7f2d9fb1e608779a,data/datasets/openfake/additional-900/images/real/af49f5b7e1f568ab3b7e461d7e8ecb1bd8de72df02189e1f7f2d9fb1e608779a.jpg,low,0,0.004212260711938143
af4f203010be0cfad83dae2cc43e5a0fccb1fd1e229f2793beeb29ceb3e530c8,data/datasets/openfake/additional-900/images/fake/af4f203010be0cfad83dae2cc43e5a0fccb1fd1e229f2793beeb29ceb3e530c8.png,medium,1,0.6813822984695435
af5a0a45d756b394b9b7ea31602fb226f31d0e6e317ceaec329564806e5026d6,data/datasets/openfake/pilot-600/images/real/af5a0a45d756b394b9b7ea31602fb226f31d0e6e317ceaec329564806e5026d6.jpg,medium,0,0.0006753110210411251
af87e5fb0d6db763e2066c626ead94cf44bc59dfa4975c7651aa46a98bca4b6f,data/datasets/sid-set/candidate-1500/images/fake/af87e5fb0d6db763e2066c626ead94cf44bc59dfa4975c7651aa46a98bca4b6f.png,low,1,0.9905102849006653
af88819feae5e3514d3b334fa1ab60c6c9e4136891b7c3b863bbbd0cf42342ac,data/datasets/sid-set/candidate-1500/images/real/af88819feae5e3514d3b334fa1ab60c6c9e4136891b7c3b863bbbd0cf42342ac.jpg,medium,0,0.37273138761520386
afa0af2464bfd2bed635039e1e0034b7faad566faf0502a4d4fb161bb722e04e,data/datasets/openfake/pilot-600/images/real/afa0af2464bfd2bed635039e1e0034b7faad566faf0502a4d4fb161bb722e04e.jpg,medium,0,0.5456171035766602
afb84a89320987580f1d1360bbb2f3c9ce796e14c9a57f571600e9b47309a250,data/datasets/openfake/pilot-600/images/real/afb84a89320987580f1d1360bbb2f3c9ce796e14c9a57f571600e9b47309a250.jpg,low,0,0.02641553431749344
afbbeb1517890c33b4a19922d1904d4c36d46ba817935f7fcdd10bf20dc15b3a,data/datasets/sid-set/candidate-1500/images/fake/afbbeb1517890c33b4a19922d1904d4c36d46ba817935f7fcdd10bf20dc15b3a.png,low,1,0.9898042678833008
afc67d1b3f2786cd231a6cd967f74fb79bb5d2df3d52b09892d6748e0516578e,data/datasets/openfake/additional-900/images/real/afc67d1b3f2786cd231a6cd967f74fb79bb5d2df3d52b09892d6748e0516578e.jpg,medium,0,0.0068864282220602036
afcabf88faa97c67aea4898767860111eb596d1fbcb385e42b3bd42190db4686,data/datasets/sid-set/candidate-1500/images/fake/afcabf88faa97c67aea4898767860111eb596d1fbcb385e42b3bd42190db4686.png,low,1,0.9956561326980591
b0329d5b8f7a1bd515fa411b77416184ec01630fa645ea68a873708108ad0d5a,data/datasets/sid-set/candidate-1500/images/real/b0329d5b8f7a1bd515fa411b77416184ec01630fa645ea68a873708108ad0d5a.jpg,low,0,0.9984076619148254
b049fb5d805ef3233ce5489c831582c36018dcb564c7ce3190f40f1a15d6cef1,data/datasets/sid-set/candidate-1500/images/real/b049fb5d805ef3233ce5489c831582c36018dcb564c7ce3190f40f1a15d6cef1.jpg,low,0,0.9356972575187683
b064f2696f488290d6a9327db95b73c2defccdcacfddb830bf124d46e72ae382,data/datasets/sid-set/candidate-1500/images/real/b064f2696f488290d6a9327db95b73c2defccdcacfddb830bf124d46e72ae382.jpg,medium,0,0.02616974711418152
b06b91bf0874507bd3d6ddf7da178df5167b5507ce7d29682f3be085cb12bc36,data/datasets/openfake/additional-900/images/fake/b06b91bf0874507bd3d6ddf7da178df5167b5507ce7d29682f3be085cb12bc36.png,medium,1,0.7584808468818665
b06fe9bfbccc361c79f6c2e6df7f7d79c6530b41d7cc427c6971cf7c27514671,data/datasets/openfake/additional-900/images/real/b06fe9bfbccc361c79f6c2e6df7f7d79c6530b41d7cc427c6971cf7c27514671.jpg,medium,0,0.06327439844608307
b0945bf9e46b56f2f540e836ea955ff979ec591b2c6c29261060c7605947a8f6,data/datasets/sid-set/candidate-1500/images/real/b0945bf9e46b56f2f540e836ea955ff979ec591b2c6c29261060c7605947a8f6.jpg,low,0,0.7787948250770569
b09bd149f8e1f0fc42c7b5bfbdcde956e1356ab73b9d81d4506f1029bb3f52cc,data/datasets/sid-set/candidate-1500/images/fake/b09bd149f8e1f0fc42c7b5bfbdcde956e1356ab73b9d81d4506f1029bb3f52cc.png,medium,1,0.9355739951133728
b0b065bffbd7152f666a685b87c8dfb20497490090871841a7fa79c132704bbf,data/datasets/sid-set/candidate-1500/images/real/b0b065bffbd7152f666a685b87c8dfb20497490090871841a7fa79c132704bbf.jpg,low,0,0.02466350793838501
b0d348036ed6f32468addd56e1cbac2c9ae56a051bfe63e0f18dab58f59ef991,data/datasets/openfake/pilot-600/images/real/b0d348036ed6f32468addd56e1cbac2c9ae56a051bfe63e0f18dab58f59ef991.jpg,medium,0,0.6062713265419006
b0e8dd9b3a5310dda59b3caba6a4c6bfe8ea97a6235a8c144c70a2cf24da5506,data/datasets/openfake/additional-900/images/fake/b0e8dd9b3a5310dda59b3caba6a4c6bfe8ea97a6235a8c144c70a2cf24da5506.png,medium,1,0.9990594983100891
b105b92089defc43abdad543639f89f13d692f30d94142a34a823702b32cd580,data/datasets/openfake/additional-900/images/real/b105b92089defc43abdad543639f89f13d692f30d94142a34a823702b32cd580.jpg,low,0,0.0006633182638324797
b11558ea1f118792bbb26e92d5a69ca42c1b24815d81a69f7eb90e54add71040,data/datasets/sid-set/candidate-1500/images/real/b11558ea1f118792bbb26e92d5a69ca42c1b24815d81a69f7eb90e54add71040.jpg,medium,0,0.1688149869441986
b1219844d3483f0179fd8d9aa243cbfe414a7e4c7c6abc0d22ce5fbc7cf1dd9c,data/datasets/sid-set/candidate-1500/images/real/b1219844d3483f0179fd8d9aa243cbfe414a7e4c7c6abc0d22ce5fbc7cf1dd9c.jpg,low,0,0.4321233630180359
b121de150f62ab984b0e43ccd74079b20bdebebc7c2d81b78a1d9ecb10b5b618,data/datasets/sid-set/candidate-1500/images/fake/b121de150f62ab984b0e43ccd74079b20bdebebc7c2d81b78a1d9ecb10b5b618.png,medium,1,0.992838442325592
b149341d6e7ddc72cd7a33a553a081abcf46e3817fdd911215c9d0fa939ea5c2,data/datasets/sid-set/candidate-1500/images/real/b149341d6e7ddc72cd7a33a553a081abcf46e3817fdd911215c9d0fa939ea5c2.jpg,medium,0,0.06650383025407791
b15e44ed3282127ff2a175d4545be9fef4d6fe48924d20f698d5b700aa9c81eb,data/datasets/openfake/pilot-600/images/real/b15e44ed3282127ff2a175d4545be9fef4d6fe48924d20f698d5b700aa9c81eb.jpg,medium,0,0.0005873700138181448
b1632949448f5c018a993c51b2d8598e21afd31795901bd590259f5b16077de7,data/datasets/sid-set/candidate-1500/images/real/b1632949448f5c018a993c51b2d8598e21afd31795901bd590259f5b16077de7.jpg,medium,0,0.16705432534217834
b1cc32d56565d43b3adbe6d49499ab0ddf9bc8a302685dff897b5af2372f3efb,data/datasets/sid-set/candidate-1500/images/real/b1cc32d56565d43b3adbe6d49499ab0ddf9bc8a302685dff897b5af2372f3efb.jpg,medium,0,0.008922867476940155
b234032ed18cf73b83e71534da3845da51b54d23c37022585a1b3a158fdae367,data/datasets/sid-set/candidate-1500/images/real/b234032ed18cf73b83e71534da3845da51b54d23c37022585a1b3a158fdae367.jpg,medium,0,0.7107688784599304
b26dadb94a1457f74cb1bc2d52c883584643b00c13fc95475712085bc14ad729,data/datasets/openfake/additional-900/images/real/b26dadb94a1457f74cb1bc2d52c883584643b00c13fc95475712085bc14ad729.jpg,medium,0,0.16895069181919098
b2820b1035e777f80163a27d9ec7fc74a93885e736a94764821eb81c6e98420e,data/datasets/openfake/pilot-600/images/real/b2820b1035e777f80163a27d9ec7fc74a93885e736a94764821eb81c6e98420e.jpg,medium,0,0.700381875038147
b29a5fdc6543db88e4015480882499ae224b0c242922dd56780fe3a90ecfa416,data/datasets/openfake/additional-900/images/real/b29a5fdc6543db88e4015480882499ae224b0c242922dd56780fe3a90ecfa416.jpg,medium,0,0.8825893998146057
b2ade3507df358993f3278c95ede5a31b740f730c952c1dc050b98204e6fd888,data/datasets/openfake/additional-900/images/fake/b2ade3507df358993f3278c95ede5a31b740f730c952c1dc050b98204e6fd888.png,low,1,0.6836342811584473
b2c44efd69b65ba6668b765bb56e6bd5c0b2414652a14736960a3cd648099e5c,data/datasets/sid-set/candidate-1500/images/fake/b2c44efd69b65ba6668b765bb56e6bd5c0b2414652a14736960a3cd648099e5c.png,low,1,0.7542577385902405
b2cb739e1aa38e73ea7cd9b849294027374eb622d0c00c036e907a3e6ff094cc,data/datasets/openfake/additional-900/images/fake/b2cb739e1aa38e73ea7cd9b849294027374eb622d0c00c036e907a3e6ff094cc.png,low,1,0.9946885108947754
b2db9a5933cb0d8157bf8530007891406a7486c3be447c8cf9a62c8d4333f90d,data/datasets/openfake/pilot-600/images/fake/b2db9a5933cb0d8157bf8530007891406a7486c3be447c8cf9a62c8d4333f90d.png,medium,1,0.9979228377342224
b2eb9dd58be33636b3e492afa15cd98ae1ebc3d3df687191bcb4d47b641b1ef9,data/datasets/sid-set/candidate-1500/images/fake/b2eb9dd58be33636b3e492afa15cd98ae1ebc3d3df687191bcb4d47b641b1ef9.png,low,1,0.9980320334434509
b304b7cacb2762e3046f1f9abe4ad134311e1ab82e99c2826186343181c3420e,data/datasets/openfake/additional-900/images/real/b304b7cacb2762e3046f1f9abe4ad134311e1ab82e99c2826186343181c3420e.jpg,medium,0,0.06853397935628891
b3064e4e48b86207e4718fce7339bc05afcd9235a9b4ced6ff9bb63c7a5881b5,data/datasets/sid-set/candidate-1500/images/fake/b3064e4e48b86207e4718fce7339bc05afcd9235a9b4ced6ff9bb63c7a5881b5.png,medium,1,0.9389522671699524
b3079459459f503f5c78975144b05a59049018e6e2b6759daeda414af5f49410,data/datasets/sid-set/candidate-1500/images/real/b3079459459f503f5c78975144b05a59049018e6e2b6759daeda414af5f49410.jpg,low,0,0.13819684088230133
b308338cb3c2189446e9ad8a02ec3d2cf98ca8f2e5415f3b980828db98ba5654,data/datasets/sid-set/candidate-1500/images/fake/b308338cb3c2189446e9ad8a02ec3d2cf98ca8f2e5415f3b980828db98ba5654.png,medium,1,0.9851896166801453
b31118259ef88ed58ce1ffb0ffb3670cd87485d903f65f7a89b40f4c5672f2a8,data/datasets/openfake/pilot-600/images/fake/b31118259ef88ed58ce1ffb0ffb3670cd87485d903f65f7a89b40f4c5672f2a8.png,medium,1,0.9962074756622314
b3178540a1dff17f292fc29bbccf2e3b163ce1cba926c0c5c9cf81014fa9b60b,data/datasets/openfake/additional-900/images/fake/b3178540a1dff17f292fc29bbccf2e3b163ce1cba926c0c5c9cf81014fa9b60b.png,medium,1,0.9964622855186462
b31ef476dd98de94f0945bc4d79aab2c6171f8129dae0cfd34a16268b7a5e5bb,data/datasets/openfake/pilot-600/images/fake/b31ef476dd98de94f0945bc4d79aab2c6171f8129dae0cfd34a16268b7a5e5bb.png,medium,1,0.9784718155860901
b36405f5b003015e0e77730044c8d9c045d185f38f664074b8a49c0e7c8572d4,data/datasets/openfake/additional-900/images/real/b36405f5b003015e0e77730044c8d9c045d185f38f664074b8a49c0e7c8572d4.jpg,low,0,0.04280134662985802
b37d7459799ec8d00492778d3fc9a0428bd613cb998c780200c1c85aaae3eaf4,data/datasets/sid-set/candidate-1500/images/real/b37d7459799ec8d00492778d3fc9a0428bd613cb998c780200c1c85aaae3eaf4.jpg,medium,0,0.8877256512641907
b38c04f7602846eacfee423bdb2c72dbd767a77ab2be2a37a0e0d8959f9f0edc,data/datasets/sid-set/candidate-1500/images/real/b38c04f7602846eacfee423bdb2c72dbd767a77ab2be2a37a0e0d8959f9f0edc.jpg,medium,0,0.21483024954795837
b391c6301c7309c91ff4cae743d67ff226651cc394ca1fc4b619d5106d340da4,data/datasets/sid-set/candidate-1500/images/fake/b391c6301c7309c91ff4cae743d67ff226651cc394ca1fc4b619d5106d340da4.png,low,1,0.8342624306678772
b39392ed2ca5b09387a05792ca33e49e5908886a6189c9b5b62697276ce50161,data/datasets/openfake/additional-900/images/real/b39392ed2ca5b09387a05792ca33e49e5908886a6189c9b5b62697276ce50161.jpg,medium,0,0.1788095384836197
b39e3fed2170bd86b1c480010a2e967f402c1a0173dd3a3f4ad90cc89d765ab3,data/datasets/openfake/additional-900/images/real/b39e3fed2170bd86b1c480010a2e967f402c1a0173dd3a3f4ad90cc89d765ab3.jpg,medium,0,0.02001764439046383
b3fce137d48976ef19a1f4c472b67b2a5b457a1da0b0f12facb3276f6dbf800f,data/datasets/openfake/pilot-600/images/real/b3fce137d48976ef19a1f4c472b67b2a5b457a1da0b0f12facb3276f6dbf800f.jpg,medium,0,0.0009116624132730067
b44c9a053998797db98f9150636ced9dda2e5f916f76546f33eae271ba3274aa,data/datasets/openfake/additional-900/images/fake/b44c9a053998797db98f9150636ced9dda2e5f916f76546f33eae271ba3274aa.jpg,high,1,0.06926684826612473
b4597167dc83abb60faaca3719f92b6da9451bc17a55b972f6c10dcd1d74addd,data/datasets/openfake/additional-900/images/fake/b4597167dc83abb60faaca3719f92b6da9451bc17a55b972f6c10dcd1d74addd.png,medium,1,0.9567915797233582
b46ef81de7dfd73e8534651ae9e69fa2cbcdaeaaf9dc6fe0b1211eea479ee885,data/datasets/openfake/pilot-600/images/fake/b46ef81de7dfd73e8534651ae9e69fa2cbcdaeaaf9dc6fe0b1211eea479ee885.png,low,1,0.999030590057373
b49ac49754b262b30bcb623611174f7de0a8b671b629e1a44060f6301063797a,data/datasets/openfake/pilot-600/images/fake/b49ac49754b262b30bcb623611174f7de0a8b671b629e1a44060f6301063797a.png,medium,1,0.9878467917442322
b49e257e2494856054e81dee2aff78ccccf05514805ed5838e47882d68ca611f,data/datasets/openfake/additional-900/images/real/b49e257e2494856054e81dee2aff78ccccf05514805ed5838e47882d68ca611f.jpg,low,0,0.48865583539009094
b4a82aa390209e5446a22261041ef120fc4081c08e6f9eba1809a77fbd262b62,data/datasets/openfake/additional-900/images/real/b4a82aa390209e5446a22261041ef120fc4081c08e6f9eba1809a77fbd262b62.jpg,low,0,0.7947975993156433
b4abd5589bd9165beedc0a89393228cd42d03f8181f782adf3568cfd53cb46f3,data/datasets/openfake/pilot-600/images/fake/b4abd5589bd9165beedc0a89393228cd42d03f8181f782adf3568cfd53cb46f3.png,low,1,0.9968461394309998
b4cb1bfb434471caa0520482813b1919efd054932892464e6e629080f029bb58,data/datasets/sid-set/candidate-1500/images/real/b4cb1bfb434471caa0520482813b1919efd054932892464e6e629080f029bb58.jpg,medium,0,0.062264855951070786
b4f4d7f660943ca2db164ff4f07e8d4915354ba2f05e20827f2d0469b6a5c937,data/datasets/sid-set/candidate-1500/images/fake/b4f4d7f660943ca2db164ff4f07e8d4915354ba2f05e20827f2d0469b6a5c937.png,low,1,0.9947856068611145
b4fa42808c3ecab3684ecc2e4aac2bae76961e540e80990a54602e8e5e8f9347,data/datasets/sid-set/candidate-1500/images/real/b4fa42808c3ecab3684ecc2e4aac2bae76961e540e80990a54602e8e5e8f9347.jpg,low,0,0.0021691475994884968
b5134cb92892b452ecae7d738a0e5ffb2c71b6440e356e2f15361e49ce2b91ba,data/datasets/sid-set/candidate-1500/images/real/b5134cb92892b452ecae7d738a0e5ffb2c71b6440e356e2f15361e49ce2b91ba.jpg,low,0,0.13844533264636993
b52277a6d68c6f53b57d81abdc187b860a820b8652febdb623f6c122d7dc828a,data/datasets/openfake/additional-900/images/real/b52277a6d68c6f53b57d81abdc187b860a820b8652febdb623f6c122d7dc828a.jpg,medium,0,0.053290173411369324
b573859bf86b52f543da2000a952ecb5f3960a141bdbf79d2fd57bf77acfd44e,data/datasets/openfake/pilot-600/images/fake/b573859bf86b52f543da2000a952ecb5f3960a141bdbf79d2fd57bf77acfd44e.png,medium,1,0.9833101630210876
b5cd6d04d6f1749674abb50c0633c2aadaaa2344908aede43a947207eee7bed4,data/datasets/sid-set/candidate-1500/images/fake/b5cd6d04d6f1749674abb50c0633c2aadaaa2344908aede43a947207eee7bed4.png,high,1,0.991797685623169
b5ebdbf92e893e49eb8f71b10c8efecfe02c9aca91d4e7245e37afe52753b230,data/datasets/sid-set/candidate-1500/images/real/b5ebdbf92e893e49eb8f71b10c8efecfe02c9aca91d4e7245e37afe52753b230.jpg,medium,0,0.06563697010278702
b63735d990e0ccb253dc1227489b870fd181c591fcb29f940bdee85c8a772525,data/datasets/openfake/additional-900/images/real/b63735d990e0ccb253dc1227489b870fd181c591fcb29f940bdee85c8a772525.jpg,medium,0,0.0028919961769133806
b657d0d14effde4d94e572d48f154d76880ad947cdfa780e06c47fa41e7ecd21,data/datasets/openfake/additional-900/images/real/b657d0d14effde4d94e572d48f154d76880ad947cdfa780e06c47fa41e7ecd21.jpg,medium,0,0.050346389412879944
b65abc1ac6ce8d889b05724dc632af805d0440e947e1e865813c475dbeccbbb6,data/datasets/sid-set/candidate-1500/images/real/b65abc1ac6ce8d889b05724dc632af805d0440e947e1e865813c475dbeccbbb6.jpg,medium,0,0.1904143989086151
b675c20fd32f00570aa7e8d76cd861beef4aa8aa642ecc22939a666d83dd8605,data/datasets/sid-set/candidate-1500/images/fake/b675c20fd32f00570aa7e8d76cd861beef4aa8aa642ecc22939a666d83dd8605.png,low,1,0.9906356930732727
b67d9200e858585819b350fae396cf4c17e22248feb7edececcf47ba21e2b3cf,data/datasets/sid-set/candidate-1500/images/real/b67d9200e858585819b350fae396cf4c17e22248feb7edececcf47ba21e2b3cf.jpg,low,0,0.10723765194416046
b67d959293387352e0d38c8e9f7c97a03d6cbb155148fb9721d840fff1d8485c,data/datasets/openfake/additional-900/images/real/b67d959293387352e0d38c8e9f7c97a03d6cbb155148fb9721d840fff1d8485c.jpg,low,0,0.24811655282974243
b6945a02c93e539c26d84ff9f6524134f54f33cff10b3ac4aa6662a5c92fc26d,data/datasets/openfake/pilot-600/images/real/b6945a02c93e539c26d84ff9f6524134f54f33cff10b3ac4aa6662a5c92fc26d.jpg,medium,0,0.008346048183739185
b6948df158882bace7224702be0692131022109236cc299c7d5e2af962909844,data/datasets/openfake/additional-900/images/real/b6948df158882bace7224702be0692131022109236cc299c7d5e2af962909844.jpg,medium,0,0.7734415531158447
b6970f4435d5d661d649657b34af410258a5fa092a7e439c4642741fdf13e368,data/datasets/openfake/pilot-600/images/fake/b6970f4435d5d661d649657b34af410258a5fa092a7e439c4642741fdf13e368.png,low,1,0.9750783443450928
b6a5c056f8c488adf17123df17e510cbc2cf90255970526291cb7b5f4848d6cf,data/datasets/openfake/additional-900/images/real/b6a5c056f8c488adf17123df17e510cbc2cf90255970526291cb7b5f4848d6cf.jpg,medium,0,0.1466282457113266
b6c6c41f6a673739a3914f18e14e498f51f14b3037017c93851e260671c16a44,data/datasets/openfake/additional-900/images/real/b6c6c41f6a673739a3914f18e14e498f51f14b3037017c93851e260671c16a44.jpg,medium,0,0.017551565542817116
b6dd00d6191e8590c2eeaaf374d99f482376b4749c0f0cd2625be98ee5890722,data/datasets/sid-set/candidate-1500/images/fake/b6dd00d6191e8590c2eeaaf374d99f482376b4749c0f0cd2625be98ee5890722.png,low,1,0.9796251058578491
b6e29b63ea0d46e1af8f1720cc0503acf286a3745828b47d4b82bbf9a46adb8a,data/datasets/openfake/pilot-600/images/fake/b6e29b63ea0d46e1af8f1720cc0503acf286a3745828b47d4b82bbf9a46adb8a.png,low,1,0.9787327647209167
b6e9cafa167867723d906567b1ae27e2047ff4a1a8ae6a558c62d4efb153a0bb,data/datasets/sid-set/candidate-1500/images/real/b6e9cafa167867723d906567b1ae27e2047ff4a1a8ae6a558c62d4efb153a0bb.jpg,medium,0,0.31020262837409973
b7281f4038ea120d91482303cc3c12b6a87f4ef4ae3f611ac3d3be4e4c86419f,data/datasets/openfake/additional-900/images/real/b7281f4038ea120d91482303cc3c12b6a87f4ef4ae3f611ac3d3be4e4c86419f.jpg,low,0,0.8745591044425964
b74b388e59e3067106a821b9efb29fcd3df9ee380a50c1aafb56af3b9dbfb350,data/datasets/sid-set/candidate-1500/images/real/b74b388e59e3067106a821b9efb29fcd3df9ee380a50c1aafb56af3b9dbfb350.jpg,low,0,0.9199798107147217
b75ca861d01fb62075507040abd1ba17b5a989d9b4ba55290d77b00a44fa9b80,data/datasets/sid-set/candidate-1500/images/fake/b75ca861d01fb62075507040abd1ba17b5a989d9b4ba55290d77b00a44fa9b80.png,medium,1,0.990865170955658
b76852d2a08cd3ad26d43df50db1b60d6fbcb3b7325b5080b48a8167a992ce0c,data/datasets/sid-set/candidate-1500/images/fake/b76852d2a08cd3ad26d43df50db1b60d6fbcb3b7325b5080b48a8167a992ce0c.png,low,1,0.9789257049560547
b77dcbd666f8331082a2fbe8392d0eca1b3095ac0a77c3115c4d02670f909f23,data/datasets/sid-set/candidate-1500/images/real/b77dcbd666f8331082a2fbe8392d0eca1b3095ac0a77c3115c4d02670f909f23.jpg,medium,0,0.036143120378255844
b78616a6d905514a92e20bf8b1f8c5b29113ab0b137a005b6689d4fdc8b139ef,data/datasets/sid-set/candidate-1500/images/fake/b78616a6d905514a92e20bf8b1f8c5b29113ab0b137a005b6689d4fdc8b139ef.png,low,1,0.9383192658424377
b792f31db8e7fb0a35871cd048eece8303c42f8fef1731a514fde904e68ff708,data/datasets/openfake/additional-900/images/real/b792f31db8e7fb0a35871cd048eece8303c42f8fef1731a514fde904e68ff708.jpg,medium,0,0.1389327347278595
b7b04b65b39c02404ee447c89c82e217f543ea22fea5b8ce7cb5bea08d6fa3c7,data/datasets/openfake/additional-900/images/fake/b7b04b65b39c02404ee447c89c82e217f543ea22fea5b8ce7cb5bea08d6fa3c7.png,medium,1,0.6118632555007935
b7c2567f352d9c6dfb927d2338e2b989cf338f95af2acb300d5182cd1b20326c,data/datasets/openfake/pilot-600/images/fake/b7c2567f352d9c6dfb927d2338e2b989cf338f95af2acb300d5182cd1b20326c.png,medium,1,0.992712140083313
b7c56f11f38d0479034ed4c3e58e1d03d41aa17599f42b8a1e2a6f8a7a472261,data/datasets/openfake/additional-900/images/fake/b7c56f11f38d0479034ed4c3e58e1d03d41aa17599f42b8a1e2a6f8a7a472261.png,medium,1,0.9733823537826538
b8134878210c7ed4e1c6477214d421fc62ad6d8a27d38ed33e45b81f818ae4a7,data/datasets/sid-set/candidate-1500/images/fake/b8134878210c7ed4e1c6477214d421fc62ad6d8a27d38ed33e45b81f818ae4a7.png,medium,1,0.9021401405334473
b82aee2afb308019e6b1794d49d8e48eb391d1cbd4d60f8b5e543110fce82b14,data/datasets/openfake/additional-900/images/fake/b82aee2afb308019e6b1794d49d8e48eb391d1cbd4d60f8b5e543110fce82b14.png,low,1,0.6347581148147583
b8444ab0e4ffa409444183569ab7da0cb2061b4407bfe8f42ebcc2954fadade4,data/datasets/sid-set/candidate-1500/images/fake/b8444ab0e4ffa409444183569ab7da0cb2061b4407bfe8f42ebcc2954fadade4.png,low,1,0.982633650302887
b8458bdcad8e15399844d58bda23312b744156dcdb620e84e1b12a205b472707,data/datasets/openfake/pilot-600/images/fake/b8458bdcad8e15399844d58bda23312b744156dcdb620e84e1b12a205b472707.jpg,medium,1,0.21148960292339325
b86638534a7cc70f637f51c5440f87b718c86457a0a0c01c6507196f2b75c77e,data/datasets/openfake/pilot-600/images/fake/b86638534a7cc70f637f51c5440f87b718c86457a0a0c01c6507196f2b75c77e.png,low,1,0.7138388156890869
b8d956c3fb03608bc327b23a40768f99574fa212532c6a8ed5a419f16bbd9f3d,data/datasets/openfake/pilot-600/images/real/b8d956c3fb03608bc327b23a40768f99574fa212532c6a8ed5a419f16bbd9f3d.jpg,medium,0,0.010651098564267159
b8db655f02b94485fd52b7156ea6c6d7f4a1b2c73757857add89391b4a939f0b,data/datasets/openfake/pilot-600/images/real/b8db655f02b94485fd52b7156ea6c6d7f4a1b2c73757857add89391b4a939f0b.jpg,medium,0,0.04240686073899269
b8dfdeb99f9f643d801f1be9d17daa1c042d04ca81af8831078c48cbbf6b2e1b,data/datasets/openfake/pilot-600/images/fake/b8dfdeb99f9f643d801f1be9d17daa1c042d04ca81af8831078c48cbbf6b2e1b.png,low,1,0.6803733706474304
b906e53c6f5e82d5ab095a626cf8b41f7dd1c060efec086d44710bd839247d24,data/datasets/openfake/pilot-600/images/real/b906e53c6f5e82d5ab095a626cf8b41f7dd1c060efec086d44710bd839247d24.jpg,medium,0,0.6012817621231079
b93c7476d73a628c19e3c337626e9ae1e61a6710710e4735a41d0a2efc57cc0a,data/datasets/openfake/pilot-600/images/fake/b93c7476d73a628c19e3c337626e9ae1e61a6710710e4735a41d0a2efc57cc0a.png,medium,1,0.9871867895126343
b9554a9f45f8755273ffe7a48e4636c005f683314cad4e094fb2189510975161,data/datasets/openfake/pilot-600/images/real/b9554a9f45f8755273ffe7a48e4636c005f683314cad4e094fb2189510975161.jpg,low,0,0.00523513276129961
b995e411df5d86c75b618d51cc89343ad565dd23c7744b19d755fbebbb91b8be,data/datasets/sid-set/candidate-1500/images/fake/b995e411df5d86c75b618d51cc89343ad565dd23c7744b19d755fbebbb91b8be.png,medium,1,0.9874419569969177
b99d0e9a67df3c1eb2173138810df50f5a61c39c31e746f0b3078fba5a22adf8,data/datasets/openfake/additional-900/images/real/b99d0e9a67df3c1eb2173138810df50f5a61c39c31e746f0b3078fba5a22adf8.jpg,medium,0,0.0041573867201805115
b9a4c4ffb8e7379f308ddbeca682765246039dc08eaf7b432a788c3fe81010cb,data/datasets/openfake/pilot-600/images/fake/b9a4c4ffb8e7379f308ddbeca682765246039dc08eaf7b432a788c3fe81010cb.png,medium,1,0.9928184747695923
b9ab65c3803be04870f501ce1f76c287413a4829cf8512e173546d17e5b749c5,data/datasets/openfake/additional-900/images/fake/b9ab65c3803be04870f501ce1f76c287413a4829cf8512e173546d17e5b749c5.jpg,low,1,0.7563652992248535
b9af8a2df88eaf15abcb69137c6f0d26e9097297c76d4a2f24d6a27f84a3b07b,data/datasets/openfake/additional-900/images/real/b9af8a2df88eaf15abcb69137c6f0d26e9097297c76d4a2f24d6a27f84a3b07b.jpg,low,0,0.002222604351118207
b9f1e762b09ba6327a27128d8126a411126e5a30ca9d7c80bc2c5510c3ee5ea8,data/datasets/openfake/additional-900/images/fake/b9f1e762b09ba6327a27128d8126a411126e5a30ca9d7c80bc2c5510c3ee5ea8.png,low,1,0.6111955642700195
ba3559b3e0f7b7792ff682688f131919a2ac67b945caeba2e9f166b4411aa93f,data/datasets/sid-set/candidate-1500/images/real/ba3559b3e0f7b7792ff682688f131919a2ac67b945caeba2e9f166b4411aa93f.jpg,medium,0,0.19022443890571594
ba39eff05727c0645b89f0e4c64dcde6d90a0d33dfc9e095c722c0983e10d056,data/datasets/sid-set/candidate-1500/images/real/ba39eff05727c0645b89f0e4c64dcde6d90a0d33dfc9e095c722c0983e10d056.jpg,medium,0,0.14915011823177338
ba54696c0e84b77fa815b730c32817576300a918349557e1613bfe475a288b7a,data/datasets/sid-set/candidate-1500/images/fake/ba54696c0e84b77fa815b730c32817576300a918349557e1613bfe475a288b7a.png,medium,1,0.9504119753837585
bad2eb561e967dcbecc626158803fb60907c1d9340e655543b0323a017a4ebac,data/datasets/sid-set/candidate-1500/images/fake/bad2eb561e967dcbecc626158803fb60907c1d9340e655543b0323a017a4ebac.png,medium,1,0.9893074631690979
baf4e340d006eff83cd83fe4abff8956937133d431eeb71c63610c052aeebc69,data/datasets/sid-set/candidate-1500/images/fake/baf4e340d006eff83cd83fe4abff8956937133d431eeb71c63610c052aeebc69.png,medium,1,0.9885699152946472
bafe20e9c999f953a9b97c829326e5c0d5414184bb76f5440d533420808489f7,data/datasets/sid-set/candidate-1500/images/fake/bafe20e9c999f953a9b97c829326e5c0d5414184bb76f5440d533420808489f7.png,medium,1,0.8095002770423889
bb097c1f48d9a2fabe5e6d92cf3696dde4d0cdc28f6a42e3063b9f6f18c75035,data/datasets/openfake/additional-900/images/real/bb097c1f48d9a2fabe5e6d92cf3696dde4d0cdc28f6a42e3063b9f6f18c75035.jpg,medium,0,0.04863421991467476
bb2c47d1f0af52f3e11d36cef8778ecbc7faa5a6630a25244706d808cebcde66,data/datasets/sid-set/candidate-1500/images/real/bb2c47d1f0af52f3e11d36cef8778ecbc7faa5a6630a25244706d808cebcde66.jpg,medium,0,0.2580530643463135
bb3bf59ff021639b567ef56cdd96b4bab904f3ad583d5b752b483eca16693264,data/datasets/sid-set/candidate-1500/images/real/bb3bf59ff021639b567ef56cdd96b4bab904f3ad583d5b752b483eca16693264.jpg,low,0,0.4226056933403015
bb6bde7464e499aa217c61b588a2480726f17a2a78a9f62751383d985abb527f,data/datasets/sid-set/candidate-1500/images/real/bb6bde7464e499aa217c61b588a2480726f17a2a78a9f62751383d985abb527f.jpg,low,0,0.5724563598632812
bb832fd2886ee62af8865ab172f8901a2f02cb3a1a10009f48af26578854b211,data/datasets/sid-set/candidate-1500/images/real/bb832fd2886ee62af8865ab172f8901a2f02cb3a1a10009f48af26578854b211.jpg,medium,0,0.0409105084836483
bb8b7f0ca2565c21816a58654b6d02f734f362778d1ee36bdc199f1fbe3417b9,data/datasets/openfake/additional-900/images/fake/bb8b7f0ca2565c21816a58654b6d02f734f362778d1ee36bdc199f1fbe3417b9.png,low,1,0.9909260272979736
bba84667d3fc8a3e4e4116813d1316e8da022f784d19079017db1fb95a8e0f26,data/datasets/openfake/pilot-600/images/real/bba84667d3fc8a3e4e4116813d1316e8da022f784d19079017db1fb95a8e0f26.jpg,medium,0,0.0075271413661539555
bbdb40931105eade06538cc8931170800afe345f089888d22cbc49115087de81,data/datasets/openfake/additional-900/images/fake/bbdb40931105eade06538cc8931170800afe345f089888d22cbc49115087de81.png,medium,1,0.9971107244491577
bbe8b17188ce586b729827c3c98b7cc82c2d3bd3be968cc89ecf85df2db7ecf6,data/datasets/openfake/additional-900/images/fake/bbe8b17188ce586b729827c3c98b7cc82c2d3bd3be968cc89ecf85df2db7ecf6.png,medium,1,0.37664783000946045
bc194397e108f8b6ccf35d2cece6a82f89435563d0a9c869a03b9931d21827f4,data/datasets/sid-set/candidate-1500/images/fake/bc194397e108f8b6ccf35d2cece6a82f89435563d0a9c869a03b9931d21827f4.png,medium,1,0.9613303542137146
bc2894416c267c34cad190fba2f1667894af6d6b2a09ab365fb8ab0b6434a4a2,data/datasets/openfake/pilot-600/images/real/bc2894416c267c34cad190fba2f1667894af6d6b2a09ab365fb8ab0b6434a4a2.jpg,high,0,0.011365100741386414
bc5bf365c50be360233e3174d2d7a074f1039738692e3d51f78c062ee010786a,data/datasets/sid-set/candidate-1500/images/real/bc5bf365c50be360233e3174d2d7a074f1039738692e3d51f78c062ee010786a.jpg,medium,0,0.00010306181502528489
bc6180bdfe0e7eabbfbf718abc2d13c9a50ea866abd807a9614e5d5319e49582,data/datasets/openfake/additional-900/images/real/bc6180bdfe0e7eabbfbf718abc2d13c9a50ea866abd807a9614e5d5319e49582.jpg,medium,0,0.9817270040512085
bc621b45a1d58ea68d9d3dc2b1716506503e867c7a9cf1f865ecb2c733b33134,data/datasets/sid-set/candidate-1500/images/fake/bc621b45a1d58ea68d9d3dc2b1716506503e867c7a9cf1f865ecb2c733b33134.png,medium,1,0.8761269450187683
bc66daccc5e4ee5b8134e33319620871c7cd212d19e28eea63598188a76566cd,data/datasets/sid-set/candidate-1500/images/fake/bc66daccc5e4ee5b8134e33319620871c7cd212d19e28eea63598188a76566cd.png,medium,1,0.9659208059310913
bc7ae30c447e5d10b5d003d60e88b0cf75b878b27705cc8dd5f4ca0e5d90f5df,data/datasets/openfake/pilot-600/images/real/bc7ae30c447e5d10b5d003d60e88b0cf75b878b27705cc8dd5f4ca0e5d90f5df.jpg,medium,0,0.04221575707197189
bc7e84e04cb445baaa2a741d52eb59b20943938a62e1524540bf61cd82e78872,data/datasets/openfake/additional-900/images/real/bc7e84e04cb445baaa2a741d52eb59b20943938a62e1524540bf61cd82e78872.jpg,medium,0,0.027440300211310387
bc8f5fd196165fabf84d5c19e26ecadd2011ee3ed5b2af10d3aacc62f50aaefe,data/datasets/openfake/additional-900/images/real/bc8f5fd196165fabf84d5c19e26ecadd2011ee3ed5b2af10d3aacc62f50aaefe.jpg,medium,0,0.8439598083496094
bc90882595ef874581b47d8ec69415451d4d6097809a24e2a297b922530f1ca6,data/datasets/openfake/pilot-600/images/real/bc90882595ef874581b47d8ec69415451d4d6097809a24e2a297b922530f1ca6.jpg,medium,0,0.013119066134095192
bcb972071e3d2f8fae434bbc4cb0007f499ca748de827192dbaaa86770ebd5d1,data/datasets/openfake/pilot-600/images/real/bcb972071e3d2f8fae434bbc4cb0007f499ca748de827192dbaaa86770ebd5d1.jpg,low,0,0.20392292737960815
bcc2891344af1ca8ab8fc491c8f6d8b860ac7eaf528f9242885938af0fbd4b37,data/datasets/openfake/pilot-600/images/real/bcc2891344af1ca8ab8fc491c8f6d8b860ac7eaf528f9242885938af0fbd4b37.jpg,medium,0,0.9501290917396545
bce0347144deee1d01dbe38ec2a48b46978406bcc61dcfb226f84bdeea2093e9,data/datasets/openfake/additional-900/images/fake/bce0347144deee1d01dbe38ec2a48b46978406bcc61dcfb226f84bdeea2093e9.png,medium,1,0.7130500078201294
bcf394d31c8c08699928910b5c7d98f7cb6c8d41e894bc3f08e0e88a842d9d27,data/datasets/openfake/pilot-600/images/real/bcf394d31c8c08699928910b5c7d98f7cb6c8d41e894bc3f08e0e88a842d9d27.jpg,low,0,0.0955258309841156
bd18fb8c67bdcfb38d4e410c079be3670ee1daf448a403b9e827b7f464b62627,data/datasets/openfake/pilot-600/images/fake/bd18fb8c67bdcfb38d4e410c079be3670ee1daf448a403b9e827b7f464b62627.png,medium,1,0.9188482761383057
bd4b219399d7fbc654f52c0fa8aa3b7c1feb211f41d4b4e8dabfccf779a0ab4e,data/datasets/sid-set/candidate-1500/images/fake/bd4b219399d7fbc654f52c0fa8aa3b7c1feb211f41d4b4e8dabfccf779a0ab4e.png,medium,1,0.9963022470474243
bd51b96a71b1fe71ee23c8ad30e3f671bc2f938cb7bcb8136fa3e266c48c7572,data/datasets/sid-set/candidate-1500/images/real/bd51b96a71b1fe71ee23c8ad30e3f671bc2f938cb7bcb8136fa3e266c48c7572.jpg,low,0,0.22553853690624237
bd646544d1bedb8035c3980700018b7bef78b5e7416b6433f682568bbe9bbdcf,data/datasets/sid-set/candidate-1500/images/fake/bd646544d1bedb8035c3980700018b7bef78b5e7416b6433f682568bbe9bbdcf.png,low,1,0.9284521341323853
bd65e5033f2e3adba71acb867e82e77c2a5d17bdc6bad76292652c1e3c539796,data/datasets/openfake/pilot-600/images/fake/bd65e5033f2e3adba71acb867e82e77c2a5d17bdc6bad76292652c1e3c539796.png,medium,1,0.779002845287323
bd7468a900ffedc02cbf783f68394ecb35d7425c554e97beb576c0b06e659133,data/datasets/openfake/additional-900/images/fake/bd7468a900ffedc02cbf783f68394ecb35d7425c554e97beb576c0b06e659133.jpg,medium,1,0.7089313864707947
bd773cf15c84d53a56b80a27c31f1235f9166a2dadcf9ebf2afa5610e20da22c,data/datasets/openfake/additional-900/images/real/bd773cf15c84d53a56b80a27c31f1235f9166a2dadcf9ebf2afa5610e20da22c.jpg,medium,0,0.9122068881988525
bd826c35fabe791a86968bafed22d709ed8026979363a4dd758b03967afe6350,data/datasets/openfake/additional-900/images/fake/bd826c35fabe791a86968bafed22d709ed8026979363a4dd758b03967afe6350.png,low,1,0.6354093551635742
bd9e72d1b6d15ac87726d5f3595982b2cd896fd3425804185b8bfa1061294290,data/datasets/sid-set/candidate-1500/images/real/bd9e72d1b6d15ac87726d5f3595982b2cd896fd3425804185b8bfa1061294290.jpg,medium,0,0.10146621614694595
bd9f7da1d77bbcad4a67a3dc563f5272bb032384cd3f50f022d2101cd102cfe3,data/datasets/sid-set/candidate-1500/images/real/bd9f7da1d77bbcad4a67a3dc563f5272bb032384cd3f50f022d2101cd102cfe3.jpg,low,0,0.9437316656112671
bdb3cd6886de35bb4b2179d6f4f681bf64351a8d9fec03ea17c99972803c66ef,data/datasets/sid-set/candidate-1500/images/fake/bdb3cd6886de35bb4b2179d6f4f681bf64351a8d9fec03ea17c99972803c66ef.png,medium,1,0.8711888790130615
bdb5b374f494146621382d746ea377dbcaa8fb510bc694739e330b9113e71dd6,data/datasets/openfake/pilot-600/images/fake/bdb5b374f494146621382d746ea377dbcaa8fb510bc694739e330b9113e71dd6.jpg,low,1,0.9516016244888306
bdbd094814aee8248a08ac9c2dc86ed41a21a7dc8bf0dab20c1d3c8dfe8ab0ec,data/datasets/openfake/pilot-600/images/fake/bdbd094814aee8248a08ac9c2dc86ed41a21a7dc8bf0dab20c1d3c8dfe8ab0ec.png,high,1,0.9718682765960693
bdbfa48fa13d55c1b58ee3dee84505c9f01d05fef34ad051d721b1f6795e0bab,data/datasets/openfake/pilot-600/images/real/bdbfa48fa13d55c1b58ee3dee84505c9f01d05fef34ad051d721b1f6795e0bab.jpg,low,0,0.6083165407180786
bdeae710998d4caeb004462816a1019a352b2038d813ef4db39735997ab01ef2,data/datasets/openfake/pilot-600/images/fake/bdeae710998d4caeb004462816a1019a352b2038d813ef4db39735997ab01ef2.jpg,medium,1,0.535444974899292
bdf62bcc6770dfc1d3883083f0da0553191e5cbdc22eff0b5f20b6715c6e841b,data/datasets/sid-set/candidate-1500/images/fake/bdf62bcc6770dfc1d3883083f0da0553191e5cbdc22eff0b5f20b6715c6e841b.png,medium,1,0.9866428375244141
be19b3439e6904df526e5c3867b6a506e0ce555cb217dda86a7061a208869950,data/datasets/sid-set/candidate-1500/images/real/be19b3439e6904df526e5c3867b6a506e0ce555cb217dda86a7061a208869950.jpg,low,0,0.9830742478370667
be1f5254dc34553f2e58c10a8aea0c50099068af3133ccba6e4d837d3df1bfc4,data/datasets/openfake/pilot-600/images/fake/be1f5254dc34553f2e58c10a8aea0c50099068af3133ccba6e4d837d3df1bfc4.png,medium,1,0.9286990761756897
be33831209738199210ae60e7d5ad343fe84d1425a79ee92789caf882072276e,data/datasets/openfake/additional-900/images/real/be33831209738199210ae60e7d5ad343fe84d1425a79ee92789caf882072276e.jpg,medium,0,0.0057852547615766525
be34c6c6be47d183ee322a2dfa7f8ba7e2798bdb56d15e18af2bce57531bf0b2,data/datasets/sid-set/candidate-1500/images/fake/be34c6c6be47d183ee322a2dfa7f8ba7e2798bdb56d15e18af2bce57531bf0b2.png,low,1,0.9510459899902344
be5cd04fe936da1ecd2c8d010d0d524bfb27b363f21c131fb2db45d2ad7c8d08,data/datasets/openfake/additional-900/images/fake/be5cd04fe936da1ecd2c8d010d0d524bfb27b363f21c131fb2db45d2ad7c8d08.png,medium,1,0.99913090467453
be62b4dec746e798b332c77f65f7022abc7f283c8d59eea729255bf4653e32e5,data/datasets/openfake/additional-900/images/real/be62b4dec746e798b332c77f65f7022abc7f283c8d59eea729255bf4653e32e5.jpg,medium,0,0.08923154324293137
be6559890cc95c081e87d1205248fa045cbf7f6f55d6ba16880d17d8f99f68c2,data/datasets/sid-set/candidate-1500/images/fake/be6559890cc95c081e87d1205248fa045cbf7f6f55d6ba16880d17d8f99f68c2.png,medium,1,0.9821400046348572
be65741ad4879e310a643b4e17c0d9e34a4826fa49543cdada6a69bf635c9cb4,data/datasets/openfake/additional-900/images/fake/be65741ad4879e310a643b4e17c0d9e34a4826fa49543cdada6a69bf635c9cb4.jpg,medium,1,0.9307624101638794
be6c4b269eb70b11fbb8acdf66179d54ce1172341cceb727d5fbe105e1e0f71c,data/datasets/sid-set/candidate-1500/images/fake/be6c4b269eb70b11fbb8acdf66179d54ce1172341cceb727d5fbe105e1e0f71c.png,low,1,0.9840784072875977
be91ff23e3eda77d35510cd8754c57d6d2437611e18e7bb561e6d343fd9398a6,data/datasets/openfake/additional-900/images/fake/be91ff23e3eda77d35510cd8754c57d6d2437611e18e7bb561e6d343fd9398a6.png,medium,1,0.9757551550865173
be988cd479aecc49a4d8c248cd296c20ab8fa74b711fe95de0eeab1078e9af48,data/datasets/openfake/additional-900/images/fake/be988cd479aecc49a4d8c248cd296c20ab8fa74b711fe95de0eeab1078e9af48.png,medium,1,0.318083256483078
bebbb0ed484c4826be2d28370b8d0ae0f525f7d321432655d09f71c881f80b1f,data/datasets/sid-set/candidate-1500/images/fake/bebbb0ed484c4826be2d28370b8d0ae0f525f7d321432655d09f71c881f80b1f.png,medium,1,0.997369647026062
bee7dc93465c29e715914999fcae336458da2f66f6504f2281b1c961ca9215d0,data/datasets/sid-set/candidate-1500/images/real/bee7dc93465c29e715914999fcae336458da2f66f6504f2281b1c961ca9215d0.jpg,medium,0,0.025815390050411224
beea8e894360787abaf73d0cadfb6848de6a6f9ff87bc0e2b1923f0c5ab9f961,data/datasets/sid-set/candidate-1500/images/fake/beea8e894360787abaf73d0cadfb6848de6a6f9ff87bc0e2b1923f0c5ab9f961.png,medium,1,0.9761146306991577
bf2c410656b72a6f72eef3dded9557faca8d1d16467ade85fadf03ca29abdf95,data/datasets/openfake/pilot-600/images/fake/bf2c410656b72a6f72eef3dded9557faca8d1d16467ade85fadf03ca29abdf95.jpg,low,1,0.17382007837295532
bf479e0750e5e3369d9ac474cf7368fb4205801e25e9a71c59230965f56b34f1,data/datasets/sid-set/candidate-1500/images/real/bf479e0750e5e3369d9ac474cf7368fb4205801e25e9a71c59230965f56b34f1.jpg,low,0,0.15768694877624512
bf4d8af134119a4750e50544cf68d72e4c66aadfb35ea71b230f8ea6e01f9b25,data/datasets/openfake/additional-900/images/real/bf4d8af134119a4750e50544cf68d72e4c66aadfb35ea71b230f8ea6e01f9b25.jpg,medium,0,0.00043972261482849717
bf7158fbc8504a51a0cf1eb2119bae19382876dffa77ad331e68c5d48d4452f5,data/datasets/openfake/pilot-600/images/fake/bf7158fbc8504a51a0cf1eb2119bae19382876dffa77ad331e68c5d48d4452f5.png,medium,1,0.8576457500457764
bfaa53851851278f837759061694f04d8c570b3c35356765ec8704f3c5b53872,data/datasets/sid-set/candidate-1500/images/real/bfaa53851851278f837759061694f04d8c570b3c35356765ec8704f3c5b53872.jpg,medium,0,0.0012280961964279413
bfc461f7064e5d49fd47f7972efbe58b71c08180f05e84a73382e192795e7427,data/datasets/sid-set/candidate-1500/images/fake/bfc461f7064e5d49fd47f7972efbe58b71c08180f05e84a73382e192795e7427.png,low,1,0.9695713520050049
bfe0b68fd64d6e09a426723e5afbe41daa299667683bc5b31fc107b834917261,data/datasets/openfake/additional-900/images/fake/bfe0b68fd64d6e09a426723e5afbe41daa299667683bc5b31fc107b834917261.png,medium,1,0.6823793649673462
c01a372863adec6660e76540c55d88df25016129fcdbc0e2d25933b448113d57,data/datasets/sid-set/candidate-1500/images/fake/c01a372863adec6660e76540c55d88df25016129fcdbc0e2d25933b448113d57.png,low,1,0.9947829842567444
c0212e9c8debbea83b722aad31b07e7b37ebeea63f8679f9069093eee4882926,data/datasets/openfake/additional-900/images/real/c0212e9c8debbea83b722aad31b07e7b37ebeea63f8679f9069093eee4882926.jpg,medium,0,0.896533191204071
c04dbf031d6ba7e732a54018913c1bf4c3f1309bf8f847dcbc742e4b7746400c,data/datasets/sid-set/candidate-1500/images/fake/c04dbf031d6ba7e732a54018913c1bf4c3f1309bf8f847dcbc742e4b7746400c.png,medium,1,0.5024598836898804
c04f18dc04acdd6020734bbe9b6ac6d87e2748c07d07951246403d67fe8521dc,data/datasets/sid-set/candidate-1500/images/fake/c04f18dc04acdd6020734bbe9b6ac6d87e2748c07d07951246403d67fe8521dc.png,low,1,0.9111889600753784
c0ab53548738fac7149f354f7a71c8a4cde536b7cdeac9a67e8839743d1bdab2,data/datasets/openfake/additional-900/images/fake/c0ab53548738fac7149f354f7a71c8a4cde536b7cdeac9a67e8839743d1bdab2.png,medium,1,0.9911243319511414
c0ac1d2f4088996987044051675b54b64faa707f2835c88bfa154c13043e9177,data/datasets/sid-set/candidate-1500/images/real/c0ac1d2f4088996987044051675b54b64faa707f2835c88bfa154c13043e9177.jpg,medium,0,0.00012306416465435177
c0aeaea780d08d61a1370a38183a9c2af20c75058e6953b56745cf7a81037cc9,data/datasets/sid-set/candidate-1500/images/fake/c0aeaea780d08d61a1370a38183a9c2af20c75058e6953b56745cf7a81037cc9.png,medium,1,0.957073450088501
c0dbb5500c450e2b2bcd8d25199a0dffbc05efdd575b854d7f52f001f02529c4,data/datasets/openfake/additional-900/images/real/c0dbb5500c450e2b2bcd8d25199a0dffbc05efdd575b854d7f52f001f02529c4.png,medium,0,0.8710803985595703
c0e262a672e0a0c2c137f9d10d8f53f7612f6025d52fa891503c44b37785ccc8,data/datasets/openfake/additional-900/images/real/c0e262a672e0a0c2c137f9d10d8f53f7612f6025d52fa891503c44b37785ccc8.jpg,medium,0,0.5209325551986694
c0e8d32b583aa36daeb127a5752ed47d4b659bfa3ead216ffee3a6a250be3b80,data/datasets/openfake/additional-900/images/fake/c0e8d32b583aa36daeb127a5752ed47d4b659bfa3ead216ffee3a6a250be3b80.png,medium,1,0.9938886165618896
c0fad5fdca887ef09f266aeea70280f5f5cf2750d4e7e865e010635ad58561c2,data/datasets/openfake/additional-900/images/real/c0fad5fdca887ef09f266aeea70280f5f5cf2750d4e7e865e010635ad58561c2.jpg,medium,0,0.6647831201553345
c116943008bb238fec864df6686d5b0420e2bc4fdb2814906ee727a70eb2f37e,data/datasets/openfake/additional-900/images/real/c116943008bb238fec864df6686d5b0420e2bc4fdb2814906ee727a70eb2f37e.jpg,medium,0,0.0003943319316022098
c127980528b84ff9062c102dcb7cf9b337c5a910a2bde3b1ba4231afcee5186c,data/datasets/openfake/pilot-600/images/real/c127980528b84ff9062c102dcb7cf9b337c5a910a2bde3b1ba4231afcee5186c.jpg,medium,0,0.5868578553199768
c1336bc2190d26a4f45b33f607626eac3f0d8ae6be907c08b7b04361191d0e02,data/datasets/openfake/additional-900/images/fake/c1336bc2190d26a4f45b33f607626eac3f0d8ae6be907c08b7b04361191d0e02.jpg,medium,1,0.9309437274932861
c14a0f44a6cfb67a9d4aab110d2fcbe3ea38c17035d88f4514d3a8256beac8fa,data/datasets/openfake/additional-900/images/real/c14a0f44a6cfb67a9d4aab110d2fcbe3ea38c17035d88f4514d3a8256beac8fa.jpg,low,0,0.0184037946164608
c19b23bf7c8b665d6298a945dd7f72d389df6d14fdb822ea880b9f2f35f4ea53,data/datasets/sid-set/candidate-1500/images/fake/c19b23bf7c8b665d6298a945dd7f72d389df6d14fdb822ea880b9f2f35f4ea53.png,low,1,0.9971767663955688
c19e9262271c6d71522d698cf9e29dcf3a0368c05df61c760717707869c9718e,data/datasets/sid-set/candidate-1500/images/fake/c19e9262271c6d71522d698cf9e29dcf3a0368c05df61c760717707869c9718e.png,low,1,0.7421836853027344
c1b3987289afa0622c55c045ea4647403619dfc067ccf01cc1798bb9fc6b606f,data/datasets/openfake/additional-900/images/fake/c1b3987289afa0622c55c045ea4647403619dfc067ccf01cc1798bb9fc6b606f.png,low,1,0.10605703294277191
c209e1896104d85f4453ec045d05e47e15e6762106b49c85514fbe8b331ec317,data/datasets/sid-set/candidate-1500/images/fake/c209e1896104d85f4453ec045d05e47e15e6762106b49c85514fbe8b331ec317.png,low,1,0.8905395269393921
c226728be829310c07e8419204fa4541cbb832388d622eb8e2e6e4f9452b8fc7,data/datasets/sid-set/candidate-1500/images/fake/c226728be829310c07e8419204fa4541cbb832388d622eb8e2e6e4f9452b8fc7.png,medium,1,0.971373975276947
c24f4fd4fc9477b64ac446a66eb58d304493d368ae55cfee0b29333a57850e21,data/datasets/openfake/additional-900/images/real/c24f4fd4fc9477b64ac446a66eb58d304493d368ae55cfee0b29333a57850e21.jpg,medium,0,0.0002195217675762251
c26de6b94b71f06cbb3cc38b4256555cc1519d1779b19ede5a65fe169d5bfe80,data/datasets/openfake/additional-900/images/fake/c26de6b94b71f06cbb3cc38b4256555cc1519d1779b19ede5a65fe169d5bfe80.png,low,1,0.7909860014915466
c27fbaa7f75648c42fd28f8b7a3cd2f1a58ad107aa454be774a412b9fc08f271,data/datasets/openfake/additional-900/images/real/c27fbaa7f75648c42fd28f8b7a3cd2f1a58ad107aa454be774a412b9fc08f271.jpg,low,0,0.0005936376983299851
c2881379492dd71284ac4b63a8d3c629baa2b448c2c9359b65063d36490e1f3a,data/datasets/sid-set/candidate-1500/images/fake/c2881379492dd71284ac4b63a8d3c629baa2b448c2c9359b65063d36490e1f3a.png,medium,1,0.9580504298210144
c288843167ffc486da7871707c498ef7ad73ad1ff2f253c4a08fd0d9c1fbcad2,data/datasets/sid-set/candidate-1500/images/real/c288843167ffc486da7871707c498ef7ad73ad1ff2f253c4a08fd0d9c1fbcad2.jpg,medium,0,0.8974133133888245
c290c2eda4e0d1928ee30762b52be5d5147c99e2769b1fadaa1050ce032d8eab,data/datasets/sid-set/candidate-1500/images/real/c290c2eda4e0d1928ee30762b52be5d5147c99e2769b1fadaa1050ce032d8eab.jpg,medium,0,0.026839211583137512
c2ba6eb09c72ba71f906b83595c542516c6b6468b6c6ecadd0048bca9010f5e9,data/datasets/openfake/additional-900/images/fake/c2ba6eb09c72ba71f906b83595c542516c6b6468b6c6ecadd0048bca9010f5e9.png,medium,1,0.9380438327789307
c2c4932409d5de05817e9ebb8f0868b4ba886a83a7caa06e755d9dc9f43b9c9c,data/datasets/openfake/additional-900/images/real/c2c4932409d5de05817e9ebb8f0868b4ba886a83a7caa06e755d9dc9f43b9c9c.jpg,medium,0,0.005910398904234171
c2cacb13de428d2bb19d3ea532788f2154624dd5a5876d960cb9e8c21f002e8b,data/datasets/openfake/additional-900/images/real/c2cacb13de428d2bb19d3ea532788f2154624dd5a5876d960cb9e8c21f002e8b.jpg,medium,0,0.8289108872413635
c2e054511cd19df6eb6165955c23a7bea9ca062e962c1fc660c5abde0a4610c5,data/datasets/openfake/additional-900/images/fake/c2e054511cd19df6eb6165955c23a7bea9ca062e962c1fc660c5abde0a4610c5.png,medium,1,0.7932960987091064
c2e8417242aefcba4f35ca5cc77090d74b8dfd00d9f17e49e776889f2a7ea5a0,data/datasets/openfake/additional-900/images/real/c2e8417242aefcba4f35ca5cc77090d74b8dfd00d9f17e49e776889f2a7ea5a0.jpg,medium,0,0.005614813417196274
c2eca65f9826788693ad9f27c4c4ce9b80284f53a460271705d43a4f07b878f3,data/datasets/openfake/additional-900/images/fake/c2eca65f9826788693ad9f27c4c4ce9b80284f53a460271705d43a4f07b878f3.png,medium,1,0.9407763481140137
c3034badca77ee689d9f79b5a9324235e0dd7da6ae147d16bc01156244efe917,data/datasets/sid-set/candidate-1500/images/real/c3034badca77ee689d9f79b5a9324235e0dd7da6ae147d16bc01156244efe917.jpg,medium,0,0.025249382480978966
c3321c44980ac1eb4861d67763ab0de9594eb2b4a43ba346bac3a86077102dcf,data/datasets/sid-set/candidate-1500/images/fake/c3321c44980ac1eb4861d67763ab0de9594eb2b4a43ba346bac3a86077102dcf.png,medium,1,0.9521095752716064
c34b6a4214085bff23ec4c00d23ccd8b6a4ecb285c06c529c678efd8beb54680,data/datasets/openfake/additional-900/images/real/c34b6a4214085bff23ec4c00d23ccd8b6a4ecb285c06c529c678efd8beb54680.jpg,medium,0,5.4514890507562086e-05
c3547d5d3389266a9e52cdee97d7cb5d10592b539e0c40bfa95837bff6f38cb9,data/datasets/sid-set/candidate-1500/images/real/c3547d5d3389266a9e52cdee97d7cb5d10592b539e0c40bfa95837bff6f38cb9.jpg,medium,0,0.8357210159301758
c35a9cbf6b7f7d385049de9c5df0f48b6dc3b209d983bc36686cfe4c66bebf4e,data/datasets/openfake/additional-900/images/real/c35a9cbf6b7f7d385049de9c5df0f48b6dc3b209d983bc36686cfe4c66bebf4e.jpg,medium,0,0.8736889958381653
c35ff2c605a4ef1f11ab52198ace902cf95f69ecfc1133b36801bd82ba8dd153,data/datasets/openfake/additional-900/images/fake/c35ff2c605a4ef1f11ab52198ace902cf95f69ecfc1133b36801bd82ba8dd153.png,medium,1,0.8476309180259705
c3600adea783e307d21c75c19bc94d7b55fd11444f296aac1e5514161f097bf3,data/datasets/sid-set/candidate-1500/images/real/c3600adea783e307d21c75c19bc94d7b55fd11444f296aac1e5514161f097bf3.jpg,medium,0,0.023394940420985222
c36f1c377c4fa2714ad152a8175f4209c33312af4c9e8c83c5297a95e32d3f6c,data/datasets/sid-set/candidate-1500/images/fake/c36f1c377c4fa2714ad152a8175f4209c33312af4c9e8c83c5297a95e32d3f6c.png,low,1,0.9950494170188904
c36f4ee06c886656386fe378b51f7d5e9045b3e0a5e7e236c911e715c1fe39b5,data/datasets/sid-set/candidate-1500/images/real/c36f4ee06c886656386fe378b51f7d5e9045b3e0a5e7e236c911e715c1fe39b5.jpg,low,0,0.6814476251602173
c3996a8faa03d6bdc27ef148911f0f8ea58e60f62e91057c165e76b2454683a0,data/datasets/sid-set/candidate-1500/images/real/c3996a8faa03d6bdc27ef148911f0f8ea58e60f62e91057c165e76b2454683a0.jpg,low,0,0.9264430999755859
c3b15dd0213564889cf6dc0503b0a22c76b42ea98572550f3cb69f6cbe1ddca2,data/datasets/sid-set/candidate-1500/images/real/c3b15dd0213564889cf6dc0503b0a22c76b42ea98572550f3cb69f6cbe1ddca2.jpg,low,0,0.6432979702949524
c3f8209a71f2a5a7632d98cfe19bd27f5315cee4e0f182eb28e33cd439460aa5,data/datasets/sid-set/candidate-1500/images/real/c3f8209a71f2a5a7632d98cfe19bd27f5315cee4e0f182eb28e33cd439460aa5.jpg,high,0,0.035939931869506836
c415f91fa599171187377580d8f8d922f1f9709634e88f113391ed9581758e44,data/datasets/sid-set/candidate-1500/images/real/c415f91fa599171187377580d8f8d922f1f9709634e88f113391ed9581758e44.jpg,medium,0,0.9700288772583008
c452c4c44051976b61638dd611e2e510c7295448f5becb17bbb847d2d2b31538,data/datasets/openfake/additional-900/images/fake/c452c4c44051976b61638dd611e2e510c7295448f5becb17bbb847d2d2b31538.png,medium,1,0.9744354486465454
c4556a8deefe7001d27544fc113c3ce28d886d2c763fa73497e23736bb7dc8f3,data/datasets/openfake/additional-900/images/fake/c4556a8deefe7001d27544fc113c3ce28d886d2c763fa73497e23736bb7dc8f3.png,low,1,0.9946927428245544
c45e9156798d4a69e7d70cc43f8e9bf0bfe01be4353b5929a02fc77c00a65e17,data/datasets/sid-set/candidate-1500/images/real/c45e9156798d4a69e7d70cc43f8e9bf0bfe01be4353b5929a02fc77c00a65e17.jpg,medium,0,0.0021100149024277925
c465d898451fdb9744c561c0889eb9b438c4fa94959bcf6f954d3c05b306cd56,data/datasets/openfake/additional-900/images/real/c465d898451fdb9744c561c0889eb9b438c4fa94959bcf6f954d3c05b306cd56.jpg,low,0,0.8639137148857117
c488561e5176c63ed3c7d1097da0b024c917b99241a91e53f9e05d17b31e5590,data/datasets/sid-set/candidate-1500/images/fake/c488561e5176c63ed3c7d1097da0b024c917b99241a91e53f9e05d17b31e5590.png,low,1,0.9834399223327637
c4b04c578c6b8a89e4a135d73f0f69ed2fba0787c97b6692279044737196055c,data/datasets/sid-set/candidate-1500/images/real/c4b04c578c6b8a89e4a135d73f0f69ed2fba0787c97b6692279044737196055c.jpg,medium,0,0.014630868099629879
c4bd6f92cac183d61bbec7029ee3ddce84d3bf567c8196541f2b3e494bc6262f,data/datasets/sid-set/candidate-1500/images/fake/c4bd6f92cac183d61bbec7029ee3ddce84d3bf567c8196541f2b3e494bc6262f.png,low,1,0.9557885527610779
c4d041945a82db302fced4b4b064358d1ea2cf1d686bddc7ba2c342b3d3aae1f,data/datasets/openfake/pilot-600/images/real/c4d041945a82db302fced4b4b064358d1ea2cf1d686bddc7ba2c342b3d3aae1f.jpg,medium,0,2.7130578018841334e-05
c511ba529b3d730b3d90a3866f9840f9889ce2a1183f3398a257ef660a8cb688,data/datasets/sid-set/candidate-1500/images/real/c511ba529b3d730b3d90a3866f9840f9889ce2a1183f3398a257ef660a8cb688.jpg,medium,0,0.04921000823378563
c521d38bf560a5f19b842c7f4d80e3486e2d5f99977b44e736b23fddf7cef42a,data/datasets/openfake/additional-900/images/fake/c521d38bf560a5f19b842c7f4d80e3486e2d5f99977b44e736b23fddf7cef42a.png,medium,1,0.9703530669212341
c547cb0581de3361818ace4aab810a05fb1273992a78fed349eaf501bf4f4137,data/datasets/openfake/pilot-600/images/real/c547cb0581de3361818ace4aab810a05fb1273992a78fed349eaf501bf4f4137.jpg,low,0,0.0015733990585431457
c58e4e720db32e84506c507757ab223bfdb2a5ff7cff405049d764c1bba9dadd,data/datasets/openfake/additional-900/images/real/c58e4e720db32e84506c507757ab223bfdb2a5ff7cff405049d764c1bba9dadd.jpg,low,0,0.15682478249073029
c5a3eaa6665a95f6bfaacdae124b8c1581adb5d46b9e81efe81c136e04c3ec44,data/datasets/openfake/additional-900/images/fake/c5a3eaa6665a95f6bfaacdae124b8c1581adb5d46b9e81efe81c136e04c3ec44.png,medium,1,0.9727986454963684
c5acc4c0d20d4c574674bc76ab9a2ce1d2da0cbc5d0cb3f18debb28d493360b6,data/datasets/openfake/pilot-600/images/real/c5acc4c0d20d4c574674bc76ab9a2ce1d2da0cbc5d0cb3f18debb28d493360b6.jpg,low,0,0.6601792573928833
c5b00e14eb9bd2e8d1107f945298e17d4913731800fbdba1e3d29e890ce37af0,data/datasets/sid-set/candidate-1500/images/fake/c5b00e14eb9bd2e8d1107f945298e17d4913731800fbdba1e3d29e890ce37af0.png,low,1,0.9893931150436401
c5b60bff36a159885d17f1a589a775763883b8f49126b88f5ad6ac86f6514565,data/datasets/openfake/additional-900/images/fake/c5b60bff36a159885d17f1a589a775763883b8f49126b88f5ad6ac86f6514565.png,medium,1,0.9994745850563049
c5c443056171b8db68e2d7a2383ecf4bf834d115cdb977cdd55f71c4b57b48bd,data/datasets/sid-set/candidate-1500/images/real/c5c443056171b8db68e2d7a2383ecf4bf834d115cdb977cdd55f71c4b57b48bd.jpg,medium,0,0.7776137590408325
c5cecca0bbd71422ad42e3462031c0b2b1956cb1ace18ab3407faf4587f03556,data/datasets/openfake/additional-900/images/real/c5cecca0bbd71422ad42e3462031c0b2b1956cb1ace18ab3407faf4587f03556.jpg,medium,0,0.12754417955875397
c5cfef6696e2d86c5915ade008acd3d9dbdc4790262a7dac73ef00e00e5a1f1d,data/datasets/openfake/additional-900/images/fake/c5cfef6696e2d86c5915ade008acd3d9dbdc4790262a7dac73ef00e00e5a1f1d.png,medium,1,0.9983073472976685
c5e4daa0c50f9a7f6bca93abde9ec3e3fa3d106580385e570ad3e7dcb7079938,data/datasets/openfake/additional-900/images/real/c5e4daa0c50f9a7f6bca93abde9ec3e3fa3d106580385e570ad3e7dcb7079938.jpg,medium,0,0.08053650707006454
c5e60e4bb13c3c07e499363a9b60c95aadde339208dad28b85d2231c7f883503,data/datasets/openfake/additional-900/images/fake/c5e60e4bb13c3c07e499363a9b60c95aadde339208dad28b85d2231c7f883503.png,medium,1,0.34644070267677307
c5ed894b3b242fd40d06fce3f152fbe4c7d1944c023045736d0226bf4e012ef7,data/datasets/openfake/additional-900/images/fake/c5ed894b3b242fd40d06fce3f152fbe4c7d1944c023045736d0226bf4e012ef7.png,medium,1,0.9942415952682495
c621ef3b295de16d6587c16fa5e3a1177afee1b09afe9b866a5c7dbd58ecb058,data/datasets/openfake/additional-900/images/real/c621ef3b295de16d6587c16fa5e3a1177afee1b09afe9b866a5c7dbd58ecb058.jpg,medium,0,0.0064011188223958015
c63e4900752cd8f9f97d1452ff335fe0cabe7dea551947edd2dd7019468b21a5,data/datasets/sid-set/candidate-1500/images/fake/c63e4900752cd8f9f97d1452ff335fe0cabe7dea551947edd2dd7019468b21a5.png,low,1,0.9897909760475159
c644e665dac13a3df989d9e1eab41a3391c68331d70d231e01ac7678d1ad2788,data/datasets/sid-set/candidate-1500/images/fake/c644e665dac13a3df989d9e1eab41a3391c68331d70d231e01ac7678d1ad2788.png,low,1,0.9949278831481934
c661aa408c18fe45635909cef13019f38480e081c74574a95b8a225cd87cdeca,data/datasets/openfake/additional-900/images/real/c661aa408c18fe45635909cef13019f38480e081c74574a95b8a225cd87cdeca.jpg,high,0,0.040575847029685974
c67d5588da0bfef73e8d35fd1cc41d9f798902c76190185b2446de322a605d92,data/datasets/openfake/additional-900/images/real/c67d5588da0bfef73e8d35fd1cc41d9f798902c76190185b2446de322a605d92.jpg,medium,0,0.10091283917427063
c6e55ba096ddfd3f4509e9e5566ac92bf3afbedd2883fab82f04df85cad13140,data/datasets/openfake/pilot-600/images/fake/c6e55ba096ddfd3f4509e9e5566ac92bf3afbedd2883fab82f04df85cad13140.jpg,medium,1,0.2980167269706726
c728f3c362ee778c77adc28dff496300e2a9d37ccbb8c2bd41e88985f14c4b82,data/datasets/openfake/additional-900/images/fake/c728f3c362ee778c77adc28dff496300e2a9d37ccbb8c2bd41e88985f14c4b82.jpg,medium,1,0.9843387007713318
c760660d3874012c7a63ac17a3d6983f39d197ef49150ede213555b3cd1b0a42,data/datasets/openfake/pilot-600/images/fake/c760660d3874012c7a63ac17a3d6983f39d197ef49150ede213555b3cd1b0a42.png,medium,1,0.9945688247680664
c775e443b47a3098db7cdb501bde72165ee9b69e84250f50236c5f2285317350,data/datasets/sid-set/candidate-1500/images/fake/c775e443b47a3098db7cdb501bde72165ee9b69e84250f50236c5f2285317350.png,medium,1,0.9818100929260254
c7762be57fc093f4daf9aa7d687c08362c2a61794fe9c03d1bd96603290ae689,data/datasets/openfake/pilot-600/images/real/c7762be57fc093f4daf9aa7d687c08362c2a61794fe9c03d1bd96603290ae689.jpg,low,0,0.9518126845359802
c78dbccb820bde781f9aaeea6a9e19e9d22ffb2d182460fdc4c28cfe5810bc0e,data/datasets/sid-set/candidate-1500/images/fake/c78dbccb820bde781f9aaeea6a9e19e9d22ffb2d182460fdc4c28cfe5810bc0e.png,medium,1,0.9389566779136658
c7ae950025c33e5cf3faa8741e7237f4868205a0dbb3a71ff9be6d593b26e9c8,data/datasets/sid-set/candidate-1500/images/real/c7ae950025c33e5cf3faa8741e7237f4868205a0dbb3a71ff9be6d593b26e9c8.jpg,low,0,0.9638053178787231
c7baedfc6decc5c7629e579fd63cf2fb34368602ce69a8566acbfea163f3ccea,data/datasets/sid-set/candidate-1500/images/fake/c7baedfc6decc5c7629e579fd63cf2fb34368602ce69a8566acbfea163f3ccea.png,low,1,0.9944167137145996
c7c9c82a975acb63270425ba3849174bcf1676ec068ca905472443a5aae945ff,data/datasets/sid-set/candidate-1500/images/fake/c7c9c82a975acb63270425ba3849174bcf1676ec068ca905472443a5aae945ff.png,low,1,0.8639014959335327
c7d05466f4948689f58add2b702fa94f7f3991b247baa63259ce6bf0e8eef4ea,data/datasets/openfake/pilot-600/images/fake/c7d05466f4948689f58add2b702fa94f7f3991b247baa63259ce6bf0e8eef4ea.png,medium,1,0.8348259925842285
c7d495a1e9317f1026fcdc1c9093d1df3f0872ee71fb0d61d81ff8a590f87dd7,data/datasets/openfake/additional-900/images/real/c7d495a1e9317f1026fcdc1c9093d1df3f0872ee71fb0d61d81ff8a590f87dd7.jpg,low,0,0.05096729099750519
c7ff2cac7c2c5b732923ec4ec260ef297d903932fd59de86b3ec0fc0cbf23fda,data/datasets/sid-set/candidate-1500/images/real/c7ff2cac7c2c5b732923ec4ec260ef297d903932fd59de86b3ec0fc0cbf23fda.jpg,low,0,0.3746238648891449
c81cdf27e85e5c03d178bb480ab1c7872a09b1ece9aac4aa72f57bea2028538f,data/datasets/sid-set/candidate-1500/images/real/c81cdf27e85e5c03d178bb480ab1c7872a09b1ece9aac4aa72f57bea2028538f.jpg,medium,0,0.19809240102767944
c836b3a1b26e5af75b24ca7533e570e65c2f9bba68a3ac3f333f18ad0373917a,data/datasets/sid-set/candidate-1500/images/fake/c836b3a1b26e5af75b24ca7533e570e65c2f9bba68a3ac3f333f18ad0373917a.png,low,1,0.9703246355056763
c83be7685dc905119ef9aebcb9fc4b86c665ea3b8c56b0423e821d38c543a7b9,data/datasets/sid-set/candidate-1500/images/real/c83be7685dc905119ef9aebcb9fc4b86c665ea3b8c56b0423e821d38c543a7b9.jpg,low,0,0.32252004742622375
c83d379bfde60afc721f797105c13c98a1a10c5395c1e8cd6b4d15a31ed9d05e,data/datasets/openfake/additional-900/images/fake/c83d379bfde60afc721f797105c13c98a1a10c5395c1e8cd6b4d15a31ed9d05e.jpg,medium,1,0.2311335951089859
c83ebc09d184186661b731e667f0bcd9095c3044cfd1bffa79a21c4144cd4f47,data/datasets/sid-set/candidate-1500/images/fake/c83ebc09d184186661b731e667f0bcd9095c3044cfd1bffa79a21c4144cd4f47.png,medium,1,0.9356442093849182
c846ae866d667416b1596b947cade400c68941cfc515c7b663d832d38bd40419,data/datasets/sid-set/candidate-1500/images/real/c846ae866d667416b1596b947cade400c68941cfc515c7b663d832d38bd40419.jpg,low,0,0.14143307507038116
c84e5992d558a4d25f05995c5763725a508923a6b96e15cd2e197c93edbdc1c2,data/datasets/sid-set/candidate-1500/images/real/c84e5992d558a4d25f05995c5763725a508923a6b96e15cd2e197c93edbdc1c2.jpg,low,0,0.006388399749994278
c85157e5de0391c815056bf9a9919751d79c91ed57f718b087daaeb1088eba8f,data/datasets/sid-set/candidate-1500/images/real/c85157e5de0391c815056bf9a9919751d79c91ed57f718b087daaeb1088eba8f.jpg,medium,0,0.13711921870708466
c87fe0223ed4a9289e3094af7904de124cad56f14af49a5c619bda099a535bcd,data/datasets/sid-set/candidate-1500/images/real/c87fe0223ed4a9289e3094af7904de124cad56f14af49a5c619bda099a535bcd.jpg,medium,0,0.01959686540067196
c88d725a580041337e27148929c3a548145987224429641bb8435836a5b5944b,data/datasets/sid-set/candidate-1500/images/real/c88d725a580041337e27148929c3a548145987224429641bb8435836a5b5944b.jpg,medium,0,0.9764887690544128
c8907fe48a7bac5520e0310da22c546f622ac3a30f95f7b1851a7ee2fd352a56,data/datasets/openfake/additional-900/images/real/c8907fe48a7bac5520e0310da22c546f622ac3a30f95f7b1851a7ee2fd352a56.png,medium,0,0.06919872015714645
c898469bff552eb4c3b26e6aea58fba2febb9ad00b013f6785f8a3da6662929f,data/datasets/sid-set/candidate-1500/images/real/c898469bff552eb4c3b26e6aea58fba2febb9ad00b013f6785f8a3da6662929f.jpg,medium,0,0.21099920570850372
c8fb068bda13b7001df93d1e0411fad895cc6f4f5603a5ed0ee2e978672d9457,data/datasets/sid-set/candidate-1500/images/fake/c8fb068bda13b7001df93d1e0411fad895cc6f4f5603a5ed0ee2e978672d9457.png,high,1,0.9359474778175354
c909e7c8be0cd5c92f839208f2ca0925d73b46cb16de09271c19b4a940ee4f7d,data/datasets/sid-set/candidate-1500/images/fake/c909e7c8be0cd5c92f839208f2ca0925d73b46cb16de09271c19b4a940ee4f7d.png,medium,1,0.9820350408554077
c918725cd3a4796deb191bd8f590b314952e40348fc53ad0ba019dd42e9920b9,data/datasets/openfake/pilot-600/images/real/c918725cd3a4796deb191bd8f590b314952e40348fc53ad0ba019dd42e9920b9.jpg,medium,0,0.3995172381401062
c9458878b2459e12c6c8ad350b95764a8ff15c1fa847c98ce06897a2d7b9f2ff,data/datasets/sid-set/candidate-1500/images/real/c9458878b2459e12c6c8ad350b95764a8ff15c1fa847c98ce06897a2d7b9f2ff.jpg,medium,0,0.03651710972189903
c95023c1aeb6ded3781f8484cf6bfd4590be8bea035807ed5b00c1482f3efaba,data/datasets/openfake/additional-900/images/real/c95023c1aeb6ded3781f8484cf6bfd4590be8bea035807ed5b00c1482f3efaba.jpg,low,0,0.0005571870715357363
c95fe7ee4d41efc2181eaa4c166d631cc539403b6ba0cffa51fbea58f5800060,data/datasets/sid-set/candidate-1500/images/real/c95fe7ee4d41efc2181eaa4c166d631cc539403b6ba0cffa51fbea58f5800060.jpg,low,0,0.0015215912135317922
c970f2345461bbca047be3f8d7f6d67ce013b9707d91008bf6e50080a57f97eb,data/datasets/openfake/pilot-600/images/real/c970f2345461bbca047be3f8d7f6d67ce013b9707d91008bf6e50080a57f97eb.jpg,high,0,0.0014531188644468784
c971689c1b870d12c9dc74b20a83419ba5a0ddc2de03c5f6afb48af5e502f5a6,data/datasets/sid-set/candidate-1500/images/real/c971689c1b870d12c9dc74b20a83419ba5a0ddc2de03c5f6afb48af5e502f5a6.jpg,medium,0,0.052203137427568436
c9738d7d2ccdd0a7a9f3df6477f83058fd5c2a46b50b46a5cd72ba1be2d208bc,data/datasets/sid-set/candidate-1500/images/real/c9738d7d2ccdd0a7a9f3df6477f83058fd5c2a46b50b46a5cd72ba1be2d208bc.jpg,medium,0,0.2687566578388214
c986e249b579192a6f753205ab530e701908d8b3c90573534cacaa90be4d616f,data/datasets/sid-set/candidate-1500/images/real/c986e249b579192a6f753205ab530e701908d8b3c90573534cacaa90be4d616f.jpg,low,0,0.9478805065155029
c992117752f71da1657bd9b2c35ff7493c385dca41631d1f10331a1978aee365,data/datasets/openfake/additional-900/images/real/c992117752f71da1657bd9b2c35ff7493c385dca41631d1f10331a1978aee365.jpg,low,0,0.5547224283218384
c995b0fcd9b16584ac2578fabcc0abf4116334afce2dfff662a58ca840f7c125,data/datasets/openfake/additional-900/images/fake/c995b0fcd9b16584ac2578fabcc0abf4116334afce2dfff662a58ca840f7c125.png,medium,1,0.4406401216983795
c9bba1210c7bb1755c83cb468d3624b4a047b1f535a305afba921bd9b19eda6e,data/datasets/openfake/additional-900/images/fake/c9bba1210c7bb1755c83cb468d3624b4a047b1f535a305afba921bd9b19eda6e.png,medium,1,0.02535948157310486
c9cb697c68d65a32e8dd0c7b19c6f0ab6c1112426d8a12eb2307794dac708e19,data/datasets/sid-set/candidate-1500/images/fake/c9cb697c68d65a32e8dd0c7b19c6f0ab6c1112426d8a12eb2307794dac708e19.png,low,1,0.9831998348236084
c9cca6efd78d722b5c4e4a8c836e7121c40b6e95752ce9f0caf8e2efe7c0800f,data/datasets/sid-set/candidate-1500/images/fake/c9cca6efd78d722b5c4e4a8c836e7121c40b6e95752ce9f0caf8e2efe7c0800f.png,low,1,0.9421529769897461
c9ef7ea1700260f8ed01e76a0a702ef7715198dd4ea90a7c0d17173b9ab46953,data/datasets/openfake/additional-900/images/real/c9ef7ea1700260f8ed01e76a0a702ef7715198dd4ea90a7c0d17173b9ab46953.jpg,medium,0,0.13669782876968384
c9f76e46d3d8995487a68f39960d76eda4d170c805a99da82245ac9c6c00bd76,data/datasets/openfake/pilot-600/images/real/c9f76e46d3d8995487a68f39960d76eda4d170c805a99da82245ac9c6c00bd76.jpg,medium,0,0.22415456175804138
ca075da5b1f6a27b7dd3135eb18af59a1dad689186791517380f8db3670edd57,data/datasets/sid-set/candidate-1500/images/fake/ca075da5b1f6a27b7dd3135eb18af59a1dad689186791517380f8db3670edd57.png,low,1,0.9506670236587524
ca202ce83730c4484a9d3909d34371ec8767a3db93e5ea3b92d922fc2160fda1,data/datasets/sid-set/candidate-1500/images/real/ca202ce83730c4484a9d3909d34371ec8767a3db93e5ea3b92d922fc2160fda1.jpg,medium,0,0.005033825524151325
ca2bdbe192319fee0afeddba0a82110cf1c8a67c74cc17db53bf2440b8163360,data/datasets/openfake/pilot-600/images/real/ca2bdbe192319fee0afeddba0a82110cf1c8a67c74cc17db53bf2440b8163360.png,medium,0,0.8110688924789429
ca3a7670f11788f0d42a4470534927e86a7d66ac993e94bd01c9c576aa2c431e,data/datasets/sid-set/candidate-1500/images/real/ca3a7670f11788f0d42a4470534927e86a7d66ac993e94bd01c9c576aa2c431e.jpg,medium,0,0.9936541318893433
ca7c5bc8bf954cb1b8d9bd3c377d657b4dc5c01271156c87ef6a8e10394e94cd,data/datasets/openfake/additional-900/images/fake/ca7c5bc8bf954cb1b8d9bd3c377d657b4dc5c01271156c87ef6a8e10394e94cd.jpg,medium,1,0.5813440680503845
ca9ab8fa2c171bcd39df861683642b021ee1dba9dd740c1996e96961fb1eb0d4,data/datasets/openfake/pilot-600/images/fake/ca9ab8fa2c171bcd39df861683642b021ee1dba9dd740c1996e96961fb1eb0d4.png,medium,1,0.9979883432388306
caa083948312f7d3794e0992e6a6de9c18b072aa426dbc2fe1599f69affa8ffa,data/datasets/sid-set/candidate-1500/images/real/caa083948312f7d3794e0992e6a6de9c18b072aa426dbc2fe1599f69affa8ffa.jpg,medium,0,0.22938428819179535
caa963ad71e0ea2c6db30f345e9664420804a7228fa878485e46b8617ae7f38e,data/datasets/openfake/additional-900/images/real/caa963ad71e0ea2c6db30f345e9664420804a7228fa878485e46b8617ae7f38e.jpg,medium,0,0.906654953956604
cac7904f0b12850eaa151cd1a61321e74b4576c8ddbcf8a0ba408086bc43f0c0,data/datasets/sid-set/candidate-1500/images/fake/cac7904f0b12850eaa151cd1a61321e74b4576c8ddbcf8a0ba408086bc43f0c0.png,low,1,0.9931172132492065
cadb648dc62ae05472b2e4ed3cbe5560895d8285cec838c2497f595dc0ec2cfc,data/datasets/sid-set/candidate-1500/images/real/cadb648dc62ae05472b2e4ed3cbe5560895d8285cec838c2497f595dc0ec2cfc.jpg,low,0,0.9511419534683228
cb04ef807bf07235030c99858a5b64b17526b60e9ec5cd22e36a025000cd758d,data/datasets/sid-set/candidate-1500/images/real/cb04ef807bf07235030c99858a5b64b17526b60e9ec5cd22e36a025000cd758d.jpg,medium,0,0.5856769680976868
cb0776613b69ff80a3f69c009f755369b05ca6bd3666e4f6a98f3aca7529efb2,data/datasets/openfake/additional-900/images/real/cb0776613b69ff80a3f69c009f755369b05ca6bd3666e4f6a98f3aca7529efb2.jpg,medium,0,0.37303221225738525
cb2e26eb0d083007784404bf5915286bc1566ce9bf1b3a3174df8a674c1effee,data/datasets/sid-set/candidate-1500/images/real/cb2e26eb0d083007784404bf5915286bc1566ce9bf1b3a3174df8a674c1effee.jpg,low,0,0.5154147744178772
cb36a0ff363acbafc2667bd69b289e2b28c76a5c01b23938b8ab2c65342074e6,data/datasets/openfake/pilot-600/images/fake/cb36a0ff363acbafc2667bd69b289e2b28c76a5c01b23938b8ab2c65342074e6.png,medium,1,0.6027655005455017
cb9401c5ddce3c5f4f03f5d217573ff85e17e0fd6400a40dc29904555495bf3e,data/datasets/sid-set/candidate-1500/images/real/cb9401c5ddce3c5f4f03f5d217573ff85e17e0fd6400a40dc29904555495bf3e.jpg,medium,0,0.43205735087394714
cbfbc22ff9c68dd39579b3a5b309646e2882de98ae9f3bb143e1b2285c6ced39,data/datasets/openfake/pilot-600/images/fake/cbfbc22ff9c68dd39579b3a5b309646e2882de98ae9f3bb143e1b2285c6ced39.png,low,1,0.9659806489944458
cc3dcb7cb4b21477aa05b561dd8a69366d4c1bdbe32a0d1a3abce83e81697b79,data/datasets/sid-set/candidate-1500/images/real/cc3dcb7cb4b21477aa05b561dd8a69366d4c1bdbe32a0d1a3abce83e81697b79.jpg,medium,0,0.9640889167785645
cc4089d4cc539abff42c4038fc67c167a460b33ba5165d8b18a5780e4045324a,data/datasets/sid-set/candidate-1500/images/real/cc4089d4cc539abff42c4038fc67c167a460b33ba5165d8b18a5780e4045324a.jpg,medium,0,0.9594692587852478
cc8ccafc3ff0fa0c3a86c32203d230d5015bbc92153d7a1df251135b70ce859d,data/datasets/openfake/additional-900/images/real/cc8ccafc3ff0fa0c3a86c32203d230d5015bbc92153d7a1df251135b70ce859d.jpg,medium,0,0.13285164535045624
cc97a56aad15bbad36f11c8cc20bc1706049348950941d58463e3437ef499d5c,data/datasets/sid-set/candidate-1500/images/fake/cc97a56aad15bbad36f11c8cc20bc1706049348950941d58463e3437ef499d5c.png,medium,1,0.9798229336738586
cc98640db271e5affacd6afdc49bb52325038899733a292f3d13dd1fcaf67b51,data/datasets/sid-set/candidate-1500/images/real/cc98640db271e5affacd6afdc49bb52325038899733a292f3d13dd1fcaf67b51.jpg,medium,0,0.16115571558475494
ccbf158cb620b345288891f43c39c0f60211fc8c0da6f3c62a15c6d2625f9c27,data/datasets/openfake/pilot-600/images/fake/ccbf158cb620b345288891f43c39c0f60211fc8c0da6f3c62a15c6d2625f9c27.png,medium,1,0.9984252452850342
ccbf55f91b66c9111e3a8eb900758f0801e42c27b794837caf8c23f491f99876,data/datasets/sid-set/candidate-1500/images/real/ccbf55f91b66c9111e3a8eb900758f0801e42c27b794837caf8c23f491f99876.jpg,medium,0,0.817024827003479
ccdd15bdb9729d2f8220b579758de42c7cdec59e99e6d41722a68be55d8fb0e2,data/datasets/sid-set/candidate-1500/images/fake/ccdd15bdb9729d2f8220b579758de42c7cdec59e99e6d41722a68be55d8fb0e2.png,medium,1,0.9986963868141174
ccf8a071d9ec6622b29dc16e7d37fdda39b74fcf22b6b88ce8c7589d08c1dc68,data/datasets/sid-set/candidate-1500/images/fake/ccf8a071d9ec6622b29dc16e7d37fdda39b74fcf22b6b88ce8c7589d08c1dc68.png,medium,1,0.8479167222976685
ccfaf66c4eb02dd921d381df671e05b8e736f8303be3ca85c3d28d8f5d79a417,data/datasets/openfake/pilot-600/images/real/ccfaf66c4eb02dd921d381df671e05b8e736f8303be3ca85c3d28d8f5d79a417.jpg,low,0,0.0004740530566778034
cd0140837a503bfd27ec32418b572e9c5caa87851145cf4aab1bbf9b9894ece6,data/datasets/openfake/additional-900/images/fake/cd0140837a503bfd27ec32418b572e9c5caa87851145cf4aab1bbf9b9894ece6.png,medium,1,0.04548744112253189
cd2bddb609705eb2b8b704f84055c7eac7c55cc057f6a1a7d11bc511cf994def,data/datasets/openfake/pilot-600/images/real/cd2bddb609705eb2b8b704f84055c7eac7c55cc057f6a1a7d11bc511cf994def.jpg,medium,0,3.338405440445058e-05
cd2f13609e89b0a0a68fef8be7270c664b73d0421471682790823c42feec25df,data/datasets/sid-set/candidate-1500/images/real/cd2f13609e89b0a0a68fef8be7270c664b73d0421471682790823c42feec25df.jpg,medium,0,0.5662422776222229
cd3c127c8b030ec979388c5308eba8b6097d9a8f67144835ebf06d49315f6ab8,data/datasets/sid-set/candidate-1500/images/real/cd3c127c8b030ec979388c5308eba8b6097d9a8f67144835ebf06d49315f6ab8.jpg,low,0,0.9257701635360718
cd60ca0389ce13b5e921b886f9a9314996582ca3cd227c040f6dbc9870f9f0c7,data/datasets/openfake/pilot-600/images/real/cd60ca0389ce13b5e921b886f9a9314996582ca3cd227c040f6dbc9870f9f0c7.jpg,low,0,0.8388864994049072
cd95d75ad54402f1d99972ff2b1ba80ed41b7fe0d42350b280b4f183c637a570,data/datasets/openfake/pilot-600/images/fake/cd95d75ad54402f1d99972ff2b1ba80ed41b7fe0d42350b280b4f183c637a570.png,medium,1,0.9883204698562622
cd9bbfb9d0842bf2f38404c1eb4d63c4a01d24ce46d7abde4f57bed02071e4c4,data/datasets/openfake/additional-900/images/fake/cd9bbfb9d0842bf2f38404c1eb4d63c4a01d24ce46d7abde4f57bed02071e4c4.png,medium,1,0.9930457472801208
cdd03c13ad446fb30ad2b586323acf729c70dabaf48384c3100387bb7ab19493,data/datasets/sid-set/candidate-1500/images/real/cdd03c13ad446fb30ad2b586323acf729c70dabaf48384c3100387bb7ab19493.jpg,medium,0,0.8285300135612488
cdd1f0ae79a48db92440bda507607d1fc37966555829a44555821e0acd4254dc,data/datasets/sid-set/candidate-1500/images/real/cdd1f0ae79a48db92440bda507607d1fc37966555829a44555821e0acd4254dc.jpg,medium,0,0.3988890051841736
cde8034bffec16672bb4501eabbc1e2ceca39ee3624585ddc831b0d74a7abf28,data/datasets/sid-set/candidate-1500/images/fake/cde8034bffec16672bb4501eabbc1e2ceca39ee3624585ddc831b0d74a7abf28.png,medium,1,0.9968745708465576
cdeb9bca0271c9523ca2e4467085ec1e91a2a5347cbe5d6970f14c1c8c501a2a,data/datasets/sid-set/candidate-1500/images/fake/cdeb9bca0271c9523ca2e4467085ec1e91a2a5347cbe5d6970f14c1c8c501a2a.png,medium,1,0.9874864816665649
ce0234ea012a7dcd12725d5b81123ce28bb76615e8a291f91b479afd5e9456e7,data/datasets/sid-set/candidate-1500/images/real/ce0234ea012a7dcd12725d5b81123ce28bb76615e8a291f91b479afd5e9456e7.jpg,low,0,0.894782304763794
ce3059746c74b84c7c1b1e1d0fc2c7fdd68aa51eed527a662e341e70e4a857e2,data/datasets/openfake/additional-900/images/fake/ce3059746c74b84c7c1b1e1d0fc2c7fdd68aa51eed527a662e341e70e4a857e2.png,medium,1,0.9929963946342468
ce73d45404b6fe89c55b4afb66ca208af45c2c3bb0c982a24c632ba7298ced62,data/datasets/openfake/additional-900/images/real/ce73d45404b6fe89c55b4afb66ca208af45c2c3bb0c982a24c632ba7298ced62.jpg,medium,0,0.027332287281751633
cecf451bc08036fd8fba5e930616312e3b3ecd838bb11ccb1f2af5eedb15df2f,data/datasets/openfake/pilot-600/images/real/cecf451bc08036fd8fba5e930616312e3b3ecd838bb11ccb1f2af5eedb15df2f.jpg,medium,0,0.03256560117006302
ceeadebc5a96112d2c81fd7a062a69653090a235d1ce435ba09b5c0579215248,data/datasets/openfake/additional-900/images/fake/ceeadebc5a96112d2c81fd7a062a69653090a235d1ce435ba09b5c0579215248.png,high,1,0.9605820178985596
cf0a47f943c122ce6c321e9a5225bb62ff1d7dd275733edfde6c078552306348,data/datasets/openfake/additional-900/images/real/cf0a47f943c122ce6c321e9a5225bb62ff1d7dd275733edfde6c078552306348.jpg,medium,0,0.24955438077449799
cf2cbadf6f1e7e59afbd19a07896203d5d104e1ac31eb93d9eb1391e11094e82,data/datasets/sid-set/candidate-1500/images/real/cf2cbadf6f1e7e59afbd19a07896203d5d104e1ac31eb93d9eb1391e11094e82.jpg,medium,0,0.19665950536727905
cf55db9bc4ff3888a5edcd8417ebd5c6bd475d27020412b5be459a42a772ad66,data/datasets/sid-set/candidate-1500/images/real/cf55db9bc4ff3888a5edcd8417ebd5c6bd475d27020412b5be459a42a772ad66.jpg,medium,0,0.9585696458816528
cf571eeb694d44734b0d694e047c444ff1400ff1d49416ac3eab77e77ebc5d09,data/datasets/sid-set/candidate-1500/images/fake/cf571eeb694d44734b0d694e047c444ff1400ff1d49416ac3eab77e77ebc5d09.png,medium,1,0.9246992468833923
cf75c470af8aad23ad8703c523af878411d939a59ff4248abc06957912632bd6,data/datasets/openfake/additional-900/images/fake/cf75c470af8aad23ad8703c523af878411d939a59ff4248abc06957912632bd6.png,medium,1,0.9969083666801453
cf7eae2ef4fb850a0c675fbd6c87c711719f7e314dcb6a1e14563114e78111ec,data/datasets/sid-set/candidate-1500/images/fake/cf7eae2ef4fb850a0c675fbd6c87c711719f7e314dcb6a1e14563114e78111ec.png,low,1,0.9662750959396362
cfb89bc2ce065157cfceb3b2d52caefd2fc8dbac64a0dc00a5c9d5bfda40ff8a,data/datasets/sid-set/candidate-1500/images/real/cfb89bc2ce065157cfceb3b2d52caefd2fc8dbac64a0dc00a5c9d5bfda40ff8a.jpg,medium,0,0.2677323520183563
cfc079b8e88ffd7c99544d22474143afa1858af1e5dd8c5af391a58bf1fb6fab,data/datasets/sid-set/candidate-1500/images/fake/cfc079b8e88ffd7c99544d22474143afa1858af1e5dd8c5af391a58bf1fb6fab.png,low,1,0.9766635298728943
cfe8594f2b0c30931a483c55a92a7129bb31a641945486d6581ff6458ce17aba,data/datasets/sid-set/candidate-1500/images/fake/cfe8594f2b0c30931a483c55a92a7129bb31a641945486d6581ff6458ce17aba.png,medium,1,0.9922440648078918
d00e23a38eee1b8ff4591c4c85cab1b56df0095137d83f0a483d638a2785b7aa,data/datasets/openfake/pilot-600/images/fake/d00e23a38eee1b8ff4591c4c85cab1b56df0095137d83f0a483d638a2785b7aa.png,low,1,0.7924139499664307
d01447ba9d0a472cd7bc322f727e63ab44f6c981736f739fb3b24c3066e53181,data/datasets/openfake/pilot-600/images/fake/d01447ba9d0a472cd7bc322f727e63ab44f6c981736f739fb3b24c3066e53181.png,medium,1,0.09368513524532318
d0161538206a535b6956462d811114ec40e0326efa1aa3ccfff25f3e45f5610a,data/datasets/sid-set/candidate-1500/images/real/d0161538206a535b6956462d811114ec40e0326efa1aa3ccfff25f3e45f5610a.jpg,low,0,0.0015488946810364723
d033311ac0c4f9301cb10cb4ac12d3345c75c4050b4a0c107f47a08574ee5cb2,data/datasets/sid-set/candidate-1500/images/fake/d033311ac0c4f9301cb10cb4ac12d3345c75c4050b4a0c107f47a08574ee5cb2.png,low,1,0.9940453767776489
d0342b12b0636aaba798c02741b864bc13d6aaa75b5f254e26a95ab9dbe33058,data/datasets/openfake/additional-900/images/fake/d0342b12b0636aaba798c02741b864bc13d6aaa75b5f254e26a95ab9dbe33058.jpg,low,1,0.11038514971733093
d04b5438afe50e9ac7343223222a70d1d0c7a64e00b754502dd333c645278232,data/datasets/sid-set/candidate-1500/images/real/d04b5438afe50e9ac7343223222a70d1d0c7a64e00b754502dd333c645278232.jpg,medium,0,0.7476997375488281
d05041e98611d7c927304e7748b78e3401e057d7d49f07a56b098a139ecd115d,data/datasets/sid-set/candidate-1500/images/fake/d05041e98611d7c927304e7748b78e3401e057d7d49f07a56b098a139ecd115d.png,medium,1,0.4856676459312439
d062dae8cce84fddbff814f39cae0dc4bbd0accb4f477d4fee3c67637bd5d40c,data/datasets/openfake/additional-900/images/real/d062dae8cce84fddbff814f39cae0dc4bbd0accb4f477d4fee3c67637bd5d40c.jpg,low,0,0.003988385666161776
d07510b419579daf702319254e8bb737e5690db2805c497c1adab080e18bb838,data/datasets/sid-set/candidate-1500/images/fake/d07510b419579daf702319254e8bb737e5690db2805c497c1adab080e18bb838.png,low,1,0.9787705540657043
d0b94e631bfa643fcee64a5b5eaa042e3cd6e295044ffe47a54043930eacc906,data/datasets/openfake/additional-900/images/fake/d0b94e631bfa643fcee64a5b5eaa042e3cd6e295044ffe47a54043930eacc906.png,medium,1,0.47357937693595886
d0d243ffb3fccaf55a471ca1308586a431cf4bb5fd1ecedab271fc6f6c2b8d8b,data/datasets/openfake/pilot-600/images/fake/d0d243ffb3fccaf55a471ca1308586a431cf4bb5fd1ecedab271fc6f6c2b8d8b.png,medium,1,0.878348171710968
d0dee66e504b84ac5b656aac4e55a1fe2565405294755b7d0e3f187c16d6cf2f,data/datasets/openfake/additional-900/images/real/d0dee66e504b84ac5b656aac4e55a1fe2565405294755b7d0e3f187c16d6cf2f.jpg,low,0,0.020686279982328415
d0ea346173a8ea9d9609105b8384dd6cc9fcdcb427c6f03f993a1308d304e0c5,data/datasets/openfake/additional-900/images/real/d0ea346173a8ea9d9609105b8384dd6cc9fcdcb427c6f03f993a1308d304e0c5.jpg,low,0,0.5968707799911499
d11569494b19cd78a6cf9e2c24988063987532c0f6bc04b8835b2bae55a621df,data/datasets/sid-set/candidate-1500/images/real/d11569494b19cd78a6cf9e2c24988063987532c0f6bc04b8835b2bae55a621df.jpg,medium,0,0.7219303846359253
d1406b63b8991e1afe2721c5485149eb68085b65b9334faae7070864c4018c55,data/datasets/sid-set/candidate-1500/images/fake/d1406b63b8991e1afe2721c5485149eb68085b65b9334faae7070864c4018c55.png,low,1,0.9777037501335144
d14f4a59f0b6abeccaaa641377bae6125fd8fc1df21d9398f29464dc59f424ac,data/datasets/sid-set/candidate-1500/images/real/d14f4a59f0b6abeccaaa641377bae6125fd8fc1df21d9398f29464dc59f424ac.jpg,medium,0,0.01834796369075775
d17ffe7e6668ad6ef29d5d6aff1249f81dd0915a4677110dd33ce5e309dbe5a3,data/datasets/openfake/pilot-600/images/real/d17ffe7e6668ad6ef29d5d6aff1249f81dd0915a4677110dd33ce5e309dbe5a3.jpg,medium,0,0.004138866905122995
d18ec6d35a3ca5e5e8c7842b7a175c80d480df8e7367c2b713191c06e90b8c5d,data/datasets/sid-set/candidate-1500/images/real/d18ec6d35a3ca5e5e8c7842b7a175c80d480df8e7367c2b713191c06e90b8c5d.jpg,high,0,0.3855629861354828
d19cb270e4bcab9a280501759878d5045502d6cf43a990520c74103b9c72cf20,data/datasets/openfake/additional-900/images/fake/d19cb270e4bcab9a280501759878d5045502d6cf43a990520c74103b9c72cf20.webp,medium,1,0.9825321435928345
d1d0f0ac2435f7c15a17707b4ca5db78b39ec1880db9748fba24d8a50eee028b,data/datasets/openfake/additional-900/images/fake/d1d0f0ac2435f7c15a17707b4ca5db78b39ec1880db9748fba24d8a50eee028b.png,low,1,0.5543696880340576
d1d9002f4dee6fb725789afec8cc8f1f9057a8a7384a5362ed44421e0bcc0ad4,data/datasets/openfake/additional-900/images/fake/d1d9002f4dee6fb725789afec8cc8f1f9057a8a7384a5362ed44421e0bcc0ad4.png,low,1,0.9587423205375671
d1db65f754b643548db9cb83bf015b3523157c16f58cc7d45bd69c8bac064a86,data/datasets/sid-set/candidate-1500/images/fake/d1db65f754b643548db9cb83bf015b3523157c16f58cc7d45bd69c8bac064a86.png,medium,1,0.9399590492248535
d1e946eef979ab4beee2e901e9fd62478d562b238ca62eb2fbdb98d7e2a8377f,data/datasets/sid-set/candidate-1500/images/real/d1e946eef979ab4beee2e901e9fd62478d562b238ca62eb2fbdb98d7e2a8377f.jpg,medium,0,0.0019184703705832362
d1ee3fd294c5971109f366f639d25a30da2cc4f3978690cca1f5da60fe4f1d6c,data/datasets/openfake/additional-900/images/fake/d1ee3fd294c5971109f366f639d25a30da2cc4f3978690cca1f5da60fe4f1d6c.png,low,1,0.9789303541183472
d1f131bc024591a8704fe9cfeac975d79c5b5632297c130c92fed293e3b21fd2,data/datasets/sid-set/candidate-1500/images/real/d1f131bc024591a8704fe9cfeac975d79c5b5632297c130c92fed293e3b21fd2.jpg,medium,0,0.37825554609298706
d219dd09455ba27e628fd8da8db35e8b3f1582c2ee91ddc3b6343185d1f870ea,data/datasets/sid-set/candidate-1500/images/fake/d219dd09455ba27e628fd8da8db35e8b3f1582c2ee91ddc3b6343185d1f870ea.png,medium,1,0.9513915777206421
d2501bfc7f5d57c6a72f3ccfefdf85037eea90ec92248c1898ce9ba11922d8c3,data/datasets/openfake/additional-900/images/real/d2501bfc7f5d57c6a72f3ccfefdf85037eea90ec92248c1898ce9ba11922d8c3.jpg,medium,0,0.45296862721443176
d252d88f1f77f3508e6511f26d2239456f7aa22b2f68ff09a8543ff7e53c3f37,data/datasets/sid-set/candidate-1500/images/real/d252d88f1f77f3508e6511f26d2239456f7aa22b2f68ff09a8543ff7e53c3f37.jpg,low,0,0.33209991455078125
d294a3f4dfbef7383624f0d9ee20625f080f8404ccf07832f84f424ea1ff42b6,data/datasets/sid-set/candidate-1500/images/fake/d294a3f4dfbef7383624f0d9ee20625f080f8404ccf07832f84f424ea1ff42b6.png,medium,1,0.44535791873931885
d2a9cff7b9b79f68fff94d8fc4abe506ee5a50b94644a655b0582bb277facdb8,data/datasets/openfake/additional-900/images/real/d2a9cff7b9b79f68fff94d8fc4abe506ee5a50b94644a655b0582bb277facdb8.jpg,low,0,0.4011768102645874
d2e45b157a96a56aa8dee012f2c451c65f8d03ef2f4ec3315383800dfa83ea3b,data/datasets/openfake/pilot-600/images/real/d2e45b157a96a56aa8dee012f2c451c65f8d03ef2f4ec3315383800dfa83ea3b.jpg,medium,0,0.7016046643257141
d2e63cb06172418ca0c76281605cc5203b48992745a833feed3e864c8fcf24a2,data/datasets/openfake/pilot-600/images/real/d2e63cb06172418ca0c76281605cc5203b48992745a833feed3e864c8fcf24a2.jpg,medium,0,0.2186502367258072
d2fa49d263bf944fd959e358325b53e3ccc1fac088d360906653843a8f808cac,data/datasets/sid-set/candidate-1500/images/fake/d2fa49d263bf944fd959e358325b53e3ccc1fac088d360906653843a8f808cac.png,high,1,0.9783639311790466
d31aa345aa67a240d8fbcfb4b5d17de91999b12d9d3475f993a1d8e5614388c1,data/datasets/openfake/additional-900/images/real/d31aa345aa67a240d8fbcfb4b5d17de91999b12d9d3475f993a1d8e5614388c1.jpg,low,0,0.0022251922637224197
d34a7659946c94adf783d64e301565181f1c360f61ea9fe6775a5bb077ab754d,data/datasets/sid-set/candidate-1500/images/fake/d34a7659946c94adf783d64e301565181f1c360f61ea9fe6775a5bb077ab754d.png,low,1,0.8052164912223816
d3505d04c2e9174855c579c2785c100368d5ca2760bb24c83b8af6975bbf70ed,data/datasets/openfake/additional-900/images/fake/d3505d04c2e9174855c579c2785c100368d5ca2760bb24c83b8af6975bbf70ed.png,medium,1,0.9050040245056152
d36efdd710d2d64a71ebec4320df2db0a47f6b9f8f5dd3bdfb8894153b1a7c54,data/datasets/openfake/additional-900/images/fake/d36efdd710d2d64a71ebec4320df2db0a47f6b9f8f5dd3bdfb8894153b1a7c54.png,high,1,0.9852225184440613
d37b6e2864def648f1ad866e0dea40ae06c9ac1791ddd58450e6cce05ee252b5,data/datasets/sid-set/candidate-1500/images/real/d37b6e2864def648f1ad866e0dea40ae06c9ac1791ddd58450e6cce05ee252b5.jpg,medium,0,0.30090242624282837
d3c995652ab7554fbe7267ec25c28f52a2d52bbf2dc84b183d7a9a33e8e104f1,data/datasets/openfake/additional-900/images/fake/d3c995652ab7554fbe7267ec25c28f52a2d52bbf2dc84b183d7a9a33e8e104f1.png,medium,1,0.9952622652053833
d3dcb618d3d88431ec71e37a73b931e75a07aee0b785dcfca74c7985d8afd744,data/datasets/openfake/pilot-600/images/real/d3dcb618d3d88431ec71e37a73b931e75a07aee0b785dcfca74c7985d8afd744.jpg,low,0,0.24312132596969604
d3e1f3f3797b93ce82c592a7d3e9b04abfb264e2c78624a2ea0cf479db6d7e78,data/datasets/sid-set/candidate-1500/images/fake/d3e1f3f3797b93ce82c592a7d3e9b04abfb264e2c78624a2ea0cf479db6d7e78.png,low,1,0.9867823123931885
d3ebf5bc354535da7841954f6c2601b8ed0ece9b85405229985732fc41f8d315,data/datasets/openfake/additional-900/images/real/d3ebf5bc354535da7841954f6c2601b8ed0ece9b85405229985732fc41f8d315.jpg,medium,0,0.002831702586263418
d3eccadf277467cb9d8e32c5eb9347e122adf936950801658fe22433e7a1edb5,data/datasets/openfake/additional-900/images/fake/d3eccadf277467cb9d8e32c5eb9347e122adf936950801658fe22433e7a1edb5.jpg,low,1,0.6245478987693787
d438e300b69595b3a3fd6df904e985822d5914578e4e380118bf4dbd0c9c07db,data/datasets/openfake/additional-900/images/fake/d438e300b69595b3a3fd6df904e985822d5914578e4e380118bf4dbd0c9c07db.jpg,low,1,0.9206110835075378
d49b53f27acca3660be831861d521593754a85d8b55b6e511dbcfecf02da60d8,data/datasets/sid-set/candidate-1500/images/real/d49b53f27acca3660be831861d521593754a85d8b55b6e511dbcfecf02da60d8.jpg,medium,0,0.042368244379758835
d4ab121d36684b193407d1a1532fe43301534315bdf4f0e8ed401216f4c5d60c,data/datasets/sid-set/candidate-1500/images/fake/d4ab121d36684b193407d1a1532fe43301534315bdf4f0e8ed401216f4c5d60c.png,low,1,0.887758731842041
d4d5a75863cecdafdcc07989ecaeb8ae0f24ec3846ca32e1b1dfc85643eea5e1,data/datasets/openfake/pilot-600/images/fake/d4d5a75863cecdafdcc07989ecaeb8ae0f24ec3846ca32e1b1dfc85643eea5e1.jpg,low,1,0.9882751703262329
d4ea3bb856f02755e667877cede7b2701594cbf278222bfef6b82931304b767c,data/datasets/sid-set/candidate-1500/images/fake/d4ea3bb856f02755e667877cede7b2701594cbf278222bfef6b82931304b767c.png,medium,1,0.9696061611175537
d506c23b6ef8cca94d600a41dfcb3e477121d0ab83d4a5b8154a1295da396c69,data/datasets/sid-set/candidate-1500/images/fake/d506c23b6ef8cca94d600a41dfcb3e477121d0ab83d4a5b8154a1295da396c69.png,medium,1,0.9877800941467285
d5097ab54b80237393c20da8078215bf18ddc7f517afa7a06dfd3e8768b155ac,data/datasets/openfake/pilot-600/images/fake/d5097ab54b80237393c20da8078215bf18ddc7f517afa7a06dfd3e8768b155ac.png,low,1,0.9896027445793152
d536e3bd1b53d6babdccfdb2847caa4d45ef30ecace03d8b000869faaaee0309,data/datasets/openfake/pilot-600/images/real/d536e3bd1b53d6babdccfdb2847caa4d45ef30ecace03d8b000869faaaee0309.jpg,medium,0,0.3473212420940399
d541e1808be7102aaf8b6e008d7bf4214d2671d5b22d4d37dfadd11f80606a8a,data/datasets/sid-set/candidate-1500/images/real/d541e1808be7102aaf8b6e008d7bf4214d2671d5b22d4d37dfadd11f80606a8a.jpg,high,0,0.9667907953262329
d5429345687161ca008a3a78d324e15d804a04fd96e1eb2db4258d61ca12af97,data/datasets/openfake/additional-900/images/fake/d5429345687161ca008a3a78d324e15d804a04fd96e1eb2db4258d61ca12af97.webp,medium,1,0.9585168957710266
d5464285a4743cdaa37e45e46a79210767e03840af7a8540130fba1100e44eaf,data/datasets/openfake/additional-900/images/fake/d5464285a4743cdaa37e45e46a79210767e03840af7a8540130fba1100e44eaf.png,low,1,0.6508928537368774
d56ea70dab4f3f102a2405d4c520906c484f7668abce2cc1c850788de44093b4,data/datasets/openfake/additional-900/images/real/d56ea70dab4f3f102a2405d4c520906c484f7668abce2cc1c850788de44093b4.jpg,low,0,0.01783200353384018
d59a9228e97df00be2c69251e5b3587401b183206498f928602d8e7a9114144b,data/datasets/sid-set/candidate-1500/images/fake/d59a9228e97df00be2c69251e5b3587401b183206498f928602d8e7a9114144b.png,medium,1,0.9858149290084839
d5db53d9202a2a8c9dd8a6a20e276f900a6c6df2a03ddf95ecb2dba5a88f08e4,data/datasets/openfake/pilot-600/images/real/d5db53d9202a2a8c9dd8a6a20e276f900a6c6df2a03ddf95ecb2dba5a88f08e4.jpg,medium,0,0.6871368885040283
d6182b916886325a9bda543eb5c7af784ab53a1500a33f903d052de2c8a2a359,data/datasets/sid-set/candidate-1500/images/real/d6182b916886325a9bda543eb5c7af784ab53a1500a33f903d052de2c8a2a359.jpg,low,0,0.18758882582187653
d6667ce7c01b23d5443011b329e19dea1f82f0abfe8b1964f3d5e82a0c8d51cc,data/datasets/openfake/additional-900/images/fake/d6667ce7c01b23d5443011b329e19dea1f82f0abfe8b1964f3d5e82a0c8d51cc.png,medium,1,0.3063483238220215
d66b6df8bb2d8725eb1ad6ea69f1a2101961f28d8fb06848c71283536066668b,data/datasets/sid-set/candidate-1500/images/fake/d66b6df8bb2d8725eb1ad6ea69f1a2101961f28d8fb06848c71283536066668b.png,medium,1,0.9902307391166687
d6a8ec21967bf774c601f3381da53b17b3baf2f3fe1f87cc8ae1536a26792cbd,data/datasets/openfake/pilot-600/images/real/d6a8ec21967bf774c601f3381da53b17b3baf2f3fe1f87cc8ae1536a26792cbd.jpg,medium,0,0.32667064666748047
d6ac3c1a1c4fec9f090165169ab8f726895ef73797ecf94ed87f55dbf0cc6eb5,data/datasets/openfake/additional-900/images/fake/d6ac3c1a1c4fec9f090165169ab8f726895ef73797ecf94ed87f55dbf0cc6eb5.png,low,1,0.8839903473854065
d6b209b675d85f78e4fd559b56ec8e604961bdf25850aa5f8143578c7f31f070,data/datasets/openfake/additional-900/images/fake/d6b209b675d85f78e4fd559b56ec8e604961bdf25850aa5f8143578c7f31f070.png,low,1,0.9900425672531128
d6b4965dd93e55c3f9f3dc674dd8cc88e22aa17f8601df258005dc9914f171d1,data/datasets/openfake/additional-900/images/fake/d6b4965dd93e55c3f9f3dc674dd8cc88e22aa17f8601df258005dc9914f171d1.png,low,1,0.7667097449302673
d6f4c81461a1eb55b8cdf6a1a92d047fde6317eecb901432ec1b6ad20ace2741,data/datasets/openfake/additional-900/images/real/d6f4c81461a1eb55b8cdf6a1a92d047fde6317eecb901432ec1b6ad20ace2741.jpg,low,0,0.5899821519851685
d700bb900286b098f781bdb60ee65e8a069e629c486009b99ae0381a4ba7f990,data/datasets/sid-set/candidate-1500/images/fake/d700bb900286b098f781bdb60ee65e8a069e629c486009b99ae0381a4ba7f990.png,low,1,0.7666987180709839
d72ceae9d59fda5588c156669dbb5695ecb36ecc5f8dd768d6b97cc6a6c66337,data/datasets/openfake/additional-900/images/real/d72ceae9d59fda5588c156669dbb5695ecb36ecc5f8dd768d6b97cc6a6c66337.jpg,low,0,0.41803550720214844
d72d8b5e970f3df737510f869c2bc73df6af2a46ef27029b1882f4c8b433b7da,data/datasets/openfake/additional-900/images/real/d72d8b5e970f3df737510f869c2bc73df6af2a46ef27029b1882f4c8b433b7da.jpg,medium,0,0.30609428882598877
d76adf9ebbdb08eac856143ef0eb5b630a6e098976d5e9e9b0b35dcbe0d589f0,data/datasets/openfake/additional-900/images/real/d76adf9ebbdb08eac856143ef0eb5b630a6e098976d5e9e9b0b35dcbe0d589f0.jpg,low,0,0.0044565931893885136
d76b27fc1684f0939ea16200643ee32d7de3e699c7e53ff81629ce32d1ecefb8,data/datasets/openfake/additional-900/images/fake/d76b27fc1684f0939ea16200643ee32d7de3e699c7e53ff81629ce32d1ecefb8.jpg,medium,1,0.01642543449997902
d77fc7a276efb44cfa0821e413f56c87ceda24cb90a34718eb1b1b743d5dab59,data/datasets/openfake/additional-900/images/real/d77fc7a276efb44cfa0821e413f56c87ceda24cb90a34718eb1b1b743d5dab59.jpg,medium,0,0.46337592601776123
d7bd84750af3e7e39ed73b6f934bfaba2b3e25aee89eff0c7b3c31955ef207d7,data/datasets/sid-set/candidate-1500/images/real/d7bd84750af3e7e39ed73b6f934bfaba2b3e25aee89eff0c7b3c31955ef207d7.jpg,medium,0,0.08543704450130463
d802a4ed4f3900a5e19d1fb754e87ffdd2f02de0835aab45e39735d6b115e5e0,data/datasets/openfake/additional-900/images/fake/d802a4ed4f3900a5e19d1fb754e87ffdd2f02de0835aab45e39735d6b115e5e0.png,medium,1,0.7091012597084045
d82eeb3ff38aaab2450eee3ce79ef712c00c0b8718cfa4acfbe4e019781f7518,data/datasets/openfake/additional-900/images/fake/d82eeb3ff38aaab2450eee3ce79ef712c00c0b8718cfa4acfbe4e019781f7518.png,low,1,0.902499258518219
d84c1f454957ccd69c5b6464677e0189106352b1705c59c13251a5e6906a4e64,data/datasets/openfake/pilot-600/images/fake/d84c1f454957ccd69c5b6464677e0189106352b1705c59c13251a5e6906a4e64.png,medium,1,0.994648277759552
d85b9ebf78b29c0ac3eed7edfd45ffd0207772a9994d808a77af7bcc48b4b8c3,data/datasets/openfake/additional-900/images/fake/d85b9ebf78b29c0ac3eed7edfd45ffd0207772a9994d808a77af7bcc48b4b8c3.png,medium,1,0.5350351333618164
d86e7726ca15f36f2014ed2cc4a5f2f8167b7bfbf148a007bf82581349331f4b,data/datasets/sid-set/candidate-1500/images/fake/d86e7726ca15f36f2014ed2cc4a5f2f8167b7bfbf148a007bf82581349331f4b.png,medium,1,0.7018881440162659
d87428a9b33d45f27079ccbcac5b34d6e9ea40365b7f058ad7846ba923099ba2,data/datasets/openfake/additional-900/images/real/d87428a9b33d45f27079ccbcac5b34d6e9ea40365b7f058ad7846ba923099ba2.jpg,medium,0,0.5630698800086975
d892f543698758b801a087fc7626aa232ec83b69c33e11e8a684be8a45d06073,data/datasets/sid-set/candidate-1500/images/real/d892f543698758b801a087fc7626aa232ec83b69c33e11e8a684be8a45d06073.jpg,low,0,0.3411653935909271
d8b7b3b6c88aeb701ef20791105b9b35e8248ee4e6557ea79a093ba1d5311155,data/datasets/sid-set/candidate-1500/images/real/d8b7b3b6c88aeb701ef20791105b9b35e8248ee4e6557ea79a093ba1d5311155.jpg,medium,0,0.016887769103050232
d8ba0315b1285e458dcd0f2721adc8678c9bf3108f3dbda4735770bfc83eecde,data/datasets/sid-set/candidate-1500/images/real/d8ba0315b1285e458dcd0f2721adc8678c9bf3108f3dbda4735770bfc83eecde.jpg,low,0,0.8862642645835876
d90146cda89ee39e03f9d5b1fa2d133bcd3d6e26ea33ee3c53648effdcd7e836,data/datasets/openfake/additional-900/images/real/d90146cda89ee39e03f9d5b1fa2d133bcd3d6e26ea33ee3c53648effdcd7e836.jpg,medium,0,0.00026137864915654063
d91bb95659443895bb3c8502f3d067ef014e945a91824b26c51b29798d36d788,data/datasets/openfake/additional-900/images/real/d91bb95659443895bb3c8502f3d067ef014e945a91824b26c51b29798d36d788.jpg,medium,0,0.8744120597839355
d931f69279a1ce072f0cb8b4090b93d1843a8f74f7dbb68c66e4ea7577c7100e,data/datasets/openfake/additional-900/images/real/d931f69279a1ce072f0cb8b4090b93d1843a8f74f7dbb68c66e4ea7577c7100e.jpg,low,0,0.8574466705322266
d9573fdb4fb2d0e033e3ffe29f32bc5f3f94a1ede5ab41e9e6909d0083dc8853,data/datasets/sid-set/candidate-1500/images/real/d9573fdb4fb2d0e033e3ffe29f32bc5f3f94a1ede5ab41e9e6909d0083dc8853.jpg,low,0,0.5950105786323547
d95a7a05137c451a9403f6731e2e9a80d8071402c1b64b4ef6c0df03795db4a1,data/datasets/sid-set/candidate-1500/images/fake/d95a7a05137c451a9403f6731e2e9a80d8071402c1b64b4ef6c0df03795db4a1.png,medium,1,0.9978856444358826
d9694f5fbec4eb4fd65ce37c74986ef3ec1721954e551a4d1142f18b2a628dc6,data/datasets/openfake/additional-900/images/real/d9694f5fbec4eb4fd65ce37c74986ef3ec1721954e551a4d1142f18b2a628dc6.jpg,medium,0,0.9665346145629883
d96fcf794345a6cc4723cbb6d03b86080652b550e20fe84afe771464a48b8e7d,data/datasets/openfake/additional-900/images/real/d96fcf794345a6cc4723cbb6d03b86080652b550e20fe84afe771464a48b8e7d.jpg,medium,0,0.30826255679130554
d975aaff3777354a8524dfd9bcd74d03343ca0cb229c4c49f87bc89eacd562fa,data/datasets/openfake/additional-900/images/fake/d975aaff3777354a8524dfd9bcd74d03343ca0cb229c4c49f87bc89eacd562fa.jpg,low,1,0.7018778920173645
d9a1aa2fa6ee6aa9b2614f029beabc73b5260b9ccbab1edd6e3846d1ced5b8ea,data/datasets/openfake/additional-900/images/fake/d9a1aa2fa6ee6aa9b2614f029beabc73b5260b9ccbab1edd6e3846d1ced5b8ea.png,medium,1,0.9598625898361206
da0583b1a158cb164bebbc00561d179890345b3c82b185c47555bd39ba28bece,data/datasets/openfake/pilot-600/images/real/da0583b1a158cb164bebbc00561d179890345b3c82b185c47555bd39ba28bece.jpg,medium,0,0.0013204104034230113
da31a0220a942015107ffc9e70fa961c51c79ec0906a4c9a02c1b047fa6c0452,data/datasets/openfake/additional-900/images/fake/da31a0220a942015107ffc9e70fa961c51c79ec0906a4c9a02c1b047fa6c0452.jpg,low,1,0.548315167427063
da3e032eba23a0084136b7830487a585f7ae6109a58ea2c8701ef9d59c059db1,data/datasets/sid-set/candidate-1500/images/fake/da3e032eba23a0084136b7830487a585f7ae6109a58ea2c8701ef9d59c059db1.png,low,1,0.9432059526443481
da780a137c3d0c6e2b54134f9ea860e5cf2013495000240deae8a71eee59000c,data/datasets/openfake/pilot-600/images/fake/da780a137c3d0c6e2b54134f9ea860e5cf2013495000240deae8a71eee59000c.png,medium,1,0.7210472822189331
da8515567a811f559176046bbd7ca71dae325f0b173de06b52f171e4f5f043b6,data/datasets/openfake/pilot-600/images/fake/da8515567a811f559176046bbd7ca71dae325f0b173de06b52f171e4f5f043b6.png,medium,1,0.9998464584350586
da88e05c4ba681fdee852cbe88fe5cfc7b11dd2ff45f636e270f5e48df2ee81b,data/datasets/sid-set/candidate-1500/images/fake/da88e05c4ba681fdee852cbe88fe5cfc7b11dd2ff45f636e270f5e48df2ee81b.png,medium,1,0.9979664087295532
daa2d3646895694c9c51a1dc7218858a033c55ea02a6396550a508b2a5a63603,data/datasets/sid-set/candidate-1500/images/real/daa2d3646895694c9c51a1dc7218858a033c55ea02a6396550a508b2a5a63603.jpg,medium,0,0.03812892735004425
daab136d565791d660ea11a64c543ae157cf1141f137fdf05addde18d2e82869,data/datasets/openfake/pilot-600/images/fake/daab136d565791d660ea11a64c543ae157cf1141f137fdf05addde18d2e82869.png,low,1,0.9992849230766296
dabc44e6a649209aec3d38d4fa1f8aa4dc182271ad51bd7bb16658186a7f8652,data/datasets/openfake/pilot-600/images/real/dabc44e6a649209aec3d38d4fa1f8aa4dc182271ad51bd7bb16658186a7f8652.jpg,medium,0,0.002891150303184986
dacb4dcb38f32af1e4ffd65fccb0eda7d3e836083a587cedd26fe9bf8b93f787,data/datasets/sid-set/candidate-1500/images/fake/dacb4dcb38f32af1e4ffd65fccb0eda7d3e836083a587cedd26fe9bf8b93f787.png,low,1,0.0727202296257019
dad9b5c204423d31effe2ceb0f2f8897d746799079cbf38fe413fee811a1a48a,data/datasets/openfake/additional-900/images/real/dad9b5c204423d31effe2ceb0f2f8897d746799079cbf38fe413fee811a1a48a.jpg,medium,0,0.0002329649869352579
daf694382c7619a7b75fd8298308e648c3ff1fb19e95341b503e0fe33dddea3c,data/datasets/sid-set/candidate-1500/images/fake/daf694382c7619a7b75fd8298308e648c3ff1fb19e95341b503e0fe33dddea3c.png,low,1,0.997355580329895
db1c4040f97544a98ee734a39248f224afa24279c034ae5ccbfe44e01c9a5984,data/datasets/openfake/pilot-600/images/fake/db1c4040f97544a98ee734a39248f224afa24279c034ae5ccbfe44e01c9a5984.png,medium,1,0.18419437110424042
db26c8464c68211bc6fec4d0ffbc5337eff40d02a23306f7fbc858a2918ed265,data/datasets/sid-set/candidate-1500/images/real/db26c8464c68211bc6fec4d0ffbc5337eff40d02a23306f7fbc858a2918ed265.jpg,medium,0,0.8002043962478638
db610dc0b9cde73a73a5805be0f7028398b3b2ccdd85855715931e3247c4e3e4,data/datasets/openfake/additional-900/images/fake/db610dc0b9cde73a73a5805be0f7028398b3b2ccdd85855715931e3247c4e3e4.png,low,1,0.27210092544555664
db8283e5fd735991f377331da4e9b088a8889fb05d607d605187470c716b7963,data/datasets/openfake/additional-900/images/fake/db8283e5fd735991f377331da4e9b088a8889fb05d607d605187470c716b7963.png,medium,1,0.9121647477149963
db9d42fceb4c4beb0f6aaac455280a8134a15935e606395f4e3722f5a44e0e5c,data/datasets/sid-set/candidate-1500/images/real/db9d42fceb4c4beb0f6aaac455280a8134a15935e606395f4e3722f5a44e0e5c.jpg,medium,0,0.05549398064613342
dba123aebc208e091a0cd2e2384c5f61987edf483a97dacf6b642b1a283d4f8c,data/datasets/sid-set/candidate-1500/images/real/dba123aebc208e091a0cd2e2384c5f61987edf483a97dacf6b642b1a283d4f8c.jpg,medium,0,0.0010496515315026045
dbc81b719f7ca5bd88c525a2e8b17eda96e9fdbeb484154a7e22277157ed7bdf,data/datasets/openfake/additional-900/images/fake/dbc81b719f7ca5bd88c525a2e8b17eda96e9fdbeb484154a7e22277157ed7bdf.png,medium,1,0.5254426598548889
dbcd80028dfadc7bd861696b8aea15282212811ccc3e5bfc7810b27b61b8cd32,data/datasets/sid-set/candidate-1500/images/fake/dbcd80028dfadc7bd861696b8aea15282212811ccc3e5bfc7810b27b61b8cd32.png,low,1,0.9488890171051025
dbd8a4318ebd36691e2c436bf2faef9918b82ef526f7677efa0b3d27ee98bb17,data/datasets/openfake/pilot-600/images/fake/dbd8a4318ebd36691e2c436bf2faef9918b82ef526f7677efa0b3d27ee98bb17.png,medium,1,0.9902681708335876
dbeb4276542c32846227e96eefc2cbacdba7d1b3d0d8121584e005353aed9b5d,data/datasets/sid-set/candidate-1500/images/real/dbeb4276542c32846227e96eefc2cbacdba7d1b3d0d8121584e005353aed9b5d.jpg,medium,0,0.0171122457832098
dbf5147358e0b76c134fb4174c9a59593ffa0064726d09a67d4158415c8903db,data/datasets/openfake/pilot-600/images/real/dbf5147358e0b76c134fb4174c9a59593ffa0064726d09a67d4158415c8903db.jpg,medium,0,0.0841691866517067
dc01617a9624284c023eee876ede52a846f11c81ec8abe804b88d83478cd7e76,data/datasets/openfake/additional-900/images/real/dc01617a9624284c023eee876ede52a846f11c81ec8abe804b88d83478cd7e76.jpg,medium,0,0.030310608446598053
dc1259935dc9c66af83e4997783ddb9a0fbdfb96ee830658e2b9e61d7d08fef9,data/datasets/sid-set/candidate-1500/images/real/dc1259935dc9c66af83e4997783ddb9a0fbdfb96ee830658e2b9e61d7d08fef9.jpg,low,0,0.8379008173942566
dc15b26eaa0383b5a92a1680a5998084b567f698647e6ca35d8e9082d8f99f55,data/datasets/sid-set/candidate-1500/images/fake/dc15b26eaa0383b5a92a1680a5998084b567f698647e6ca35d8e9082d8f99f55.png,medium,1,0.9929978847503662
dc1da78f45625332a6f327c4e6e4cf22433541d06ea3f35de6973b1784df7eb9,data/datasets/sid-set/candidate-1500/images/real/dc1da78f45625332a6f327c4e6e4cf22433541d06ea3f35de6973b1784df7eb9.jpg,low,0,0.30015572905540466
dc26ca835d0678531dbada61ad4a0fde4d45a0eb65749ca4b79874201bff7b5c,data/datasets/sid-set/candidate-1500/images/real/dc26ca835d0678531dbada61ad4a0fde4d45a0eb65749ca4b79874201bff7b5c.jpg,medium,0,0.09341096878051758
dc29661847cd24106720f0de01fcbec5612c854e97bbbbc59ca11fdb95d9eed5,data/datasets/openfake/pilot-600/images/real/dc29661847cd24106720f0de01fcbec5612c854e97bbbbc59ca11fdb95d9eed5.jpg,medium,0,0.7925864458084106
dc37020c509c72610d3950f968b103d4ac8898521c49d04a8ff344afa1e3798b,data/datasets/openfake/additional-900/images/fake/dc37020c509c72610d3950f968b103d4ac8898521c49d04a8ff344afa1e3798b.png,medium,1,0.9265149235725403
dc373fd46ce8082c609c7049b6d6b08a19db92335f79c9f76896bbc6722a5515,data/datasets/openfake/additional-900/images/real/dc373fd46ce8082c609c7049b6d6b08a19db92335f79c9f76896bbc6722a5515.jpg,medium,0,0.30069997906684875
dc4ca48c84c66edbf04b98042ad79cd8656803c32a3090b3cd9d51ae58c0e6e1,data/datasets/sid-set/candidate-1500/images/fake/dc4ca48c84c66edbf04b98042ad79cd8656803c32a3090b3cd9d51ae58c0e6e1.png,medium,1,0.9959121942520142
dc692ee11736f62ac168e05c8ec227969c0c44ac7d8458b35ed3eba1e00fafbc,data/datasets/sid-set/candidate-1500/images/real/dc692ee11736f62ac168e05c8ec227969c0c44ac7d8458b35ed3eba1e00fafbc.jpg,low,0,0.131651371717453
dc87eeaad10dd5c5b77234eb0204e2118eb4cf168afbfce97f9a59afabae8ddb,data/datasets/openfake/additional-900/images/real/dc87eeaad10dd5c5b77234eb0204e2118eb4cf168afbfce97f9a59afabae8ddb.jpg,medium,0,0.6331614851951599
dc96356699128b89d82e6a5ec7194d0b0c481d54fbffb2eb478a9d383ea986b6,data/datasets/sid-set/candidate-1500/images/fake/dc96356699128b89d82e6a5ec7194d0b0c481d54fbffb2eb478a9d383ea986b6.png,medium,1,0.9844836592674255
dcac6ba3bd48490aa006ae81820815db8e1795ae4c8f4f243a78fffa6e967356,data/datasets/openfake/additional-900/images/real/dcac6ba3bd48490aa006ae81820815db8e1795ae4c8f4f243a78fffa6e967356.jpg,medium,0,0.871329665184021
dcaf424757dc655c704995638a27201542b95fa9ba688701a7eac952e875496b,data/datasets/sid-set/candidate-1500/images/fake/dcaf424757dc655c704995638a27201542b95fa9ba688701a7eac952e875496b.png,low,1,0.9764713048934937
dcb2965d2e028aac3a8385f0ddbb0d7eaf8eb882d1331175314916a043ee4223,data/datasets/sid-set/candidate-1500/images/real/dcb2965d2e028aac3a8385f0ddbb0d7eaf8eb882d1331175314916a043ee4223.jpg,medium,0,0.5542221665382385
dcccd079b59216bf260c8682306e48c6283e3438ca9b9d1a38749242b1251769,data/datasets/sid-set/candidate-1500/images/fake/dcccd079b59216bf260c8682306e48c6283e3438ca9b9d1a38749242b1251769.png,medium,1,0.9715869426727295
dccf6fa15821f4535d3819ae55198ba5f06abea5138ba7c1b4f5f27368ce7f23,data/datasets/openfake/additional-900/images/real/dccf6fa15821f4535d3819ae55198ba5f06abea5138ba7c1b4f5f27368ce7f23.jpg,medium,0,0.5065862536430359
dcd2c19591daf2cbfd2bcb1c4830e97eeb742ba2408f64763ffa480267237f63,data/datasets/openfake/additional-900/images/fake/dcd2c19591daf2cbfd2bcb1c4830e97eeb742ba2408f64763ffa480267237f63.png,medium,1,0.8755449056625366
dcd3f7dd5053170f10a3ab0900fa8c702de592cf305e62c2a367d94414b02df8,data/datasets/sid-set/candidate-1500/images/fake/dcd3f7dd5053170f10a3ab0900fa8c702de592cf305e62c2a367d94414b02df8.png,medium,1,0.9039224982261658
dd09dd3068cb2d8e0d6c7b3dd15c3b17be0f8a851af820c5feca17230ec4e95b,data/datasets/openfake/additional-900/images/fake/dd09dd3068cb2d8e0d6c7b3dd15c3b17be0f8a851af820c5feca17230ec4e95b.png,low,1,0.992233395576477
dd18df7b38f781b11c260181dc0327820bf8b89e4b23e88f95bb0546bcb6d829,data/datasets/openfake/additional-900/images/fake/dd18df7b38f781b11c260181dc0327820bf8b89e4b23e88f95bb0546bcb6d829.jpg,low,1,0.2116711139678955
dd56b3255844665fbc9640324af4fd01d73f23e6d0d44063278df29dd593146f,data/datasets/sid-set/candidate-1500/images/fake/dd56b3255844665fbc9640324af4fd01d73f23e6d0d44063278df29dd593146f.png,medium,1,0.926790177822113
dd572b4dd999553839175bf9cc0fbe795d13e53177bf70201e752c72efdf221b,data/datasets/sid-set/candidate-1500/images/fake/dd572b4dd999553839175bf9cc0fbe795d13e53177bf70201e752c72efdf221b.png,medium,1,0.9789990186691284
dd720d73e77e8dc5198e72d1f0ffb5626548f5134311acf00eed71739feadd9e,data/datasets/sid-set/candidate-1500/images/real/dd720d73e77e8dc5198e72d1f0ffb5626548f5134311acf00eed71739feadd9e.jpg,medium,0,0.019825806841254234
dda6c410e0793a7115e01ef848b8610316da3e64afc43489fec0ca543910f347,data/datasets/openfake/additional-900/images/fake/dda6c410e0793a7115e01ef848b8610316da3e64afc43489fec0ca543910f347.jpg,medium,1,0.12159362435340881
dda7436936674d04d881ee30dbddb213f5e03aa8f9d8df3f0bcde619def803fb,data/datasets/sid-set/candidate-1500/images/fake/dda7436936674d04d881ee30dbddb213f5e03aa8f9d8df3f0bcde619def803fb.png,medium,1,0.9910979866981506
ddafbd1b3c67262d8609fed95e13fc65ef7bae60d9001db1d08f6f9ec1a1ebee,data/datasets/sid-set/candidate-1500/images/fake/ddafbd1b3c67262d8609fed95e13fc65ef7bae60d9001db1d08f6f9ec1a1ebee.png,low,1,0.9819431900978088
ddbb6e7eb3376cee6269c2ff595e1180502bbd8a714183cbc2e1c61571590f71,data/datasets/openfake/pilot-600/images/fake/ddbb6e7eb3376cee6269c2ff595e1180502bbd8a714183cbc2e1c61571590f71.png,medium,1,0.9948877692222595
ddc5dcb131258fb47d899362a6e5ff6b647f7e03a940f09a66e4b2ad76e8136c,data/datasets/sid-set/candidate-1500/images/fake/ddc5dcb131258fb47d899362a6e5ff6b647f7e03a940f09a66e4b2ad76e8136c.png,medium,1,0.9760103821754456
ddd9ae1bbef685ea70570786a464d744c95722873f2f9ec3187034786c72966c,data/datasets/openfake/additional-900/images/fake/ddd9ae1bbef685ea70570786a464d744c95722873f2f9ec3187034786c72966c.png,medium,1,0.8696342706680298
dde25b31d92db504d73c99368d6662157d853b91ae3b99b121531fd6f56fc42f,data/datasets/openfake/pilot-600/images/real/dde25b31d92db504d73c99368d6662157d853b91ae3b99b121531fd6f56fc42f.jpg,low,0,0.6682084202766418
de0622ed970f636a04f05b17a091b4c64a5aa311cea7b872a19f4f649445f8c9,data/datasets/sid-set/candidate-1500/images/real/de0622ed970f636a04f05b17a091b4c64a5aa311cea7b872a19f4f649445f8c9.jpg,medium,0,0.00812592264264822
de0b635df4dfd7e35ff0254c151d1102e50458c65b50e785eb1a57fbede2184a,data/datasets/sid-set/candidate-1500/images/real/de0b635df4dfd7e35ff0254c151d1102e50458c65b50e785eb1a57fbede2184a.jpg,low,0,0.11198526620864868
de2d8d412d4b1896254b4cdddea16288d92da2527df75f6069c02e24fdc25ed4,data/datasets/sid-set/candidate-1500/images/fake/de2d8d412d4b1896254b4cdddea16288d92da2527df75f6069c02e24fdc25ed4.png,medium,1,0.9477776288986206
de6f63e735dc2dfe6de36932ac12e1b0fc1a3bcce4c7fc0973825c2bbc0d44d5,data/datasets/openfake/additional-900/images/fake/de6f63e735dc2dfe6de36932ac12e1b0fc1a3bcce4c7fc0973825c2bbc0d44d5.png,medium,1,0.766954243183136
de7278bc851757e91b219a4d5003b05ec95ed59cb015709769dc0d3192a087ef,data/datasets/openfake/pilot-600/images/fake/de7278bc851757e91b219a4d5003b05ec95ed59cb015709769dc0d3192a087ef.png,medium,1,0.980544924736023
de78cfb6ac87519955fccf7d2852a5207aca84b275edad0c65c117377783f053,data/datasets/openfake/pilot-600/images/real/de78cfb6ac87519955fccf7d2852a5207aca84b275edad0c65c117377783f053.jpg,medium,0,0.1521173119544983
de8715638e477f01341583d52c0a349524c262c268df89c0c7b2fb4c81672257,data/datasets/sid-set/candidate-1500/images/real/de8715638e477f01341583d52c0a349524c262c268df89c0c7b2fb4c81672257.jpg,medium,0,0.001294482033699751
de8acfe3cbd87b8397b5cd7c53e49c65d1e570552d73591e65510b677d00f01a,data/datasets/sid-set/candidate-1500/images/real/de8acfe3cbd87b8397b5cd7c53e49c65d1e570552d73591e65510b677d00f01a.jpg,low,0,0.8520877361297607
dea6c2efbae9192d3f7126c07a34f4b49bf20552a931a9aa7bf8a5826226f02e,data/datasets/openfake/additional-900/images/fake/dea6c2efbae9192d3f7126c07a34f4b49bf20552a931a9aa7bf8a5826226f02e.png,medium,1,0.945823073387146
dea9759161aaac39b66878fb0c9f8a1fa71e7c04657c47a9a0fcc79ac620939d,data/datasets/openfake/pilot-600/images/real/dea9759161aaac39b66878fb0c9f8a1fa71e7c04657c47a9a0fcc79ac620939d.jpg,medium,0,0.08631400018930435
deb5c137a6cfb0f0651e6960166159761901873ec6764ce292d51b98ce1dd31e,data/datasets/sid-set/candidate-1500/images/fake/deb5c137a6cfb0f0651e6960166159761901873ec6764ce292d51b98ce1dd31e.png,medium,1,0.8119674921035767
deb7eed518d8ed402535777586c38ae23fe8889ab325767910e7b6b7ea3ebaca,data/datasets/sid-set/candidate-1500/images/fake/deb7eed518d8ed402535777586c38ae23fe8889ab325767910e7b6b7ea3ebaca.png,low,1,0.6588901877403259
dec3465e15cdd3d107fc961bfa32b01a11441ee70169b3565c74a5119db14e0d,data/datasets/openfake/additional-900/images/real/dec3465e15cdd3d107fc961bfa32b01a11441ee70169b3565c74a5119db14e0d.jpg,low,0,0.04309219866991043
dec8f224a5095e2d3f56e4beaade3f0997ff8fdfe0a5bf5a1198c0c7c15f2d7a,data/datasets/sid-set/candidate-1500/images/real/dec8f224a5095e2d3f56e4beaade3f0997ff8fdfe0a5bf5a1198c0c7c15f2d7a.jpg,medium,0,0.13897688686847687
ded341dd7ab8ba5c320464b548e9944a030c22ff3637e3541e2d9083ce4f250a,data/datasets/openfake/additional-900/images/real/ded341dd7ab8ba5c320464b548e9944a030c22ff3637e3541e2d9083ce4f250a.jpg,medium,0,0.017489667981863022
dee3994889b4447c84cafc498b56c70472d38c6a735a1036df9bfa8f5f033786,data/datasets/sid-set/candidate-1500/images/real/dee3994889b4447c84cafc498b56c70472d38c6a735a1036df9bfa8f5f033786.jpg,medium,0,0.06858807802200317
dee8c94d19fb31484b0f30b946dabcebb891304f087ee3fb82f5c1c3bb1f75d9,data/datasets/openfake/pilot-600/images/fake/dee8c94d19fb31484b0f30b946dabcebb891304f087ee3fb82f5c1c3bb1f75d9.png,medium,1,0.9895022511482239
df0c132418cf0f481e0151f78b2c059c665c054ffbd56d5e056601a1c2c862ef,data/datasets/openfake/additional-900/images/fake/df0c132418cf0f481e0151f78b2c059c665c054ffbd56d5e056601a1c2c862ef.png,medium,1,0.8074115514755249
df1c4fd1ca76fbe1f0323935746ff37cf185defbdc27934b11ee3b9a16c02b80,data/datasets/openfake/pilot-600/images/real/df1c4fd1ca76fbe1f0323935746ff37cf185defbdc27934b11ee3b9a16c02b80.jpg,medium,0,0.0936572328209877
df60c070316d0c7f41977e18195bdb9a9e77ba049a8871551ceb64bc860fdd63,data/datasets/openfake/pilot-600/images/real/df60c070316d0c7f41977e18195bdb9a9e77ba049a8871551ceb64bc860fdd63.jpg,low,0,0.9892579913139343
df6808b76272bc58b91db76b4f8852df72f41128b172bb9916129aabb8ea867c,data/datasets/openfake/pilot-600/images/fake/df6808b76272bc58b91db76b4f8852df72f41128b172bb9916129aabb8ea867c.png,high,1,0.9963485598564148
df9bc81396682d84264e5de42d52252732277c89e49865e6ed3e54a9fcb8758b,data/datasets/openfake/additional-900/images/real/df9bc81396682d84264e5de42d52252732277c89e49865e6ed3e54a9fcb8758b.jpg,medium,0,0.0003215990145690739
e020b31cbf0a3fb6384278f845d8cbf47ce4e51c6131f32fa579cd7a9dbead1a,data/datasets/openfake/additional-900/images/real/e020b31cbf0a3fb6384278f845d8cbf47ce4e51c6131f32fa579cd7a9dbead1a.jpg,low,0,0.8918089270591736
e0241536b66aeb4681a42afe37bc96078804f2335bf2b30280aa5fdc4f57ec19,data/datasets/sid-set/candidate-1500/images/real/e0241536b66aeb4681a42afe37bc96078804f2335bf2b30280aa5fdc4f57ec19.jpg,medium,0,0.003002578392624855
e039c9608ece123f58af45636439d1375c43423888ef34ca6230166fbe448352,data/datasets/openfake/pilot-600/images/real/e039c9608ece123f58af45636439d1375c43423888ef34ca6230166fbe448352.jpg,medium,0,0.03053518943488598
e05fdca77a4778e708789a5e98bac79205025b51d6ccc88463037c44b22b3a51,data/datasets/sid-set/candidate-1500/images/fake/e05fdca77a4778e708789a5e98bac79205025b51d6ccc88463037c44b22b3a51.png,medium,1,0.9949701428413391
e085a87989b2bd3760c3458eff960248f9becfb5f4c90f6a85adfbae82b2bff5,data/datasets/sid-set/candidate-1500/images/real/e085a87989b2bd3760c3458eff960248f9becfb5f4c90f6a85adfbae82b2bff5.jpg,medium,0,0.976914644241333
e08ac5c00da1a8abdb02f6bd19eb4ab41d72ec6aca76fc2f68c49ead03e1ce89,data/datasets/openfake/additional-900/images/fake/e08ac5c00da1a8abdb02f6bd19eb4ab41d72ec6aca76fc2f68c49ead03e1ce89.png,medium,1,0.9938910007476807
e0b6627b789c60261f9327bac0b2d1171b7b3e528d3da0c4876b7d0539ce1950,data/datasets/openfake/additional-900/images/real/e0b6627b789c60261f9327bac0b2d1171b7b3e528d3da0c4876b7d0539ce1950.jpg,medium,0,0.0038542081601917744
e0b8553d1bc047c1bd237eb4c5f83cbc3e79fe0a66360eeb54bbd3e1f062a6a7,data/datasets/openfake/pilot-600/images/fake/e0b8553d1bc047c1bd237eb4c5f83cbc3e79fe0a66360eeb54bbd3e1f062a6a7.png,medium,1,0.17335598170757294
e0c41adc56354762d4bb508c273ed009e99ba111b4570661ba01eb17d2ed0ef9,data/datasets/openfake/additional-900/images/real/e0c41adc56354762d4bb508c273ed009e99ba111b4570661ba01eb17d2ed0ef9.jpg,medium,0,0.005329398438334465
e0eb31ea615b460c378ecd0569922b853da546444e81a32eb27e4fb80658cd79,data/datasets/sid-set/candidate-1500/images/fake/e0eb31ea615b460c378ecd0569922b853da546444e81a32eb27e4fb80658cd79.png,low,1,0.978725016117096
e1008351bb152cb452f917590c415a5ebbae2073ad42e4261329b43dbad5d6dd,data/datasets/openfake/additional-900/images/real/e1008351bb152cb452f917590c415a5ebbae2073ad42e4261329b43dbad5d6dd.jpg,medium,0,0.7699916958808899
e1258adc73c6b68d9e12c797c0fbdd1d130be6e6f07380e55b4923540d28a101,data/datasets/sid-set/candidate-1500/images/real/e1258adc73c6b68d9e12c797c0fbdd1d130be6e6f07380e55b4923540d28a101.jpg,medium,0,0.1751205325126648
e15fb5600df3650d55a6c5163238e6a7c02795915d66339586bd707bcdc356be,data/datasets/sid-set/candidate-1500/images/fake/e15fb5600df3650d55a6c5163238e6a7c02795915d66339586bd707bcdc356be.png,medium,1,0.934769332408905
e16566fc8a79d68d5a30f05fbee3f43a7336774915ee7509be7ea6d7ef9e1ed5,data/datasets/sid-set/candidate-1500/images/fake/e16566fc8a79d68d5a30f05fbee3f43a7336774915ee7509be7ea6d7ef9e1ed5.png,medium,1,0.9738918542861938
e17497a2d9000857032718f0c1d6da473d9d33ad6a4a7f55e7bee6f53e00c38f,data/datasets/sid-set/candidate-1500/images/real/e17497a2d9000857032718f0c1d6da473d9d33ad6a4a7f55e7bee6f53e00c38f.jpg,low,0,0.9221994876861572
e1aae5ff2228ea65682ba458f78da061335c45e6e25344fc567783e14eb56501,data/datasets/sid-set/candidate-1500/images/fake/e1aae5ff2228ea65682ba458f78da061335c45e6e25344fc567783e14eb56501.png,medium,1,0.9360459446907043
e1c5fe35f7008d8ed68eed70e48f4819dd62108cc50744fab98245c4d085a1d2,data/datasets/sid-set/candidate-1500/images/real/e1c5fe35f7008d8ed68eed70e48f4819dd62108cc50744fab98245c4d085a1d2.jpg,medium,0,0.017963778227567673
e1cbec9d93eee8d7bd14604e5f4c63c4e22e56d01e7b3326b1d90f0ec13316dc,data/datasets/openfake/pilot-600/images/fake/e1cbec9d93eee8d7bd14604e5f4c63c4e22e56d01e7b3326b1d90f0ec13316dc.png,medium,1,0.9843420386314392
e226168e72221cf8d0f8d5224ed38d4ec482ef4b83b21a78d24ea4643537f0d1,data/datasets/openfake/pilot-600/images/real/e226168e72221cf8d0f8d5224ed38d4ec482ef4b83b21a78d24ea4643537f0d1.jpg,medium,0,0.010037142783403397
e2377d129b99506546622be3b90600d6130addc2e0bc1ae4b450f1ed3e47b022,data/datasets/openfake/pilot-600/images/real/e2377d129b99506546622be3b90600d6130addc2e0bc1ae4b450f1ed3e47b022.jpg,medium,0,0.021075021475553513
e23b018dbcb13d938e2685c9ca79df8043b0acac4f15ee1320bf0d2fc9d89c99,data/datasets/sid-set/candidate-1500/images/fake/e23b018dbcb13d938e2685c9ca79df8043b0acac4f15ee1320bf0d2fc9d89c99.png,medium,1,0.9345078468322754
e23c5f97c3c0819f7d70bafa2a2535809ec47896f11c9f20561b1af807e8a9a5,data/datasets/sid-set/candidate-1500/images/fake/e23c5f97c3c0819f7d70bafa2a2535809ec47896f11c9f20561b1af807e8a9a5.png,high,1,0.9640693068504333
e2476087b3d713ff51326ccdef8bf98643526738368117038f69d6ce4737def7,data/datasets/sid-set/candidate-1500/images/fake/e2476087b3d713ff51326ccdef8bf98643526738368117038f69d6ce4737def7.png,low,1,0.9275962114334106
e249671c3ed8d7ed79103b7e69fc40fd23a2ba201175d7a6ca65a0a73f1b67c4,data/datasets/openfake/additional-900/images/real/e249671c3ed8d7ed79103b7e69fc40fd23a2ba201175d7a6ca65a0a73f1b67c4.jpg,medium,0,0.39829182624816895
e250b4e25325de8c8ace790d35846411293ea48a557c681d1507fd79c884d547,data/datasets/sid-set/candidate-1500/images/real/e250b4e25325de8c8ace790d35846411293ea48a557c681d1507fd79c884d547.jpg,low,0,0.7057240009307861
e254467176132a9005a1f8a2f4d22a093881058aab1825b128e650cf11e893a0,data/datasets/sid-set/candidate-1500/images/fake/e254467176132a9005a1f8a2f4d22a093881058aab1825b128e650cf11e893a0.png,medium,1,0.9874294400215149
e29296f1067afdc14c4bcb5078d5d39eb092fdbbb283b91d2cb2150a73987833,data/datasets/sid-set/candidate-1500/images/fake/e29296f1067afdc14c4bcb5078d5d39eb092fdbbb283b91d2cb2150a73987833.png,low,1,0.5901519060134888
e2a8dea38a2056ad4e00333997b31a5007a6b08bf901b31a44bc4e8757eca9b1,data/datasets/openfake/pilot-600/images/fake/e2a8dea38a2056ad4e00333997b31a5007a6b08bf901b31a44bc4e8757eca9b1.png,medium,1,0.998872697353363
e2cba1fea63e7e7ab9c587055f6747674facd3cde415aabd8be5aa4bb8102298,data/datasets/sid-set/candidate-1500/images/fake/e2cba1fea63e7e7ab9c587055f6747674facd3cde415aabd8be5aa4bb8102298.png,medium,1,0.9697530269622803
e2ced96352ff6218c6b0998b365863ea1f2b2cf379638cb31bbe5522accf2898,data/datasets/openfake/additional-900/images/fake/e2ced96352ff6218c6b0998b365863ea1f2b2cf379638cb31bbe5522accf2898.jpg,medium,1,0.9512395858764648
e2ee51e17fdf741fc68df3d7219a7a821cfa12a32fd509633a59302dddaffea8,data/datasets/openfake/additional-900/images/real/e2ee51e17fdf741fc68df3d7219a7a821cfa12a32fd509633a59302dddaffea8.jpg,medium,0,0.005315764807164669
e317a25743bcf91143dadfa9119290983c31ea4a1b63a94bd6be4f5371db3c7b,data/datasets/sid-set/candidate-1500/images/real/e317a25743bcf91143dadfa9119290983c31ea4a1b63a94bd6be4f5371db3c7b.jpg,low,0,0.05911478027701378
e343059e540802a1fb3b688a4c270c9851f8165322ed9b7e96eecaa5d4f8cb5a,data/datasets/openfake/pilot-600/images/real/e343059e540802a1fb3b688a4c270c9851f8165322ed9b7e96eecaa5d4f8cb5a.jpg,medium,0,0.0004213945067021996
e34e9c0c50b107913e4b1fbabd32cba8b4e246e8650dccb1a4cc7683bbd11ae0,data/datasets/openfake/pilot-600/images/real/e34e9c0c50b107913e4b1fbabd32cba8b4e246e8650dccb1a4cc7683bbd11ae0.jpg,medium,0,0.040434688329696655
e372dec4b06106de17c8498e832de8372dca39b773a5b8d69175d0b47a329351,data/datasets/sid-set/candidate-1500/images/fake/e372dec4b06106de17c8498e832de8372dca39b773a5b8d69175d0b47a329351.png,medium,1,0.9871091842651367
e37b1117f955cadc49b70ce95e8d68c8709fa28577cd558c17642ce7acfb2732,data/datasets/sid-set/candidate-1500/images/real/e37b1117f955cadc49b70ce95e8d68c8709fa28577cd558c17642ce7acfb2732.jpg,high,0,0.34312647581100464
e39fed98c359c77819fe68978447873c0353a1f0c120f6127e0ac947d3838725,data/datasets/sid-set/candidate-1500/images/fake/e39fed98c359c77819fe68978447873c0353a1f0c120f6127e0ac947d3838725.png,medium,1,0.6734865307807922
e3a24520e9bd6af1c62a01747a5e9a1038a28f86f4ec410b99dfe557f3d6f0ec,data/datasets/sid-set/candidate-1500/images/fake/e3a24520e9bd6af1c62a01747a5e9a1038a28f86f4ec410b99dfe557f3d6f0ec.png,medium,1,0.9818582534790039
e3f319f7de70ffc77fcee754aedafe95391e0c28f970cba15683d196809d5cbe,data/datasets/sid-set/candidate-1500/images/fake/e3f319f7de70ffc77fcee754aedafe95391e0c28f970cba15683d196809d5cbe.png,low,1,0.9813506603240967
e417f463240e8161a6ff10871355d68125c834c58a390d841aa029269f3dacd5,data/datasets/openfake/additional-900/images/fake/e417f463240e8161a6ff10871355d68125c834c58a390d841aa029269f3dacd5.png,medium,1,0.9356544613838196
e42949f70524b3607a8a55d1dbc8ae74b6557033413ae15a8b7461c7a87027bd,data/datasets/sid-set/candidate-1500/images/real/e42949f70524b3607a8a55d1dbc8ae74b6557033413ae15a8b7461c7a87027bd.jpg,medium,0,0.7453175187110901
e4347359ccfbca1425d05e7bb5e793945ce56895cddf82fdc0b153cdf83e413b,data/datasets/openfake/additional-900/images/fake/e4347359ccfbca1425d05e7bb5e793945ce56895cddf82fdc0b153cdf83e413b.png,medium,1,0.7965665459632874
e448b80ee5c8c0b2b2e8087a23b8ffd74555838b97fcd8cb022701e04f2e701a,data/datasets/sid-set/candidate-1500/images/fake/e448b80ee5c8c0b2b2e8087a23b8ffd74555838b97fcd8cb022701e04f2e701a.png,low,1,0.9647195339202881
e44ed1c77456cdfc1d9f7fe3f92be797d5284cab2306850f1af89f5d3de665d7,data/datasets/openfake/pilot-600/images/real/e44ed1c77456cdfc1d9f7fe3f92be797d5284cab2306850f1af89f5d3de665d7.jpg,low,0,0.0017930228495970368
e47a60c1f49271502f00cd8b7a8bf54790ed3531fb7a6a77a8414b05687126f5,data/datasets/openfake/additional-900/images/fake/e47a60c1f49271502f00cd8b7a8bf54790ed3531fb7a6a77a8414b05687126f5.jpg,medium,1,0.38573870062828064
e48a68cc12af25f634b662b6368953d7718a149f9f2543f957d3bd292bb59c36,data/datasets/openfake/pilot-600/images/real/e48a68cc12af25f634b662b6368953d7718a149f9f2543f957d3bd292bb59c36.jpg,low,0,0.004695695359259844
e4be1032618d0645c8afd62a1da7672fd6148bfcb287eb1f9fed54aeea08256f,data/datasets/openfake/additional-900/images/real/e4be1032618d0645c8afd62a1da7672fd6148bfcb287eb1f9fed54aeea08256f.jpg,medium,0,0.4395284950733185
e4dcb1b7c5c03ab2cf373802be052964ab017bba57c5d841c81d90347ad06c4c,data/datasets/openfake/additional-900/images/real/e4dcb1b7c5c03ab2cf373802be052964ab017bba57c5d841c81d90347ad06c4c.jpg,medium,0,0.9872807860374451
e4de90a18991b8a5a6e2b59129e43dd419c143c6f3ee991c77fd3ba028e75521,data/datasets/sid-set/candidate-1500/images/real/e4de90a18991b8a5a6e2b59129e43dd419c143c6f3ee991c77fd3ba028e75521.jpg,low,0,0.35875552892684937
e4f4441b66da27740343f3582e16f2b8824e132433b2dfb2ca9b0af0f5da4656,data/datasets/sid-set/candidate-1500/images/real/e4f4441b66da27740343f3582e16f2b8824e132433b2dfb2ca9b0af0f5da4656.jpg,medium,0,0.07134367525577545
e53031879dcc328fde5b7f528f329367b7528a679f5617fe6ab0030cc9d8d022,data/datasets/openfake/additional-900/images/real/e53031879dcc328fde5b7f528f329367b7528a679f5617fe6ab0030cc9d8d022.jpg,medium,0,0.037891097366809845
e5646b4210884c08c74cbdad4f863cba352337a125e163c510906c17c56bbce1,data/datasets/openfake/pilot-600/images/real/e5646b4210884c08c74cbdad4f863cba352337a125e163c510906c17c56bbce1.jpg,medium,0,0.48410895466804504
e5664878566d81798c9ca3c86df4b19799156e84ef7754625cd789a34d141f90,data/datasets/sid-set/candidate-1500/images/real/e5664878566d81798c9ca3c86df4b19799156e84ef7754625cd789a34d141f90.jpg,medium,0,0.9015063643455505
e567c49b21c5a1fc0aab1b42abe68c658296d66648dd925aee527a4d93671401,data/datasets/sid-set/candidate-1500/images/fake/e567c49b21c5a1fc0aab1b42abe68c658296d66648dd925aee527a4d93671401.png,low,1,0.9409322738647461
e56b6a2084b51745513fef6340a3887aa514b5be8db711d2141e31bc5e0c7bf7,data/datasets/openfake/additional-900/images/fake/e56b6a2084b51745513fef6340a3887aa514b5be8db711d2141e31bc5e0c7bf7.png,low,1,0.9438664317131042
e56e2f5b66a57a620ba70b556ecf916ec8aa135d73a7d8754afc553d46d58ec8,data/datasets/openfake/additional-900/images/real/e56e2f5b66a57a620ba70b556ecf916ec8aa135d73a7d8754afc553d46d58ec8.jpg,medium,0,0.01661447249352932
e58412aa319910885afdd37d05af6b7a2985a6529802ff6d24c6f8940b4724f1,data/datasets/sid-set/candidate-1500/images/real/e58412aa319910885afdd37d05af6b7a2985a6529802ff6d24c6f8940b4724f1.jpg,medium,0,0.03101471997797489
e58ae918e5b2c6d32e0891fc36d7d9ce4b3a0dca6bb0d09094eef2765e1b4b05,data/datasets/openfake/additional-900/images/real/e58ae918e5b2c6d32e0891fc36d7d9ce4b3a0dca6bb0d09094eef2765e1b4b05.jpg,medium,0,0.00018560550233814865
e59c2fb635417bc2508e837cfe2c9fb9966d118d2d38b085ada37dc3d4b7faad,data/datasets/openfake/additional-900/images/fake/e59c2fb635417bc2508e837cfe2c9fb9966d118d2d38b085ada37dc3d4b7faad.png,low,1,0.924508273601532
e5b1772035127163d2b013f898e1fd26826a1265052ce8bd11856278a40a8435,data/datasets/openfake/additional-900/images/fake/e5b1772035127163d2b013f898e1fd26826a1265052ce8bd11856278a40a8435.png,medium,1,0.9737116694450378
e5b202f9453fff3db7b7c881838e00b8416be51b4e95be88b72f89d3e466f6ca,data/datasets/openfake/pilot-600/images/fake/e5b202f9453fff3db7b7c881838e00b8416be51b4e95be88b72f89d3e466f6ca.png,medium,1,0.9424116611480713
e5b62dc872df9c7a5d27c6440bc2a15034e68de462fb8deb37186006a9177e9e,data/datasets/sid-set/candidate-1500/images/real/e5b62dc872df9c7a5d27c6440bc2a15034e68de462fb8deb37186006a9177e9e.jpg,medium,0,0.04215727746486664
e5cdfc26899f3666fec10d98ee0d8f2d4975441d05c73425edb621ef8a957712,data/datasets/sid-set/candidate-1500/images/real/e5cdfc26899f3666fec10d98ee0d8f2d4975441d05c73425edb621ef8a957712.jpg,medium,0,0.8629409670829773
e5f85c20cec3072aeedb0f6bfcf774dc516833d7281dbd678ac13c39a4802e33,data/datasets/sid-set/candidate-1500/images/fake/e5f85c20cec3072aeedb0f6bfcf774dc516833d7281dbd678ac13c39a4802e33.png,medium,1,0.9597510695457458
e61ad10ca797b541696215d240a3481edb66fb09979d3f7264f8e0ebe5b39a7c,data/datasets/openfake/pilot-600/images/fake/e61ad10ca797b541696215d240a3481edb66fb09979d3f7264f8e0ebe5b39a7c.jpg,high,1,0.18303218483924866
e6262ce0e925617eb3711017976fe1cc3e763e479cc6cbe32f69a1d2479c0749,data/datasets/sid-set/candidate-1500/images/fake/e6262ce0e925617eb3711017976fe1cc3e763e479cc6cbe32f69a1d2479c0749.png,medium,1,0.9985997080802917
e62e101cefbb85c6fedb23fa8441b6c3e2e93a58c6bfc4cef691d09f0064e067,data/datasets/sid-set/candidate-1500/images/real/e62e101cefbb85c6fedb23fa8441b6c3e2e93a58c6bfc4cef691d09f0064e067.jpg,medium,0,0.9978905320167542
e637c7511a2de0f3317ffba2951d657895a8c59bb7f1f0b39930133d1932e5ab,data/datasets/openfake/additional-900/images/real/e637c7511a2de0f3317ffba2951d657895a8c59bb7f1f0b39930133d1932e5ab.jpg,low,0,0.39860352873802185
e6423eebbf58c6993a10d2a6673f7f1eeb496541ec497dc40017c1cd57de1980,data/datasets/openfake/additional-900/images/real/e6423eebbf58c6993a10d2a6673f7f1eeb496541ec497dc40017c1cd57de1980.jpg,medium,0,0.019682209938764572
e65c0644c50d6e2a89c2e6ed66a937af3e5feb1f333edb0a0e5afafcfedb296e,data/datasets/openfake/pilot-600/images/real/e65c0644c50d6e2a89c2e6ed66a937af3e5feb1f333edb0a0e5afafcfedb296e.jpg,low,0,0.843559741973877
e65c80c6a92e9cd91f285c3791f273d7d407af08c129e065d49687b08b9fd3a2,data/datasets/sid-set/candidate-1500/images/fake/e65c80c6a92e9cd91f285c3791f273d7d407af08c129e065d49687b08b9fd3a2.png,medium,1,0.8670363426208496
e6714ac06a404b71993ccf545284226f9dac570a94f49e5ca22dd21c344520fc,data/datasets/openfake/pilot-600/images/real/e6714ac06a404b71993ccf545284226f9dac570a94f49e5ca22dd21c344520fc.jpg,medium,0,0.5389344692230225
e674e7586c95e7021a44cc36592804abd71b08d92ce640f8278ca9fd2f33e9d7,data/datasets/sid-set/candidate-1500/images/fake/e674e7586c95e7021a44cc36592804abd71b08d92ce640f8278ca9fd2f33e9d7.png,medium,1,0.9221683740615845
e677265ae1ef2920fef1d27a93c33800e43036d3e90c1140ee3afb7bcffbbbe7,data/datasets/sid-set/candidate-1500/images/fake/e677265ae1ef2920fef1d27a93c33800e43036d3e90c1140ee3afb7bcffbbbe7.png,medium,1,0.9992135763168335
e693e0de14c7bf14e43f1defe408ec51e6e5adbceeb3480b5dbf3836bcab763b,data/datasets/openfake/additional-900/images/fake/e693e0de14c7bf14e43f1defe408ec51e6e5adbceeb3480b5dbf3836bcab763b.png,high,1,0.9479996562004089
e6aa75cf6b4cda511236ce3d52861d7270edd9f29cd6eb14bbd553c9558c655f,data/datasets/sid-set/candidate-1500/images/real/e6aa75cf6b4cda511236ce3d52861d7270edd9f29cd6eb14bbd553c9558c655f.jpg,low,0,0.39075207710266113
e6be6cc8dc285b8024cbd0bc61ef22b7057c72b675a7cf1111caa165e510762d,data/datasets/openfake/additional-900/images/fake/e6be6cc8dc285b8024cbd0bc61ef22b7057c72b675a7cf1111caa165e510762d.png,medium,1,0.9671705961227417
e6c303903c122a1837e5e208d9c873bf309bd1f095e63b3ec46d5cd37ae4c9e3,data/datasets/openfake/additional-900/images/real/e6c303903c122a1837e5e208d9c873bf309bd1f095e63b3ec46d5cd37ae4c9e3.jpg,medium,0,0.7858929634094238
e6fd58a9fe7f24edf1c74fe2a009acdd34ecf884b34daf21ba01e7e7b5b60a17,data/datasets/openfake/additional-900/images/real/e6fd58a9fe7f24edf1c74fe2a009acdd34ecf884b34daf21ba01e7e7b5b60a17.jpg,medium,0,0.024626897647976875
e70508adb481ec12bd75490e8dedb84a96d2d22a0f00d08539aff08e352071c7,data/datasets/openfake/additional-900/images/real/e70508adb481ec12bd75490e8dedb84a96d2d22a0f00d08539aff08e352071c7.jpg,medium,0,0.13743135333061218
e7086195fe63aa19f2b10dd6aacce516b0d06b391a7fa64c206752df8ff04a65,data/datasets/sid-set/candidate-1500/images/fake/e7086195fe63aa19f2b10dd6aacce516b0d06b391a7fa64c206752df8ff04a65.png,medium,1,0.9656039476394653
e730304ab907dc040aa6516eacc6f38ca4b5d1b6ccf5914420fd22628cce2637,data/datasets/sid-set/candidate-1500/images/real/e730304ab907dc040aa6516eacc6f38ca4b5d1b6ccf5914420fd22628cce2637.jpg,medium,0,0.06308785080909729
e7586f21bc6e435c64a007d203f29c1454ad972287159a67308c9659a567d5ea,data/datasets/openfake/additional-900/images/fake/e7586f21bc6e435c64a007d203f29c1454ad972287159a67308c9659a567d5ea.png,medium,1,0.8152910470962524
e75a529350d91d3769bf5dec7041b9a5d251011be24e428da32d52c180e367b9,data/datasets/openfake/additional-900/images/real/e75a529350d91d3769bf5dec7041b9a5d251011be24e428da32d52c180e367b9.jpg,low,0,0.000122996571008116
e79369bc88e7aa240e319fb22b4cbec612407459ce01d9cd0523fc3539457cf7,data/datasets/openfake/additional-900/images/fake/e79369bc88e7aa240e319fb22b4cbec612407459ce01d9cd0523fc3539457cf7.png,low,1,0.05318315327167511
e79690a3c16bdcbd29185acc72bfe22fd562dde0fcc6ca4691198cba7ce3a168,data/datasets/sid-set/candidate-1500/images/real/e79690a3c16bdcbd29185acc72bfe22fd562dde0fcc6ca4691198cba7ce3a168.jpg,medium,0,0.08955228328704834
e7a4ac9fffa947d5ba77c7aa46471390551913cbb6647555a4b208bae3fd98f1,data/datasets/openfake/additional-900/images/real/e7a4ac9fffa947d5ba77c7aa46471390551913cbb6647555a4b208bae3fd98f1.jpg,medium,0,0.07780983299016953
e7b0ad6ee50f143b48e9049c75c4827f8cbed257d7c5b417063e3b6ec05607fd,data/datasets/openfake/additional-900/images/real/e7b0ad6ee50f143b48e9049c75c4827f8cbed257d7c5b417063e3b6ec05607fd.jpg,medium,0,0.1442718505859375
e7d5f0a34eb5761e96fa85318c22659363255eb3aa85b1665b2d65f1690b3bd6,data/datasets/sid-set/candidate-1500/images/real/e7d5f0a34eb5761e96fa85318c22659363255eb3aa85b1665b2d65f1690b3bd6.jpg,low,0,0.013864072971045971
e800cc6b1e962aa0887fe65f7a3ce0f6f1c7cf8b8d727f70d4863cc209d092ff,data/datasets/sid-set/candidate-1500/images/fake/e800cc6b1e962aa0887fe65f7a3ce0f6f1c7cf8b8d727f70d4863cc209d092ff.png,medium,1,0.9861019849777222
e814d5b553e88c77c7c429ed598c156d1f2b5a9f29ba81929c0d28d4471cca91,data/datasets/sid-set/candidate-1500/images/real/e814d5b553e88c77c7c429ed598c156d1f2b5a9f29ba81929c0d28d4471cca91.jpg,medium,0,0.6422103643417358
e88e4605f88f7ccfa42792abc0bc3a22110d19d74b30b32b3773541d0eeef4b8,data/datasets/sid-set/candidate-1500/images/fake/e88e4605f88f7ccfa42792abc0bc3a22110d19d74b30b32b3773541d0eeef4b8.png,medium,1,0.9911366701126099
e8aa761b3f259c51c450e9e6afb3ef5fb38db2e9a8a160b5e2dc54dc93bf75d2,data/datasets/sid-set/candidate-1500/images/fake/e8aa761b3f259c51c450e9e6afb3ef5fb38db2e9a8a160b5e2dc54dc93bf75d2.png,medium,1,0.9996488094329834
e8aed9f118b84313b3312190ab6ff95e8e7f70101ca02f8404916424f3cce28a,data/datasets/sid-set/candidate-1500/images/real/e8aed9f118b84313b3312190ab6ff95e8e7f70101ca02f8404916424f3cce28a.jpg,medium,0,0.2229924499988556
e8c93d61ae13f68b52b6c803a0fe26e6192cb4a5cfad3c95b78adab3d5d7e4bc,data/datasets/openfake/additional-900/images/real/e8c93d61ae13f68b52b6c803a0fe26e6192cb4a5cfad3c95b78adab3d5d7e4bc.jpg,medium,0,0.06785641610622406
e8dfe80b14382ae7e7413d167a3b3e88a9b1d050e0ad8879b01c5971d2fc6948,data/datasets/openfake/additional-900/images/real/e8dfe80b14382ae7e7413d167a3b3e88a9b1d050e0ad8879b01c5971d2fc6948.jpg,medium,0,0.7556762099266052
e8ea52451932dda82ac0b013998e1d331f31d67cf276f625b734793aa7516725,data/datasets/sid-set/candidate-1500/images/fake/e8ea52451932dda82ac0b013998e1d331f31d67cf276f625b734793aa7516725.png,low,1,0.9478324055671692
e9290492c05c69ff088fb88b20e6cba7afd6993b4f02fb5dcab88db1537457e2,data/datasets/openfake/pilot-600/images/real/e9290492c05c69ff088fb88b20e6cba7afd6993b4f02fb5dcab88db1537457e2.jpg,medium,0,0.00034044295898638666
e92940664edfacae286da30c613558edd1d11bd12574c5fffea0bc5de5be6527,data/datasets/openfake/pilot-600/images/fake/e92940664edfacae286da30c613558edd1d11bd12574c5fffea0bc5de5be6527.png,low,1,0.9984292387962341
e929aefd2e666ecdb3b03a5eb456b21582c0844785fd2c7d03ea20bd08b45a7c,data/datasets/sid-set/candidate-1500/images/fake/e929aefd2e666ecdb3b03a5eb456b21582c0844785fd2c7d03ea20bd08b45a7c.png,medium,1,0.973559558391571
e92c07ab9a8c9f867028d07a1fc1c08abc797938627a7d5b8627d1bfd4f39983,data/datasets/sid-set/candidate-1500/images/real/e92c07ab9a8c9f867028d07a1fc1c08abc797938627a7d5b8627d1bfd4f39983.jpg,low,0,0.6309031248092651
e938c66db62164824175c19603adcc248affb3465ac82042e9ef748a580306d8,data/datasets/openfake/additional-900/images/fake/e938c66db62164824175c19603adcc248affb3465ac82042e9ef748a580306d8.webp,medium,1,0.2632743716239929
e93a51a935ce7f59c66798986208019eb5aecfbdce0aca2d72d04a4cb4f100b8,data/datasets/openfake/pilot-600/images/real/e93a51a935ce7f59c66798986208019eb5aecfbdce0aca2d72d04a4cb4f100b8.jpg,medium,0,0.6990200281143188
e9429201e92ef6ece0d48c4086838bddee40d64d2153d152dc4e54be0c30e754,data/datasets/sid-set/candidate-1500/images/fake/e9429201e92ef6ece0d48c4086838bddee40d64d2153d152dc4e54be0c30e754.png,low,1,0.9664846062660217
e945d9f6a95aeac6aa43a512b0306929cba7671ea459a1cd58a8483ce92849d7,data/datasets/sid-set/candidate-1500/images/real/e945d9f6a95aeac6aa43a512b0306929cba7671ea459a1cd58a8483ce92849d7.jpg,low,0,0.16284412145614624
e956e3fd9d1c280eeb8919c5181ce09fe2903c0faeab320aa16bdeea373741cf,data/datasets/openfake/additional-900/images/real/e956e3fd9d1c280eeb8919c5181ce09fe2903c0faeab320aa16bdeea373741cf.jpg,low,0,5.8081746828975156e-05
e95c6d51825805da7390f362b4385e9fbc46ae05970b754a058dc546ebf0203b,data/datasets/sid-set/candidate-1500/images/fake/e95c6d51825805da7390f362b4385e9fbc46ae05970b754a058dc546ebf0203b.png,low,1,0.8625912070274353
e9871344f460d2a83d328199ace553bb21eec1bbae69717394c6f08d338a9930,data/datasets/sid-set/candidate-1500/images/fake/e9871344f460d2a83d328199ace553bb21eec1bbae69717394c6f08d338a9930.png,medium,1,0.9618409276008606
e9a63cfba25176df1091dcabb5e1fec57f5568eb751811e16966e62cd11e8e04,data/datasets/sid-set/candidate-1500/images/fake/e9a63cfba25176df1091dcabb5e1fec57f5568eb751811e16966e62cd11e8e04.png,medium,1,0.9978269934654236
e9b62a2d97b009a091d155b8bb73b73561ca417e9889ecb8fca3b1915e6545be,data/datasets/sid-set/candidate-1500/images/real/e9b62a2d97b009a091d155b8bb73b73561ca417e9889ecb8fca3b1915e6545be.jpg,medium,0,0.8670891523361206
e9bb1390d5b92dfd5337782a36502e1101a00fac3d9a997952c86e73642b53ac,data/datasets/sid-set/candidate-1500/images/fake/e9bb1390d5b92dfd5337782a36502e1101a00fac3d9a997952c86e73642b53ac.png,medium,1,0.9847217202186584
e9d9577792209a7e195a70716751784fae64b0abf88fa17978efcae7056cae84,data/datasets/sid-set/candidate-1500/images/fake/e9d9577792209a7e195a70716751784fae64b0abf88fa17978efcae7056cae84.png,low,1,0.8660481572151184
e9ffd0d6e3d69e32f05d0393abb4feae7ccaba5bf2535a064907cd24683a864c,data/datasets/sid-set/candidate-1500/images/real/e9ffd0d6e3d69e32f05d0393abb4feae7ccaba5bf2535a064907cd24683a864c.jpg,medium,0,0.9885741472244263
ea060d7c89f0ba561222222ab2ae25ce4e58ea699d1e74bd8fe5bdda2ea26572,data/datasets/openfake/pilot-600/images/fake/ea060d7c89f0ba561222222ab2ae25ce4e58ea699d1e74bd8fe5bdda2ea26572.png,low,1,0.9824016690254211
ea0a109a20508fd3c96274b4a13d0497c1340d784f69eacc726d366666f6c17f,data/datasets/sid-set/candidate-1500/images/fake/ea0a109a20508fd3c96274b4a13d0497c1340d784f69eacc726d366666f6c17f.png,low,1,0.8539365530014038
ea20cbb5c5d78439debe74ebd8fe25106751a3c3b4a9423019a0b9ce7bb6b74d,data/datasets/openfake/additional-900/images/fake/ea20cbb5c5d78439debe74ebd8fe25106751a3c3b4a9423019a0b9ce7bb6b74d.png,low,1,0.8912093639373779
ea29ab4c83a8c7d68f5cf12f67962647f17e073d2f61a18779f23f3a48192bbe,data/datasets/openfake/pilot-600/images/real/ea29ab4c83a8c7d68f5cf12f67962647f17e073d2f61a18779f23f3a48192bbe.jpg,medium,0,0.7350077629089355
ea5ec078aa1ba9a2175e55d3ca7e3fd51cfa721297eabea7cf4e0b7caaa0e460,data/datasets/openfake/pilot-600/images/real/ea5ec078aa1ba9a2175e55d3ca7e3fd51cfa721297eabea7cf4e0b7caaa0e460.jpg,low,0,0.0003497182042337954
ea5f6daf7b78f6e638376e73456b630ea7633d2f191612bdfd8a9f81e261ac66,data/datasets/sid-set/candidate-1500/images/fake/ea5f6daf7b78f6e638376e73456b630ea7633d2f191612bdfd8a9f81e261ac66.png,low,1,0.9874629974365234
ea5f887f987e2dcc8c1dd7afde11ecb366c4d32f1d0133d58bf5f2fd051d251e,data/datasets/openfake/pilot-600/images/fake/ea5f887f987e2dcc8c1dd7afde11ecb366c4d32f1d0133d58bf5f2fd051d251e.png,medium,1,0.9903174638748169
ea88e4e6d9ac591e831dfb2c5b1e1271f2ddf5d1101ef7ff64b219338263305e,data/datasets/sid-set/candidate-1500/images/real/ea88e4e6d9ac591e831dfb2c5b1e1271f2ddf5d1101ef7ff64b219338263305e.jpg,medium,0,0.13412098586559296
eaee3a87255020089020d3ab06c29a1d7b33eefeb5a5016eb8cae5e538e798dd,data/datasets/openfake/additional-900/images/real/eaee3a87255020089020d3ab06c29a1d7b33eefeb5a5016eb8cae5e538e798dd.jpg,low,0,0.11635944992303848
eaf983cf37edfb3e3366480ef5ffcd2a654c482fdf4899f15213d5737157491b,data/datasets/openfake/additional-900/images/real/eaf983cf37edfb3e3366480ef5ffcd2a654c482fdf4899f15213d5737157491b.jpg,medium,0,0.15324367582798004
eb028dd17b98123d91dbef771a400522869c1f3acafb6e59d9468698ba8cda56,data/datasets/sid-set/candidate-1500/images/fake/eb028dd17b98123d91dbef771a400522869c1f3acafb6e59d9468698ba8cda56.png,medium,1,0.7524427771568298
eb25386057bf63378375e3a9c1bb6600ddcd3d5eb615eb42dbac095afc0ec08b,data/datasets/sid-set/candidate-1500/images/fake/eb25386057bf63378375e3a9c1bb6600ddcd3d5eb615eb42dbac095afc0ec08b.png,medium,1,0.6787385940551758
eb270e52b277d25700e8e60b37c434c8fc8dc01c30079ab7a39a346b9f14c25e,data/datasets/openfake/pilot-600/images/real/eb270e52b277d25700e8e60b37c434c8fc8dc01c30079ab7a39a346b9f14c25e.jpg,medium,0,0.3747323155403137
eb4f2e2c8ca26dcba53bdf511fc49c53a636e45b403dfc21d80a72bb45869ae2,data/datasets/sid-set/candidate-1500/images/real/eb4f2e2c8ca26dcba53bdf511fc49c53a636e45b403dfc21d80a72bb45869ae2.jpg,medium,0,0.5226072072982788
eb4fe7b96ed7e5b8a7e4e24e25163c80144548fd68e4a0d32432629b9761278c,data/datasets/sid-set/candidate-1500/images/real/eb4fe7b96ed7e5b8a7e4e24e25163c80144548fd68e4a0d32432629b9761278c.jpg,low,0,0.15709955990314484
eb5fe23c53e82d40cee8849c03bfb89924044e05e85fa26b04f16a724103f5af,data/datasets/sid-set/candidate-1500/images/real/eb5fe23c53e82d40cee8849c03bfb89924044e05e85fa26b04f16a724103f5af.jpg,medium,0,0.6196374297142029
eb72110be5ec5a1de56cb685ce3c48a33e31a3b3354d8d59f087d40819593981,data/datasets/sid-set/candidate-1500/images/real/eb72110be5ec5a1de56cb685ce3c48a33e31a3b3354d8d59f087d40819593981.jpg,medium,0,0.582318902015686
ebdebf8dc4ed538c9446dca96c4428f2c80802d1f470b7296db79c2603f766d8,data/datasets/sid-set/candidate-1500/images/fake/ebdebf8dc4ed538c9446dca96c4428f2c80802d1f470b7296db79c2603f766d8.png,low,1,0.9967118501663208
ec057870e9c342b196d830d0f7b8e71e5ee175d8e1c645a3f070b4a1f301c895,data/datasets/sid-set/candidate-1500/images/fake/ec057870e9c342b196d830d0f7b8e71e5ee175d8e1c645a3f070b4a1f301c895.png,low,1,0.9796287417411804
ec09d52ad34b1e0573bdeb40a80207e83c488d698dcb79aaebe53abbba6cbe92,data/datasets/sid-set/candidate-1500/images/real/ec09d52ad34b1e0573bdeb40a80207e83c488d698dcb79aaebe53abbba6cbe92.jpg,medium,0,0.14545829594135284
ec0ccc7fa2722405ae8e46b33d0dcf5f0c22c67f71f57938599ef3aefb53db7a,data/datasets/openfake/additional-900/images/real/ec0ccc7fa2722405ae8e46b33d0dcf5f0c22c67f71f57938599ef3aefb53db7a.jpg,medium,0,0.006754528731107712
ec0d345c20754888dd99a586dafb61544a672664a4bf9b7b697410081f83de85,data/datasets/openfake/pilot-600/images/real/ec0d345c20754888dd99a586dafb61544a672664a4bf9b7b697410081f83de85.jpg,medium,0,0.014014902524650097
ec0f982485bc5f813930848059f8c417996e049278dfe9d2a0aa67cdcdd0390c,data/datasets/openfake/additional-900/images/fake/ec0f982485bc5f813930848059f8c417996e049278dfe9d2a0aa67cdcdd0390c.png,medium,1,0.7271445989608765
ec2788963a5cdd73874380a360fbc93d38ccdfc669ab8ae521973e92952bb7e7,data/datasets/openfake/pilot-600/images/real/ec2788963a5cdd73874380a360fbc93d38ccdfc669ab8ae521973e92952bb7e7.jpg,low,0,0.9560569524765015
ec5ea19472b91496afdeeb8982eaa5d8e08c42b41211327213b9af5319cf099a,data/datasets/openfake/pilot-600/images/fake/ec5ea19472b91496afdeeb8982eaa5d8e08c42b41211327213b9af5319cf099a.jpg,medium,1,0.0198217760771513
ec5eb889887d0b0dba351ba5abb84506c13cc4db237bb0816a51b9b84ce7745e,data/datasets/openfake/additional-900/images/real/ec5eb889887d0b0dba351ba5abb84506c13cc4db237bb0816a51b9b84ce7745e.jpg,medium,0,0.09073197096586227
ec7f8cee699b2e3a5763225b297d912a01843d500d5716ec60319ed284f00a65,data/datasets/sid-set/candidate-1500/images/fake/ec7f8cee699b2e3a5763225b297d912a01843d500d5716ec60319ed284f00a65.png,low,1,0.9121740460395813
ec89fdb08f80db87cf02a97461e0f4d4495dab58e0ab9ba687fa56b89e5219c6,data/datasets/sid-set/candidate-1500/images/real/ec89fdb08f80db87cf02a97461e0f4d4495dab58e0ab9ba687fa56b89e5219c6.jpg,medium,0,0.014648092910647392
ec921c89e01f79f9421ef94647705ac0b0cb86e7da2e81e3d64032e9c0f17d7c,data/datasets/sid-set/candidate-1500/images/real/ec921c89e01f79f9421ef94647705ac0b0cb86e7da2e81e3d64032e9c0f17d7c.jpg,medium,0,0.2309962958097458
ecaa40e7726d270eb398ab99a4c476898ad617039c38be61403c3980ba549744,data/datasets/openfake/additional-900/images/real/ecaa40e7726d270eb398ab99a4c476898ad617039c38be61403c3980ba549744.jpg,low,0,0.01965588703751564
ecd372e08ff7dfc1df887b26bc322e71992d491e39006c8f2e56792abe7ca261,data/datasets/sid-set/candidate-1500/images/real/ecd372e08ff7dfc1df887b26bc322e71992d491e39006c8f2e56792abe7ca261.jpg,medium,0,0.5085563063621521
ecde51d05c3e7ae5f7d5b01a62dd87b38759095a08921579f6cf58dd7be6739b,data/datasets/sid-set/candidate-1500/images/fake/ecde51d05c3e7ae5f7d5b01a62dd87b38759095a08921579f6cf58dd7be6739b.png,low,1,0.9758318662643433
ecdf43406997018530a6ef4f63290b06339b9eb49d7d22e25972c9ef87494cbf,data/datasets/openfake/pilot-600/images/real/ecdf43406997018530a6ef4f63290b06339b9eb49d7d22e25972c9ef87494cbf.jpg,medium,0,0.6209776401519775
ed0f6d6c505eb88c92ce534b76dbc488983e2efc22aaae13f64b780da76868cc,data/datasets/sid-set/candidate-1500/images/fake/ed0f6d6c505eb88c92ce534b76dbc488983e2efc22aaae13f64b780da76868cc.png,medium,1,0.9988038539886475
ed1c84cbe56af98e3c61311cae047e39e8d1494a43b102cfd206580ac27ebb91,data/datasets/openfake/additional-900/images/fake/ed1c84cbe56af98e3c61311cae047e39e8d1494a43b102cfd206580ac27ebb91.png,medium,1,0.8448150753974915
ed533e9e9935b1a7f4c0e2c05cce2d8d3c4621baf2e51cfee213d2fd52d44f77,data/datasets/sid-set/candidate-1500/images/fake/ed533e9e9935b1a7f4c0e2c05cce2d8d3c4621baf2e51cfee213d2fd52d44f77.png,medium,1,0.9773733615875244
ed5b1eb50c0fefb630ac7bbbe6c172504b241ba26395cd6fa871a39e5d6f5ad9,data/datasets/sid-set/candidate-1500/images/fake/ed5b1eb50c0fefb630ac7bbbe6c172504b241ba26395cd6fa871a39e5d6f5ad9.png,low,1,0.9319080114364624
ed74615f60ab1dd7f336d114818df152ceb41c9396237d35f619a1faa798a033,data/datasets/openfake/pilot-600/images/real/ed74615f60ab1dd7f336d114818df152ceb41c9396237d35f619a1faa798a033.jpg,medium,0,0.10569466650485992
ed7bad72ff369d40b900fe5438b6bb4a97e29203162c8e748814fe8f49a211dd,data/datasets/openfake/additional-900/images/fake/ed7bad72ff369d40b900fe5438b6bb4a97e29203162c8e748814fe8f49a211dd.png,medium,1,0.9675246477127075
ed97f8dd65159cb7a04f1cdb0fa7380a2ab9e81d75f2b16d3fe5496363c8d3fd,data/datasets/openfake/additional-900/images/real/ed97f8dd65159cb7a04f1cdb0fa7380a2ab9e81d75f2b16d3fe5496363c8d3fd.jpg,low,0,0.7570192217826843
eda7db683048a01e68b8e05bbe6bf4e219964e2e79f35101c727a340524b636b,data/datasets/sid-set/candidate-1500/images/fake/eda7db683048a01e68b8e05bbe6bf4e219964e2e79f35101c727a340524b636b.png,medium,1,0.9793457984924316
edc32d464c59bb364e9ebf6c528643c22113e8b3be045d7c6c3bda1e59dcee69,data/datasets/openfake/additional-900/images/real/edc32d464c59bb364e9ebf6c528643c22113e8b3be045d7c6c3bda1e59dcee69.jpg,medium,0,0.0008238958544097841
ee28e5f8b4128e682f9b86f9799dec8f31eb47277a67e5681e1ed53af210f640,data/datasets/sid-set/candidate-1500/images/real/ee28e5f8b4128e682f9b86f9799dec8f31eb47277a67e5681e1ed53af210f640.jpg,medium,0,0.9942837357521057
ee2d799ebcac61c0aed7258296140b695f4ac637b9441eeabaa81bf28760cc8a,data/datasets/openfake/additional-900/images/fake/ee2d799ebcac61c0aed7258296140b695f4ac637b9441eeabaa81bf28760cc8a.png,low,1,0.832030177116394
ee451883abda53a3bc5436e8bf839ef85b4b26493d00cc73132b7be58186a721,data/datasets/openfake/pilot-600/images/real/ee451883abda53a3bc5436e8bf839ef85b4b26493d00cc73132b7be58186a721.jpg,medium,0,0.8531564474105835
ee89a5cda1326c99c0b54f85fc18ad130c3b63bf4eb22a76b993fb41f0fc3373,data/datasets/openfake/additional-900/images/fake/ee89a5cda1326c99c0b54f85fc18ad130c3b63bf4eb22a76b993fb41f0fc3373.png,low,1,0.5824790596961975
ee90bf45b6bd2c08b2b05063ab2502c158693463ca8d3c173fc83eb2894cfa6b,data/datasets/openfake/pilot-600/images/real/ee90bf45b6bd2c08b2b05063ab2502c158693463ca8d3c173fc83eb2894cfa6b.jpg,medium,0,0.00710625946521759
ee94fe3b15d2f482c0c21e209466c2a5f61950f57bb2ca73bbe9084bb24cd4fb,data/datasets/sid-set/candidate-1500/images/fake/ee94fe3b15d2f482c0c21e209466c2a5f61950f57bb2ca73bbe9084bb24cd4fb.png,medium,1,0.9293907284736633
eeb94d4b8c6e3aa02aa4c12aa4f27efa018c71880b4d4b8d1bc5378b96eb27f9,data/datasets/openfake/additional-900/images/fake/eeb94d4b8c6e3aa02aa4c12aa4f27efa018c71880b4d4b8d1bc5378b96eb27f9.png,medium,1,0.9888218641281128
eebc5a29824d06d848f92ad4b7a868a27099cafe6d8df5a3a63d53e7a7b6bfdd,data/datasets/openfake/pilot-600/images/real/eebc5a29824d06d848f92ad4b7a868a27099cafe6d8df5a3a63d53e7a7b6bfdd.jpg,high,0,0.5993075370788574
eec0dff61bb6cd8a6849fdb74144b5d03c5e48e7ac359ff24b2ae664c14d92d9,data/datasets/openfake/additional-900/images/fake/eec0dff61bb6cd8a6849fdb74144b5d03c5e48e7ac359ff24b2ae664c14d92d9.jpg,medium,1,0.7298821210861206
eec2632e0fdda35f8ce37ae5ecb4b669789def12c0f8a7c0a9838866ad5d72e5,data/datasets/sid-set/candidate-1500/images/fake/eec2632e0fdda35f8ce37ae5ecb4b669789def12c0f8a7c0a9838866ad5d72e5.png,medium,1,0.9818304181098938
eec4bd2a1dc1a222ff5231271fe59b5b6a59728ec83d60494acb8a352051e2b5,data/datasets/openfake/pilot-600/images/fake/eec4bd2a1dc1a222ff5231271fe59b5b6a59728ec83d60494acb8a352051e2b5.png,medium,1,0.7747278809547424
eed3c009e025261b4ada87056c663156f4171992b0bd43d936df654e3bff0bda,data/datasets/sid-set/candidate-1500/images/real/eed3c009e025261b4ada87056c663156f4171992b0bd43d936df654e3bff0bda.jpg,medium,0,0.0015736994100734591
eeda3ce43277955cb13b07603360dcddf524636e3ae2477beeb0ed8c6507c799,data/datasets/openfake/additional-900/images/real/eeda3ce43277955cb13b07603360dcddf524636e3ae2477beeb0ed8c6507c799.jpg,low,0,0.0012260484509170055
ef41fbc2657439a4ca23f0452179799172ab904583fba07520dd333273f7bd54,data/datasets/openfake/additional-900/images/real/ef41fbc2657439a4ca23f0452179799172ab904583fba07520dd333273f7bd54.jpg,medium,0,0.10177015513181686
ef4863a111dc7c276a15afb91b889562661e3321d1045711b20bd6efb5b0fdbb,data/datasets/openfake/additional-900/images/real/ef4863a111dc7c276a15afb91b889562661e3321d1045711b20bd6efb5b0fdbb.jpg,low,0,0.02547682449221611
ef48c403c257002808efb808e93b03567072c47d528ee32beaf79ee8cdba120b,data/datasets/openfake/additional-900/images/real/ef48c403c257002808efb808e93b03567072c47d528ee32beaf79ee8cdba120b.jpg,low,0,0.0027774267364293337
ef4cf1e5e7082a0fbcbc32a153ad9754ab09d1fac4ccfdb61f4f9b8b8c236c86,data/datasets/sid-set/candidate-1500/images/fake/ef4cf1e5e7082a0fbcbc32a153ad9754ab09d1fac4ccfdb61f4f9b8b8c236c86.png,medium,1,0.9884673953056335
ef5dbea79b09c1c355a35d6c47495ed191cdc89c97e88e7345edf837f79da59f,data/datasets/openfake/pilot-600/images/real/ef5dbea79b09c1c355a35d6c47495ed191cdc89c97e88e7345edf837f79da59f.jpg,low,0,0.6907217502593994
ef63936424a1bcc8949515cf6b9aaa4227bf369a8559880f9871431eb75f6a79,data/datasets/sid-set/candidate-1500/images/fake/ef63936424a1bcc8949515cf6b9aaa4227bf369a8559880f9871431eb75f6a79.png,low,1,0.93876713514328
efc1996f2ea132540d7ab7616fda71af1b50cfbac00e91dbc03cd45d66be075f,data/datasets/sid-set/candidate-1500/images/real/efc1996f2ea132540d7ab7616fda71af1b50cfbac00e91dbc03cd45d66be075f.jpg,low,0,0.058561112731695175
efec09a3717dc405a21fec40e7df9de8250590f44f9d87502537fc6e0e5d0176,data/datasets/sid-set/candidate-1500/images/real/efec09a3717dc405a21fec40e7df9de8250590f44f9d87502537fc6e0e5d0176.jpg,medium,0,0.2391367405653
eff003401d97eab2d2425c696cc8f251664557e3bc2b52c8889e8d1d72c579f1,data/datasets/sid-set/candidate-1500/images/real/eff003401d97eab2d2425c696cc8f251664557e3bc2b52c8889e8d1d72c579f1.jpg,medium,0,0.3234606385231018
f00af1134e2fb816d6904e882cd8a7348691e2ffec0376d5418b92ac528e6ccd,data/datasets/sid-set/candidate-1500/images/fake/f00af1134e2fb816d6904e882cd8a7348691e2ffec0376d5418b92ac528e6ccd.png,medium,1,0.9450698494911194
f02094281494da3cbd04d1bf49e78c4d8aad58ad7189bcabcb0dd3b4ef9c678f,data/datasets/openfake/additional-900/images/fake/f02094281494da3cbd04d1bf49e78c4d8aad58ad7189bcabcb0dd3b4ef9c678f.png,medium,1,0.7277532815933228
f029f440c45f2e5a461b4a2d96fc75b9616cc9d0f0d2695dda11642fa9d455f2,data/datasets/sid-set/candidate-1500/images/fake/f029f440c45f2e5a461b4a2d96fc75b9616cc9d0f0d2695dda11642fa9d455f2.png,medium,1,0.9695017337799072
f0322af8d451c7bc432ede2f5c01c3ee419bf7c40713023ab83b6679aac26111,data/datasets/sid-set/candidate-1500/images/real/f0322af8d451c7bc432ede2f5c01c3ee419bf7c40713023ab83b6679aac26111.jpg,medium,0,0.4947746992111206
f035160288e487d9c714b7cbb5a3ff60462cee66cba61f2552dde9ea96fdc2a0,data/datasets/sid-set/candidate-1500/images/real/f035160288e487d9c714b7cbb5a3ff60462cee66cba61f2552dde9ea96fdc2a0.jpg,medium,0,0.022504478693008423
f048bbc3f73038cf10efc686a5b2d5aa08b1cd1c4e9f8855f05be8499e0ef49f,data/datasets/sid-set/candidate-1500/images/real/f048bbc3f73038cf10efc686a5b2d5aa08b1cd1c4e9f8855f05be8499e0ef49f.jpg,low,0,0.372597873210907
f054e829a4a6d80c79af175918b6f802d10b82db5fb9352ee567f8cd1a952c2b,data/datasets/openfake/additional-900/images/fake/f054e829a4a6d80c79af175918b6f802d10b82db5fb9352ee567f8cd1a952c2b.png,medium,1,0.9908757209777832
f06666934bcfbfceb450c16d5345af857fcd4d1aed638b6a6d9d50dfeefcc717,data/datasets/sid-set/candidate-1500/images/real/f06666934bcfbfceb450c16d5345af857fcd4d1aed638b6a6d9d50dfeefcc717.jpg,medium,0,0.9019302725791931
f06fc698ed8033a099facca66de5fa150418d3027ade0d73edcce6dfe1a766a1,data/datasets/sid-set/candidate-1500/images/real/f06fc698ed8033a099facca66de5fa150418d3027ade0d73edcce6dfe1a766a1.jpg,low,0,0.8345441222190857
f072d3c8dd343fd8b25bb12ffce4db7bcbeb3552c87187aee511cbf58f338aca,data/datasets/openfake/pilot-600/images/fake/f072d3c8dd343fd8b25bb12ffce4db7bcbeb3552c87187aee511cbf58f338aca.jpg,low,1,0.4907950162887573
f0737f6e1bc4aeadcd4706d33023d13700f5cc5360a0c4ec6ef42f83e605a773,data/datasets/openfake/pilot-600/images/fake/f0737f6e1bc4aeadcd4706d33023d13700f5cc5360a0c4ec6ef42f83e605a773.png,medium,1,0.8073481321334839
f08e638722601e640f2a055c10c1f894454decbfe3c9014f0990d91352e21c93,data/datasets/openfake/additional-900/images/fake/f08e638722601e640f2a055c10c1f894454decbfe3c9014f0990d91352e21c93.png,medium,1,0.999799907207489
f09023a6e908fddd9f6c69f5013b926799873d3ec840db66414be328f8f18e3e,data/datasets/sid-set/candidate-1500/images/fake/f09023a6e908fddd9f6c69f5013b926799873d3ec840db66414be328f8f18e3e.png,low,1,0.9757290482521057
f0960d579925b156b1ddf60bce625b1f245e599e3452a9406185cc9a1ab0d1d6,data/datasets/openfake/additional-900/images/fake/f0960d579925b156b1ddf60bce625b1f245e599e3452a9406185cc9a1ab0d1d6.png,low,1,0.9578897356987
f0c2498c455ea46413cfb5f39e2c9d3b79e71bfffd7ff69532eac4e81f823ada,data/datasets/sid-set/candidate-1500/images/real/f0c2498c455ea46413cfb5f39e2c9d3b79e71bfffd7ff69532eac4e81f823ada.jpg,medium,0,0.21049651503562927
f0cd035663aeb1803e6b472b5f943ff5adfee3fa1d68ae2beb1cb4a101c1dc26,data/datasets/sid-set/candidate-1500/images/fake/f0cd035663aeb1803e6b472b5f943ff5adfee3fa1d68ae2beb1cb4a101c1dc26.png,medium,1,0.943245530128479
f0ceecd6eae5d7ba7b876ae28eb901aabdcb83950c1d1336ada0612f735c5288,data/datasets/openfake/pilot-600/images/fake/f0ceecd6eae5d7ba7b876ae28eb901aabdcb83950c1d1336ada0612f735c5288.png,medium,1,0.8475493788719177
f0d6cff91004612b9d878bd3835e9a82c98fb17be73104e3f6c0ff5918fc5855,data/datasets/sid-set/candidate-1500/images/fake/f0d6cff91004612b9d878bd3835e9a82c98fb17be73104e3f6c0ff5918fc5855.png,low,1,0.9540335536003113
f208d268d06a3f89772dafa1bcdc14851b588d437565e291d3fd9f28ae159958,data/datasets/openfake/additional-900/images/real/f208d268d06a3f89772dafa1bcdc14851b588d437565e291d3fd9f28ae159958.jpg,medium,0,0.026402698829770088
f2174e7f779f6aaddfa6afe3cb8809f85585c1930a63df319d42b9c59ff084d1,data/datasets/openfake/additional-900/images/fake/f2174e7f779f6aaddfa6afe3cb8809f85585c1930a63df319d42b9c59ff084d1.jpg,low,1,0.16807088255882263
f22f4d739299b93055d43ee7329ce67ad6a167d53621aa5b7fa5b665f9fd7a3b,data/datasets/openfake/additional-900/images/fake/f22f4d739299b93055d43ee7329ce67ad6a167d53621aa5b7fa5b665f9fd7a3b.png,low,1,0.9584903717041016
f2325fd71d1d19db02ccce97a23c9880221e5e5060d4480d819680235ac98f46,data/datasets/sid-set/candidate-1500/images/fake/f2325fd71d1d19db02ccce97a23c9880221e5e5060d4480d819680235ac98f46.png,medium,1,0.8018181920051575
f2348e9d1ae15e2904f7adaf958783f1c6c70c6a91db2597a3ba86dc1e0ceb79,data/datasets/sid-set/candidate-1500/images/real/f2348e9d1ae15e2904f7adaf958783f1c6c70c6a91db2597a3ba86dc1e0ceb79.jpg,medium,0,0.9496946334838867
f28d562c454f2d809775f9bc7056aab92205e18513d0b1adc9b1800ef17f0255,data/datasets/openfake/pilot-600/images/real/f28d562c454f2d809775f9bc7056aab92205e18513d0b1adc9b1800ef17f0255.jpg,medium,0,0.025024153292179108
f2a820003b63c22618a35d2593635c5f5360c434fc38544413655ffccde26db1,data/datasets/sid-set/candidate-1500/images/real/f2a820003b63c22618a35d2593635c5f5360c434fc38544413655ffccde26db1.jpg,medium,0,0.08757275342941284
f2b243c1ba9f320c0e233adfb6b66a18160dfeb7730053918ce42d87c9f5c095,data/datasets/openfake/additional-900/images/real/f2b243c1ba9f320c0e233adfb6b66a18160dfeb7730053918ce42d87c9f5c095.jpg,medium,0,0.0010892505524680018
f2b6119f46685938bb1b7b274dce02da699e53702efc68d1cb4299997737c072,data/datasets/openfake/additional-900/images/fake/f2b6119f46685938bb1b7b274dce02da699e53702efc68d1cb4299997737c072.png,medium,1,0.09182880818843842
f2b9546501d23ef2d0b7056917092067ceea3434479005fefecfa985b0b2bece,data/datasets/openfake/additional-900/images/fake/f2b9546501d23ef2d0b7056917092067ceea3434479005fefecfa985b0b2bece.png,medium,1,0.9433006048202515
f2cf874d18986bc566922694ba632ff39aa095654fae5bc2788489317b1624f8,data/datasets/openfake/additional-900/images/fake/f2cf874d18986bc566922694ba632ff39aa095654fae5bc2788489317b1624f8.png,medium,1,0.9927281141281128
f2d38cb6c6dc31d535ecec1b5b93565c44a46bb86bba608e7301c0af814f841e,data/datasets/openfake/additional-900/images/real/f2d38cb6c6dc31d535ecec1b5b93565c44a46bb86bba608e7301c0af814f841e.jpg,medium,0,0.0418623648583889
f2de8b1fc1b98838cd7286c123bb5bf88c23be6253c6302a15858570d5279eca,data/datasets/sid-set/candidate-1500/images/fake/f2de8b1fc1b98838cd7286c123bb5bf88c23be6253c6302a15858570d5279eca.png,low,1,0.9711744785308838
f2e00f962b781fdba32661610707ac853216503a45bacfd08e9d1ad42d676064,data/datasets/openfake/pilot-600/images/real/f2e00f962b781fdba32661610707ac853216503a45bacfd08e9d1ad42d676064.jpg,medium,0,0.014124851673841476
f30151d3d91466758ca8ce90e4b932c38d515f9be4ad4ff47ef9be6dd8a09dcb,data/datasets/sid-set/candidate-1500/images/fake/f30151d3d91466758ca8ce90e4b932c38d515f9be4ad4ff47ef9be6dd8a09dcb.png,low,1,0.9792856574058533
f3087ec42b093a0d95d1e819991be4ed37264fb9fd43c4fa0daa0d9ecf05c376,data/datasets/openfake/additional-900/images/fake/f3087ec42b093a0d95d1e819991be4ed37264fb9fd43c4fa0daa0d9ecf05c376.png,high,1,0.9994810223579407
f3214b838b15693fd97e7929e1d1c7e3188a17fc8b055b6d3baf140ae165d676,data/datasets/openfake/additional-900/images/fake/f3214b838b15693fd97e7929e1d1c7e3188a17fc8b055b6d3baf140ae165d676.jpg,medium,1,0.9038568735122681
f36b6935ef2b0e36c9eff8de94a6e12e3c7c348c5f163c6c675a09ca9e980434,data/datasets/openfake/additional-900/images/fake/f36b6935ef2b0e36c9eff8de94a6e12e3c7c348c5f163c6c675a09ca9e980434.png,medium,1,0.9976430535316467
f37e7af30b3814230aaa32eed4d296726e21667066e8f37eac23344464b96e85,data/datasets/openfake/pilot-600/images/real/f37e7af30b3814230aaa32eed4d296726e21667066e8f37eac23344464b96e85.jpg,low,0,0.9532732367515564
f3a6a2c6600e5903265e80583cdfc0fe8da6ef099eacb7dbabeeeff9bc84f7b8,data/datasets/openfake/pilot-600/images/real/f3a6a2c6600e5903265e80583cdfc0fe8da6ef099eacb7dbabeeeff9bc84f7b8.jpg,medium,0,0.19386076927185059
f3b17de77e333317320fd05b06d4dbdefd6f6575e31613df9498bd88ef9cd342,data/datasets/openfake/additional-900/images/real/f3b17de77e333317320fd05b06d4dbdefd6f6575e31613df9498bd88ef9cd342.jpg,medium,0,0.47979480028152466
f3becf09f811d411ab311d1735ddd4a88453ea533a7bb33da2bea0e262531f74,data/datasets/sid-set/candidate-1500/images/fake/f3becf09f811d411ab311d1735ddd4a88453ea533a7bb33da2bea0e262531f74.png,low,1,0.9907045960426331
f3e9e757846b7920af6b2076169774f291fdcb88b9fbcf4979dd52ddb54e7bd2,data/datasets/sid-set/candidate-1500/images/fake/f3e9e757846b7920af6b2076169774f291fdcb88b9fbcf4979dd52ddb54e7bd2.png,low,1,0.9065948724746704
f4100eacc9540fa0b00f603c45040698f9e3b6401579cc3e0515d263e9758744,data/datasets/sid-set/candidate-1500/images/fake/f4100eacc9540fa0b00f603c45040698f9e3b6401579cc3e0515d263e9758744.png,medium,1,0.9497579336166382
f4115c296be02b1232cbbbd8f7496675ebe3f57d245f6e822b52306f9a279a39,data/datasets/openfake/additional-900/images/fake/f4115c296be02b1232cbbbd8f7496675ebe3f57d245f6e822b52306f9a279a39.png,medium,1,0.8735887408256531
f43905e70b7f00aa13062d503c7e88f420ba92d9a1ccd8831031d909c8fa14ed,data/datasets/openfake/additional-900/images/real/f43905e70b7f00aa13062d503c7e88f420ba92d9a1ccd8831031d909c8fa14ed.jpg,medium,0,0.7800933718681335
f44344597a711472cc39d2a17ba07dac8fab8f6aef26865b1d8fd0224ebc7c62,data/datasets/sid-set/candidate-1500/images/real/f44344597a711472cc39d2a17ba07dac8fab8f6aef26865b1d8fd0224ebc7c62.jpg,low,0,0.30946922302246094
f451533aa0a42aeec70be47ec5ad33e25aa62a0f4eaef27ac6fe8fe1c7e76448,data/datasets/openfake/additional-900/images/fake/f451533aa0a42aeec70be47ec5ad33e25aa62a0f4eaef27ac6fe8fe1c7e76448.png,medium,1,0.9487248659133911
f45e11654db2d7af65034d9103421209ef801c685e7587052edfeaaa60ad995c,data/datasets/sid-set/candidate-1500/images/fake/f45e11654db2d7af65034d9103421209ef801c685e7587052edfeaaa60ad995c.png,medium,1,0.9930688142776489
f4d72e9350d6e895afa449b70653ab7d5a2a43ad9f8034096ca3ae2500cc05b2,data/datasets/sid-set/candidate-1500/images/fake/f4d72e9350d6e895afa449b70653ab7d5a2a43ad9f8034096ca3ae2500cc05b2.png,high,1,0.985475480556488
f4f466f50137b8cc3845a22ee00272e2661ca3eeac13b98f2be531551fdcf46a,data/datasets/openfake/additional-900/images/real/f4f466f50137b8cc3845a22ee00272e2661ca3eeac13b98f2be531551fdcf46a.jpg,medium,0,0.6055899262428284
f505c3d78a55812f0e63a05e436feff3294dd373bd34db5e0a9f8ec90f85ca70,data/datasets/openfake/additional-900/images/real/f505c3d78a55812f0e63a05e436feff3294dd373bd34db5e0a9f8ec90f85ca70.jpg,medium,0,0.3785848915576935
f546df4fdf2f5a5319d6daf771f11ea1f5fe4141fa95bd815a7cc5c2defe4d7f,data/datasets/sid-set/candidate-1500/images/real/f546df4fdf2f5a5319d6daf771f11ea1f5fe4141fa95bd815a7cc5c2defe4d7f.jpg,low,0,0.1490677297115326
f54780444020c448f52d0f0a64b49196c6fbc6ae1c692586db92ce9bbedee45d,data/datasets/openfake/pilot-600/images/fake/f54780444020c448f52d0f0a64b49196c6fbc6ae1c692586db92ce9bbedee45d.png,medium,1,0.8763118982315063
f58f3dafb76293cfe49b7fb91c3281b874cb8435c6afea694eace669d5782841,data/datasets/openfake/pilot-600/images/fake/f58f3dafb76293cfe49b7fb91c3281b874cb8435c6afea694eace669d5782841.png,medium,1,0.2636204957962036
f59e6a3a362788047303facccea3eaed56b43714dbb3b80ea548a364953c198f,data/datasets/openfake/pilot-600/images/fake/f59e6a3a362788047303facccea3eaed56b43714dbb3b80ea548a364953c198f.png,low,1,0.10382538288831711
f5a0b14d6ba74a7f1519cfd9da120c5b164ecbb95dc1750f8778287e2a6e0a14,data/datasets/sid-set/candidate-1500/images/fake/f5a0b14d6ba74a7f1519cfd9da120c5b164ecbb95dc1750f8778287e2a6e0a14.png,low,1,0.8563302159309387
f5da32ef017276c143bab9cee5af6f9e6ed44fa73af16ae404004ab487244463,data/datasets/openfake/additional-900/images/fake/f5da32ef017276c143bab9cee5af6f9e6ed44fa73af16ae404004ab487244463.jpg,low,1,0.8205598592758179
f5fd91d1bf4ce36b512b0627f2a8ed9b30477ca0e3c86a2e10bb779e82e8565f,data/datasets/sid-set/candidate-1500/images/fake/f5fd91d1bf4ce36b512b0627f2a8ed9b30477ca0e3c86a2e10bb779e82e8565f.png,medium,1,0.9819324016571045
f60c927c2c7509438192907b66f9e1bc7c2b289328206efd60b380f852edd340,data/datasets/openfake/additional-900/images/real/f60c927c2c7509438192907b66f9e1bc7c2b289328206efd60b380f852edd340.jpg,medium,0,0.03368416056036949
f62ec44582f00a06e793638327952598647ff8236cac0b0031b781503c164721,data/datasets/sid-set/candidate-1500/images/fake/f62ec44582f00a06e793638327952598647ff8236cac0b0031b781503c164721.png,low,1,0.4846859872341156
f63f0bbaa9f9e95015c62451b9fb82d55f188832667e98f404e731d7714f7df6,data/datasets/openfake/additional-900/images/fake/f63f0bbaa9f9e95015c62451b9fb82d55f188832667e98f404e731d7714f7df6.png,medium,1,0.5980113744735718
f65ecb47c6f4e7b534d1747d5d127eb6a06c57ee3060989f8a2430d816e931b6,data/datasets/openfake/pilot-600/images/real/f65ecb47c6f4e7b534d1747d5d127eb6a06c57ee3060989f8a2430d816e931b6.jpg,medium,0,0.01196453720331192
f66761a9d6bc61bfd09638aa6f4d56016bb33b0c72f9b4410d3961b97f9ce56e,data/datasets/sid-set/candidate-1500/images/fake/f66761a9d6bc61bfd09638aa6f4d56016bb33b0c72f9b4410d3961b97f9ce56e.png,medium,1,0.9279831647872925
f68f7534f9d407c72e0b4d982372945f96153166d2bb91068ec2f63ee9e44ecf,data/datasets/openfake/additional-900/images/fake/f68f7534f9d407c72e0b4d982372945f96153166d2bb91068ec2f63ee9e44ecf.png,medium,1,0.9785804748535156
f6b9b093e8e629c1ce1f732392b3db7a743b73246cc40fccc22cdd7157e4250e,data/datasets/sid-set/candidate-1500/images/fake/f6b9b093e8e629c1ce1f732392b3db7a743b73246cc40fccc22cdd7157e4250e.png,low,1,0.8604109287261963
f6f1824a543618221794df39fcffd4eeb7073281acb1ad7543c8fbdac13fa0b5,data/datasets/sid-set/candidate-1500/images/fake/f6f1824a543618221794df39fcffd4eeb7073281acb1ad7543c8fbdac13fa0b5.png,medium,1,0.9936690926551819
f70dcaf04040c3640f7568ee80be961f9a8fc6bd80f5935e0b55c9f6ab2d53c0,data/datasets/openfake/additional-900/images/real/f70dcaf04040c3640f7568ee80be961f9a8fc6bd80f5935e0b55c9f6ab2d53c0.jpg,high,0,0.13467036187648773
f726d67d4d0490926f241bdc0287132049869d14ffe0284abc1a61ddfcdef827,data/datasets/openfake/pilot-600/images/fake/f726d67d4d0490926f241bdc0287132049869d14ffe0284abc1a61ddfcdef827.png,medium,1,0.8942824602127075
f758b0e7433b38415d7bf99c31dc0fa333492be339ae67c6c53ba045af32e2d2,data/datasets/openfake/additional-900/images/fake/f758b0e7433b38415d7bf99c31dc0fa333492be339ae67c6c53ba045af32e2d2.webp,medium,1,0.9689281582832336
f7604e81764616ea566623b37a35ddfd41803e477873ef65788e3198f3f54c11,data/datasets/sid-set/candidate-1500/images/fake/f7604e81764616ea566623b37a35ddfd41803e477873ef65788e3198f3f54c11.png,medium,1,0.9844999313354492
f78eca03913e5b56de63506d25f14c418243191f3646264338a241f359ee9628,data/datasets/openfake/additional-900/images/real/f78eca03913e5b56de63506d25f14c418243191f3646264338a241f359ee9628.jpg,medium,0,0.0006682680686935782
f78f95d8e2830f46562442a549e235f72d056b9a9c305acc5bd820c2ef532722,data/datasets/openfake/additional-900/images/real/f78f95d8e2830f46562442a549e235f72d056b9a9c305acc5bd820c2ef532722.jpg,medium,0,0.0009198827319778502
f7e74782db0a9c22c7ad7b9c414975afb3c70616c9e143f264fe5c59e79d4203,data/datasets/sid-set/candidate-1500/images/real/f7e74782db0a9c22c7ad7b9c414975afb3c70616c9e143f264fe5c59e79d4203.jpg,medium,0,0.19597242772579193
f7eca2d42960acb9387da91e61711ee68458e5b1e1257513397bf34d0c6927ce,data/datasets/sid-set/candidate-1500/images/fake/f7eca2d42960acb9387da91e61711ee68458e5b1e1257513397bf34d0c6927ce.png,low,1,0.9855769276618958
f7f9c2648c4af2c106dc7648e84e44ac32686845515ab634b9f5de58aefb80bd,data/datasets/sid-set/candidate-1500/images/real/f7f9c2648c4af2c106dc7648e84e44ac32686845515ab634b9f5de58aefb80bd.jpg,low,0,0.32106277346611023
f7ff53c16924bd810fc0766bc98ee3a0da3d4938e8ff4c451a44f21042dfc0d1,data/datasets/openfake/additional-900/images/fake/f7ff53c16924bd810fc0766bc98ee3a0da3d4938e8ff4c451a44f21042dfc0d1.jpg,medium,1,0.8903376460075378
f81ad959e29e3167639afe7e5dea831837c3e7558668f1e1c66fdd2f4632a930,data/datasets/openfake/pilot-600/images/fake/f81ad959e29e3167639afe7e5dea831837c3e7558668f1e1c66fdd2f4632a930.jpg,medium,1,0.4116462767124176
f825cc995c65869e39155db621bf2f57de31a260cb631ba932105a3a7ff74e68,data/datasets/sid-set/candidate-1500/images/fake/f825cc995c65869e39155db621bf2f57de31a260cb631ba932105a3a7ff74e68.png,medium,1,0.9954063892364502
f82f4b8c94cec87a824fea0d882e069c2c0e1f1e71a2aa7ab5aab2e256c96ba9,data/datasets/sid-set/candidate-1500/images/real/f82f4b8c94cec87a824fea0d882e069c2c0e1f1e71a2aa7ab5aab2e256c96ba9.jpg,medium,0,0.7621091604232788
f8305b0bce408753d83bb838709025397c98aa7a432fbe57cdedb66038c1c08c,data/datasets/sid-set/candidate-1500/images/fake/f8305b0bce408753d83bb838709025397c98aa7a432fbe57cdedb66038c1c08c.png,medium,1,0.9794517159461975
f84e46e8f44b2f7998f8ee1c0f42fa07f531f643f42463b52c406c13502af447,data/datasets/openfake/additional-900/images/fake/f84e46e8f44b2f7998f8ee1c0f42fa07f531f643f42463b52c406c13502af447.png,medium,1,0.9985468983650208
f86031aaf66f4bc36f6b8840a2d1d7ed5a4ae35520a516df05ee534889ddedb3,data/datasets/openfake/additional-900/images/fake/f86031aaf66f4bc36f6b8840a2d1d7ed5a4ae35520a516df05ee534889ddedb3.png,medium,1,0.9989354014396667
f873a67647a3c40e054201c4f4daf6f87717be548c8b10bab4c499e80bc3b393,data/datasets/sid-set/candidate-1500/images/fake/f873a67647a3c40e054201c4f4daf6f87717be548c8b10bab4c499e80bc3b393.png,medium,1,0.965288519859314
f8ce151f6b1c9576f1cf6f7201b6b0052b6191cf9ad5a141009bf1bd2a5fac29,data/datasets/sid-set/candidate-1500/images/fake/f8ce151f6b1c9576f1cf6f7201b6b0052b6191cf9ad5a141009bf1bd2a5fac29.png,medium,1,0.9725136160850525
f8ddf07d0685ca85edff178773841a4482a05cf678e4e0b45a30d6789e770398,data/datasets/openfake/pilot-600/images/real/f8ddf07d0685ca85edff178773841a4482a05cf678e4e0b45a30d6789e770398.jpg,medium,0,0.024158500134944916
f8e1d7a5f5e660156be0aeac542c9aa4c27cb2ea8509d93ef10de38d6d84875f,data/datasets/sid-set/candidate-1500/images/fake/f8e1d7a5f5e660156be0aeac542c9aa4c27cb2ea8509d93ef10de38d6d84875f.png,medium,1,0.9073100090026855
f8f7fe33cdb07e2859b1d28b5bec8a5e865ae54f193e9e75329a875166516bd9,data/datasets/sid-set/candidate-1500/images/real/f8f7fe33cdb07e2859b1d28b5bec8a5e865ae54f193e9e75329a875166516bd9.jpg,medium,0,0.8673134446144104
f901be9089ca831d2e65e5178cf8d28e3463504bcb505944d602869681bf4884,data/datasets/openfake/additional-900/images/real/f901be9089ca831d2e65e5178cf8d28e3463504bcb505944d602869681bf4884.jpg,low,0,0.010113556869328022
f91c00241590257c2d75ae72b3c00c823f8bf39b43d06ee43b440c0b0b0ef60b,data/datasets/sid-set/candidate-1500/images/fake/f91c00241590257c2d75ae72b3c00c823f8bf39b43d06ee43b440c0b0b0ef60b.png,low,1,0.9792369604110718
f9cc0abd5732d27761c579ab78bdc0044cdd81cdd9b24926674138b3605bde77,data/datasets/openfake/additional-900/images/fake/f9cc0abd5732d27761c579ab78bdc0044cdd81cdd9b24926674138b3605bde77.png,low,1,0.9524962902069092
f9f908d6f76c9fedc5136b53fc858cfca5933361357c6b5047ad87730186924c,data/datasets/openfake/pilot-600/images/fake/f9f908d6f76c9fedc5136b53fc858cfca5933361357c6b5047ad87730186924c.png,medium,1,0.9310078620910645
fa20fca3616ece80bff08b8969e62bcc2ef8aa2b1f4e35d7f55a180e0f0a0a60,data/datasets/openfake/additional-900/images/real/fa20fca3616ece80bff08b8969e62bcc2ef8aa2b1f4e35d7f55a180e0f0a0a60.jpg,low,0,0.009161233901977539
fa57f7d1d3c082f6393e450228e1fd93c04a745fa9210a1fd843b76ec126a838,data/datasets/sid-set/candidate-1500/images/fake/fa57f7d1d3c082f6393e450228e1fd93c04a745fa9210a1fd843b76ec126a838.png,medium,1,0.979526162147522
fa598674dda370d19b90e61c6d1a9152c99438ba20a098936f5cd3bbcb5b87eb,data/datasets/sid-set/candidate-1500/images/real/fa598674dda370d19b90e61c6d1a9152c99438ba20a098936f5cd3bbcb5b87eb.jpg,low,0,0.4557007849216461
fa69240fdc5e48d053602de47738478b2bc115af3354e3b077bb3e414e456e20,data/datasets/openfake/additional-900/images/real/fa69240fdc5e48d053602de47738478b2bc115af3354e3b077bb3e414e456e20.jpg,medium,0,0.594880998134613
fa8b0cbd0eb3f08901f9d3820bbf0ad85b72d84537427cbf69c4125e94c5e6bf,data/datasets/openfake/additional-900/images/real/fa8b0cbd0eb3f08901f9d3820bbf0ad85b72d84537427cbf69c4125e94c5e6bf.jpg,medium,0,0.015449658036231995
fa9d5f8e1337b139e35f4648071dad4d5a94a2a35d77a840b98e1ef9ca2e38f1,data/datasets/openfake/additional-900/images/fake/fa9d5f8e1337b139e35f4648071dad4d5a94a2a35d77a840b98e1ef9ca2e38f1.png,medium,1,0.9874635934829712
fa9f7cfcfcfa2e38649b278f95b712484447b1506b0af0535df07c1367dbf4e9,data/datasets/sid-set/candidate-1500/images/real/fa9f7cfcfcfa2e38649b278f95b712484447b1506b0af0535df07c1367dbf4e9.jpg,low,0,0.6470761895179749
facf7e6273d6048f5a9f02722d8080f796bd2e361e3a3c5a0795eedbb2f071b8,data/datasets/openfake/additional-900/images/fake/facf7e6273d6048f5a9f02722d8080f796bd2e361e3a3c5a0795eedbb2f071b8.png,medium,1,0.9972456693649292
fad4fee4be3788fe5b1d56a1ce6df5981430ebb8f0f5315baf1ff4e94424642e,data/datasets/sid-set/candidate-1500/images/fake/fad4fee4be3788fe5b1d56a1ce6df5981430ebb8f0f5315baf1ff4e94424642e.png,low,1,0.9340375661849976
faf5eee7ebadd867cbdc3a1cb213ffc631f8975365b64b011da5af25b3b38b77,data/datasets/openfake/additional-900/images/real/faf5eee7ebadd867cbdc3a1cb213ffc631f8975365b64b011da5af25b3b38b77.jpg,medium,0,0.0011982944561168551
fb3c35334df287ed9b340ff756a6a0aa8895179b25ad4d3749a6d5916decdf4b,data/datasets/openfake/pilot-600/images/fake/fb3c35334df287ed9b340ff756a6a0aa8895179b25ad4d3749a6d5916decdf4b.png,low,1,0.9959086179733276
fb4488bc21fcc5025f60fc1fd6b6197877e040576aa47baeb32428214516da70,data/datasets/sid-set/candidate-1500/images/real/fb4488bc21fcc5025f60fc1fd6b6197877e040576aa47baeb32428214516da70.jpg,medium,0,0.10818061977624893
fb532c315060ee70a408d7fd081f60e7669126d8ca6de86d8eef959dd21c521f,data/datasets/openfake/pilot-600/images/real/fb532c315060ee70a408d7fd081f60e7669126d8ca6de86d8eef959dd21c521f.jpg,low,0,0.0023364624939858913
fb5cf8e28931a558d0c19efcc8cc383a483ed74e00ddce5ad33f835f66ba49ce,data/datasets/sid-set/candidate-1500/images/fake/fb5cf8e28931a558d0c19efcc8cc383a483ed74e00ddce5ad33f835f66ba49ce.png,medium,1,0.9320380687713623
fb6996dc20083fced80fa456a850709c36c0142dec81b4cdfdc09e7a8d4aba4c,data/datasets/sid-set/candidate-1500/images/real/fb6996dc20083fced80fa456a850709c36c0142dec81b4cdfdc09e7a8d4aba4c.jpg,medium,0,0.12764954566955566
fb8e0b788b1b682bb1982509e6cb0426b2c5ebbfdc0ef17cba01ad211e574a54,data/datasets/openfake/pilot-600/images/real/fb8e0b788b1b682bb1982509e6cb0426b2c5ebbfdc0ef17cba01ad211e574a54.jpg,medium,0,0.00017144138109870255
fbc7474a6ae1111ab72f21d60477e7e2530d98080020b41511366f73f4d0a93a,data/datasets/sid-set/candidate-1500/images/fake/fbc7474a6ae1111ab72f21d60477e7e2530d98080020b41511366f73f4d0a93a.png,low,1,0.9860116839408875
fbdbc56f925ca684e2645a753e8c39cd4687197dd14bd73faabb035b21733583,data/datasets/sid-set/candidate-1500/images/real/fbdbc56f925ca684e2645a753e8c39cd4687197dd14bd73faabb035b21733583.jpg,medium,0,0.007806646171957254
fc28071a71f3ee56fa1f243abdc0a1031b165e478f536c63628974a22b05bc7a,data/datasets/sid-set/candidate-1500/images/fake/fc28071a71f3ee56fa1f243abdc0a1031b165e478f536c63628974a22b05bc7a.png,medium,1,0.9139848947525024
fc3a4ea2433311d267d3ccf567459b3fb727fb7555e46db407b40107937b5313,data/datasets/sid-set/candidate-1500/images/fake/fc3a4ea2433311d267d3ccf567459b3fb727fb7555e46db407b40107937b5313.png,medium,1,0.9801550507545471
fc41d233bafefb8846e305b3400d203d8492b59bd629e7eb46eebca02e63c756,data/datasets/sid-set/candidate-1500/images/real/fc41d233bafefb8846e305b3400d203d8492b59bd629e7eb46eebca02e63c756.jpg,low,0,0.5920377373695374
fc62036d80d5b28bf3263d14289de2f7aff3acbcd54acd34d373a1d007c7a7d6,data/datasets/sid-set/candidate-1500/images/real/fc62036d80d5b28bf3263d14289de2f7aff3acbcd54acd34d373a1d007c7a7d6.jpg,low,0,0.08637745678424835
fc70681695700f43d9f9b20a833576643cdb587628ee8bd242387e8d889e2ed0,data/datasets/sid-set/candidate-1500/images/real/fc70681695700f43d9f9b20a833576643cdb587628ee8bd242387e8d889e2ed0.jpg,medium,0,0.7783723473548889
fc82a9c5e0f077b2d03b1894948440ce66fba834ae611a4a442982880c7efc16,data/datasets/sid-set/candidate-1500/images/fake/fc82a9c5e0f077b2d03b1894948440ce66fba834ae611a4a442982880c7efc16.png,medium,1,0.9942044615745544
fc8cc7a1188c1d6676e2f96b9f8fb5c510558b616de711aaf18dff9314c2ced3,data/datasets/openfake/additional-900/images/real/fc8cc7a1188c1d6676e2f96b9f8fb5c510558b616de711aaf18dff9314c2ced3.jpg,medium,0,0.03883768990635872
fcaac3b1e9d4bdcf359fafced9e92ddead0a5f6bf5baa11e05234ab840fa95b6,data/datasets/openfake/pilot-600/images/fake/fcaac3b1e9d4bdcf359fafced9e92ddead0a5f6bf5baa11e05234ab840fa95b6.png,medium,1,0.7123540043830872
fcdc5d26899e531863d674bb390c8596e77d17d396b2de195db7e29e022eaf3e,data/datasets/openfake/additional-900/images/real/fcdc5d26899e531863d674bb390c8596e77d17d396b2de195db7e29e022eaf3e.jpg,medium,0,0.00041034084279090166
fcfacf26e9d5b5d3bf564dad7752803a473c97ce2efb34c68f5659c928acf8e8,data/datasets/sid-set/candidate-1500/images/real/fcfacf26e9d5b5d3bf564dad7752803a473c97ce2efb34c68f5659c928acf8e8.jpg,medium,0,0.5329952836036682
fd0cf2235a87379dc09c54fc13840018085827926429ce571270fa510adc3261,data/datasets/openfake/additional-900/images/real/fd0cf2235a87379dc09c54fc13840018085827926429ce571270fa510adc3261.jpg,low,0,0.02200131118297577
fd33a4285630c0b0ed774b1f2a028b830843618e58bc29c393e942935bc8111f,data/datasets/openfake/pilot-600/images/fake/fd33a4285630c0b0ed774b1f2a028b830843618e58bc29c393e942935bc8111f.png,medium,1,0.9993839263916016
fd58fb1d663d772c9b8e8438eb61f92d30a31fee1c3a7a35411039bc6deeeca1,data/datasets/openfake/additional-900/images/real/fd58fb1d663d772c9b8e8438eb61f92d30a31fee1c3a7a35411039bc6deeeca1.png,medium,0,0.23621517419815063
fd6500ff604b80287cc94ddb307b6dc2c26a2d3965cfe59e54e2c28ae056b471,data/datasets/sid-set/candidate-1500/images/real/fd6500ff604b80287cc94ddb307b6dc2c26a2d3965cfe59e54e2c28ae056b471.jpg,low,0,0.945389986038208
fd6766e729c885cce76e7894dc44d7a4c8f08e64a04e351e0fc7e62a308b9926,data/datasets/sid-set/candidate-1500/images/fake/fd6766e729c885cce76e7894dc44d7a4c8f08e64a04e351e0fc7e62a308b9926.png,medium,1,0.9901071786880493
fd6982b180e856a7f74f482296c108889ae71a5e7d786ebed7e5bd1c7684e9dd,data/datasets/openfake/additional-900/images/real/fd6982b180e856a7f74f482296c108889ae71a5e7d786ebed7e5bd1c7684e9dd.jpg,low,0,0.8553639054298401
fdb22708cc3ab5c34edf1a33223c2978ddd494a76b33101ea6cb01ce701078ab,data/datasets/sid-set/candidate-1500/images/real/fdb22708cc3ab5c34edf1a33223c2978ddd494a76b33101ea6cb01ce701078ab.jpg,medium,0,0.45903822779655457
fdbe648f3b80348067e8ac765811c57eb0036d79665420bad38ad3a406302e55,data/datasets/openfake/additional-900/images/real/fdbe648f3b80348067e8ac765811c57eb0036d79665420bad38ad3a406302e55.jpg,medium,0,0.033192574977874756
fdf4d1de0ed00496974366e555ff8afd3e9fbc028b02edf860d7a6bf2089cb8b,data/datasets/sid-set/candidate-1500/images/fake/fdf4d1de0ed00496974366e555ff8afd3e9fbc028b02edf860d7a6bf2089cb8b.png,medium,1,0.992492139339447
fe8bf93c943039d615f98c4b7199ee0079ee1ab6b5e42a4fbb86b67fa26c6784,data/datasets/openfake/additional-900/images/real/fe8bf93c943039d615f98c4b7199ee0079ee1ab6b5e42a4fbb86b67fa26c6784.jpg,medium,0,0.000507945369463414
fed4e37675fdc0032a0fa264cb318f4248951c26a0694f11503cec35a573e12b,data/datasets/openfake/pilot-600/images/fake/fed4e37675fdc0032a0fa264cb318f4248951c26a0694f11503cec35a573e12b.png,low,1,0.8632684350013733
fed84956ad8d5bc426b30258c986c60ce248c0d45d5b325b1caeb3ee0f707bda,data/datasets/openfake/additional-900/images/real/fed84956ad8d5bc426b30258c986c60ce248c0d45d5b325b1caeb3ee0f707bda.jpg,medium,0,0.00415409728884697
ff0c205c14e919dd16f5d13920a6719e98e0dbf459df6d4f00176bd1a1f1b73a,data/datasets/openfake/additional-900/images/real/ff0c205c14e919dd16f5d13920a6719e98e0dbf459df6d4f00176bd1a1f1b73a.jpg,medium,0,0.05019338056445122
ff0ed5e4cec251cfe13c70075dda210700bd37287b89d35bff5a62ad92a25571,data/datasets/sid-set/candidate-1500/images/fake/ff0ed5e4cec251cfe13c70075dda210700bd37287b89d35bff5a62ad92a25571.png,medium,1,0.956291913986206
ff13f5e1afd89c8cd64361ae52cfa78111e3759c1c725298a420bb569a06e219,data/datasets/sid-set/candidate-1500/images/real/ff13f5e1afd89c8cd64361ae52cfa78111e3759c1c725298a420bb569a06e219.jpg,medium,0,0.05237019807100296
ff25bbb3dd6285984b174343f154c02447d9316b49dfdba3e51f7726b5d008a0,data/datasets/openfake/additional-900/images/fake/ff25bbb3dd6285984b174343f154c02447d9316b49dfdba3e51f7726b5d008a0.png,medium,1,0.9962016940116882
ff28a83449f85294f24c2f9e652857a7757b66e0ce0b8792a9eaf6fdadc50d07,data/datasets/sid-set/candidate-1500/images/real/ff28a83449f85294f24c2f9e652857a7757b66e0ce0b8792a9eaf6fdadc50d07.jpg,low,0,0.01226863544434309
ff31b93a087854ef123c312ea9f34f4cb3c681f680df5d0dc2698d9169625ebc,data/datasets/openfake/pilot-600/images/fake/ff31b93a087854ef123c312ea9f34f4cb3c681f680df5d0dc2698d9169625ebc.png,medium,1,0.1709003746509552
ff441f06a0b9f8b9ba080cb10b51d511c0428f523f25f0712532d82b29f5c636,data/datasets/openfake/additional-900/images/fake/ff441f06a0b9f8b9ba080cb10b51d511c0428f523f25f0712532d82b29f5c636.png,medium,1,0.9250349402427673
ff622ab98286801c2a2123a9f3077c1066f145a9270999052e638a6f3cbf0022,data/datasets/openfake/additional-900/images/real/ff622ab98286801c2a2123a9f3077c1066f145a9270999052e638a6f3cbf0022.jpg,medium,0,0.00022477741003967822
ff7d9840cdf4fe6284e943c43615570aca0cc02743ba5191ea1f38da9916c235,data/datasets/openfake/additional-900/images/real/ff7d9840cdf4fe6284e943c43615570aca0cc02743ba5191ea1f38da9916c235.jpg,medium,0,0.927493155002594
ff9ae9028f021a9b3d5a6d14e51f0e3ced95d26f25611f4c3242c03ce84e262a,data/datasets/sid-set/candidate-1500/images/real/ff9ae9028f021a9b3d5a6d14e51f0e3ced95d26f25611f4c3242c03ce84e262a.jpg,medium,0,0.03392810747027397
ffb769a2e2771209a1db1accd478d782f104e1912147163479028a5926809f23,data/datasets/openfake/additional-900/images/real/ffb769a2e2771209a1db1accd478d782f104e1912147163479028a5926809f23.jpg,medium,0,0.007251461502164602
ffe31c6d0ed2e940f44e302105eeee7e1c27b9fb88c2cf24cae175e23b11bedc,data/datasets/openfake/additional-900/images/real/ffe31c6d0ed2e940f44e302105eeee7e1c27b9fb88c2cf24cae175e23b11bedc.jpg,medium,0,0.17591926455497742
ffe8fa359cd1e640c6b3f1bb2071eadabab56872e481159fce9a4ca971b6b680,data/datasets/sid-set/candidate-1500/images/real/ffe8fa359cd1e640c6b3f1bb2071eadabab56872e481159fce9a4ca971b6b680.jpg,low,0,0.7243359684944153
