content_hash,image_path,sensitivity_level,label,probability_fake
003570fe1e8b8a4003c7515dc194c19e098aeb40f510062b3f8e327f80de49d9,data/datasets/sid-set/candidate-1500/images/real/003570fe1e8b8a4003c7515dc194c19e098aeb40f510062b3f8e327f80de49d9.jpg,low,0,0.9898808598518372
008e9242bfda315bcb702c4d4a41800ca85196d3ca59807b8df12e740487aa25,data/datasets/sid-set/candidate-1500/images/real/008e9242bfda315bcb702c4d4a41800ca85196d3ca59807b8df12e740487aa25.jpg,low,0,0.8751601576805115
00b54f4ce2d09f74c2267beb67e77c62fe187aab74972e3ebe2d504fa6c39763,data/datasets/openfake/additional-900/images/fake/00b54f4ce2d09f74c2267beb67e77c62fe187aab74972e3ebe2d504fa6c39763.png,low,1,0.8945500254631042
00c0435d508a73bbeda582d06bf261b98b6913a56226e7cf29da67737ddd5e20,data/datasets/openfake/additional-900/images/fake/00c0435d508a73bbeda582d06bf261b98b6913a56226e7cf29da67737ddd5e20.webp,low,1,0.0489145964384079
00d27e1144cf447161a29ef6ea692337fd0a78ee4d1204bf4adc322b044e854b,data/datasets/sid-set/candidate-1500/images/fake/00d27e1144cf447161a29ef6ea692337fd0a78ee4d1204bf4adc322b044e854b.png,low,1,0.9905919432640076
00dbdda9142f5479d8506dd10cfc3ea4956f31937f39aa824c657ee300b65c55,data/datasets/sid-set/candidate-1500/images/real/00dbdda9142f5479d8506dd10cfc3ea4956f31937f39aa824c657ee300b65c55.jpg,low,0,0.9975125789642334
00ed0e1aa34982512b2dca7faa66cf61508259ccdeb8dbdcf1aa3df6dd9ee1e7,data/datasets/sid-set/candidate-1500/images/real/00ed0e1aa34982512b2dca7faa66cf61508259ccdeb8dbdcf1aa3df6dd9ee1e7.jpg,low,0,0.4250236451625824
013e1faf5cc3ef7e66f895bdbda552b9867075cdd46b50d711eefbd7903513a7,data/datasets/sid-set/candidate-1500/images/real/013e1faf5cc3ef7e66f895bdbda552b9867075cdd46b50d711eefbd7903513a7.jpg,low,0,0.03468657284975052
01455bc620d7137df3afdbd586bfa68fee8cc931b2511a7fda21a6a98ab4158b,data/datasets/openfake/additional-900/images/fake/01455bc620d7137df3afdbd586bfa68fee8cc931b2511a7fda21a6a98ab4158b.png,low,1,0.22106042504310608
018f0dc1e0ebdb5eb8adf57f8b90001a5b03131e7585ee8378d32efbbe5a06be,data/datasets/openfake/additional-900/images/real/018f0dc1e0ebdb5eb8adf57f8b90001a5b03131e7585ee8378d32efbbe5a06be.jpg,low,0,0.0033057699911296368
01cbc35952e0819a0ce45a7747eb183974f7cb99a314ebc0e37dcae10d503791,data/datasets/openfake/additional-900/images/fake/01cbc35952e0819a0ce45a7747eb183974f7cb99a314ebc0e37dcae10d503791.png,low,1,0.919834554195404
024ddf004bacbdf8b2e80b053fb78c91d82a329d75d1b3aa4557edc8f832b4a5,data/datasets/sid-set/candidate-1500/images/fake/024ddf004bacbdf8b2e80b053fb78c91d82a329d75d1b3aa4557edc8f832b4a5.png,low,1,0.9724993109703064
0311be484909f522adfc3fdac322ee07e23840fdc82e5717e068999b1e4105ee,data/datasets/sid-set/candidate-1500/images/real/0311be484909f522adfc3fdac322ee07e23840fdc82e5717e068999b1e4105ee.jpg,low,0,0.46593040227890015
036a64d63acc24a1133f7471e935115ddea0ee63cfd1fadc38c90b2e3fd66066,data/datasets/sid-set/candidate-1500/images/fake/036a64d63acc24a1133f7471e935115ddea0ee63cfd1fadc38c90b2e3fd66066.png,low,1,0.9978312849998474
049f552fbf0304181dac378d61d169813d6620951555583c9985f97196b452dc,data/datasets/sid-set/candidate-1500/images/real/049f552fbf0304181dac378d61d169813d6620951555583c9985f97196b452dc.jpg,low,0,0.8803991079330444
04c75b94436b1ca0d3bf31ed1205e6e5e4667c1843ddf6eea37d7c950e82522b,data/datasets/openfake/additional-900/images/fake/04c75b94436b1ca0d3bf31ed1205e6e5e4667c1843ddf6eea37d7c950e82522b.png,low,1,0.9573565721511841
04debdcbbe8057f832fa8ecbbad024136957f8e33d7e6c59ffe3de804ea0248d,data/datasets/sid-set/candidate-1500/images/real/04debdcbbe8057f832fa8ecbbad024136957f8e33d7e6c59ffe3de804ea0248d.jpg,low,0,0.36149269342422485
05780961af3b73b946fdec53aa3c06bf8b4f3b6bbfc5307c8d25699a5795540a,data/datasets/openfake/additional-900/images/real/05780961af3b73b946fdec53aa3c06bf8b4f3b6bbfc5307c8d25699a5795540a.jpg,low,0,0.908841609954834
057c13994e7f19c269f01122c2bb14b6f9f14a2c73ec3fbc4441602211a6567f,data/datasets/sid-set/candidate-1500/images/fake/057c13994e7f19c269f01122c2bb14b6f9f14a2c73ec3fbc4441602211a6567f.png,low,1,0.9148236513137817
059f1908e3048aa449d2bdc10469257ba9693e83f595c53229504a0b789bcfa2,data/datasets/sid-set/candidate-1500/images/real/059f1908e3048aa449d2bdc10469257ba9693e83f595c53229504a0b789bcfa2.jpg,low,0,0.6462254524230957
059f20ee54e5b9d805951a67add94bdf8b53e3ed53fbe378bed7d4bc6fe63e7e,data/datasets/sid-set/candidate-1500/images/real/059f20ee54e5b9d805951a67add94bdf8b53e3ed53fbe378bed7d4bc6fe63e7e.jpg,low,0,0.3514447510242462
06176f2683aa0d9c35613ee9972b0eab974a0524b1b0c994f3235c91dc41a491,data/datasets/sid-set/candidate-1500/images/real/06176f2683aa0d9c35613ee9972b0eab974a0524b1b0c994f3235c91dc41a491.jpg,low,0,0.004929737653583288
068a372b0f7788ee141bc6b9c829f77f4b84b1d5b6e4f29bc628e209d00b5a4c,data/datasets/openfake/additional-900/images/fake/068a372b0f7788ee141bc6b9c829f77f4b84b1d5b6e4f29bc628e209d00b5a4c.png,low,1,0.8789003491401672
06aa2da0efe158b8d57cf232a3f3935b2b52f77c91b9c42dbebc0769e7907cb2,data/datasets/sid-set/candidate-1500/images/real/06aa2da0efe158b8d57cf232a3f3935b2b52f77c91b9c42dbebc0769e7907cb2.jpg,low,0,0.0017121859127655625
06e0c0d0a0607c6f63e7b6c769905f01b4822f070478dffc96f1b50af5273953,data/datasets/sid-set/candidate-1500/images/real/06e0c0d0a0607c6f63e7b6c769905f01b4822f070478dffc96f1b50af5273953.jpg,low,0,0.8840577006340027
06f59e64b74183b17391f8a003bb15c36754ea65a80fcd031a9ab321a80f62d5,data/datasets/sid-set/candidate-1500/images/fake/06f59e64b74183b17391f8a003bb15c36754ea65a80fcd031a9ab321a80f62d5.png,low,1,0.9880415201187134
06f827bf1da25a8736f1c07da9723ebcd1f1d6023efb7f4cbe14950c78fe58b2,data/datasets/sid-set/candidate-1500/images/fake/06f827bf1da25a8736f1c07da9723ebcd1f1d6023efb7f4cbe14950c78fe58b2.png,low,1,0.7235884070396423
073f71bf5482489e2176597cebfac8f16a6d4aed40be299ab4dd4af44d7f3d49,data/datasets/openfake/additional-900/images/fake/073f71bf5482489e2176597cebfac8f16a6d4aed40be299ab4dd4af44d7f3d49.jpg,low,1,0.781133770942688
07add180346a24f4614278d296955acc22d15cc19d955de48e6f66da2aa69807,data/datasets/openfake/additional-900/images/real/07add180346a24f4614278d296955acc22d15cc19d955de48e6f66da2aa69807.jpg,low,0,0.586332380771637
07ec524c7fed0ab92f5428ac038f1aeeb0ce29c36aea40288cd3a22bea49b1f1,data/datasets/openfake/pilot-600/images/real/07ec524c7fed0ab92f5428ac038f1aeeb0ce29c36aea40288cd3a22bea49b1f1.jpg,low,0,0.0010958095081150532
07f53fa0054823b9d25479fbd8feecc1c8af9ce0daf9f635239686eab0654cbf,data/datasets/sid-set/candidate-1500/images/real/07f53fa0054823b9d25479fbd8feecc1c8af9ce0daf9f635239686eab0654cbf.jpg,low,0,0.8455318808555603
084a08a6996a0abefc7917c4489bae34db649a00a64fc9224778d0e7d58bd323,data/datasets/sid-set/candidate-1500/images/fake/084a08a6996a0abefc7917c4489bae34db649a00a64fc9224778d0e7d58bd323.png,low,1,0.8781079053878784
088a1ed9ccad7f7fcf9bb2d253961d1c0cb2fb9a745338732d74548008b20a82,data/datasets/sid-set/candidate-1500/images/fake/088a1ed9ccad7f7fcf9bb2d253961d1c0cb2fb9a745338732d74548008b20a82.png,low,1,0.9896695017814636
090662f8b52e07277b0305eddda377861f8cbe16eccdff9a83389ba6c0e7476b,data/datasets/sid-set/candidate-1500/images/real/090662f8b52e07277b0305eddda377861f8cbe16eccdff9a83389ba6c0e7476b.jpg,low,0,0.9180665016174316
0923403762c05f603699cdca135168113c04c6cea735a719b7d0e945ee1f11dd,data/datasets/sid-set/candidate-1500/images/fake/0923403762c05f603699cdca135168113c04c6cea735a719b7d0e945ee1f11dd.png,low,1,0.5777203440666199
0991e2b7a7e8f1d0427e94549399a89d30366e0a330563d3af2209a98f16b139,data/datasets/sid-set/candidate-1500/images/fake/0991e2b7a7e8f1d0427e94549399a89d30366e0a330563d3af2209a98f16b139.png,low,1,0.6560143232345581
09edefc315adb41845acea6f52d5c62c48d55f34a12ba3ba1c45a4156ee9a583,data/datasets/sid-set/candidate-1500/images/fake/09edefc315adb41845acea6f52d5c62c48d55f34a12ba3ba1c45a4156ee9a583.png,low,1,0.9937973618507385
09f85f76fd7d319a69fc078f7b19181edbda37cadf52ea8c56bdc687d13df2fc,data/datasets/openfake/additional-900/images/real/09f85f76fd7d319a69fc078f7b19181edbda37cadf52ea8c56bdc687d13df2fc.jpg,low,0,5.487802263814956e-05
0a47622916b3e67d3dce0287707b50a62c54e04b79209fc2cbfd0ba37ab16496,data/datasets/sid-set/candidate-1500/images/fake/0a47622916b3e67d3dce0287707b50a62c54e04b79209fc2cbfd0ba37ab16496.png,low,1,0.9424026608467102
0a5caf705c917b16bce5179defd3c724cd520f0b9d8e2fa53f6f52473f67393d,data/datasets/sid-set/candidate-1500/images/real/0a5caf705c917b16bce5179defd3c724cd520f0b9d8e2fa53f6f52473f67393d.jpg,low,0,0.9358792901039124
0aa4377c2d3cb7c2ac974e3652d6e10b505f5db14aa0684dc5b770a4cb02b8f2,data/datasets/openfake/pilot-600/images/real/0aa4377c2d3cb7c2ac974e3652d6e10b505f5db14aa0684dc5b770a4cb02b8f2.jpg,low,0,0.05076277628540993
0b68ce702d9e3b9f25b515a29bc352cf543d3a7273d3bf5777ea580b390f852b,data/datasets/openfake/additional-900/images/fake/0b68ce702d9e3b9f25b515a29bc352cf543d3a7273d3bf5777ea580b390f852b.jpg,low,1,0.9773693680763245
0bee6e4656f51b542067dd525f7046062a7892e819acc0976e585f605c9f4022,data/datasets/sid-set/candidate-1500/images/fake/0bee6e4656f51b542067dd525f7046062a7892e819acc0976e585f605c9f4022.png,low,1,0.9660318493843079
0cadc0beee15e121b201ecf2546be4a052442ee4bcc778f5b3246875c0ddd691,data/datasets/sid-set/candidate-1500/images/fake/0cadc0beee15e121b201ecf2546be4a052442ee4bcc778f5b3246875c0ddd691.png,low,1,0.9767606258392334
0cb63a7b76b66aa12abe158d2cb405a39a6eaf1710d3b2f95725f50cafcc9887,data/datasets/sid-set/candidate-1500/images/fake/0cb63a7b76b66aa12abe158d2cb405a39a6eaf1710d3b2f95725f50cafcc9887.png,low,1,0.99153733253479
0cdf02fcdb30f365901c108129e0338005cb983cef55f6a5af92a425cf67e0d1,data/datasets/openfake/additional-900/images/real/0cdf02fcdb30f365901c108129e0338005cb983cef55f6a5af92a425cf67e0d1.jpg,low,0,0.006163951009511948
0d08011952fc4997aa7c122abe86307dcd86342e40c6fc7590b79c340addb8f7,data/datasets/openfake/additional-900/images/fake/0d08011952fc4997aa7c122abe86307dcd86342e40c6fc7590b79c340addb8f7.png,low,1,0.7571433782577515
0d693c025b7f296cfed5e1f67d9589b3add34bc8d6c3a0ea29b946051f71c604,data/datasets/sid-set/candidate-1500/images/real/0d693c025b7f296cfed5e1f67d9589b3add34bc8d6c3a0ea29b946051f71c604.jpg,low,0,0.2792160212993622
0d83baf45e27609072fd220aeb8d7306bfe14b0b7d18e5b1c3c3da96f7babc4a,data/datasets/sid-set/candidate-1500/images/fake/0d83baf45e27609072fd220aeb8d7306bfe14b0b7d18e5b1c3c3da96f7babc4a.png,low,1,0.9355820417404175
0d8a92c8f05d8bb03966bdd7565e66b05adf6426016b791d07b7258d865ae12f,data/datasets/sid-set/candidate-1500/images/real/0d8a92c8f05d8bb03966bdd7565e66b05adf6426016b791d07b7258d865ae12f.jpg,low,0,0.6813656091690063
0d9bbc77ced3ff94e43a4cd5e4fa220582c6093d2b5efd6216b9a9f1ca8c1dce,data/datasets/sid-set/candidate-1500/images/fake/0d9bbc77ced3ff94e43a4cd5e4fa220582c6093d2b5efd6216b9a9f1ca8c1dce.png,low,1,0.9949487447738647
0dcddd10a258c4ac46deeedb24c0264f414c0139e5d09e610035200a8d9f1c62,data/datasets/sid-set/candidate-1500/images/fake/0dcddd10a258c4ac46deeedb24c0264f414c0139e5d09e610035200a8d9f1c62.png,low,1,0.9890917539596558
0dcf474ea85097b91a069757505632b7ee4966270d31bbc8ac93ab48ef4d736f,data/datasets/sid-set/candidate-1500/images/fake/0dcf474ea85097b91a069757505632b7ee4966270d31bbc8ac93ab48ef4d736f.png,low,1,0.9947271943092346
0df0afd8f3f0a8925e407b43235ed7d3de91067312037552b643250792fafe68,data/datasets/openfake/additional-900/images/real/0df0afd8f3f0a8925e407b43235ed7d3de91067312037552b643250792fafe68.jpg,low,0,0.0059197028167545795
0e21762a574ace5cf464e444f14cd242f9420cee1c52e21a2bebf28b5a41a6fe,data/datasets/sid-set/candidate-1500/images/real/0e21762a574ace5cf464e444f14cd242f9420cee1c52e21a2bebf28b5a41a6fe.jpg,low,0,0.19109460711479187
0ecfdb59577c52e88f1a070e4c8f34d70d6e32cc1e18bc78b852fb97cbd88d5e,data/datasets/sid-set/candidate-1500/images/fake/0ecfdb59577c52e88f1a070e4c8f34d70d6e32cc1e18bc78b852fb97cbd88d5e.png,low,1,0.9819656014442444
0ed79f03a51ba7907738302c54ca5150e2a50e7a112109f93940acf1c02d6ef3,data/datasets/sid-set/candidate-1500/images/fake/0ed79f03a51ba7907738302c54ca5150e2a50e7a112109f93940acf1c02d6ef3.png,low,1,0.9947405457496643
0f11399166b1a88eaa58cfcd4de278882c639cd76420054a989e10427d981281,data/datasets/sid-set/candidate-1500/images/fake/0f11399166b1a88eaa58cfcd4de278882c639cd76420054a989e10427d981281.png,low,1,0.9912109971046448
0f7607fe131545bfb03648d634dbd73e1183a73ee4448a1697ba983f48ff9bb2,data/datasets/sid-set/candidate-1500/images/fake/0f7607fe131545bfb03648d634dbd73e1183a73ee4448a1697ba983f48ff9bb2.png,low,1,0.8787703514099121
0f8c1477947cd78327ef1a7db3a4412a77e3e2d70cb88485a5c5c46b0d6503a0,data/datasets/sid-set/candidate-1500/images/fake/0f8c1477947cd78327ef1a7db3a4412a77e3e2d70cb88485a5c5c46b0d6503a0.png,low,1,0.9700015187263489
0fb6b36b89ab83f004de9cb59ddcb3e59eb7d21b4e2a615b3aa773bd571a5c6c,data/datasets/openfake/pilot-600/images/fake/0fb6b36b89ab83f004de9cb59ddcb3e59eb7d21b4e2a615b3aa773bd571a5c6c.png,low,1,0.9701955914497375
1068740c2434fd2c116d51b4400aadfe8cb05488e930d853b322335126840b0e,data/datasets/sid-set/candidate-1500/images/real/1068740c2434fd2c116d51b4400aadfe8cb05488e930d853b322335126840b0e.jpg,low,0,0.29438021779060364
1082dddf746a2d027ea3078dc7df7cf9a11defd7eb62befe09281753a15fde5a,data/datasets/sid-set/candidate-1500/images/real/1082dddf746a2d027ea3078dc7df7cf9a11defd7eb62befe09281753a15fde5a.jpg,low,0,0.9283422231674194
10a7ba62f71f602ced28d43eeebe2d0a6016152dec45e94dc72a6e4fc3744eef,data/datasets/openfake/additional-900/images/fake/10a7ba62f71f602ced28d43eeebe2d0a6016152dec45e94dc72a6e4fc3744eef.png,low,1,0.9105333685874939
10ac7025422973063c8eed522ae68340439b472a9b6e0698c99c95d1a3a0c3ad,data/datasets/openfake/additional-900/images/fake/10ac7025422973063c8eed522ae68340439b472a9b6e0698c99c95d1a3a0c3ad.png,low,1,0.9866802096366882
10d4d90e36b53365e558c0b6c3d4ace87b3683dd4d1bccccf3080c258ea4d05e,data/datasets/sid-set/candidate-1500/images/fake/10d4d90e36b53365e558c0b6c3d4ace87b3683dd4d1bccccf3080c258ea4d05e.png,low,1,0.9854059219360352
112eeef057d8e1656db29f809fa57dd4d995212a75bb59f3fcf8ac264694f48d,data/datasets/sid-set/candidate-1500/images/real/112eeef057d8e1656db29f809fa57dd4d995212a75bb59f3fcf8ac264694f48d.jpg,low,0,0.994681179523468
113f27d4356cd495539c60114392995c5861672caf833736732baf79eff07606,data/datasets/sid-set/candidate-1500/images/fake/113f27d4356cd495539c60114392995c5861672caf833736732baf79eff07606.png,low,1,0.9301777482032776
1156eb664038d0722d0a959420fb3beef10a9934b9b3b919e498ece8cf904b56,data/datasets/sid-set/candidate-1500/images/fake/1156eb664038d0722d0a959420fb3beef10a9934b9b3b919e498ece8cf904b56.png,low,1,0.7934435606002808
11b08a7dd2584d038ca67e4f32280cfa980e32c8a825c235cdd0a702ba97aab3,data/datasets/sid-set/candidate-1500/images/real/11b08a7dd2584d038ca67e4f32280cfa980e32c8a825c235cdd0a702ba97aab3.jpg,low,0,7.8294709965121e-05
11dd036ce726b33269e6eec682429c9702bdc72905d63dfb75f6075fd5b383ba,data/datasets/openfake/additional-900/images/real/11dd036ce726b33269e6eec682429c9702bdc72905d63dfb75f6075fd5b383ba.jpg,low,0,0.7287352085113525
12a5647b54390aff48b01de6168feed00e8a262615959e9850af5c7ed355e823,data/datasets/sid-set/candidate-1500/images/real/12a5647b54390aff48b01de6168feed00e8a262615959e9850af5c7ed355e823.jpg,low,0,0.8883922100067139
12b92077c88af2ed078ac9f2ce37d2273e78f7882ebe7a6ccae4191bd07af11c,data/datasets/openfake/pilot-600/images/fake/12b92077c88af2ed078ac9f2ce37d2273e78f7882ebe7a6ccae4191bd07af11c.png,low,1,0.9988239407539368
131b0390999bd8e399ae533c5c7a0478a519c644fcd4243bbef419644c9e7f7d,data/datasets/sid-set/candidate-1500/images/real/131b0390999bd8e399ae533c5c7a0478a519c644fcd4243bbef419644c9e7f7d.jpg,low,0,0.38394367694854736
1324d914068a8a125d4fb4b7e6ff1796383aaa7f050af4d5a93d2e0edd90427b,data/datasets/openfake/additional-900/images/real/1324d914068a8a125d4fb4b7e6ff1796383aaa7f050af4d5a93d2e0edd90427b.jpg,low,0,0.7614124417304993
13513957a1004f275ffe7fad4229b4887ec082f30454027b0a6de7a9a088248d,data/datasets/sid-set/candidate-1500/images/fake/13513957a1004f275ffe7fad4229b4887ec082f30454027b0a6de7a9a088248d.png,low,1,0.9981845021247864
13684f8e594bc8abe6e107b11d53ff57abaf97b31f0ba317b475fb06a20f648e,data/datasets/sid-set/candidate-1500/images/fake/13684f8e594bc8abe6e107b11d53ff57abaf97b31f0ba317b475fb06a20f648e.png,low,1,0.9987373948097229
13a61a92645231ea51ecd11e4fa1ee305bbf5ae44a865c59b6a2ac95eab7a72b,data/datasets/openfake/pilot-600/images/real/13a61a92645231ea51ecd11e4fa1ee305bbf5ae44a865c59b6a2ac95eab7a72b.jpg,low,0,0.003576956456527114
13eaf3f006a205859c056a62b1fbad814fc90a268bfd4129b442feffc38a4cec,data/datasets/openfake/additional-900/images/real/13eaf3f006a205859c056a62b1fbad814fc90a268bfd4129b442feffc38a4cec.jpg,low,0,0.1836152821779251
142e8fb5f0322d19f3444206e4b8e9650ea6e8bd5beb0b3637617851e4bb6aeb,data/datasets/sid-set/candidate-1500/images/real/142e8fb5f0322d19f3444206e4b8e9650ea6e8bd5beb0b3637617851e4bb6aeb.jpg,low,0,0.0004688350309152156
147327919fa874188f4f7b377cbdeeb302973919e81913d7f875744bb9712f40,data/datasets/sid-set/candidate-1500/images/fake/147327919fa874188f4f7b377cbdeeb302973919e81913d7f875744bb9712f40.png,low,1,0.8810049295425415
14a5dcec9e8bad994bf0de1540d26701337911842c94bdece8bd261aee51b25e,data/datasets/sid-set/candidate-1500/images/fake/14a5dcec9e8bad994bf0de1540d26701337911842c94bdece8bd261aee51b25e.png,low,1,0.9972140192985535
14af9e54158482add59a9ffff650c12b2e9bcf3c1da10f48c31606a89df76360,data/datasets/sid-set/candidate-1500/images/fake/14af9e54158482add59a9ffff650c12b2e9bcf3c1da10f48c31606a89df76360.png,low,1,0.9974154233932495
15b431796ac2e3b42ebc85d1ca86adf2e2fb8980406ac16d2ff3b4e50e1fc45a,data/datasets/openfake/additional-900/images/fake/15b431796ac2e3b42ebc85d1ca86adf2e2fb8980406ac16d2ff3b4e50e1fc45a.png,low,1,0.8749300837516785
15c16b71820b59b3be5972d4036535f5305f306f25e69992eb3bba3840bf21e4,data/datasets/openfake/additional-900/images/fake/15c16b71820b59b3be5972d4036535f5305f306f25e69992eb3bba3840bf21e4.png,low,1,0.978446900844574
16727ce08b6b97a921746eac9667136d2dd8be9fd485facf59e20cd6c7342eb2,data/datasets/sid-set/candidate-1500/images/fake/16727ce08b6b97a921746eac9667136d2dd8be9fd485facf59e20cd6c7342eb2.png,low,1,0.9563782811164856
16802b554c8dcdc6b6d9193b6276a390a13fe1f76cbe44d6f7c4e3886ab9f811,data/datasets/openfake/pilot-600/images/fake/16802b554c8dcdc6b6d9193b6276a390a13fe1f76cbe44d6f7c4e3886ab9f811.png,low,1,0.9992676377296448
168676527b9659af3e21dfa26d798a0ae26054c0b00ce38bce57c2e5e2605212,data/datasets/openfake/pilot-600/images/real/168676527b9659af3e21dfa26d798a0ae26054c0b00ce38bce57c2e5e2605212.jpg,low,0,0.013266520574688911
16e7311f7012b391c869efe97d40aa3333eeadd2f9261580f9c90b724c38f204,data/datasets/sid-set/candidate-1500/images/real/16e7311f7012b391c869efe97d40aa3333eeadd2f9261580f9c90b724c38f204.jpg,low,0,0.9247008562088013
1760bc29f8e686101c530e292b18fb3234d79abd3d4d70266d340dbd50625587,data/datasets/sid-set/candidate-1500/images/real/1760bc29f8e686101c530e292b18fb3234d79abd3d4d70266d340dbd50625587.jpg,low,0,0.9638038873672485
18022edd727ee0b98773997ea3b6d52c73b962904322e40ab0d3311bc51c1e3c,data/datasets/sid-set/candidate-1500/images/real/18022edd727ee0b98773997ea3b6d52c73b962904322e40ab0d3311bc51c1e3c.jpg,low,0,0.7653425931930542
181d2b2f7f37ae187edd6e854efa4f0d2ac64645d0bed1a59882969aa4f07f12,data/datasets/sid-set/candidate-1500/images/real/181d2b2f7f37ae187edd6e854efa4f0d2ac64645d0bed1a59882969aa4f07f12.jpg,low,0,0.06725314259529114
18bce8b97cd36ee7286152fe7db043ec0138ef174361203b2ed4f83350f299c9,data/datasets/openfake/additional-900/images/real/18bce8b97cd36ee7286152fe7db043ec0138ef174361203b2ed4f83350f299c9.jpg,low,0,0.004014039412140846
18ed85d1de33fd0780782337a9a228e54f0b191a7bf340a75cc8d390486674e5,data/datasets/sid-set/candidate-1500/images/fake/18ed85d1de33fd0780782337a9a228e54f0b191a7bf340a75cc8d390486674e5.png,low,1,0.997423529624939
193a50148cdb4cb8b7e1d9e078f60e1913a69787b44221e4ae72be23ccefeca3,data/datasets/openfake/additional-900/images/fake/193a50148cdb4cb8b7e1d9e078f60e1913a69787b44221e4ae72be23ccefeca3.png,low,1,0.9945796728134155
199f58174190b1b299ed7abf5613193a38b35d4aec135069d8699f491b4debf3,data/datasets/sid-set/candidate-1500/images/real/199f58174190b1b299ed7abf5613193a38b35d4aec135069d8699f491b4debf3.jpg,low,0,0.04544100537896156
19bf4afe49e7813c5bd76f6f61a7dd04c26c71f9da59ad3a58f80ee7dd3be5c0,data/datasets/sid-set/candidate-1500/images/fake/19bf4afe49e7813c5bd76f6f61a7dd04c26c71f9da59ad3a58f80ee7dd3be5c0.png,low,1,0.9784864187240601
1a74e5d0f4829aa0b8a6f24d5edfb4432b6f10cda3599c59c908f4c9057b721b,data/datasets/openfake/pilot-600/images/real/1a74e5d0f4829aa0b8a6f24d5edfb4432b6f10cda3599c59c908f4c9057b721b.jpg,low,0,0.0067275636829435825
1a9cac0c6837348afd7edc12beca89ece7ba9e6bc1d5849d3ae6bd62f9becf32,data/datasets/openfake/pilot-600/images/fake/1a9cac0c6837348afd7edc12beca89ece7ba9e6bc1d5849d3ae6bd62f9becf32.jpg,low,1,0.08005616813898087
1abd06f1eb5a9190036995b314cb6eabc033b699e7c46b561b890862d2bccd5f,data/datasets/sid-set/candidate-1500/images/real/1abd06f1eb5a9190036995b314cb6eabc033b699e7c46b561b890862d2bccd5f.jpg,low,0,0.6063556671142578
1ae5bd41b7fae39eeeb67c0a5b47d298e4bb5d13d84446edad8b9ad6a2ceadc4,data/datasets/sid-set/candidate-1500/images/real/1ae5bd41b7fae39eeeb67c0a5b47d298e4bb5d13d84446edad8b9ad6a2ceadc4.jpg,low,0,0.02852240763604641
1aef516961e150465470a1132a4921b721dc9ba6c6b2fcfc2b376e62ad13499a,data/datasets/sid-set/candidate-1500/images/fake/1aef516961e150465470a1132a4921b721dc9ba6c6b2fcfc2b376e62ad13499a.png,low,1,0.9781894087791443
1b47519770b8200c2add395998b54dbb594bab454e6cd1af4fe1863243eb874a,data/datasets/sid-set/candidate-1500/images/real/1b47519770b8200c2add395998b54dbb594bab454e6cd1af4fe1863243eb874a.jpg,low,0,0.9879768490791321
1b762c6d799935302d4075ef31c5e63f6bc4fb594d726f07e7b39c77dac8024d,data/datasets/sid-set/candidate-1500/images/fake/1b762c6d799935302d4075ef31c5e63f6bc4fb594d726f07e7b39c77dac8024d.png,low,1,0.9933785200119019
1b93918831c1bc80d2028ba2075cb32c50618be10daf2fcdaa4b305a48dcd0d8,data/datasets/openfake/additional-900/images/fake/1b93918831c1bc80d2028ba2075cb32c50618be10daf2fcdaa4b305a48dcd0d8.png,low,1,0.9516686797142029
1ba6feb03afdb7ba7a2daed115e162f9a6c1f0422c20200d46fef00693ce27f8,data/datasets/openfake/additional-900/images/fake/1ba6feb03afdb7ba7a2daed115e162f9a6c1f0422c20200d46fef00693ce27f8.png,low,1,0.9654847979545593
1bb1589ed6e97df41ca7fc2d12f2b4d4d2b7d96ee5105d40271407bfe8741c91,data/datasets/sid-set/candidate-1500/images/fake/1bb1589ed6e97df41ca7fc2d12f2b4d4d2b7d96ee5105d40271407bfe8741c91.png,low,1,0.9528629183769226
1bd1d4f16b72cd3d16cbe1fedf769d4e1b859333ba5f4c8836688928a8e3d865,data/datasets/openfake/pilot-600/images/fake/1bd1d4f16b72cd3d16cbe1fedf769d4e1b859333ba5f4c8836688928a8e3d865.png,low,1,0.9983331561088562
1c23cb2695a784a2117fc8945dce614349ef2254ab19eef78d19e67b28c77597,data/datasets/openfake/additional-900/images/fake/1c23cb2695a784a2117fc8945dce614349ef2254ab19eef78d19e67b28c77597.png,low,1,0.9907773733139038
1c282873f278b2b62b5503e56e36d0db96614c2f21f00f74b9cb27a3dd4b28be,data/datasets/sid-set/candidate-1500/images/fake/1c282873f278b2b62b5503e56e36d0db96614c2f21f00f74b9cb27a3dd4b28be.png,low,1,0.9334741830825806
1c332d5e8e126675bb473827e28520c1898f73a756a3df5d6cde9cfbd5787f6b,data/datasets/openfake/additional-900/images/fake/1c332d5e8e126675bb473827e28520c1898f73a756a3df5d6cde9cfbd5787f6b.png,low,1,0.9631333947181702
1c50b57532684c5d499e618c370e14fc9f63dc652e39268006865b34cffe7ce6,data/datasets/sid-set/candidate-1500/images/real/1c50b57532684c5d499e618c370e14fc9f63dc652e39268006865b34cffe7ce6.jpg,low,0,0.7443112134933472
1ceebdbd8f8880e6fd354366bf72a797ed8b489b293345fb865514a68151d8aa,data/datasets/sid-set/candidate-1500/images/real/1ceebdbd8f8880e6fd354366bf72a797ed8b489b293345fb865514a68151d8aa.jpg,low,0,0.9082629680633545
1d1b8a2442b551b32b91780328a4bc24366531bc064a1869f58c4f86900c753e,data/datasets/sid-set/candidate-1500/images/real/1d1b8a2442b551b32b91780328a4bc24366531bc064a1869f58c4f86900c753e.jpg,low,0,0.8067150712013245
1d2089073ff8e0d4151ed1f374d5b3dd45ba6d918843f2d779effa23aa0e217f,data/datasets/sid-set/candidate-1500/images/real/1d2089073ff8e0d4151ed1f374d5b3dd45ba6d918843f2d779effa23aa0e217f.jpg,low,0,0.9952120780944824
1d223ba5c28ea1ff99c242bb1ff9ffb57707d9e2dca2516a819de97301b8c904,data/datasets/openfake/additional-900/images/fake/1d223ba5c28ea1ff99c242bb1ff9ffb57707d9e2dca2516a819de97301b8c904.png,low,1,0.9902697801589966
1d5a25e27f0cfee2f925f703e34e2d41463b1bc819660fdfeff09233e9f063cb,data/datasets/openfake/additional-900/images/fake/1d5a25e27f0cfee2f925f703e34e2d41463b1bc819660fdfeff09233e9f063cb.webp,low,1,0.2139996588230133
1d6e81a577421daad58703ef03ba3c8b9ff1d3d3d314336c0a13573ed0e17e07,data/datasets/sid-set/candidate-1500/images/real/1d6e81a577421daad58703ef03ba3c8b9ff1d3d3d314336c0a13573ed0e17e07.jpg,low,0,0.4198010265827179
1de70679b5e3a7615f252eb15b5b32c95b78e3acb9f1c487cb43c3cff56e8a3f,data/datasets/sid-set/candidate-1500/images/fake/1de70679b5e3a7615f252eb15b5b32c95b78e3acb9f1c487cb43c3cff56e8a3f.png,low,1,0.978818416595459
1e0fdd36b56edf7d7e76996eca0f833cb0259dfeb8490637db97f6ebee28b050,data/datasets/sid-set/candidate-1500/images/fake/1e0fdd36b56edf7d7e76996eca0f833cb0259dfeb8490637db97f6ebee28b050.png,low,1,0.9619846343994141
1e91a5f1bf287a719f8cc7d3ca3c5d16554bb29d805404517528c12ec810b819,data/datasets/openfake/pilot-600/images/fake/1e91a5f1bf287a719f8cc7d3ca3c5d16554bb29d805404517528c12ec810b819.png,low,1,0.9095490574836731
1ec60f4a00f16de352c4f1c64ad24f08abe579befc4f069b0734d924cda31113,data/datasets/sid-set/candidate-1500/images/real/1ec60f4a00f16de352c4f1c64ad24f08abe579befc4f069b0734d924cda31113.jpg,low,0,0.40541568398475647
1f61805373af202b8f3a8bbb2b0dc65d9e686a36969feb72d8681ab9af86b406,data/datasets/openfake/additional-900/images/real/1f61805373af202b8f3a8bbb2b0dc65d9e686a36969feb72d8681ab9af86b406.jpg,low,0,0.02979493886232376
1f61b2c9c066e8171d2a5173011654033789b4bb071a0e851f0c3b46e9292bd8,data/datasets/openfake/additional-900/images/fake/1f61b2c9c066e8171d2a5173011654033789b4bb071a0e851f0c3b46e9292bd8.jpg,low,1,0.9744462370872498
1f63843ff6f2f8dbe07fbf2d65fed8c884e1bdab06904ce31b33132ac47b3275,data/datasets/openfake/pilot-600/images/real/1f63843ff6f2f8dbe07fbf2d65fed8c884e1bdab06904ce31b33132ac47b3275.jpg,low,0,0.14390642940998077
1fa0b95c4493c98b5e5d68ae4bb42660d4388152a4948c40edc6189817d00a1f,data/datasets/openfake/additional-900/images/real/1fa0b95c4493c98b5e5d68ae4bb42660d4388152a4948c40edc6189817d00a1f.jpg,low,0,0.680422306060791
200a7a0052861e463d5f05ca2d582ce0304724531b964d437aeb3b11082f3c01,data/datasets/sid-set/candidate-1500/images/fake/200a7a0052861e463d5f05ca2d582ce0304724531b964d437aeb3b11082f3c01.png,low,1,0.9721744060516357
2098e4c6f7f12cb9e27b62261770bb72ec17872bab7dbe9b21d636111db64581,data/datasets/sid-set/candidate-1500/images/fake/2098e4c6f7f12cb9e27b62261770bb72ec17872bab7dbe9b21d636111db64581.png,low,1,0.8936164975166321
20bc7fd943d66a5a881da71b0ab73149c472279c30bc5f0b23a4138a063ec57d,data/datasets/openfake/additional-900/images/real/20bc7fd943d66a5a881da71b0ab73149c472279c30bc5f0b23a4138a063ec57d.jpg,low,0,0.09230226278305054
21256fcf694121235a2860ed04b87a197017608ffa80d67757445478345a7fac,data/datasets/sid-set/candidate-1500/images/real/21256fcf694121235a2860ed04b87a197017608ffa80d67757445478345a7fac.jpg,low,0,0.052675556391477585
21512ca0a045cfa4732e70e5376b4584e1f48a97910055b7d741fe5b7623f1cf,data/datasets/sid-set/candidate-1500/images/fake/21512ca0a045cfa4732e70e5376b4584e1f48a97910055b7d741fe5b7623f1cf.png,low,1,0.9766298532485962
216bcaf01f6a299af7afbfbee58ddd6605f07021873572a39cf69f66e956cb9c,data/datasets/openfake/additional-900/images/fake/216bcaf01f6a299af7afbfbee58ddd6605f07021873572a39cf69f66e956cb9c.webp,low,1,0.7629385590553284
21c59e3c8f2c33ff5b59b584dae4a18ab0c37c9fc1ba3149cfd0f59f18580dc7,data/datasets/openfake/additional-900/images/fake/21c59e3c8f2c33ff5b59b584dae4a18ab0c37c9fc1ba3149cfd0f59f18580dc7.png,low,1,0.992265522480011
21ccf6fafb3f31f0231951aa7f44c3bd205c2b918b1b562b6dd289ff9389b8d6,data/datasets/sid-set/candidate-1500/images/real/21ccf6fafb3f31f0231951aa7f44c3bd205c2b918b1b562b6dd289ff9389b8d6.jpg,low,0,0.030168218538165092
229582526b538909b538ba4557d0b511190c736ce906b6b3e01e300434bb3465,data/datasets/sid-set/candidate-1500/images/fake/229582526b538909b538ba4557d0b511190c736ce906b6b3e01e300434bb3465.png,low,1,0.9552496671676636
22961a692926514942625475c0cda89138bcf16ae26d6c28cf1b0e4c17c9cc5f,data/datasets/sid-set/candidate-1500/images/fake/22961a692926514942625475c0cda89138bcf16ae26d6c28cf1b0e4c17c9cc5f.png,low,1,0.9890033602714539
23367e4b857d9d06a0326726543152a6109eb116b92f6b338ca9118bbf079759,data/datasets/sid-set/candidate-1500/images/fake/23367e4b857d9d06a0326726543152a6109eb116b92f6b338ca9118bbf079759.png,low,1,0.9900902509689331
23e1d612da5e19bee8be3587968610da0428ba51b733e9886ac22512336f7c71,data/datasets/openfake/pilot-600/images/real/23e1d612da5e19bee8be3587968610da0428ba51b733e9886ac22512336f7c71.jpg,low,0,0.005857969168573618
23f7cc8d9bfb67ea3beae2d0af0b36f22aaac3f26a9700949eeff698de5014fe,data/datasets/sid-set/candidate-1500/images/fake/23f7cc8d9bfb67ea3beae2d0af0b36f22aaac3f26a9700949eeff698de5014fe.png,low,1,0.8561415672302246
244b8bd1f5f9f9df069430a5d0b2253d5f3fb2bb8141e1aabcbc51d1ed99551a,data/datasets/openfake/additional-900/images/real/244b8bd1f5f9f9df069430a5d0b2253d5f3fb2bb8141e1aabcbc51d1ed99551a.jpg,low,0,0.7844020128250122
2456243d6713c8b1a36d9e1cbb885666729fa92cb657129aa7f5dcd084b2f5dc,data/datasets/sid-set/candidate-1500/images/real/2456243d6713c8b1a36d9e1cbb885666729fa92cb657129aa7f5dcd084b2f5dc.jpg,low,0,0.45876196026802063
245c6dbf7b290c17f7dff7707696369cfc7c789495d04c7ced51e038a728455d,data/datasets/openfake/pilot-600/images/real/245c6dbf7b290c17f7dff7707696369cfc7c789495d04c7ced51e038a728455d.jpg,low,0,0.0004472759610507637
24698cfc6224279dd379faacb358e313d713b54903239cc66ca5c7baaf848e42,data/datasets/sid-set/candidate-1500/images/real/24698cfc6224279dd379faacb358e313d713b54903239cc66ca5c7baaf848e42.jpg,low,0,0.012763314880430698
248f69db77d07800d75d4814c27f97d502961597cd3f22d67a7eb1a61deb4a28,data/datasets/sid-set/candidate-1500/images/real/248f69db77d07800d75d4814c27f97d502961597cd3f22d67a7eb1a61deb4a28.jpg,low,0,0.008836397901177406
249ced550c605549f65fb91397e111932c4a91930484391541ce23e84d24b95c,data/datasets/sid-set/candidate-1500/images/real/249ced550c605549f65fb91397e111932c4a91930484391541ce23e84d24b95c.jpg,low,0,0.14536328613758087
250c950db0e8dd1b3fdfae71328a90eb435dc794eead422a361c1b3f3f8e1a6b,data/datasets/sid-set/candidate-1500/images/fake/250c950db0e8dd1b3fdfae71328a90eb435dc794eead422a361c1b3f3f8e1a6b.png,low,1,0.9785456657409668
250fcc22ee1d042f99f665147675bfa5f5dc534d0634a87caf1300165f39e7c7,data/datasets/sid-set/candidate-1500/images/fake/250fcc22ee1d042f99f665147675bfa5f5dc534d0634a87caf1300165f39e7c7.png,low,1,0.9415497779846191
2594de6c9f6625725e5f45286bf191b0c986ab7be1ee6bdedfd926333a0e5499,data/datasets/sid-set/candidate-1500/images/fake/2594de6c9f6625725e5f45286bf191b0c986ab7be1ee6bdedfd926333a0e5499.png,low,1,0.9959449172019958
2634b7e1237bbf3efe74fcf5616823166f3925d25e6f0993128a38fad8478fc8,data/datasets/openfake/pilot-600/images/fake/2634b7e1237bbf3efe74fcf5616823166f3925d25e6f0993128a38fad8478fc8.png,low,1,0.9753420948982239
2700a6ba8ca8737fca61bae67a3c5dd3faa9e33dd9e67b117bb7e5d5f6fcfa70,data/datasets/sid-set/candidate-1500/images/real/2700a6ba8ca8737fca61bae67a3c5dd3faa9e33dd9e67b117bb7e5d5f6fcfa70.jpg,low,0,0.5281856060028076
276ffb73a65cb42cf4b58833a7009a4d1bd8138a8c2e89da3b32de767a9a8305,data/datasets/openfake/pilot-600/images/fake/276ffb73a65cb42cf4b58833a7009a4d1bd8138a8c2e89da3b32de767a9a8305.png,low,1,0.9975190162658691
27a8b2d173e69b062fed5ae9c96b8a439ec767cb7258a89255108a380acdd3ff,data/datasets/openfake/additional-900/images/real/27a8b2d173e69b062fed5ae9c96b8a439ec767cb7258a89255108a380acdd3ff.jpg,low,0,0.002072761068120599
27af497e36089218690a7ca84aab644962e880ebbc055e4a34462d2493e6091d,data/datasets/sid-set/candidate-1500/images/fake/27af497e36089218690a7ca84aab644962e880ebbc055e4a34462d2493e6091d.png,low,1,0.9018637537956238
27c52dbcb62b80b4210302a82419645352ee1e05b2d57dc9f1f0ceeeec9c3140,data/datasets/sid-set/candidate-1500/images/fake/27c52dbcb62b80b4210302a82419645352ee1e05b2d57dc9f1f0ceeeec9c3140.png,low,1,0.960371196269989
280c4f3c4b87f5c3ee9f8ecd8dcc11a17532719b311837d3c58cb06cf56ec39f,data/datasets/openfake/additional-900/images/real/280c4f3c4b87f5c3ee9f8ecd8dcc11a17532719b311837d3c58cb06cf56ec39f.jpg,low,0,0.4063889980316162
2816527ad32ea3f88de8645e232cb93ee3476ce82f3f3355729869cabde1a9f0,data/datasets/sid-set/candidate-1500/images/fake/2816527ad32ea3f88de8645e232cb93ee3476ce82f3f3355729869cabde1a9f0.png,low,1,0.990810751914978
28172b58d4923811c06a6836137cda8fdfb2025b7c13c06aea21398b988ab900,data/datasets/sid-set/candidate-1500/images/fake/28172b58d4923811c06a6836137cda8fdfb2025b7c13c06aea21398b988ab900.png,low,1,0.9976257681846619
28a686a50704ad0a58dd97a398bab0331751aad4a817904b7c7aaedd2dcd6d43,data/datasets/openfake/additional-900/images/real/28a686a50704ad0a58dd97a398bab0331751aad4a817904b7c7aaedd2dcd6d43.png,low,0,0.7858666181564331
28ec76e6fa2c84fb0c832b480be2a9a08de0e43d2889d40e8359299da7e06535,data/datasets/sid-set/candidate-1500/images/real/28ec76e6fa2c84fb0c832b480be2a9a08de0e43d2889d40e8359299da7e06535.jpg,low,0,0.27826789021492004
29119e77fb69cb309364e9e95d120c8790d67e12da74b4b268564e4304ba0199,data/datasets/sid-set/candidate-1500/images/real/29119e77fb69cb309364e9e95d120c8790d67e12da74b4b268564e4304ba0199.jpg,low,0,0.8213000893592834
291efda2aceaef3a36bf43909fec69613470fd40c2cdf09a6ab7684abe85e417,data/datasets/openfake/additional-900/images/fake/291efda2aceaef3a36bf43909fec69613470fd40c2cdf09a6ab7684abe85e417.png,low,1,0.4280224144458771
293860d0ddb530ae997fb95809ecf5c8c7d877e361073c65151a398e975eb541,data/datasets/sid-set/candidate-1500/images/fake/293860d0ddb530ae997fb95809ecf5c8c7d877e361073c65151a398e975eb541.png,low,1,0.9239146113395691
29823ad44950f641734a3f71168772f44c87820fdd7738d93cb925b128390947,data/datasets/sid-set/candidate-1500/images/real/29823ad44950f641734a3f71168772f44c87820fdd7738d93cb925b128390947.jpg,low,0,0.8995352387428284
29da04d067627b33b857698231fee7b2297b3a915f3e10c717c343ed403eddc1,data/datasets/sid-set/candidate-1500/images/fake/29da04d067627b33b857698231fee7b2297b3a915f3e10c717c343ed403eddc1.png,low,1,0.9903420209884644
2a99484982bb0adad44a10648158002e076573b230500276bee93350f6562505,data/datasets/openfake/additional-900/images/fake/2a99484982bb0adad44a10648158002e076573b230500276bee93350f6562505.png,low,1,0.37542077898979187
2aa6aec835b660fc75b9ca5c3c42e55975050c3c6a5f60e5ca382d54e84210c1,data/datasets/openfake/additional-900/images/real/2aa6aec835b660fc75b9ca5c3c42e55975050c3c6a5f60e5ca382d54e84210c1.jpg,low,0,0.004753029439598322
2ae17a689d7b288ce2fbc0f06dbf62da5f229fb8e8cb376616ee97ffd3d9499f,data/datasets/sid-set/candidate-1500/images/real/2ae17a689d7b288ce2fbc0f06dbf62da5f229fb8e8cb376616ee97ffd3d9499f.jpg,low,0,0.7019621133804321
2b7cd9eb32b7751d1db24a8bd4a4836592be5854c4e75693912df600fc2e5455,data/datasets/openfake/additional-900/images/real/2b7cd9eb32b7751d1db24a8bd4a4836592be5854c4e75693912df600fc2e5455.jpg,low,0,0.0413844995200634
2c2d40c41e091183540f595a9f2703cd977ace11415a13e25a04ab566186af59,data/datasets/openfake/pilot-600/images/fake/2c2d40c41e091183540f595a9f2703cd977ace11415a13e25a04ab566186af59.png,low,1,0.8671110272407532
2c3083590993bd78f3253a88c09e7bf96ed3ec1ab2437d1e5794db0bd386c40e,data/datasets/openfake/additional-900/images/fake/2c3083590993bd78f3253a88c09e7bf96ed3ec1ab2437d1e5794db0bd386c40e.png,low,1,0.7619034051895142
2c589e7647e0fb13ba906532f5660efb2e439e7a2eb58ef4f1b968db0cc2ef45,data/datasets/sid-set/candidate-1500/images/real/2c589e7647e0fb13ba906532f5660efb2e439e7a2eb58ef4f1b968db0cc2ef45.jpg,low,0,0.48774540424346924
2d370f2b6637915b92b4404a7387767a4cd63c6591df555c1364293d5a5e49ee,data/datasets/openfake/additional-900/images/real/2d370f2b6637915b92b4404a7387767a4cd63c6591df555c1364293d5a5e49ee.jpg,low,0,0.0589265450835228
2d800df5b0525264f52afee0d9f9701da09977e0f7eed066e5d11cba87bbc468,data/datasets/sid-set/candidate-1500/images/real/2d800df5b0525264f52afee0d9f9701da09977e0f7eed066e5d11cba87bbc468.jpg,low,0,0.022715162485837936
2d9f2d4dcc033ab62e70056f6ef1bb8946ace73793c39a169372a6f18b68a8fd,data/datasets/sid-set/candidate-1500/images/fake/2d9f2d4dcc033ab62e70056f6ef1bb8946ace73793c39a169372a6f18b68a8fd.png,low,1,0.9850986003875732
2db046ead02ac566454f46dbfe20fe49c834c11f1c86c43d8d8087a986adb3cd,data/datasets/openfake/additional-900/images/fake/2db046ead02ac566454f46dbfe20fe49c834c11f1c86c43d8d8087a986adb3cd.png,low,1,0.9965646862983704
2dd0c282b1fe3810860bbb5ff5e4868336e1f444f91377231a1794ac123c6c84,data/datasets/openfake/pilot-600/images/real/2dd0c282b1fe3810860bbb5ff5e4868336e1f444f91377231a1794ac123c6c84.jpg,low,0,0.007227499969303608
2e58e17899ace162ae471cb588b7b18bb0061b5399224604528778d0da05356f,data/datasets/openfake/additional-900/images/fake/2e58e17899ace162ae471cb588b7b18bb0061b5399224604528778d0da05356f.png,low,1,0.8868252635002136
2e5ed0702d36f5e3126b4537917f0da662da540a6b6108a896572d2cfa8600c5,data/datasets/sid-set/candidate-1500/images/fake/2e5ed0702d36f5e3126b4537917f0da662da540a6b6108a896572d2cfa8600c5.png,low,1,0.924750030040741
2e7e1d81b0504ec3a473ff7741f8c9e7290fdabb7400f0e849deae0c53dbf4f8,data/datasets/sid-set/candidate-1500/images/fake/2e7e1d81b0504ec3a473ff7741f8c9e7290fdabb7400f0e849deae0c53dbf4f8.png,low,1,0.9561946988105774
2f4caccfb9b040b2f3ca9ec542968c4bf22af4eddd5a47833c775a0957c10160,data/datasets/openfake/additional-900/images/real/2f4caccfb9b040b2f3ca9ec542968c4bf22af4eddd5a47833c775a0957c10160.jpg,low,0,0.0026280716992914677
2fd1734bc9d04986b87b8ca73600c9b6622b5a7f2449bd1204793e75b4de2a03,data/datasets/sid-set/candidate-1500/images/fake/2fd1734bc9d04986b87b8ca73600c9b6622b5a7f2449bd1204793e75b4de2a03.png,low,1,0.9844129681587219
3045d43673a6b95835d6974a70e31012d125e97b49c4c43484732c70a645caff,data/datasets/sid-set/candidate-1500/images/fake/3045d43673a6b95835d6974a70e31012d125e97b49c4c43484732c70a645caff.png,low,1,0.868391752243042
308b91121223e9da49d54ec0e3648075e1eccefd0d66ebb3ee4c73bf9523b61a,data/datasets/sid-set/candidate-1500/images/fake/308b91121223e9da49d54ec0e3648075e1eccefd0d66ebb3ee4c73bf9523b61a.png,low,1,0.9358980655670166
30ddb13258d843329e554405900e72eee4ecfe50c0e216920469eb8434768f2b,data/datasets/sid-set/candidate-1500/images/fake/30ddb13258d843329e554405900e72eee4ecfe50c0e216920469eb8434768f2b.png,low,1,0.3731937110424042
312b5db959c1bcce5e6668324223f2e44e9dabb8ee0410c623c22c2749cab509,data/datasets/sid-set/candidate-1500/images/fake/312b5db959c1bcce5e6668324223f2e44e9dabb8ee0410c623c22c2749cab509.png,low,1,0.9676840305328369
3142d5d4115363a28ebfc1be7d25c72c66c334f041a5f0dd1f27f628dc7fa049,data/datasets/sid-set/candidate-1500/images/real/3142d5d4115363a28ebfc1be7d25c72c66c334f041a5f0dd1f27f628dc7fa049.jpg,low,0,0.28493329882621765
31a95ce7acdcc54951b5d2538ea6186415b5b29654bf851a45e7025acb092734,data/datasets/openfake/additional-900/images/real/31a95ce7acdcc54951b5d2538ea6186415b5b29654bf851a45e7025acb092734.jpg,low,0,0.9547383189201355
31d00f248bb633010c0776aff7fda1f4241876eb4b49026f1e9af674bf9cbc01,data/datasets/sid-set/candidate-1500/images/fake/31d00f248bb633010c0776aff7fda1f4241876eb4b49026f1e9af674bf9cbc01.png,low,1,0.9253848195075989
31e667fc7f286991cc50729f201ce5e6c0c8a7c36e1e2512648976e54e7bc7da,data/datasets/openfake/additional-900/images/fake/31e667fc7f286991cc50729f201ce5e6c0c8a7c36e1e2512648976e54e7bc7da.png,low,1,0.9967023730278015
32430a235982cadd1c83eb796692cda70d353915cba2d8f63bfc120bb9d383e2,data/datasets/sid-set/candidate-1500/images/fake/32430a235982cadd1c83eb796692cda70d353915cba2d8f63bfc120bb9d383e2.png,low,1,0.8603707551956177
3285e4e9e8222149709364d29c0c19254347a33752e46edf527345c3c919fac4,data/datasets/openfake/pilot-600/images/fake/3285e4e9e8222149709364d29c0c19254347a33752e46edf527345c3c919fac4.png,low,1,0.37417563796043396
32c116aceda440db46fb33a8e69ddaff4a37d642c5a86ea0c13d17ff2673c754,data/datasets/openfake/pilot-600/images/fake/32c116aceda440db46fb33a8e69ddaff4a37d642c5a86ea0c13d17ff2673c754.png,low,1,0.9478949904441833
32c8f3461e0b167a4852617d674fdc3bbb5ec742952491a3926e99fe6d4ce542,data/datasets/openfake/pilot-600/images/real/32c8f3461e0b167a4852617d674fdc3bbb5ec742952491a3926e99fe6d4ce542.jpg,low,0,0.4856102466583252
32d95aa856bc3e2d1bf3d82337a804b44c9f6cd077593ae4ef1443405fafcd61,data/datasets/sid-set/candidate-1500/images/fake/32d95aa856bc3e2d1bf3d82337a804b44c9f6cd077593ae4ef1443405fafcd61.png,low,1,0.9393296241760254
339d98665a13f6f63982fefeafb05c7820565e83483ebeaac66dbe6a887bf741,data/datasets/sid-set/candidate-1500/images/fake/339d98665a13f6f63982fefeafb05c7820565e83483ebeaac66dbe6a887bf741.png,low,1,0.9950430393218994
33cffb193f9eb808c075f6a703a248afa67493ddd7b8ca43b92d809c02634faf,data/datasets/openfake/additional-900/images/real/33cffb193f9eb808c075f6a703a248afa67493ddd7b8ca43b92d809c02634faf.jpg,low,0,0.8715433478355408
33dc8da314178f02cbcf28f3f93cb3e26c9314b04da89db249d5a9f5bd893d81,data/datasets/sid-set/candidate-1500/images/fake/33dc8da314178f02cbcf28f3f93cb3e26c9314b04da89db249d5a9f5bd893d81.png,low,1,0.5404426455497742
33f1bce0cff1308a8dffcc09f9fbd9af0f012a7dbaaa1ca93e0314b6d57cfe2f,data/datasets/sid-set/candidate-1500/images/fake/33f1bce0cff1308a8dffcc09f9fbd9af0f012a7dbaaa1ca93e0314b6d57cfe2f.png,low,1,0.9156688451766968
33f844c9ae07a4bfcf2657e1a3766a9158240ef96a2b6de73b9541427cc80b3e,data/datasets/sid-set/candidate-1500/images/fake/33f844c9ae07a4bfcf2657e1a3766a9158240ef96a2b6de73b9541427cc80b3e.png,low,1,0.996355414390564
3405c99652e61027e967a9c1e4d45d4462b511860f0ace842f1ee4e2418b4f68,data/datasets/sid-set/candidate-1500/images/real/3405c99652e61027e967a9c1e4d45d4462b511860f0ace842f1ee4e2418b4f68.jpg,low,0,0.0752071887254715
341cbb369afb44c8cc8786689b7845ad2d124417b6025370089bab3b0bf336de,data/datasets/openfake/pilot-600/images/fake/341cbb369afb44c8cc8786689b7845ad2d124417b6025370089bab3b0bf336de.png,low,1,0.6514939665794373
34b45ef8ba1df2d07f8a6a517d2e9d169a6eaa0bf79a634f381162bf8c9f25c1,data/datasets/sid-set/candidate-1500/images/real/34b45ef8ba1df2d07f8a6a517d2e9d169a6eaa0bf79a634f381162bf8c9f25c1.jpg,low,0,0.2970748841762543
3513cdf7a346cfa6d1f5a1d10fbea34e5159d6481fc7aea6853470fd80af63e9,data/datasets/sid-set/candidate-1500/images/real/3513cdf7a346cfa6d1f5a1d10fbea34e5159d6481fc7aea6853470fd80af63e9.jpg,low,0,0.05872412025928497
3517163d14c3c662ab2da3b198a5098e4c2ecdfcee95c7ec41de64e6e3d56828,data/datasets/sid-set/candidate-1500/images/fake/3517163d14c3c662ab2da3b198a5098e4c2ecdfcee95c7ec41de64e6e3d56828.png,low,1,0.9878514409065247
3545ed27cb87eedeb0c43dc62b3aed8e3cc4a96b9d49de3f19b792c15a37e715,data/datasets/sid-set/candidate-1500/images/real/3545ed27cb87eedeb0c43dc62b3aed8e3cc4a96b9d49de3f19b792c15a37e715.jpg,low,0,0.2853570878505707
355bccd9c4f2cf6796736e5aa0a7e97d72f5c45d472ce9b536d607d03dad5130,data/datasets/sid-set/candidate-1500/images/fake/355bccd9c4f2cf6796736e5aa0a7e97d72f5c45d472ce9b536d607d03dad5130.png,low,1,0.979629635810852
3571b3f6be5181c48982d0de0b71c4137822337a75b9f5f2e9f832705c4ca011,data/datasets/sid-set/candidate-1500/images/fake/3571b3f6be5181c48982d0de0b71c4137822337a75b9f5f2e9f832705c4ca011.png,low,1,0.8643997311592102
35ceca919ec4d7fa8e784a3a15e7377cf5d72285bc43bb99f1c654c50c9ab81e,data/datasets/sid-set/candidate-1500/images/fake/35ceca919ec4d7fa8e784a3a15e7377cf5d72285bc43bb99f1c654c50c9ab81e.png,low,1,0.6905462741851807
35db278b5f4eeeedf76a3eade9a7d0229ca1222d6befbec7137fe2a736c009a3,data/datasets/sid-set/candidate-1500/images/real/35db278b5f4eeeedf76a3eade9a7d0229ca1222d6befbec7137fe2a736c009a3.jpg,low,0,0.8062602281570435
361350589fde7568380b771f59f666271b792936b71255f0e47bd845021fa43e,data/datasets/sid-set/candidate-1500/images/real/361350589fde7568380b771f59f666271b792936b71255f0e47bd845021fa43e.jpg,low,0,0.36132684350013733
361af28c057bf179e8ccf74eb3f888ab7554159ce8705e948cc6e22180a6688c,data/datasets/sid-set/candidate-1500/images/fake/361af28c057bf179e8ccf74eb3f888ab7554159ce8705e948cc6e22180a6688c.png,low,1,0.9439526796340942
36903ecde68c12ad2e4d0d4311ab0c30e3971a16b1c59c8878bab85fbb1ad253,data/datasets/sid-set/candidate-1500/images/real/36903ecde68c12ad2e4d0d4311ab0c30e3971a16b1c59c8878bab85fbb1ad253.jpg,low,0,0.8140267729759216
36a53013fceb77265fc769ca2a58a8aa75fa47d678d9796476f4eff895555f14,data/datasets/openfake/additional-900/images/fake/36a53013fceb77265fc769ca2a58a8aa75fa47d678d9796476f4eff895555f14.png,low,1,0.9993653893470764
36a60d1bef20412ba0262653d9023d0a75745a5219eb869af11e04cba0eaf57b,data/datasets/openfake/additional-900/images/fake/36a60d1bef20412ba0262653d9023d0a75745a5219eb869af11e04cba0eaf57b.png,low,1,0.9914660453796387
36ad9c6dddf721a9ce52ca7d07054d031ee8e6d68a0465fab09dc84efe48060b,data/datasets/sid-set/candidate-1500/images/fake/36ad9c6dddf721a9ce52ca7d07054d031ee8e6d68a0465fab09dc84efe48060b.png,low,1,0.9859273433685303
36c04a2607bcc2f2ea3526452275102e7d6ad80961b10e823d19265e5e730bbd,data/datasets/sid-set/candidate-1500/images/fake/36c04a2607bcc2f2ea3526452275102e7d6ad80961b10e823d19265e5e730bbd.png,low,1,0.9531294107437134
3707eb2fe7ccf1868df8252ea22c35856cdbdc7b0a4c68c7a4000fbce73434e4,data/datasets/sid-set/candidate-1500/images/real/3707eb2fe7ccf1868df8252ea22c35856cdbdc7b0a4c68c7a4000fbce73434e4.jpg,low,0,0.106451116502285
3717eba290a5a66c03d6b112da2468c3396e891857427408d8d1dce024d3ceee,data/datasets/openfake/additional-900/images/real/3717eba290a5a66c03d6b112da2468c3396e891857427408d8d1dce024d3ceee.jpg,low,0,0.7052221894264221
374643d03ad94a428e3f1463985c6847736bbc2b63dfd5936e5efb6aa59ebc28,data/datasets/openfake/additional-900/images/fake/374643d03ad94a428e3f1463985c6847736bbc2b63dfd5936e5efb6aa59ebc28.png,low,1,0.9771263003349304
37c78cc34c6a7a4679ecf442f48b8b032419528d211e1228e6a6e33709fe9e11,data/datasets/sid-set/candidate-1500/images/real/37c78cc34c6a7a4679ecf442f48b8b032419528d211e1228e6a6e33709fe9e11.jpg,low,0,0.010436681099236012
37ed93a5dd62a0e6279cde8dd7c11c4b9a9430198cb87120698af90639a5efc9,data/datasets/openfake/pilot-600/images/real/37ed93a5dd62a0e6279cde8dd7c11c4b9a9430198cb87120698af90639a5efc9.jpg,low,0,0.7415503859519958
3882bb06282d88f97a27d7cfa87038d54bc60a27f1abdde1b58cb76d4ee925ad,data/datasets/openfake/additional-900/images/real/3882bb06282d88f97a27d7cfa87038d54bc60a27f1abdde1b58cb76d4ee925ad.jpg,low,0,0.018593231216073036
38a427dfc6245f36f023f810f00f3aba639f0b6b5002bbf700a76ad0b32e5b59,data/datasets/sid-set/candidate-1500/images/real/38a427dfc6245f36f023f810f00f3aba639f0b6b5002bbf700a76ad0b32e5b59.jpg,low,0,0.4600123167037964
38dbc5bdc9025eceda56fa92e855b858e1988d67c194be856bafe68f939d1229,data/datasets/sid-set/candidate-1500/images/real/38dbc5bdc9025eceda56fa92e855b858e1988d67c194be856bafe68f939d1229.jpg,low,0,0.765057384967804
3932c4be79a2a6bb5517c79000767e27fdd9b5d16dcad2b686e0da7434a496a4,data/datasets/sid-set/candidate-1500/images/real/3932c4be79a2a6bb5517c79000767e27fdd9b5d16dcad2b686e0da7434a496a4.jpg,low,0,0.36974862217903137
399f1ae199f8649c53b248e3938e93a542bfe3e8e347236d541e7aba606d89fd,data/datasets/sid-set/candidate-1500/images/fake/399f1ae199f8649c53b248e3938e93a542bfe3e8e347236d541e7aba606d89fd.png,low,1,0.13319140672683716
3a0876444087f277c112436701d1019610b3dcd4719a9123c09833921c42d567,data/datasets/openfake/pilot-600/images/fake/3a0876444087f277c112436701d1019610b3dcd4719a9123c09833921c42d567.png,low,1,0.9709718227386475
3a61cff91c68e6459f67496b39bbe1f72a9b5fa24ea898e5aef54dfcdd329934,data/datasets/sid-set/candidate-1500/images/fake/3a61cff91c68e6459f67496b39bbe1f72a9b5fa24ea898e5aef54dfcdd329934.png,low,1,0.9887964725494385
3a709eabd6e4997cbc06eb796c6aabebbb5ccefdf47ef02d4dbb5ebb3945d816,data/datasets/sid-set/candidate-1500/images/fake/3a709eabd6e4997cbc06eb796c6aabebbb5ccefdf47ef02d4dbb5ebb3945d816.png,low,1,0.9396224617958069
3ae81164b8904b1b4023f5db79ba10a788031fd879152ed4468e87171fdd8116,data/datasets/sid-set/candidate-1500/images/fake/3ae81164b8904b1b4023f5db79ba10a788031fd879152ed4468e87171fdd8116.png,low,1,0.9581269025802612
3b035e1cf47fbd78226b371679a9decd767dcbb3aa2ee564ab404c12aa0b3ffa,data/datasets/openfake/additional-900/images/real/3b035e1cf47fbd78226b371679a9decd767dcbb3aa2ee564ab404c12aa0b3ffa.jpg,low,0,0.4797259569168091
3b05d39f30751369e8d27bb14a0b790ba4c6f2f86fa90ab9707ea91bcb096ca4,data/datasets/sid-set/candidate-1500/images/real/3b05d39f30751369e8d27bb14a0b790ba4c6f2f86fa90ab9707ea91bcb096ca4.jpg,low,0,0.5072124600410461
3bd33a78c770bc431e2bef9ff5a13311524ac8d20dac5b42f490bdb29a21a50d,data/datasets/openfake/additional-900/images/real/3bd33a78c770bc431e2bef9ff5a13311524ac8d20dac5b42f490bdb29a21a50d.jpg,low,0,0.8684002161026001
3bd56fe2e940dee5a6635bbc97077cad061542085f39c705d8b2f7b7c94607ed,data/datasets/openfake/pilot-600/images/fake/3bd56fe2e940dee5a6635bbc97077cad061542085f39c705d8b2f7b7c94607ed.png,low,1,0.9980941414833069
3c25f6a9c6e51c9d4d66adbf3e8f1cc92e62852cd5b0a9ba22d2981554944d85,data/datasets/sid-set/candidate-1500/images/fake/3c25f6a9c6e51c9d4d66adbf3e8f1cc92e62852cd5b0a9ba22d2981554944d85.png,low,1,0.8784515857696533
3c9a6f54794fded613d09729c344de257a382a04e5ea7565fdcec52ab85bea31,data/datasets/sid-set/candidate-1500/images/real/3c9a6f54794fded613d09729c344de257a382a04e5ea7565fdcec52ab85bea31.jpg,low,0,0.32192739844322205
3c9d19f0f80b2f4ef3a572610a18b726c2c65f9dbd7c9905265c5588bc9a8478,data/datasets/openfake/additional-900/images/fake/3c9d19f0f80b2f4ef3a572610a18b726c2c65f9dbd7c9905265c5588bc9a8478.jpg,low,1,0.9792633652687073
3cdaf4057c187fe3e038786bcc72ac6107d49a8710f76794ebf192bd76ad50ab,data/datasets/openfake/additional-900/images/real/3cdaf4057c187fe3e038786bcc72ac6107d49a8710f76794ebf192bd76ad50ab.jpg,low,0,0.0006927767535671592
3d167265c4ac8da86a746360e3409fcbe324a6e66b49c8b838883010970623a0,data/datasets/openfake/additional-900/images/fake/3d167265c4ac8da86a746360e3409fcbe324a6e66b49c8b838883010970623a0.png,low,1,0.43457266688346863
3dd99cf4f20c4f81a559eabc00030602a0476b96cfb6bfbc17d4433b6d780253,data/datasets/sid-set/candidate-1500/images/real/3dd99cf4f20c4f81a559eabc00030602a0476b96cfb6bfbc17d4433b6d780253.jpg,low,0,0.0017717833397909999
3e1e0fc8e6ccd5e18d9768cdd128936d829f24f44bcb07eefe2a39bf3ebe3d7f,data/datasets/sid-set/candidate-1500/images/fake/3e1e0fc8e6ccd5e18d9768cdd128936d829f24f44bcb07eefe2a39bf3ebe3d7f.png,low,1,0.9793469309806824
3e85ab191a4f8b5da9d37cc337cac834669d58bf99e0f151967db1f8e3ca583a,data/datasets/sid-set/candidate-1500/images/real/3e85ab191a4f8b5da9d37cc337cac834669d58bf99e0f151967db1f8e3ca583a.jpg,low,0,0.9340444207191467
3eaaaaaa0e2b38f4fbbf1ca17864830f5c7d5a690200d4a6753519250db7d338,data/datasets/openfake/pilot-600/images/real/3eaaaaaa0e2b38f4fbbf1ca17864830f5c7d5a690200d4a6753519250db7d338.jpg,low,0,0.0024841325357556343
3eac3ea8c87dc52205827b5d7253e4458acc7e4a7bf043c19b88fff0b5cb222e,data/datasets/sid-set/candidate-1500/images/real/3eac3ea8c87dc52205827b5d7253e4458acc7e4a7bf043c19b88fff0b5cb222e.jpg,low,0,0.9211893081665039
3ec9209f03fa21740f5bf445cee711070fdb0e51bd2970a52eceb125fe543dda,data/datasets/openfake/pilot-600/images/real/3ec9209f03fa21740f5bf445cee711070fdb0e51bd2970a52eceb125fe543dda.jpg,low,0,0.49594464898109436
3f214263436e6c35a6dcac5af464eb63e32b4ca845ba125b91e0ec3534a7ca2f,data/datasets/openfake/additional-900/images/fake/3f214263436e6c35a6dcac5af464eb63e32b4ca845ba125b91e0ec3534a7ca2f.png,low,1,0.9698092937469482
3fb4f3ac5b257b23040b2c8e2fafc7419e5688788048b20ccb7808698e71fef5,data/datasets/sid-set/candidate-1500/images/real/3fb4f3ac5b257b23040b2c8e2fafc7419e5688788048b20ccb7808698e71fef5.jpg,low,0,0.11555378139019012
3fb83946ea481134318f53fa92c46613fd6476e37d8d619376685c8b83ba4ff2,data/datasets/sid-set/candidate-1500/images/fake/3fb83946ea481134318f53fa92c46613fd6476e37d8d619376685c8b83ba4ff2.png,low,1,0.9897192716598511
3fc7182c486cfaa460311c36560ae046cbc0395da2160327f5ef5935568f399f,data/datasets/sid-set/candidate-1500/images/fake/3fc7182c486cfaa460311c36560ae046cbc0395da2160327f5ef5935568f399f.png,low,1,0.5833643078804016
3fd0c58671c7f76c4ea3eac539ed3371dc3554a72d30c5f6b9e5ea5992fa1438,data/datasets/sid-set/candidate-1500/images/fake/3fd0c58671c7f76c4ea3eac539ed3371dc3554a72d30c5f6b9e5ea5992fa1438.png,low,1,0.9946807026863098
3fdd46e137354cb31443fffe5e29fa5cea9a5700c4bad7470d5c9ccb3574ce39,data/datasets/sid-set/candidate-1500/images/real/3fdd46e137354cb31443fffe5e29fa5cea9a5700c4bad7470d5c9ccb3574ce39.jpg,low,0,0.00027688767295330763
3fdfdc7ec0146aedde1b9e79d33de83bc52dcc9821538b7b0e0206b2e9ec755a,data/datasets/sid-set/candidate-1500/images/real/3fdfdc7ec0146aedde1b9e79d33de83bc52dcc9821538b7b0e0206b2e9ec755a.jpg,low,0,0.08242638409137726
406e65d5aa3446fc84575e2d4010cccd865c5cf72d0fb49ad5fe930794251787,data/datasets/openfake/additional-900/images/real/406e65d5aa3446fc84575e2d4010cccd865c5cf72d0fb49ad5fe930794251787.jpg,low,0,0.00020227153436280787
40d69f920e8fba6e4d332c30c9953e2216950382471f3592f4111bffb8ed60a1,data/datasets/sid-set/candidate-1500/images/real/40d69f920e8fba6e4d332c30c9953e2216950382471f3592f4111bffb8ed60a1.jpg,low,0,0.4412476718425751
41b29a54c4f188e5ccc4d22f1407aa0adb017057c86ba17b1ff05001ca3094e2,data/datasets/sid-set/candidate-1500/images/real/41b29a54c4f188e5ccc4d22f1407aa0adb017057c86ba17b1ff05001ca3094e2.jpg,low,0,0.9435960054397583
41e3ecf25835bb9d18060df8a1493b59d9f334f021ffccd30c53f6eb3d1ad80b,data/datasets/sid-set/candidate-1500/images/fake/41e3ecf25835bb9d18060df8a1493b59d9f334f021ffccd30c53f6eb3d1ad80b.png,low,1,0.9475840330123901
41e4aa56cf9bf6802221f01d05c1e5774fe6d368c9c28042bdd34bf0c6c9269c,data/datasets/sid-set/candidate-1500/images/fake/41e4aa56cf9bf6802221f01d05c1e5774fe6d368c9c28042bdd34bf0c6c9269c.png,low,1,0.974499523639679
4206b2b1ad9357771272805d0e209e1a975111bdd53bebf07139c9adde2f9bdf,data/datasets/sid-set/candidate-1500/images/fake/4206b2b1ad9357771272805d0e209e1a975111bdd53bebf07139c9adde2f9bdf.png,low,1,0.978383481502533
4235575d1e77a4ae1bf21e25d9089b945e82798977c0121392c01364145bfa26,data/datasets/sid-set/candidate-1500/images/real/4235575d1e77a4ae1bf21e25d9089b945e82798977c0121392c01364145bfa26.jpg,low,0,0.11039205640554428
4257444908968970fb39a3a578dd765c04ace26efa6da8eb552ba537c21fbec1,data/datasets/sid-set/candidate-1500/images/fake/4257444908968970fb39a3a578dd765c04ace26efa6da8eb552ba537c21fbec1.png,low,1,0.8874768018722534
429b40a5698280ddfa0b3a2ef576fed922c3626c4cc8c20473988018a02a9de5,data/datasets/sid-set/candidate-1500/images/real/429b40a5698280ddfa0b3a2ef576fed922c3626c4cc8c20473988018a02a9de5.jpg,low,0,0.9854000210762024
42cd2a96d784190526146334d1c1e5b3993915cc8064529fe7275af9876d0361,data/datasets/openfake/additional-900/images/real/42cd2a96d784190526146334d1c1e5b3993915cc8064529fe7275af9876d0361.jpg,low,0,0.3223860561847687
42e02282a0ee22844baaa107f9ea0ab2439fe2eb651348da1cfbbe6420369ab9,data/datasets/openfake/additional-900/images/fake/42e02282a0ee22844baaa107f9ea0ab2439fe2eb651348da1cfbbe6420369ab9.jpg,low,1,0.637060821056366
433936eda1a98eb2f1ed4f329b116fd5cd91f98cad65c9e16323ad5abfe82617,data/datasets/openfake/pilot-600/images/fake/433936eda1a98eb2f1ed4f329b116fd5cd91f98cad65c9e16323ad5abfe82617.jpg,low,1,0.5649100542068481
4340d33bb8d6b2b0963b7f08e839eb3f58da16889a462229bd4c4037e32da9e9,data/datasets/sid-set/candidate-1500/images/real/4340d33bb8d6b2b0963b7f08e839eb3f58da16889a462229bd4c4037e32da9e9.jpg,low,0,0.8431904911994934
437f3e2df480b720f1e38fb4d9c459842439e9861ad57ab44d652b7c1778cf13,data/datasets/sid-set/candidate-1500/images/fake/437f3e2df480b720f1e38fb4d9c459842439e9861ad57ab44d652b7c1778cf13.png,low,1,0.8701074123382568
439af5c84c8b8613e612eb662465309bb410e449127b29da97a6d768f0ea342b,data/datasets/openfake/additional-900/images/fake/439af5c84c8b8613e612eb662465309bb410e449127b29da97a6d768f0ea342b.png,low,1,0.9989639520645142
43b4ce98a44fc0e2ec7d31e84601894c0d8e9e4b52955fa6682fb8cd96cde7cd,data/datasets/sid-set/candidate-1500/images/real/43b4ce98a44fc0e2ec7d31e84601894c0d8e9e4b52955fa6682fb8cd96cde7cd.jpg,low,0,0.42934510111808777
43bec3b587510fe3c73842ad4c306e38805809dccdf2aca383933e9b8890072e,data/datasets/openfake/additional-900/images/fake/43bec3b587510fe3c73842ad4c306e38805809dccdf2aca383933e9b8890072e.png,low,1,0.22955045104026794
43de6804b6e253bba24e76ec8ee718aa339284c9b42a8d2caaaffa8e154d3545,data/datasets/openfake/additional-900/images/real/43de6804b6e253bba24e76ec8ee718aa339284c9b42a8d2caaaffa8e154d3545.jpg,low,0,0.9808087348937988
43f49a3088e40a9c8f9506723ae5b0a76c68bb49a9cd41395f0a2b81c5a38d1e,data/datasets/sid-set/candidate-1500/images/real/43f49a3088e40a9c8f9506723ae5b0a76c68bb49a9cd41395f0a2b81c5a38d1e.jpg,low,0,3.461685264483094e-05
44f6f72ab117ac83f9d77d8719766b089f315fa364739215aa85d0f3a2cb19a4,data/datasets/sid-set/candidate-1500/images/fake/44f6f72ab117ac83f9d77d8719766b089f315fa364739215aa85d0f3a2cb19a4.png,low,1,0.9237222671508789
454b847a5870330de2cdaf814f6516356eb04f6e425c8f00322a3cec5a407461,data/datasets/openfake/additional-900/images/fake/454b847a5870330de2cdaf814f6516356eb04f6e425c8f00322a3cec5a407461.jpg,low,1,0.7752334475517273
45535c786a78f574847dac231933b5f80f3007442ccc54f139e36688fecd0e06,data/datasets/sid-set/candidate-1500/images/fake/45535c786a78f574847dac231933b5f80f3007442ccc54f139e36688fecd0e06.png,low,1,0.9942796230316162
45b2c96cfa998963bdf090de4f67feff094da87786a13be5b17a66030e1fe12b,data/datasets/sid-set/candidate-1500/images/real/45b2c96cfa998963bdf090de4f67feff094da87786a13be5b17a66030e1fe12b.jpg,low,0,0.9179606437683105
45d76238d5459c9e77be2eb817b098479e415c7b6ba719843d26dddff110fba2,data/datasets/openfake/additional-900/images/fake/45d76238d5459c9e77be2eb817b098479e415c7b6ba719843d26dddff110fba2.png,low,1,0.7334003448486328
465299e3fd07e7622ca21070b218f81887659270ffb2dbdd79520125f141b0cf,data/datasets/openfake/pilot-600/images/fake/465299e3fd07e7622ca21070b218f81887659270ffb2dbdd79520125f141b0cf.png,low,1,0.9470783472061157
4695936313504537848f94b81d49f822f7bf46131115b0ab0511a8e122f2cc9b,data/datasets/sid-set/candidate-1500/images/real/4695936313504537848f94b81d49f822f7bf46131115b0ab0511a8e122f2cc9b.jpg,low,0,0.9607965350151062
46aa8e6787989eee74c8d19a17b2f106968374f6155d863815fe5733a0d330ac,data/datasets/sid-set/candidate-1500/images/real/46aa8e6787989eee74c8d19a17b2f106968374f6155d863815fe5733a0d330ac.jpg,low,0,0.0022784736938774586
47f49e3dd3e405af51506f567fc47d08b48e7a0dcca64370080f6800e4d61fda,data/datasets/openfake/additional-900/images/fake/47f49e3dd3e405af51506f567fc47d08b48e7a0dcca64370080f6800e4d61fda.png,low,1,0.02448756992816925
48121b25827fe6a8a4a889e2e3d8f7b08f32507f723865eada1ebe5162d2a769,data/datasets/sid-set/candidate-1500/images/fake/48121b25827fe6a8a4a889e2e3d8f7b08f32507f723865eada1ebe5162d2a769.png,low,1,0.8509353995323181
48384cc5d7aa2f5dc39dd96e326d283bea6c1e2f525faa4b072800a7efb467e3,data/datasets/openfake/additional-900/images/fake/48384cc5d7aa2f5dc39dd96e326d283bea6c1e2f525faa4b072800a7efb467e3.webp,low,1,0.36975860595703125
48e3828b6edede16ac4c3f7f415d98ed2ec0fa49451ac8271119f8209da482a6,data/datasets/sid-set/candidate-1500/images/real/48e3828b6edede16ac4c3f7f415d98ed2ec0fa49451ac8271119f8209da482a6.jpg,low,0,0.015839532017707825
48e7ebc76990e709db19e990f04471a64e425c37ceb04fe25a12881783997017,data/datasets/sid-set/candidate-1500/images/real/48e7ebc76990e709db19e990f04471a64e425c37ceb04fe25a12881783997017.jpg,low,0,0.1408502757549286
49380a144b49f0f59b768de5a10406c3e1349401dfbee418968d0e6057703ebd,data/datasets/sid-set/candidate-1500/images/fake/49380a144b49f0f59b768de5a10406c3e1349401dfbee418968d0e6057703ebd.png,low,1,0.9839010834693909
4939f387d0eb4c567650baa445a3fa3d0c1482e0078c16958ca03db310c0cbdf,data/datasets/sid-set/candidate-1500/images/fake/4939f387d0eb4c567650baa445a3fa3d0c1482e0078c16958ca03db310c0cbdf.png,low,1,0.96494060754776
4986dcfcb54b3a04837be073ffa37fb68c7dd55bf1b709d871b36efc315fbf51,data/datasets/sid-set/candidate-1500/images/real/4986dcfcb54b3a04837be073ffa37fb68c7dd55bf1b709d871b36efc315fbf51.jpg,low,0,0.1628052294254303
4a970d0872b966f622500aa3b3a84854ef8f2b48990bb28424a0c6cf85e0e515,data/datasets/sid-set/candidate-1500/images/real/4a970d0872b966f622500aa3b3a84854ef8f2b48990bb28424a0c6cf85e0e515.jpg,low,0,0.005731029901653528
4ac5aff8ac575d4dcf8423a0e3130ae17d5334d793deeca1a0afa347bf69fb7f,data/datasets/sid-set/candidate-1500/images/fake/4ac5aff8ac575d4dcf8423a0e3130ae17d5334d793deeca1a0afa347bf69fb7f.png,low,1,0.6527540683746338
4ac6ab44e7c934630f7e531f7678a5c91d3bd278b176ec4355ff9826e69e88f4,data/datasets/openfake/pilot-600/images/real/4ac6ab44e7c934630f7e531f7678a5c91d3bd278b176ec4355ff9826e69e88f4.jpg,low,0,0.3586086630821228
4aec263de4c723d0816290080a21c231a7b83a23273123e0690cb598c927c564,data/datasets/sid-set/candidate-1500/images/fake/4aec263de4c723d0816290080a21c231a7b83a23273123e0690cb598c927c564.png,low,1,0.9138180017471313
4b016e64a421d12b31a4db1512e67280bceb03f9e2ce69d18ac6d254b75929f2,data/datasets/sid-set/candidate-1500/images/fake/4b016e64a421d12b31a4db1512e67280bceb03f9e2ce69d18ac6d254b75929f2.png,low,1,0.9951934218406677
4b02ca5c117c532f9e4fd0ec487d366aa25999ae7f68e757d4f047ea56d3066d,data/datasets/openfake/additional-900/images/fake/4b02ca5c117c532f9e4fd0ec487d366aa25999ae7f68e757d4f047ea56d3066d.png,low,1,0.9903776049613953
4b684bea40aeed911d404714784204a81f1def1c5d2adc7be8f60a92be6fee59,data/datasets/sid-set/candidate-1500/images/fake/4b684bea40aeed911d404714784204a81f1def1c5d2adc7be8f60a92be6fee59.png,low,1,0.9971972703933716
4b698946e0e311e3846dae36932f92fb6020fe55a6b5b01b6000472ea791b2e5,data/datasets/openfake/pilot-600/images/fake/4b698946e0e311e3846dae36932f92fb6020fe55a6b5b01b6000472ea791b2e5.png,low,1,0.9711769819259644
4bb9dda873026626ee413c4c795f9424fcd56025bbcd61eb6771a6b0a9878156,data/datasets/openfake/additional-900/images/fake/4bb9dda873026626ee413c4c795f9424fcd56025bbcd61eb6771a6b0a9878156.jpg,low,1,0.9379163980484009
4c611beec246562e4797340761b1f6ce3443ffc94160da408b02d0ee6e65bd00,data/datasets/sid-set/candidate-1500/images/fake/4c611beec246562e4797340761b1f6ce3443ffc94160da408b02d0ee6e65bd00.png,low,1,0.9974368810653687
4c819829b501601c7884178cbabe6c0688fb0ae5c2a912d43878b05ec94cccd2,data/datasets/sid-set/candidate-1500/images/fake/4c819829b501601c7884178cbabe6c0688fb0ae5c2a912d43878b05ec94cccd2.png,low,1,0.9611160159111023
4c8c368518e267b9f6c62619ae5fbfea9f40572dbe557bec70235be228583cbc,data/datasets/openfake/additional-900/images/real/4c8c368518e267b9f6c62619ae5fbfea9f40572dbe557bec70235be228583cbc.jpg,low,0,0.17271022498607635
4cafb42cea8bf121d52a162036b42d4863fb6c13b38a42e2e7f74e92ad85f5e4,data/datasets/openfake/pilot-600/images/real/4cafb42cea8bf121d52a162036b42d4863fb6c13b38a42e2e7f74e92ad85f5e4.jpg,low,0,0.030601007863879204
4cddd5771d5186c2fe45768178a29b86003ab4b5606ec132b7d19bdb8bffe2d7,data/datasets/openfake/additional-900/images/fake/4cddd5771d5186c2fe45768178a29b86003ab4b5606ec132b7d19bdb8bffe2d7.jpg,low,1,0.6224039196968079
4ce5fe8692e303ef108d7f3d01c6880db5397e3229ada484ea732a354756f883,data/datasets/sid-set/candidate-1500/images/real/4ce5fe8692e303ef108d7f3d01c6880db5397e3229ada484ea732a354756f883.jpg,low,0,0.9947629570960999
4d346d2bd7542efc9e2c2384a8d2255fd76ea23706a03859bff81113b3cbd374,data/datasets/sid-set/candidate-1500/images/real/4d346d2bd7542efc9e2c2384a8d2255fd76ea23706a03859bff81113b3cbd374.jpg,low,0,0.9851593375205994
4d4cd2bb88de63931a32d0e6aba257d84effff01bf0112276975ca7207453252,data/datasets/sid-set/candidate-1500/images/real/4d4cd2bb88de63931a32d0e6aba257d84effff01bf0112276975ca7207453252.jpg,low,0,0.8554192185401917
4d7b2f49b2ec61683115776755d52fffad284731623d35a8e249687770e7d82d,data/datasets/sid-set/candidate-1500/images/real/4d7b2f49b2ec61683115776755d52fffad284731623d35a8e249687770e7d82d.jpg,low,0,0.17072702944278717
4de3d99cbfa7a20cbf9db941faf22eee49e65723f0ad37d63f3b2bf455797699,data/datasets/sid-set/candidate-1500/images/fake/4de3d99cbfa7a20cbf9db941faf22eee49e65723f0ad37d63f3b2bf455797699.png,low,1,0.9822313189506531
4e0988bef6f72725b7cc8bc855aabb62c1cb0a971796e4fb984562f6675fb657,data/datasets/sid-set/candidate-1500/images/fake/4e0988bef6f72725b7cc8bc855aabb62c1cb0a971796e4fb984562f6675fb657.png,low,1,0.9823854565620422
4e43dfbfb7910a73a1b0f66b78f3344bdce91528492954ae21d71af697480f39,data/datasets/sid-set/candidate-1500/images/real/4e43dfbfb7910a73a1b0f66b78f3344bdce91528492954ae21d71af697480f39.jpg,low,0,0.016207585111260414
4e6fa6697824deaaba825141ae262d9731f6034ebffd484661962db72eb6a836,data/datasets/sid-set/candidate-1500/images/fake/4e6fa6697824deaaba825141ae262d9731f6034ebffd484661962db72eb6a836.png,low,1,0.9279079437255859
4f1460acc42dd74b522a6c341bcf9318a6f5af5d066d2eb51513ef50564ea992,data/datasets/openfake/pilot-600/images/fake/4f1460acc42dd74b522a6c341bcf9318a6f5af5d066d2eb51513ef50564ea992.png,low,1,0.5017410516738892
4f4d77fa08b3bd3046996560aa99fe1c641edbdaf3916079f4d10db696cf1451,data/datasets/openfake/pilot-600/images/fake/4f4d77fa08b3bd3046996560aa99fe1c641edbdaf3916079f4d10db696cf1451.png,low,1,0.999872088432312
4f5f23b760d5e22fc303e27eceb6f3bffa54cff941afe6a1368f478291a5ffaf,data/datasets/sid-set/candidate-1500/images/fake/4f5f23b760d5e22fc303e27eceb6f3bffa54cff941afe6a1368f478291a5ffaf.png,low,1,0.862767219543457
4f67ccc024747ba1f09452e310a48dc946f06512c4447c640c56ed2925efde60,data/datasets/sid-set/candidate-1500/images/real/4f67ccc024747ba1f09452e310a48dc946f06512c4447c640c56ed2925efde60.jpg,low,0,0.9605704545974731
4fad66fae2f320b99c4092f4f5158e6e27a334c8bc6732682e1ad84a5a31d45b,data/datasets/openfake/additional-900/images/fake/4fad66fae2f320b99c4092f4f5158e6e27a334c8bc6732682e1ad84a5a31d45b.png,low,1,0.451728492975235
4fe2539ff09bff7287bf2e32ab51529dc696e03350a55676370ce82d2abacb9c,data/datasets/sid-set/candidate-1500/images/real/4fe2539ff09bff7287bf2e32ab51529dc696e03350a55676370ce82d2abacb9c.jpg,low,0,0.6344674825668335
502df633c3fc349e17eeb0cdcb1ede384c56bee930402dd1fd7e5d050aebfece,data/datasets/sid-set/candidate-1500/images/real/502df633c3fc349e17eeb0cdcb1ede384c56bee930402dd1fd7e5d050aebfece.jpg,low,0,0.5191563367843628
50320b95a2fd247b0ca876c609c3294e470da2e5a80cd657b8c6696cec998016,data/datasets/openfake/pilot-600/images/fake/50320b95a2fd247b0ca876c609c3294e470da2e5a80cd657b8c6696cec998016.png,low,1,0.7302247881889343
5083277655cacd203853b2af948a7b6f90faa190df5677b6b7872288132abf9e,data/datasets/sid-set/candidate-1500/images/real/5083277655cacd203853b2af948a7b6f90faa190df5677b6b7872288132abf9e.jpg,low,0,0.16879776120185852
508b6657c330e98ea2c05eab15e8aa4b9fff36ef313abf6e8d906e0ee3120c49,data/datasets/openfake/additional-900/images/fake/508b6657c330e98ea2c05eab15e8aa4b9fff36ef313abf6e8d906e0ee3120c49.png,low,1,0.6590017080307007
50a034f192d6a573b5b2293b6f8ab1615c83ad5cd10772f9985a41916758e958,data/datasets/openfake/additional-900/images/fake/50a034f192d6a573b5b2293b6f8ab1615c83ad5cd10772f9985a41916758e958.png,low,1,0.9482259750366211
50b32758ea17cf2e2ec4c5ef9e01885db302a46dc7d93a671cc55d3ca08a3609,data/datasets/sid-set/candidate-1500/images/real/50b32758ea17cf2e2ec4c5ef9e01885db302a46dc7d93a671cc55d3ca08a3609.jpg,low,0,0.44906365871429443
50cd4789c22fa8d32d6db2946632af1ef31216b0d010f8a0b9af1bc33bf6f096,data/datasets/openfake/additional-900/images/real/50cd4789c22fa8d32d6db2946632af1ef31216b0d010f8a0b9af1bc33bf6f096.jpg,low,0,0.00014646143245045096
510676466d0c8a59a8335b58595b26373fc39d6770107eb0374d6590de6fe0dc,data/datasets/sid-set/candidate-1500/images/fake/510676466d0c8a59a8335b58595b26373fc39d6770107eb0374d6590de6fe0dc.png,low,1,0.9979404807090759
518c1f93709f44b66cf5b198884e17019d01917938b77e0c6ea48c0e226efc17,data/datasets/openfake/additional-900/images/fake/518c1f93709f44b66cf5b198884e17019d01917938b77e0c6ea48c0e226efc17.png,low,1,0.9939549565315247
519eedb72139e3a1fddec74c3e2bd99fd80e90df24524f9a484f5fd1a939ca74,data/datasets/sid-set/candidate-1500/images/real/519eedb72139e3a1fddec74c3e2bd99fd80e90df24524f9a484f5fd1a939ca74.jpg,low,0,0.07078087329864502
51aff7a224e4bb8f96f3463b69bfd8126f1b4a07a4094ca8dfef59a33a2204ac,data/datasets/openfake/pilot-600/images/fake/51aff7a224e4bb8f96f3463b69bfd8126f1b4a07a4094ca8dfef59a33a2204ac.png,low,1,0.7036128044128418
51d1e825290902dc7a45065250ed454816059fad92fff5cbc530fd8aeec6ba33,data/datasets/sid-set/candidate-1500/images/fake/51d1e825290902dc7a45065250ed454816059fad92fff5cbc530fd8aeec6ba33.png,low,1,0.9700171947479248
51e127ff27783e703771bdef616cc59317a0171234ff1307d7c0b3a493d39d17,data/datasets/openfake/pilot-600/images/fake/51e127ff27783e703771bdef616cc59317a0171234ff1307d7c0b3a493d39d17.png,low,1,0.09286095947027206
52057df9a0dcff27c49b6c46ca76cc7fd5438b95fab446f7fb423ddfc9dded2c,data/datasets/sid-set/candidate-1500/images/fake/52057df9a0dcff27c49b6c46ca76cc7fd5438b95fab446f7fb423ddfc9dded2c.png,low,1,0.9825226068496704
5205ddf23881c553c106da4ef1cb91c96a8320515d872fbd525af840dcfd4025,data/datasets/sid-set/candidate-1500/images/fake/5205ddf23881c553c106da4ef1cb91c96a8320515d872fbd525af840dcfd4025.png,low,1,0.9847874045372009
52099a21a436703183b860b7ec9ead39456e35fda6d82ae8630879a3e1f115b9,data/datasets/sid-set/candidate-1500/images/real/52099a21a436703183b860b7ec9ead39456e35fda6d82ae8630879a3e1f115b9.jpg,low,0,0.00840741116553545
520cb9c9266f0e34ac89426d97125df4a536987ceca1a6e1815c6626c03d1733,data/datasets/sid-set/candidate-1500/images/fake/520cb9c9266f0e34ac89426d97125df4a536987ceca1a6e1815c6626c03d1733.png,low,1,0.8967812061309814
52974c179cd77ae5cbf40099bd02c04f300de64b85a5ebd2777529e6db9aeac8,data/datasets/openfake/additional-900/images/fake/52974c179cd77ae5cbf40099bd02c04f300de64b85a5ebd2777529e6db9aeac8.png,low,1,0.9964556694030762
529a3a2c3c4f203fb9e0545be478f43255bc784e504e7fe89589439f5ab270af,data/datasets/openfake/additional-900/images/fake/529a3a2c3c4f203fb9e0545be478f43255bc784e504e7fe89589439f5ab270af.png,low,1,0.9507666826248169
529ee0e68c64a9dcccfd8b89448845884824e7f773ceea0fb614821c7815a262,data/datasets/openfake/additional-900/images/fake/529ee0e68c64a9dcccfd8b89448845884824e7f773ceea0fb614821c7815a262.png,low,1,0.9824077486991882
52cef850f89e8da607ee0daf8647ea786b6fb0ee42695bafc66e42f494cdb30c,data/datasets/sid-set/candidate-1500/images/fake/52cef850f89e8da607ee0daf8647ea786b6fb0ee42695bafc66e42f494cdb30c.png,low,1,0.976894736289978
534b0fefaae5bb446696dd37acd8814b03f1fe6fb5fb75b9c5c10f9204c204e1,data/datasets/sid-set/candidate-1500/images/fake/534b0fefaae5bb446696dd37acd8814b03f1fe6fb5fb75b9c5c10f9204c204e1.png,low,1,0.8478207588195801
53f2cf7b1500173c2b9e7c51c237c3ac17e847efbd7d2ba6f9d3a0de0f19269e,data/datasets/sid-set/candidate-1500/images/real/53f2cf7b1500173c2b9e7c51c237c3ac17e847efbd7d2ba6f9d3a0de0f19269e.jpg,low,0,0.038637321442365646
54bf97a9a271e35cf3ede9973fbf5d49837eade2a5fa6f75752be23a489fb05b,data/datasets/openfake/additional-900/images/real/54bf97a9a271e35cf3ede9973fbf5d49837eade2a5fa6f75752be23a489fb05b.jpg,low,0,0.0031428076326847076
55ab819a02dccef709cb166cfe66db94820ff18d6ddd8edb9e5e6eaf52f72926,data/datasets/sid-set/candidate-1500/images/fake/55ab819a02dccef709cb166cfe66db94820ff18d6ddd8edb9e5e6eaf52f72926.png,low,1,0.9908832907676697
563d735fc629a0326781d4b1279dbd69dba1df7ce8d0ce0ee6eaa0bae57b4295,data/datasets/sid-set/candidate-1500/images/real/563d735fc629a0326781d4b1279dbd69dba1df7ce8d0ce0ee6eaa0bae57b4295.jpg,low,0,0.0013476547319442034
5657f43d1dafc4d86b669d193cfa57b2affb86b4889d611f366750e195fd44a9,data/datasets/sid-set/candidate-1500/images/fake/5657f43d1dafc4d86b669d193cfa57b2affb86b4889d611f366750e195fd44a9.png,low,1,0.9431795477867126
5709d77cbb3ec9a6265e6d69ae4b1341fd5b9b2fc0b46e043f4a53c8e20bfed8,data/datasets/sid-set/candidate-1500/images/real/5709d77cbb3ec9a6265e6d69ae4b1341fd5b9b2fc0b46e043f4a53c8e20bfed8.jpg,low,0,0.03279925510287285
571fd554df05a7bf1736fcf48d5bd65ca19858c09fa2eedd2f93e7a519ed86e9,data/datasets/openfake/additional-900/images/fake/571fd554df05a7bf1736fcf48d5bd65ca19858c09fa2eedd2f93e7a519ed86e9.png,low,1,0.4332387447357178
5734721aecf77adcfe04917a418dd4cfd64e9457f5fbc73287452bd81dc7eecc,data/datasets/openfake/additional-900/images/fake/5734721aecf77adcfe04917a418dd4cfd64e9457f5fbc73287452bd81dc7eecc.png,low,1,0.525111973285675
57ff6260b17769edc60ba8b6f3016fd1912e4fb3313d521e6ea3ab1af2f572d1,data/datasets/sid-set/candidate-1500/images/real/57ff6260b17769edc60ba8b6f3016fd1912e4fb3313d521e6ea3ab1af2f572d1.jpg,low,0,0.13758763670921326
58cf0ea9f9c133175c5a63ca770e6491b4e36ca5f4d1b72b85c65554858c470d,data/datasets/openfake/pilot-600/images/real/58cf0ea9f9c133175c5a63ca770e6491b4e36ca5f4d1b72b85c65554858c470d.jpg,low,0,0.7724891304969788
58d9b43a338f5061150b4ea36a3456aa75c9ba4c27d76512e9e695f5c8321b37,data/datasets/sid-set/candidate-1500/images/fake/58d9b43a338f5061150b4ea36a3456aa75c9ba4c27d76512e9e695f5c8321b37.png,low,1,0.9565898180007935
58da6885aeb73c46ceedab0824d3af64a9f746ae59bbc1c3c38e0e67c3bc8574,data/datasets/sid-set/candidate-1500/images/fake/58da6885aeb73c46ceedab0824d3af64a9f746ae59bbc1c3c38e0e67c3bc8574.png,low,1,0.9770207405090332
59142bf9fcfdfd90190b7924c589f3bf3aea945d2e4908db9accbfe17eb80f69,data/datasets/sid-set/candidate-1500/images/real/59142bf9fcfdfd90190b7924c589f3bf3aea945d2e4908db9accbfe17eb80f69.jpg,low,0,0.0037097898311913013
591cafe2680835faf54837e92c5d8a3e9174c7f41b0d0b7efdeca399724f8809,data/datasets/openfake/additional-900/images/fake/591cafe2680835faf54837e92c5d8a3e9174c7f41b0d0b7efdeca399724f8809.jpg,low,1,0.599076509475708
59a0fb27e2ea646e48ed30d2a2cfbee2b97626568037b69ee1b941c86a2fa5f0,data/datasets/sid-set/candidate-1500/images/fake/59a0fb27e2ea646e48ed30d2a2cfbee2b97626568037b69ee1b941c86a2fa5f0.png,low,1,0.984887957572937
5ad04d1497cfb5d6ab41f407af583d1a27ce130744ee30a4eafcc9ad405ddfbc,data/datasets/sid-set/candidate-1500/images/real/5ad04d1497cfb5d6ab41f407af583d1a27ce130744ee30a4eafcc9ad405ddfbc.jpg,low,0,0.8608916997909546
5b1d5d53d67cb8c03697f3d2a1304aa1fc26157f7fcccbf29534765f373958e4,data/datasets/sid-set/candidate-1500/images/fake/5b1d5d53d67cb8c03697f3d2a1304aa1fc26157f7fcccbf29534765f373958e4.png,low,1,0.991872251033783
5b37681261d067f5e354de7d6e84b20cf5ca2b05fe6ab8a685f1704819ae4d2a,data/datasets/sid-set/candidate-1500/images/real/5b37681261d067f5e354de7d6e84b20cf5ca2b05fe6ab8a685f1704819ae4d2a.jpg,low,0,0.012913785874843597
5b680f3263de0ca8c31279539e183bf5e4b4a01bf53a624f943bbb443bd9932b,data/datasets/openfake/additional-900/images/fake/5b680f3263de0ca8c31279539e183bf5e4b4a01bf53a624f943bbb443bd9932b.png,low,1,0.9980358481407166
5b83f86ed3a765c93b7dc581fa9caadf6b56db3d536e57918cda483b2a3ddb5d,data/datasets/sid-set/candidate-1500/images/fake/5b83f86ed3a765c93b7dc581fa9caadf6b56db3d536e57918cda483b2a3ddb5d.png,low,1,0.9763637781143188
5baa7c843d93efdc67c4b0fe344e0a4efcd314363393e451c0a203c1d98b6794,data/datasets/sid-set/candidate-1500/images/real/5baa7c843d93efdc67c4b0fe344e0a4efcd314363393e451c0a203c1d98b6794.jpg,low,0,0.02335253171622753
5bbf6be563a9fc36c637c13d630d04f89028b0527129fbbe7f6fa73b96bf0931,data/datasets/sid-set/candidate-1500/images/real/5bbf6be563a9fc36c637c13d630d04f89028b0527129fbbe7f6fa73b96bf0931.jpg,low,0,0.0015716023044660687
5bde657732339cedd39d140d0664404213cfbcdedf1a2081374bab304456f2e6,data/datasets/openfake/additional-900/images/fake/5bde657732339cedd39d140d0664404213cfbcdedf1a2081374bab304456f2e6.png,low,1,0.9787624478340149
5c34d9c22b066c9acca77513b6004be70181997cd57650df09840adb7cf80208,data/datasets/openfake/additional-900/images/real/5c34d9c22b066c9acca77513b6004be70181997cd57650df09840adb7cf80208.jpg,low,0,0.6041174530982971
5c98200a5e31b4dce29f8fd423fc19015db1bf1420dcf1e88da7fcc1d8ea1168,data/datasets/sid-set/candidate-1500/images/fake/5c98200a5e31b4dce29f8fd423fc19015db1bf1420dcf1e88da7fcc1d8ea1168.png,low,1,0.9575918316841125
5cc59a22aeae5af40aed5398dbbc3b014236c8fc9b548b8ef603849824db1282,data/datasets/openfake/additional-900/images/fake/5cc59a22aeae5af40aed5398dbbc3b014236c8fc9b548b8ef603849824db1282.png,low,1,0.9954226613044739
5ce07ba3c15f803ed9b856e36377f8b4a45f413180519cfa8def8d891f482e01,data/datasets/openfake/additional-900/images/fake/5ce07ba3c15f803ed9b856e36377f8b4a45f413180519cfa8def8d891f482e01.png,low,1,0.8399520516395569
5d59a6691655e94ed2613e1c2e8b0dbeb8684c54c63a86c31c87cb25949072d8,data/datasets/openfake/additional-900/images/fake/5d59a6691655e94ed2613e1c2e8b0dbeb8684c54c63a86c31c87cb25949072d8.png,low,1,0.9894815683364868
5d6bc3b8e9b39d065b34b4f6bbb3214c1367577b4cb1b57bba33a78dc323ed50,data/datasets/openfake/additional-900/images/real/5d6bc3b8e9b39d065b34b4f6bbb3214c1367577b4cb1b57bba33a78dc323ed50.jpg,low,0,0.0003282148391008377
5d757d09839021c85a7663a298f306e253b4dcc4b845eefe2401ba11f550d653,data/datasets/sid-set/candidate-1500/images/real/5d757d09839021c85a7663a298f306e253b4dcc4b845eefe2401ba11f550d653.jpg,low,0,0.026233842596411705
5da7a9b78c18d8ea0567a2118847e4f3a77a337bab9e779d5e9d49e3fc51612b,data/datasets/openfake/pilot-600/images/fake/5da7a9b78c18d8ea0567a2118847e4f3a77a337bab9e779d5e9d49e3fc51612b.png,low,1,0.7821885943412781
5e4a143614b9dc517453aa94f1189a8173d17f61454c78c9fdb4f368cc3ca1bf,data/datasets/openfake/pilot-600/images/fake/5e4a143614b9dc517453aa94f1189a8173d17f61454c78c9fdb4f368cc3ca1bf.png,low,1,0.983738899230957
5ea31bedf55977f1a533af56a9d621911ad91b2e32b6451db74b72f14d760c1a,data/datasets/sid-set/candidate-1500/images/real/5ea31bedf55977f1a533af56a9d621911ad91b2e32b6451db74b72f14d760c1a.jpg,low,0,0.37969493865966797
5eee380cd58c7dd9a6d1ef8c2e623418426b7846433cd607425160b76caa3cd7,data/datasets/sid-set/candidate-1500/images/real/5eee380cd58c7dd9a6d1ef8c2e623418426b7846433cd607425160b76caa3cd7.jpg,low,0,0.966180145740509
5f068e29623548de237844d57e4432059b21f556049147b3aa258c68778b6393,data/datasets/openfake/pilot-600/images/fake/5f068e29623548de237844d57e4432059b21f556049147b3aa258c68778b6393.png,low,1,0.9717881083488464
5f12ab5667503acd5c6574b29b840dff45e2139d867b7431f0bd8a0e10dbd853,data/datasets/sid-set/candidate-1500/images/fake/5f12ab5667503acd5c6574b29b840dff45e2139d867b7431f0bd8a0e10dbd853.png,low,1,0.9955464601516724
5f64ab8c32132b1dd64073cbb0df16e838563d4ed34efc29a84be16bd06dda74,data/datasets/sid-set/candidate-1500/images/real/5f64ab8c32132b1dd64073cbb0df16e838563d4ed34efc29a84be16bd06dda74.jpg,low,0,0.08264192938804626
5f8a4a4fa9957c5775f538f6d083bc8bd5d8862245a0f80fdd1f9326b643a8ce,data/datasets/openfake/additional-900/images/fake/5f8a4a4fa9957c5775f538f6d083bc8bd5d8862245a0f80fdd1f9326b643a8ce.png,low,1,0.9732632040977478
5ffe84e981ebf00a0b37d71b73de542dcd33828f3b10ba45360ac4456a5f0100,data/datasets/openfake/pilot-600/images/real/5ffe84e981ebf00a0b37d71b73de542dcd33828f3b10ba45360ac4456a5f0100.jpg,low,0,0.016196494922041893
612e65006de9350c1327c9c1d2c5a78846df707f4d8176e452e3a93ff6ab37f0,data/datasets/sid-set/candidate-1500/images/real/612e65006de9350c1327c9c1d2c5a78846df707f4d8176e452e3a93ff6ab37f0.jpg,low,0,0.9785172343254089
6131789657343a90a364bc780e1680ced89ee792b92a5215fed0c51008c264bb,data/datasets/sid-set/candidate-1500/images/fake/6131789657343a90a364bc780e1680ced89ee792b92a5215fed0c51008c264bb.png,low,1,0.9743459224700928
6138e8d7e64e65ad401ba3d5715c30512a4f889567050a9de4c7197459568b2a,data/datasets/sid-set/candidate-1500/images/fake/6138e8d7e64e65ad401ba3d5715c30512a4f889567050a9de4c7197459568b2a.png,low,1,0.9297287464141846
629e86c8a84a620ddab79b9acddeb48129ff844e5c96e9582905c6ffce3e4398,data/datasets/sid-set/candidate-1500/images/fake/629e86c8a84a620ddab79b9acddeb48129ff844e5c96e9582905c6ffce3e4398.png,low,1,0.9007155299186707
62d34db299932bcc9cd3ac5aff116698e579e9468d711f5e2ba044b70d4577e1,data/datasets/openfake/pilot-600/images/fake/62d34db299932bcc9cd3ac5aff116698e579e9468d711f5e2ba044b70d4577e1.png,low,1,0.8931302428245544
62ec2e602797e8a18f3ebd78a3b7f77c2e12e08bdf38762d025634e3a90114d0,data/datasets/sid-set/candidate-1500/images/real/62ec2e602797e8a18f3ebd78a3b7f77c2e12e08bdf38762d025634e3a90114d0.jpg,low,0,0.15895991027355194
62f6354648b188669ebabba50eb48c70fac940910db0c3db86ea32d61e7eb978,data/datasets/openfake/additional-900/images/fake/62f6354648b188669ebabba50eb48c70fac940910db0c3db86ea32d61e7eb978.png,low,1,0.8580120801925659
6302fc45b66e8edecec30b745b4c49971e5487938b63515bb3281b3e42160bde,data/datasets/sid-set/candidate-1500/images/fake/6302fc45b66e8edecec30b745b4c49971e5487938b63515bb3281b3e42160bde.png,low,1,0.8962580561637878
63421c317e9b92d2ce48a0b71418d30afe7d560fb47387558ed49efb6c468cd9,data/datasets/sid-set/candidate-1500/images/real/63421c317e9b92d2ce48a0b71418d30afe7d560fb47387558ed49efb6c468cd9.jpg,low,0,0.4719148278236389
637e651b042584eb87d4b61bd7104b194b5c52d7e3684d34197e95b73cda54cf,data/datasets/openfake/additional-900/images/real/637e651b042584eb87d4b61bd7104b194b5c52d7e3684d34197e95b73cda54cf.jpg,low,0,0.22801059484481812
63d7865d87da067fb24617166bc8dcc90dc1f7faa917346fc3f7c0747709e3f4,data/datasets/sid-set/candidate-1500/images/fake/63d7865d87da067fb24617166bc8dcc90dc1f7faa917346fc3f7c0747709e3f4.png,low,1,0.9906028509140015
63e243d8dd7d79235f2350208fd044a798d20674ce7382af0e1f6d61e43f4606,data/datasets/sid-set/candidate-1500/images/real/63e243d8dd7d79235f2350208fd044a798d20674ce7382af0e1f6d61e43f4606.jpg,low,0,0.4509069323539734
64543249e02f16b04ca96069bc481af9a8b71f5fa7fa270f6581eff9581014a9,data/datasets/openfake/additional-900/images/real/64543249e02f16b04ca96069bc481af9a8b71f5fa7fa270f6581eff9581014a9.jpg,low,0,0.014247230254113674
649340a3e2fe07e951ceba421ed6d5ac10a5af0a311ad7cbc7d5c5dccad03a14,data/datasets/sid-set/candidate-1500/images/real/649340a3e2fe07e951ceba421ed6d5ac10a5af0a311ad7cbc7d5c5dccad03a14.jpg,low,0,0.19611452519893646
649d258031226ee739fcd4b411182e18099676bc2cbc83a1a3cc73ab399192c9,data/datasets/sid-set/candidate-1500/images/real/649d258031226ee739fcd4b411182e18099676bc2cbc83a1a3cc73ab399192c9.jpg,low,0,0.5117228627204895
64b2b8fd05d23d9e3c78636435ae821aa4b87b280394a5959dbdc087dd86566d,data/datasets/sid-set/candidate-1500/images/fake/64b2b8fd05d23d9e3c78636435ae821aa4b87b280394a5959dbdc087dd86566d.png,low,1,0.9796546101570129
64b9436c30dff085335c7686ba925335eaa15a6ab2cfcfba774cdb15007e7787,data/datasets/sid-set/candidate-1500/images/fake/64b9436c30dff085335c7686ba925335eaa15a6ab2cfcfba774cdb15007e7787.png,low,1,0.9835928678512573
656c6d653b361c1f1cf66cbba68e2fd0efab8ad24a62548af77f42abc9760b15,data/datasets/sid-set/candidate-1500/images/real/656c6d653b361c1f1cf66cbba68e2fd0efab8ad24a62548af77f42abc9760b15.jpg,low,0,0.643086850643158
65915b5bce38beed603f025a2c675ca18b72ab5b065b7f069af2578062a3106e,data/datasets/sid-set/candidate-1500/images/fake/65915b5bce38beed603f025a2c675ca18b72ab5b065b7f069af2578062a3106e.png,low,1,0.999503493309021
659330a1f2249c111d7d4c9e85f34b9b1e57def3f8b4e13e85498914b29f8061,data/datasets/sid-set/candidate-1500/images/real/659330a1f2249c111d7d4c9e85f34b9b1e57def3f8b4e13e85498914b29f8061.jpg,low,0,0.8291833996772766
661465c0051cc2a32b7e0308728f2680b4bac2bc745cebc9ba670262d26d9684,data/datasets/openfake/additional-900/images/fake/661465c0051cc2a32b7e0308728f2680b4bac2bc745cebc9ba670262d26d9684.png,low,1,0.979901909828186
661d168ccaf6ba46979ec6d2f28d667a56b700f0ca434210cb5eeee11e94723e,data/datasets/openfake/additional-900/images/fake/661d168ccaf6ba46979ec6d2f28d667a56b700f0ca434210cb5eeee11e94723e.png,low,1,0.7964344024658203
66634d87c33103bc19f04b1eed51aff1ace7153a01d936eaa6bea4b35536d131,data/datasets/sid-set/candidate-1500/images/real/66634d87c33103bc19f04b1eed51aff1ace7153a01d936eaa6bea4b35536d131.jpg,low,0,0.5517230033874512
66ebf6d15a78cfa7574b15fbaf9098911e684929eb06f95692d39ef2138c9b5c,data/datasets/openfake/additional-900/images/real/66ebf6d15a78cfa7574b15fbaf9098911e684929eb06f95692d39ef2138c9b5c.jpg,low,0,0.9669732451438904
673a6e5cd26212a92e80c3e6b718005138ccb6f731bc10f1e00d7cd26410ce91,data/datasets/openfake/pilot-600/images/real/673a6e5cd26212a92e80c3e6b718005138ccb6f731bc10f1e00d7cd26410ce91.jpg,low,0,6.51496957289055e-05
68310eebd324d08d87dc199636a5b118312dc7d086696d0cc88a243a033bf437,data/datasets/openfake/additional-900/images/real/68310eebd324d08d87dc199636a5b118312dc7d086696d0cc88a243a033bf437.png,low,0,0.8965715765953064
684a33b52966bed97e330ad9aa667d823625561c4d7aaa830e25bf5b993f9ec4,data/datasets/sid-set/candidate-1500/images/real/684a33b52966bed97e330ad9aa667d823625561c4d7aaa830e25bf5b993f9ec4.jpg,low,0,0.005543283652514219
68744dbcca42c640f20fca1d3e209eea8516e8796f6b1506f1107a3e745b3867,data/datasets/openfake/additional-900/images/real/68744dbcca42c640f20fca1d3e209eea8516e8796f6b1506f1107a3e745b3867.jpg,low,0,0.03231228142976761
689efe8e89302b0ae81cf020a5c4646078c804f56ff5bf55ab011f3e0fd14ac4,data/datasets/sid-set/candidate-1500/images/fake/689efe8e89302b0ae81cf020a5c4646078c804f56ff5bf55ab011f3e0fd14ac4.png,low,1,0.9856951832771301
69043932aeb8e7996820ea96f3d2af8587a6180b83fc90f275acaa022529507d,data/datasets/sid-set/candidate-1500/images/fake/69043932aeb8e7996820ea96f3d2af8587a6180b83fc90f275acaa022529507d.png,low,1,0.648264467716217
69448d1017a30916f777a96e9ff75c7be1236691dad3401a6c1fb161cfee11ff,data/datasets/sid-set/candidate-1500/images/fake/69448d1017a30916f777a96e9ff75c7be1236691dad3401a6c1fb161cfee11ff.png,low,1,0.9549168944358826
696de1498a10e4eca3fd3f9771b5cc83775673df5d10a9a2044c25a119e300dc,data/datasets/sid-set/candidate-1500/images/real/696de1498a10e4eca3fd3f9771b5cc83775673df5d10a9a2044c25a119e300dc.jpg,low,0,0.13941581547260284
69c137cbe2067bb202aaad547c357ef2ff831f099ad15ab356ff2648ed16e8fb,data/datasets/sid-set/candidate-1500/images/fake/69c137cbe2067bb202aaad547c357ef2ff831f099ad15ab356ff2648ed16e8fb.png,low,1,0.967366099357605
69de0c6e7d3ca10c8360280395826c018a2253ca47e0dc859d5e48194feda47d,data/datasets/sid-set/candidate-1500/images/fake/69de0c6e7d3ca10c8360280395826c018a2253ca47e0dc859d5e48194feda47d.png,low,1,0.7201681733131409
69e079abad5f5170d7d23c699b174ab94212190dcb0d6d01e99403923520d3e3,data/datasets/openfake/additional-900/images/fake/69e079abad5f5170d7d23c699b174ab94212190dcb0d6d01e99403923520d3e3.png,low,1,0.800220787525177
6a1447dd0b7267baa02f9f397f73de891cff8dfe44a1fae17356c9056d5c935d,data/datasets/openfake/additional-900/images/real/6a1447dd0b7267baa02f9f397f73de891cff8dfe44a1fae17356c9056d5c935d.jpg,low,0,0.951661229133606
6a33285abbc3d5846597b6619fb4474a27b840622dd3f4d4879a8b4d91c3f426,data/datasets/sid-set/candidate-1500/images/fake/6a33285abbc3d5846597b6619fb4474a27b840622dd3f4d4879a8b4d91c3f426.png,low,1,0.7911299467086792
6b020f3bb6915f4dc9a2be68a4160df0c247a2a742643ce6ba616882b27eae35,data/datasets/openfake/additional-900/images/real/6b020f3bb6915f4dc9a2be68a4160df0c247a2a742643ce6ba616882b27eae35.jpg,low,0,0.04717130959033966
6b1440b888d54654d443b70b1bd4410c4eebca72089fd9b0502bb6bb72cf7d83,data/datasets/sid-set/candidate-1500/images/fake/6b1440b888d54654d443b70b1bd4410c4eebca72089fd9b0502bb6bb72cf7d83.png,low,1,0.8652244210243225
6b45fc8929661a521ecdc114325bdfd24d6ba9a11a995a75bc876229652407c8,data/datasets/sid-set/candidate-1500/images/real/6b45fc8929661a521ecdc114325bdfd24d6ba9a11a995a75bc876229652407c8.jpg,low,0,0.9989290833473206
6b8bacc9f94d462909208ca6cf017a8bceefaf5430341d7281b3d04aa3948bc2,data/datasets/openfake/additional-900/images/fake/6b8bacc9f94d462909208ca6cf017a8bceefaf5430341d7281b3d04aa3948bc2.jpg,low,1,0.8732094764709473
6bc944cecbc1a01c868dd0129e46912a74111d34f14619257ee5c0262fbb93f7,data/datasets/sid-set/candidate-1500/images/fake/6bc944cecbc1a01c868dd0129e46912a74111d34f14619257ee5c0262fbb93f7.png,low,1,0.8783893585205078
6bcd11902bf1280b150d17934d4c8997bd89cfbc1560db92bcee1369006573d1,data/datasets/sid-set/candidate-1500/images/fake/6bcd11902bf1280b150d17934d4c8997bd89cfbc1560db92bcee1369006573d1.png,low,1,0.7284202575683594
6bdaeb2357d4f167fb27501e85543ec69401a62659f73a07b4145afc7b99e4b2,data/datasets/sid-set/candidate-1500/images/fake/6bdaeb2357d4f167fb27501e85543ec69401a62659f73a07b4145afc7b99e4b2.png,low,1,0.7435433268547058
6be8736f3c08ed8fc8eec1d31992235b6f3f24f2d18f6ec213b0105ab4e3fd2d,data/datasets/sid-set/candidate-1500/images/real/6be8736f3c08ed8fc8eec1d31992235b6f3f24f2d18f6ec213b0105ab4e3fd2d.jpg,low,0,0.831712543964386
6c3c126e9083caf94ee2402d33924f28978a3e4eeaebf81caf86bcd3c9f9b3c4,data/datasets/sid-set/candidate-1500/images/real/6c3c126e9083caf94ee2402d33924f28978a3e4eeaebf81caf86bcd3c9f9b3c4.jpg,low,0,0.07148399204015732
6cb4850112a0aff78a8d8ddb5eed2e4a90ff6477a4b99792bebef518295f0e02,data/datasets/openfake/additional-900/images/real/6cb4850112a0aff78a8d8ddb5eed2e4a90ff6477a4b99792bebef518295f0e02.jpg,low,0,0.7935730218887329
6d2e4f96404cc20df76574797024769eb6ab7d95de8b9e8e991c7acf3211f8d0,data/datasets/sid-set/candidate-1500/images/fake/6d2e4f96404cc20df76574797024769eb6ab7d95de8b9e8e991c7acf3211f8d0.png,low,1,0.9681833982467651
6d3f50e988c6f57b936f67737f72fcbafc1f74973178ba11f5a8573cc3b628e0,data/datasets/openfake/pilot-600/images/real/6d3f50e988c6f57b936f67737f72fcbafc1f74973178ba11f5a8573cc3b628e0.jpg,low,0,0.8433245420455933
6d6c7c1d26a4855156cc8bcb735dbf23eb710ed98d1a8a54444ce5a2b929e5f9,data/datasets/sid-set/candidate-1500/images/real/6d6c7c1d26a4855156cc8bcb735dbf23eb710ed98d1a8a54444ce5a2b929e5f9.jpg,low,0,0.9951725602149963
6e12a0b8df430ef97a2ba87be70490e13adcd0aeb114a2355068e1629bef1d7a,data/datasets/openfake/additional-900/images/fake/6e12a0b8df430ef97a2ba87be70490e13adcd0aeb114a2355068e1629bef1d7a.png,low,1,0.22228285670280457
6e5e780ec57c887e38970954e1d6f1c5e62eaf249c34b8aa5b1d1a0628b6c08e,data/datasets/sid-set/candidate-1500/images/real/6e5e780ec57c887e38970954e1d6f1c5e62eaf249c34b8aa5b1d1a0628b6c08e.jpg,low,0,0.8445013165473938
6ed882855088926bcfb8eb3db9cc42c2c63637d23d8d830a64b22a8d299b1a69,data/datasets/sid-set/candidate-1500/images/fake/6ed882855088926bcfb8eb3db9cc42c2c63637d23d8d830a64b22a8d299b1a69.png,low,1,0.9203307628631592
6efe31afb087b7a213ea48b5baaa1b278b499d75ad9ce3fb6a64ba98055484c9,data/datasets/openfake/additional-900/images/fake/6efe31afb087b7a213ea48b5baaa1b278b499d75ad9ce3fb6a64ba98055484c9.png,low,1,0.9938706159591675
6f2b511fb82c458f812576cfa1bd987f9dfe998b2881d634c918e95176caa95a,data/datasets/openfake/pilot-600/images/real/6f2b511fb82c458f812576cfa1bd987f9dfe998b2881d634c918e95176caa95a.jpg,low,0,0.10098584741353989
6f749dd6cfba1f5d6a218179311622493a468c60ef1ff8337b0fc783f9c397d5,data/datasets/openfake/pilot-600/images/fake/6f749dd6cfba1f5d6a218179311622493a468c60ef1ff8337b0fc783f9c397d5.jpg,low,1,0.975909411907196
6f75bf091e1993e35dc86e628bc17853a72347896a2c14dd9b65e45126a3c45e,data/datasets/sid-set/candidate-1500/images/fake/6f75bf091e1993e35dc86e628bc17853a72347896a2c14dd9b65e45126a3c45e.png,low,1,0.9866467714309692
6f7f984ed2ea50137063456dbbcfd0e6ba5bc8311bac8e263856ae5b52f9fbcd,data/datasets/sid-set/candidate-1500/images/real/6f7f984ed2ea50137063456dbbcfd0e6ba5bc8311bac8e263856ae5b52f9fbcd.jpg,low,0,0.02838931605219841
6fef88a481af9792a4b340247bb67969229738a0d77c0869a91bf5c8ab068227,data/datasets/sid-set/candidate-1500/images/fake/6fef88a481af9792a4b340247bb67969229738a0d77c0869a91bf5c8ab068227.png,low,1,0.9483555555343628
6ffc0f0fc68804ef0520def60205f0ea9e39db0e685ba1ecc0c426fb9fa452a6,data/datasets/sid-set/candidate-1500/images/real/6ffc0f0fc68804ef0520def60205f0ea9e39db0e685ba1ecc0c426fb9fa452a6.jpg,low,0,0.5086430907249451
7004758cf10d44a3b406b1533382775a99f47d5f87e87646dbf72190ac7ccbbd,data/datasets/openfake/additional-900/images/real/7004758cf10d44a3b406b1533382775a99f47d5f87e87646dbf72190ac7ccbbd.png,low,0,0.8460565805435181
70210097a9375d45c49262416ca86f599677b5ff7d1ee47a9acb85d9d552f9e5,data/datasets/openfake/additional-900/images/real/70210097a9375d45c49262416ca86f599677b5ff7d1ee47a9acb85d9d552f9e5.jpg,low,0,0.37065038084983826
7155486bc956d86ec08291b1d5fd412b37bdc9bb7812eeb04e7f040383f855e9,data/datasets/openfake/additional-900/images/fake/7155486bc956d86ec08291b1d5fd412b37bdc9bb7812eeb04e7f040383f855e9.png,low,1,0.8864231705665588
71bc95f877b9586d8d8d92c9f7db77424b595c4c5110d4a53ad0fb8cda601144,data/datasets/openfake/additional-900/images/fake/71bc95f877b9586d8d8d92c9f7db77424b595c4c5110d4a53ad0fb8cda601144.jpg,low,1,0.03544895723462105
7206bff6d13bd68031218da561c6d54fc49b5afea8dde33b72621a7e1271b618,data/datasets/sid-set/candidate-1500/images/real/7206bff6d13bd68031218da561c6d54fc49b5afea8dde33b72621a7e1271b618.jpg,low,0,0.8058066368103027
72dcf37742f15e59380689af91c0dc2b04db0cd3c4d7d548eb743a5ee03a4916,data/datasets/openfake/additional-900/images/real/72dcf37742f15e59380689af91c0dc2b04db0cd3c4d7d548eb743a5ee03a4916.jpg,low,0,0.0014644376933574677
732a9f7422f09fe4103246c4f4ddceb70ed2c1dd835b3e78a844e7c511327b75,data/datasets/openfake/additional-900/images/fake/732a9f7422f09fe4103246c4f4ddceb70ed2c1dd835b3e78a844e7c511327b75.png,low,1,0.9951666593551636
736a5a2bfa29ad16a361af483deeadc73b9a714af7a411ed90fc331826aae432,data/datasets/openfake/additional-900/images/fake/736a5a2bfa29ad16a361af483deeadc73b9a714af7a411ed90fc331826aae432.png,low,1,0.7924139499664307
73f01f5a02da5c17587120f293537d7360da207f3e7e717184b4bddeb4a9eca7,data/datasets/openfake/additional-900/images/fake/73f01f5a02da5c17587120f293537d7360da207f3e7e717184b4bddeb4a9eca7.png,low,1,0.961236834526062
74339d444392b3c1245f996a14d340b4b4afcdd6e1a751759ec6e61fd16e4f44,data/datasets/openfake/additional-900/images/fake/74339d444392b3c1245f996a14d340b4b4afcdd6e1a751759ec6e61fd16e4f44.png,low,1,0.9999220371246338
74c1953e708c974092f9498bd6ca2d12862b26c48139f4724d5f26d95668ce60,data/datasets/sid-set/candidate-1500/images/fake/74c1953e708c974092f9498bd6ca2d12862b26c48139f4724d5f26d95668ce60.png,low,1,0.9738743305206299
7599d0f0117a5a947de5d92d6c81a53938547a978ccd10db8330ed13cbbd72c6,data/datasets/openfake/additional-900/images/real/7599d0f0117a5a947de5d92d6c81a53938547a978ccd10db8330ed13cbbd72c6.jpg,low,0,0.5702083706855774
75f2e76e96ed27918f7ff5c684eab249a518a3c318719f2e87846f50f67efc1b,data/datasets/openfake/additional-900/images/fake/75f2e76e96ed27918f7ff5c684eab249a518a3c318719f2e87846f50f67efc1b.png,low,1,0.9580610394477844
75feee742e9b8e0bcb6f06ec52bdbf72fab911c82c183c752b0eb7800794f318,data/datasets/sid-set/candidate-1500/images/fake/75feee742e9b8e0bcb6f06ec52bdbf72fab911c82c183c752b0eb7800794f318.png,low,1,0.994721531867981
764cf27cf7e0364dea1f13bc9a0118631c626d3e89f231089feb64499c935d70,data/datasets/openfake/pilot-600/images/fake/764cf27cf7e0364dea1f13bc9a0118631c626d3e89f231089feb64499c935d70.png,low,1,0.9927077889442444
767fbae07f5b472811c513c212c8bc8e1b1346e7be6e70cdd8a7d1f28caf2a57,data/datasets/sid-set/candidate-1500/images/real/767fbae07f5b472811c513c212c8bc8e1b1346e7be6e70cdd8a7d1f28caf2a57.jpg,low,0,0.27684396505355835
76c0b98017d4b95168d43bf25b750911a71fe057aa89ef8cc92744065aaee63e,data/datasets/openfake/additional-900/images/real/76c0b98017d4b95168d43bf25b750911a71fe057aa89ef8cc92744065aaee63e.jpg,low,0,0.6646935343742371
7735880ee022eed0d45301631f2d5f39dea00d6b517f27424119c7c7e5c0a696,data/datasets/sid-set/candidate-1500/images/real/7735880ee022eed0d45301631f2d5f39dea00d6b517f27424119c7c7e5c0a696.jpg,low,0,0.35339778661727905
77af1aec3ee0f841c61b080be270d518a68fb78a1dd14cd2d32bae7962484cb8,data/datasets/openfake/pilot-600/images/fake/77af1aec3ee0f841c61b080be270d518a68fb78a1dd14cd2d32bae7962484cb8.png,low,1,0.998275637626648
77c37d0d40b56b32a3bc8cdb92c99f7fc4a6ef29b81f8dcdb45560d65739d52b,data/datasets/sid-set/candidate-1500/images/real/77c37d0d40b56b32a3bc8cdb92c99f7fc4a6ef29b81f8dcdb45560d65739d52b.jpg,low,0,0.041050054132938385
77dfa0d7abc2e44d1956ad4e2d782d9d4fbec12d69a640ca6d501b39a1a5ff60,data/datasets/sid-set/candidate-1500/images/real/77dfa0d7abc2e44d1956ad4e2d782d9d4fbec12d69a640ca6d501b39a1a5ff60.jpg,low,0,0.2016812115907669
7826ffe3562bfec183b0e1b4a2af4c76f8d26273535f4165756fd8dff66fcabe,data/datasets/openfake/additional-900/images/fake/7826ffe3562bfec183b0e1b4a2af4c76f8d26273535f4165756fd8dff66fcabe.png,low,1,0.9993306398391724
78a2deef48bb0d458b7ab27ef4a4e10ac87efdec6752b4ac709b80a6bb115e88,data/datasets/openfake/pilot-600/images/fake/78a2deef48bb0d458b7ab27ef4a4e10ac87efdec6752b4ac709b80a6bb115e88.jpg,low,1,0.07127539813518524
78b3daf075af0c606ea9808912abcb54558b427ebc212d72efc7c62b69b6936f,data/datasets/openfake/additional-900/images/real/78b3daf075af0c606ea9808912abcb54558b427ebc212d72efc7c62b69b6936f.jpg,low,0,0.32637864351272583
78ba61b6ecab1a19bb167ef8dc2669ff28030b6363078688e15d948649a64bdb,data/datasets/sid-set/candidate-1500/images/fake/78ba61b6ecab1a19bb167ef8dc2669ff28030b6363078688e15d948649a64bdb.png,low,1,0.9555436968803406
78c9f37a9432bf04aae6b181735b22ce30c105bcf6c516363135cb582a81a9c6,data/datasets/openfake/additional-900/images/fake/78c9f37a9432bf04aae6b181735b22ce30c105bcf6c516363135cb582a81a9c6.jpg,low,1,0.9254740476608276
79a2ca2c7c5516febe7bd8c812b2ef770d9de3857b4d2a13979ba4c4c46139f2,data/datasets/sid-set/candidate-1500/images/fake/79a2ca2c7c5516febe7bd8c812b2ef770d9de3857b4d2a13979ba4c4c46139f2.png,low,1,0.9846740961074829
7a1333dda46b7db2b2a86021863eb54aa43cdff46f7ea285be8c64f4593879c6,data/datasets/openfake/additional-900/images/fake/7a1333dda46b7db2b2a86021863eb54aa43cdff46f7ea285be8c64f4593879c6.jpg,low,1,0.2049986571073532
7a23cc6241603203e26651f582ef143e66c9f34949d44c2ff3b7ef2c3de7ade2,data/datasets/openfake/pilot-600/images/real/7a23cc6241603203e26651f582ef143e66c9f34949d44c2ff3b7ef2c3de7ade2.jpg,low,0,0.9190161228179932
7b09ddf679d80491837edb0cea5c8d24a3cdce5af3ce4d238468edfbf628bc65,data/datasets/sid-set/candidate-1500/images/fake/7b09ddf679d80491837edb0cea5c8d24a3cdce5af3ce4d238468edfbf628bc65.png,low,1,0.9867688417434692
7b2a1ca4a51a0c7fa61962c0d7b39ba61676a7ad961e44142f95938fb68915cc,data/datasets/openfake/additional-900/images/fake/7b2a1ca4a51a0c7fa61962c0d7b39ba61676a7ad961e44142f95938fb68915cc.webp,low,1,0.26682084798812866
7b367b9d26641f1af525bb035347e524a96e3aa9cf313d7a418edcde947d5f6a,data/datasets/sid-set/candidate-1500/images/fake/7b367b9d26641f1af525bb035347e524a96e3aa9cf313d7a418edcde947d5f6a.png,low,1,0.9840925931930542
7b5e2ccee5129a916f8a7d188e0fe3f459a9f288cc15952f4eb1029b536eded5,data/datasets/sid-set/candidate-1500/images/fake/7b5e2ccee5129a916f8a7d188e0fe3f459a9f288cc15952f4eb1029b536eded5.png,low,1,0.9023326635360718
7b63d57f9d84013367d2e71ddc702543b8aec657c93ebecfae6a0bbadc843229,data/datasets/sid-set/candidate-1500/images/fake/7b63d57f9d84013367d2e71ddc702543b8aec657c93ebecfae6a0bbadc843229.png,low,1,0.9976338148117065
7b716578066f6aae70850d82a67c81f43ce453a2171069a9f7c54152f1a0c315,data/datasets/sid-set/candidate-1500/images/real/7b716578066f6aae70850d82a67c81f43ce453a2171069a9f7c54152f1a0c315.jpg,low,0,0.9671369194984436
7b9780fbc4e2f721837586a2f908b063c93c1b5883b3ab1e5dc0326aaf5262bd,data/datasets/sid-set/candidate-1500/images/real/7b9780fbc4e2f721837586a2f908b063c93c1b5883b3ab1e5dc0326aaf5262bd.jpg,low,0,0.9911974668502808
7c439c8883a6b87d25a46f0f53bd3a11bb0c0c1079d140eed77a59c1dc35007e,data/datasets/openfake/pilot-600/images/real/7c439c8883a6b87d25a46f0f53bd3a11bb0c0c1079d140eed77a59c1dc35007e.jpg,low,0,1.3172240869607776e-05
7c8b3aa6ed027429c9c2a298eae27be5d5c1ae92ccf1d0cb6956edcb9c62aa82,data/datasets/sid-set/candidate-1500/images/fake/7c8b3aa6ed027429c9c2a298eae27be5d5c1ae92ccf1d0cb6956edcb9c62aa82.png,low,1,0.9933350086212158
7d256d65c45c1d3de762423dd39a64d88930e3b66c1abe5e80c63295e6b9e939,data/datasets/sid-set/candidate-1500/images/fake/7d256d65c45c1d3de762423dd39a64d88930e3b66c1abe5e80c63295e6b9e939.png,low,1,0.9365837574005127
7d2ec51b5c74451b99a61f8130080e31103ec340bfb5df3dc0ca39ac18c071f5,data/datasets/sid-set/candidate-1500/images/real/7d2ec51b5c74451b99a61f8130080e31103ec340bfb5df3dc0ca39ac18c071f5.jpg,low,0,0.9801049828529358
7d43a8556bbe1b7d728cdfb04c0e852bde4a9e858df360c04a40cb8e324efd8b,data/datasets/sid-set/candidate-1500/images/fake/7d43a8556bbe1b7d728cdfb04c0e852bde4a9e858df360c04a40cb8e324efd8b.png,low,1,0.9253695011138916
7d58ceed40854a8e49084cf3315b7c6035f460b8076f04aa63a1b456cef56bae,data/datasets/openfake/pilot-600/images/real/7d58ceed40854a8e49084cf3315b7c6035f460b8076f04aa63a1b456cef56bae.jpg,low,0,0.463943749666214
7def9aa265de43b7b63c5643fabeab28c4505f4e23105f66366e10c80b632b12,data/datasets/sid-set/candidate-1500/images/real/7def9aa265de43b7b63c5643fabeab28c4505f4e23105f66366e10c80b632b12.jpg,low,0,0.3156566619873047
7e3698847175a94e34fc077a0a4ceb414b995225fc9ad7c391bc4ab432f0a55d,data/datasets/sid-set/candidate-1500/images/real/7e3698847175a94e34fc077a0a4ceb414b995225fc9ad7c391bc4ab432f0a55d.jpg,low,0,0.5510632991790771
7e42c96d500392c5afbefe5dfbae8313cee5619a920475647f113d881f30e0aa,data/datasets/sid-set/candidate-1500/images/real/7e42c96d500392c5afbefe5dfbae8313cee5619a920475647f113d881f30e0aa.jpg,low,0,0.9529973864555359
7e4e4e6a270a0745ab1328c23bd4ae8ef23569e769d4939a5e4b8d8f2ff171c8,data/datasets/sid-set/candidate-1500/images/fake/7e4e4e6a270a0745ab1328c23bd4ae8ef23569e769d4939a5e4b8d8f2ff171c8.png,low,1,0.8801586627960205
7e75f518f0d74747440a0315768ef16634b8834db82c6c1ed39c3434261a8163,data/datasets/sid-set/candidate-1500/images/real/7e75f518f0d74747440a0315768ef16634b8834db82c6c1ed39c3434261a8163.jpg,low,0,0.6896132826805115
7e7f52898928373fc00ad18d4586f036bd1cd067760e3acd190cf137609724da,data/datasets/sid-set/candidate-1500/images/fake/7e7f52898928373fc00ad18d4586f036bd1cd067760e3acd190cf137609724da.png,low,1,0.9714719653129578
7eaf5416cf05afef42d628f719a7aefd2e04a153c231e06a41d4a01c5d5cefb7,data/datasets/sid-set/candidate-1500/images/fake/7eaf5416cf05afef42d628f719a7aefd2e04a153c231e06a41d4a01c5d5cefb7.png,low,1,0.936863362789154
7ef1445d28dc4eb025a6863094e7e36dbc23a6ca0b3770b9bb861db35b9578e2,data/datasets/sid-set/candidate-1500/images/real/7ef1445d28dc4eb025a6863094e7e36dbc23a6ca0b3770b9bb861db35b9578e2.jpg,low,0,0.41209086775779724
7fd085b1087eee2bcfac268a7cadddcab79c158b02c72c8bc8a5e0ea02ea5fbc,data/datasets/sid-set/candidate-1500/images/fake/7fd085b1087eee2bcfac268a7cadddcab79c158b02c72c8bc8a5e0ea02ea5fbc.png,low,1,0.9595470428466797
7ffd63056f0e82552fbda165486cdf60a22c8f2cc14a5e094e8c09acb10a5191,data/datasets/openfake/additional-900/images/real/7ffd63056f0e82552fbda165486cdf60a22c8f2cc14a5e094e8c09acb10a5191.jpg,low,0,0.0070814392529428005
8045c389f5f33d57d42856e23b03591a84a5dffeac4a9f2017a7f0ef5ad5dc7f,data/datasets/openfake/pilot-600/images/fake/8045c389f5f33d57d42856e23b03591a84a5dffeac4a9f2017a7f0ef5ad5dc7f.jpg,low,1,0.08765565603971481
80d67512de57c9f6de7c989d8d87002ca9a5aa9dd869967ac394758df5f19226,data/datasets/sid-set/candidate-1500/images/fake/80d67512de57c9f6de7c989d8d87002ca9a5aa9dd869967ac394758df5f19226.png,low,1,0.9812682271003723
80d6fce62f398cc4ee6ec0f9941e47cced21ee9fd91feb3d2286ad196fe6e6b5,data/datasets/openfake/pilot-600/images/real/80d6fce62f398cc4ee6ec0f9941e47cced21ee9fd91feb3d2286ad196fe6e6b5.jpg,low,0,0.5807145237922668
8130a9f2421ca018532ffda2360dac5591df5d040cce709e308b73e7312fcd78,data/datasets/sid-set/candidate-1500/images/real/8130a9f2421ca018532ffda2360dac5591df5d040cce709e308b73e7312fcd78.jpg,low,0,0.6253311038017273
818157956bce51fc625e1e2a14a0498ce847c54be5ceaa87a1e5ec25a9302778,data/datasets/openfake/pilot-600/images/fake/818157956bce51fc625e1e2a14a0498ce847c54be5ceaa87a1e5ec25a9302778.png,low,1,0.8391488790512085
8199c70b3cc13ca4d209af3dbf0da1136a5d7de78dce8825244d5ddb9fa1a4e1,data/datasets/openfake/pilot-600/images/fake/8199c70b3cc13ca4d209af3dbf0da1136a5d7de78dce8825244d5ddb9fa1a4e1.jpg,low,1,0.8800714612007141
8211131b32e111268c791220b3df34bf4b8b8d37f8d49adfcd13d6d00b238ba0,data/datasets/openfake/pilot-600/images/fake/8211131b32e111268c791220b3df34bf4b8b8d37f8d49adfcd13d6d00b238ba0.jpg,low,1,0.835517168045044
8218ccedcb96b84ca2bdbb635dfa9fce7866922d05af7540da94e59dc13a3424,data/datasets/openfake/pilot-600/images/fake/8218ccedcb96b84ca2bdbb635dfa9fce7866922d05af7540da94e59dc13a3424.png,low,1,0.9930675029754639
822fdc738d6cd61073d8071e45aec697a7c8f945089c9235baa11a433dd09efe,data/datasets/sid-set/candidate-1500/images/real/822fdc738d6cd61073d8071e45aec697a7c8f945089c9235baa11a433dd09efe.jpg,low,0,0.08376230299472809
825d6bb45fd2a06c620325cac98f761ad8e9a491a568a96223b2573301427d75,data/datasets/openfake/additional-900/images/fake/825d6bb45fd2a06c620325cac98f761ad8e9a491a568a96223b2573301427d75.png,low,1,0.9642637968063354
827ee92e7ce27bacc1c6f6c8949e1a1f02e84b9c8ffbb3468a1424ee1e35590f,data/datasets/openfake/additional-900/images/real/827ee92e7ce27bacc1c6f6c8949e1a1f02e84b9c8ffbb3468a1424ee1e35590f.jpg,low,0,0.07022759318351746
8281952d554b2713ea0f7d2655aa11dbaf7759afbeb20bad7b62cd51e22b3b83,data/datasets/openfake/pilot-600/images/real/8281952d554b2713ea0f7d2655aa11dbaf7759afbeb20bad7b62cd51e22b3b83.jpg,low,0,0.08863916248083115
83cc0bdd89bbb3e14df3686fdb244236fbc0aeaa9a09a0792830fbb293df4fda,data/datasets/sid-set/candidate-1500/images/real/83cc0bdd89bbb3e14df3686fdb244236fbc0aeaa9a09a0792830fbb293df4fda.jpg,low,0,0.6664677262306213
83d76e9aa8f6829446e43eb8f744e3f2284d3675d9cff767bda4e94a622fbe22,data/datasets/sid-set/candidate-1500/images/fake/83d76e9aa8f6829446e43eb8f744e3f2284d3675d9cff767bda4e94a622fbe22.png,low,1,0.9986227750778198
8412d23ef47177cd9f62cceed7cae3ac9762b9a22a80072a64d285a3befb60d0,data/datasets/sid-set/candidate-1500/images/fake/8412d23ef47177cd9f62cceed7cae3ac9762b9a22a80072a64d285a3befb60d0.png,low,1,0.9698452949523926
8586cf35675c4c87753983695b1c93ca6a3687b4686108d784e57d7aaadf8a15,data/datasets/sid-set/candidate-1500/images/fake/8586cf35675c4c87753983695b1c93ca6a3687b4686108d784e57d7aaadf8a15.png,low,1,0.9422338604927063
859d9ee06ce73cf28b418a2a902758a39896e43e57e8d49ec8ebe8f11ae9379e,data/datasets/sid-set/candidate-1500/images/real/859d9ee06ce73cf28b418a2a902758a39896e43e57e8d49ec8ebe8f11ae9379e.jpg,low,0,0.004131507594138384
85c1f1f0149b22c2ba5df5734d10fca4a29a9666b3154d186fc744ac04ae4d86,data/datasets/openfake/additional-900/images/real/85c1f1f0149b22c2ba5df5734d10fca4a29a9666b3154d186fc744ac04ae4d86.jpg,low,0,0.007503898348659277
863dfebc0c197d795f45ab3ab8fdfb5d9fbe4214ecaedc36bb36f13d66ee1325,data/datasets/openfake/additional-900/images/fake/863dfebc0c197d795f45ab3ab8fdfb5d9fbe4214ecaedc36bb36f13d66ee1325.png,low,1,0.8189486265182495
8671b9769255ee243c195623271d6674d361f24558613bb4a4f826f3e928a48f,data/datasets/sid-set/candidate-1500/images/fake/8671b9769255ee243c195623271d6674d361f24558613bb4a4f826f3e928a48f.png,low,1,0.9732598066329956
86d318bdc43b536c5a6bf9df05ce9f2dbf4b4f3feb75a1c5327f10a0ca519759,data/datasets/openfake/additional-900/images/real/86d318bdc43b536c5a6bf9df05ce9f2dbf4b4f3feb75a1c5327f10a0ca519759.jpg,low,0,0.9808862805366516
87131d9f1aef580f9be4a680b50a35c714870d70c168dd88c3295c18f52116c1,data/datasets/openfake/additional-900/images/fake/87131d9f1aef580f9be4a680b50a35c714870d70c168dd88c3295c18f52116c1.jpg,low,1,0.0310998372733593
873f182eafbc3efa1afe62c067ed79ad322302d7e1ce9191477922a432b571c8,data/datasets/openfake/additional-900/images/real/873f182eafbc3efa1afe62c067ed79ad322302d7e1ce9191477922a432b571c8.jpg,low,0,0.006962278857827187
87a3b230bd0e45d37f872dee56b4af7fc39ce013758fc83eb0897a8233dbd0cc,data/datasets/openfake/additional-900/images/real/87a3b230bd0e45d37f872dee56b4af7fc39ce013758fc83eb0897a8233dbd0cc.jpg,low,0,0.00016576288908254355
87f7f3aef5d9cee2b8e5726bfd5b29fdd5b8861dfc34aa9e98455c90f9b4400e,data/datasets/sid-set/candidate-1500/images/fake/87f7f3aef5d9cee2b8e5726bfd5b29fdd5b8861dfc34aa9e98455c90f9b4400e.png,low,1,0.9534221887588501
887e459f049ac9edf296816a6404e9bb920d124ccf5311532b8ba157f799cd27,data/datasets/openfake/additional-900/images/real/887e459f049ac9edf296816a6404e9bb920d124ccf5311532b8ba157f799cd27.jpg,low,0,0.258312463760376
898c1c610020a651f0ab2610ea9e1c90c0b35ca73bd5a48ac722dd538a125b81,data/datasets/sid-set/candidate-1500/images/fake/898c1c610020a651f0ab2610ea9e1c90c0b35ca73bd5a48ac722dd538a125b81.png,low,1,0.9569603204727173
89e6300596e780b0f5440621eaf1379bfc5072f83e59d95f8835987d3e7922f2,data/datasets/sid-set/candidate-1500/images/fake/89e6300596e780b0f5440621eaf1379bfc5072f83e59d95f8835987d3e7922f2.png,low,1,0.9923564195632935
8a74f175bf5bc61ae02b60ae8a93762d370d3b97dff0d98098d23f06ea0234d3,data/datasets/sid-set/candidate-1500/images/fake/8a74f175bf5bc61ae02b60ae8a93762d370d3b97dff0d98098d23f06ea0234d3.png,low,1,0.5364020466804504
8a93c55b634385e2e4528a36e9ea348ad91a8f491ac91cbf54fe06d18cdf5a4c,data/datasets/sid-set/candidate-1500/images/fake/8a93c55b634385e2e4528a36e9ea348ad91a8f491ac91cbf54fe06d18cdf5a4c.png,low,1,0.9423403143882751
8ab8829cf8ce5558a93963aea140c7f0f664b6765982dac4e1163b60bad72575,data/datasets/openfake/additional-900/images/fake/8ab8829cf8ce5558a93963aea140c7f0f664b6765982dac4e1163b60bad72575.png,low,1,0.9992770552635193
8af0adfdba88a4f03328bb19f623d643b0f15538467081ae1301592131b32a9f,data/datasets/sid-set/candidate-1500/images/real/8af0adfdba88a4f03328bb19f623d643b0f15538467081ae1301592131b32a9f.jpg,low,0,0.16849271953105927
8b06006690d81d880f7345bbf7e757e24cba2ff7423e3875000946d7547d1156,data/datasets/openfake/additional-900/images/fake/8b06006690d81d880f7345bbf7e757e24cba2ff7423e3875000946d7547d1156.png,low,1,0.9900111556053162
8b970944ed4a2ce3fa81bbe8412842afdf8d958761deffa3a677a27d3f3244f6,data/datasets/openfake/additional-900/images/real/8b970944ed4a2ce3fa81bbe8412842afdf8d958761deffa3a677a27d3f3244f6.jpg,low,0,0.0006668631103821099
8be4b6b864d16e74334e60af1207d7c40a989498b732f825c3d7eb925972ee2a,data/datasets/sid-set/candidate-1500/images/real/8be4b6b864d16e74334e60af1207d7c40a989498b732f825c3d7eb925972ee2a.jpg,low,0,0.9868801832199097
8cec0fcd557fc628ee8bdc6345b5af32038441c6c57ad75671c7fdca00473a35,data/datasets/openfake/additional-900/images/real/8cec0fcd557fc628ee8bdc6345b5af32038441c6c57ad75671c7fdca00473a35.jpg,low,0,0.0012059411965310574
8d1be7e3dcce586bbcab59e97aef66f3ca85a358e30bafafd22e75933257f185,data/datasets/sid-set/candidate-1500/images/fake/8d1be7e3dcce586bbcab59e97aef66f3ca85a358e30bafafd22e75933257f185.png,low,1,0.9946504235267639
8d7483b44fa902c26116bee7bbf9609bc6ad8a9426f1dd53a496a98c414cfd7a,data/datasets/openfake/pilot-600/images/fake/8d7483b44fa902c26116bee7bbf9609bc6ad8a9426f1dd53a496a98c414cfd7a.png,low,1,0.788201093673706
8dca478b49d56abe4d4cca9f6a20ac0d0dd662764e0f4f53138ce2266146fe05,data/datasets/openfake/additional-900/images/real/8dca478b49d56abe4d4cca9f6a20ac0d0dd662764e0f4f53138ce2266146fe05.jpg,low,0,0.01635070890188217
8dd50a995dfeba572247dd0dfc519aa15ef89a69ec7760470bdaecc6365fc2fa,data/datasets/openfake/pilot-600/images/real/8dd50a995dfeba572247dd0dfc519aa15ef89a69ec7760470bdaecc6365fc2fa.jpg,low,0,0.0016722810687497258
8e7643e98ce55b195724e30158cc462610b43aa5a6cbc3c2ab600d0c1e0e0409,data/datasets/openfake/additional-900/images/real/8e7643e98ce55b195724e30158cc462610b43aa5a6cbc3c2ab600d0c1e0e0409.jpg,low,0,0.006468314677476883
8e7f3ed48f151f8f7847217641021779deb054b42529978a5f056f94c9389651,data/datasets/sid-set/candidate-1500/images/real/8e7f3ed48f151f8f7847217641021779deb054b42529978a5f056f94c9389651.jpg,low,0,0.010586249642074108
8f1e09e502d5f8bc8a4606a7bdf52625e2857d1e5a139038d58017d7c39f7f9b,data/datasets/sid-set/candidate-1500/images/real/8f1e09e502d5f8bc8a4606a7bdf52625e2857d1e5a139038d58017d7c39f7f9b.jpg,low,0,0.8945338129997253
8f2291312c99a74662a3de009359d72fe098236ecca3185ec98f173ece78973c,data/datasets/sid-set/candidate-1500/images/real/8f2291312c99a74662a3de009359d72fe098236ecca3185ec98f173ece78973c.jpg,low,0,0.19713106751441956
8f4f8bb8ec62dd4f7739249e09d58c24a1b226a8c73eb0812071f1f106500564,data/datasets/openfake/additional-900/images/fake/8f4f8bb8ec62dd4f7739249e09d58c24a1b226a8c73eb0812071f1f106500564.png,low,1,0.9963082671165466
8f67b9f07fc26cc77a691ccc93e8321cfe4cbba1a5b5cdb84012778442dca290,data/datasets/openfake/additional-900/images/fake/8f67b9f07fc26cc77a691ccc93e8321cfe4cbba1a5b5cdb84012778442dca290.png,low,1,0.9799726605415344
8f68b364dfb23a361c45101c0b089a15246754591a1f42bdc05867ce104a7b5b,data/datasets/sid-set/candidate-1500/images/fake/8f68b364dfb23a361c45101c0b089a15246754591a1f42bdc05867ce104a7b5b.png,low,1,0.9887050986289978
8f875006eb7509411d6727c381419ea0d4f5c693d827e5e0c513391f5e056a4a,data/datasets/sid-set/candidate-1500/images/fake/8f875006eb7509411d6727c381419ea0d4f5c693d827e5e0c513391f5e056a4a.png,low,1,0.9858047366142273
8fb71eef9c659eb5b6215006e5111ede17cef5782c7bf5d07970be6c12842b78,data/datasets/sid-set/candidate-1500/images/fake/8fb71eef9c659eb5b6215006e5111ede17cef5782c7bf5d07970be6c12842b78.png,low,1,0.7558801174163818
8fdb8a69e61787bc4473bb661f7317e1df1111d20ce10eb4d4c00f41879f163e,data/datasets/openfake/pilot-600/images/real/8fdb8a69e61787bc4473bb661f7317e1df1111d20ce10eb4d4c00f41879f163e.jpg,low,0,0.0005265892250463367
90a427d7395910b1b9d3d75cd8f1b29fef931f4c0cb0b15e488468557eb4cd8d,data/datasets/openfake/additional-900/images/fake/90a427d7395910b1b9d3d75cd8f1b29fef931f4c0cb0b15e488468557eb4cd8d.png,low,1,0.9894193410873413
911164be524ec31cd8a5399de4d6ba5b64d44c6b0b01aa5920109fb671908fbd,data/datasets/sid-set/candidate-1500/images/real/911164be524ec31cd8a5399de4d6ba5b64d44c6b0b01aa5920109fb671908fbd.jpg,low,0,0.8522585034370422
911ccbec03c6da6ef6843ef492ba6e9941ae5800060d1a954f6234bfd5d5f4de,data/datasets/sid-set/candidate-1500/images/fake/911ccbec03c6da6ef6843ef492ba6e9941ae5800060d1a954f6234bfd5d5f4de.png,low,1,0.9840997457504272
914c099ba3edf75f149700a189632a15905ec73f4045c8f17ddf53b25456b8b2,data/datasets/openfake/pilot-600/images/real/914c099ba3edf75f149700a189632a15905ec73f4045c8f17ddf53b25456b8b2.jpg,low,0,0.002363804029300809
91619dcdad7a014886e1c760b1f6f5b2c692082e177917483a6e412adfb3d440,data/datasets/sid-set/candidate-1500/images/fake/91619dcdad7a014886e1c760b1f6f5b2c692082e177917483a6e412adfb3d440.png,low,1,0.9795315265655518
918533462284d1484a19406e72158016daa775eaee079e8ed681085b36b1793a,data/datasets/openfake/pilot-600/images/real/918533462284d1484a19406e72158016daa775eaee079e8ed681085b36b1793a.jpg,low,0,6.709941226290539e-05
91a72e3cda35b451e35ceac6c9976b60fe9f503c4324b41f7c036702be28a27b,data/datasets/sid-set/candidate-1500/images/fake/91a72e3cda35b451e35ceac6c9976b60fe9f503c4324b41f7c036702be28a27b.png,low,1,0.9659036993980408
928d783b115edaa8c8fa163f8f43bb20755fb6882246009cce6525bc5e021bc9,data/datasets/sid-set/candidate-1500/images/fake/928d783b115edaa8c8fa163f8f43bb20755fb6882246009cce6525bc5e021bc9.png,low,1,0.7054320573806763
92d02cd1e19312e1ee6bde09c95612b5e652f7c7599c976d84fdba333020185d,data/datasets/sid-set/candidate-1500/images/real/92d02cd1e19312e1ee6bde09c95612b5e652f7c7599c976d84fdba333020185d.jpg,low,0,0.008004981093108654
933332343f679c207d883c5e9fcd0490479f6af1b23ac200697faf41efe9784f,data/datasets/sid-set/candidate-1500/images/real/933332343f679c207d883c5e9fcd0490479f6af1b23ac200697faf41efe9784f.jpg,low,0,0.7061417698860168
935927ac6d46933f1b10d425e54e4ac73960adafce2f2bc237f4d99ac02cae0d,data/datasets/openfake/additional-900/images/fake/935927ac6d46933f1b10d425e54e4ac73960adafce2f2bc237f4d99ac02cae0d.webp,low,1,0.30912989377975464
93e0fbc5940ce073b124b0e50460bc84ee6125fc7341a3d640a86eebff5cb129,data/datasets/sid-set/candidate-1500/images/real/93e0fbc5940ce073b124b0e50460bc84ee6125fc7341a3d640a86eebff5cb129.jpg,low,0,0.8956019282341003
9411180360523b81ff9e23c7c32f452b86576565323152ad0d0befa2d998923f,data/datasets/sid-set/candidate-1500/images/real/9411180360523b81ff9e23c7c32f452b86576565323152ad0d0befa2d998923f.jpg,low,0,0.9555873274803162
9421a411041334eb3331318b463785d734aa7a0bf8854f393c01cc1f0fd840d0,data/datasets/openfake/additional-900/images/real/9421a411041334eb3331318b463785d734aa7a0bf8854f393c01cc1f0fd840d0.jpg,low,0,0.0009630334679968655
946d54517c9f2b381a688c5b34fb9f7a54d42d24fe813a22511166d8694966c2,data/datasets/openfake/pilot-600/images/real/946d54517c9f2b381a688c5b34fb9f7a54d42d24fe813a22511166d8694966c2.jpg,low,0,0.047825440764427185
94d118e1db14177f028b6fe2d579a31356174398fa5f517df49cb5ce68751308,data/datasets/sid-set/candidate-1500/images/real/94d118e1db14177f028b6fe2d579a31356174398fa5f517df49cb5ce68751308.jpg,low,0,0.984133243560791
953f439302ecaa73821beafda31fea5c7b6ff7d050c5b69e2cf94160cd64f954,data/datasets/openfake/pilot-600/images/fake/953f439302ecaa73821beafda31fea5c7b6ff7d050c5b69e2cf94160cd64f954.png,low,1,0.7360811233520508
955206efaa84213da303d4b5c7aa36d0476622f5437b62a715ab6f5ab1d44703,data/datasets/openfake/pilot-600/images/fake/955206efaa84213da303d4b5c7aa36d0476622f5437b62a715ab6f5ab1d44703.png,low,1,0.615022599697113
964307d54d096f8ad4f3bbdf5aa3a2c8d3e461918ffd289b5219c90c955d8772,data/datasets/sid-set/candidate-1500/images/fake/964307d54d096f8ad4f3bbdf5aa3a2c8d3e461918ffd289b5219c90c955d8772.png,low,1,0.9035744667053223
966e2a5b9a9df57a5f2fdc5d847758187e4c1e0e05dd01e56f7ca6fac8749a3d,data/datasets/sid-set/candidate-1500/images/real/966e2a5b9a9df57a5f2fdc5d847758187e4c1e0e05dd01e56f7ca6fac8749a3d.jpg,low,0,0.009523160755634308
9679b280d3cbd0edf71fbe5c9d7e3b723eb9399f063dd7888f03e846719f6ca8,data/datasets/sid-set/candidate-1500/images/real/9679b280d3cbd0edf71fbe5c9d7e3b723eb9399f063dd7888f03e846719f6ca8.jpg,low,0,0.9029829502105713
96c611517aa4d75bc92cee5e755bafbcfc11bc35c7134ae036b2198a4ded321f,data/datasets/sid-set/candidate-1500/images/fake/96c611517aa4d75bc92cee5e755bafbcfc11bc35c7134ae036b2198a4ded321f.png,low,1,0.986700177192688
96ccb5fa154ebda7e6ba6f75853d7f4b49d19ff6da9584571781d3958e6c8c7a,data/datasets/sid-set/candidate-1500/images/real/96ccb5fa154ebda7e6ba6f75853d7f4b49d19ff6da9584571781d3958e6c8c7a.jpg,low,0,0.5177063941955566
97389ec1c976af7b98c6f1a20cb2fe5054950ddb0c90b49d5a9f61dee4d6ee62,data/datasets/sid-set/candidate-1500/images/fake/97389ec1c976af7b98c6f1a20cb2fe5054950ddb0c90b49d5a9f61dee4d6ee62.png,low,1,0.9552606344223022
974f1f6568316db93a7beef9e0637621a5aa33aea4c710383d28c2e1e7c17544,data/datasets/sid-set/candidate-1500/images/fake/974f1f6568316db93a7beef9e0637621a5aa33aea4c710383d28c2e1e7c17544.png,low,1,0.9939574003219604
97714dd63890fa56bcba88cb4c1f05694ebe6dfa3acefc447c779f0fb201ae33,data/datasets/sid-set/candidate-1500/images/fake/97714dd63890fa56bcba88cb4c1f05694ebe6dfa3acefc447c779f0fb201ae33.png,low,1,0.873647153377533
97880207a828c05061182206be2d43e487b3c6c5ce3932bc61a7f6a6fd1d8fc2,data/datasets/openfake/additional-900/images/fake/97880207a828c05061182206be2d43e487b3c6c5ce3932bc61a7f6a6fd1d8fc2.png,low,1,0.4441996216773987
97b2a446625850197d31efe18105213ad49b227a3bd98ac64c6e693ab538edf0,data/datasets/sid-set/candidate-1500/images/real/97b2a446625850197d31efe18105213ad49b227a3bd98ac64c6e693ab538edf0.jpg,low,0,0.029086213558912277
97b56e13a2b440f30f5996532aa0c3c4ef5a2451ad08ede34cf9d1b102beb60c,data/datasets/sid-set/candidate-1500/images/real/97b56e13a2b440f30f5996532aa0c3c4ef5a2451ad08ede34cf9d1b102beb60c.jpg,low,0,0.26786676049232483
97d5f46d0d40d20098fcc449041e54ea4f6ba6c72469e1cd17b395bfee0a2249,data/datasets/sid-set/candidate-1500/images/real/97d5f46d0d40d20098fcc449041e54ea4f6ba6c72469e1cd17b395bfee0a2249.jpg,low,0,0.8208456039428711
97e6e22bafe9755446212f2f359f40c83f988adb5367744f66ab6cd7eb898a6c,data/datasets/openfake/additional-900/images/real/97e6e22bafe9755446212f2f359f40c83f988adb5367744f66ab6cd7eb898a6c.jpg,low,0,0.5246415734291077
98b6594496dd825a8beadb6a5df34f66cae442e5e415fa3b711fc6ee65ac8e93,data/datasets/sid-set/candidate-1500/images/real/98b6594496dd825a8beadb6a5df34f66cae442e5e415fa3b711fc6ee65ac8e93.jpg,low,0,0.34758976101875305
98cb8248c1754de474f469f04a98da9841455ccc7f864cd3f525d0173469fc19,data/datasets/sid-set/candidate-1500/images/fake/98cb8248c1754de474f469f04a98da9841455ccc7f864cd3f525d0173469fc19.png,low,1,0.9811586141586304
98f8fc479ec627a43d0f2321474995d50f04cbefa2007e93ffb22e072c6e7bb9,data/datasets/openfake/additional-900/images/fake/98f8fc479ec627a43d0f2321474995d50f04cbefa2007e93ffb22e072c6e7bb9.png,low,1,0.7394639253616333
99051297d99f338745bd038dbae8d9d231b9e32af2ba1933cd5996e95bc5dba6,data/datasets/openfake/additional-900/images/fake/99051297d99f338745bd038dbae8d9d231b9e32af2ba1933cd5996e95bc5dba6.jpg,low,1,0.22099560499191284
9917ae30be849b80d9d2070561bac2845a1d602067e135b7b8cdb5d5bc18e440,data/datasets/sid-set/candidate-1500/images/real/9917ae30be849b80d9d2070561bac2845a1d602067e135b7b8cdb5d5bc18e440.jpg,low,0,0.9832032918930054
9a693fe6ceff14178f35ff59bbda7764f4e08a33e5b692f9040e6d01cfc89d01,data/datasets/sid-set/candidate-1500/images/fake/9a693fe6ceff14178f35ff59bbda7764f4e08a33e5b692f9040e6d01cfc89d01.png,low,1,0.5649521350860596
9b0d52e5196dbb89a18908c41e9cd09c160a17a0b011437080b15dfe66de3007,data/datasets/openfake/pilot-600/images/fake/9b0d52e5196dbb89a18908c41e9cd09c160a17a0b011437080b15dfe66de3007.jpg,low,1,0.9788985848426819
9b0f71614aafcd4610d941170dbcca9be1b5cdfa3bc3fd0c5134b3d1ce52b9ff,data/datasets/sid-set/candidate-1500/images/fake/9b0f71614aafcd4610d941170dbcca9be1b5cdfa3bc3fd0c5134b3d1ce52b9ff.png,low,1,0.9989253878593445
9ba9b802eed2d7f31838b76cbd3e9662b1d6207e9031b92b37e544fb8d4d07e3,data/datasets/openfake/pilot-600/images/real/9ba9b802eed2d7f31838b76cbd3e9662b1d6207e9031b92b37e544fb8d4d07e3.jpg,low,0,0.00011371351138222963
9bd9455c7205121e9ba742f93e2801d0cea3a33be136e9c16364d75b3753b644,data/datasets/sid-set/candidate-1500/images/fake/9bd9455c7205121e9ba742f93e2801d0cea3a33be136e9c16364d75b3753b644.png,low,1,0.9366949200630188
9c19a7931b1eca054d4bf81bcf76b464d1a94af73ba50c8790d31bfa7de15fc3,data/datasets/sid-set/candidate-1500/images/real/9c19a7931b1eca054d4bf81bcf76b464d1a94af73ba50c8790d31bfa7de15fc3.jpg,low,0,0.06303253769874573
9c27170db171a4999b58edb97fd221d26c846c2e7545199d68ea9f7c2627ef4b,data/datasets/openfake/pilot-600/images/fake/9c27170db171a4999b58edb97fd221d26c846c2e7545199d68ea9f7c2627ef4b.png,low,1,0.4076083302497864
9c441b155bacd95717e5ef9363b66f46123f18f59bc8d1384623493b285fd145,data/datasets/sid-set/candidate-1500/images/real/9c441b155bacd95717e5ef9363b66f46123f18f59bc8d1384623493b285fd145.jpg,low,0,0.4790336489677429
9c56d52f31cca7d07678d0de97bc0aec3b75121c0338ae364ee319bcc1f073d2,data/datasets/sid-set/candidate-1500/images/fake/9c56d52f31cca7d07678d0de97bc0aec3b75121c0338ae364ee319bcc1f073d2.png,low,1,0.5734444856643677
9c5efbe159a3714c59581f0bd149537f77df7e212217e4363894e9b807cde1e8,data/datasets/sid-set/candidate-1500/images/fake/9c5efbe159a3714c59581f0bd149537f77df7e212217e4363894e9b807cde1e8.png,low,1,0.9849076271057129
9ca4608b503aedf5791c9b610a62748be6682e339e7dbfad2c4cce9dbdd657ac,data/datasets/openfake/additional-900/images/real/9ca4608b503aedf5791c9b610a62748be6682e339e7dbfad2c4cce9dbdd657ac.jpg,low,0,0.02848926931619644
9ce8733d1c377da0901297e65926ecd8d1cc401a715e4b8f9a6c920126d7b645,data/datasets/sid-set/candidate-1500/images/real/9ce8733d1c377da0901297e65926ecd8d1cc401a715e4b8f9a6c920126d7b645.jpg,low,0,0.8553447723388672
9d07567a419f3f6d01210533f349ca9944d56c17e3b5fe21d56e8d288de2e5af,data/datasets/sid-set/candidate-1500/images/real/9d07567a419f3f6d01210533f349ca9944d56c17e3b5fe21d56e8d288de2e5af.jpg,low,0,0.11846146732568741
9dd04bffb7516a672e0a57e8fa508ee242fabccbe8dc43546f85ef4429f7dbc3,data/datasets/sid-set/candidate-1500/images/fake/9dd04bffb7516a672e0a57e8fa508ee242fabccbe8dc43546f85ef4429f7dbc3.png,low,1,0.9895048141479492
9dd9aaa7fa6afe7e43345059b2dd35224782d79e41effaf72e4fc82476a0064a,data/datasets/sid-set/candidate-1500/images/fake/9dd9aaa7fa6afe7e43345059b2dd35224782d79e41effaf72e4fc82476a0064a.png,low,1,0.9766414761543274
9df50f4e2974674061be19c1c650f48855c09cf91eeae2478547ac9aab89ce34,data/datasets/sid-set/candidate-1500/images/real/9df50f4e2974674061be19c1c650f48855c09cf91eeae2478547ac9aab89ce34.jpg,low,0,0.6022244095802307
9e4e666b8630197a7736fca5e50c9fab8cbee809426f3013a416be60209631ab,data/datasets/sid-set/candidate-1500/images/real/9e4e666b8630197a7736fca5e50c9fab8cbee809426f3013a416be60209631ab.jpg,low,0,0.10365845263004303
9ea14f3807b50bd3c2addf836be92e8f185ea5aabf842bb363405a5cdf3deb43,data/datasets/openfake/additional-900/images/real/9ea14f3807b50bd3c2addf836be92e8f185ea5aabf842bb363405a5cdf3deb43.jpg,low,0,0.8089066743850708
9ea7b8d128a6a8b964166b058afbf7b54b69e8c045e6302e975bdfc24eef69fd,data/datasets/sid-set/candidate-1500/images/fake/9ea7b8d128a6a8b964166b058afbf7b54b69e8c045e6302e975bdfc24eef69fd.png,low,1,0.9605793952941895
9ef0b1d06647a6b9a105391cd84718ee1d6c16eeb28ed199d7e78845683d8257,data/datasets/sid-set/candidate-1500/images/real/9ef0b1d06647a6b9a105391cd84718ee1d6c16eeb28ed199d7e78845683d8257.jpg,low,0,0.7400498390197754
9f549e1ef76da81d65ee5c8b334d74715d79b7d3aee264e75b1a992448bc2c82,data/datasets/sid-set/candidate-1500/images/real/9f549e1ef76da81d65ee5c8b334d74715d79b7d3aee264e75b1a992448bc2c82.jpg,low,0,0.02792529948055744
9fb449efa2b61309ad22d662913664e2582835cfdd84fb823aaacf52e9432179,data/datasets/sid-set/candidate-1500/images/fake/9fb449efa2b61309ad22d662913664e2582835cfdd84fb823aaacf52e9432179.png,low,1,0.9889615178108215
9fdc9907db7a1ee239cf8c1e8fd1db6dbc4fee908398eb7dd9de000c753c37f1,data/datasets/sid-set/candidate-1500/images/real/9fdc9907db7a1ee239cf8c1e8fd1db6dbc4fee908398eb7dd9de000c753c37f1.jpg,low,0,0.04938220977783203
9fde180076b604049cb539958e0cfe72155d565e620d29ab486202c5c9480523,data/datasets/sid-set/candidate-1500/images/fake/9fde180076b604049cb539958e0cfe72155d565e620d29ab486202c5c9480523.png,low,1,0.9835286140441895
a011ca0531302944873f8351bbce41180bc950f38a6c36198b4d25252d4db896,data/datasets/openfake/additional-900/images/fake/a011ca0531302944873f8351bbce41180bc950f38a6c36198b4d25252d4db896.png,low,1,0.9888461232185364
a0aa8b675aed58cc951a1732f35a49863cf04172f1b9b3d3935278f675350671,data/datasets/sid-set/candidate-1500/images/real/a0aa8b675aed58cc951a1732f35a49863cf04172f1b9b3d3935278f675350671.jpg,low,0,0.8769346475601196
a10e416e008b49ffdc3d436cdc92896d627c5b64fd99ab5bbf4cc59e04a2251e,data/datasets/sid-set/candidate-1500/images/fake/a10e416e008b49ffdc3d436cdc92896d627c5b64fd99ab5bbf4cc59e04a2251e.png,low,1,0.9514518976211548
a19f6018726e77b5a2f14bb03755263a31feeb65cb72217f8e189067dc1e4bde,data/datasets/sid-set/candidate-1500/images/real/a19f6018726e77b5a2f14bb03755263a31feeb65cb72217f8e189067dc1e4bde.jpg,low,0,0.10716404765844345
a2068919ac054b2d5ca07f31abaa7d34316d4c0103296de9c5f636f263b60c17,data/datasets/openfake/pilot-600/images/fake/a2068919ac054b2d5ca07f31abaa7d34316d4c0103296de9c5f636f263b60c17.png,low,1,0.820203959941864
a2586e94326f3f1b725a0b7d80d2b4a3e8c1ffaa3c84373389a20d39784ac4c3,data/datasets/sid-set/candidate-1500/images/fake/a2586e94326f3f1b725a0b7d80d2b4a3e8c1ffaa3c84373389a20d39784ac4c3.png,low,1,0.9823682904243469
a26970d1851bd2a7db8b9d5999b93c5856378d3b75c54b34480a9a67eff13682,data/datasets/openfake/additional-900/images/real/a26970d1851bd2a7db8b9d5999b93c5856378d3b75c54b34480a9a67eff13682.jpg,low,0,0.15394797921180725
a28d7fa709393e804abad05bc4c844a511bcbbe0428b8557657170ab40e3e873,data/datasets/sid-set/candidate-1500/images/real/a28d7fa709393e804abad05bc4c844a511bcbbe0428b8557657170ab40e3e873.jpg,low,0,0.7029106020927429
a293d4698b810114bdd55ec26143477f9cbc39688d835e0fffcdb3b2267dbdba,data/datasets/sid-set/candidate-1500/images/fake/a293d4698b810114bdd55ec26143477f9cbc39688d835e0fffcdb3b2267dbdba.png,low,1,0.7785902619361877
a2b5f71b73bd103b824c5a1a51656619321fa7bbd43f36c4123bffb0c0e83123,data/datasets/sid-set/candidate-1500/images/fake/a2b5f71b73bd103b824c5a1a51656619321fa7bbd43f36c4123bffb0c0e83123.png,low,1,0.9991031885147095
a2ce68a4f724446a8b92944215d29b16fc448b4c257152e8ab75570f78174be8,data/datasets/sid-set/candidate-1500/images/real/a2ce68a4f724446a8b92944215d29b16fc448b4c257152e8ab75570f78174be8.jpg,low,0,0.49973684549331665
a40ea7e6c2dafb3c4836fa3420d65f85763786623d7c3f07994e94cf4fe9af34,data/datasets/sid-set/candidate-1500/images/real/a40ea7e6c2dafb3c4836fa3420d65f85763786623d7c3f07994e94cf4fe9af34.jpg,low,0,0.029848698526620865
a521d1fdfd0e4b57d319684c72302e0073c79293de40c115f3ad5c47d5d44de2,data/datasets/sid-set/candidate-1500/images/fake/a521d1fdfd0e4b57d319684c72302e0073c79293de40c115f3ad5c47d5d44de2.png,low,1,0.8000172972679138
a56b316efe35d7202f360488bfcb289010b1a5ef56b9438c96f87dea37c9de45,data/datasets/openfake/additional-900/images/fake/a56b316efe35d7202f360488bfcb289010b1a5ef56b9438c96f87dea37c9de45.png,low,1,0.691596269607544
a56e99a651d4ce3df9f78882d22ce27676c32c12f454bfd94c573a06f61ed24e,data/datasets/sid-set/candidate-1500/images/fake/a56e99a651d4ce3df9f78882d22ce27676c32c12f454bfd94c573a06f61ed24e.png,low,1,0.9119634032249451
a575d940bbc7717532296d40aeba3fc3b84afbfa6c99545461929ebf46b493a7,data/datasets/sid-set/candidate-1500/images/fake/a575d940bbc7717532296d40aeba3fc3b84afbfa6c99545461929ebf46b493a7.png,low,1,0.41371363401412964
a5a17a2807b08d7682a4d8bb8be04d90f574516a3629a82ebc87f761d37095aa,data/datasets/openfake/additional-900/images/real/a5a17a2807b08d7682a4d8bb8be04d90f574516a3629a82ebc87f761d37095aa.jpg,low,0,0.8820542097091675
a5fd82913a382924be7dc4708d705aac94991f8a442e5f1f3d5e2f1c60a6adff,data/datasets/sid-set/candidate-1500/images/fake/a5fd82913a382924be7dc4708d705aac94991f8a442e5f1f3d5e2f1c60a6adff.png,low,1,0.9743589758872986
a60551525ad81154be934aff9f5f4326efbdad6f7e946cc5188ab340e4c195fe,data/datasets/sid-set/candidate-1500/images/fake/a60551525ad81154be934aff9f5f4326efbdad6f7e946cc5188ab340e4c195fe.png,low,1,0.9855327010154724
a6f8644b2e1f40fa19e77571907627e6adab01ecfd2cfd729dbb96d7ec9e2457,data/datasets/openfake/additional-900/images/real/a6f8644b2e1f40fa19e77571907627e6adab01ecfd2cfd729dbb96d7ec9e2457.jpg,low,0,0.0026506255380809307
a7295ccb72e05dc67e4cf6a24002b063c22b2115d6dca9f4e2549315b02ec316,data/datasets/sid-set/candidate-1500/images/real/a7295ccb72e05dc67e4cf6a24002b063c22b2115d6dca9f4e2549315b02ec316.jpg,low,0,0.9953141212463379
a76077f4474996b5a3058477f22e35c7f14e52c62bcff843b0a399764776a3a8,data/datasets/openfake/additional-900/images/fake/a76077f4474996b5a3058477f22e35c7f14e52c62bcff843b0a399764776a3a8.png,low,1,0.904420018196106
a7dc4245f58f037e5828ac86a102fe04b35a00d252693025736161581157980d,data/datasets/sid-set/candidate-1500/images/fake/a7dc4245f58f037e5828ac86a102fe04b35a00d252693025736161581157980d.png,low,1,0.9337989091873169
a7e1d7b2a6341572b6facb5b36d54dcee043e16f1528c7c95aafb527a34b2c6b,data/datasets/sid-set/candidate-1500/images/fake/a7e1d7b2a6341572b6facb5b36d54dcee043e16f1528c7c95aafb527a34b2c6b.png,low,1,0.8098796606063843
a7fc59057a322d10c7bdd331a0835e86fb785bae267c44cce7f721d09dbf89eb,data/datasets/openfake/additional-900/images/fake/a7fc59057a322d10c7bdd331a0835e86fb785bae267c44cce7f721d09dbf89eb.jpg,low,1,0.06455522775650024
a828fd606565c96b84a22eb985498cb085861063f0f0e3960abb14c86ea1b42d,data/datasets/openfake/pilot-600/images/fake/a828fd606565c96b84a22eb985498cb085861063f0f0e3960abb14c86ea1b42d.png,low,1,0.9922366738319397
a82dbf7d053f6ecf686ebc314de423e69efc2d7206d38f738a85aeb99d61a082,data/datasets/sid-set/candidate-1500/images/fake/a82dbf7d053f6ecf686ebc314de423e69efc2d7206d38f738a85aeb99d61a082.png,low,1,0.9259358048439026
a84a51205a80d2e3231ffcc3424adc9af2da9a6a6a824ca6989e0ee13b132086,data/datasets/sid-set/candidate-1500/images/fake/a84a51205a80d2e3231ffcc3424adc9af2da9a6a6a824ca6989e0ee13b132086.png,low,1,0.8377306461334229
a89717769d5dd0945ca65162336263b33b0eef41dd669e4a0bda7620fcd63668,data/datasets/sid-set/candidate-1500/images/fake/a89717769d5dd0945ca65162336263b33b0eef41dd669e4a0bda7620fcd63668.png,low,1,0.980844259262085
a8cddeabe436aef8fffc8f4a16608926d3d9dff8609f765564f7d7865ff70463,data/datasets/sid-set/candidate-1500/images/fake/a8cddeabe436aef8fffc8f4a16608926d3d9dff8609f765564f7d7865ff70463.png,low,1,0.9357379078865051
a8e8f89f24a5fbd3e19f21a933848c30ede18e17201a04f46f4f010d36ecdced,data/datasets/openfake/additional-900/images/real/a8e8f89f24a5fbd3e19f21a933848c30ede18e17201a04f46f4f010d36ecdced.jpg,low,0,0.44991663098335266
a94d1e9d4d91af69e100dd5cfb2edf6c245d53a0f0c6e26ce6806028047aeae2,data/datasets/openfake/pilot-600/images/fake/a94d1e9d4d91af69e100dd5cfb2edf6c245d53a0f0c6e26ce6806028047aeae2.jpg,low,1,0.022913238033652306
a94f4d741dce438e18aa38d5cd9f9fd282196aa5d9c322c0ab7c476c28d0de6e,data/datasets/sid-set/candidate-1500/images/fake/a94f4d741dce438e18aa38d5cd9f9fd282196aa5d9c322c0ab7c476c28d0de6e.png,low,1,0.9576494693756104
a964b7d07caafa859efd75c4c66c41cc14faf7d8f2201ee94d42ad4595e1c288,data/datasets/sid-set/candidate-1500/images/real/a964b7d07caafa859efd75c4c66c41cc14faf7d8f2201ee94d42ad4595e1c288.jpg,low,0,0.4602546691894531
a9c38230e5b3517ac74b8e2cb249d6e6f0e78373743bd3b2b09d0fc0a0a5d868,data/datasets/openfake/additional-900/images/real/a9c38230e5b3517ac74b8e2cb249d6e6f0e78373743bd3b2b09d0fc0a0a5d868.jpg,low,0,0.92274010181427
aa0277fa642774fe5127a0e446f9d7f64cdc77dd90ffdce97ed16b5c1f377cc6,data/datasets/sid-set/candidate-1500/images/fake/aa0277fa642774fe5127a0e446f9d7f64cdc77dd90ffdce97ed16b5c1f377cc6.png,low,1,0.9748422503471375
aa4860f170485f3342809b105101bf947da40660cfa3489d92626be5562b71f9,data/datasets/sid-set/candidate-1500/images/fake/aa4860f170485f3342809b105101bf947da40660cfa3489d92626be5562b71f9.png,low,1,0.9118494987487793
aa951e628b91172b3809b32e505380e65ad31f081ec986f6ff38e8bfd3b708d1,data/datasets/sid-set/candidate-1500/images/fake/aa951e628b91172b3809b32e505380e65ad31f081ec986f6ff38e8bfd3b708d1.png,low,1,0.39937904477119446
aa988fd2e0476e19dd4d544d9303209c0675e6181f42a730b719b6cd96671147,data/datasets/sid-set/candidate-1500/images/fake/aa988fd2e0476e19dd4d544d9303209c0675e6181f42a730b719b6cd96671147.png,low,1,0.5273128151893616
ab23ad0ada7ac2459f40fcec3392d395ec3652c471f98ef1b1cdd40b74035e7e,data/datasets/openfake/additional-900/images/real/ab23ad0ada7ac2459f40fcec3392d395ec3652c471f98ef1b1cdd40b74035e7e.jpg,low,0,0.4289895296096802
abd3ab2d7343edab3ba2cd99e2068be8e2d3dd2764b96004a512a2e41fe05e83,data/datasets/sid-set/candidate-1500/images/fake/abd3ab2d7343edab3ba2cd99e2068be8e2d3dd2764b96004a512a2e41fe05e83.png,low,1,0.8317656517028809
abefc87b387316e0a84a276b1073cb220b522255b5bb5b1e3528a6053bb2aed5,data/datasets/sid-set/candidate-1500/images/fake/abefc87b387316e0a84a276b1073cb220b522255b5bb5b1e3528a6053bb2aed5.png,low,1,0.9753716588020325
ac464abb6b3a28436d73b4ec81b207d96a06e4a98535297862272b3617ea1380,data/datasets/openfake/additional-900/images/fake/ac464abb6b3a28436d73b4ec81b207d96a06e4a98535297862272b3617ea1380.png,low,1,0.9871373176574707
ac4f8f9e6e90f1eef921fbaf594e05f85caa9b0f423de88989498507b4a5a12b,data/datasets/openfake/additional-900/images/fake/ac4f8f9e6e90f1eef921fbaf594e05f85caa9b0f423de88989498507b4a5a12b.png,low,1,0.9974324107170105
ac68d5be6a7ae33005e523236dd668a747112068d2e22fae097e61f96849538f,data/datasets/openfake/additional-900/images/fake/ac68d5be6a7ae33005e523236dd668a747112068d2e22fae097e61f96849538f.png,low,1,0.9576637744903564
ac89f8ff6b82e2b31a0088bf37e07de09bef34931cd9dbdbf68d770a1d101b6f,data/datasets/openfake/additional-900/images/real/ac89f8ff6b82e2b31a0088bf37e07de09bef34931cd9dbdbf68d770a1d101b6f.jpg,low,0,0.22238227725028992
ac910c2572bc0d2ca00c1818d6bfb7b2c663629981b4727f680b8e98c989b7ac,data/datasets/sid-set/candidate-1500/images/fake/ac910c2572bc0d2ca00c1818d6bfb7b2c663629981b4727f680b8e98c989b7ac.png,low,1,0.953177273273468
ad2a1852fca3dbe822f9c6c88b02d28b0d9738191ad090ce08c9265761e2ce1d,data/datasets/openfake/additional-900/images/fake/ad2a1852fca3dbe822f9c6c88b02d28b0d9738191ad090ce08c9265761e2ce1d.png,low,1,0.977185070514679
ad46abbc609db34f7f9e7aec7b734de0fda1bec95ce184cdca48fbe6a853fcc1,data/datasets/sid-set/candidate-1500/images/real/ad46abbc609db34f7f9e7aec7b734de0fda1bec95ce184cdca48fbe6a853fcc1.jpg,low,0,0.1352158784866333
ad4f3741e1f35e5ad414fd59346c64e0fadd62c466bd761f5914cc6862789830,data/datasets/openfake/pilot-600/images/real/ad4f3741e1f35e5ad414fd59346c64e0fadd62c466bd761f5914cc6862789830.jpg,low,0,0.00028274510987102985
ad4ff63587beac58dffdf91956ef71451fcceb5d5e4d82d46c35319d5c1b366a,data/datasets/sid-set/candidate-1500/images/fake/ad4ff63587beac58dffdf91956ef71451fcceb5d5e4d82d46c35319d5c1b366a.png,low,1,0.9671052694320679
ad6bdf5b75d076fdc3509c99977bb8668063df36d7834bd9becc259f58477bdb,data/datasets/sid-set/candidate-1500/images/real/ad6bdf5b75d076fdc3509c99977bb8668063df36d7834bd9becc259f58477bdb.jpg,low,0,0.9915456175804138
ad7c003978de79bc3350847567c9285ef154f782792f62acca4e69c47b11330e,data/datasets/sid-set/candidate-1500/images/fake/ad7c003978de79bc3350847567c9285ef154f782792f62acca4e69c47b11330e.png,low,1,0.9925206899642944
adaa1545033358172f85937dec9993673c5ebf5909203b7fce894137a7f09358,data/datasets/openfake/pilot-600/images/fake/adaa1545033358172f85937dec9993673c5ebf5909203b7fce894137a7f09358.png,low,1,0.737994909286499
adb0ed7fc500633cfc7a1739e081a2413935e7eeecb417f27817ad2d38bb53ba,data/datasets/openfake/pilot-600/images/real/adb0ed7fc500633cfc7a1739e081a2413935e7eeecb417f27817ad2d38bb53ba.jpg,low,0,0.002207564190030098
adcfe620fd1d62c67d840e91b53f43a0133904d02c1a8aa44b20edee7687e1cc,data/datasets/openfake/additional-900/images/fake/adcfe620fd1d62c67d840e91b53f43a0133904d02c1a8aa44b20edee7687e1cc.png,low,1,0.9989988207817078
ae0bb66822c42d759761a80c01651468cb7e34c62e853a671aaa0bf20c9137c3,data/datasets/sid-set/candidate-1500/images/real/ae0bb66822c42d759761a80c01651468cb7e34c62e853a671aaa0bf20c9137c3.jpg,low,0,0.45736443996429443
ae1ba58efc6b7b9d6577fd8257a82a58a69b88bc720ff3eda66cc8a146f019e2,data/datasets/sid-set/candidate-1500/images/fake/ae1ba58efc6b7b9d6577fd8257a82a58a69b88bc720ff3eda66cc8a146f019e2.png,low,1,0.9740219116210938
ae37eef180ee1b1263b58844777494186aa96bbbb32396f3117c0a43e39cf0e5,data/datasets/sid-set/candidate-1500/images/fake/ae37eef180ee1b1263b58844777494186aa96bbbb32396f3117c0a43e39cf0e5.png,low,1,0.9720083475112915
ae8871e23c67229536bc36e5704334e6750e1c10395672781c276830cd024644,data/datasets/sid-set/candidate-1500/images/real/ae8871e23c67229536bc36e5704334e6750e1c10395672781c276830cd024644.jpg,low,0,0.10395866632461548
aef3e9d6a5d9b83031a02c863ca4af7f311f6554db680c6984f3beec62244303,data/datasets/openfake/pilot-600/images/fake/aef3e9d6a5d9b83031a02c863ca4af7f311f6554db680c6984f3beec62244303.jpg,low,1,0.18490059673786163
aefdf042d2cb50e66ba072d2a92acfeed4bba95d659472cb85153aaf883a5eaf,data/datasets/openfake/pilot-600/images/fake/aefdf042d2cb50e66ba072d2a92acfeed4bba95d659472cb85153aaf883a5eaf.png,low,1,0.9995017051696777
af49f5b7e1f568ab3b7e461d7e8ecb1bd8de72df02189e1f7f2d9fb1e608779a,data/datasets/openfake/additional-900/images/real/af49f5b7e1f568ab3b7e461d7e8ecb1bd8de72df02189e1f7f2d9fb1e608779a.jpg,low,0,0.004212260711938143
af87e5fb0d6db763e2066c626ead94cf44bc59dfa4975c7651aa46a98bca4b6f,data/datasets/sid-set/candidate-1500/images/fake/af87e5fb0d6db763e2066c626ead94cf44bc59dfa4975c7651aa46a98bca4b6f.png,low,1,0.9905102849006653
afb84a89320987580f1d1360bbb2f3c9ce796e14c9a57f571600e9b47309a250,data/datasets/openfake/pilot-600/images/real/afb84a89320987580f1d1360bbb2f3c9ce796e14c9a57f571600e9b47309a250.jpg,low,0,0.02641553431749344
afbbeb1517890c33b4a19922d1904d4c36d46ba817935f7fcdd10bf20dc15b3a,data/datasets/sid-set/candidate-1500/images/fake/afbbeb1517890c33b4a19922d1904d4c36d46ba817935f7fcdd10bf20dc15b3a.png,low,1,0.9898042678833008
afcabf88faa97c67aea4898767860111eb596d1fbcb385e42b3bd42190db4686,data/datasets/sid-set/candidate-1500/images/fake/afcabf88faa97c67aea4898767860111eb596d1fbcb385e42b3bd42190db4686.png,low,1,0.9956561326980591
b0329d5b8f7a1bd515fa411b77416184ec01630fa645ea68a873708108ad0d5a,data/datasets/sid-set/candidate-1500/images/real/b0329d5b8f7a1bd515fa411b77416184ec01630fa645ea68a873708108ad0d5a.jpg,low,0,0.9984076619148254
b049fb5d805ef3233ce5489c831582c36018dcb564c7ce3190f40f1a15d6cef1,data/datasets/sid-set/candidate-1500/images/real/b049fb5d805ef3233ce5489c831582c36018dcb564c7ce3190f40f1a15d6cef1.jpg,low,0,0.9356972575187683
b0945bf9e46b56f2f540e836ea955ff979ec591b2c6c29261060c7605947a8f6,data/datasets/sid-set/candidate-1500/images/real/b0945bf9e46b56f2f540e836ea955ff979ec591b2c6c29261060c7605947a8f6.jpg,low,0,0.7787948250770569
b0b065bffbd7152f666a685b87c8dfb20497490090871841a7fa79c132704bbf,data/datasets/sid-set/candidate-1500/images/real/b0b065bffbd7152f666a685b87c8dfb20497490090871841a7fa79c132704bbf.jpg,low,0,0.02466350793838501
b105b92089defc43abdad543639f89f13d692f30d94142a34a823702b32cd580,data/datasets/openfake/additional-900/images/real/b105b92089defc43abdad543639f89f13d692f30d94142a34a823702b32cd580.jpg,low,0,0.0006633182638324797
b1219844d3483f0179fd8d9aa243cbfe414a7e4c7c6abc0d22ce5fbc7cf1dd9c,data/datasets/sid-set/candidate-1500/images/real/b1219844d3483f0179fd8d9aa243cbfe414a7e4c7c6abc0d22ce5fbc7cf1dd9c.jpg,low,0,0.4321233630180359
b2ade3507df358993f3278c95ede5a31b740f730c952c1dc050b98204e6fd888,data/datasets/openfake/additional-900/images/fake/b2ade3507df358993f3278c95ede5a31b740f730c952c1dc050b98204e6fd888.png,low,1,0.6836342811584473
b2c44efd69b65ba6668b765bb56e6bd5c0b2414652a14736960a3cd648099e5c,data/datasets/sid-set/candidate-1500/images/fake/b2c44efd69b65ba6668b765bb56e6bd5c0b2414652a14736960a3cd648099e5c.png,low,1,0.7542577385902405
b2cb739e1aa38e73ea7cd9b849294027374eb622d0c00c036e907a3e6ff094cc,data/datasets/openfake/additional-900/images/fake/b2cb739e1aa38e73ea7cd9b849294027374eb622d0c00c036e907a3e6ff094cc.png,low,1,0.9946885108947754
b2eb9dd58be33636b3e492afa15cd98ae1ebc3d3df687191bcb4d47b641b1ef9,data/datasets/sid-set/candidate-1500/images/fake/b2eb9dd58be33636b3e492afa15cd98ae1ebc3d3df687191bcb4d47b641b1ef9.png,low,1,0.9980320334434509
b3079459459f503f5c78975144b05a59049018e6e2b6759daeda414af5f49410,data/datasets/sid-set/candidate-1500/images/real/b3079459459f503f5c78975144b05a59049018e6e2b6759daeda414af5f49410.jpg,low,0,0.13819684088230133
b36405f5b003015e0e77730044c8d9c045d185f38f664074b8a49c0e7c8572d4,data/datasets/openfake/additional-900/images/real/b36405f5b003015e0e77730044c8d9c045d185f38f664074b8a49c0e7c8572d4.jpg,low,0,0.04280134662985802
b391c6301c7309c91ff4cae743d67ff226651cc394ca1fc4b619d5106d340da4,data/datasets/sid-set/candidate-1500/images/fake/b391c6301c7309c91ff4cae743d67ff226651cc394ca1fc4b619d5106d340da4.png,low,1,0.8342624306678772
b46ef81de7dfd73e8534651ae9e69fa2cbcdaeaaf9dc6fe0b1211eea479ee885,data/datasets/openfake/pilot-600/images/fake/b46ef81de7dfd73e8534651ae9e69fa2cbcdaeaaf9dc6fe0b1211eea479ee885.png,low,1,0.999030590057373
b49e257e2494856054e81dee2aff78ccccf05514805ed5838e47882d68ca611f,data/datasets/openfake/additional-900/images/real/b49e257e2494856054e81dee2aff78ccccf05514805ed5838e47882d68ca611f.jpg,low,0,0.48865583539009094
b4a82aa390209e5446a22261041ef120fc4081c08e6f9eba1809a77fbd262b62,data/datasets/openfake/additional-900/images/real/b4a82aa390209e5446a22261041ef120fc4081c08e6f9eba1809a77fbd262b62.jpg,low,0,0.7947975993156433
b4abd5589bd9165beedc0a89393228cd42d03f8181f782adf3568cfd53cb46f3,data/datasets/openfake/pilot-600/images/fake/b4abd5589bd9165beedc0a89393228cd42d03f8181f782adf3568cfd53cb46f3.png,low,1,0.9968461394309998
b4f4d7f660943ca2db164ff4f07e8d4915354ba2f05e20827f2d0469b6a5c937,data/datasets/sid-set/candidate-1500/images/fake/b4f4d7f660943ca2db164ff4f07e8d4915354ba2f05e20827f2d0469b6a5c937.png,low,1,0.9947856068611145
b4fa42808c3ecab3684ecc2e4aac2bae76961e540e80990a54602e8e5e8f9347,data/datasets/sid-set/candidate-1500/images/real/b4fa42808c3ecab3684ecc2e4aac2bae76961e540e80990a54602e8e5e8f9347.jpg,low,0,0.0021691475994884968
b5134cb92892b452ecae7d738a0e5ffb2c71b6440e356e2f15361e49ce2b91ba,data/datasets/sid-set/candidate-1500/images/real/b5134cb92892b452ecae7d738a0e5ffb2c71b6440e356e2f15361e49ce2b91ba.jpg,low,0,0.13844533264636993
b675c20fd32f00570aa7e8d76cd861beef4aa8aa642ecc22939a666d83dd8605,data/datasets/sid-set/candidate-1500/images/fake/b675c20fd32f00570aa7e8d76cd861beef4aa8aa642ecc22939a666d83dd8605.png,low,1,0.9906356930732727
b67d9200e858585819b350fae396cf4c17e22248feb7edececcf47ba21e2b3cf,data/datasets/sid-set/candidate-1500/images/real/b67d9200e858585819b350fae396cf4c17e22248feb7edececcf47ba21e2b3cf.jpg,low,0,0.10723765194416046
b67d959293387352e0d38c8e9f7c97a03d6cbb155148fb9721d840fff1d8485c,data/datasets/openfake/additional-900/images/real/b67d959293387352e0d38c8e9f7c97a03d6cbb155148fb9721d840fff1d8485c.jpg,low,0,0.24811655282974243
b6970f4435d5d661d649657b34af410258a5fa092a7e439c4642741fdf13e368,data/datasets/openfake/pilot-600/images/fake/b6970f4435d5d661d649657b34af410258a5fa092a7e439c4642741fdf13e368.png,low,1,0.9750783443450928
b6dd00d6191e8590c2eeaaf374d99f482376b4749c0f0cd2625be98ee5890722,data/datasets/sid-set/candidate-1500/images/fake/b6dd00d6191e8590c2eeaaf374d99f482376b4749c0f0cd2625be98ee5890722.png,low,1,0.9796251058578491
b6e29b63ea0d46e1af8f1720cc0503acf286a3745828b47d4b82bbf9a46adb8a,data/datasets/openfake/pilot-600/images/fake/b6e29b63ea0d46e1af8f1720cc0503acf286a3745828b47d4b82bbf9a46adb8a.png,low,1,0.9787327647209167
b7281f4038ea120d91482303cc3c12b6a87f4ef4ae3f611ac3d3be4e4c86419f,data/datasets/openfake/additional-900/images/real/b7281f4038ea120d91482303cc3c12b6a87f4ef4ae3f611ac3d3be4e4c86419f.jpg,low,0,0.8745591044425964
b74b388e59e3067106a821b9efb29fcd3df9ee380a50c1aafb56af3b9dbfb350,data/datasets/sid-set/candidate-1500/images/real/b74b388e59e3067106a821b9efb29fcd3df9ee380a50c1aafb56af3b9dbfb350.jpg,low,0,0.9199798107147217
b76852d2a08cd3ad26d43df50db1b60d6fbcb3b7325b5080b48a8167a992ce0c,data/datasets/sid-set/candidate-1500/images/fake/b76852d2a08cd3ad26d43df50db1b60d6fbcb3b7325b5080b48a8167a992ce0c.png,low,1,0.9789257049560547
b78616a6d905514a92e20bf8b1f8c5b29113ab0b137a005b6689d4fdc8b139ef,data/datasets/sid-set/candidate-1500/images/fake/b78616a6d905514a92e20bf8b1f8c5b29113ab0b137a005b6689d4fdc8b139ef.png,low,1,0.9383192658424377
b82aee2afb308019e6b1794d49d8e48eb391d1cbd4d60f8b5e543110fce82b14,data/datasets/openfake/additional-900/images/fake/b82aee2afb308019e6b1794d49d8e48eb391d1cbd4d60f8b5e543110fce82b14.png,low,1,0.6347581148147583
b8444ab0e4ffa409444183569ab7da0cb2061b4407bfe8f42ebcc2954fadade4,data/datasets/sid-set/candidate-1500/images/fake/b8444ab0e4ffa409444183569ab7da0cb2061b4407bfe8f42ebcc2954fadade4.png,low,1,0.982633650302887
b86638534a7cc70f637f51c5440f87b718c86457a0a0c01c6507196f2b75c77e,data/datasets/openfake/pilot-600/images/fake/b86638534a7cc70f637f51c5440f87b718c86457a0a0c01c6507196f2b75c77e.png,low,1,0.7138388156890869
b8dfdeb99f9f643d801f1be9d17daa1c042d04ca81af8831078c48cbbf6b2e1b,data/datasets/openfake/pilot-600/images/fake/b8dfdeb99f9f643d801f1be9d17daa1c042d04ca81af8831078c48cbbf6b2e1b.png,low,1,0.6803733706474304
b9554a9f45f8755273ffe7a48e4636c005f683314cad4e094fb2189510975161,data/datasets/openfake/pilot-600/images/real/b9554a9f45f8755273ffe7a48e4636c005f683314cad4e094fb2189510975161.jpg,low,0,0.00523513276129961
b9ab65c3803be04870f501ce1f76c287413a4829cf8512e173546d17e5b749c5,data/datasets/openfake/additional-900/images/fake/b9ab65c3803be04870f501ce1f76c287413a4829cf8512e173546d17e5b749c5.jpg,low,1,0.7563652992248535
b9af8a2df88eaf15abcb69137c6f0d26e9097297c76d4a2f24d6a27f84a3b07b,data/datasets/openfake/additional-900/images/real/b9af8a2df88eaf15abcb69137c6f0d26e9097297c76d4a2f24d6a27f84a3b07b.jpg,low,0,0.002222604351118207
b9f1e762b09ba6327a27128d8126a411126e5a30ca9d7c80bc2c5510c3ee5ea8,data/datasets/openfake/additional-900/images/fake/b9f1e762b09ba6327a27128d8126a411126e5a30ca9d7c80bc2c5510c3ee5ea8.png,low,1,0.6111955642700195
bb3bf59ff021639b567ef56cdd96b4bab904f3ad583d5b752b483eca16693264,data/datasets/sid-set/candidate-1500/images/real/bb3bf59ff021639b567ef56cdd96b4bab904f3ad583d5b752b483eca16693264.jpg,low,0,0.4226056933403015
bb6bde7464e499aa217c61b588a2480726f17a2a78a9f62751383d985abb527f,data/datasets/sid-set/candidate-1500/images/real/bb6bde7464e499aa217c61b588a2480726f17a2a78a9f62751383d985abb527f.jpg,low,0,0.5724563598632812
bb8b7f0ca2565c21816a58654b6d02f734f362778d1ee36bdc199f1fbe3417b9,data/datasets/openfake/additional-900/images/fake/bb8b7f0ca2565c21816a58654b6d02f734f362778d1ee36bdc199f1fbe3417b9.png,low,1,0.9909260272979736
bcb972071e3d2f8fae434bbc4cb0007f499ca748de827192dbaaa86770ebd5d1,data/datasets/openfake/pilot-600/images/real/bcb972071e3d2f8fae434bbc4cb0007f499ca748de827192dbaaa86770ebd5d1.jpg,low,0,0.20392292737960815
bcf394d31c8c08699928910b5c7d98f7cb6c8d41e894bc3f08e0e88a842d9d27,data/datasets/openfake/pilot-600/images/real/bcf394d31c8c08699928910b5c7d98f7cb6c8d41e894bc3f08e0e88a842d9d27.jpg,low,0,0.0955258309841156
bd51b96a71b1fe71ee23c8ad30e3f671bc2f938cb7bcb8136fa3e266c48c7572,data/datasets/sid-set/candidate-1500/images/real/bd51b96a71b1fe71ee23c8ad30e3f671bc2f938cb7bcb8136fa3e266c48c7572.jpg,low,0,0.22553853690624237
bd646544d1bedb8035c3980700018b7bef78b5e7416b6433f682568bbe9bbdcf,data/datasets/sid-set/candidate-1500/images/fake/bd646544d1bedb8035c3980700018b7bef78b5e7416b6433f682568bbe9bbdcf.png,low,1,0.9284521341323853
bd826c35fabe791a86968bafed22d709ed8026979363a4dd758b03967afe6350,data/datasets/openfake/additional-900/images/fake/bd826c35fabe791a86968bafed22d709ed8026979363a4dd758b03967afe6350.png,low,1,0.6354093551635742
bd9f7da1d77bbcad4a67a3dc563f5272bb032384cd3f50f022d2101cd102cfe3,data/datasets/sid-set/candidate-1500/images/real/bd9f7da1d77bbcad4a67a3dc563f5272bb032384cd3f50f022d2101cd102cfe3.jpg,low,0,0.9437316656112671
bdb5b374f494146621382d746ea377dbcaa8fb510bc694739e330b9113e71dd6,data/datasets/openfake/pilot-600/images/fake/bdb5b374f494146621382d746ea377dbcaa8fb510bc694739e330b9113e71dd6.jpg,low,1,0.9516016244888306
bdbfa48fa13d55c1b58ee3dee84505c9f01d05fef34ad051d721b1f6795e0bab,data/datasets/openfake/pilot-600/images/real/bdbfa48fa13d55c1b58ee3dee84505c9f01d05fef34ad051d721b1f6795e0bab.jpg,low,0,0.6083165407180786
be19b3439e6904df526e5c3867b6a506e0ce555cb217dda86a7061a208869950,data/datasets/sid-set/candidate-1500/images/real/be19b3439e6904df526e5c3867b6a506e0ce555cb217dda86a7061a208869950.jpg,low,0,0.9830742478370667
be34c6c6be47d183ee322a2dfa7f8ba7e2798bdb56d15e18af2bce57531bf0b2,data/datasets/sid-set/candidate-1500/images/fake/be34c6c6be47d183ee322a2dfa7f8ba7e2798bdb56d15e18af2bce57531bf0b2.png,low,1,0.9510459899902344
be6c4b269eb70b11fbb8acdf66179d54ce1172341cceb727d5fbe105e1e0f71c,data/datasets/sid-set/candidate-1500/images/fake/be6c4b269eb70b11fbb8acdf66179d54ce1172341cceb727d5fbe105e1e0f71c.png,low,1,0.9840784072875977
bf2c410656b72a6f72eef3dded9557faca8d1d16467ade85fadf03ca29abdf95,data/datasets/openfake/pilot-600/images/fake/bf2c410656b72a6f72eef3dded9557faca8d1d16467ade85fadf03ca29abdf95.jpg,low,1,0.17382007837295532
bf479e0750e5e3369d9ac474cf7368fb4205801e25e9a71c59230965f56b34f1,data/datasets/sid-set/candidate-1500/images/real/bf479e0750e5e3369d9ac474cf7368fb4205801e25e9a71c59230965f56b34f1.jpg,low,0,0.15768694877624512
bfc461f7064e5d49fd47f7972efbe58b71c08180f05e84a73382e192795e7427,data/datasets/sid-set/candidate-1500/images/fake/bfc461f7064e5d49fd47f7972efbe58b71c08180f05e84a73382e192795e7427.png,low,1,0.9695713520050049
c01a372863adec6660e76540c55d88df25016129fcdbc0e2d25933b448113d57,data/datasets/sid-set/candidate-1500/images/fake/c01a372863adec6660e76540c55d88df25016129fcdbc0e2d25933b448113d57.png,low,1,0.9947829842567444
c04f18dc04acdd6020734bbe9b6ac6d87e2748c07d07951246403d67fe8521dc,data/datasets/sid-set/candidate-1500/images/fake/c04f18dc04acdd6020734bbe9b6ac6d87e2748c07d07951246403d67fe8521dc.png,low,1,0.9111889600753784
c14a0f44a6cfb67a9d4aab110d2fcbe3ea38c17035d88f4514d3a8256beac8fa,data/datasets/openfake/additional-900/images/real/c14a0f44a6cfb67a9d4aab110d2fcbe3ea38c17035d88f4514d3a8256beac8fa.jpg,low,0,0.0184037946164608
c19b23bf7c8b665d6298a945dd7f72d389df6d14fdb822ea880b9f2f35f4ea53,data/datasets/sid-set/candidate-1500/images/fake/c19b23bf7c8b665d6298a945dd7f72d389df6d14fdb822ea880b9f2f35f4ea53.png,low,1,0.9971767663955688
c19e9262271c6d71522d698cf9e29dcf3a0368c05df61c760717707869c9718e,data/datasets/sid-set/candidate-1500/images/fake/c19e9262271c6d71522d698cf9e29dcf3a0368c05df61c760717707869c9718e.png,low,1,0.7421836853027344
c1b3987289afa0622c55c045ea4647403619dfc067ccf01cc1798bb9fc6b606f,data/datasets/openfake/additional-900/images/fake/c1b3987289afa0622c55c045ea4647403619dfc067ccf01cc1798bb9fc6b606f.png,low,1,0.10605703294277191
c209e1896104d85f4453ec045d05e47e15e6762106b49c85514fbe8b331ec317,data/datasets/sid-set/candidate-1500/images/fake/c209e1896104d85f4453ec045d05e47e15e6762106b49c85514fbe8b331ec317.png,low,1,0.8905395269393921
c26de6b94b71f06cbb3cc38b4256555cc1519d1779b19ede5a65fe169d5bfe80,data/datasets/openfake/additional-900/images/fake/c26de6b94b71f06cbb3cc38b4256555cc1519d1779b19ede5a65fe169d5bfe80.png,low,1,0.7909860014915466
c27fbaa7f75648c42fd28f8b7a3cd2f1a58ad107aa454be774a412b9fc08f271,data/datasets/openfake/additional-900/images/real/c27fbaa7f75648c42fd28f8b7a3cd2f1a58ad107aa454be774a412b9fc08f271.jpg,low,0,0.0005936376983299851
c36f1c377c4fa2714ad152a8175f4209c33312af4c9e8c83c5297a95e32d3f6c,data/datasets/sid-set/candidate-1500/images/fake/c36f1c377c4fa2714ad152a8175f4209c33312af4c9e8c83c5297a95e32d3f6c.png,low,1,0.9950494170188904
c36f4ee06c886656386fe378b51f7d5e9045b3e0a5e7e236c911e715c1fe39b5,data/datasets/sid-set/candidate-1500/images/real/c36f4ee06c886656386fe378b51f7d5e9045b3e0a5e7e236c911e715c1fe39b5.jpg,low,0,0.6814476251602173
c3996a8faa03d6bdc27ef148911f0f8ea58e60f62e91057c165e76b2454683a0,data/datasets/sid-set/candidate-1500/images/real/c3996a8faa03d6bdc27ef148911f0f8ea58e60f62e91057c165e76b2454683a0.jpg,low,0,0.9264430999755859
c3b15dd0213564889cf6dc0503b0a22c76b42ea98572550f3cb69f6cbe1ddca2,data/datasets/sid-set/candidate-1500/images/real/c3b15dd0213564889cf6dc0503b0a22c76b42ea98572550f3cb69f6cbe1ddca2.jpg,low,0,0.6432979702949524
c4556a8deefe7001d27544fc113c3ce28d886d2c763fa73497e23736bb7dc8f3,data/datasets/openfake/additional-900/images/fake/c4556a8deefe7001d27544fc113c3ce28d886d2c763fa73497e23736bb7dc8f3.png,low,1,0.9946927428245544
c465d898451fdb9744c561c0889eb9b438c4fa94959bcf6f954d3c05b306cd56,data/datasets/openfake/additional-900/images/real/c465d898451fdb9744c561c0889eb9b438c4fa94959bcf6f954d3c05b306cd56.jpg,low,0,0.8639137148857117
c488561e5176c63ed3c7d1097da0b024c917b99241a91e53f9e05d17b31e5590,data/datasets/sid-set/candidate-1500/images/fake/c488561e5176c63ed3c7d1097da0b024c917b99241a91e53f9e05d17b31e5590.png,low,1,0.9834399223327637
c4bd6f92cac183d61bbec7029ee3ddce84d3bf567c8196541f2b3e494bc6262f,data/datasets/sid-set/candidate-1500/images/fake/c4bd6f92cac183d61bbec7029ee3ddce84d3bf567c8196541f2b3e494bc6262f.png,low,1,0.9557885527610779
c547cb0581de3361818ace4aab810a05fb1273992a78fed349eaf501bf4f4137,data/datasets/openfake/pilot-600/images/real/c547cb0581de3361818ace4aab810a05fb1273992a78fed349eaf501bf4f4137.jpg,low,0,0.0015733990585431457
c58e4e720db32e84506c507757ab223bfdb2a5ff7cff405049d764c1bba9dadd,data/datasets/openfake/additional-900/images/real/c58e4e720db32e84506c507757ab223bfdb2a5ff7cff405049d764c1bba9dadd.jpg,low,0,0.15682478249073029
c5acc4c0d20d4c574674bc76ab9a2ce1d2da0cbc5d0cb3f18debb28d493360b6,data/datasets/openfake/pilot-600/images/real/c5acc4c0d20d4c574674bc76ab9a2ce1d2da0cbc5d0cb3f18debb28d493360b6.jpg,low,0,0.6601792573928833
c5b00e14eb9bd2e8d1107f945298e17d4913731800fbdba1e3d29e890ce37af0,data/datasets/sid-set/candidate-1500/images/fake/c5b00e14eb9bd2e8d1107f945298e17d4913731800fbdba1e3d29e890ce37af0.png,low,1,0.9893931150436401
c63e4900752cd8f9f97d1452ff335fe0cabe7dea551947edd2dd7019468b21a5,data/datasets/sid-set/candidate-1500/images/fake/c63e4900752cd8f9f97d1452ff335fe0cabe7dea551947edd2dd7019468b21a5.png,low,1,0.9897909760475159
c644e665dac13a3df989d9e1eab41a3391c68331d70d231e01ac7678d1ad2788,data/datasets/sid-set/candidate-1500/images/fake/c644e665dac13a3df989d9e1eab41a3391c68331d70d231e01ac7678d1ad2788.png,low,1,0.9949278831481934
c7762be57fc093f4daf9aa7d687c08362c2a61794fe9c03d1bd96603290ae689,data/datasets/openfake/pilot-600/images/real/c7762be57fc093f4daf9aa7d687c08362c2a61794fe9c03d1bd96603290ae689.jpg,low,0,0.9518126845359802
c7ae950025c33e5cf3faa8741e7237f4868205a0dbb3a71ff9be6d593b26e9c8,data/datasets/sid-set/candidate-1500/images/real/c7ae950025c33e5cf3faa8741e7237f4868205a0dbb3a71ff9be6d593b26e9c8.jpg,low,0,0.9638053178787231
c7baedfc6decc5c7629e579fd63cf2fb34368602ce69a8566acbfea163f3ccea,data/datasets/sid-set/candidate-1500/images/fake/c7baedfc6decc5c7629e579fd63cf2fb34368602ce69a8566acbfea163f3ccea.png,low,1,0.9944167137145996
c7c9c82a975acb63270425ba3849174bcf1676ec068ca905472443a5aae945ff,data/datasets/sid-set/candidate-1500/images/fake/c7c9c82a975acb63270425ba3849174bcf1676ec068ca905472443a5aae945ff.png,low,1,0.8639014959335327
c7d495a1e9317f1026fcdc1c9093d1df3f0872ee71fb0d61d81ff8a590f87dd7,data/datasets/openfake/additional-900/images/real/c7d495a1e9317f1026fcdc1c9093d1df3f0872ee71fb0d61d81ff8a590f87dd7.jpg,low,0,0.05096729099750519
c7ff2cac7c2c5b732923ec4ec260ef297d903932fd59de86b3ec0fc0cbf23fda,data/datasets/sid-set/candidate-1500/images/real/c7ff2cac7c2c5b732923ec4ec260ef297d903932fd59de86b3ec0fc0cbf23fda.jpg,low,0,0.3746238648891449
c836b3a1b26e5af75b24ca7533e570e65c2f9bba68a3ac3f333f18ad0373917a,data/datasets/sid-set/candidate-1500/images/fake/c836b3a1b26e5af75b24ca7533e570e65c2f9bba68a3ac3f333f18ad0373917a.png,low,1,0.9703246355056763
c83be7685dc905119ef9aebcb9fc4b86c665ea3b8c56b0423e821d38c543a7b9,data/datasets/sid-set/candidate-1500/images/real/c83be7685dc905119ef9aebcb9fc4b86c665ea3b8c56b0423e821d38c543a7b9.jpg,low,0,0.32252004742622375
c846ae866d667416b1596b947cade400c68941cfc515c7b663d832d38bd40419,data/datasets/sid-set/candidate-1500/images/real/c846ae866d667416b1596b947cade400c68941cfc515c7b663d832d38bd40419.jpg,low,0,0.14143307507038116
c84e5992d558a4d25f05995c5763725a508923a6b96e15cd2e197c93edbdc1c2,data/datasets/sid-set/candidate-1500/images/real/c84e5992d558a4d25f05995c5763725a508923a6b96e15cd2e197c93edbdc1c2.jpg,low,0,0.006388399749994278
c95023c1aeb6ded3781f8484cf6bfd4590be8bea035807ed5b00c1482f3efaba,data/datasets/openfake/additional-900/images/real/c95023c1aeb6ded3781f8484cf6bfd4590be8bea035807ed5b00c1482f3efaba.jpg,low,0,0.0005571870715357363
c95fe7ee4d41efc2181eaa4c166d631cc539403b6ba0cffa51fbea58f5800060,data/datasets/sid-set/candidate-1500/images/real/c95fe7ee4d41efc2181eaa4c166d631cc539403b6ba0cffa51fbea58f5800060.jpg,low,0,0.0015215912135317922
c986e249b579192a6f753205ab530e701908d8b3c90573534cacaa90be4d616f,data/datasets/sid-set/candidate-1500/images/real/c986e249b579192a6f753205ab530e701908d8b3c90573534cacaa90be4d616f.jpg,low,0,0.9478805065155029
c992117752f71da1657bd9b2c35ff7493c385dca41631d1f10331a1978aee365,data/datasets/openfake/additional-900/images/real/c992117752f71da1657bd9b2c35ff7493c385dca41631d1f10331a1978aee365.jpg,low,0,0.5547224283218384
c9cb697c68d65a32e8dd0c7b19c6f0ab6c1112426d8a12eb2307794dac708e19,data/datasets/sid-set/candidate-1500/images/fake/c9cb697c68d65a32e8dd0c7b19c6f0ab6c1112426d8a12eb2307794dac708e19.png,low,1,0.9831998348236084
c9cca6efd78d722b5c4e4a8c836e7121c40b6e95752ce9f0caf8e2efe7c0800f,data/datasets/sid-set/candidate-1500/images/fake/c9cca6efd78d722b5c4e4a8c836e7121c40b6e95752ce9f0caf8e2efe7c0800f.png,low,1,0.9421529769897461
ca075da5b1f6a27b7dd3135eb18af59a1dad689186791517380f8db3670edd57,data/datasets/sid-set/candidate-1500/images/fake/ca075da5b1f6a27b7dd3135eb18af59a1dad689186791517380f8db3670edd57.png,low,1,0.9506670236587524
cac7904f0b12850eaa151cd1a61321e74b4576c8ddbcf8a0ba408086bc43f0c0,data/datasets/sid-set/candidate-1500/images/fake/cac7904f0b12850eaa151cd1a61321e74b4576c8ddbcf8a0ba408086bc43f0c0.png,low,1,0.9931172132492065
cadb648dc62ae05472b2e4ed3cbe5560895d8285cec838c2497f595dc0ec2cfc,data/datasets/sid-set/candidate-1500/images/real/cadb648dc62ae05472b2e4ed3cbe5560895d8285cec838c2497f595dc0ec2cfc.jpg,low,0,0.9511419534683228
cb2e26eb0d083007784404bf5915286bc1566ce9bf1b3a3174df8a674c1effee,data/datasets/sid-set/candidate-1500/images/real/cb2e26eb0d083007784404bf5915286bc1566ce9bf1b3a3174df8a674c1effee.jpg,low,0,0.5154147744178772
cbfbc22ff9c68dd39579b3a5b309646e2882de98ae9f3bb143e1b2285c6ced39,data/datasets/openfake/pilot-600/images/fake/cbfbc22ff9c68dd39579b3a5b309646e2882de98ae9f3bb143e1b2285c6ced39.png,low,1,0.9659806489944458
ccfaf66c4eb02dd921d381df671e05b8e736f8303be3ca85c3d28d8f5d79a417,data/datasets/openfake/pilot-600/images/real/ccfaf66c4eb02dd921d381df671e05b8e736f8303be3ca85c3d28d8f5d79a417.jpg,low,0,0.0004740530566778034
cd3c127c8b030ec979388c5308eba8b6097d9a8f67144835ebf06d49315f6ab8,data/datasets/sid-set/candidate-1500/images/real/cd3c127c8b030ec979388c5308eba8b6097d9a8f67144835ebf06d49315f6ab8.jpg,low,0,0.9257701635360718
cd60ca0389ce13b5e921b886f9a9314996582ca3cd227c040f6dbc9870f9f0c7,data/datasets/openfake/pilot-600/images/real/cd60ca0389ce13b5e921b886f9a9314996582ca3cd227c040f6dbc9870f9f0c7.jpg,low,0,0.8388864994049072
ce0234ea012a7dcd12725d5b81123ce28bb76615e8a291f91b479afd5e9456e7,data/datasets/sid-set/candidate-1500/images/real/ce0234ea012a7dcd12725d5b81123ce28bb76615e8a291f91b479afd5e9456e7.jpg,low,0,0.894782304763794
cf7eae2ef4fb850a0c675fbd6c87c711719f7e314dcb6a1e14563114e78111ec,data/datasets/sid-set/candidate-1500/images/fake/cf7eae2ef4fb850a0c675fbd6c87c711719f7e314dcb6a1e14563114e78111ec.png,low,1,0.9662750959396362
cfc079b8e88ffd7c99544d22474143afa1858af1e5dd8c5af391a58bf1fb6fab,data/datasets/sid-set/candidate-1500/images/fake/cfc079b8e88ffd7c99544d22474143afa1858af1e5dd8c5af391a58bf1fb6fab.png,low,1,0.9766635298728943
d00e23a38eee1b8ff4591c4c85cab1b56df0095137d83f0a483d638a2785b7aa,data/datasets/openfake/pilot-600/images/fake/d00e23a38eee1b8ff4591c4c85cab1b56df0095137d83f0a483d638a2785b7aa.png,low,1,0.7924139499664307
d0161538206a535b6956462d811114ec40e0326efa1aa3ccfff25f3e45f5610a,data/datasets/sid-set/candidate-1500/images/real/d0161538206a535b6956462d811114ec40e0326efa1aa3ccfff25f3e45f5610a.jpg,low,0,0.0015488946810364723
d033311ac0c4f9301cb10cb4ac12d3345c75c4050b4a0c107f47a08574ee5cb2,data/datasets/sid-set/candidate-1500/images/fake/d033311ac0c4f9301cb10cb4ac12d3345c75c4050b4a0c107f47a08574ee5cb2.png,low,1,0.9940453767776489
d0342b12b0636aaba798c02741b864bc13d6aaa75b5f254e26a95ab9dbe33058,data/datasets/openfake/additional-900/images/fake/d0342b12b0636aaba798c02741b864bc13d6aaa75b5f254e26a95ab9dbe33058.jpg,low,1,0.11038514971733093
d062dae8cce84fddbff814f39cae0dc4bbd0accb4f477d4fee3c67637bd5d40c,data/datasets/openfake/additional-900/images/real/d062dae8cce84fddbff814f39cae0dc4bbd0accb4f477d4fee3c67637bd5d40c.jpg,low,0,0.003988385666161776
d07510b419579daf702319254e8bb737e5690db2805c497c1adab080e18bb838,data/datasets/sid-set/candidate-1500/images/fake/d07510b419579daf702319254e8bb737e5690db2805c497c1adab080e18bb838.png,low,1,0.9787705540657043
d0dee66e504b84ac5b656aac4e55a1fe2565405294755b7d0e3f187c16d6cf2f,data/datasets/openfake/additional-900/images/real/d0dee66e504b84ac5b656aac4e55a1fe2565405294755b7d0e3f187c16d6cf2f.jpg,low,0,0.020686279982328415
d0ea346173a8ea9d9609105b8384dd6cc9fcdcb427c6f03f993a1308d304e0c5,data/datasets/openfake/additional-900/images/real/d0ea346173a8ea9d9609105b8384dd6cc9fcdcb427c6f03f993a1308d304e0c5.jpg,low,0,0.5968707799911499
d1406b63b8991e1afe2721c5485149eb68085b65b9334faae7070864c4018c55,data/datasets/sid-set/candidate-1500/images/fake/d1406b63b8991e1afe2721c5485149eb68085b65b9334faae7070864c4018c55.png,low,1,0.9777037501335144
d1d0f0ac2435f7c15a17707b4ca5db78b39ec1880db9748fba24d8a50eee028b,data/datasets/openfake/additional-900/images/fake/d1d0f0ac2435f7c15a17707b4ca5db78b39ec1880db9748fba24d8a50eee028b.png,low,1,0.5543696880340576
d1d9002f4dee6fb725789afec8cc8f1f9057a8a7384a5362ed44421e0bcc0ad4,data/datasets/openfake/additional-900/images/fake/d1d9002f4dee6fb725789afec8cc8f1f9057a8a7384a5362ed44421e0bcc0ad4.png,low,1,0.9587423205375671
d1ee3fd294c5971109f366f639d25a30da2cc4f3978690cca1f5da60fe4f1d6c,data/datasets/openfake/additional-900/images/fake/d1ee3fd294c5971109f366f639d25a30da2cc4f3978690cca1f5da60fe4f1d6c.png,low,1,0.9789303541183472
d252d88f1f77f3508e6511f26d2239456f7aa22b2f68ff09a8543ff7e53c3f37,data/datasets/sid-set/candidate-1500/images/real/d252d88f1f77f3508e6511f26d2239456f7aa22b2f68ff09a8543ff7e53c3f37.jpg,low,0,0.33209991455078125
d2a9cff7b9b79f68fff94d8fc4abe506ee5a50b94644a655b0582bb277facdb8,data/datasets/openfake/additional-900/images/real/d2a9cff7b9b79f68fff94d8fc4abe506ee5a50b94644a655b0582bb277facdb8.jpg,low,0,0.4011768102645874
d31aa345aa67a240d8fbcfb4b5d17de91999b12d9d3475f993a1d8e5614388c1,data/datasets/openfake/additional-900/images/real/d31aa345aa67a240d8fbcfb4b5d17de91999b12d9d3475f993a1d8e5614388c1.jpg,low,0,0.0022251922637224197
d34a7659946c94adf783d64e301565181f1c360f61ea9fe6775a5bb077ab754d,data/datasets/sid-set/candidate-1500/images/fake/d34a7659946c94adf783d64e301565181f1c360f61ea9fe6775a5bb077ab754d.png,low,1,0.8052164912223816
d3dcb618d3d88431ec71e37a73b931e75a07aee0b785dcfca74c7985d8afd744,data/datasets/openfake/pilot-600/images/real/d3dcb618d3d88431ec71e37a73b931e75a07aee0b785dcfca74c7985d8afd744.jpg,low,0,0.24312132596969604
d3e1f3f3797b93ce82c592a7d3e9b04abfb264e2c78624a2ea0cf479db6d7e78,data/datasets/sid-set/candidate-1500/images/fake/d3e1f3f3797b93ce82c592a7d3e9b04abfb264e2c78624a2ea0cf479db6d7e78.png,low,1,0.9867823123931885
d3eccadf277467cb9d8e32c5eb9347e122adf936950801658fe22433e7a1edb5,data/datasets/openfake/additional-900/images/fake/d3eccadf277467cb9d8e32c5eb9347e122adf936950801658fe22433e7a1edb5.jpg,low,1,0.6245478987693787
d438e300b69595b3a3fd6df904e985822d5914578e4e380118bf4dbd0c9c07db,data/datasets/openfake/additional-900/images/fake/d438e300b69595b3a3fd6df904e985822d5914578e4e380118bf4dbd0c9c07db.jpg,low,1,0.9206110835075378
d4ab121d36684b193407d1a1532fe43301534315bdf4f0e8ed401216f4c5d60c,data/datasets/sid-set/candidate-1500/images/fake/d4ab121d36684b193407d1a1532fe43301534315bdf4f0e8ed401216f4c5d60c.png,low,1,0.887758731842041
d4d5a75863cecdafdcc07989ecaeb8ae0f24ec3846ca32e1b1dfc85643eea5e1,data/datasets/openfake/pilot-600/images/fake/d4d5a75863cecdafdcc07989ecaeb8ae0f24ec3846ca32e1b1dfc85643eea5e1.jpg,low,1,0.9882751703262329
d5097ab54b80237393c20da8078215bf18ddc7f517afa7a06dfd3e8768b155ac,data/datasets/openfake/pilot-600/images/fake/d5097ab54b80237393c20da8078215bf18ddc7f517afa7a06dfd3e8768b155ac.png,low,1,0.9896027445793152
d5464285a4743cdaa37e45e46a79210767e03840af7a8540130fba1100e44eaf,data/datasets/openfake/additional-900/images/fake/d5464285a4743cdaa37e45e46a79210767e03840af7a8540130fba1100e44eaf.png,low,1,0.6508928537368774
d56ea70dab4f3f102a2405d4c520906c484f7668abce2cc1c850788de44093b4,data/datasets/openfake/additional-900/images/real/d56ea70dab4f3f102a2405d4c520906c484f7668abce2cc1c850788de44093b4.jpg,low,0,0.01783200353384018
d6182b916886325a9bda543eb5c7af784ab53a1500a33f903d052de2c8a2a359,data/datasets/sid-set/candidate-1500/images/real/d6182b916886325a9bda543eb5c7af784ab53a1500a33f903d052de2c8a2a359.jpg,low,0,0.18758882582187653
d6ac3c1a1c4fec9f090165169ab8f726895ef73797ecf94ed87f55dbf0cc6eb5,data/datasets/openfake/additional-900/images/fake/d6ac3c1a1c4fec9f090165169ab8f726895ef73797ecf94ed87f55dbf0cc6eb5.png,low,1,0.8839903473854065
d6b209b675d85f78e4fd559b56ec8e604961bdf25850aa5f8143578c7f31f070,data/datasets/openfake/additional-900/images/fake/d6b209b675d85f78e4fd559b56ec8e604961bdf25850aa5f8143578c7f31f070.png,low,1,0.9900425672531128
d6b4965dd93e55c3f9f3dc674dd8cc88e22aa17f8601df258005dc9914f171d1,data/datasets/openfake/additional-900/images/fake/d6b4965dd93e55c3f9f3dc674dd8cc88e22aa17f8601df258005dc9914f171d1.png,low,1,0.7667097449302673
d6f4c81461a1eb55b8cdf6a1a92d047fde6317eecb901432ec1b6ad20ace2741,data/datasets/openfake/additional-900/images/real/d6f4c81461a1eb55b8cdf6a1a92d047fde6317eecb901432ec1b6ad20ace2741.jpg,low,0,0.5899821519851685
d700bb900286b098f781bdb60ee65e8a069e629c486009b99ae0381a4ba7f990,data/datasets/sid-set/candidate-1500/images/fake/d700bb900286b098f781bdb60ee65e8a069e629c486009b99ae0381a4ba7f990.png,low,1,0.7666987180709839
d72ceae9d59fda5588c156669dbb5695ecb36ecc5f8dd768d6b97cc6a6c66337,data/datasets/openfake/additional-900/images/real/d72ceae9d59fda5588c156669dbb5695ecb36ecc5f8dd768d6b97cc6a6c66337.jpg,low,0,0.41803550720214844
d76adf9ebbdb08eac856143ef0eb5b630a6e098976d5e9e9b0b35dcbe0d589f0,data/datasets/openfake/additional-900/images/real/d76adf9ebbdb08eac856143ef0eb5b630a6e098976d5e9e9b0b35dcbe0d589f0.jpg,low,0,0.0044565931893885136
d82eeb3ff38aaab2450eee3ce79ef712c00c0b8718cfa4acfbe4e019781f7518,data/datasets/openfake/additional-900/images/fake/d82eeb3ff38aaab2450eee3ce79ef712c00c0b8718cfa4acfbe4e019781f7518.png,low,1,0.902499258518219
d892f543698758b801a087fc7626aa232ec83b69c33e11e8a684be8a45d06073,data/datasets/sid-set/candidate-1500/images/real/d892f543698758b801a087fc7626aa232ec83b69c33e11e8a684be8a45d06073.jpg,low,0,0.3411653935909271
d8ba0315b1285e458dcd0f2721adc8678c9bf3108f3dbda4735770bfc83eecde,data/datasets/sid-set/candidate-1500/images/real/d8ba0315b1285e458dcd0f2721adc8678c9bf3108f3dbda4735770bfc83eecde.jpg,low,0,0.8862642645835876
d931f69279a1ce072f0cb8b4090b93d1843a8f74f7dbb68c66e4ea7577c7100e,data/datasets/openfake/additional-900/images/real/d931f69279a1ce072f0cb8b4090b93d1843a8f74f7dbb68c66e4ea7577c7100e.jpg,low,0,0.8574466705322266
d9573fdb4fb2d0e033e3ffe29f32bc5f3f94a1ede5ab41e9e6909d0083dc8853,data/datasets/sid-set/candidate-1500/images/real/d9573fdb4fb2d0e033e3ffe29f32bc5f3f94a1ede5ab41e9e6909d0083dc8853.jpg,low,0,0.5950105786323547
d975aaff3777354a8524dfd9bcd74d03343ca0cb229c4c49f87bc89eacd562fa,data/datasets/openfake/additional-900/images/fake/d975aaff3777354a8524dfd9bcd74d03343ca0cb229c4c49f87bc89eacd562fa.jpg,low,1,0.7018778920173645
da31a0220a942015107ffc9e70fa961c51c79ec0906a4c9a02c1b047fa6c0452,data/datasets/openfake/additional-900/images/fake/da31a0220a942015107ffc9e70fa961c51c79ec0906a4c9a02c1b047fa6c0452.jpg,low,1,0.548315167427063
da3e032eba23a0084136b7830487a585f7ae6109a58ea2c8701ef9d59c059db1,data/datasets/sid-set/candidate-1500/images/fake/da3e032eba23a0084136b7830487a585f7ae6109a58ea2c8701ef9d59c059db1.png,low,1,0.9432059526443481
daab136d565791d660ea11a64c543ae157cf1141f137fdf05addde18d2e82869,data/datasets/openfake/pilot-600/images/fake/daab136d565791d660ea11a64c543ae157cf1141f137fdf05addde18d2e82869.png,low,1,0.9992849230766296
dacb4dcb38f32af1e4ffd65fccb0eda7d3e836083a587cedd26fe9bf8b93f787,data/datasets/sid-set/candidate-1500/images/fake/dacb4dcb38f32af1e4ffd65fccb0eda7d3e836083a587cedd26fe9bf8b93f787.png,low,1,0.0727202296257019
daf694382c7619a7b75fd8298308e648c3ff1fb19e95341b503e0fe33dddea3c,data/datasets/sid-set/candidate-1500/images/fake/daf694382c7619a7b75fd8298308e648c3ff1fb19e95341b503e0fe33dddea3c.png,low,1,0.997355580329895
db610dc0b9cde73a73a5805be0f7028398b3b2ccdd85855715931e3247c4e3e4,data/datasets/openfake/additional-900/images/fake/db610dc0b9cde73a73a5805be0f7028398b3b2ccdd85855715931e3247c4e3e4.png,low,1,0.27210092544555664
dbcd80028dfadc7bd861696b8aea15282212811ccc3e5bfc7810b27b61b8cd32,data/datasets/sid-set/candidate-1500/images/fake/dbcd80028dfadc7bd861696b8aea15282212811ccc3e5bfc7810b27b61b8cd32.png,low,1,0.9488890171051025
dc1259935dc9c66af83e4997783ddb9a0fbdfb96ee830658e2b9e61d7d08fef9,data/datasets/sid-set/candidate-1500/images/real/dc1259935dc9c66af83e4997783ddb9a0fbdfb96ee830658e2b9e61d7d08fef9.jpg,low,0,0.8379008173942566
dc1da78f45625332a6f327c4e6e4cf22433541d06ea3f35de6973b1784df7eb9,data/datasets/sid-set/candidate-1500/images/real/dc1da78f45625332a6f327c4e6e4cf22433541d06ea3f35de6973b1784df7eb9.jpg,low,0,0.30015572905540466
dc692ee11736f62ac168e05c8ec227969c0c44ac7d8458b35ed3eba1e00fafbc,data/datasets/sid-set/candidate-1500/images/real/dc692ee11736f62ac168e05c8ec227969c0c44ac7d8458b35ed3eba1e00fafbc.jpg,low,0,0.131651371717453
dcaf424757dc655c704995638a27201542b95fa9ba688701a7eac952e875496b,data/datasets/sid-set/candidate-1500/images/fake/dcaf424757dc655c704995638a27201542b95fa9ba688701a7eac952e875496b.png,low,1,0.9764713048934937
dd09dd3068cb2d8e0d6c7b3dd15c3b17be0f8a851af820c5feca17230ec4e95b,data/datasets/openfake/additional-900/images/fake/dd09dd3068cb2d8e0d6c7b3dd15c3b17be0f8a851af820c5feca17230ec4e95b.png,low,1,0.992233395576477
dd18df7b38f781b11c260181dc0327820bf8b89e4b23e88f95bb0546bcb6d829,data/datasets/openfake/additional-900/images/fake/dd18df7b38f781b11c260181dc0327820bf8b89e4b23e88f95bb0546bcb6d829.jpg,low,1,0.2116711139678955
ddafbd1b3c67262d8609fed95e13fc65ef7bae60d9001db1d08f6f9ec1a1ebee,data/datasets/sid-set/candidate-1500/images/fake/ddafbd1b3c67262d8609fed95e13fc65ef7bae60d9001db1d08f6f9ec1a1ebee.png,low,1,0.9819431900978088
dde25b31d92db504d73c99368d6662157d853b91ae3b99b121531fd6f56fc42f,data/datasets/openfake/pilot-600/images/real/dde25b31d92db504d73c99368d6662157d853b91ae3b99b121531fd6f56fc42f.jpg,low,0,0.6682084202766418
de0b635df4dfd7e35ff0254c151d1102e50458c65b50e785eb1a57fbede2184a,data/datasets/sid-set/candidate-1500/images/real/de0b635df4dfd7e35ff0254c151d1102e50458c65b50e785eb1a57fbede2184a.jpg,low,0,0.11198526620864868
de8acfe3cbd87b8397b5cd7c53e49c65d1e570552d73591e65510b677d00f01a,data/datasets/sid-set/candidate-1500/images/real/de8acfe3cbd87b8397b5cd7c53e49c65d1e570552d73591e65510b677d00f01a.jpg,low,0,0.8520877361297607
deb7eed518d8ed402535777586c38ae23fe8889ab325767910e7b6b7ea3ebaca,data/datasets/sid-set/candidate-1500/images/fake/deb7eed518d8ed402535777586c38ae23fe8889ab325767910e7b6b7ea3ebaca.png,low,1,0.6588901877403259
dec3465e15cdd3d107fc961bfa32b01a11441ee70169b3565c74a5119db14e0d,data/datasets/openfake/additional-900/images/real/dec3465e15cdd3d107fc961bfa32b01a11441ee70169b3565c74a5119db14e0d.jpg,low,0,0.04309219866991043
df60c070316d0c7f41977e18195bdb9a9e77ba049a8871551ceb64bc860fdd63,data/datasets/openfake/pilot-600/images/real/df60c070316d0c7f41977e18195bdb9a9e77ba049a8871551ceb64bc860fdd63.jpg,low,0,0.9892579913139343
e020b31cbf0a3fb6384278f845d8cbf47ce4e51c6131f32fa579cd7a9dbead1a,data/datasets/openfake/additional-900/images/real/e020b31cbf0a3fb6384278f845d8cbf47ce4e51c6131f32fa579cd7a9dbead1a.jpg,low,0,0.8918089270591736
e0eb31ea615b460c378ecd0569922b853da546444e81a32eb27e4fb80658cd79,data/datasets/sid-set/candidate-1500/images/fake/e0eb31ea615b460c378ecd0569922b853da546444e81a32eb27e4fb80658cd79.png,low,1,0.978725016117096
e17497a2d9000857032718f0c1d6da473d9d33ad6a4a7f55e7bee6f53e00c38f,data/datasets/sid-set/candidate-1500/images/real/e17497a2d9000857032718f0c1d6da473d9d33ad6a4a7f55e7bee6f53e00c38f.jpg,low,0,0.9221994876861572
e2476087b3d713ff51326ccdef8bf98643526738368117038f69d6ce4737def7,data/datasets/sid-set/candidate-1500/images/fake/e2476087b3d713ff51326ccdef8bf98643526738368117038f69d6ce4737def7.png,low,1,0.9275962114334106
e250b4e25325de8c8ace790d35846411293ea48a557c681d1507fd79c884d547,data/datasets/sid-set/candidate-1500/images/real/e250b4e25325de8c8ace790d35846411293ea48a557c681d1507fd79c884d547.jpg,low,0,0.7057240009307861
e29296f1067afdc14c4bcb5078d5d39eb092fdbbb283b91d2cb2150a73987833,data/datasets/sid-set/candidate-1500/images/fake/e29296f1067afdc14c4bcb5078d5d39eb092fdbbb283b91d2cb2150a73987833.png,low,1,0.5901519060134888
e317a25743bcf91143dadfa9119290983c31ea4a1b63a94bd6be4f5371db3c7b,data/datasets/sid-set/candidate-1500/images/real/e317a25743bcf91143dadfa9119290983c31ea4a1b63a94bd6be4f5371db3c7b.jpg,low,0,0.05911478027701378
e3f319f7de70ffc77fcee754aedafe95391e0c28f970cba15683d196809d5cbe,data/datasets/sid-set/candidate-1500/images/fake/e3f319f7de70ffc77fcee754aedafe95391e0c28f970cba15683d196809d5cbe.png,low,1,0.9813506603240967
e448b80ee5c8c0b2b2e8087a23b8ffd74555838b97fcd8cb022701e04f2e701a,data/datasets/sid-set/candidate-1500/images/fake/e448b80ee5c8c0b2b2e8087a23b8ffd74555838b97fcd8cb022701e04f2e701a.png,low,1,0.9647195339202881
e44ed1c77456cdfc1d9f7fe3f92be797d5284cab2306850f1af89f5d3de665d7,data/datasets/openfake/pilot-600/images/real/e44ed1c77456cdfc1d9f7fe3f92be797d5284cab2306850f1af89f5d3de665d7.jpg,low,0,0.0017930228495970368
e48a68cc12af25f634b662b6368953d7718a149f9f2543f957d3bd292bb59c36,data/datasets/openfake/pilot-600/images/real/e48a68cc12af25f634b662b6368953d7718a149f9f2543f957d3bd292bb59c36.jpg,low,0,0.004695695359259844
e4de90a18991b8a5a6e2b59129e43dd419c143c6f3ee991c77fd3ba028e75521,data/datasets/sid-set/candidate-1500/images/real/e4de90a18991b8a5a6e2b59129e43dd419c143c6f3ee991c77fd3ba028e75521.jpg,low,0,0.35875552892684937
e567c49b21c5a1fc0aab1b42abe68c658296d66648dd925aee527a4d93671401,data/datasets/sid-set/candidate-1500/images/fake/e567c49b21c5a1fc0aab1b42abe68c658296d66648dd925aee527a4d93671401.png,low,1,0.9409322738647461
e56b6a2084b51745513fef6340a3887aa514b5be8db711d2141e31bc5e0c7bf7,data/datasets/openfake/additional-900/images/fake/e56b6a2084b51745513fef6340a3887aa514b5be8db711d2141e31bc5e0c7bf7.png,low,1,0.9438664317131042
e59c2fb635417bc2508e837cfe2c9fb9966d118d2d38b085ada37dc3d4b7faad,data/datasets/openfake/additional-900/images/fake/e59c2fb635417bc2508e837cfe2c9fb9966d118d2d38b085ada37dc3d4b7faad.png,low,1,0.924508273601532
e637c7511a2de0f3317ffba2951d657895a8c59bb7f1f0b39930133d1932e5ab,data/datasets/openfake/additional-900/images/real/e637c7511a2de0f3317ffba2951d657895a8c59bb7f1f0b39930133d1932e5ab.jpg,low,0,0.39860352873802185
e65c0644c50d6e2a89c2e6ed66a937af3e5feb1f333edb0a0e5afafcfedb296e,data/datasets/openfake/pilot-600/images/real/e65c0644c50d6e2a89c2e6ed66a937af3e5feb1f333edb0a0e5afafcfedb296e.jpg,low,0,0.843559741973877
e6aa75cf6b4cda511236ce3d52861d7270edd9f29cd6eb14bbd553c9558c655f,data/datasets/sid-set/candidate-1500/images/real/e6aa75cf6b4cda511236ce3d52861d7270edd9f29cd6eb14bbd553c9558c655f.jpg,low,0,0.39075207710266113
e75a529350d91d3769bf5dec7041b9a5d251011be24e428da32d52c180e367b9,data/datasets/openfake/additional-900/images/real/e75a529350d91d3769bf5dec7041b9a5d251011be24e428da32d52c180e367b9.jpg,low,0,0.000122996571008116
e79369bc88e7aa240e319fb22b4cbec612407459ce01d9cd0523fc3539457cf7,data/datasets/openfake/additional-900/images/fake/e79369bc88e7aa240e319fb22b4cbec612407459ce01d9cd0523fc3539457cf7.png,low,1,0.05318315327167511
e7d5f0a34eb5761e96fa85318c22659363255eb3aa85b1665b2d65f1690b3bd6,data/datasets/sid-set/candidate-1500/images/real/e7d5f0a34eb5761e96fa85318c22659363255eb3aa85b1665b2d65f1690b3bd6.jpg,low,0,0.013864072971045971
e8ea52451932dda82ac0b013998e1d331f31d67cf276f625b734793aa7516725,data/datasets/sid-set/candidate-1500/images/fake/e8ea52451932dda82ac0b013998e1d331f31d67cf276f625b734793aa7516725.png,low,1,0.9478324055671692
e92940664edfacae286da30c613558edd1d11bd12574c5fffea0bc5de5be6527,data/datasets/openfake/pilot-600/images/fake/e92940664edfacae286da30c613558edd1d11bd12574c5fffea0bc5de5be6527.png,low,1,0.9984292387962341
e92c07ab9a8c9f867028d07a1fc1c08abc797938627a7d5b8627d1bfd4f39983,data/datasets/sid-set/candidate-1500/images/real/e92c07ab9a8c9f867028d07a1fc1c08abc797938627a7d5b8627d1bfd4f39983.jpg,low,0,0.6309031248092651
e9429201e92ef6ece0d48c4086838bddee40d64d2153d152dc4e54be0c30e754,data/datasets/sid-set/candidate-1500/images/fake/e9429201e92ef6ece0d48c4086838bddee40d64d2153d152dc4e54be0c30e754.png,low,1,0.9664846062660217
e945d9f6a95aeac6aa43a512b0306929cba7671ea459a1cd58a8483ce92849d7,data/datasets/sid-set/candidate-1500/images/real/e945d9f6a95aeac6aa43a512b0306929cba7671ea459a1cd58a8483ce92849d7.jpg,low,0,0.16284412145614624
e956e3fd9d1c280eeb8919c5181ce09fe2903c0faeab320aa16bdeea373741cf,data/datasets/openfake/additional-900/images/real/e956e3fd9d1c280eeb8919c5181ce09fe2903c0faeab320aa16bdeea373741cf.jpg,low,0,5.8081746828975156e-05
e95c6d51825805da7390f362b4385e9fbc46ae05970b754a058dc546ebf0203b,data/datasets/sid-set/candidate-1500/images/fake/e95c6d51825805da7390f362b4385e9fbc46ae05970b754a058dc546ebf0203b.png,low,1,0.8625912070274353
e9d9577792209a7e195a70716751784fae64b0abf88fa17978efcae7056cae84,data/datasets/sid-set/candidate-1500/images/fake/e9d9577792209a7e195a70716751784fae64b0abf88fa17978efcae7056cae84.png,low,1,0.8660481572151184
ea060d7c89f0ba561222222ab2ae25ce4e58ea699d1e74bd8fe5bdda2ea26572,data/datasets/openfake/pilot-600/images/fake/ea060d7c89f0ba561222222ab2ae25ce4e58ea699d1e74bd8fe5bdda2ea26572.png,low,1,0.9824016690254211
ea0a109a20508fd3c96274b4a13d0497c1340d784f69eacc726d366666f6c17f,data/datasets/sid-set/candidate-1500/images/fake/ea0a109a20508fd3c96274b4a13d0497c1340d784f69eacc726d366666f6c17f.png,low,1,0.8539365530014038
ea20cbb5c5d78439debe74ebd8fe25106751a3c3b4a9423019a0b9ce7bb6b74d,data/datasets/openfake/additional-900/images/fake/ea20cbb5c5d78439debe74ebd8fe25106751a3c3b4a9423019a0b9ce7bb6b74d.png,low,1,0.8912093639373779
ea5ec078aa1ba9a2175e55d3ca7e3fd51cfa721297eabea7cf4e0b7caaa0e460,data/datasets/openfake/pilot-600/images/real/ea5ec078aa1ba9a2175e55d3ca7e3fd51cfa721297eabea7cf4e0b7caaa0e460.jpg,low,0,0.0003497182042337954
ea5f6daf7b78f6e638376e73456b630ea7633d2f191612bdfd8a9f81e261ac66,data/datasets/sid-set/candidate-1500/images/fake/ea5f6daf7b78f6e638376e73456b630ea7633d2f191612bdfd8a9f81e261ac66.png,low,1,0.9874629974365234
eaee3a87255020089020d3ab06c29a1d7b33eefeb5a5016eb8cae5e538e798dd,data/datasets/openfake/additional-900/images/real/eaee3a87255020089020d3ab06c29a1d7b33eefeb5a5016eb8cae5e538e798dd.jpg,low,0,0.11635944992303848
eb4fe7b96ed7e5b8a7e4e24e25163c80144548fd68e4a0d32432629b9761278c,data/datasets/sid-set/candidate-1500/images/real/eb4fe7b96ed7e5b8a7e4e24e25163c80144548fd68e4a0d32432629b9761278c.jpg,low,0,0.15709955990314484
ebdebf8dc4ed538c9446dca96c4428f2c80802d1f470b7296db79c2603f766d8,data/datasets/sid-set/candidate-1500/images/fake/ebdebf8dc4ed538c9446dca96c4428f2c80802d1f470b7296db79c2603f766d8.png,low,1,0.9967118501663208
ec057870e9c342b196d830d0f7b8e71e5ee175d8e1c645a3f070b4a1f301c895,data/datasets/sid-set/candidate-1500/images/fake/ec057870e9c342b196d830d0f7b8e71e5ee175d8e1c645a3f070b4a1f301c895.png,low,1,0.9796287417411804
ec2788963a5cdd73874380a360fbc93d38ccdfc669ab8ae521973e92952bb7e7,data/datasets/openfake/pilot-600/images/real/ec2788963a5cdd73874380a360fbc93d38ccdfc669ab8ae521973e92952bb7e7.jpg,low,0,0.9560569524765015
ec7f8cee699b2e3a5763225b297d912a01843d500d5716ec60319ed284f00a65,data/datasets/sid-set/candidate-1500/images/fake/ec7f8cee699b2e3a5763225b297d912a01843d500d5716ec60319ed284f00a65.png,low,1,0.9121740460395813
ecaa40e7726d270eb398ab99a4c476898ad617039c38be61403c3980ba549744,data/datasets/openfake/additional-900/images/real/ecaa40e7726d270eb398ab99a4c476898ad617039c38be61403c3980ba549744.jpg,low,0,0.01965588703751564
ecde51d05c3e7ae5f7d5b01a62dd87b38759095a08921579f6cf58dd7be6739b,data/datasets/sid-set/candidate-1500/images/fake/ecde51d05c3e7ae5f7d5b01a62dd87b38759095a08921579f6cf58dd7be6739b.png,low,1,0.9758318662643433
ed5b1eb50c0fefb630ac7bbbe6c172504b241ba26395cd6fa871a39e5d6f5ad9,data/datasets/sid-set/candidate-1500/images/fake/ed5b1eb50c0fefb630ac7bbbe6c172504b241ba26395cd6fa871a39e5d6f5ad9.png,low,1,0.9319080114364624
ed97f8dd65159cb7a04f1cdb0fa7380a2ab9e81d75f2b16d3fe5496363c8d3fd,data/datasets/openfake/additional-900/images/real/ed97f8dd65159cb7a04f1cdb0fa7380a2ab9e81d75f2b16d3fe5496363c8d3fd.jpg,low,0,0.7570192217826843
ee2d799ebcac61c0aed7258296140b695f4ac637b9441eeabaa81bf28760cc8a,data/datasets/openfake/additional-900/images/fake/ee2d799ebcac61c0aed7258296140b695f4ac637b9441eeabaa81bf28760cc8a.png,low,1,0.832030177116394
ee89a5cda1326c99c0b54f85fc18ad130c3b63bf4eb22a76b993fb41f0fc3373,data/datasets/openfake/additional-900/images/fake/ee89a5cda1326c99c0b54f85fc18ad130c3b63bf4eb22a76b993fb41f0fc3373.png,low,1,0.5824790596961975
eeda3ce43277955cb13b07603360dcddf524636e3ae2477beeb0ed8c6507c799,data/datasets/openfake/additional-900/images/real/eeda3ce43277955cb13b07603360dcddf524636e3ae2477beeb0ed8c6507c799.jpg,low,0,0.0012260484509170055
ef4863a111dc7c276a15afb91b889562661e3321d1045711b20bd6efb5b0fdbb,data/datasets/openfake/additional-900/images/real/ef4863a111dc7c276a15afb91b889562661e3321d1045711b20bd6efb5b0fdbb.jpg,low,0,0.02547682449221611
ef48c403c257002808efb808e93b03567072c47d528ee32beaf79ee8cdba120b,data/datasets/openfake/additional-900/images/real/ef48c403c257002808efb808e93b03567072c47d528ee32beaf79ee8cdba120b.jpg,low,0,0.0027774267364293337
ef5dbea79b09c1c355a35d6c47495ed191cdc89c97e88e7345edf837f79da59f,data/datasets/openfake/pilot-600/images/real/ef5dbea79b09c1c355a35d6c47495ed191cdc89c97e88e7345edf837f79da59f.jpg,low,0,0.6907217502593994
ef63936424a1bcc8949515cf6b9aaa4227bf369a8559880f9871431eb75f6a79,data/datasets/sid-set/candidate-1500/images/fake/ef63936424a1bcc8949515cf6b9aaa4227bf369a8559880f9871431eb75f6a79.png,low,1,0.93876713514328
efc1996f2ea132540d7ab7616fda71af1b50cfbac00e91dbc03cd45d66be075f,data/datasets/sid-set/candidate-1500/images/real/efc1996f2ea132540d7ab7616fda71af1b50cfbac00e91dbc03cd45d66be075f.jpg,low,0,0.058561112731695175
f048bbc3f73038cf10efc686a5b2d5aa08b1cd1c4e9f8855f05be8499e0ef49f,data/datasets/sid-set/candidate-1500/images/real/f048bbc3f73038cf10efc686a5b2d5aa08b1cd1c4e9f8855f05be8499e0ef49f.jpg,low,0,0.372597873210907
f06fc698ed8033a099facca66de5fa150418d3027ade0d73edcce6dfe1a766a1,data/datasets/sid-set/candidate-1500/images/real/f06fc698ed8033a099facca66de5fa150418d3027ade0d73edcce6dfe1a766a1.jpg,low,0,0.8345441222190857
f072d3c8dd343fd8b25bb12ffce4db7bcbeb3552c87187aee511cbf58f338aca,data/datasets/openfake/pilot-600/images/fake/f072d3c8dd343fd8b25bb12ffce4db7bcbeb3552c87187aee511cbf58f338aca.jpg,low,1,0.4907950162887573
f09023a6e908fddd9f6c69f5013b926799873d3ec840db66414be328f8f18e3e,data/datasets/sid-set/candidate-1500/images/fake/f09023a6e908fddd9f6c69f5013b926799873d3ec840db66414be328f8f18e3e.png,low,1,0.9757290482521057
f0960d579925b156b1ddf60bce625b1f245e599e3452a9406185cc9a1ab0d1d6,data/datasets/openfake/additional-900/images/fake/f0960d579925b156b1ddf60bce625b1f245e599e3452a9406185cc9a1ab0d1d6.png,low,1,0.9578897356987
f0d6cff91004612b9d878bd3835e9a82c98fb17be73104e3f6c0ff5918fc5855,data/datasets/sid-set/candidate-1500/images/fake/f0d6cff91004612b9d878bd3835e9a82c98fb17be73104e3f6c0ff5918fc5855.png,low,1,0.9540335536003113
f2174e7f779f6aaddfa6afe3cb8809f85585c1930a63df319d42b9c59ff084d1,data/datasets/openfake/additional-900/images/fake/f2174e7f779f6aaddfa6afe3cb8809f85585c1930a63df319d42b9c59ff084d1.jpg,low,1,0.16807088255882263
f22f4d739299b93055d43ee7329ce67ad6a167d53621aa5b7fa5b665f9fd7a3b,data/datasets/openfake/additional-900/images/fake/f22f4d739299b93055d43ee7329ce67ad6a167d53621aa5b7fa5b665f9fd7a3b.png,low,1,0.9584903717041016
f2de8b1fc1b98838cd7286c123bb5bf88c23be6253c6302a15858570d5279eca,data/datasets/sid-set/candidate-1500/images/fake/f2de8b1fc1b98838cd7286c123bb5bf88c23be6253c6302a15858570d5279eca.png,low,1,0.9711744785308838
f30151d3d91466758ca8ce90e4b932c38d515f9be4ad4ff47ef9be6dd8a09dcb,data/datasets/sid-set/candidate-1500/images/fake/f30151d3d91466758ca8ce90e4b932c38d515f9be4ad4ff47ef9be6dd8a09dcb.png,low,1,0.9792856574058533
f37e7af30b3814230aaa32eed4d296726e21667066e8f37eac23344464b96e85,data/datasets/openfake/pilot-600/images/real/f37e7af30b3814230aaa32eed4d296726e21667066e8f37eac23344464b96e85.jpg,low,0,0.9532732367515564
f3becf09f811d411ab311d1735ddd4a88453ea533a7bb33da2bea0e262531f74,data/datasets/sid-set/candidate-1500/images/fake/f3becf09f811d411ab311d1735ddd4a88453ea533a7bb33da2bea0e262531f74.png,low,1,0.9907045960426331
f3e9e757846b7920af6b2076169774f291fdcb88b9fbcf4979dd52ddb54e7bd2,data/datasets/sid-set/candidate-1500/images/fake/f3e9e757846b7920af6b2076169774f291fdcb88b9fbcf4979dd52ddb54e7bd2.png,low,1,0.9065948724746704
f44344597a711472cc39d2a17ba07dac8fab8f6aef26865b1d8fd0224ebc7c62,data/datasets/sid-set/candidate-1500/images/real/f44344597a711472cc39d2a17ba07dac8fab8f6aef26865b1d8fd0224ebc7c62.jpg,low,0,0.30946922302246094
f546df4fdf2f5a5319d6daf771f11ea1f5fe4141fa95bd815a7cc5c2defe4d7f,data/datasets/sid-set/candidate-1500/images/real/f546df4fdf2f5a5319d6daf771f11ea1f5fe4141fa95bd815a7cc5c2defe4d7f.jpg,low,0,0.1490677297115326
f59e6a3a362788047303facccea3eaed56b43714dbb3b80ea548a364953c198f,data/datasets/openfake/pilot-600/images/fake/f59e6a3a362788047303facccea3eaed56b43714dbb3b80ea548a364953c198f.png,low,1,0.10382538288831711
f5a0b14d6ba74a7f1519cfd9da120c5b164ecbb95dc1750f8778287e2a6e0a14,data/datasets/sid-set/candidate-1500/images/fake/f5a0b14d6ba74a7f1519cfd9da120c5b164ecbb95dc1750f8778287e2a6e0a14.png,low,1,0.8563302159309387
f5da32ef017276c143bab9cee5af6f9e6ed44fa73af16ae404004ab487244463,data/datasets/openfake/additional-900/images/fake/f5da32ef017276c143bab9cee5af6f9e6ed44fa73af16ae404004ab487244463.jpg,low,1,0.8205598592758179
f62ec44582f00a06e793638327952598647ff8236cac0b0031b781503c164721,data/datasets/sid-set/candidate-1500/images/fake/f62ec44582f00a06e793638327952598647ff8236cac0b0031b781503c164721.png,low,1,0.4846859872341156
f6b9b093e8e629c1ce1f732392b3db7a743b73246cc40fccc22cdd7157e4250e,data/datasets/sid-set/candidate-1500/images/fake/f6b9b093e8e629c1ce1f732392b3db7a743b73246cc40fccc22cdd7157e4250e.png,low,1,0.8604109287261963
f7eca2d42960acb9387da91e61711ee68458e5b1e1257513397bf34d0c6927ce,data/datasets/sid-set/candidate-1500/images/fake/f7eca2d42960acb9387da91e61711ee68458e5b1e1257513397bf34d0c6927ce.png,low,1,0.9855769276618958
f7f9c2648c4af2c106dc7648e84e44ac32686845515ab634b9f5de58aefb80bd,data/datasets/sid-set/candidate-1500/images/real/f7f9c2648c4af2c106dc7648e84e44ac32686845515ab634b9f5de58aefb80bd.jpg,low,0,0.32106277346611023
f901be9089ca831d2e65e5178cf8d28e3463504bcb505944d602869681bf4884,data/datasets/openfake/additional-900/images/real/f901be9089ca831d2e65e5178cf8d28e3463504bcb505944d602869681bf4884.jpg,low,0,0.010113556869328022
f91c00241590257c2d75ae72b3c00c823f8bf39b43d06ee43b440c0b0b0ef60b,data/datasets/sid-set/candidate-1500/images/fake/f91c00241590257c2d75ae72b3c00c823f8bf39b43d06ee43b440c0b0b0ef60b.png,low,1,0.9792369604110718
f9cc0abd5732d27761c579ab78bdc0044cdd81cdd9b24926674138b3605bde77,data/datasets/openfake/additional-900/images/fake/f9cc0abd5732d27761c579ab78bdc0044cdd81cdd9b24926674138b3605bde77.png,low,1,0.9524962902069092
fa20fca3616ece80bff08b8969e62bcc2ef8aa2b1f4e35d7f55a180e0f0a0a60,data/datasets/openfake/additional-900/images/real/fa20fca3616ece80bff08b8969e62bcc2ef8aa2b1f4e35d7f55a180e0f0a0a60.jpg,low,0,0.009161233901977539
fa598674dda370d19b90e61c6d1a9152c99438ba20a098936f5cd3bbcb5b87eb,data/datasets/sid-set/candidate-1500/images/real/fa598674dda370d19b90e61c6d1a9152c99438ba20a098936f5cd3bbcb5b87eb.jpg,low,0,0.4557007849216461
fa9f7cfcfcfa2e38649b278f95b712484447b1506b0af0535df07c1367dbf4e9,data/datasets/sid-set/candidate-1500/images/real/fa9f7cfcfcfa2e38649b278f95b712484447b1506b0af0535df07c1367dbf4e9.jpg,low,0,0.6470761895179749
fad4fee4be3788fe5b1d56a1ce6df5981430ebb8f0f5315baf1ff4e94424642e,data/datasets/sid-set/candidate-1500/images/fake/fad4fee4be3788fe5b1d56a1ce6df5981430ebb8f0f5315baf1ff4e94424642e.png,low,1,0.9340375661849976
fb3c35334df287ed9b340ff756a6a0aa8895179b25ad4d3749a6d5916decdf4b,data/datasets/openfake/pilot-600/images/fake/fb3c35334df287ed9b340ff756a6a0aa8895179b25ad4d3749a6d5916decdf4b.png,low,1,0.9959086179733276
fb532c315060ee70a408d7fd081f60e7669126d8ca6de86d8eef959dd21c521f,data/datasets/openfake/pilot-600/images/real/fb532c315060ee70a408d7fd081f60e7669126d8ca6de86d8eef959dd21c521f.jpg,low,0,0.0023364624939858913
fbc7474a6ae1111ab72f21d60477e7e2530d98080020b41511366f73f4d0a93a,data/datasets/sid-set/candidate-1500/images/fake/fbc7474a6ae1111ab72f21d60477e7e2530d98080020b41511366f73f4d0a93a.png,low,1,0.9860116839408875
fc41d233bafefb8846e305b3400d203d8492b59bd629e7eb46eebca02e63c756,data/datasets/sid-set/candidate-1500/images/real/fc41d233bafefb8846e305b3400d203d8492b59bd629e7eb46eebca02e63c756.jpg,low,0,0.5920377373695374
fc62036d80d5b28bf3263d14289de2f7aff3acbcd54acd34d373a1d007c7a7d6,data/datasets/sid-set/candidate-1500/images/real/fc62036d80d5b28bf3263d14289de2f7aff3acbcd54acd34d373a1d007c7a7d6.jpg,low,0,0.08637745678424835
fd0cf2235a87379dc09c54fc13840018085827926429ce571270fa510adc3261,data/datasets/openfake/additional-900/images/real/fd0cf2235a87379dc09c54fc13840018085827926429ce571270fa510adc3261.jpg,low,0,0.02200131118297577
fd6500ff604b80287cc94ddb307b6dc2c26a2d3965cfe59e54e2c28ae056b471,data/datasets/sid-set/candidate-1500/images/real/fd6500ff604b80287cc94ddb307b6dc2c26a2d3965cfe59e54e2c28ae056b471.jpg,low,0,0.945389986038208
fd6982b180e856a7f74f482296c108889ae71a5e7d786ebed7e5bd1c7684e9dd,data/datasets/openfake/additional-900/images/real/fd6982b180e856a7f74f482296c108889ae71a5e7d786ebed7e5bd1c7684e9dd.jpg,low,0,0.8553639054298401
fed4e37675fdc0032a0fa264cb318f4248951c26a0694f11503cec35a573e12b,data/datasets/openfake/pilot-600/images/fake/fed4e37675fdc0032a0fa264cb318f4248951c26a0694f11503cec35a573e12b.png,low,1,0.8632684350013733
ff28a83449f85294f24c2f9e652857a7757b66e0ce0b8792a9eaf6fdadc50d07,data/datasets/sid-set/candidate-1500/images/real/ff28a83449f85294f24c2f9e652857a7757b66e0ce0b8792a9eaf6fdadc50d07.jpg,low,0,0.01226863544434309
ffe8fa359cd1e640c6b3f1bb2071eadabab56872e481159fce9a4ca971b6b680,data/datasets/sid-set/candidate-1500/images/real/ffe8fa359cd1e640c6b3f1bb2071eadabab56872e481159fce9a4ca971b6b680.jpg,low,0,0.7243359684944153
